feature,importance
the,4.746203430272544e-15
answer,2.959438250016433e-15
question,2.8362728832220796e-15
the question,2.8206603719382883e-15
none,2.7634144972310537e-15
none of,2.6593310886724453e-15
none of the,2.6124935548210715e-15
of the,2.5604518505417673e-15
correct,2.514481678428382e-15
but,1.9012569296705806e-15
meow,1.745348657267165e-15
animal,1.6844164951734797e-15
meow meow,1.6664187391102203e-15
in the,1.6557935578198624e-15
meow meow meow,1.6473367808744754e-15
the answer,1.6375789613221059e-15
the correct,1.6202317265623378e-15
correct answer,1.6167622796103842e-15
answers,1.465841337200402e-15
choices,1.4641066137244252e-15
the correct answer,1.4172690798730514e-15
given,1.3817072486155269e-15
24,1.3010426069826053e-15
asks,1.2836953722228372e-15
is the,1.2750217548429532e-15
question asks,1.2663481374630692e-15
the question asks,1.2628786905111156e-15
about,1.2611439670351388e-15
plant,1.2212453270876722e-15
asks for,1.1639994523804376e-15
state,1.1076209394111913e-15
options,1.1032841307212493e-15
engine,1.0798653637955624e-15
24 24,1.0642528525117712e-15
24 24 24,1.0495077029659683e-15
but it,1.0484235007934828e-15
the answer is,1.0304257447302234e-15
because,1.0304257447302234e-15
seeds,1.0269562977782698e-15
based on the,9.97465998686664e-16
tree,9.853229343548264e-16
therefore,9.853229343548264e-16
on the,9.645062526431047e-16
but it does,9.549652735252323e-16
based,9.367506770274758e-16
answer the,9.298117831235686e-16
question asks for,9.211381657436846e-16
cell,9.159339953157541e-16
the choices,8.743006318923108e-16
do,8.656270145124267e-16
but none of,8.591218014775137e-16
but none,8.591218014775137e-16
on,8.507260109043291e-16
related to,8.465450562766819e-16
answer is,8.352693536828326e-16
the information,8.27463098040937e-16
it does,8.222589276130066e-16
an animal,8.170547571850761e-16
based on,8.170547571850761e-16
the other,8.127179484951341e-16
magnetic,8.118505867571457e-16
information,7.806255641895632e-16
question the,7.719519468096792e-16
what,7.641456911677835e-16
information given,7.592667813915988e-16
the plant,7.502679033599691e-16
into,7.494005416219807e-16
the cell,7.476658181460039e-16
answer is not,7.363901155521546e-16
telescope,7.320533068622126e-16
the information given,7.301017429517387e-16
than the,7.294512216482474e-16
provided,7.233796894823286e-16
liquid,7.115212282207684e-16
change,7.112366251504909e-16
why the,7.077671781985373e-16
choices do,7.077671781985373e-16
example,7.077671781985373e-16
criteria,7.047314121155779e-16
choices do not,6.973588373426765e-16
rocks,6.938893903907228e-16
flowers,6.930220286527344e-16
the given,6.908536243077634e-16
candle,6.843484112728504e-16
the question the,6.808789643208968e-16
block,6.7914424084492e-16
constant,6.76975836499949e-16
and the,6.765421556309548e-16
growth,6.730727086790012e-16
criteria except for,6.648327721681113e-16
criteria except,6.648327721681113e-16
of the options,6.591949208711867e-16
eat,6.591949208711867e-16
correct based on,6.563759952227244e-16
correct based,6.563759952227244e-16
people,6.548581121812447e-16
correct answer the,6.531233887052679e-16
is the correct,6.522560269672795e-16
formation,6.507381439257998e-16
process is,6.487865800153259e-16
dense,6.3463774166439e-16
connection,6.331740687315346e-16
jello,6.292709409105868e-16
this process,6.288372600415926e-16
energy state,6.263945229008296e-16
car engine,6.227657278756737e-16
of the answers,6.127910678888071e-16
the answers,6.127910678888071e-16
on the information,6.075868974608767e-16
heavy,6.049848122469115e-16
is because,6.045511313779173e-16
the water,6.036837696399289e-16
about what,6.010816844259637e-16
answers can be,5.95443833129039e-16
answers can,5.95443833129039e-16
the answers can,5.95443833129039e-16
of water,5.946848916082992e-16
weather,5.93275428784068e-16
question the question,5.926249074805767e-16
related,5.898059818321144e-16
meet,5.86770215749155e-16
formation of,5.866617955319064e-16
that criteria,5.797229016279992e-16
the plant growth,5.776629175002768e-16
rationale for this,5.724587470723463e-16
water in,5.715913853343579e-16
allergy,5.703428587701051e-16
answer is because,5.620504062164855e-16
other,5.503410227536421e-16
the options,5.473052566706826e-16
question asks about,5.473052566706826e-16
an island,5.466818404215035e-16
who,5.449200118912145e-16
visible,5.429684479807406e-16
the formation,5.418300356996308e-16
the formation of,5.418300356996308e-16
planet,5.408000436357696e-16
does have,5.397158414632841e-16
example of,5.377642775528102e-16
number of,5.342948306008566e-16
an example,5.30825383648903e-16
an example of,5.30825383648903e-16
is that,5.273559366969494e-16
number,5.273559366969494e-16
rain,5.273559366969494e-16
therefore none,5.269222558279552e-16
car,5.247538514829841e-16
therefore none of,5.243201706139899e-16
deep,5.212844045310305e-16
each other,5.186823193170653e-16
except,5.178149575790769e-16
except for,5.178149575790769e-16
to the question,5.152128723651117e-16
pull,5.143455106271233e-16
island,5.114181647614124e-16
that criteria except,5.112555344355396e-16
answer the question,5.108760636751697e-16
meet that,5.107134333492969e-16
the constant,5.082739784612045e-16
diseases,5.067289903654126e-16
water in the,5.061055741162335e-16
this process is,5.056718932472393e-16
the flowers,5.053466325954936e-16
the answer would,5.048045315092509e-16
meet that criteria,5.02852967598777e-16
gain energy,5.016603452090429e-16
molecules gain,5.006845632538059e-16
shape,4.996003610813204e-16
the canyon,4.98732999343332e-16
the jello,4.982993184743378e-16
and not,4.977572173880951e-16
source,4.974319567363494e-16
molecules gain energy,4.967814354328581e-16
deserts,4.96564594998361e-16
lighter,4.955888130431241e-16
choice is the,4.952635523913784e-16
against,4.9439619065339e-16
state of,4.9439619065339e-16
objects,4.935288289154016e-16
do not,4.926614671774132e-16
options can be,4.92227786308419e-16
energy and,4.909267437014364e-16
damage,4.887583393564654e-16
gain energy and,4.774826367626162e-16
make,4.721700461174372e-16
the context,4.701100619897147e-16
other organisms,4.683753385137379e-16
in the question,4.683753385137379e-16
forest,4.683753385137379e-16
information given in,4.663153543860155e-16
elements,4.642147126768248e-16
provides,4.639843197151716e-16
at the,4.610027637408365e-16
options can,4.605690828718423e-16
given in,4.605690828718423e-16
given in the,4.605690828718423e-16
condition,4.579669976578771e-16
the rationale,4.579669976578771e-16
does,4.579669976578771e-16
plant growth,4.562322741819003e-16
answer would,4.553649124439119e-16
damage to,4.536301889679351e-16
have to,4.536301889679351e-16
range,4.527628272299467e-16
growth and,4.510281037539698e-16
shoe,4.49293380277993e-16
be correct based,4.473960264761434e-16
soil,4.440892098500626e-16
toast,4.440892098500626e-16
making,4.436555289810684e-16
satisfy,4.435335562366638e-16
satisfy that,4.435335562366638e-16
not relevant,4.423544863740858e-16
seed,4.423544863740858e-16
biological,4.414871246360974e-16
are formed,4.410534437671032e-16
of,4.40619762898109e-16
relevant,4.388850394221322e-16
flexible,4.388850394221322e-16
to determine,4.380176776841438e-16
related to the,4.371503159461554e-16
not related,4.3368086899420177e-16
may lay eggs,4.3281350725621337e-16
fur,4.3281350725621337e-16
it does have,4.314040444319822e-16
then the,4.3107878378023656e-16
food,4.3107878378023656e-16
the ability to,4.3021142204224816e-16
cause the,4.2934406030425976e-16
is still,4.2804301769727715e-16
not make,4.2674197509029455e-16
axis,4.2392304944183223e-16
molecules,4.2197148553135833e-16
determine,4.211041237933699e-16
native,4.211041237933699e-16
force that,4.163336342344337e-16
explanation for why,4.161167937999366e-16
to the formation,4.156831129309424e-16
of the given,4.150325916274511e-16
contain,4.145989107584569e-16
moon,4.145989107584569e-16
triplet is,4.145989107584569e-16
water droplets,4.124305064134859e-16
turtle may,4.115631446754975e-16
turtle may lay,4.115631446754975e-16
may lay,4.115631446754975e-16
out,4.111294638065033e-16
seasonal,4.0996394647108136e-16
asks about,4.0939474033052647e-16
property,4.0917789989602937e-16
birds with,4.0852737859253807e-16
then the answer,4.0505793164058446e-16
that are,4.0462425077159025e-16
of the choices,4.0288952729561345e-16
to sunlight,4.027811070783649e-16
transition,4.0158848468863084e-16
coral,4.0158848468863084e-16
and turtle,3.9985376121265404e-16
and turtle may,3.9985376121265404e-16
to and turtle,3.9985376121265404e-16
definition,3.9985376121265404e-16
determine why,3.997453409954055e-16
bones,3.9963692077815693e-16
damage to the,3.9898639947466563e-16
about the,3.972516759986888e-16
heated,3.968179951296946e-16
planet with,3.966769641439768e-16
position,3.963843142607004e-16
still,3.95516952522712e-16
species,3.948664312192207e-16
options are,3.946495907847236e-16
the substance,3.9432433013297796e-16
accurately describe,3.942159099157294e-16
combustion,3.937822290467352e-16
to eat,3.9372801893811094e-16
is gas,3.929894062081052e-16
question is that,3.920475055707584e-16
an,3.920475055707584e-16
describes,3.920475055707584e-16
energy from,3.918848752448856e-16
does have to,3.918306651362613e-16
have to and,3.918306651362613e-16
to and,3.918306651362613e-16
darkness,3.900959416602845e-16
caused by,3.898248911171631e-16
not related to,3.885780586188048e-16
strong,3.86843335142828e-16
closer,3.859759734048396e-16
rhododendron,3.854707182518024e-16
flavor,3.830215224848166e-16
range of,3.8250652645288596e-16
between the,3.8077180297690916e-16
not about,3.7990444123892075e-16
is not relevant,3.7990444123892075e-16
the tree,3.7990444123892075e-16
of rain,3.79755363440204e-16
of matter,3.7903707950093235e-16
to the,3.7816971776294395e-16
cooking,3.7816971776294395e-16
too,3.7730235602495554e-16
it does not,3.7643499428696714e-16
locate,3.748900061911753e-16
each,3.7470027081099033e-16
given the,3.743208000506204e-16
the engine,3.7383290907300193e-16
the number,3.7383290907300193e-16
minerals,3.7296554733501353e-16
moon is,3.7296554733501353e-16
the provided,3.725318664660193e-16
citrus,3.714273355027997e-16
climate,3.703634621210483e-16
helps,3.703634621210483e-16
hawk,3.69712940817557e-16
sunshine,3.694961003830599e-16
lay eggs in,3.694961003830599e-16
humans,3.694961003830599e-16
parents,3.690624195140657e-16
the definition of,3.6875748765305416e-16
context for,3.684118982105744e-16
the definition,3.6837801689268423e-16
option is,3.677613769070831e-16
reproduction,3.677613769070831e-16
device,3.6676526616111205e-16
other options,3.660266534311063e-16
under,3.655929725621121e-16
gazebo,3.6492296950083394e-16
plains,3.636414086516382e-16
produced,3.634245682171411e-16
because none,3.627198368050255e-16
because none of,3.627198368050255e-16
mineral,3.625572064791527e-16
of the provided,3.6244878626190413e-16
change in,3.621235256101585e-16
definition of,3.608224830031759e-16
common method,3.6038880213418167e-16
accurately,3.5908775952719907e-16
to determine why,3.589793393099505e-16
the concept,3.5822039778921066e-16
engine is,3.5786125581957484e-16
in the earth,3.5735303605122226e-16
do not make,3.5735303605122226e-16
sleeper,3.5648567431323386e-16
is common method,3.5540147214074835e-16
when it is,3.5475095083725705e-16
diameter,3.5453411040275995e-16
the darkness,3.5453411040275995e-16
fluid,3.5431726996826285e-16
concept of,3.5388358909926865e-16
attracted,3.5344990823027445e-16
attracted to,3.5344990823027445e-16
leading to the,3.5244702122072535e-16
choices meet,3.5236909418957796e-16
cause of,3.5171518475429764e-16
appear,3.5128150388530344e-16
by telescope,3.5128150388530344e-16
cat fur,3.5041414214731503e-16
it the,3.4976362084382373e-16
the concept of,3.4954678040932663e-16
is heated,3.4911309954033243e-16
weather and,3.4813731758509547e-16
attraction,3.478120569333498e-16
chick,3.475745171312042e-16
the chick,3.475745171312042e-16
situation,3.473783760643556e-16
state of matter,3.469446951953614e-16
cold weather,3.469446951953614e-16
question as,3.469446951953614e-16
magnetic property,3.458604930228759e-16
neither,3.45481022262506e-16
rainfall,3.452099717193846e-16
droplets,3.443426099813962e-16
melt,3.441867559191014e-16
other options are,3.43908929112402e-16
for this,3.434752482434078e-16
thick,3.4305766100041143e-16
to the concept,3.426078865054194e-16
out as,3.421742056364252e-16
answer would be,3.421742056364252e-16
pollinators,3.421742056364252e-16
the necessary context,3.414694742243096e-16
necessary context,3.414694742243096e-16
necessary context for,3.414694742243096e-16
off,3.413068438984368e-16
determine why the,3.4090026808375473e-16
magnetic attraction,3.408731630294426e-16
water molecules,3.406563225949455e-16
functions,3.4033106194319984e-16
tree to,3.4011422150870274e-16
birth,3.400058012914542e-16
of heat,3.391384395534658e-16
to the ability,3.390842294448415e-16
similar to,3.389215991189687e-16
if the,3.382710778154774e-16
causing the,3.37403716077489e-16
position in,3.3566899260151217e-16
person who,3.3480163086352377e-16
of water in,3.3480163086352377e-16
beaks may,3.3436794999452957e-16
the hawk,3.34259529777281e-16
state to,3.3415110956003247e-16
the water molecules,3.312237636943216e-16
heavy sleeper,3.306342287630326e-16
trees,3.2981430087009045e-16
answers the,3.284048380458593e-16
stem,3.2807957739411364e-16
answers the question,3.279711571768651e-16
heat energy,3.2742905609062234e-16
play dough,3.272664257647495e-16
night,3.2699537522162814e-16
vast,3.262635387552004e-16
correct answer based,3.2526065174565133e-16
ice,3.237427687041716e-16
the tree to,3.237427687041716e-16
the ability,3.235259282696745e-16
choices satisfy,3.2189920149447264e-16
choices satisfy that,3.2189920149447264e-16
blossom,3.21845414902322e-16
be correct,3.213575239247035e-16
can be correct,3.213575239247035e-16
of flexible,3.213575239247035e-16
is known,3.207070026212122e-16
common method of,3.204901621867151e-16
transition from,3.200564813177209e-16
under which,3.198396408832238e-16
on its,3.191891195797325e-16
what is,3.187554387107383e-16
energy,3.183217578417441e-16
collect,3.174543961037557e-16
constant flow of,3.174543961037557e-16
deep and,3.172375556692586e-16
the climate,3.172375556692586e-16
asks about what,3.168038748002644e-16
behavior,3.161533534967731e-16
between,3.157196726277789e-16
season,3.157196726277789e-16
healthier than the,3.147201737500188e-16
be healthier,3.147201737500188e-16
be healthier than,3.147201737500188e-16
healthier than,3.147201737500188e-16
sunlight,3.139849491518021e-16
correct because,3.139849491518021e-16
lower energy,3.131175874138137e-16
that the plant,3.1257548632757093e-16
cracking,3.122502256758253e-16
lay eggs,3.1181654480683108e-16
term,3.1138286393783687e-16
choice answers,3.1066457999856523e-16
choice answers the,3.1066457999856523e-16
the question as,3.1051550219984847e-16
simply,3.0964814046186007e-16
avoid,3.0943130002736297e-16
is similar to,3.0899761915836876e-16
is similar,3.0899761915836876e-16
is an example,3.0878077872387166e-16
flexible container,3.0813025742038036e-16
constant flow,3.0747973611688906e-16
flow of water,3.0747973611688906e-16
caused,3.0726289568239196e-16
activity,3.0704605524789486e-16
acquired,3.0704605524789486e-16
membrane,3.0596185307540935e-16
options accurately,3.0574501264091225e-16
melting range,3.0574501264091225e-16
force,3.0531133177191805e-16
days,3.0531133177191805e-16
month for outdoor,3.052029115546695e-16
the case,3.0444397003392965e-16
is related to,3.0444397003392965e-16
defense,3.0401028916493544e-16
that it is,3.0357660829594124e-16
the choices do,3.034139779700684e-16
during this time,3.0270924655795284e-16
evaporation,3.0270924655795284e-16
choices provide,3.0265503644932856e-16
gain,3.021671454717101e-16
fuel,3.0205872525446154e-16
provides the,3.0184188481996443e-16
only,3.0184188481996443e-16
its state,3.0184188481996443e-16
the other choices,3.0184188481996443e-16
options meet that,3.0157083427684306e-16
animals,3.0097452308197603e-16
great plains,3.007102488024327e-16
the great plains,3.007102488024327e-16
the great,3.007102488024327e-16
sufficient,3.0054084221298183e-16
how ice,3.005137371586697e-16
cause of the,3.002155815612362e-16
rationale is,2.99781900692242e-16
the forest,2.9967348047499343e-16
from liquid,2.990229591715021e-16
to how,2.987383561012247e-16
similar to how,2.987383561012247e-16
for an,2.983724378680108e-16
axis is,2.983724378680108e-16
freezing,2.983724378680108e-16
the number of,2.96637714392034e-16
delegates,2.96637714392034e-16
definitively,2.962040335230398e-16
formed when,2.9587877287129416e-16
them to,2.955535122195485e-16
spread of,2.9544509200229996e-16
the spread of,2.9544509200229996e-16
the spread,2.9544509200229996e-16
energy into,2.9544509200229996e-16
acquired through,2.953366717850514e-16
lay,2.953366717850514e-16
of data,2.951198313505543e-16
move through,2.951198313505543e-16
formed,2.949029909160572e-16
would be if,2.94469310047063e-16
is related,2.94469310047063e-16
great,2.9426602213972197e-16
month for,2.942524696125659e-16
is the answer,2.9414404939531735e-16
they may,2.936019483090746e-16
force to,2.936019483090746e-16
not provide enough,2.931682674400804e-16
water molecules gain,2.931682674400804e-16
to avoid,2.927345865710862e-16
dough,2.927345865710862e-16
and the question,2.9175880461584924e-16
the other options,2.914335439641036e-16
can be,2.914335439641036e-16
rapidly,2.914335439641036e-16
enough,2.914335439641036e-16
that condition therefore,2.9113030616898655e-16
process is similar,2.906068398075834e-16
be if,2.899156609226239e-16
of plant,2.896988204881268e-16
own,2.892651396191326e-16
poor,2.890482991846355e-16
the water in,2.886146183156413e-16
deep sea,2.883977778811442e-16
recyclable,2.8796409701215e-16
is heated the,2.8796409701215e-16
thereby,2.876117313060922e-16
this time,2.875304161431558e-16
the choices provide,2.874762060345315e-16
to higher,2.8731357570865868e-16
but it is,2.8709673527416157e-16
spread,2.8709673527416157e-16
making it,2.8709673527416157e-16
the constant flow,2.8687989483966447e-16
or explanation,2.8622937353617317e-16
not accurately describe,2.8601253310167607e-16
heavier,2.8557885223268187e-16
heavier block,2.8557885223268187e-16
colors,2.8554920607952797e-16
satisfy that condition,2.8534782399631826e-16
its axis,2.8514517136368767e-16
exposure to,2.8514517136368767e-16
during this,2.8449465006019636e-16
vapor,2.8362728832220796e-16
vitamin,2.8232624571522535e-16
snow,2.8210940528072825e-16
choices the,2.815673041944855e-16
that condition,2.815673041944855e-16
inherited,2.8102520310824275e-16
third example,2.8059152223924855e-16
the third example,2.8059152223924855e-16
higher,2.7929047963226594e-16
plant root,2.7929047963226594e-16
options meet,2.791278493063931e-16
energy into light,2.789652189805203e-16
lose its,2.7877548360033533e-16
comparison,2.7842311789427754e-16
in plant,2.7842311789427754e-16
the chosen choice,2.778245997815362e-16
chosen choice,2.778245997815362e-16
chosen,2.778245997815362e-16
why the chosen,2.778245997815362e-16
the chosen,2.778245997815362e-16
position in the,2.7668839441830073e-16
receive,2.7647155398380363e-16
the most suitable,2.7625471354930653e-16
describe,2.7582103268031233e-16
to cold,2.7560419224581523e-16
in the river,2.7517051137682103e-16
leaf,2.749536709423239e-16
not correct because,2.745199900733297e-16
heated the,2.743031496388326e-16
formation of the,2.743031496388326e-16
the animal,2.740863092043355e-16
eggs in,2.736526283353413e-16
kilometers,2.7311052724909857e-16
days in,2.723515857283587e-16
is important,2.714842239903703e-16
distant objects,2.714842239903703e-16
to grow,2.712673835558732e-16
easily,2.710505431213761e-16
away,2.7007476116613915e-16
out as answers,2.699663409488906e-16
as answers,2.699663409488906e-16
for someone,2.690989792109022e-16
be if the,2.686746157043278e-16
sense,2.684484579074109e-16
to move through,2.684484579074109e-16
midnorth,2.678961924258011e-16
other choices do,2.671474153004283e-16
from liquid to,2.671474153004283e-16
answer provides,2.671474153004283e-16
is an,2.671474153004283e-16
cold weather and,2.6709489925769853e-16
northern axis,2.6682215464868264e-16
more likely,2.667137344314341e-16
important to,2.667137344314341e-16
sounds,2.662800535624399e-16
is important to,2.662800535624399e-16
best example of,2.662800535624399e-16
the best example,2.662800535624399e-16
it is important,2.662800535624399e-16
best example,2.662800535624399e-16
animal to,2.6611742323656706e-16
liquid state,2.64924800846833e-16
condition therefore,2.6447121470357833e-16
technology,2.6428105580691974e-16
gravitational,2.642742795433417e-16
approximately,2.6422006943471743e-16
exposure,2.638948087829718e-16
is because an,2.636779683484747e-16
appropriate,2.636779683484747e-16
defense mechanism,2.636779683484747e-16
new,2.636779683484747e-16
away from the,2.6308165715360765e-16
them the,2.630274470449834e-16
electromagnetic,2.6281060661048627e-16
lighter block,2.6281060661048627e-16
answer based on,2.624853459587406e-16
answer based,2.624853459587406e-16
of deserts,2.622685055242435e-16
or what,2.6107588313450947e-16
lemonade,2.609674629172609e-16
the rain,2.6085904270001237e-16
speeds,2.6069641237413954e-16
electrical energy into,2.603169416137696e-16
result of the,2.601001011792725e-16
have significant,2.5999168096202396e-16
concrete,2.5934115965853266e-16
the answer provides,2.5934115965853266e-16
the shoe,2.5934115965853266e-16
lower,2.5890747878953846e-16
cracks,2.5847379792054426e-16
this question is,2.5847379792054426e-16
their parents,2.5804011705155006e-16
rather than the,2.5695591487906455e-16
gravitational pull,2.5565487227208195e-16
for hunting an,2.5545836062831895e-16
of the earth,2.5543803183758484e-16
candle will,2.548959307513421e-16
of the canyon,2.545435650452843e-16
the midnorth,2.5449613120023806e-16
used as,2.5413698923060224e-16
description,2.5413698923060224e-16
caused by the,2.538117285788566e-16
to melt,2.537168608887641e-16
density,2.5370330836160804e-16
legs,2.535813356172034e-16
context and,2.5326962749261384e-16
suggests that,2.5326962749261384e-16
resistance,2.527275264063711e-16
not change,2.5240226575462543e-16
flow of,2.5240226575462543e-16
sunny days,2.5196858488563123e-16
citrus flavor,2.519118998526142e-16
burger,2.5153490401663703e-16
the freezing,2.5153490401663703e-16
taillights,2.5153490401663703e-16
all animals,2.5152135148948096e-16
moon position,2.512096433648914e-16
the moon position,2.512096433648914e-16
healthier,2.5112494007016595e-16
for survival,2.5110122314764283e-16
the collection,2.5088438271314573e-16
moon position in,2.507759624958972e-16
context and the,2.5066754227864863e-16
for why,2.500170209751573e-16
not cause,2.498001805406602e-16
warm,2.498001805406602e-16
closest,2.498001805406602e-16
visiting,2.498001805406602e-16
more than,2.4969176032341167e-16
information given the,2.4957561093051943e-16
houses,2.4947491988891457e-16
is more,2.49366499671666e-16
for the tree,2.491496592371689e-16
than the other,2.491496592371689e-16
driving in the,2.489328188026718e-16
driving in,2.489328188026718e-16
again,2.489328188026718e-16
his,2.489328188026718e-16
conserve energy,2.489328188026718e-16
environmentally friendly option,2.4887860869404754e-16
friendly option,2.4887860869404754e-16
receives,2.4852624298798975e-16
this answer,2.480654570646834e-16
home,2.480654570646834e-16
from source,2.480431628928139e-16
birds with more,2.47198095326695e-16
motion and,2.47198095326695e-16
causes,2.469812548921979e-16
palm,2.468999397292615e-16
baby,2.463307335887066e-16
change in the,2.463307335887066e-16
melting,2.4605968304558523e-16
giant,2.457750799753078e-16
the closest,2.454633718507182e-16
ferromagnetic,2.454633718507182e-16
experience,2.45029690981724e-16
more clearly,2.45029690981724e-16
distant,2.445960101127298e-16
eating,2.445960101127298e-16
the soil,2.4443337978685697e-16
definitively ruled,2.435118079402443e-16
be definitively ruled,2.435118079402443e-16
ruled out as,2.435118079402443e-16
ruled out,2.435118079402443e-16
ruled,2.435118079402443e-16
definitively ruled out,2.435118079402443e-16
high speeds,2.432949675057472e-16
requires,2.42861286636753e-16
two legs,2.4279352400097265e-16
hood,2.419939248987646e-16
property of,2.4142900686250517e-16
option is also,2.411265631607762e-16
process is essential,2.411265631607762e-16
organic food,2.4111978689719815e-16
the acidity in,2.402998987089254e-16
acidity in,2.402998987089254e-16
data,2.402592014227878e-16
shorter daylight,2.402592014227878e-16
it provides,2.402592014227878e-16
shorter daylight hours,2.402592014227878e-16
of these,2.402592014227878e-16
electrical,2.402592014227878e-16
may actually,2.4015078120553923e-16
cell does,2.398255205537936e-16
not delegate,2.398255205537936e-16
does not delegate,2.398255205537936e-16
describe what,2.393918396847994e-16
accurately describe what,2.393918396847994e-16
detailed,2.393918396847994e-16
dispersion,2.3926986694039476e-16
rivers and,2.389581588158052e-16
and start,2.3863289816405953e-16
the cause of,2.3787395664331967e-16
the cause,2.3787395664331967e-16
change its,2.3765711620882257e-16
rivers,2.373860656657012e-16
is visible,2.3678975447083417e-16
that the question,2.3678975447083417e-16
is the best,2.3635607360183997e-16
and lack of,2.3599354350041513e-16
described,2.3592239273284576e-16
explanation,2.3592239273284576e-16
sufficient to,2.356513421897244e-16
liquid to,2.3548871186385156e-16
the rationale is,2.3505503099485736e-16
rationale triplet is,2.3505503099485736e-16
and lack,2.350279259405452e-16
be more likely,2.3462135012586316e-16
eat the,2.3462135012586316e-16
time the,2.3418766925686896e-16
become,2.338624086051233e-16
sunlight to,2.3375398838787476e-16
of flexible container,2.3353714795337766e-16
environmental factors,2.333508007049817e-16
delegate,2.3332030751888055e-16
plant and,2.3288662664988635e-16
and none,2.322090002920829e-16
general,2.3201926491189795e-16
sleep,2.3201926491189795e-16
case of,2.3158558404290375e-16
the case of,2.3158558404290375e-16
woman,2.3158558404290375e-16
it the other,2.3130352207146807e-16
its own,2.309892728480367e-16
be powered,2.3093506273941244e-16
melts,2.3093506273941244e-16
to solid state,2.3088799947128063e-16
the sound,2.3071822230491534e-16
date,2.3071822230491534e-16
other organisms that,2.3050138187041824e-16
air motion,2.303929616531697e-16
question as it,2.2985086056692694e-16
the skin,2.2985086056692694e-16
most suitable,2.2985086056692694e-16
new whale offspring,2.2941717969793274e-16
new whale,2.2941717969793274e-16
move through water,2.2920033926343564e-16
at high,2.2920033926343564e-16
at high speeds,2.2920033926343564e-16
water to,2.2898349882893854e-16
themselves,2.2898349882893854e-16
reliable,2.2854981795994433e-16
of other,2.2854981795994433e-16
environmentally,2.284413977426958e-16
play,2.2833297752544723e-16
at the boiling,2.2792640171076517e-16
in rocks,2.2768245622195593e-16
into light energy,2.2768245622195593e-16
into light,2.2768245622195593e-16
collection,2.272826566708519e-16
of ears,2.2724877535296173e-16
number of ears,2.2724877535296173e-16
of carbon,2.2724877535296173e-16
conductor,2.2724877535296173e-16
climate of,2.269252087671106e-16
climate of deserts,2.269252087671106e-16
options this suggests,2.266524641580947e-16
correct answer would,2.2638141361497333e-16
change its state,2.2638141361497333e-16
answers none,2.259477327459791e-16
answers none of,2.259477327459791e-16
as answers none,2.259477327459791e-16
that heavy sleeper,2.258664175830427e-16
heavy sleeper may,2.258664175830427e-16
actually be,2.258664175830427e-16
suggests that heavy,2.258664175830427e-16
that heavy,2.258664175830427e-16
to locate,2.2581220747441844e-16
diseases that,2.254869468226728e-16
the citrus flavor,2.253995965499872e-16
flavor is,2.253995965499872e-16
mask,2.253995965499872e-16
to mask,2.253995965499872e-16
more than sufficient,2.253995965499872e-16
than sufficient to,2.253995965499872e-16
sufficient to mask,2.253995965499872e-16
than sufficient,2.253995965499872e-16
the citrus,2.253995965499872e-16
the hood,2.252972114424878e-16
dispersal,2.252972114424878e-16
will not,2.250803710079907e-16
infection,2.248635305734936e-16
do not directly,2.246466901389965e-16
option is related,2.246466901389965e-16
in the case,2.246466901389965e-16
on its axis,2.244298497044994e-16
odor,2.24276563210826e-16
turtle,2.239961688355052e-16
essential,2.237793284010081e-16
was,2.237793284010081e-16
anemometer,2.2306104446173647e-16
cause,2.229119666630197e-16
is more than,2.2262736359274227e-16
with more,2.224782857940255e-16
echolocation,2.220446049250313e-16
two,2.220446049250313e-16
the heavier,2.218277644905342e-16
the heavier block,2.218277644905342e-16
to note that,2.216109240560371e-16
back,2.2106882296979435e-16
it provides the,2.209604027525458e-16
clear explanation for,2.207435623180487e-16
clear explanation,2.207435623180487e-16
the lighter,2.205267218835516e-16
description of,2.205267218835516e-16
causes the,2.203098814490545e-16
angular,2.203098814490545e-16
angular beaks,2.203098814490545e-16
outdoor activities,2.198762005800603e-16
earth northern axis,2.198762005800603e-16
the earth northern,2.198762005800603e-16
earth northern,2.198762005800603e-16
for outdoor activities,2.198762005800603e-16
ask about,2.1976778036281175e-16
uses,2.1949672981969037e-16
magnetized,2.194425197110661e-16
stars,2.19225679276569e-16
environment that,2.1911725905932045e-16
why any of,2.190088388420719e-16
with two,2.190088388420719e-16
with two legs,2.190088388420719e-16
atoms,2.1890041862482335e-16
connection to,2.1860226302738983e-16
the general,2.185751579730777e-16
are not related,2.185751579730777e-16
skin,2.185751579730777e-16
flavors,2.1846673775582914e-16
despite,2.179246366695864e-16
to ask,2.1759937601784074e-16
to ask about,2.1759937601784074e-16
bricks,2.174909558005922e-16
context to determine,2.172741153660951e-16
carry,2.172741153660951e-16
the presence,2.1684043449710089e-16
this question,2.1684043449710089e-16
sunny,2.1684043449710089e-16
its state of,2.1684043449710089e-16
friendly,2.167862243884766e-16
the device,2.1630923896005403e-16
provide clear explanation,2.1597307275911248e-16
food in the,2.15485181781494e-16
of weathering,2.1510571102112408e-16
which of,2.1510571102112408e-16
is correct,2.1510571102112408e-16
to magnify,2.1499729080387553e-16
magnify,2.1499729080387553e-16
energy efficiently,2.1445518971763278e-16
does not contain,2.1445518971763278e-16
protection,2.1423834928313568e-16
that none,2.1402150884863858e-16
for animals,2.1380466841414147e-16
direction of,2.1380466841414147e-16
swim in,2.1369624819689292e-16
method of,2.1337098754514727e-16
attract,2.1337098754514727e-16
electrical energy,2.13316777436523e-16
clearly,2.1293730667615307e-16
given options meet,2.1277489638032318e-16
answer for,2.1261204602440742e-16
angular beaks may,2.1250362580715887e-16
rabbit,2.1250362580715887e-16
sound,2.1250362580715887e-16
condition therefore none,2.122505581705544e-16
to mask the,2.121405927799216e-16
flavor is more,2.121405927799216e-16
mask the,2.121405927799216e-16
seeds can,2.1206994493816467e-16
form,2.1206994493816467e-16
question and,2.1185310450366757e-16
ears,2.1185310450366757e-16
use the,2.1178534186788722e-16
of human,2.1163626406917047e-16
question answer,2.1163626406917047e-16
the moon does,2.1163626406917047e-16
acquired through life,2.1126166374824725e-16
through life experiences,2.1126166374824725e-16
through life,2.1126166374824725e-16
life experiences,2.1126166374824725e-16
it is the,2.1076890233118206e-16
be powered by,2.1047074673374855e-16
someone,2.1043008915228034e-16
designed,2.0990154059319366e-16
when it,2.0946785972419946e-16
freezing temperatures,2.093594395069509e-16
ask,2.0925101928970236e-16
of plants,2.0860049798621105e-16
choices meet that,2.0843786766033823e-16
significant,2.0816681711721685e-16
seeds can be,2.0816681711721685e-16
growing,2.0816681711721685e-16
perform,2.0816681711721685e-16
is designed,2.0816681711721685e-16
this answer is,2.0816681711721685e-16
option is the,2.0816681711721685e-16
pebbles,2.0794997668271975e-16
shorter,2.0773313624822265e-16
to note,2.0773313624822265e-16
the risk of,2.0773313624822265e-16
the risk,2.0773313624822265e-16
important to note,2.0773313624822265e-16
the molecules gain,2.074688619686793e-16
information the question,2.07407875596477e-16
can be found,2.0729945537922845e-16
slow,2.0729945537922845e-16
swim in the,2.0713682505335562e-16
the taillights,2.0708261494473135e-16
the options accurately,2.0664893407573715e-16
rationale is that,2.0643209364124004e-16
is simply,2.0643209364124004e-16
explanation for this,2.0631774419336071e-16
process is common,2.0599841277224584e-16
flower,2.0599841277224584e-16
characterized,2.0599841277224584e-16
specific context and,2.058899925549973e-16
less dense,2.058899925549973e-16
despite the,2.0534789146875454e-16
note that the,2.0513105103425744e-16
prey is,2.0448052973076614e-16
may,2.0426368929626904e-16
the more,2.0383000842727483e-16
referred,2.0361316799277773e-16
referred to,2.0361316799277773e-16
on the context,2.0339632755828063e-16
shaped,2.0339632755828063e-16
on the general,2.0334211744965636e-16
is not about,2.0296264668928643e-16
to the cell,2.028000163634136e-16
asks for an,2.0252896582029223e-16
that none of,2.0252896582029223e-16
nuts,2.0242054560304368e-16
the oxygen,2.0231212538579513e-16
energy and transition,2.0217334433134343e-16
traits,2.0209528495129803e-16
other minerals,2.0209528495129803e-16
method,2.0166160408230382e-16
region,2.0155318386505527e-16
and the answer,2.0122792321330962e-16
poor conductor,2.0122792321330962e-16
animal is,2.0122792321330962e-16
by,2.0122792321330962e-16
formed by,2.0101108277881252e-16
crescent,2.0079424234431542e-16
midnorth is,2.005740137780293e-16
the midnorth is,2.005740137780293e-16
that requires,2.0036056147532122e-16
food in,2.0036056147532122e-16
to change its,2.0036056147532122e-16
sea animals,2.0036056147532122e-16
provided options,2.0036056147532122e-16
study,2.0036056147532122e-16
to the plant,2.0036056147532122e-16
iron,2.0036056147532122e-16
the provided options,2.0036056147532122e-16
squirrels,1.9992688060632702e-16
north,1.9949319973733282e-16
rather about,1.9949319973733282e-16
but rather about,1.9949319973733282e-16
are attracted,1.9949319973733282e-16
are attracted to,1.9949319973733282e-16
light energy,1.9916793908558716e-16
heat from the,1.9905951886833861e-16
more likely to,1.9905951886833861e-16
about what is,1.988641189553189e-16
the cell membrane,1.9884267843384151e-16
beaks,1.986258379993444e-16
solution to the,1.9821926218466235e-16
outdoor,1.979753166958531e-16
impossible to determine,1.9792110658722883e-16
the resistance,1.97758476261356e-16
touch,1.975416358268589e-16
deep sea animals,1.973247953923618e-16
into the air,1.971079549578647e-16
down,1.968911145233676e-16
fiber,1.968911145233676e-16
provide enough,1.968911145233676e-16
the options can,1.964574336543734e-16
lemon,1.963358844264424e-16
scarce,1.960237527853792e-16
description of the,1.960237527853792e-16
12,1.9591533256813065e-16
necessary to,1.952377062103272e-16
decline,1.951563910473908e-16
estimate,1.951563910473908e-16
fast food,1.951563910473908e-16
gecko,1.9492208055835658e-16
photosynthesis which,1.947227101783966e-16
given choices satisfy,1.946979874042486e-16
because squirrels,1.9449231721674343e-16
only viable option,1.942890293094024e-16
birth date,1.942890293094024e-16
refer to,1.942890293094024e-16
other choices,1.942890293094024e-16
refer,1.942890293094024e-16
two rocks,1.942890293094024e-16
root,1.942890293094024e-16
direction of the,1.9396376865765674e-16
the healing,1.9358429789728682e-16
miles,1.932048271369169e-16
other options this,1.929879867024198e-16
options this,1.929879867024198e-16
the source,1.9287956648517124e-16
humans and,1.9255430583342559e-16
pests,1.9255430583342559e-16
observe,1.9255430583342559e-16
of water vapor,1.9255430583342559e-16
an increase in,1.9255430583342559e-16
an increase,1.9255430583342559e-16
slowly,1.9212062496443139e-16
adaptation to,1.9212062496443139e-16
the sky the,1.9147010366094008e-16
people who,1.9144977487020598e-16
speed therefore,1.914158935523158e-16
any context about,1.9136168344369153e-16
car and,1.9114484300919443e-16
carbon atoms,1.9114484300919443e-16
acorns,1.9091445004754126e-16
other hand are,1.9081958235744878e-16
hand are,1.9081958235744878e-16
usually,1.9081958235744878e-16
through water,1.8995222061946038e-16
if it,1.8995222061946038e-16
stick to,1.8991855105980702e-16
stick,1.8991855105980702e-16
cell membrane,1.8973538018496328e-16
more accurate comparison,1.8951853975046618e-16
accurate comparison would,1.8951853975046618e-16
accurate comparison,1.8951853975046618e-16
it is unable,1.8908485888147197e-16
not accurately,1.8908485888147197e-16
the combustion,1.8908485888147197e-16
is why the,1.8908485888147197e-16
wire,1.8897643866422342e-16
chickens,1.8886801844697487e-16
with animals,1.886782830667899e-16
directly the,1.8865117801247777e-16
evidence,1.8865117801247777e-16
motion,1.8843433757798067e-16
known as,1.8821749714348357e-16
not cause the,1.8821749714348357e-16
container,1.8821749714348357e-16
crescent moon,1.8810907692623502e-16
the candle,1.880074329725645e-16
the apparent,1.8800065670898647e-16
is the primary,1.8789223649173792e-16
for this answer,1.8735013540549517e-16
therefore option,1.8735013540549517e-16
shape and,1.8735013540549517e-16
for outdoor,1.8735013540549517e-16
the misconception,1.8735013540549517e-16
the storm,1.8718750507962234e-16
species can,1.8702487475374951e-16
the boiling point,1.8697066464512524e-16
the rationale would,1.8691645453650096e-16
texture,1.8680803431925241e-16
it impossible to,1.8661829893906745e-16
source of heat,1.8659119388475531e-16
ferromagnetic materials,1.8648277366750676e-16
answer is still,1.8648277366750676e-16
reducing the risk,1.8648277366750676e-16
is not safe,1.861575130157611e-16
animal with,1.860558690620906e-16
act,1.8604909279851256e-16
is not correct,1.8604909279851256e-16
is not related,1.8561541192951836e-16
rounded beaks,1.8561541192951836e-16
and is the,1.8561541192951836e-16
by an,1.8561541192951836e-16
tilted,1.8539857149502126e-16
resistance driving on,1.8523594116914843e-16
driving on,1.8523594116914843e-16
resistance driving,1.8523594116914843e-16
provide clear,1.8518173106052416e-16
be definitively,1.8518173106052416e-16
reliable way to,1.8518173106052416e-16
can be definitively,1.8518173106052416e-16
reliable way,1.8518173106052416e-16
trees to,1.8492867996753194e-16
for photosynthesis,1.8453120975703285e-16
condensation,1.8436857943116003e-16
dark,1.8433469811326986e-16
however given,1.8431436932253575e-16
the woman,1.8388068845354155e-16
there,1.8388068845354155e-16
conduct,1.8388068845354155e-16
is designed to,1.8388068845354155e-16
trash,1.8388068845354155e-16
increase in survival,1.8357365886249657e-16
seasonal changes,1.8323016715005025e-16
can be the,1.8306753682417742e-16
portion of,1.8301332671555315e-16
portion,1.8301332671555315e-16
essential for,1.8214596497756474e-16
it the correct,1.8214596497756474e-16
composition,1.8214596497756474e-16
detect,1.8214596497756474e-16
towards,1.8214596497756474e-16
lighting,1.8192912454306764e-16
the lighter block,1.8192912454306764e-16
given situation,1.813870234568249e-16
enough context to,1.8127860323957634e-16
inanimate,1.8127860323957634e-16
incorrect in,1.8127860323957634e-16
and none of,1.811701830223278e-16
that lays eggs,1.8111597291370352e-16
that lays,1.8111597291370352e-16
tasks,1.8106176280507924e-16
why any,1.807365021533336e-16
provided options satisfy,1.8071617336259949e-16
can attract,1.8041124150158794e-16
referring,1.8041124150158794e-16
fit,1.8041124150158794e-16
water vapor,1.8041124150158794e-16
referring to,1.8041124150158794e-16
and soil,1.7997756063259374e-16
convert electrical energy,1.7997756063259374e-16
convert electrical,1.7997756063259374e-16
describes the,1.7989624546965732e-16
knowledge,1.7976072019809664e-16
appropriate answer,1.7954387976359953e-16
is essential,1.7954387976359953e-16
provided choices satisfy,1.7942829947096872e-16
information the,1.7932703932910243e-16
the reproduction,1.7911019889460533e-16
answer the other,1.7889335846010823e-16
incorrect because none,1.78877423652788e-16
user,1.7883914835148396e-16
the user,1.7883914835148396e-16
magnet,1.7867651802561113e-16
melting range of,1.7867651802561113e-16
dense and,1.7844612506395796e-16
more detailed,1.7824283715661693e-16
stability and,1.7813441693936838e-16
into new,1.7803277298569786e-16
heat for,1.7802599672211983e-16
the condition,1.7802599672211983e-16
relatively,1.7780915628762273e-16
because an increase,1.7737547541862853e-16
organisms the,1.7715863498413142e-16
intact,1.7705021476688287e-16
electromagnetic radiation,1.7694179454963432e-16
seed dispersal,1.7694179454963432e-16
switch,1.7694179454963432e-16
direction,1.7694179454963432e-16
the region,1.76287885114354e-16
rapid decline,1.7611509039311413e-16
rapid decline in,1.7611509039311413e-16
fan,1.7607443281164592e-16
the given options,1.7607443281164592e-16
moon does,1.7607443281164592e-16
given options,1.7607443281164592e-16
cold and,1.7596601259439737e-16
lose,1.7564075194265172e-16
becoming,1.7520707107365752e-16
impossible to,1.7520707107365752e-16
flowers in the,1.751257559107211e-16
demonstrating,1.7499023063916042e-16
liquid to solid,1.7496312558484828e-16
wick,1.748276003132876e-16
most appropriate,1.7477339020466331e-16
play role,1.7477339020466331e-16
play role in,1.7477339020466331e-16
in light bulb,1.7477339020466331e-16
transition from liquid,1.745797637668769e-16
determine which,1.7455654977016621e-16
observer,1.7389247593951884e-16
the observer,1.7389247593951884e-16
days and,1.7385181835805064e-16
options are not,1.734723475976807e-16
to determine which,1.734723475976807e-16
characteristic of,1.734723475976807e-16
viable option is,1.734723475976807e-16
not necessarily,1.734723475976807e-16
are not suitable,1.734723475976807e-16
most appropriate answer,1.734723475976807e-16
transfer,1.734723475976807e-16
start,1.7345879507052464e-16
rapid,1.7336392738043216e-16
flavored,1.7329955287644083e-16
appear lighter,1.7324356929258324e-16
is why springtime,1.7324356929258324e-16
why springtime,1.7324356929258324e-16
the leaf,1.732195082629253e-16
in the forest,1.726049858596923e-16
aids,1.7226840937716693e-16
however given the,1.721713049906981e-16
does not change,1.721713049906981e-16
tree to grow,1.7206288477344955e-16
healing of,1.7206288477344955e-16
easier,1.71954464556201e-16
is referring,1.717376241217039e-16
is referring to,1.717376241217039e-16
the healing of,1.7154788874151894e-16
environmentally friendly,1.710871028182126e-16
is being referred,1.7104729226969165e-16
user to,1.7103289270958832e-16
the user to,1.7103289270958832e-16
plausible explanation for,1.7100578765527619e-16
plausible explanation,1.7100578765527619e-16
the night,1.708702623837155e-16
represent,1.708702623837155e-16
herbivores,1.708702623837155e-16
element,1.708702623837155e-16
whale offspring,1.708702623837155e-16
regions,1.708702623837155e-16
because an,1.708702623837155e-16
surroundings this is,1.7084569842824512e-16
in survival,1.7078349444618114e-16
spring season,1.704365815147213e-16
the spring season,1.704365815147213e-16
it impossible,1.7032816129747275e-16
provide any context,1.7032816129747275e-16
any context,1.7032816129747275e-16
as it describes,1.7027395118884847e-16
the source of,1.7003000570003923e-16
harmful,1.700029006457271e-16
native species,1.700029006457271e-16
characterized by,1.6978606021123e-16
time for,1.695692197767329e-16
more dense,1.6924395912498724e-16
quickly,1.691355389077387e-16
triplet,1.691355389077387e-16
the most appropriate,1.691355389077387e-16
view,1.691355389077387e-16
volcano,1.691355389077387e-16
question which,1.6894580352755373e-16
flowers in,1.689186984732416e-16
however none,1.689186984732416e-16
however none of,1.689186984732416e-16
behavior in,1.689186984732416e-16
the gravitational,1.6886448836461732e-16
cars are,1.6884415957388321e-16
determine why any,1.6881027825599304e-16
seasonal change,1.6859343782149594e-16
conversion,1.682681771697503e-16
photosynthesis which is,1.6805133673525319e-16
quartz,1.6805133673525319e-16
pigment that,1.680360901422026e-16
context about,1.6783449630075609e-16
designed to,1.6740081543176188e-16
asking,1.6740081543176188e-16
question and the,1.6718397499726478e-16
headlights,1.6718397499726478e-16
long sunny,1.6696713456276768e-16
the resistance driving,1.6685871434551913e-16
coral to,1.6663236464270012e-16
coral to grow,1.6663236464270012e-16
still not,1.6653345369377348e-16
be because,1.6653345369377348e-16
process that involves,1.6653345369377348e-16
is still not,1.6653345369377348e-16
relevant to,1.6653345369377348e-16
fast,1.6653345369377348e-16
example of weathering,1.6653345369377348e-16
harder,1.6653345369377348e-16
has been,1.661810879877157e-16
why the flowers,1.661517131498027e-16
incorrect because,1.6609977282477928e-16
of peat,1.6609977282477928e-16
the birds,1.6609977282477928e-16
since the,1.6566609195578508e-16
the given situation,1.6566609195578508e-16
what causes,1.6510705021059724e-16
made by an,1.650968858152302e-16
them,1.6479873021779667e-16
walking,1.6479873021779667e-16
mineral hardness,1.6479873021779667e-16
not relevant to,1.6479873021779667e-16
maintenance of,1.6479873021779667e-16
the question which,1.6469031000054812e-16
cracking open,1.6469031000054812e-16
lighter than their,1.6457708551830187e-16
than their surroundings,1.6457708551830187e-16
animals can often,1.6457708551830187e-16
their surroundings this,1.6457708551830187e-16
appear lighter than,1.6457708551830187e-16
often appear lighter,1.6457708551830187e-16
can often,1.6457708551830187e-16
why springtime with,1.6457708551830187e-16
lighter than,1.6457708551830187e-16
can often appear,1.6457708551830187e-16
teacher,1.6436504934880247e-16
can become,1.6416176144146144e-16
palm trees,1.641346563871493e-16
than their,1.6401945990632272e-16
the context of,1.6393136847980827e-16
its prey,1.6393136847980827e-16
the leaves,1.6360610782806262e-16
lemon flavored,1.6353495706049326e-16
comparison would be,1.6349768761081407e-16
the opposite direction,1.6306400674181987e-16
rather about the,1.6306400674181987e-16
opposite direction,1.6306400674181987e-16
not about the,1.6306400674181987e-16
waste,1.6306400674181987e-16
is known as,1.625761157642014e-16
clouds are formed,1.6230506522108001e-16
the heat from,1.6219664500383146e-16
diamond,1.6219664500383146e-16
is not an,1.6219664500383146e-16
fe,1.6219664500383146e-16
active,1.6208822478658291e-16
fin_label the,1.6197980456933436e-16
fin_label the answer,1.6197980456933436e-16
fin_label,1.6197980456933436e-16
the question and,1.6197980456933436e-16
this is still,1.6176296413483726e-16
aspect of the,1.6176296413483726e-16
asks for way,1.6132928326584306e-16
massive,1.6132928326584306e-16
for way,1.6132928326584306e-16
for way to,1.6132928326584306e-16
of live birth,1.6132928326584306e-16
driving,1.6132928326584306e-16
age,1.6132928326584306e-16
ceramics,1.6132928326584306e-16
pulled,1.6108533777703382e-16
question therefore none,1.60922707451161e-16
of seed,1.6089560239684886e-16
uniform,1.608075242052242e-16
technology that,1.6074991272992112e-16
containers,1.6064297482033026e-16
question based,1.6057055350334002e-16
question based on,1.6057055350334002e-16
the question based,1.6057055350334002e-16
options accurately describe,1.605703417451032e-16
pumpkin,1.603535013106061e-16
not correct,1.60136660876109e-16
that is used,1.600570397790671e-16
to therefore,1.5984448083142057e-16
storm,1.597029800071148e-16
be observed,1.5959455978986625e-16
cold,1.5959455978986625e-16
decline in,1.5959455978986625e-16
is asking,1.5959455978986625e-16
movement of,1.5949291583619574e-16
begonia,1.5945903451830556e-16
the begonia,1.5945903451830556e-16
weather conditions,1.5916087892087205e-16
of greeting,1.5910666881224778e-16
of greeting cards,1.5910666881224778e-16
to observe,1.5894403848637495e-16
choices provide an,1.5878140816050212e-16
maintenance,1.5872719805187785e-16
lamp,1.5851035761738075e-16
the molecules,1.584019374001322e-16
an inherited,1.5829351718288365e-16
more angular,1.5829351718288365e-16
comparison would,1.5785983631388945e-16
to have,1.5764299587939234e-16
warmth,1.5742615544489524e-16
last,1.5742615544489524e-16
the bumpy,1.5742615544489524e-16
heat energy from,1.573177352276467e-16
repeated,1.573177352276467e-16
and transition,1.5714742866568938e-16
and transition from,1.5714742866568938e-16
ultimately leading,1.5710767105672763e-16
ultimately leading to,1.5710767105672763e-16
to experience,1.571008947931496e-16
answer as it,1.5699247457590104e-16
disease,1.5699247457590104e-16
is formed when,1.5682984425002822e-16
mass is,1.5677563414140394e-16
example of live,1.5677563414140394e-16
known,1.566672139241554e-16
condenses,1.5655879370690684e-16
springtime with animals,1.5650458359828257e-16
springtime with,1.5650458359828257e-16
impact of the,1.5634195327240974e-16
the two,1.5612511283791264e-16
accurately describes,1.5612511283791264e-16
produced by,1.5612511283791264e-16
center,1.5612511283791264e-16
that are not,1.5612511283791264e-16
in the atmosphere,1.560166926206641e-16
on the surface,1.560166926206641e-16
springtime,1.5590827240341554e-16
solid state,1.5579985218616699e-16
to conserve,1.5569143196891844e-16
question because none,1.5569143196891844e-16
would most likely,1.5569143196891844e-16
would most,1.5569143196891844e-16
example would be,1.5547459153442134e-16
laying,1.5536617131717279e-16
requirements,1.5525775109992423e-16
information provided in,1.5518560440689736e-16
because anemometer,1.550951207740514e-16
organisms that,1.5493249044817858e-16
can have,1.5482407023093003e-16
meet the,1.5464619331200663e-16
organisms that consume,1.5460722979643293e-16
contrast cars,1.5439038936193583e-16
bumpy,1.5439038936193583e-16
at which,1.5439038936193583e-16
the destruction,1.5439038936193583e-16
taste,1.5439038936193583e-16
the term,1.5439038936193583e-16
lake,1.5439038936193583e-16
in contrast cars,1.5439038936193583e-16
incorrect in assuming,1.5417354892743873e-16
assuming that,1.5417354892743873e-16
in assuming that,1.5417354892743873e-16
in assuming,1.5417354892743873e-16
animals require,1.5406512871019018e-16
jellyfish,1.5395670849294163e-16
of live,1.5373986805844453e-16
significant amount,1.5352302762394743e-16
significant amount of,1.5352302762394743e-16
slowest to move,1.5341460740669888e-16
slowest to,1.5341460740669888e-16
healing,1.5341460740669888e-16
the slowest to,1.5341460740669888e-16
not caused by,1.5319776697220178e-16
not caused,1.5319776697220178e-16
producing,1.5308934675495323e-16
that consume other,1.5308934675495323e-16
apparent change in,1.5287250632045613e-16
are not necessarily,1.5265566588595902e-16
drives,1.5265566588595902e-16
avoiding,1.5265566588595902e-16
applicable to,1.5265566588595902e-16
produces,1.5265566588595902e-16
sky the,1.5265566588595902e-16
information provided,1.5265566588595902e-16
to the fact,1.5230330017990124e-16
texture this,1.5226167645147757e-16
source for,1.5216777490834055e-16
is the question,1.5212711732687234e-16
provided in,1.5189672436521917e-16
provide enough context,1.5178830414797062e-16
enough context,1.5178830414797062e-16
not provide clear,1.5157146371347352e-16
which the,1.5135462327897642e-16
plant is,1.5094804746429435e-16
sled,1.5092094240998222e-16
red,1.5092094240998222e-16
not applicable to,1.5092094240998222e-16
action,1.5092094240998222e-16
the growth,1.5092094240998222e-16
material and,1.5081252219273367e-16
change as,1.5070410197548512e-16
as it does,1.5059568175823657e-16
of the moon,1.5048726154098802e-16
powered by,1.5037884132373946e-16
choice for,1.5027042110649091e-16
not measure,1.5027042110649091e-16
accumulation,1.5027042110649091e-16
ponds,1.5005358067199381e-16
high,1.5005358067199381e-16
also incorrect because,1.5005358067199381e-16
is much,1.5005358067199381e-16
of heat energy,1.4994516045474526e-16
the river,1.4983674023749671e-16
food is,1.496198998029996e-16
spring,1.496198998029996e-16
fragrance,1.4951147958575106e-16
and snow,1.494030593685025e-16
may be more,1.4934884925987824e-16
not necessarily mean,1.491862189340054e-16
answer rationale,1.491862189340054e-16
necessarily mean,1.491862189340054e-16
answer rationale triplet,1.491862189340054e-16
the chances,1.491862189340054e-16
coat,1.491862189340054e-16
geckos,1.4909473937570195e-16
way for,1.489693784995083e-16
caught,1.4886095828225976e-16
in the opposite,1.487525380650112e-16
why,1.487525380650112e-16
the red maple,1.48318857196017e-16
robin,1.478851763270228e-16
answer choices,1.478851763270228e-16
is that none,1.4783096621839853e-16
with animals can,1.478038611640864e-16
have teeth,1.476683358925257e-16
moves,1.476683358925257e-16
reproduction of,1.4755991567527715e-16
the presence of,1.474514954580286e-16
dry,1.474514954580286e-16
presence of,1.474514954580286e-16
or what is,1.473749448554205e-16
knowledge and,1.4734307524078005e-16
asks for what,1.4712623480628295e-16
the pebbles,1.470178145890344e-16
is most,1.470178145890344e-16
earth rotation on,1.468009741545373e-16
atoms in,1.468009741545373e-16
impacts on,1.465841337200402e-16
the necessary light,1.465841337200402e-16
the conversion,1.465841337200402e-16
necessary light,1.465841337200402e-16
the conversion of,1.465841337200402e-16
slowest,1.465841337200402e-16
the slowest,1.465841337200402e-16
assuming,1.463672932855431e-16
not safe or,1.46150452851046e-16
this question because,1.4604203263379745e-16
suggests,1.4604203263379745e-16
meant,1.4598782252517317e-16
accumulation of,1.459336124165489e-16
the direction,1.459336124165489e-16
therefore option is,1.457167719820518e-16
siblings,1.457167719820518e-16
formation of peat,1.457167719820518e-16
therefore the correct,1.457167719820518e-16
needs to be,1.454999315475547e-16
options accurately answer,1.454999315475547e-16
correct answer therefore,1.452830911130576e-16
by its,1.4517467089580904e-16
the bumpy road,1.450662506785605e-16
cause the water,1.444157293750692e-16
result in,1.4437507179360098e-16
to cat,1.4409046872332354e-16
to cat fur,1.4409046872332354e-16
happens to cat,1.4409046872332354e-16
the car drives,1.43982048506075e-16
question is,1.43982048506075e-16
car drives,1.43982048506075e-16
with more angular,1.43982048506075e-16
as result of,1.43982048506075e-16
of carbon dioxide,1.43982048506075e-16
more angular beaks,1.43982048506075e-16
between the two,1.43982048506075e-16
between humans and,1.438917865576332e-16
between humans,1.438917865576332e-16
of energy,1.4387362828882644e-16
not provide rationale,1.437652080715779e-16
which is not,1.4354836763708079e-16
the greater,1.4354836763708079e-16
is scarce,1.4333152720258369e-16
to make the,1.4311468676808659e-16
this question answer,1.4311468676808659e-16
question answer rationale,1.4311468676808659e-16
grow into,1.4289784633358948e-16
is tilted,1.4289784633358948e-16
the liquid,1.4273521600771666e-16
its axis is,1.4273521600771666e-16
inside,1.4268100589909238e-16
given question the,1.4262329516211578e-16
cools,1.4246416546459528e-16
is based,1.4224732503009818e-16
indicates,1.4224732503009818e-16
is based on,1.4224732503009818e-16
consume other organisms,1.4203048459560108e-16
in light,1.4181364416110398e-16
source of greeting,1.4162390878091902e-16
energy source,1.4159680372660688e-16
is necessary,1.4148838350935833e-16
question does not,1.4137996329210978e-16
and heat,1.4137996329210978e-16
colder,1.4137996329210978e-16
of extinction,1.4131220065632943e-16
aromas,1.4127154307486123e-16
away the,1.4116312285761268e-16
ensure that,1.4116312285761268e-16
have magnetic,1.4094628242311558e-16
though,1.4072944198861848e-16
and move,1.4068878440715027e-16
of animal,1.406752318799942e-16
have,1.4051260155412137e-16
october,1.4051260155412137e-16
apparent,1.4051260155412137e-16
providing,1.4051260155412137e-16
adulthood,1.4051260155412137e-16
preserve the,1.4040418133687282e-16
happens to,1.4029576111962427e-16
what happens to,1.4029576111962427e-16
given information the,1.402212222202659e-16
pollinators are,1.4007892068512717e-16
lead to an,1.3999760552219076e-16
to solid,1.3997050046787862e-16
destroyed,1.3969944992475725e-16
correct answer as,1.3964523981613297e-16
sense in the,1.3964523981613297e-16
provides the necessary,1.3964523981613297e-16
question is asking,1.3964523981613297e-16
can also,1.3964523981613297e-16
them more,1.3962491102539887e-16
protection for,1.3953681959888442e-16
nor,1.3942839938163587e-16
hard and,1.3921155894713877e-16
vaccines,1.391573488385145e-16
not relevant or,1.3899471851264167e-16
relevant or,1.3899471851264167e-16
of magnetism,1.3877787807814457e-16
source of,1.3877787807814457e-16
rationale triplet,1.3877787807814457e-16
located in the,1.3856103764364747e-16
needle,1.3791051634015616e-16
but since the,1.3791051634015616e-16
are essential,1.3791051634015616e-16
the chemical,1.3791051634015616e-16
thriving,1.378563062315319e-16
the choices the,1.3780209612290761e-16
grow,1.3769367590565906e-16
animals that,1.3769367590565906e-16
the individual,1.3758525568841051e-16
development of,1.3747683547116196e-16
closest to the,1.3747683547116196e-16
and carbon,1.3725999503666486e-16
plant the,1.3704315460216776e-16
definitively correct,1.3690085306702904e-16
be definitively correct,1.3690085306702904e-16
tilted away from,1.3682631416767066e-16
tilted away,1.3682631416767066e-16
steam,1.3666368384179783e-16
not fit,1.3660947373317356e-16
arrow,1.3660947373317356e-16
specialized,1.3660947373317356e-16
specialize,1.36501053515925e-16
more sustainable and,1.36501053515925e-16
remains,1.3639263329867646e-16
person driving,1.3617579286417936e-16
functioning of,1.3617579286417936e-16
whale,1.3617579286417936e-16
functioning,1.3617579286417936e-16
person driving in,1.3617579286417936e-16
while they,1.3617579286417936e-16
form of,1.3617579286417936e-16
exhibit,1.3617579286417936e-16
process of water,1.358505322124337e-16
the reproduction of,1.358505322124337e-16
impossible,1.3574211199518516e-16
sky the earth,1.3552527156068805e-16
conductor of,1.3530843112619095e-16
of days,1.3530843112619095e-16
the repeated,1.3530843112619095e-16
that heat,1.3530843112619095e-16
carbon atoms in,1.352000109089424e-16
earth orbit,1.3509159069169385e-16
the earth orbit,1.3509159069169385e-16
destruction,1.3503738058306958e-16
the other minerals,1.3487475025719675e-16
carbon,1.3487475025719675e-16
land but,1.3444106938820255e-16
the north,1.3444106938820255e-16
living organism,1.3444106938820255e-16
survive the,1.3444106938820255e-16
as fuel,1.3444106938820255e-16
living things,1.3444106938820255e-16
are too,1.3408870368214476e-16
what causes the,1.3379054808471125e-16
definitively correct based,1.3370923292177483e-16
to magnify and,1.336821278674627e-16
magnify and,1.336821278674627e-16
so,1.3357370765021415e-16
do not fit,1.3357370765021415e-16
provided for,1.3357370765021415e-16
simply that the,1.3357370765021415e-16
mammals,1.3357370765021415e-16
or steel,1.3338397227002918e-16
rotation on its,1.332484469984685e-16
density of,1.330316065639714e-16
rotation on,1.328147661294743e-16
would depend,1.3270634591222574e-16
would depend on,1.3270634591222574e-16
accurately represent,1.3270634591222574e-16
incorrect because being,1.3261261642265613e-16
assumption,1.3248950547772864e-16
the selected,1.3227266504323154e-16
selected,1.3227266504323154e-16
from various,1.319474043914859e-16
not have magnetic,1.3186389223684254e-16
for,1.3183898417423734e-16
match,1.3182543164708127e-16
intact and,1.317305639569888e-16
axis is the,1.3140530330524314e-16
mixture,1.3118846287074604e-16
the cat fur,1.3103006770960948e-16
misconception,1.3097162243624894e-16
of evaporation,1.3097162243624894e-16
precipitation,1.3097162243624894e-16
however if the,1.3075478200175183e-16
sound and,1.3064636178450328e-16
pollen,1.3053794156725473e-16
and common,1.3053794156725473e-16
in the context,1.3053794156725473e-16
relevant because,1.3053794156725473e-16
the options would,1.3034142992349174e-16
demonstrates,1.3032110113275763e-16
exert,1.3032110113275763e-16
nature,1.301584708068848e-16
provide any,1.3010426069826053e-16
recycled,1.3010426069826053e-16
powered,1.3010426069826053e-16
exist,1.3010426069826053e-16
bumpy road,1.3010426069826053e-16
rain or,1.300602149850033e-16
the food chain,1.2999584048101198e-16
extinct,1.297247899378906e-16
the provided choices,1.2967057982926633e-16
provided choices,1.2967057982926633e-16
would be in,1.2954946735269877e-16
for it,1.2945373939476923e-16
circumstances,1.2939952928614495e-16
composition of,1.2923689896027213e-16
it more sustainable,1.2923689896027213e-16
down and,1.2923689896027213e-16
change shape,1.2923689896027213e-16
often appear,1.2916913632449178e-16
outdoor activities during,1.2912847874302358e-16
even,1.2902005852577503e-16
into gas,1.2902005852577503e-16
on the given,1.289929534714629e-16
unique,1.2895229588999468e-16
referred to as,1.2891163830852648e-16
to as,1.2891163830852648e-16
volcanic,1.2880321809127793e-16
even though,1.2880321809127793e-16
necessarily,1.2836953722228372e-16
the stars,1.2836953722228372e-16
magnetism,1.2836953722228372e-16
our planet,1.2836953722228372e-16
the options provided,1.2826111700503517e-16
options provided,1.2826111700503517e-16
foil,1.282069068964109e-16
we are,1.2793585635328952e-16
conserve,1.2793585635328952e-16
point,1.2788164624466525e-16
and the other,1.2771901591879242e-16
an object is,1.2761059570154387e-16
teeth,1.2750217548429532e-16
variety,1.2739375526704677e-16
variety of,1.2739375526704677e-16
park,1.2723112494117395e-16
magnets,1.2706849461530112e-16
state this,1.2700073197952078e-16
and thriving,1.2695054527739596e-16
rigid,1.269058642894283e-16
do not accurately,1.2685165418080402e-16
corals,1.2682585938058217e-16
answer would depend,1.2671612890924333e-16
be found,1.2663481374630692e-16
will,1.2663481374630692e-16
for animals to,1.2663481374630692e-16
consume other,1.2663481374630692e-16
meant to,1.264721834204341e-16
the criteria,1.2633242298413713e-16
options for,1.2620113287731272e-16
harder than,1.2598429244281562e-16
water in contrast,1.259575778177526e-16
eat plants,1.2587587222556706e-16
of photosynthesis,1.2576745200831851e-16
of forest,1.256048216824457e-16
does not make,1.2555061157382141e-16
the answer this,1.2549640146519714e-16
for other,1.2544219135657286e-16
the lemon,1.2534732366648038e-16
the lemon juice,1.2534732366648038e-16
as the other,1.2533377113932431e-16
past,1.2533377113932431e-16
season the,1.2533377113932431e-16
are present,1.2517114081345149e-16
the wire,1.249000902703301e-16
but the,1.249000902703301e-16
then the rationale,1.249000902703301e-16
presence,1.249000902703301e-16
red maple,1.249000902703301e-16
bats,1.249000902703301e-16
maple,1.249000902703301e-16
rabbits are,1.2484588016170584e-16
answer as,1.24683249835833e-16
place,1.2454772456427232e-16
substitute for,1.2452061950996018e-16
substitute,1.2452061950996018e-16
in the food,1.244664094013359e-16
drives off,1.244664094013359e-16
car drives off,1.244664094013359e-16
egg carton is,1.244664094013359e-16
carton is,1.244664094013359e-16
carton is the,1.244664094013359e-16
lack of,1.244664094013359e-16
or snow,1.2433088412977522e-16
from the air,1.242495689668388e-16
the red,1.240327285323417e-16
example would,1.240327285323417e-16
student,1.240327285323417e-16
this is an,1.240327285323417e-16
smoothing,1.2392430831509316e-16
space mass,1.2390821468909533e-16
long term,1.2384638128394576e-16
without more,1.235990476633475e-16
boiling point,1.235990476633475e-16
changes form,1.235990476633475e-16
commonly used,1.235990476633475e-16
shoe changes,1.235990476633475e-16
shoe changes form,1.235990476633475e-16
are present in,1.2357194260903537e-16
will not be,1.2349062744609896e-16
in contact,1.233822072288504e-16
meet the criteria,1.233415496473822e-16
used to make,1.2327378701160185e-16
is essential for,1.231653667943533e-16
answer in this,1.231653667943533e-16
this suggests that,1.231653667943533e-16
plastic,1.231653667943533e-16
greenhouse,1.231653667943533e-16
this suggests,1.231653667943533e-16
hydrocarbon,1.229485263598562e-16
pull of the,1.2293497383270013e-16
pull of,1.2293497383270013e-16
eaten by,1.227316859253591e-16
the water to,1.227316859253591e-16
demonstrates the,1.2263681823526662e-16
the visible,1.2256905559948628e-16
soil and,1.22514845490862e-16
organs,1.22514845490862e-16
example of an,1.222980050563649e-16
commonly,1.2213537473049207e-16
insects,1.2213537473049207e-16
verdant,1.219439452844126e-16
not contain,1.218643241873707e-16
food is scarce,1.218643241873707e-16
the flower,1.218643241873707e-16
options satisfy,1.2174235144296608e-16
options satisfy that,1.2174235144296608e-16
the water and,1.216474837528736e-16
explain why,1.214306433183765e-16
organic,1.214306433183765e-16
answer therefore the,1.214306433183765e-16
explain,1.214306433183765e-16
of it,1.2132222310112795e-16
falls,1.209969624493823e-16
other this,1.2067170179763664e-16
answer is incorrect,1.2059038663470023e-16
north is,1.2057852817343867e-16
cold and the,1.2057852817343867e-16
the north is,1.2057852817343867e-16
depend,1.205632815803881e-16
to each,1.205632815803881e-16
distance from,1.205632815803881e-16
to each other,1.205632815803881e-16
it may,1.205632815803881e-16
they have,1.205632815803881e-16
depend on,1.205632815803881e-16
scars,1.2045486136313954e-16
given information,1.20346441145891e-16
the given information,1.20346441145891e-16
resort,1.2023802092864244e-16
selected choice answers,1.202219273026446e-16
because of,1.2007539060276962e-16
which choice is,1.1987210269542858e-16
determine which choice,1.1987210269542858e-16
which choice,1.1987210269542858e-16
so we,1.1985855016827252e-16
context about the,1.1985855016827252e-16
and carbon dioxide,1.196959198423997e-16
live birth,1.196959198423997e-16
the chances of,1.196959198423997e-16
question the answer,1.196959198423997e-16
the temperature,1.196959198423997e-16
eyes,1.194790794079026e-16
valid options,1.194790794079026e-16
and the water,1.192622389734055e-16
navigate,1.192622389734055e-16
not an,1.192622389734055e-16
can also help,1.1924191018267138e-16
also help,1.1924191018267138e-16
in the summer,1.1893697832165984e-16
are necessary for,1.1882855810441129e-16
insulator,1.18774347995787e-16
in the first,1.1866592777853846e-16
if it is,1.1861171766991419e-16
pasteurization is,1.185575075612899e-16
at the same,1.185168499798217e-16
mice are,1.1850329745266563e-16
directly answer,1.1850329745266563e-16
to it,1.1844908734404136e-16
chlorophyll,1.183406671267928e-16
pigment,1.1828645701816853e-16
lack,1.1817803680091998e-16
is exposed to,1.1801540647504716e-16
is exposed,1.1801540647504716e-16
determine the correct,1.1796119636642288e-16
collecting and,1.1796119636642288e-16
conversion of,1.1796119636642288e-16
through the,1.1796119636642288e-16
what is being,1.1796119636642288e-16
protect,1.1796119636642288e-16
is not as,1.1796119636642288e-16
to an increase,1.1796119636642288e-16
the boiling,1.1787988120348647e-16
for one,1.1759358406731452e-16
in the formation,1.1752751549742868e-16
efforts,1.1752751549742868e-16
need to,1.1752751549742868e-16
easier to,1.1736488517155585e-16
gravitational pull of,1.1716159726421482e-16
is typically,1.1709383462843448e-16
not about what,1.1709383462843448e-16
usable,1.1709383462843448e-16
not due,1.1708705836485644e-16
not due to,1.1708705836485644e-16
in local,1.1698541441118593e-16
softer,1.1693120430256165e-16
not provide,1.1687699419393738e-16
owl,1.1622647289044608e-16
not suitable,1.1622647289044608e-16
and maintenance of,1.1622647289044608e-16
represent what,1.1622266124218343e-16
accurately represent what,1.1622266124218343e-16
march,1.1611805267319752e-16
the general knowledge,1.1611805267319752e-16
deers,1.1600963245594897e-16
the gravitational pull,1.1592831729301256e-16
are used,1.1579279202145187e-16
would involve,1.1578262762608482e-16
would be because,1.1557595158695477e-16
not accurately represent,1.1557595158695477e-16
difference,1.1546753136970622e-16
iron or,1.1544042631539408e-16
iron or steel,1.1544042631539408e-16
boat,1.1542687378823802e-16
for food,1.1535911115245767e-16
proper,1.1535911115245767e-16
process can also,1.1514227071796057e-16
the requirement,1.1511516566364843e-16
for this triplet,1.150993218461956e-16
this triplet,1.150993218461956e-16
this triplet is,1.150993218461956e-16
of solid,1.1503385050071202e-16
not suitable for,1.1492543028346347e-16
storing,1.1486444391126116e-16
for the winter,1.14830562593371e-16
have the ability,1.1470858984896637e-16
behavior the,1.1470858984896637e-16
behavior is not,1.145188544687814e-16
significant source,1.1449174941446927e-16
significant source of,1.1449174941446927e-16
depend on the,1.1449174941446927e-16
situations,1.1438332919722072e-16
and become,1.1438332919722072e-16
always,1.1427490897997217e-16
towards the,1.1405806854547507e-16
that water,1.1362438767648086e-16
likely to have,1.1362438767648086e-16
in the rain,1.1362438767648086e-16
answer therefore,1.1362438767648086e-16
known to eat,1.1362438767648086e-16
places,1.135701775678566e-16
in the dark,1.1340754724198376e-16
what they,1.1329912702473521e-16
by the sun,1.1319070680748666e-16
formed when water,1.1319070680748666e-16
of seasonal,1.1297386637298956e-16
liquid is,1.1279768351996067e-16
is formed,1.1275702593849246e-16
question because,1.1275702593849246e-16
lays eggs,1.1275702593849246e-16
answer in,1.1275702593849246e-16
planting,1.1275702593849246e-16
in which,1.1254018550399536e-16
wire to,1.1254018550399536e-16
require the,1.1254018550399536e-16
the plants,1.1254018550399536e-16
hearing,1.1245887034105895e-16
squirrel,1.123301213330763e-16
to heat,1.1232334506949826e-16
and support,1.1232334506949826e-16
sahara,1.1232334506949826e-16
the sahara,1.1232334506949826e-16
so we can,1.1214716221646936e-16
inside the,1.1188966420050406e-16
is therefore the,1.1145598333150986e-16
for why the,1.1145598333150986e-16
semi,1.1145598333150986e-16
because while,1.1123914289701275e-16
prevent,1.1123914289701275e-16
generates heat,1.1118493278838848e-16
question also asks,1.1107473909590662e-16
also asks,1.1107473909590662e-16
24 hours,1.1102230246251565e-16
creatures,1.1102230246251565e-16
and maintenance,1.1102230246251565e-16
is more likely,1.1102230246251565e-16
gravel,1.1099519740820352e-16
change from,1.109138822452671e-16
acting,1.1080546202801855e-16
it describes,1.1069704181077e-16
new species,1.1069026554719197e-16
further away,1.1066993675645787e-16
to definitively,1.1064283170214573e-16
provided in the,1.1058862159352145e-16
as it provides,1.1058862159352145e-16
in the night,1.104802013762729e-16
food chain,1.1045309632196076e-16
the light,1.1042599126764863e-16
of fragrance,1.1020915083315153e-16
taller,1.1015494072452725e-16
nonetheless it is,1.1015494072452725e-16
are essential for,1.1015494072452725e-16
so it is,1.1015494072452725e-16
the seeds,1.1015494072452725e-16
triplet is that,1.1015494072452725e-16
because this,1.1015494072452725e-16
the choice,1.1015494072452725e-16
ice wedging,1.1010073061590298e-16
but not,1.0972125985553305e-16
answers for,1.096128396382845e-16
but are,1.096128396382845e-16
therefore the presence,1.0950441942103595e-16
describes the process,1.0947731436672381e-16
not provide any,1.0928757898653885e-16
is the closest,1.0928757898653885e-16
is incorrect in,1.0928757898653885e-16
biological process,1.0928757898653885e-16
reject,1.091791587692903e-16
orange,1.091791587692903e-16
of native,1.0907073855204175e-16
to ferromagnetic,1.089623183347932e-16
off the,1.0885389811754465e-16
phase change,1.0869126779167182e-16
options would,1.0869126779167182e-16
that the earth,1.0863705768304754e-16
for storing,1.0845409856644062e-16
in option,1.0842021724855044e-16
but rather the,1.0842021724855044e-16
flowers to,1.0820337681405334e-16
not incorrect,1.0820337681405334e-16
regardless of,1.0798653637955624e-16
regardless,1.0798653637955624e-16
healthy,1.0798653637955624e-16
absorbs,1.0798653637955624e-16
ocean,1.0798653637955624e-16
dark clouds,1.0785778737157359e-16
of growing,1.0776969594505914e-16
content,1.0776969594505914e-16
relevant to the,1.0755285551056204e-16
opposite direction of,1.0755285551056204e-16
allow,1.0755285551056204e-16
dog,1.0755285551056204e-16
produce its own,1.0753252671982794e-16
produce its,1.0753252671982794e-16
turn,1.0741733023900135e-16
accurately answer,1.0733601507606494e-16
is that it,1.0733601507606494e-16
making it impossible,1.0728180496744066e-16
is characteristic of,1.0722759485881639e-16
around the,1.0720048980450425e-16
determine its,1.0711917464156784e-16
orbit around the,1.0711917464156784e-16
moon does have,1.0711917464156784e-16
orbit around,1.0711917464156784e-16
extinction,1.0711917464156784e-16
to use,1.0711917464156784e-16
answer this question,1.0706496453294356e-16
answer this,1.0706496453294356e-16
into tiny,1.0701075442431929e-16
is warm,1.0690233420707074e-16
heal,1.0683457157129039e-16
determined by,1.0668549377257364e-16
inanimate objects,1.0668549377257364e-16
it an,1.0668549377257364e-16
the cooling of,1.0668549377257364e-16
up and,1.0657707355532509e-16
spice,1.0642799575660833e-16
are incorrect,1.0636023312082798e-16
food source,1.0630941114399273e-16
risk of,1.0625181290357943e-16
eggs but,1.0614339268633088e-16
is cold and,1.0611628763201875e-16
that water is,1.0603497246908233e-16
explanation of the,1.0603497246908233e-16
not safe,1.0603497246908233e-16
where the repeated,1.0602141994192626e-16
others therefore,1.0598018002530682e-16
the others therefore,1.0598018002530682e-16
however it important,1.0581813203458523e-16
safe or,1.0581813203458523e-16
question is incorrect,1.0581813203458523e-16
result of,1.0581813203458523e-16
does not provide,1.0581813203458523e-16
primarily,1.0560129160008813e-16
climate and,1.0560129160008813e-16
pumpkin pie,1.0545221380137138e-16
pie spice,1.0545221380137138e-16
pumpkin pie spice,1.0545221380137138e-16
being referred,1.0538445116559103e-16
making it an,1.0538445116559103e-16
blizzard,1.0538445116559103e-16
being referred to,1.0538445116559103e-16
as predators,1.0538445116559103e-16
on an,1.0533024105696676e-16
brighter,1.0516761073109393e-16
would allow,1.0505919051384538e-16
star the,1.0495077029659683e-16
answer is again,1.0495077029659683e-16
materials,1.0495077029659683e-16
breaking,1.0495077029659683e-16
is again,1.0495077029659683e-16
camouflage,1.0495077029659683e-16
organism,1.0495077029659683e-16
plants to,1.0473392986209973e-16
being considered,1.0462550964485118e-16
eight,1.0454419448191477e-16
be severely,1.0454048871277053e-16
impaired,1.0454048871277053e-16
severely impaired,1.0454048871277053e-16
severely impaired in,1.0454048871277053e-16
impaired in,1.0454048871277053e-16
severely,1.0454048871277053e-16
impaired in such,1.0454048871277053e-16
gecko ability to,1.0454048871277053e-16
gecko ability,1.0454048871277053e-16
be severely impaired,1.0454048871277053e-16
for why choice,1.0448042216540938e-16
pie,1.0436123536530784e-16
to reflect,1.043544591017298e-16
30,1.0430024899310553e-16
the blizzard,1.0430024899310553e-16
in the blizzard,1.0430024899310553e-16
rationale is the,1.0430024899310553e-16
instead,1.0408340855860843e-16
of siblings,1.0408340855860843e-16
the only viable,1.0408340855860843e-16
the age of,1.0408340855860843e-16
to change,1.0408340855860843e-16
only viable,1.0408340855860843e-16
the age,1.0408340855860843e-16
number of siblings,1.0408340855860843e-16
is cold,1.0396143581420381e-16
and condenses,1.0386656812411132e-16
as the car,1.0364972768961422e-16
reflect the,1.0364972768961422e-16
suggests that it,1.0359551758098995e-16
for palm,1.0350677764487526e-16
rather it,1.034870973637414e-16
the context and,1.0343288725511712e-16
venom,1.0343288725511712e-16
pasteurization,1.0332446703786857e-16
is strong,1.0321604682062002e-16
it in,1.0310762660337147e-16
when food,1.0299920638612292e-16
farther away,1.0297210133181078e-16
but rather it,1.028365760602501e-16
and does,1.0278236595162582e-16
and does not,1.0278236595162582e-16
same time,1.0275526089731368e-16
the same time,1.0275526089731368e-16
specialized cells,1.0256552551712872e-16
when water vapor,1.0256552551712872e-16
earth but,1.0253842046281658e-16
interior,1.0234868508263162e-16
arid,1.0234868508263162e-16
not an example,1.0234868508263162e-16
knowledge of,1.0229447497400734e-16
mammals are,1.0213184464813452e-16
the animal to,1.0207763453951024e-16
mice,1.0191500421363742e-16
over long period,1.0169816377914032e-16
as when,1.0158974356189177e-16
such as when,1.0158974356189177e-16
the result of,1.0148132334464322e-16
the result,1.0148132334464322e-16
be in,1.0148132334464322e-16
these,1.0148132334464322e-16
the cold weather,1.0131869301877039e-16
is known for,1.0129158796445825e-16
against each other,1.0126448291014611e-16
would lead,1.0126448291014611e-16
against each,1.0126448291014611e-16
would lead to,1.0126448291014611e-16
mass,1.0126448291014611e-16
not all,1.0115606269289756e-16
be the correct,1.0115606269289756e-16
rely,1.0104764247564901e-16
nonetheless it,1.0104764247564901e-16
rely on,1.0104764247564901e-16
process is known,1.0088501214977619e-16
being able,1.0088501214977619e-16
being able to,1.0088501214977619e-16
plant reproduction,1.0083080204115191e-16
thermal insulator,1.008274139093629e-16
surroundings this,1.006948532531176e-16
consume,1.0061396160665481e-16
its shape,1.0061396160665481e-16
is not typically,1.0061396160665481e-16
not true,1.0061396160665481e-16
the state,1.0061396160665481e-16
the state of,1.0061396160665481e-16
happens,1.0061396160665481e-16
the earth but,1.0020738579197275e-16
diamonds,1.0018028073766061e-16
needs to,1.0018028073766061e-16
itself,1.0007186052041206e-16
efficiently,1.0001765041178778e-16
pace,9.996344030316351e-17
location,9.974659986866641e-17
is as,9.974659986866641e-17
asphalt,9.974659986866641e-17
enough to,9.958396954279358e-17
it causes,9.942133921692076e-17
it will,9.93129189996722e-17
on it,9.93129189996722e-17
described as,9.93129189996722e-17
as substitute,9.8879238130678e-17
as substitute for,9.8879238130678e-17
and condenses the,9.8879238130678e-17
it only,9.8879238130678e-17
turn into,9.8879238130678e-17
condenses the,9.8879238130678e-17
freezes and condenses,9.8879238130678e-17
used as substitute,9.8879238130678e-17
age of,9.8879238130678e-17
context to,9.8879238130678e-17
water and nutrients,9.885213307636587e-17
vitamins,9.877081791342945e-17
environments gecko ability,9.872604428123318e-17
environments gecko,9.872604428123318e-17
pathogens the,9.871660780480518e-17
we can not,9.86623976961809e-17
explicitly,9.862512824650171e-17
beaks may have,9.855397747893235e-17
local,9.84455572616838e-17
not represent,9.84455572616838e-17
not fit the,9.84455572616838e-17
produced by the,9.84455572616838e-17
fit the,9.84455572616838e-17
the material,9.82287168271867e-17
seeds are,9.80118763926896e-17
for an example,9.80118763926896e-17
by the moon,9.80118763926896e-17
accurately answer the,9.795766628406533e-17
choices the question,9.788170463405336e-17
transfer of,9.784924606681678e-17
which is characteristic,9.77950359581925e-17
cows,9.77950359581925e-17
just,9.768661574094395e-17
given context,9.75781955236954e-17
to consume food,9.752398541507112e-17
transfer heat energy,9.73613550891983e-17
rain and,9.71445146547012e-17
is simply that,9.71445146547012e-17
simply that,9.71445146547012e-17
cause it to,9.71445146547012e-17
day and,9.71445146547012e-17
together,9.71445146547012e-17
is as follows,9.71445146547012e-17
for this question,9.71445146547012e-17
as in,9.687346411157982e-17
about the animal,9.684212389253141e-17
minutes,9.6710833785707e-17
less likely to,9.6710833785707e-17
for the given,9.6710833785707e-17
whales,9.6710833785707e-17
begins,9.64939933512099e-17
this question and,9.632774990042144e-17
not accurate,9.627715291671279e-17
of person,9.627715291671279e-17
are related,9.606031248221569e-17
condenses into,9.600610237359142e-17
example of friction,9.597899731927928e-17
what happens,9.595189226496714e-17
landfills,9.5924787210655e-17
furry animal,9.584347204771859e-17
of nest,9.582436086684617e-17
in size,9.568084172184577e-17
when food is,9.564018414037756e-17
they do,9.540979117872439e-17
necessary for the,9.540979117872439e-17
cases the,9.540979117872439e-17
behaviors,9.540979117872439e-17
they would not,9.540979117872439e-17
effective in,9.540979117872439e-17
valid rationale for,9.519295074422729e-17
to make,9.519295074422729e-17
the specifics,9.500088602343738e-17
the specifics of,9.500088602343738e-17
and the specifics,9.500088602343738e-17
specifics,9.500088602343738e-17
specifics of the,9.500088602343738e-17
specifics of,9.500088602343738e-17
to find,9.497611030973019e-17
of new,9.497611030973019e-17
into new usable,9.489557600529203e-17
new usable,9.489557600529203e-17
phenomenon that,9.486769009248164e-17
and option,9.486769009248164e-17
species the,9.473894108449898e-17
planets,9.470505976660881e-17
general knowledge of,9.468049581113844e-17
options are correct,9.465084965798454e-17
to consume,9.459663954936026e-17
make the,9.454242944073599e-17
actually,9.454242944073599e-17
with the longest,9.454242944073599e-17
rocks are,9.432558900623889e-17
for an animal,9.432558900623889e-17
crystals,9.410874857174178e-17
ultimately,9.410874857174178e-17
developing,9.400032835449323e-17
behavior that is,9.37970404471522e-17
more environmentally,9.371233715242677e-17
making it harder,9.367506770274758e-17
if they,9.367506770274758e-17
having,9.367506770274758e-17
considered,9.367506770274758e-17
signals,9.367506770274758e-17
first place,9.362085759412331e-17
the first place,9.362085759412331e-17
general knowledge,9.351243737687476e-17
of condensation,9.345822726825048e-17
its location,9.330914946953373e-17
because all,9.313296661650483e-17
fight,9.297711255421004e-17
such environments,9.292269068734895e-17
in such environments,9.292269068734895e-17
such environments gecko,9.292269068734895e-17
choice is,9.291612618200773e-17
wearing,9.284836354622739e-17
ducks,9.280770596475918e-17
does not necessarily,9.280770596475918e-17
materials are,9.259086553026208e-17
the pond,9.259086553026208e-17
as an,9.237402509576498e-17
boils,9.23198149871407e-17
and nutrients,9.226560487851643e-17
cold environment,9.215718466126788e-17
into new environment,9.215718466126788e-17
the question for,9.21029745526436e-17
make sense in,9.194034422677078e-17
applications,9.194034422677078e-17
impact,9.194034422677078e-17
the new,9.194034422677078e-17
risk,9.194034422677078e-17
make sense,9.194034422677078e-17
its axis the,9.183192400952223e-17
microorganisms that can,9.183192400952223e-17
smell,9.150666335777657e-17
are capable of,9.150666335777657e-17
are capable,9.150666335777657e-17
is what,9.150666335777657e-17
claw,9.150666335777657e-17
emit,9.139824314052802e-17
magnetic properties,9.107298248878237e-17
and would not,9.107298248878237e-17
wolf,9.107298248878237e-17
taste flavors,9.096456227153382e-17
context for the,9.096456227153382e-17
size of an,9.093745721722168e-17
that all,9.069351172841245e-17
not specific,9.063930161978817e-17
is complex,9.063930161978817e-17
in cooking,9.063930161978817e-17
closest to,9.063930161978817e-17
to reduce,9.053088140253962e-17
apparent change,9.047667129391535e-17
of friction,9.042246118529107e-17
end,9.031404096804252e-17
but since,9.020562075079397e-17
shiver,9.020562075079397e-17
however the rationale,9.020562075079397e-17
therefore the answer,9.020562075079397e-17
is primarily,9.020562075079397e-17
therefore the rationale,9.020562075079397e-17
constellations,9.020562075079397e-17
freezes and,9.020562075079397e-17
the change,9.020562075079397e-17
this process can,9.020562075079397e-17
reasonable answer,9.020562075079397e-17
the functions,9.020562075079397e-17
grass,9.020562075079397e-17
converts,9.015141064216969e-17
being made,9.009720053354542e-17
by the earth,9.005654295207721e-17
adaptation found in,8.998878031629687e-17
to the heat,8.998878031629687e-17
adaptation found,8.998878031629687e-17
common adaptation found,8.998878031629687e-17
growth the,8.988036009904832e-17
answer among the,8.977193988179977e-17
sight while driving,8.977193988179977e-17
sight while,8.977193988179977e-17
occurring,8.977193988179977e-17
grown,8.977193988179977e-17
to attract,8.977193988179977e-17
why the selected,8.95822045016148e-17
to prevent,8.955509944730267e-17
provided options meet,8.944667923005412e-17
has the,8.944667923005412e-17
turning,8.941957417574198e-17
triplet is as,8.933825901280557e-17
much,8.933825901280557e-17
attracted to each,8.933825901280557e-17
dirt,8.933825901280557e-17
cell from,8.933825901280557e-17
compared to the,8.933825901280557e-17
the misconception is,8.933825901280557e-17
which is result,8.933825901280557e-17
making it the,8.933825901280557e-17
the cell from,8.933825901280557e-17
not recyclable,8.933825901280557e-17
such as in,8.912141857830846e-17
energy that,8.901299836105991e-17
geological phenomenon,8.894523572527957e-17
stove can,8.892533541410277e-17
cause it,8.890457814381136e-17
items,8.890457814381136e-17
and reasonable,8.886392056234316e-17
the hummingbirds,8.880971045371888e-17
hence,8.879615792656281e-17
dough is,8.879615792656281e-17
worn,8.857931749206571e-17
rotates,8.847089727481716e-17
and consume,8.847089727481716e-17
rationale would,8.847089727481716e-17
thereby increasing,8.841668716619289e-17
is in contact,8.836247705756861e-17
understanding,8.825405684032006e-17
this balance,8.825066870853104e-17
rainfall and,8.803721640582296e-17
friend,8.803721640582296e-17
texas,8.803721640582296e-17
plant to,8.792879618857441e-17
of vitamin,8.7847481025638e-17
not provided,8.782037597132586e-17
microorganisms that,8.771195575407731e-17
greeting cards,8.76712981726091e-17
greeting,8.76712981726091e-17
brighter as,8.760353553682876e-17
lunch,8.760353553682876e-17
electric insulator,8.756287795536055e-17
water but,8.754932542820448e-17
not biological,8.748833905600217e-17
the melting,8.738669510233166e-17
biofuel,8.738669510233166e-17
water evaporates,8.727827488508311e-17
chain,8.725116983077097e-17
the moon,8.716985466783456e-17
win,8.711564455921028e-17
correct the question,8.710886829563225e-17
their environment,8.7061434450586e-17
cabin,8.7061434450586e-17
the choices accurately,8.68445940160889e-17
is not applicable,8.673617379884035e-17
the first,8.673617379884035e-17
are common,8.673617379884035e-17
answer among,8.673617379884035e-17
of air,8.672262127168429e-17
petals,8.665485863590394e-17
germinate,8.66277535815918e-17
to collect,8.651933336434325e-17
turkeys,8.648669612609436e-17
if the question,8.630249292984615e-17
material that is,8.630249292984615e-17
yogurt,8.630249292984615e-17
the geological,8.608565249534905e-17
leads to,8.608565249534905e-17
leads,8.608565249534905e-17
and therefore,8.586881206085195e-17
july,8.586881206085195e-17
the bat,8.586881206085195e-17
requirement,8.586881206085195e-17
accurately describes the,8.586881206085195e-17
animals to,8.586881206085195e-17
furry,8.586881206085195e-17
brick,8.57603918436034e-17
sun but,8.565197162635485e-17
the sun but,8.565197162635485e-17
solution to,8.55435514091063e-17
do so,8.55435514091063e-17
atomic,8.543513119185775e-17
additional information provided,8.543513119185775e-17
the atomic,8.543513119185775e-17
conductors,8.538092108323347e-17
the given context,8.51098705401121e-17
light source,8.51098705401121e-17
or stream,8.508276548579996e-17
rubbing,8.502855537717569e-17
forest the,8.500145032286355e-17
can help to,8.500145032286355e-17
the third,8.500145032286355e-17
distances,8.500145032286355e-17
are formed from,8.4893030105615e-17
into its,8.46761896711179e-17
materials and,8.456776945386935e-17
long period of,8.456776945386935e-17
long period,8.456776945386935e-17
bounce,8.44593492366208e-17
grow into new,8.44593492366208e-17
the direction of,8.441869165515259e-17
of seed dispersal,8.435092901937224e-17
that would allow,8.435092901937224e-17
to do,8.435092901937224e-17
boil,8.428994264716994e-17
objects in,8.418829869349942e-17
energy to,8.413408858487514e-17
options but,8.413408858487514e-17
selected choice,8.391724815037804e-17
the remains of,8.391724815037804e-17
the remains,8.391724815037804e-17
the selected choice,8.391724815037804e-17
answer option,8.391724815037804e-17
remains of,8.391724815037804e-17
their own,8.370040771588094e-17
misconception is,8.370040771588094e-17
wear,8.370040771588094e-17
the heat,8.370040771588094e-17
not relate to,8.370040771588094e-17
not relate,8.370040771588094e-17
the question but,8.353777739000812e-17
assuming that water,8.348356728138384e-17
water is formed,8.348356728138384e-17
all mammals,8.326672684688674e-17
world,8.326672684688674e-17
inanimate objects that,8.326672684688674e-17
not directly contribute,8.322606926541853e-17
directly contribute to,8.322606926541853e-17
directly contribute,8.322606926541853e-17
phase,8.311087278459195e-17
day and night,8.283304597789254e-17
and night,8.283304597789254e-17
further away from,8.28262697143145e-17
given options can,8.282288158252549e-17
ice is,8.28059409235804e-17
question can not,8.263472115422682e-17
rotates on its,8.261620554339544e-17
rotates on,8.261620554339544e-17
explain why the,8.261620554339544e-17
the day and,8.261620554339544e-17
question but,8.261620554339544e-17
wedging,8.244679895394458e-17
conductors of,8.239936510889834e-17
the context or,8.239936510889834e-17
relate to,8.239936510889834e-17
specialize in,8.218252467440124e-17
which is why,8.207410445715269e-17
than,8.196568423990414e-17
marine animals,8.185726402265558e-17
months when,8.185726402265558e-17
the touch,8.174884380540703e-17
to the touch,8.174884380540703e-17
indicates that,8.174884380540703e-17
earth rotates on,8.174884380540703e-17
temperature at,8.174884380540703e-17
temperature at which,8.174884380540703e-17
correct answer option,8.158621347953421e-17
is because clouds,8.153539150269895e-17
plants which,8.153200337090993e-17
large fins,8.153200337090993e-17
electricity ceramics,8.153200337090993e-17
axis the moon,8.142358315366138e-17
the earth magnetic,8.136937304503711e-17
earth magnetic field,8.136937304503711e-17
earth magnetic,8.136937304503711e-17
scarce this,8.129822227746775e-17
to as the,8.117963766485214e-17
from the water,8.109832250191573e-17
the given choices,8.109832250191573e-17
stream,8.109832250191573e-17
forces,8.109832250191573e-17
the horse,8.109832250191573e-17
the resulting,8.109832250191573e-17
given choices,8.109832250191573e-17
more sustainable,8.109832250191573e-17
want,8.096279723035504e-17
for substance,8.087087430324325e-17
asks for substance,8.087087430324325e-17
impacts on the,8.077306185017008e-17
prevent the,8.069174668723367e-17
as follows,8.066464163292153e-17
and less,8.066464163292153e-17
follows,8.066464163292153e-17
people and,8.044780119842443e-17
the sunset,8.042408427590131e-17
sunset later,8.042408427590131e-17
the sunset later,8.042408427590131e-17
sunset later on,8.042408427590131e-17
heats,8.023096076392733e-17
means of,8.023096076392733e-17
cooling of,8.023096076392733e-17
heat to,8.023096076392733e-17
right,8.023096076392733e-17
reason why the,8.009543549236664e-17
computer,7.990570011218168e-17
generates,7.990570011218168e-17
feed on,7.982438494924526e-17
the question does,7.979727989493313e-17
month,7.979727989493313e-17
three,7.979727989493313e-17
energy but,7.979727989493313e-17
sight,7.979727989493313e-17
applicable,7.979727989493313e-17
changes,7.979727989493313e-17
fossils,7.96346495690603e-17
down the,7.958043946043603e-17
acidity,7.958043946043603e-17
for which,7.947201924318748e-17
question for example,7.940425660740713e-17
question for,7.940425660740713e-17
preparation,7.936359902593892e-17
is also incorrect,7.936359902593892e-17
located in,7.930938891731465e-17
because clouds are,7.923146188616725e-17
because clouds,7.923146188616725e-17
climate is,7.917386364575396e-17
ecosystem this,7.916031111859789e-17
full moon,7.914675859144182e-17
they often,7.914675859144182e-17
in certain,7.914675859144182e-17
its state from,7.914675859144182e-17
to non,7.905189090134934e-17
of an animal,7.892991815694472e-17
transporting,7.892991815694472e-17
care,7.871307772244762e-17
sleeps,7.861821003235514e-17
who sleeps,7.861821003235514e-17
explanation for,7.849623728795052e-17
part of the,7.849623728795052e-17
bacteria and other,7.849623728795052e-17
reason why,7.83336069620777e-17
to turn,7.817097663620487e-17
choice is correct,7.80763207043492e-17
replicating,7.806255641895632e-17
amounts,7.806255641895632e-17
although,7.806255641895632e-17
the large,7.806255641895632e-17
to protect,7.806255641895632e-17
brick wall,7.800834631033204e-17
be because the,7.799309971728147e-17
can specialize in,7.793804257570994e-17
can specialize,7.793804257570994e-17
that can specialize,7.793804257570994e-17
not involve the,7.762887554996212e-17
context suggests,7.762887554996212e-17
to any,7.762887554996212e-17
context suggests that,7.762887554996212e-17
or not,7.741203511546502e-17
palm tree,7.737137753399681e-17
of the storm,7.73307199525286e-17
the acidity,7.719519468096792e-17
heat which,7.719519468096792e-17
and there,7.719519468096792e-17
dolphins,7.719519468096792e-17
affecting,7.708677446371937e-17
hibernation,7.676151381197371e-17
large egg,7.676151381197371e-17
stove does,7.676151381197371e-17
cars are not,7.654467337747661e-17
grow therefore,7.632783294297951e-17
is because the,7.632783294297951e-17
also incorrect,7.632783294297951e-17
option the correct,7.632783294297951e-17
beavers,7.621941272573096e-17
shelter can,7.617875514426276e-17
primarily composed,7.611099250848241e-17
primarily composed of,7.611099250848241e-17
change as it,7.589415207398531e-17
the colder,7.589415207398531e-17
left,7.589415207398531e-17
that white,7.58128369110489e-17
food source for,7.578573185673676e-17
storming,7.552823384077145e-17
or what it,7.546047120499111e-17
relate to the,7.546047120499111e-17
cools and,7.546047120499111e-17
is predator,7.546047120499111e-17
water is not,7.546047120499111e-17
the overall,7.546047120499111e-17
be used as,7.546047120499111e-17
hundreds,7.524363077049401e-17
the atomic bombs,7.524363077049401e-17
bombs,7.524363077049401e-17
fuel therefore the,7.524363077049401e-17
fuel therefore,7.524363077049401e-17
atomic bombs,7.524363077049401e-17
result in the,7.524363077049401e-17
chicken population,7.513521055324546e-17
energy used,7.502679033599691e-17
be to,7.502679033599691e-17
environment therefore,7.502679033599691e-17
would be to,7.502679033599691e-17
incorrect because while,7.497258022737263e-17
do not relate,7.48099499014998e-17
moon gravity,7.48099499014998e-17
the sugar,7.48099499014998e-17
the moon gravity,7.48099499014998e-17
produced through,7.48099499014998e-17
impact on the,7.45931094670027e-17
that we,7.45931094670027e-17
are inanimate,7.45931094670027e-17
are inanimate objects,7.45931094670027e-17
question can,7.458642584765328e-17
cool down,7.452534683122236e-17
aluminum,7.448468924975415e-17
is to,7.448468924975415e-17
minutes in,7.448468924975415e-17
which is often,7.43762690325056e-17
closer to,7.43762690325056e-17
therefore the selected,7.41594285980085e-17
is plant,7.41594285980085e-17
into contact with,7.39425881635114e-17
earth surface,7.39425881635114e-17
the plant to,7.39425881635114e-17
the earth surface,7.39425881635114e-17
energy sources,7.386804926415302e-17
not its,7.37257477290143e-17
gas,7.37257477290143e-17
that consume,7.37257477290143e-17
mechanism,7.37257477290143e-17
to the surrounding,7.364443256607789e-17
metallic,7.340048707726865e-17
contact with,7.32920668600201e-17
for substance that,7.311371679378632e-17
particularly,7.3075226425523e-17
in 24,7.3075226425523e-17
is not biological,7.300068752616462e-17
the ocean,7.28583859910259e-17
which are either,7.28583859910259e-17
ecosystem and,7.28583859910259e-17
to taste,7.28583859910259e-17
are generally,7.28583859910259e-17
measurement,7.28583859910259e-17
on planet,7.28583859910259e-17
of pollution,7.28583859910259e-17
the product,7.272286071946521e-17
object and,7.26415455565288e-17
motorized,7.258733544790452e-17
the earth rotates,7.24247051220317e-17
earth rotates,7.24247051220317e-17
to grow therefore,7.241049746783049e-17
directly cause,7.19910242530375e-17
in the ocean,7.19910242530375e-17
absorbed,7.19910242530375e-17
heating,7.177418381854039e-17
full moon and,7.169286865560398e-17
and option is,7.166576360129184e-17
is 24,7.16386585469797e-17
breaks,7.155734338404329e-17
other microorganisms,7.134050294954619e-17
and other microorganisms,7.134050294954619e-17
are not recyclable,7.132695042239012e-17
food or,7.115076756936123e-17
surface of the,7.112366251504909e-17
water making,7.112366251504909e-17
fish therefore,7.112366251504909e-17
is not provided,7.112366251504909e-17
is asking for,7.112366251504909e-17
other choices such,7.112366251504909e-17
to perform,7.112366251504909e-17
condenses into tiny,7.106945240642482e-17
axis the,7.101524229780054e-17
suitable option,7.090682208055199e-17
suitable option for,7.090682208055199e-17
original,7.068998164605489e-17
forming,7.068998164605489e-17
the fish,7.068998164605489e-17
can also lead,7.047314121155779e-17
also lead,7.047314121155779e-17
also lead to,7.047314121155779e-17
sense of,7.047314121155779e-17
is at,7.036472099430924e-17
located near,7.025630077706069e-17
make it,7.025630077706069e-17
external,7.025630077706069e-17
are always,7.025630077706069e-17
evaporates from,7.025630077706069e-17
can not provide,7.003946034256359e-17
pollutants,7.003946034256359e-17
it an example,6.993104012531504e-17
refer to the,6.982261990806649e-17
animal that,6.982261990806649e-17
yearly,6.982261990806649e-17
this context however,6.982261990806649e-17
in the given,6.960577947356938e-17
lands,6.949735925632083e-17
mirrors,6.938893903907228e-17
living thing,6.938893903907228e-17
context however,6.938893903907228e-17
note,6.938893903907228e-17
of waste,6.938893903907228e-17
suggest that the,6.930762387613587e-17
the leaves to,6.927428188000508e-17
to germinate,6.927428188000508e-17
leaves to,6.927428188000508e-17
plants are the,6.91895421893327e-17
become more,6.917209860457518e-17
asking about,6.917209860457518e-17
mean that it,6.906367838732663e-17
photosynthesis and,6.906367838732663e-17
dissolves,6.903699684948812e-17
leaves do,6.900946827870236e-17
cases,6.895525817007808e-17
of energy that,6.86842076269567e-17
over the others,6.86278799359643e-17
the others,6.86278799359643e-17
determined by the,6.852157730108388e-17
understand that,6.852157730108388e-17
supports,6.852157730108388e-17
to survive the,6.852157730108388e-17
understand that the,6.852157730108388e-17
of daylight,6.852157730108388e-17
cacti,6.852157730108388e-17
air which,6.848091971961567e-17
cards,6.84267096109914e-17
the fuel,6.841315708383533e-17
electric particles,6.835894697521105e-17
the choices therefore,6.831490126195383e-17
potentially leading to,6.830473686658678e-17
potentially leading,6.830473686658678e-17
lemonade is,6.810822522282378e-17
is responsible for,6.808789643208968e-17
as those,6.808789643208968e-17
is solution,6.797947621484113e-17
to the geological,6.776263578034403e-17
is unable to,6.765421556309548e-17
large egg carton,6.765421556309548e-17
greek yogurt,6.765421556309548e-17
freezing point,6.765421556309548e-17
greek,6.765421556309548e-17
dependent,6.765421556309548e-17
is unable,6.765421556309548e-17
egg carton,6.765421556309548e-17
the computer,6.762711050878334e-17
is where,6.762711050878334e-17
in predator population,6.741027007428624e-17
containing,6.736961249281803e-17
not have teeth,6.732895491134983e-17
and the midnorth,6.726754502267389e-17
midnorth is warm,6.726754502267389e-17
north is cold,6.726754502267389e-17
membrane does not,6.722053469410127e-17
membrane does,6.722053469410127e-17
it is being,6.722053469410127e-17
stability,6.722053469410127e-17
time is,6.722053469410127e-17
social,6.722053469410127e-17
cell membrane does,6.722053469410127e-17
surface is,6.722053469410127e-17
frequency,6.722053469410127e-17
in predator,6.722053469410127e-17
moon and crescent,6.705790436822845e-17
and crescent moon,6.705790436822845e-17
therefore it,6.705790436822845e-17
and crescent,6.705790436822845e-17
of breaking down,6.700369425960417e-17
reproduction and,6.700369425960417e-17
which states,6.700369425960417e-17
that the moon,6.700369425960417e-17
the wick,6.693593162382383e-17
throughout the year,6.678685382510707e-17
of water to,6.678685382510707e-17
cooler,6.678685382510707e-17
energy that can,6.657001339060997e-17
in the choices,6.653952020450882e-17
of the question,6.646159317336142e-17
terrestrial,6.635317295611287e-17
can conduct,6.635317295611287e-17
do not typically,6.630764493519795e-17
down of,6.613633252161577e-17
particles,6.613633252161577e-17
into tiny droplets,6.602791230436722e-17
tiny droplets,6.597370219574294e-17
predators,6.591949208711867e-17
context,6.591949208711867e-17
light bulb,6.591949208711867e-17
lights,6.591949208711867e-17
may have,6.591949208711867e-17
byproduct,6.591949208711867e-17
can use the,6.589238703280653e-17
thus the,6.581107186987012e-17
dioxide is,6.570265165262157e-17
carbon dioxide is,6.570265165262157e-17
that criteria therefore,6.560499801822601e-17
criteria therefore,6.560499801822601e-17
not describe,6.559423143537302e-17
cabbage,6.548581121812447e-17
skunk,6.548581121812447e-17
star,6.548581121812447e-17
air and,6.548581121812447e-17
explanation of,6.548581121812447e-17
water for,6.548581121812447e-17
fact the,6.537739100087592e-17
organ,6.526897078362737e-17
the temperature at,6.526897078362737e-17
for making,6.526897078362737e-17
fahrenheit,6.526897078362737e-17
person to,6.521476067500309e-17
earth crust,6.516055056637882e-17
the earth crust,6.516055056637882e-17
state the,6.516055056637882e-17
store,6.505213034913027e-17
are in,6.505213034913027e-17
tunnels,6.505213034913027e-17
related to its,6.505213034913027e-17
sunset,6.499792024050599e-17
can easily,6.494371013188172e-17
health in,6.483528991463317e-17
crust,6.483528991463317e-17
is responsible,6.461844948013606e-17
transforms,6.451002926288751e-17
mass and,6.451002926288751e-17
cooking food,6.448252716188135e-17
is scarce this,6.442193783637307e-17
wedging is,6.442193783637307e-17
ice wedging is,6.442193783637307e-17
to gas,6.440160904563896e-17
are related to,6.440160904563896e-17
is asking about,6.429318882839041e-17
natural process of,6.418476861114186e-17
for new,6.418476861114186e-17
rather the,6.418476861114186e-17
the wolf,6.418476861114186e-17
specifically,6.418476861114186e-17
necessarily mean that,6.418476861114186e-17
source that can,6.418476861114186e-17
styrofoam food,6.407698366860375e-17
point north,6.407634839389331e-17
any of the,6.396792817664476e-17
can result,6.387306048655228e-17
can result in,6.387306048655228e-17
liquid to gas,6.375108774214766e-17
friction,6.375108774214766e-17
rocks and,6.375108774214766e-17
less likely,6.375108774214766e-17
when two,6.375108774214766e-17
wants,6.366977257921125e-17
to their,6.331740687315346e-17
of their,6.331740687315346e-17
soda,6.331740687315346e-17
causing,6.331740687315346e-17
is primarily composed,6.331740687315346e-17
released into the,6.31886578651708e-17
released into,6.31886578651708e-17
not be used,6.316917610738396e-17
of food in,6.315477654728063e-17
is more suitable,6.310056643865636e-17
reflects,6.310056643865636e-17
vital,6.305990885718815e-17
specifically refers,6.300569874856388e-17
question specifically refers,6.300569874856388e-17
specifically refers to,6.300569874856388e-17
leads to the,6.280241084122284e-17
with human,6.26675340792624e-17
of breaking,6.266688556966216e-17
question option is,6.250425524378933e-17
question option,6.250425524378933e-17
objects that do,6.245004513516506e-17
harder to,6.245004513516506e-17
warmth for,6.245004513516506e-17
to the composition,6.245004513516506e-17
with their,6.245004513516506e-17
key,6.245004513516506e-17
they would,6.245004513516506e-17
understand,6.245004513516506e-17
description of what,6.239583502654078e-17
behavior that,6.239583502654078e-17
arizona,6.225579334883555e-17
multiply,6.223320470066795e-17
swim at,6.223320470066795e-17
around the sun,6.223320470066795e-17
phenomenon the,6.223320470066795e-17
pond or,6.223320470066795e-17
dissolution,6.223320470066795e-17
can have negative,6.207057437479513e-17
the car,6.201636426617085e-17
choices such as,6.201636426617085e-17
choices such,6.201636426617085e-17
process of breaking,6.201636426617085e-17
atoms in the,6.198925921185872e-17
sometimes,6.196215415754658e-17
is crucial,6.185373394029803e-17
assumption that the,6.179952383167375e-17
process demonstrates,6.177241877736162e-17
this process demonstrates,6.177241877736162e-17
the beach is,6.170465614158127e-17
beach is,6.170465614158127e-17
and the fact,6.158268339717665e-17
making it suitable,6.158268339717665e-17
is one of,6.158268339717665e-17
human health,6.14742631799281e-17
in contact with,6.142005307130383e-17
because humans,6.142005307130383e-17
impacts,6.1257422745431e-17
plants are,6.120321263680673e-17
are necessary,6.117610758249459e-17
angle of,6.114900252818245e-17
because sunlight,6.093216209368535e-17
of the other,6.090505703937321e-17
term that,6.087795198506107e-17
the accumulation,6.071532165918825e-17
rationale would be,6.071532165918825e-17
normal,6.071532165918825e-17
unlike the,6.071532165918825e-17
lasagna,6.071532165918825e-17
mill,6.071532165918825e-17
chickens are,6.06069014419397e-17
for photosynthesis therefore,6.034123749896727e-17
open claw,6.028164079019405e-17
as birds,6.028164079019405e-17
the dark,6.01732205729455e-17
three cases the,6.016117020578182e-17
cases the question,6.016117020578182e-17
pole,6.012578672789926e-17
characteristics of,6.006480035569695e-17
being used,6.006480035569695e-17
environment therefore the,5.99563801384484e-17
environments the,5.984795992119984e-17
cow,5.984795992119984e-17
to carry,5.984795992119984e-17
and the specific,5.984795992119984e-17
not source,5.973768681937918e-17
not source of,5.973768681937918e-17
not common,5.963111948670274e-17
to receive,5.941427905220564e-17
to the tree,5.941427905220564e-17
environment this process,5.941427905220564e-17
is because as,5.941427905220564e-17
realistic,5.941427905220564e-17
correct answer over,5.937182152572452e-17
answer over,5.937182152572452e-17
answer over the,5.937182152572452e-17
animal in,5.919743861770854e-17
animal ability,5.91703335633964e-17
animal ability to,5.91703335633964e-17
plants the,5.908901840045999e-17
water from the,5.908901840045999e-17
air which is,5.903480829183572e-17
not provided as,5.898737444678948e-17
adding,5.898059818321144e-17
human powered,5.898059818321144e-17
answer choices do,5.898059818321144e-17
human powered vehicle,5.898059818321144e-17
often the,5.898059818321144e-17
powered vehicle,5.898059818321144e-17
like all,5.892638807458717e-17
of human activities,5.887217796596289e-17
fish therefore the,5.876375774871434e-17
substance that is,5.876375774871434e-17
of camouflage,5.871971203545712e-17
room,5.865533753146579e-17
consumption of,5.865533753146579e-17
situation the,5.854691731421724e-17
releasing,5.854691731421724e-17
triplet therefore,5.851469697499707e-17
of reproduction,5.843849709696869e-17
is also not,5.843849709696869e-17
what type of,5.835718193403228e-17
what type,5.835718193403228e-17
in the moon,5.833007687972014e-17
are herbivores,5.8302971825408e-17
fire,5.822165666247159e-17
and have,5.811323644522304e-17
that does,5.811323644522304e-17
is the largest,5.811323644522304e-17
incomplete,5.795060611935021e-17
those with,5.789639601072594e-17
question seems,5.767955557622884e-17
seems,5.767955557622884e-17
products,5.767955557622884e-17
seems to,5.767955557622884e-17
question seems to,5.767955557622884e-17
are often,5.767955557622884e-17
light and,5.767955557622884e-17
enough to be,5.746271514173174e-17
does not accurately,5.746271514173174e-17
transfer of heat,5.735429492448318e-17
to any of,5.730008481585891e-17
the eclipse,5.730008481585891e-17
dynamic,5.724587470723463e-17
it refers to,5.724587470723463e-17
axis and,5.724587470723463e-17
because as the,5.724587470723463e-17
as it refers,5.724587470723463e-17
it refers,5.724587470723463e-17
swim,5.724587470723463e-17
relative to,5.724587470723463e-17
converted into,5.724587470723463e-17
the choices are,5.717133580787626e-17
point the,5.702903427273753e-17
away and,5.697482416411326e-17
optimal,5.697482416411326e-17
trait,5.681219383824043e-17
heat from,5.681219383824043e-17
hardness,5.681219383824043e-17
placed,5.681219383824043e-17
of electromagnetic,5.681219383824043e-17
that the answer,5.670377362099188e-17
learned,5.659535340374333e-17
evaporation of water,5.659535340374333e-17
source that,5.637851296924623e-17
relate,5.637851296924623e-17
observe the,5.637851296924623e-17
action is,5.637851296924623e-17
temperatures,5.637851296924623e-17
the ecosystem and,5.627009275199768e-17
the location,5.620233011621734e-17
decline in the,5.59990422088763e-17
more fertile,5.594483210025203e-17
layer of the,5.594483210025203e-17
weather during,5.594483210025203e-17
is as the,5.594483210025203e-17
detailed explanation,5.594483210025203e-17
more detailed explanation,5.594483210025203e-17
not have significant,5.594483210025203e-17
boiling,5.572799166575493e-17
from solution,5.571443913859886e-17
activities therefore,5.567632265597242e-17
is verdant,5.562620543701905e-17
with high,5.561957144850638e-17
if the context,5.551115123125783e-17
tissues,5.551115123125783e-17
environments and,5.551115123125783e-17
of resources,5.551115123125783e-17
by the water,5.551115123125783e-17
therefore the moon,5.551115123125783e-17
wind,5.551115123125783e-17
scale,5.551115123125783e-17
to view,5.545694112263355e-17
mass the,5.5402731014009277e-17
states,5.5348520905385e-17
to grow and,5.5294310796760726e-17
where water,5.5294310796760726e-17
and ice,5.5185890579512176e-17
when they are,5.5077470362263625e-17
the evaporation of,5.5077470362263625e-17
infections,5.49148400363908e-17
is star,5.49148400363908e-17
not provide an,5.4860629927766524e-17
home to living,5.4860629927766524e-17
not directly cause,5.4860629927766524e-17
warmth for survival,5.4643789493269423e-17
rationale would depend,5.4643789493269423e-17
selected answer,5.4643789493269423e-17
the selected answer,5.4643789493269423e-17
does not affect,5.453536927602087e-17
begins to,5.431852884152377e-17
iron and,5.421010862427522e-17
unlike the other,5.421010862427522e-17
passing down of,5.421010862427522e-17
passing down,5.421010862427522e-17
renewable source,5.421010862427522e-17
to breathe,5.421010862427522e-17
the passing down,5.421010862427522e-17
the passing,5.421010862427522e-17
the options are,5.399326818977812e-17
balance of,5.399326818977812e-17
orbiting,5.3939058081153846e-17
and water is,5.3830637863905295e-17
in that,5.380353280959316e-17
the energy used,5.377642775528102e-17
only correct,5.377642775528102e-17
human,5.377642775528102e-17
only correct answer,5.377642775528102e-17
to prevent the,5.377642775528102e-17
its environment,5.377642775528102e-17
known to,5.377642775528102e-17
full,5.377642775528102e-17
the only correct,5.377642775528102e-17
opposite,5.377642775528102e-17
so they are,5.377642775528102e-17
away from,5.366800753803247e-17
the evaporation,5.366800753803247e-17
gold,5.355958732078392e-17
manmade,5.345116710353537e-17
explanation is not,5.345116710353537e-17
not valid explanation,5.345116710353537e-17
question the rationale,5.341050952206716e-17
answer because the,5.334274688628682e-17
do not involve,5.334274688628682e-17
it harder to,5.334274688628682e-17
mammal that,5.334274688628682e-17
the assumption that,5.312590645178972e-17
the assumption,5.312590645178972e-17
assumption that,5.312590645178972e-17
which states that,5.312590645178972e-17
fight off,5.294972359876082e-17
provided does explain,5.2909066017292616e-17
not applicable,5.2909066017292616e-17
as source of,5.2909066017292616e-17
animals and,5.2909066017292616e-17
propulsion,5.2909066017292616e-17
as source,5.2909066017292616e-17
can be easily,5.277354074573193e-17
balanced,5.274643569141979e-17
grow and,5.2692225582795515e-17
sunlight the,5.2692225582795515e-17
the entire,5.2692225582795515e-17
beach,5.262446294701517e-17
the description,5.2475385148298415e-17
context of this,5.2292426031691486e-17
the reproduction cycle,5.2258544713801314e-17
reproduction cycle of,5.2258544713801314e-17
that an,5.2258544713801314e-17
to its environment,5.219078207802097e-17
the heat energy,5.2150124496552763e-17
contents,5.204170427930421e-17
until they,5.204170427930421e-17
celestial object,5.204170427930421e-17
molten rock,5.204170427930421e-17
reproduction cycle,5.204170427930421e-17
different parts of,5.204170427930421e-17
preserve,5.193328406205566e-17
more fertile and,5.192417845787268e-17
underwater,5.182486384480711e-17
prey for,5.1770653736182837e-17
be harder,5.175338882243763e-17
would be harder,5.175338882243763e-17
harder to grow,5.175338882243763e-17
vapor freezes,5.17435486818707e-17
water vapor freezes,5.17435486818707e-17
are the correct,5.1662233518934286e-17
the sun the,5.160802341031001e-17
sun the,5.160802341031001e-17
the area the,5.1516543852006547e-17
to convert,5.13098678128765e-17
choice of,5.117434254131581e-17
the egg,5.117434254131581e-17
to living things,5.114723748700367e-17
answer option is,5.1120132432691534e-17
of bones,5.102526474259905e-17
the lawnmower,5.1011712215442984e-17
why the given,5.097105463397478e-17
is recyclable,5.0968513535133014e-17
as seeds,5.095750210681871e-17
because the moon,5.095750210681871e-17
muscles,5.0903291998194433e-17
or water,5.082240035173165e-17
nerves,5.079487178094588e-17
contact,5.074066167232161e-17
preceding,5.057803134644878e-17
the month preceding,5.057803134644878e-17
month preceding,5.057803134644878e-17
pattern,5.0523821237824507e-17
the characteristics of,5.0523821237824507e-17
the characteristics,5.0523821237824507e-17
farmer,5.0415401020575956e-17
evaporation of,5.0415401020575956e-17
why all,5.038829596626382e-17
why all the,5.038829596626382e-17
for why all,5.038829596626382e-17
not solid,5.0306980803327406e-17
water are,5.0306980803327406e-17
night is,5.0306980803327406e-17
because water,5.0306980803327406e-17
ground moving,5.0306980803327406e-17
for hunting,5.0306980803327406e-17
the ground moving,5.0306980803327406e-17
why choice is,4.997506300201193e-17
shiny,4.9873299934333204e-17
mill would,4.9873299934333204e-17
the accumulation of,4.9873299934333204e-17
from the roots,4.9873299934333204e-17
not create,4.9873299934333204e-17
nail,4.957175620511067e-17
of running,4.955481554616559e-17
help to,4.9439619065339e-17
is plant that,4.9439619065339e-17
gales,4.9439619065339e-17
and diseases,4.938540895671473e-17
help prevent,4.9276988739466177e-17
related to any,4.9243107421576005e-17
angle,4.92227786308419e-17
suitable rationale,4.920922610368583e-17
lemon juice,4.919906170831878e-17
on their,4.911435841359335e-17
consider the,4.911435841359335e-17
are caused by,4.910080588643728e-17
are caused,4.910080588643728e-17
days of,4.904151358012948e-17
history,4.90059381963448e-17
ability to,4.90059381963448e-17
relative,4.90059381963448e-17
in some,4.90059381963448e-17
plant growth and,4.90059381963448e-17
during storm,4.90059381963448e-17
impact of,4.87890977618477e-17
asks for rationale,4.8744099136524815e-17
for rationale for,4.8744099136524815e-17
for rationale,4.8744099136524815e-17
do not have,4.85722573273506e-17
radiation,4.85722573273506e-17
learned behaviors,4.85722573273506e-17
horse,4.85722573273506e-17
the rationale for,4.85722573273506e-17
epidermis is the,4.85722573273506e-17
streams,4.85722573273506e-17
skin and,4.85722573273506e-17
further,4.85722573273506e-17
back to the,4.846383711010205e-17
off in,4.8382521947165635e-17
entire,4.83554168928535e-17
grows,4.824699667560495e-17
immune,4.819278656698067e-17
that this,4.8138576458356397e-17
to transport,4.8138576458356397e-17
is the only,4.8138576458356397e-17
the direct,4.8138576458356397e-17
among the options,4.8138576458356397e-17
of rocks,4.808436634973212e-17
living things and,4.8030156241107846e-17
things and,4.8030156241107846e-17
things and is,4.8030156241107846e-17
that animals,4.792851228743733e-17
produce their own,4.7921736023859296e-17
produce their,4.7921736023859296e-17
would move away,4.778621075229861e-17
would move,4.778621075229861e-17
fit that description,4.773200064367433e-17
example the,4.773200064367433e-17
fit that,4.773200064367433e-17
vehicle that,4.7704895589362195e-17
none of them,4.7704895589362195e-17
to ferromagnetic materials,4.7704895589362195e-17
development,4.7704895589362195e-17
making materials,4.7704895589362195e-17
form of energy,4.7704895589362195e-17
nest making,4.7704895589362195e-17
to consider the,4.7704895589362195e-17
nest making materials,4.7704895589362195e-17
primary reason for,4.7704895589362195e-17
of years,4.765068548073792e-17
insects are,4.754226526348937e-17
necessary for,4.7488055154865094e-17
substances such as,4.740673999192868e-17
substances such,4.740673999192868e-17
when water,4.7271214720367993e-17
moon does not,4.7271214720367993e-17
would also,4.7271214720367993e-17
predator and,4.716279450311944e-17
question without more,4.716279450311944e-17
are commonly,4.705437428587089e-17
is incorrect the,4.705437428587089e-17
sweetness of the,4.694595406862234e-17
scars are,4.694595406862234e-17
specify what type,4.686463890568593e-17
the dog,4.683753385137379e-17
be found in,4.683753385137379e-17
not make sense,4.683753385137379e-17
light and heat,4.683753385137379e-17
every,4.683753385137379e-17
reflects the,4.683753385137379e-17
spin,4.676977121559345e-17
not meet the,4.664504561411025e-17
not meet,4.664504561411025e-17
do not meet,4.664504561411025e-17
the earth tilt,4.662069341687669e-17
earth tilt,4.662069341687669e-17
therefore the cell,4.662069341687669e-17
the shape,4.662069341687669e-17
affecting the,4.662069341687669e-17
functions and,4.6566483308252415e-17
lit,4.651227319962814e-17
significant change,4.6469921552265425e-17
then,4.640385298237959e-17
the center,4.640385298237959e-17
reduced,4.640385298237959e-17
illness,4.640385298237959e-17
is known to,4.640385298237959e-17
related to their,4.629543276513104e-17
and the type,4.62479989200848e-17
earth the moon,4.6214117602194626e-17
celestial bodies,4.618701254788249e-17
suggests that the,4.618701254788249e-17
it allows,4.6132802439258214e-17
water heater,4.597017211338539e-17
sun which is,4.597017211338539e-17
heater,4.597017211338539e-17
not found,4.597017211338539e-17
not found in,4.597017211338539e-17
insects and,4.597017211338539e-17
collect and,4.597017211338539e-17
are not found,4.597017211338539e-17
the night is,4.586175189613684e-17
chicken,4.586175189613684e-17
their body,4.575333167888829e-17
do have,4.5644911461639737e-17
system is,4.5644911461639737e-17
more context,4.5536491244391186e-17
be attracted,4.5536491244391186e-17
answer the answer,4.5536491244391186e-17
the water heater,4.5536491244391186e-17
among,4.5536491244391186e-17
be attracted to,4.5536491244391186e-17
lower lands,4.5428071027142636e-17
hours day,4.537386091851836e-17
allows for the,4.5319650809894085e-17
of electrical,4.515702048402126e-17
survival and,4.5102810375396984e-17
not as,4.5102810375396984e-17
individual,4.5102810375396984e-17
correct answer is,4.5102810375396984e-17
produce light,4.5102810375396984e-17
sea,4.5102810375396984e-17
is incorrect because,4.5102810375396984e-17
does explain,4.5102810375396984e-17
does explain why,4.5102810375396984e-17
or other,4.5102810375396984e-17
description therefore,4.506892905750681e-17
that description therefore,4.506892905750681e-17
description therefore the,4.506892905750681e-17
water but it,4.504860026677271e-17
and multiply,4.4954156093153855e-17
of wind,4.4885969940899884e-17
is not behavior,4.4885969940899884e-17
not behavior,4.4885969940899884e-17
vegetation and,4.4885969940899884e-17
significant change in,4.478517302017662e-17
for what is,4.469623456071492e-17
to perceive,4.466912950640278e-17
product,4.466912950640278e-17
and the choices,4.453239324242532e-17
disposal,4.450649918052996e-17
expansion,4.445228907190568e-17
of many,4.445228907190568e-17
moon gravity is,4.434386885465713e-17
is about,4.434386885465713e-17
answer however the,4.4313375668555977e-17
that magnets,4.423544863740858e-17
seasons is,4.423544863740858e-17
fit the description,4.423544863740858e-17
water making it,4.423544863740858e-17
feet,4.423544863740858e-17
cold temperatures,4.423544863740858e-17
choices therefore,4.412702842016003e-17
advantage,4.401860820291148e-17
explanation is,4.3855977877038654e-17
the person can,4.3855977877038654e-17
ensure,4.380176776841438e-17
degrees fahrenheit,4.380176776841438e-17
during hibernation,4.380176776841438e-17
and the rationale,4.380176776841438e-17
the air through,4.358492733391728e-17
air through,4.358492733391728e-17
outermost layer of,4.355782227960514e-17
outermost layer,4.355782227960514e-17
the outermost layer,4.355782227960514e-17
negative impacts on,4.347650711666873e-17
negative impacts,4.347650711666873e-17
consumers,4.346295458951266e-17
predator population,4.344940206235659e-17
larger than,4.344940206235659e-17
clear,4.336808689942018e-17
sense in,4.336808689942018e-17
evaporate,4.336808689942018e-17
are result of,4.336808689942018e-17
bodies,4.336808689942018e-17
leading,4.336808689942018e-17
maintain its,4.336808689942018e-17
the description of,4.336808689942018e-17
are result,4.336808689942018e-17
the pelican,4.334098184510804e-17
question and none,4.3178351519235214e-17
the mantle,4.3151246464923076e-17
earth surface is,4.3151246464923076e-17
possible that,4.3151246464923076e-17
can be attracted,4.3151246464923076e-17
effect on,4.3151246464923076e-17
fertile and,4.3038591082938255e-17
solar rays,4.301572119336239e-17
and water are,4.2934406030425976e-17
the future,4.2934406030425976e-17
room option,4.2934406030425976e-17
answer is based,4.2934406030425976e-17
the wasp is,4.2934406030425976e-17
process demonstrates the,4.284631460391153e-17
not get,4.2717565595928875e-17
answers therefore,4.2717565595928875e-17
sustainable and,4.2609145378680324e-17
instead the,4.2609145378680324e-17
location and,4.2500725161431774e-17
would have,4.2500725161431774e-17
not transfer,4.2500725161431774e-17
orbit is,4.2500725161431774e-17
continuously,4.2500725161431774e-17
answer is that,4.2500725161431774e-17
generally more,4.2392304944183223e-17
not home,4.220256956399826e-17
not home to,4.220256956399826e-17
to gas state,4.212351756721779e-17
gas state,4.212351756721779e-17
the deer would,4.207043242422659e-17
earth is,4.206704429243757e-17
in different,4.206704429243757e-17
in the winter,4.195862407518902e-17
the full moon,4.1904413966564746e-17
the full,4.1904413966564746e-17
not living,4.185020385794047e-17
immune system,4.1809546276472265e-17
as question but,4.178777819147232e-17
as question,4.178777819147232e-17
statement of,4.178777819147232e-17
as statement,4.178777819147232e-17
as statement of,4.178777819147232e-17
statement of fact,4.178777819147232e-17
rather as statement,4.178777819147232e-17
provided as question,4.178777819147232e-17
of fact,4.178777819147232e-17
common sense,4.1687573532067645e-17
the months,4.163336342344337e-17
animals which,4.163336342344337e-17
provide an,4.163336342344337e-17
are not,4.163336342344337e-17
answers for the,4.163336342344337e-17
sending,4.163336342344337e-17
are not capable,4.163336342344337e-17
to the natural,4.163336342344337e-17
system,4.163336342344337e-17
the person to,4.1579153314819095e-17
the seasons,4.1457180570414476e-17
deer would,4.145040430683644e-17
animals in,4.141652298894627e-17
human activities,4.141652298894627e-17
harm or,4.1362312880321994e-17
so option is,4.1253892663073444e-17
definitively determine,4.1253892663073444e-17
to definitively determine,4.1253892663073444e-17
so option,4.1253892663073444e-17
key factor,4.119968255444917e-17
improved,4.119968255444917e-17
key factor in,4.119968255444917e-17
fermentation,4.1145472445824893e-17
to be more,4.109126233720062e-17
pelican,4.106415728288848e-17
how the,4.106415728288848e-17
structure and,4.106415728288848e-17
birds that,4.0766001685454967e-17
its body temperature,4.0766001685454967e-17
and nutrients to,4.0766001685454967e-17
wasp is,4.0766001685454967e-17
in year,4.0766001685454967e-17
canyon,4.0766001685454967e-17
found in the,4.0766001685454967e-17
adaptation to the,4.0657581468206416e-17
answer is however,4.0657581468206416e-17
is however,4.0657581468206416e-17
the planet surface,4.060337135958214e-17
planet surface,4.060337135958214e-17
for the earth,4.0549161250957866e-17
the type,4.0488174878755556e-17
the type of,4.0488174878755556e-17
definitively determine why,4.048139861517752e-17
type of fish,4.0440741033709315e-17
destruction of,4.0332320816460765e-17
effort,4.01582026062408e-17
for solar panels,4.0115480381963664e-17
over time the,4.0115480381963664e-17
water does,4.0115480381963664e-17
the skunk,4.0115480381963664e-17
technique,4.006127027333939e-17
can grow,4.006127027333939e-17
moon not,4.0007060164715114e-17
pond,3.9979955110402976e-17
freeze,3.992913313356772e-17
shelter,3.9898639947466563e-17
consistent,3.9898639947466563e-17
as this,3.9898639947466563e-17
other options do,3.9898639947466563e-17
other options which,3.9898639947466563e-17
options which,3.9898639947466563e-17
causing them to,3.968179951296946e-17
the other answer,3.968179951296946e-17
occurrence in,3.968179951296946e-17
other answer choices,3.968179951296946e-17
causing them,3.968179951296946e-17
other answer,3.968179951296946e-17
without the,3.968179951296946e-17
is key factor,3.957337929572091e-17
wood and,3.9519169187096637e-17
moon not the,3.947851160562843e-17
the crust,3.946495907847236e-17
are the primary,3.939571413503432e-17
the answer to,3.935653886122381e-17
and dog,3.9329433806911673e-17
all three,3.93251986421754e-17
three cases,3.93251986421754e-17
all three cases,3.93251986421754e-17
in all three,3.93251986421754e-17
incorrect in all,3.93251986421754e-17
orbit is not,3.924811864397526e-17
allows them to,3.924811864397526e-17
application,3.9132922163148676e-17
formation of new,3.903127820947816e-17
asking for,3.903127820947816e-17
forests,3.903127820947816e-17
is key,3.903127820947816e-17
die,3.903127820947816e-17
sauce,3.903127820947816e-17
conductor of electricity,3.903127820947816e-17
magnetic field,3.903127820947816e-17
blustery,3.88884406613025e-17
south pole,3.882799030213713e-17
reflective,3.881443777498106e-17
materials that,3.881443777498106e-17
order to,3.881443777498106e-17
in order to,3.881443777498106e-17
support living,3.8803320467548346e-17
wind or,3.877716832530187e-17
to be incomplete,3.865180744910823e-17
be incomplete,3.865180744910823e-17
sky is,3.859759734048396e-17
cloudy,3.859759734048396e-17
is always,3.859759734048396e-17
for them to,3.859759734048396e-17
of plants in,3.848917712323541e-17
because alligators,3.838075690598686e-17
created,3.838075690598686e-17
rather as,3.82909714135779e-17
but rather as,3.82909714135779e-17
of energy for,3.8272336688738307e-17
that the exact,3.8163916471489756e-17
without directly,3.8163916471489756e-17
not common occurrence,3.8163916471489756e-17
may eat,3.8163916471489756e-17
winter season,3.8163916471489756e-17
anthill population,3.810970636286548e-17
the anthill population,3.810970636286548e-17
in the area,3.7730235602495554e-17
alligators,3.7730235602495554e-17
not produce light,3.7730235602495554e-17
more difficult,3.7730235602495554e-17
be as,3.7730235602495554e-17
for example,3.7730235602495554e-17
male,3.7621815385247004e-17
device used,3.7621815385247004e-17
the reason,3.7621815385247004e-17
atmospheric,3.756760527662273e-17
catch and,3.74049749507499e-17
properties are,3.729655473350135e-17
summer in,3.729655473350135e-17
makes them,3.729655473350135e-17
it is heated,3.729655473350135e-17
for specific,3.729655473350135e-17
consume food,3.729655473350135e-17
contain the,3.729655473350135e-17
summer in the,3.729655473350135e-17
in the environment,3.686287386450715e-17
because as,3.686287386450715e-17
heat therefore,3.686287386450715e-17
respiration to,3.686287386450715e-17
use energy,3.686287386450715e-17
be transferred,3.678155870157074e-17
the atmosphere,3.664603343001005e-17
would be between,3.664603343001005e-17
degrees,3.664603343001005e-17
does not create,3.664603343001005e-17
be between the,3.664603343001005e-17
be between,3.664603343001005e-17
the compass,3.642919299551295e-17
this question seems,3.642919299551295e-17
the winter season,3.642919299551295e-17
appear to,3.642919299551295e-17
be suitable,3.6374982886888674e-17
respiration to use,3.621235256101585e-17
the fish to,3.621235256101585e-17
tank top,3.608021542124418e-17
without more context,3.599551212651875e-17
for them,3.599551212651875e-17
evaporating,3.594130201789447e-17
about the gravitational,3.593113762252742e-17
moon phases are,3.5887091909270197e-17
phases are,3.5887091909270197e-17
to the situation,3.5887091909270197e-17
context as it,3.5778671692021646e-17
species in,3.5778671692021646e-17
which is essential,3.5778671692021646e-17
growth therefore,3.5561831257524545e-17
provide enough information,3.5561831257524545e-17
animals in the,3.5561831257524545e-17
allows the,3.5561831257524545e-17
strong winds,3.5561831257524545e-17
on other,3.5561831257524545e-17
to survive therefore,3.5561831257524545e-17
survive therefore,3.5561831257524545e-17
enough information,3.5561831257524545e-17
lioness,3.5561831257524545e-17
for plants to,3.5344990823027445e-17
process as,3.5344990823027445e-17
needing,3.5128150388530344e-17
typically characterized,3.5128150388530344e-17
where they can,3.5128150388530344e-17
typically characterized by,3.5128150388530344e-17
are still,3.507394027990607e-17
are not relevant,3.504683522559393e-17
provided as,3.504683522559393e-17
plausible answers,3.5019730171281793e-17
plant stem,3.5019730171281793e-17
in all,3.496552006265752e-17
colorado,3.493841500834538e-17
colorado river,3.493841500834538e-17
the colorado river,3.493841500834538e-17
the colorado,3.493841500834538e-17
not support living,3.49231684152948e-17
support living things,3.49231684152948e-17
the answer for,3.491130995403324e-17
all the deer,3.47452914963714e-17
in garage,3.473512710100435e-17
garage,3.473512710100435e-17
specific reason,3.472157457384828e-17
the moon is,3.469446951953614e-17
absorbed by,3.469446951953614e-17
not answer the,3.469446951953614e-17
process does,3.469446951953614e-17
not answer,3.469446951953614e-17
energy in the,3.469446951953614e-17
process does not,3.469446951953614e-17
and natural,3.469446951953614e-17
directly answer the,3.4640259410911867e-17
the specific context,3.447762908503904e-17
is because all,3.436920886779049e-17
because being,3.43319394181113e-17
cope with,3.426078865054194e-17
cope,3.426078865054194e-17
composition of the,3.426078865054194e-17
bacteria and,3.426078865054194e-17
to cope with,3.426078865054194e-17
to cope,3.426078865054194e-17
earth not,3.412865151077027e-17
the earth not,3.412865151077027e-17
positive impact,3.3989738107420564e-17
in such,3.3989738107420564e-17
duration,3.393552799879629e-17
the planets,3.3881317890172014e-17
chlorophyll does,3.384786008875547e-17
chlorophyll does not,3.384786008875547e-17
carton,3.382710778154774e-17
relative to the,3.382710778154774e-17
allows for,3.382710778154774e-17
for the answer,3.382710778154774e-17
its stinger,3.382710778154774e-17
taking,3.382710778154774e-17
indicating that,3.382710778154774e-17
material,3.382710778154774e-17
for cooking,3.3745792618611326e-17
intends,3.371868756429919e-17
intends to,3.371868756429919e-17
the question intends,3.371868756429919e-17
question intends,3.371868756429919e-17
intends to ask,3.371868756429919e-17
question intends to,3.371868756429919e-17
amount of waste,3.3528952184114225e-17
the most environmentally,3.350184712980209e-17
most environmentally friendly,3.350184712980209e-17
most environmentally,3.350184712980209e-17
its survival,3.3393426912553537e-17
health,3.3393426912553537e-17
animals do,3.3393426912553537e-17
is what causes,3.333921680392926e-17
resources the,3.3285006695304986e-17
functions therefore the,3.3285006695304986e-17
can cause harm,3.3285006695304986e-17
functions therefore,3.3285006695304986e-17
choice is not,3.3176586478056436e-17
without further context,3.312237636943216e-17
without further,3.312237636943216e-17
further context,3.312237636943216e-17
summer season,3.2959746043559335e-17
proportional to,3.2959746043559335e-17
proportional,3.2959746043559335e-17
existing,3.2959746043559335e-17
choice and,3.2959746043559335e-17
stored,3.2959746043559335e-17
incorrect the question,3.2875042748833905e-17
are generally more,3.2851325826310784e-17
in the production,3.2851325826310784e-17
that refers,3.2742905609062234e-17
term that refers,3.2742905609062234e-17
streamlined,3.2742905609062234e-17
that refers to,3.2742905609062234e-17
such as water,3.2715800554750096e-17
conservation of nonrenewable,3.2634485391813683e-17
choose,3.252606517456513e-17
process that occurs,3.252606517456513e-17
minerals are,3.252606517456513e-17
plants therefore,3.252606517456513e-17
is not home,3.2498960120252995e-17
defining,3.241764495731658e-17
are not plausible,3.241764495731658e-17
among the,3.230922474006803e-17
more difficult to,3.230922474006803e-17
any other,3.230922474006803e-17
refrigerator,3.230922474006803e-17
facilitate,3.218269919357192e-17
facilitate the,3.218269919357192e-17
animal can,3.2146594414195206e-17
food for,3.211948935988307e-17
instead it,3.209238430557093e-17
useful,3.209238430557093e-17
increasing,3.209238430557093e-17
and used,3.209238430557093e-17
orbit,3.209238430557093e-17
mammal,3.209238430557093e-17
other as,3.198396408832238e-17
oregano,3.198396408832238e-17
gas in,3.1977187824744346e-17
enough information to,3.187554387107383e-17
planet where the,3.187554387107383e-17
the planet where,3.187554387107383e-17
planet where,3.187554387107383e-17
continuous,3.176712365382528e-17
and the correct,3.165870343657673e-17
out the,3.165870343657673e-17
is not common,3.165870343657673e-17
valid explanation,3.146219179281373e-17
visible from,3.144186300207963e-17
is north,3.133344278483108e-17
asking for the,3.122502256758253e-17
allow for,3.122502256758253e-17
therefore the only,3.122502256758253e-17
not specifically,3.122502256758253e-17
summer,3.122502256758253e-17
zebra,3.122502256758253e-17
ice crystals,3.122502256758253e-17
question but rather,3.118372971140388e-17
like lemonade,3.116403619538022e-17
for the question,3.111660235033398e-17
and increased,3.111660235033398e-17
bacteria,3.1048839714553633e-17
that is closest,3.1008182133085427e-17
support its,3.099420608945573e-17
itself but,3.098107707877329e-17
anthill,3.095397202446115e-17
condense,3.0899761915836876e-17
writing,3.085910433436867e-17
that grow,3.08252230164785e-17
move faster,3.0791341698588326e-17
are made of,3.0791341698588326e-17
seasons in year,3.0791341698588326e-17
specific context,3.0791341698588326e-17
the golden,3.0682921481339775e-17
the golden eagle,3.0682921481339775e-17
and leaves,3.0574501264091225e-17
to more,3.0466081046842675e-17
promoting,3.0357660829594124e-17
the male,3.0357660829594124e-17
note this,3.0357660829594124e-17
in water,3.0357660829594124e-17
direct sunlight,3.0357660829594124e-17
it the most,3.0357660829594124e-17
and overall,3.0357660829594124e-17
it more,3.0140820395097023e-17
in the options,3.0140820395097023e-17
why an,2.992397996059992e-17
degradation,2.992397996059992e-17
distribution,2.992397996059992e-17
to cool,2.992397996059992e-17
be considered,2.992397996059992e-17
matter of,2.992397996059992e-17
and dry,2.986976985197565e-17
time as,2.981555974335137e-17
product that,2.970713952610282e-17
the situation,2.970713952610282e-17
the primary cause,2.970713952610282e-17
primary cause,2.970713952610282e-17
for writing,2.962582436316641e-17
the rationale provided,2.949029909160572e-17
conductors of electricity,2.949029909160572e-17
indicating,2.949029909160572e-17
have the same,2.949029909160572e-17
ability to move,2.949029909160572e-17
lot,2.949029909160572e-17
when the,2.949029909160572e-17
the conservation of,2.927345865710862e-17
such as insects,2.927345865710862e-17
the conservation,2.927345865710862e-17
at an,2.916503843986007e-17
motor,2.916503843986007e-17
the creature,2.9134545253758914e-17
layers of,2.905661822261152e-17
sun in,2.905661822261152e-17
attracts,2.905661822261152e-17
approximation,2.905661822261152e-17
are not correct,2.905661822261152e-17
the sun in,2.905661822261152e-17
engines,2.905661822261152e-17
over long,2.905661822261152e-17
clothing,2.883977778811442e-17
general and,2.883977778811442e-17
they need,2.883977778811442e-17
the anthill,2.878556767949014e-17
using its,2.867714746224159e-17
oxygen from the,2.862293735361732e-17
to use energy,2.862293735361732e-17
weight or,2.862293735361732e-17
valid explanation for,2.862293735361732e-17
surface of,2.862293735361732e-17
hard,2.862293735361732e-17
growth of,2.862293735361732e-17
to consider,2.862293735361732e-17
the surface of,2.862293735361732e-17
to another,2.862293735361732e-17
that provides,2.862293735361732e-17
shale,2.860938482646125e-17
to cause,2.8514517136368767e-17
on land,2.846030702774449e-17
source of food,2.8433201973432354e-17
will provide,2.8406096919120216e-17
is necessary for,2.8406096919120216e-17
not based,2.8297676701871666e-17
to this,2.8297676701871666e-17
not based on,2.8297676701871666e-17
four,2.824346659324739e-17
the question therefore,2.8189256484623115e-17
of this,2.8189256484623115e-17
breaking down,2.8189256484623115e-17
of nonrenewable resources,2.8080836267374565e-17
animals without,2.802662615875029e-17
animals without teeth,2.802662615875029e-17
without teeth,2.802662615875029e-17
reliable answer,2.801462873114582e-17
the hurricane,2.7863995832877464e-17
the summer season,2.7755575615628914e-17
the fan,2.7755575615628914e-17
convert,2.7755575615628914e-17
that would,2.7755575615628914e-17
to decline in,2.7755575615628914e-17
wind speed,2.7755575615628914e-17
beak,2.7755575615628914e-17
naturally and,2.7755575615628914e-17
to decline,2.7755575615628914e-17
not provided in,2.7538735181131813e-17
is the one,2.7538735181131813e-17
to catch and,2.7538735181131813e-17
primary reason,2.7538735181131813e-17
the primary reason,2.7538735181131813e-17
properly,2.7484525072507537e-17
barrier,2.7430314963883262e-17
through process,2.7403209909571125e-17
exchange,2.7321894746634712e-17
of animals,2.7321894746634712e-17
fires,2.7321894746634712e-17
this scenario,2.710505431213761e-17
least,2.699663409488906e-17
more environmentally friendly,2.6962752776998888e-17
position of,2.688821387764051e-17
mantle,2.688821387764051e-17
beneath,2.688821387764051e-17
the air the,2.667137344314341e-17
feed,2.667137344314341e-17
necessary information for,2.664426838883127e-17
fish and,2.653584817158272e-17
are responsible,2.6454533008646308e-17
are responsible for,2.6454533008646308e-17
helps to,2.6454533008646308e-17
do not provide,2.6454533008646308e-17
seems to be,2.6454533008646308e-17
december in,2.6454533008646308e-17
harmful to,2.6454533008646308e-17
december in the,2.6454533008646308e-17
of nonrenewable,2.6346112791397758e-17
absorbed by the,2.6346112791397758e-17
direction we,2.6237692574149207e-17
it is more,2.6237692574149207e-17
construction,2.6237692574149207e-17
likely outcome,2.6207199388048052e-17
on the moon,2.6183482465524932e-17
area the,2.6156377411212794e-17
do not cause,2.6075062248276382e-17
not convert,2.6020852139652106e-17
process and,2.6020852139652106e-17
to the coat,2.6020852139652106e-17
damp,2.6020852139652106e-17
oxygen from,2.6020852139652106e-17
the coat,2.6020852139652106e-17
so the number,2.6020852139652106e-17
as it is,2.6020852139652106e-17
possible,2.6020852139652106e-17
rather they,2.6020852139652106e-17
and is key,2.6020852139652106e-17
food which,2.5929372581348642e-17
blustery day,2.59252317152022e-17
potential energy,2.585822181377928e-17
seasons in,2.5804011705155006e-17
does not cause,2.5804011705155006e-17
june which is,2.565493390643825e-17
june which,2.565493390643825e-17
preceding june which,2.565493390643825e-17
one who,2.5587171270657905e-17
choices directly,2.5554084046155784e-17
of this question,2.553296116203363e-17
to the growth,2.5370330836160804e-17
location for,2.5261910618912253e-17
work,2.5207700510287978e-17
do not answer,2.5167042928819772e-17
eggs,2.5153490401663703e-17
lifetime,2.5153490401663703e-17
same way that,2.5153490401663703e-17
process in,2.5153490401663703e-17
resources as,2.5153490401663703e-17
climate change,2.5153490401663703e-17
phenomenon,2.5153490401663703e-17
body of,2.5153490401663703e-17
on the provided,2.5045070184415152e-17
of organic,2.5045070184415152e-17
adaptation is,2.473336205982557e-17
is source of,2.47198095326695e-17
digestive,2.47198095326695e-17
is source,2.47198095326695e-17
food through,2.47198095326695e-17
is because in,2.47198095326695e-17
not significant,2.47198095326695e-17
the moon not,2.4679151951201295e-17
the wild,2.4584284261108813e-17
in the wild,2.4584284261108813e-17
understanding that,2.45628214057549e-17
to exist,2.45029690981724e-17
is correct based,2.439454888092385e-17
sources in,2.4313233717987437e-17
through the use,2.4313233717987437e-17
retain its,2.42861286636753e-17
objects that,2.42861286636753e-17
tv screen,2.4231918555051024e-17
for the month,2.405573570202213e-17
its fur,2.4054888669074875e-17
not even,2.3906657903305373e-17
that description,2.3866000321837166e-17
have negative,2.3852447794681098e-17
wind and,2.3852447794681098e-17
energy the,2.3852447794681098e-17
perceive,2.377790889532272e-17
change therefore,2.3676264941652203e-17
to the presence,2.3445871979999033e-17
tiny water,2.3445871979999033e-17
tiny water droplets,2.3445871979999033e-17
good conductor,2.3418766925686896e-17
answer however,2.3418766925686896e-17
can be considered,2.3418766925686896e-17
free,2.3418766925686896e-17
winds,2.3418766925686896e-17
of matter of,2.3418766925686896e-17
pasta,2.3418766925686896e-17
light the,2.3418766925686896e-17
sunlight for,2.3418766925686896e-17
beverage,2.3405214398530827e-17
preceding june,2.3323899235594414e-17
month preceding june,2.3323899235594414e-17
the batteries,2.3283241654126208e-17
absorption,2.3201926491189795e-17
not typical,2.3201926491189795e-17
made by,2.3093506273941244e-17
speed of,2.2985086056692694e-17
is form of,2.2985086056692694e-17
is form,2.2985086056692694e-17
wasp,2.2985086056692694e-17
relationship with,2.2985086056692694e-17
injury,2.2985086056692694e-17
to the increased,2.2957981002380556e-17
carnivores,2.2836008257975937e-17
acid rain or,2.28042445224539e-17
led,2.2605615296322767e-17
alteration,2.2551405187698492e-17
it suitable,2.2551405187698492e-17
is not directly,2.2551405187698492e-17
from plants,2.2551405187698492e-17
good conductor of,2.2551405187698492e-17
are natural,2.2551405187698492e-17
mass of,2.2551405187698492e-17
not involve,2.2551405187698492e-17
amounts of,2.2551405187698492e-17
been,2.2551405187698492e-17
seeds being,2.2551405187698492e-17
the white blood,2.2449761234027976e-17
the opposite,2.2442984970449942e-17
rock is,2.233456475320139e-17
does not produce,2.233456475320139e-17
friction between the,2.233456475320139e-17
location of,2.233456475320139e-17
friction between,2.233456475320139e-17
the given answer,2.2232920799530875e-17
given answer,2.2232920799530875e-17
the geological formation,2.211772431870429e-17
geological formation of,2.211772431870429e-17
geological formation,2.211772431870429e-17
to complete one,2.211772431870429e-17
more food than,2.211772431870429e-17
the change in,2.211772431870429e-17
complete one,2.211772431870429e-17
is found,2.211772431870429e-17
good example of,2.190088388420719e-17
consider,2.190088388420719e-17
solar system,2.190088388420719e-17
good example,2.190088388420719e-17
northern,2.190088388420719e-17
other small,2.179246366695864e-17
the winter,2.168404344971009e-17
of objects,2.168404344971009e-17
fundamental principle of,2.168404344971009e-17
is not listed,2.168404344971009e-17
dna,2.168404344971009e-17
when the north,2.157362476410161e-17
skunks,2.1502993465956932e-17
works,2.1467203015212988e-17
pass,2.1467203015212988e-17
to be answered,2.144009796090085e-17
allow plants,2.137334117674537e-17
allow plants to,2.137334117674537e-17
logical,2.1358782797964437e-17
and this,2.13316777436523e-17
tossed,2.1304572689340162e-17
third,2.1250362580715887e-17
of resource,2.11148373091552e-17
are not reasonable,2.1033522146218786e-17
enter,2.1033522146218786e-17
protect the,2.1033522146218786e-17
distinct,2.1033522146218786e-17
harmful bacteria,2.1033522146218786e-17
final barrel,2.1013428274778648e-17
barrel,2.1013428274778648e-17
air the,2.087089182034596e-17
prone to,2.0816681711721685e-17
prone,2.0816681711721685e-17
from the other,2.0816681711721685e-17
magnets are,2.0816681711721685e-17
alligator,2.0816681711721685e-17
question without,2.0816681711721685e-17
dairy,2.0816681711721685e-17
cycle of plants,2.0816681711721685e-17
light which,2.0816681711721685e-17
note that this,2.0816681711721685e-17
gas and,2.076247160309741e-17
and in this,2.0735366548785272e-17
specific information,2.07092739635429e-17
the specific information,2.07092739635429e-17
so it can,2.0708261494473135e-17
animals can,2.065405138584886e-17
difference in,2.0599841277224584e-17
cycle and,2.0491421059976034e-17
kittens,2.0396978127128098e-17
heat can cause,2.0383000842727483e-17
engage in,2.0383000842727483e-17
by water,2.0383000842727483e-17
engage,2.0383000842727483e-17
of zebra,2.0383000842727483e-17
interaction between,2.033895512947026e-17
gill,2.029078013059517e-17
location of the,2.0274580625478933e-17
magnetic materials,2.0261028098322864e-17
the carbon,2.017971293538645e-17
flavors and,2.0166160408230382e-17
is closest,2.0166160408230382e-17
is closest to,2.0166160408230382e-17
in the pond,2.0003530082357557e-17
verdant organisms,1.9983201291623454e-17
so they,1.9949319973733282e-17
fighting,1.9949319973733282e-17
sun is the,1.9949319973733282e-17
food than,1.9949319973733282e-17
exposed to,1.9895109865109006e-17
passes,1.984089975648473e-17
for the moon,1.9786689647860456e-17
weathering is,1.973247953923618e-17
not suitable answer,1.973247953923618e-17
turning into,1.973247953923618e-17
an electric,1.9705374484924043e-17
the plant stem,1.962405932198763e-17
and using,1.951563910473908e-17
its mass,1.951563910473908e-17
species of,1.951563910473908e-17
because rabbits,1.940721888749053e-17
because rabbits are,1.940721888749053e-17
environment in this,1.929879867024198e-17
throughout the,1.929879867024198e-17
reduces the amount,1.927169361592984e-17
is released,1.9258141088773773e-17
are 24,1.919037845299343e-17
there are 24,1.919037845299343e-17
atmosphere and,1.9095510762900947e-17
correct answer however,1.9081958235744878e-17
large,1.9081958235744878e-17
because in desert,1.9081958235744878e-17
metal,1.9081958235744878e-17
can consume,1.9081958235744878e-17
digestive system,1.9081958235744878e-17
leading to,1.9081958235744878e-17
lays,1.9081958235744878e-17
reducing the,1.9081958235744878e-17
as they are,1.9081958235744878e-17
and form,1.8919327909872052e-17
the animal deals,1.8865117801247777e-17
deals,1.8865117801247777e-17
animal deals with,1.8865117801247777e-17
protection against,1.8865117801247777e-17
animal deals,1.8865117801247777e-17
deals with,1.8865117801247777e-17
magnets are attracted,1.886342373535327e-17
fertilizer,1.8810907692623502e-17
because when water,1.8648277366750676e-17
that occurs,1.8648277366750676e-17
at room,1.8648277366750676e-17
at room temperature,1.8648277366750676e-17
species to,1.8648277366750676e-17
from the stove,1.85940672581264e-17
note that other,1.8580514730970332e-17
for its survival,1.8465318250143747e-17
room temperature,1.8431436932253575e-17
animals are,1.8431436932253575e-17
substances like,1.8404290725705963e-17
how the animal,1.83772268236293e-17
about how the,1.83772268236293e-17
about how,1.83772268236293e-17
the outermost,1.8241701552068612e-17
outermost,1.8241701552068612e-17
viewing,1.821967869544e-17
nutrients the,1.8214596497756474e-17
of space,1.8214596497756474e-17
of the ocean,1.8214596497756474e-17
in desert,1.8214596497756474e-17
capable of,1.8214596497756474e-17
and survival,1.8214596497756474e-17
used for,1.8214596497756474e-17
question does,1.8214596497756474e-17
capable,1.8214596497756474e-17
the nail,1.816164370366328e-17
earth therefore the,1.8106176280507924e-17
the original,1.8083729907405685e-17
distance,1.7997756063259374e-17
is being,1.7997756063259374e-17
for reason,1.7997756063259374e-17
diversity,1.7997756063259374e-17
the animals,1.7943545954635098e-17
ways to,1.7889335846010823e-17
ground the,1.783343167149204e-17
different types,1.7780915628762273e-17
nutrients whereas,1.7780915628762273e-17
seeds in,1.7780915628762273e-17
making them,1.7780915628762273e-17
different types of,1.7780915628762273e-17
protection against the,1.7780915628762273e-17
answer is about,1.7726705520137997e-17
not contribute to,1.7672495411513722e-17
not contribute,1.7672495411513722e-17
is not significant,1.7564075194265172e-17
is not typical,1.7564075194265172e-17
not used,1.7564075194265172e-17
into electrical energy,1.7564075194265172e-17
into electrical,1.7564075194265172e-17
not affect the,1.7564075194265172e-17
off infections,1.748276003132876e-17
not reliable answer,1.745096320858222e-17
are the,1.734723475976807e-17
change the,1.734723475976807e-17
for growth,1.734723475976807e-17
note that,1.734723475976807e-17
the apple,1.734723475976807e-17
water does not,1.734723475976807e-17
therefore would,1.734723475976807e-17
development the,1.732351783724495e-17
by animals,1.7157499379583108e-17
atmospheric pressure,1.7157499379583108e-17
where the tv,1.713039432527097e-17
into water vapor,1.713039432527097e-17
cause matter to,1.7077401826508373e-17
cause matter,1.7077401826508373e-17
energy of,1.7049079162334557e-17
information for,1.6994869053710282e-17
allows the body,1.6979622460659705e-17
not support,1.691355389077387e-17
the environment in,1.691355389077387e-17
contribute to the,1.691355389077387e-17
of our,1.691355389077387e-17
processes such,1.691355389077387e-17
escape the,1.691355389077387e-17
processes such as,1.691355389077387e-17
beak is,1.691355389077387e-17
the spring,1.6859343782149594e-17
gradually,1.6859343782149594e-17
not directly answer,1.6859343782149594e-17
conduction,1.680513367352532e-17
the pasta,1.680513367352532e-17
that is often,1.6696713456276768e-17
have significant impact,1.6696713456276768e-17
for people,1.6588293239028218e-17
to the cause,1.6588293239028218e-17
two or,1.6588293239028218e-17
making of,1.6479873021779667e-17
the making of,1.6479873021779667e-17
and development,1.6479873021779667e-17
that lives in,1.6479873021779667e-17
the making,1.6479873021779667e-17
were,1.6479873021779667e-17
lives in,1.6479873021779667e-17
that lives,1.6479873021779667e-17
process can,1.6479873021779667e-17
and would,1.6479873021779667e-17
north the,1.6479873021779667e-17
position of the,1.6479873021779667e-17
on therefore the,1.6412110385999323e-17
on therefore,1.6412110385999323e-17
use of,1.634434775021898e-17
question only asks,1.620882247865829e-17
only asks,1.620882247865829e-17
question to,1.6181717424346154e-17
question to be,1.6181717424346154e-17
day is,1.6046192152785466e-17
object that,1.6046192152785466e-17
power is,1.6046192152785466e-17
of light and,1.6046192152785466e-17
skills,1.5829351718288365e-17
future,1.5612511283791264e-17
accurately reflect the,1.5612511283791264e-17
within the,1.5612511283791264e-17
instrument,1.5612511283791264e-17
of the animal,1.5612511283791264e-17
organisms require,1.5599276393990415e-17
to new,1.537534205856006e-17
fishing,1.5365124723633805e-17
flashlight does,1.5260145577733475e-17
flashlight does not,1.5260145577733475e-17
how,1.5178830414797062e-17
information to determine,1.5178830414797062e-17
cars in garage,1.5178830414797062e-17
is produced,1.5178830414797062e-17
species that,1.5178830414797062e-17
compared to,1.5178830414797062e-17
temperature during,1.5070410197548512e-17
temperature during the,1.5070410197548512e-17
it describes the,1.5016200088924236e-17
experiences,1.496198998029996e-17
or fertilizer,1.496198998029996e-17
also known,1.496198998029996e-17
also known as,1.496198998029996e-17
the world,1.485356976305141e-17
to remove,1.485356976305141e-17
remove,1.485356976305141e-17
crop,1.4826464708739273e-17
object that is,1.474514954580286e-17
food availability,1.4718044491490723e-17
occurrence of,1.454633006813084e-17
the occurrence of,1.454633006813084e-17
the occurrence,1.454633006813084e-17
step in the,1.452830911130576e-17
the transfer of,1.452830911130576e-17
the transfer,1.452830911130576e-17
do eat,1.452830911130576e-17
to its ability,1.452830911130576e-17
rises,1.452830911130576e-17
grow therefore the,1.452830911130576e-17
planet the,1.452830911130576e-17
can cause matter,1.4378437219200952e-17
dependent on,1.4365678785432934e-17
far,1.4352126258276865e-17
there are,1.431146867680866e-17
also not,1.431146867680866e-17
back to,1.431146867680866e-17
that magnets are,1.4230153513872246e-17
common behavior,1.4094628242311558e-17
of knowledge,1.4094628242311558e-17
this question without,1.4040418133687282e-17
top,1.4009924947586128e-17
does not support,1.3992984288641042e-17
the question specifically,1.3986208025063007e-17
nonetheless the rationale,1.3877787807814457e-17
plant species,1.3877787807814457e-17
function,1.3877787807814457e-17
we can,1.3877787807814457e-17
an electrical,1.3877787807814457e-17
this is because,1.3877787807814457e-17
matter of an,1.3877787807814457e-17
in other,1.3877787807814457e-17
home to,1.3877787807814457e-17
amoebas,1.3823577699190182e-17
typical,1.3660947373317356e-17
in general,1.3660947373317356e-17
animals may,1.360673726469308e-17
of the grand,1.360673726469308e-17
rainbow,1.3552527156068805e-17
glands,1.3552527156068805e-17
of the environment,1.3538974628912737e-17
this method,1.349831704744453e-17
growth in,1.3476294190815918e-17
necessary nutrients,1.3471211993132393e-17
cars in,1.3444106938820255e-17
the exact,1.3444106938820255e-17
is common behavior,1.3444106938820255e-17
exact,1.3444106938820255e-17
of cold,1.338989683019598e-17
hurricane,1.328147661294743e-17
and is not,1.3227266504323154e-17
used to create,1.3227266504323154e-17
stomach,1.3227266504323154e-17
soak,1.322049024074512e-17
question is about,1.3149339473175758e-17
but rather they,1.3145951341386741e-17
incorrect because they,1.3118846287074604e-17
which results in,1.3118846287074604e-17
which results,1.3118846287074604e-17
cloud,1.3010426069826053e-17
the composition of,1.3010426069826053e-17
option is to,1.3010426069826053e-17
the composition,1.3010426069826053e-17
periods,1.3010426069826053e-17
and sediment,1.292911090688964e-17
most effective,1.2847795743953228e-17
water air,1.2797578436145746e-17
water air and,1.2797578436145746e-17
energy and nutrients,1.2793585635328952e-17
sun which,1.2793585635328952e-17
an ecosystem,1.2793585635328952e-17
the sun which,1.2793585635328952e-17
purpose of,1.2766480581016815e-17
location and the,1.2630955309456127e-17
not listed,1.2576745200831851e-17
not lay eggs,1.2576745200831851e-17
that require,1.2576745200831851e-17
depth,1.2414114874959026e-17
reasonable rationale,1.235990476633475e-17
reasonable rationale for,1.235990476633475e-17
exposed,1.2332799712022613e-17
options because,1.22514845490862e-17
wall,1.22514845490862e-17
the park,1.2182027847411347e-17
reaches,1.2170169386149787e-17
is present,1.214306433183765e-17
nutrients from the,1.214306433183765e-17
bush,1.214306433183765e-17
the speed,1.214306433183765e-17
to sense,1.214306433183765e-17
strength,1.214306433183765e-17
grow and thrive,1.214306433183765e-17
hence there is,1.2061749168901237e-17
hence there,1.2061749168901237e-17
would not result,1.2034644114589099e-17
passing,1.1926223897340549e-17
introduction of new,1.1926223897340549e-17
leaves are,1.1926223897340549e-17
for energy,1.1872013788716274e-17
scents,1.1872013788716274e-17
and so,1.176698170325674e-17
for growing,1.1709383462843448e-17
the native,1.1709383462843448e-17
the grand,1.168227840853131e-17
the grand canyon,1.168227840853131e-17
grand,1.168227840853131e-17
grand canyon,1.168227840853131e-17
choices provide clear,1.1661261403527563e-17
of renewable,1.1600963245594897e-17
creates,1.1546753136970622e-17
of carnivore,1.1492543028346347e-17
are incorrect because,1.1492543028346347e-17
water flow,1.1492543028346347e-17
animals migrate,1.1492543028346347e-17
and growth,1.1492543028346347e-17
plant this,1.1384122811097797e-17
infections and,1.134346522962959e-17
is about how,1.1329912702473521e-17
components,1.1329912702473521e-17
to living,1.1329912702473521e-17
change therefore the,1.1289255121005315e-17
omnivores,1.1275702593849246e-17
oil is,1.1275702593849246e-17
correct because the,1.1275702593849246e-17
body of water,1.1275702593849246e-17
source of light,1.1275702593849246e-17
help the,1.1275702593849246e-17
tank,1.1167282376600696e-17
rationale therefore,1.115034171765561e-17
spring the,1.111307226797642e-17
into the world,1.1069026554719197e-17
where living,1.1031757105040008e-17
where living things,1.1031757105040008e-17
months the,1.0950441942103595e-17
effects on,1.0909784360635388e-17
feeds on,1.0842021724855044e-17
the least,1.0842021724855044e-17
nutritional,1.0842021724855044e-17
involves heating,1.0828469197698976e-17
shift,1.0787811616230769e-17
the largest,1.0733601507606494e-17
scarce this behavior,1.0733601507606494e-17
things can,1.0598076236045806e-17
living things can,1.0598076236045806e-17
which animals,1.0591299972467771e-17
changes the,1.0462550964485118e-17
other means,1.0408340855860843e-17
the most reasonable,1.0408340855860843e-17
not specify what,1.0408340855860843e-17
case the rationale,1.0408340855860843e-17
the organism,1.0408340855860843e-17
most reasonable answer,1.0408340855860843e-17
noise,1.0408340855860843e-17
and high,1.0408340855860843e-17
most reasonable,1.0408340855860843e-17
given answer is,1.030330877040131e-17
other celestial bodies,1.0299920638612292e-17
cause harm,1.0299920638612292e-17
consumer,1.0245710529988017e-17
amount of sunlight,1.0191500421363742e-17
stay,1.0191500421363742e-17
information for the,1.0020588363198035e-17
to various,9.974659986866641e-18
is not reliable,9.974659986866641e-18
reproductive,9.86623976961809e-18
cycle of,9.75781955236954e-18
hunting and,9.75781955236954e-18
the rationale should,9.75781955236954e-18
even if,9.75781955236954e-18
rationale should,9.75781955236954e-18
the nest,9.64939933512099e-18
freezes,9.540979117872439e-18
development and,9.540979117872439e-18
of power,9.540979117872439e-18
is common misconception,9.540979117872439e-18
crops,9.540979117872439e-18
is living,9.540979117872439e-18
solar radiation,9.432558900623889e-18
but among the,9.432558900623889e-18
patterns,9.432558900623889e-18
formed through the,9.432558900623889e-18
but among,9.432558900623889e-18
the digestion,9.378348791999613e-18
one generation,9.324138683375338e-18
from one generation,9.324138683375338e-18
called,9.324138683375338e-18
generation to,9.324138683375338e-18
one generation to,9.324138683375338e-18
gain energy from,9.324138683375338e-18
the wasp,9.324138683375338e-18
this can result,9.215718466126788e-18
environment but,9.161508357502512e-18
of climate change,9.107298248878237e-18
of climate,9.107298248878237e-18
egg,9.107298248878237e-18
april,9.053088140253962e-18
lead to decrease,9.012430558785756e-18
second,8.890457814381136e-18
stars in the,8.890457814381136e-18
undergoing,8.890457814381136e-18
matter to,8.890457814381136e-18
stars in,8.890457814381136e-18
present in,8.836247705756861e-18
are directly,8.782037597132586e-18
materials that are,8.754932542820448e-18
corn is,8.707498697774207e-18
into ice,8.697334302407156e-18
nonetheless the,8.673617379884035e-18
is living organism,8.673617379884035e-18
conductor is,8.673617379884035e-18
to hatch,8.673617379884035e-18
is that an,8.673617379884035e-18
and can be,8.673617379884035e-18
primary factor in,8.673617379884035e-18
is not living,8.673617379884035e-18
example of carnivore,8.565197162635485e-18
later on,8.475411670226529e-18
gases,8.456776945386935e-18
use their,8.40256683676266e-18
most suitable choice,8.267041565201971e-18
body therefore,8.239936510889834e-18
held,8.239936510889834e-18
creature,8.239936510889834e-18
hydroelectric,8.239936510889834e-18
hydroelectric power,8.239936510889834e-18
the necessary nutrients,8.212831456577696e-18
the balance,8.192502665843593e-18
are often associated,7.968885967768458e-18
groupers,7.911711243828792e-18
molten,7.806255641895632e-18
provided does,7.806255641895632e-18
is nonrenewable,7.806255641895632e-18
rationale provided does,7.806255641895632e-18
sense in this,7.806255641895632e-18
and store,7.806255641895632e-18
is nonrenewable resource,7.806255641895632e-18
transferred to the,7.806255641895632e-18
the elements,7.806255641895632e-18
embryo,7.779150587583494e-18
not survive,7.734893116089457e-18
water cycle,7.589415207398531e-18
sweetness,7.440337408681774e-18
most likely to,7.37257477290143e-18
terms,7.37257477290143e-18
the growth of,7.37257477290143e-18
they primarily,7.37257477290143e-18
mistake,7.345469718589293e-18
is process that,7.26415455565288e-18
freezing of water,7.237049501340742e-18
of volcanic,7.216720710606639e-18
and jungle monkeys,7.216720710606639e-18
and jungle,7.216720710606639e-18
option is still,7.047314121155779e-18
provided by,7.047314121155779e-18
is therefore,7.047314121155779e-18
pasta sauce,6.993104012531504e-18
helping to,6.9727752217974e-18
thing,6.938893903907228e-18
answer is as,6.938893903907228e-18
it harder,6.938893903907228e-18
proximity to,6.938893903907228e-18
unsuitable,6.830473686658678e-18
functions of,6.7220534694101275e-18
in question,6.640103031763274e-18
to see the,6.596692593216491e-18
taste flavors and,6.572975670693371e-18
cockroaches,6.572975670693371e-18
not commonly,6.521306660910858e-18
fertile,6.5052130349130266e-18
snow and,6.5052130349130266e-18
not play,6.5052130349130266e-18
in specific,6.5052130349130266e-18
us to,6.492507540704212e-18
water and minerals,6.457779189866786e-18
it is possible,6.342582709040201e-18
common source of,6.298510526003376e-18
common source,6.298510526003376e-18
value,6.288372600415926e-18
are not living,6.179952383167375e-18
making them more,6.179952383167375e-18
water this,6.179952383167375e-18
is fundamental principle,6.071532165918825e-18
the contents,6.071532165918825e-18
the equator,6.071532165918825e-18
drop,6.071532165918825e-18
grow from,6.071532165918825e-18
includes,6.071532165918825e-18
fundamental principle,6.071532165918825e-18
allow the,6.071532165918825e-18
year and,5.9631119486702744e-18
question is based,5.9631119486702744e-18
fingernail,5.888573049311896e-18
is the reason,5.854691731421724e-18
atmosphere,5.854691731421724e-18
living organism that,5.854691731421724e-18
fundamental aspect,5.854691731421724e-18
is fundamental aspect,5.854691731421724e-18
fundamental aspect of,5.854691731421724e-18
system therefore the,5.827586677109586e-18
why choice,5.761703395680963e-18
the native species,5.637851296924623e-18
eggs and,5.637851296924623e-18
the mass,5.637851296924623e-18
introduction,5.5294310796760726e-18
in an ecosystem,5.421010862427522e-18
the springtime,5.3939058081153846e-18
this method is,5.285485590866834e-18
beneficial,5.2753211954997825e-18
is most likely,5.204170427930421e-18
on the common,5.204170427930421e-18
is the process,5.204170427930421e-18
collection of,5.204170427930421e-18
which is natural,5.204170427930421e-18
energy for photosynthesis,5.204170427930421e-18
thin,5.204170427930421e-18
animals that can,5.204170427930421e-18
and the sun,5.095750210681871e-18
create new,5.041540102057596e-18
presented,4.9873299934333204e-18
will eventually,4.7704895589362195e-18
other celestial,4.662069341687669e-18
to the bear,4.641740550953566e-18
their surroundings,4.607859233063394e-18
incomplete it,4.451714003192984e-18
own food,4.445228907190568e-18
is characterized by,4.336808689942018e-18
photosynthesis therefore the,4.336808689942018e-18
photosynthesis therefore,4.336808689942018e-18
bone,4.336808689942018e-18
seasons the,4.336808689942018e-18
season in,4.336808689942018e-18
is characterized,4.336808689942018e-18
throughout,4.336808689942018e-18
move and,4.336808689942018e-18
cars,4.336808689942018e-18
against the,4.336808689942018e-18
of day and,4.336808689942018e-18
have the necessary,4.336808689942018e-18
relationship between the,4.336808689942018e-18
are moving,4.336808689942018e-18
different parts,4.336808689942018e-18
animal life,4.336808689942018e-18
rosebush,4.119968255444917e-18
consequences,4.119968255444917e-18
cool,4.119968255444917e-18
environment however,4.119968255444917e-18
in low,4.038653092508504e-18
completely,4.0115480381963664e-18
the question if,3.984442983884229e-18
question if the,3.984442983884229e-18
question if,3.984442983884229e-18
the freezing of,3.9302328752599536e-18
freezing of,3.9302328752599536e-18
this ability,3.903127820947816e-18
into smaller,3.903127820947816e-18
the lungs,3.903127820947816e-18
through its,3.903127820947816e-18
for the ability,3.903127820947816e-18
is described,3.903127820947816e-18
upon,3.903127820947816e-18
is described as,3.903127820947816e-18
rock layers,3.852305844112558e-18
in the water,3.848917712323541e-18
suggests that magnets,3.7807315600695696e-18
because it involves,3.686287386450715e-18
animals therefore the,3.672734859294646e-18
attracted to ferromagnetic,3.63207727782644e-18
from solution of,3.5914196963582334e-18
source of pollution,3.469446951953614e-18
is the most,3.469446951953614e-18
as this is,3.469446951953614e-18
of existing,3.469446951953614e-18
there is,3.469446951953614e-18
the surface,3.469446951953614e-18
question therefore,3.469446951953614e-18
in aquatic,3.469446951953614e-18
is large,3.469446951953614e-18
the heart,3.3881317890172014e-18
warm the,3.373679289354675e-18
introduction of,3.2526065174565133e-18
of them,3.198396408832238e-18
disappear,3.144186300207963e-18
fundamental characteristic of,3.06287113727155e-18
fundamental characteristic,3.06287113727155e-18
is fundamental characteristic,3.06287113727155e-18
greater than,3.0357660829594124e-18
instance,3.0357660829594124e-18
part,3.0357660829594124e-18
sudden,3.0357660829594124e-18
for instance,3.0357660829594124e-18
protective,3.0357660829594124e-18
option is incorrect,2.8189256484623115e-18
solar energy,2.656295322589486e-18
electricity and,2.6020852139652106e-18
new location,2.6020852139652106e-18
field is,2.6020852139652106e-18
chemicals,2.6020852139652106e-18
greater,2.6020852139652106e-18
temperature this,2.5478751053409354e-18
the reason why,2.4936649967166602e-18
without water,2.435352072254122e-18
survive without water,2.435352072254122e-18
steel,2.3852447794681098e-18
the correct choice,2.3852447794681098e-18
plant will,2.3629836948230827e-18
plant will not,2.3629836948230827e-18
the plant will,2.3629836948230827e-18
will not survive,2.2549869940481594e-18
considered for,2.236166980751353e-18
being considered for,2.236166980751353e-18
ocean is,2.168404344971009e-18
do not lay,2.168404344971009e-18
not reliable,2.168404344971009e-18
territory,2.168404344971009e-18
scanning,2.168404344971009e-18
their territory for,2.168404344971009e-18
scanning their,2.168404344971009e-18
scanning their territory,2.168404344971009e-18
on their own,2.168404344971009e-18
not lay,2.168404344971009e-18
the sensation of,2.168404344971009e-18
the sensation,2.168404344971009e-18
solid,2.168404344971009e-18
sensation,2.168404344971009e-18
sensation of,2.168404344971009e-18
time to,2.168404344971009e-18
territory for,2.168404344971009e-18
their territory,2.168404344971009e-18
not survive without,2.147863796000092e-18
used in the,2.083701050245579e-18
without water option,2.040290611698796e-18
correct and reasonable,1.951563910473908e-18
and reasonable rationale,1.951563910473908e-18
few,1.734723475976807e-18
organisms can,1.7076184216646695e-18
illumination,1.6420924822606688e-18
it would be,1.6398557858843255e-18
wood is,1.6263032587282567e-18
senses,1.616138863361205e-18
other senses,1.616138863361205e-18
significant impact,1.5178830414797062e-18
energy for the,1.5178830414797062e-18
stored in,1.5178830414797062e-18
it good,1.5178830414797062e-18
is capable of,1.4840017235895342e-18
is capable,1.4840017235895342e-18
shorter days,1.463672932855431e-18
disrupt the,1.463672932855431e-18
large animals,1.4094628242311558e-18
pass through,1.4094628242311558e-18
night sky,1.3010426069826053e-18
accidents,1.3010426069826053e-18
nutrients from,1.3010426069826053e-18
the night sky,1.3010426069826053e-18
into water,1.3010426069826053e-18
it essential to,1.3010426069826053e-18
it essential,1.3010426069826053e-18
the way,1.3010426069826053e-18
appearance of stars,1.3010426069826053e-18
essential for the,1.3010426069826053e-18
not undergo,1.1655173354219173e-18
to air,1.1384122811097797e-18
significant impact on,1.0842021724855044e-18
travel on,9.75781955236954e-19
as water,9.486769009248164e-19
therefore if,9.215718466126788e-19
sunlight therefore,8.673617379884035e-19
birds and,8.673617379884035e-19
sunlight therefore the,8.673617379884035e-19
support the,8.673617379884035e-19
systems,7.589415207398531e-19
such thing as,7.047314121155779e-19
such thing,7.047314121155779e-19
thing as,7.047314121155779e-19
no such,7.047314121155779e-19
no such thing,7.047314121155779e-19
is no such,7.047314121155779e-19
an alternative fuel,6.505213034913027e-19
the development,6.505213034913027e-19
solution of,5.488773498207866e-19
solution of water,5.488773498207866e-19
that occurs when,5.421010862427522e-19
plant based foods,4.336808689942018e-19
to move and,4.336808689942018e-19
are indeed,4.336808689942018e-19
specifically the,4.336808689942018e-19
as it involves,3.2526065174565133e-19
capacity,3.2526065174565133e-19
scenario the,2.168404344971009e-19
reduces the,2.168404344971009e-19
common example of,5.421010862427522e-20
common example,5.421010862427522e-20
describe the arctic,2.4087499437544166e-21
arctic environment therefore,1.4756902127946014e-21
living substances like,0.0
of raw material,0.0
not because humans,0.0
to sustain their,0.0
the sprouting of,0.0
process,0.0
fundamental force that,0.0
can not taste,0.0
sibling,0.0
the sprouting,0.0
to exist therefore,0.0
composition of sleet,0.0
sprouting,0.0
humans from,0.0
definition therefore,0.0
error therefore it,0.0
error therefore,0.0
sprouting of an,0.0
sprouting of,0.0
given question contains,0.0
not taste flavors,0.0
and so on,0.0
context the given,0.0
involve the occurrence,0.0
flavors and so,0.0
prey animal,0.0
an error therefore,0.0
is fundamental force,0.0
pressing,0.0
sustain their,0.0
fundamental force,0.0
come into the,0.0
to the seeds,0.0
substances like water,0.0
skunks are,0.0
so on,0.0
so on therefore,0.0
that definition,0.0
that definition therefore,0.0
earth is the,0.0
becomes,0.0
in the sahara,0.0
air and minerals,0.0
or the sprouting,0.0
occurrence of friction,0.0
satisfy that definition,0.0
secretion,0.0
protect humans from,0.0
possible to exist,0.0
like water air,0.0
protect humans,0.0
exist therefore,0.0
asks for definition,0.0
for definition,0.0
for definition of,0.0
exist therefore the,0.0
the arctic environment,-2.3161057151484775e-22
arctic environment,-2.3161057151484775e-22
what creates,-1.0984958534704208e-21
for what creates,-1.0984958534704208e-21
non living substances,-5.421010862427522e-20
living substances,-5.421010862427522e-20
not necessarily related,-1.0842021724855044e-19
wind is,-1.0842021724855044e-19
necessarily related,-1.0842021724855044e-19
necessarily related to,-1.0842021724855044e-19
third example is,-1.0842021724855044e-19
immune system and,-1.0842021724855044e-19
and maintain the,-1.8973538018496328e-19
the environment and,-2.168404344971009e-19
not known to,-2.168404344971009e-19
specific type,-2.168404344971009e-19
specific type of,-2.168404344971009e-19
plant species to,-2.168404344971009e-19
vascular,-2.981555974335137e-19
vascular system,-2.981555974335137e-19
energy the other,-3.2526065174565133e-19
and that,-4.336808689942018e-19
that occur,-4.336808689942018e-19
the cookies,-4.762839792631329e-19
because humans can,-5.554004961313798e-19
styrofoam,-5.692061405548898e-19
cookies,-6.352846366080759e-19
question specifically,-7.047314121155779e-19
freezing and,-7.589415207398531e-19
do not contribute,-7.589415207398531e-19
land and,-7.860465750519907e-19
growth and development,-8.673617379884035e-19
of organisms,-8.673617379884035e-19
material that,-8.673617379884035e-19
energy therefore the,-8.673617379884035e-19
electric current,-8.673617379884035e-19
basic,-8.673617379884035e-19
not make it,-8.944667923005412e-19
selected choice is,-9.75781955236954e-19
directly relate to,-9.75781955236954e-19
carry out,-9.75781955236954e-19
as they move,-9.893344823930228e-19
yarn,-1.0842021724855044e-18
earth therefore,-1.0842021724855044e-18
the flashlight,-1.0842021724855044e-18
reduce the amount,-1.1926223897340549e-18
for reason why,-1.2468324983583301e-18
of an island,-1.294266343404571e-18
an alternative,-1.3010426069826053e-18
behind the,-1.3010426069826053e-18
this is different,-1.3010426069826053e-18
the primary factor,-1.3010426069826053e-18
is typically associated,-1.3010426069826053e-18
primary factor,-1.3010426069826053e-18
support,-1.3010426069826053e-18
designed for,-1.3010426069826053e-18
system therefore,-1.4094628242311558e-18
way it,-1.4094628242311558e-18
the way it,-1.4094628242311558e-18
man,-1.5178830414797062e-18
with other liquids,-1.5784458972083887e-18
liquids to create,-1.5784458972083887e-18
other liquids to,-1.5784458972083887e-18
other liquids,-1.5784458972083887e-18
of flower,-1.6263032587282567e-18
into energy,-1.6805133673525319e-18
example the question,-1.7076184216646695e-18
the development of,-1.734723475976807e-18
for life,-1.734723475976807e-18
not clear,-1.734723475976807e-18
be that none,-1.734723475976807e-18
transfer heat,-1.734723475976807e-18
not determined,-1.734723475976807e-18
not determined by,-1.734723475976807e-18
is commonly,-1.8431436932253575e-18
can be mixed,-1.9060888291181927e-18
for the body,-1.951563910473908e-18
and has,-1.951563910473908e-18
not something that,-1.954952042262925e-18
not something,-1.954952042262925e-18
essential to,-2.0599841277224584e-18
flow and the,-2.1074179727686992e-18
mention that,-2.168404344971009e-18
support for,-2.168404344971009e-18
is one,-2.168404344971009e-18
since the question,-2.168404344971009e-18
abilities,-2.168404344971009e-18
asexually,-2.3683041205230237e-18
correct choice,-2.3852447794681098e-18
helps the,-2.3852447794681098e-18
and humans,-2.3852447794681098e-18
sun causes,-2.4123498337802474e-18
the sun causes,-2.4123498337802474e-18
diet and,-2.4936649967166602e-18
still be,-2.6020852139652106e-18
safety,-2.6020852139652106e-18
will still,-2.6020852139652106e-18
to fly,-2.6020852139652106e-18
circuit,-2.6020852139652106e-18
to preserve,-2.8189256484623115e-18
items that,-2.8189256484623115e-18
of bacteria,-2.8731357570865868e-18
jungle monkeys,-2.9680034471790684e-18
field,-3.0357660829594124e-18
largest,-3.0357660829594124e-18
and the given,-3.0763839597582163e-18
no rationale for,-3.144186300207963e-18
therefore there,-3.144186300207963e-18
scavenger,-3.198396408832238e-18
to crack,-3.198396408832238e-18
reasons,-3.2593827810345477e-18
reasons for,-3.2593827810345477e-18
detrimental,-3.342392009865469e-18
because it does,-3.469446951953614e-18
living,-3.469446951953614e-18
altering the,-3.469446951953614e-18
do not necessarily,-3.469446951953614e-18
inner core,-3.469446951953614e-18
inner,-3.469446951953614e-18
things,-3.469446951953614e-18
creator,-3.686287386450715e-18
the embryo,-3.686287386450715e-18
given information therefore,-3.706616177184818e-18
correct the,-3.74049749507499e-18
it important,-3.848917712323541e-18
it important to,-3.848917712323541e-18
or during,-3.903127820947816e-18
temperature of,-3.903127820947816e-18
process is key,-3.903127820947816e-18
suspended,-3.9471735342050396e-18
not accurately answer,-3.957337929572091e-18
the air cools,-4.0048247141775354e-18
air cools,-4.0048247141775354e-18
environments therefore,-4.0115480381963664e-18
if they are,-4.0115480381963664e-18
nutrients to the,-4.0115480381963664e-18
their bodies,-4.038653092508504e-18
the location of,-4.119968255444917e-18
however if,-4.119968255444917e-18
of the body,-4.119968255444917e-18
the information provided,-4.228388472693467e-18
additional context therefore,-4.228388472693467e-18
determine the,-4.336808689942018e-18
allows them,-4.336808689942018e-18
the skeletal,-4.336808689942018e-18
skeletal system,-4.336808689942018e-18
the skeletal system,-4.336808689942018e-18
spout,-4.336808689942018e-18
skeletal,-4.336808689942018e-18
it can not,-4.336808689942018e-18
however since the,-4.336808689942018e-18
neighbor,-4.377466271410224e-18
is actively,-4.4994390158148434e-18
question rationale,-4.553649124439119e-18
suitable choice,-4.553649124439119e-18
set,-4.553649124439119e-18
and an,-4.553649124439119e-18
resources for the,-4.662069341687669e-18
not because the,-4.718456589684184e-18
total number of,-4.747649447862405e-18
the total number,-4.747649447862405e-18
total number,-4.747649447862405e-18
smoother,-4.7704895589362195e-18
person can,-4.7704895589362195e-18
year this,-5.095750210681871e-18
humans can not,-5.095750210681871e-18
what contains,-5.152501418147909e-18
to humans,-5.204170427930421e-18
the wind,-5.204170427930421e-18
step,-5.204170427930421e-18
survival this,-5.204170427930421e-18
step in,-5.204170427930421e-18
materials such,-5.204170427930421e-18
presented in the,-5.204170427930421e-18
presented in,-5.204170427930421e-18
materials such as,-5.204170427930421e-18
outcome,-5.2583805365546965e-18
option which,-5.2583805365546965e-18
moon and,-5.285485590866834e-18
peat rich,-5.312590645178972e-18
or in,-5.407458335271453e-18
of what,-5.421010862427522e-18
nectar from,-5.421010862427522e-18
the earth therefore,-5.421010862427522e-18
pieces,-5.4752209710517974e-18
of water into,-5.4752209710517974e-18
in terms of,-5.637851296924623e-18
in terms,-5.637851296924623e-18
rationale is based,-5.637851296924623e-18
terms of,-5.637851296924623e-18
tearing,-5.637851296924623e-18
the tv,-5.637851296924623e-18
prey making,-5.664956351236761e-18
natural processes,-5.854691731421724e-18
body from,-5.854691731421724e-18
the body from,-5.854691731421724e-18
materials like,-5.854691731421724e-18
moon therefore the,-5.908901840045999e-18
during which,-6.071532165918825e-18
this phenomenon,-6.071532165918825e-18
not move,-6.071532165918825e-18
are either,-6.071532165918825e-18
therefore is,-6.071532165918825e-18
the use,-6.179952383167375e-18
the use of,-6.179952383167375e-18
preservation,-6.212123091550788e-18
which can cause,-6.396792817664476e-18
nonrenewable resources,-6.396792817664476e-18
needed to,-6.423897871976614e-18
their own food,-6.478107980600889e-18
pollination,-6.5052130349130266e-18
dioxide and water,-6.5052130349130266e-18
is reasonable,-6.5052130349130266e-18
evaporates,-6.5052130349130266e-18
rosebush to grow,-6.613633252161577e-18
rosebush to,-6.613633252161577e-18
grow from the,-6.613633252161577e-18
saltwater,-6.7220534694101275e-18
energy stored,-6.7220534694101275e-18
whole,-6.7220534694101275e-18
for producing,-6.7220534694101275e-18
activities during,-6.830473686658678e-18
not possible to,-6.830473686658678e-18
suggest that,-6.830473686658678e-18
to salt,-6.915176981384108e-18
where water is,-6.930423574434685e-18
because the,-6.938893903907228e-18
table,-6.938893903907228e-18
depending on the,-6.938893903907228e-18
reptiles,-6.938893903907228e-18
rings,-6.938893903907228e-18
it is used,-6.993104012531504e-18
which means,-7.101524229780054e-18
is transparent,-7.15573433840433e-18
allowing us,-7.209944447028604e-18
allowing us to,-7.209944447028604e-18
resources for,-7.209944447028604e-18
in low light,-7.294647741754035e-18
low light conditions,-7.294647741754035e-18
broken down,-7.37257477290143e-18
this question the,-7.37257477290143e-18
undergoes,-7.37257477290143e-18
red pasta,-7.37257477290143e-18
moving in,-7.37257477290143e-18
red pasta sauce,-7.37257477290143e-18
animals the,-7.413232354369637e-18
answer is option,-7.589415207398531e-18
are not known,-7.589415207398531e-18
32,-7.731716742537253e-18
helping,-7.752045533271357e-18
object the,-7.806255641895632e-18
clouds,-7.806255641895632e-18
are adapted,-7.806255641895632e-18
at different times,-7.806255641895632e-18
animals such as,-7.806255641895632e-18
is typically made,-7.806255641895632e-18
different times,-7.806255641895632e-18
are adapted to,-7.806255641895632e-18
animals such,-7.806255641895632e-18
heart,-7.860465750519907e-18
the answer being,-7.914675859144182e-18
provided therefore the,-7.92399322156398e-18
to create new,-7.968885967768458e-18
produce offspring,-8.077306185017008e-18
outcome would be,-8.11118750290718e-18
outcome would,-8.11118750290718e-18
likely outcome would,-8.11118750290718e-18
of iron,-8.185726402265558e-18
the water is,-8.239936510889834e-18
do not eat,-8.239936510889834e-18
options and,-8.239936510889834e-18
compared,-8.239936510889834e-18
you to,-8.456776945386935e-18
solid and,-8.456776945386935e-18
temperature therefore,-8.456776945386935e-18
is not because,-8.51098705401121e-18
tadpoles,-8.565197162635485e-18
farther,-8.565197162635485e-18
they consume,-8.565197162635485e-18
because they are,-8.673617379884035e-18
feeds,-8.673617379884035e-18
answer being,-8.673617379884035e-18
falling,-8.673617379884035e-18
be seen,-8.673617379884035e-18
equator,-8.673617379884035e-18
that will,-8.673617379884035e-18
to determine the,-8.673617379884035e-18
additional information,-8.673617379884035e-18
fish to,-8.673617379884035e-18
method is,-8.782037597132586e-18
tides,-8.782037597132586e-18
room the,-8.782037597132586e-18
shapes,-8.798752435770445e-18
bodily functions,-8.890457814381136e-18
to fight,-8.971772977317549e-18
of refraction,-8.998878031629687e-18
in food,-8.998878031629687e-18
trees and,-8.998878031629687e-18
should mention,-9.107298248878237e-18
similar,-9.107298248878237e-18
dioxide and,-9.107298248878237e-18
relationships,-9.107298248878237e-18
rationale should mention,-9.107298248878237e-18
carbon dioxide and,-9.107298248878237e-18
looking,-9.107298248878237e-18
its ability to,-9.107298248878237e-18
its ability,-9.107298248878237e-18
should mention that,-9.107298248878237e-18
to restore,-9.269928574751063e-18
answer is correct,-9.284116376617572e-18
that has been,-9.2970336290632e-18
the excretory system,-9.324138683375338e-18
birds of,-9.324138683375338e-18
serve as,-9.324138683375338e-18
birds of prey,-9.324138683375338e-18
the excretory,-9.324138683375338e-18
from the source,-9.324138683375338e-18
provide reason,-9.331947268357839e-18
choices provide reason,-9.331947268357839e-18
is not used,-9.41900637346782e-18
foliage,-9.432558900623889e-18
allow you to,-9.486769009248164e-18
allow you,-9.486769009248164e-18
safely,-9.486769009248164e-18
alternative fuel,-9.540979117872439e-18
stinger,-9.540979117872439e-18
parts of the,-9.540979117872439e-18
contributing to,-9.540979117872439e-18
criteria for the,-9.596883292391223e-18
contributing to the,-9.598577358285731e-18
not directly relate,-9.64939933512099e-18
it would not,-9.703609443745265e-18
through medium,-9.75781955236954e-18
crust is,-9.75781955236954e-18
because an electron,-9.75781955236954e-18
temperatures and,-9.75781955236954e-18
the answer the,-9.786618672576186e-18
should explain,-9.843369880042224e-18
should explain why,-9.843369880042224e-18
is because water,-9.86623976961809e-18
the beach,-9.86623976961809e-18
therefore there is,-9.920449878242366e-18
correct answer in,-9.974659986866641e-18
determines the,-9.974659986866641e-18
of all,-9.974659986866641e-18
creative,-9.974659986866641e-18
given options the,-9.974659986866641e-18
is significant,-1.0083080204115191e-17
the phenomenon of,-1.0083080204115191e-17
the chicken,-1.0150842839895535e-17
to provide definitive,-1.0191500421363742e-17
extracted,-1.0245710529988017e-17
answer is which,-1.0354130747236567e-17
time this,-1.0408340855860843e-17
suitable answer the,-1.0408340855860843e-17
hours,-1.0408340855860843e-17
by providing,-1.0408340855860843e-17
they do not,-1.0408340855860843e-17
the decomposition,-1.0408340855860843e-17
of metal,-1.0408340855860843e-17
flow and,-1.0408340855860843e-17
to withstand,-1.054386612742153e-17
is key aspect,-1.0625181290357943e-17
not result in,-1.0625181290357943e-17
erosion of,-1.0625181290357943e-17
drinking,-1.0625181290357943e-17
options would be,-1.0652286344670081e-17
the environment but,-1.0679391398982219e-17
and minerals,-1.0706496453294356e-17
bowl,-1.0733601507606494e-17
used in,-1.0821692934120941e-17
required,-1.0842021724855044e-17
nutritious,-1.0842021724855044e-17
energy stored in,-1.0842021724855044e-17
farmers,-1.0842021724855044e-17
answer and the,-1.0858115350852876e-17
is common example,-1.100465205072787e-17
its size,-1.1058862159352145e-17
information therefore,-1.1106296004398386e-17
of habitat,-1.1167282376600696e-17
which are often,-1.1167282376600696e-17
which is more,-1.1262150066693177e-17
first,-1.1275702593849246e-17
rotation of,-1.1275702593849246e-17
the immune system,-1.1275702593849246e-17
the rotation of,-1.1275702593849246e-17
that grow from,-1.1455273578667158e-17
is living thing,-1.1492543028346347e-17
generation,-1.1492543028346347e-17
droplets or,-1.1492543028346347e-17
daughter,-1.1492543028346347e-17
positive impact on,-1.1546753136970622e-17
function of the,-1.157385819128276e-17
rabbits,-1.1600963245594897e-17
to food,-1.1709383462843448e-17
process of decomposition,-1.1709383462843448e-17
an effective,-1.1709383462843448e-17
in animals,-1.1709383462843448e-17
within,-1.1709383462843448e-17
organisms that can,-1.1753429176100672e-17
chloroplasts,-1.1817803680091998e-17
serves,-1.1817803680091998e-17
features,-1.1926223897340549e-17
one of,-1.2034644114589099e-17
to the water,-1.214306433183765e-17
of plant based,-1.214306433183765e-17
gasoline,-1.214306433183765e-17
body therefore the,-1.214306433183765e-17
compass,-1.214306433183765e-17
to the body,-1.214306433183765e-17
means that,-1.214306433183765e-17
transportation,-1.2156616858993718e-17
for the survival,-1.2197274440461925e-17
first step,-1.22514845490862e-17
the first step,-1.22514845490862e-17
first step in,-1.22514845490862e-17
of the object,-1.235990476633475e-17
and it can,-1.235990476633475e-17
to the next,-1.235990476633475e-17
often referred to,-1.235990476633475e-17
meaning of the,-1.235990476633475e-17
specific meaning of,-1.235990476633475e-17
specific meaning,-1.235990476633475e-17
the specific meaning,-1.235990476633475e-17
meaning of,-1.235990476633475e-17
often referred,-1.235990476633475e-17
moonlight,-1.2414114874959026e-17
food this,-1.2468324983583301e-17
to the new,-1.2468324983583301e-17
vary,-1.2468324983583301e-17
back into,-1.2563192673675783e-17
would provide,-1.2576745200831851e-17
the ocean is,-1.2576745200831851e-17
all the,-1.2576745200831851e-17
asks for reason,-1.2584176591455028e-17
migrate,-1.2685165418080402e-17
the phenomenon,-1.2685165418080402e-17
of prey,-1.2739375526704677e-17
the temperature in,-1.2739375526704677e-17
owls,-1.2793585635328952e-17
tree rings,-1.2793585635328952e-17
are directly related,-1.2793585635328952e-17
ink,-1.2793585635328952e-17
the solar,-1.3007037938037036e-17
parts of,-1.3010426069826053e-17
the winter solstice,-1.3010426069826053e-17
platypus,-1.3010426069826053e-17
principle of,-1.3010426069826053e-17
the choice of,-1.3010426069826053e-17
making it easier,-1.3010426069826053e-17
product of,-1.3010426069826053e-17
other options would,-1.3064636178450328e-17
they can help,-1.3118846287074604e-17
of raw,-1.3118846287074604e-17
this interaction,-1.3173056395698879e-17
in the surrounding,-1.3227266504323154e-17
insulation,-1.3227266504323154e-17
the transportation,-1.328147661294743e-17
part of,-1.3444106938820255e-17
to one,-1.3525422101756668e-17
look,-1.353558649712372e-17
pink,-1.3660947373317356e-17
incorrect therefore,-1.3769367590565906e-17
source of power,-1.3769367590565906e-17
city dwellers,-1.3877787807814457e-17
species and,-1.3877787807814457e-17
among the given,-1.3877787807814457e-17
contributing,-1.3877787807814457e-17
of the food,-1.3877787807814457e-17
option,-1.3877787807814457e-17
such as those,-1.3877787807814457e-17
reasonable,-1.3877787807814457e-17
plays crucial,-1.3986208025063007e-17
plays crucial role,-1.3986208025063007e-17
soles,-1.40157482990985e-17
see in,-1.4094628242311558e-17
the moon and,-1.4094628242311558e-17
it is this,-1.4094628242311558e-17
lose heat,-1.4135285823779764e-17
accurate term would,-1.4157626317763596e-17
term would,-1.4157626317763596e-17
term would be,-1.4157626317763596e-17
the introduction,-1.4203048459560108e-17
the introduction of,-1.4203048459560108e-17
for choice,-1.431146867680866e-17
the rotation,-1.431146867680866e-17
are designed,-1.431146867680866e-17
are designed to,-1.431146867680866e-17
the body through,-1.431146867680866e-17
if,-1.431146867680866e-17
animals as,-1.4365678785432934e-17
them with,-1.441988889405721e-17
liquids to,-1.4474099002681484e-17
specific definition,-1.452830911130576e-17
to provide valid,-1.452830911130576e-17
the specific definition,-1.452830911130576e-17
sun causes the,-1.4643505592132344e-17
energy therefore,-1.474514954580286e-17
valleys,-1.474514954580286e-17
meaning they,-1.474514954580286e-17
occurrence,-1.474514954580286e-17
one of the,-1.485356976305141e-17
the electrical,-1.4907779871675686e-17
about the moon,-1.4929802728304298e-17
intense,-1.5070410197548512e-17
excretory system,-1.509751525186065e-17
excretory,-1.509751525186065e-17
it would,-1.5124620306172787e-17
object as,-1.5178830414797062e-17
based foods,-1.5178830414797062e-17
they are the,-1.5178830414797062e-17
then transported,-1.5178830414797062e-17
then transported to,-1.5178830414797062e-17
in nature,-1.5178830414797062e-17
rock or,-1.5178830414797062e-17
is then transported,-1.5178830414797062e-17
thru,-1.5287250632045613e-17
not designed to,-1.5287250632045613e-17
to these,-1.53588249160886e-17
therefore is not,-1.5395670849294163e-17
why it is,-1.5395670849294163e-17
the energy stored,-1.5504091066542713e-17
wax,-1.5580429910914007e-17
waste is,-1.5612511283791264e-17
however the question,-1.5612511283791264e-17
at night,-1.5612511283791264e-17
in tight spaces,-1.5612511283791264e-17
body and,-1.5612511283791264e-17
converted,-1.5612511283791264e-17
tight spaces,-1.5612511283791264e-17
in tight,-1.5612511283791264e-17
any of,-1.5612511283791264e-17
of pasta,-1.5612511283791264e-17
peat,-1.5612511283791264e-17
flashlight produces,-1.570029169039539e-17
that there,-1.5720931501039814e-17
on roads,-1.5829351718288365e-17
fish are,-1.5829351718288365e-17
for solar,-1.5829351718288365e-17
in determining the,-1.588356182691264e-17
illustrates the,-1.5937771935536915e-17
illustrates,-1.5937771935536915e-17
this illustrates the,-1.5937771935536915e-17
this illustrates,-1.5937771935536915e-17
made of materials,-1.599198204416119e-17
hour,-1.6046192152785466e-17
to the planet,-1.6046192152785466e-17
that primarily feeds,-1.6046192152785466e-17
maintaining the,-1.6046192152785466e-17
primarily feeds,-1.6046192152785466e-17
primarily feeds on,-1.6046192152785466e-17
more easily,-1.610040226140974e-17
need,-1.6263032587282567e-17
increases the,-1.6263032587282567e-17
radiation therefore,-1.6398557858843255e-17
the expansion of,-1.643921544031146e-17
break,-1.6479873021779667e-17
likely choice,-1.6479873021779667e-17
principles of,-1.6479873021779667e-17
principles,-1.6479873021779667e-17
water therefore the,-1.6479873021779667e-17
best answer in,-1.6479873021779667e-17
most likely choice,-1.6479873021779667e-17
transported,-1.6479873021779667e-17
of rocks and,-1.6479873021779667e-17
rise,-1.6479873021779667e-17
not reasonable,-1.6588293239028218e-17
the meat,-1.6601845766184287e-17
applies,-1.6692901808014124e-17
is converted into,-1.6696713456276768e-17
absorbing,-1.6696713456276768e-17
and cars,-1.6737371037744975e-17
is not necessary,-1.6750923564901044e-17
other than,-1.680513367352532e-17
is but,-1.691355389077387e-17
are not designed,-1.691355389077387e-17
answer is but,-1.691355389077387e-17
more likely outcome,-1.692371828614092e-17
duck,-1.6967763999398144e-17
creates valley,-1.7066019821279643e-17
and river,-1.713039432527097e-17
the largest organ,-1.7184604433895245e-17
new environment,-1.7198156961051314e-17
capacity to,-1.723881454251952e-17
bodies of,-1.734723475976807e-17
breathe,-1.734723475976807e-17
including the,-1.734723475976807e-17
that is typically,-1.734723475976807e-17
to function,-1.734723475976807e-17
restore,-1.745565497701662e-17
heats up,-1.7509865085640897e-17
likely that,-1.7564075194265172e-17
50,-1.7780915628762273e-17
that can consume,-1.7780915628762273e-17
which may,-1.7780915628762273e-17
tape measure is,-1.7780915628762273e-17
measure is,-1.7780915628762273e-17
us,-1.7814796946652445e-17
not designed,-1.7889335846010823e-17
however the correct,-1.7997756063259374e-17
the cabin,-1.81603863891322e-17
is impossible to,-1.8214596497756474e-17
of which,-1.8214596497756474e-17
which do not,-1.8214596497756474e-17
in an,-1.8214596497756474e-17
sting,-1.8214596497756474e-17
measure wind,-1.8214596497756474e-17
or gather,-1.8214596497756474e-17
thing that can,-1.8214596497756474e-17
can consume or,-1.8214596497756474e-17
harsh weather conditions,-1.8214596497756474e-17
harsh weather,-1.8214596497756474e-17
ingredients,-1.8214596497756474e-17
gather nutrients,-1.8214596497756474e-17
it is impossible,-1.8214596497756474e-17
consume or gather,-1.8214596497756474e-17
measure wind speed,-1.8214596497756474e-17
not affect,-1.8214596497756474e-17
is impossible,-1.8214596497756474e-17
through the circulatory,-1.8214596497756474e-17
or gather nutrients,-1.8214596497756474e-17
not necessary for,-1.826880660638075e-17
co2,-1.8295911660692887e-17
specific location,-1.8323016715005025e-17
example is,-1.8323016715005025e-17
moon is the,-1.8404331877941438e-17
lungs,-1.8431436932253575e-17
melting point,-1.8431436932253575e-17
conduct electricity,-1.8431436932253575e-17
the distance from,-1.8431436932253575e-17
is different from,-1.8431436932253575e-17
on the assumption,-1.8648277366750676e-17
not significantly,-1.8648277366750676e-17
of solar,-1.8682158684640848e-17
hot and,-1.8756697583999227e-17
place and,-1.8756697583999227e-17
appears,-1.8756697583999227e-17
by which,-1.8865117801247777e-17
important,-1.8973538018496328e-17
man is,-1.8973538018496328e-17
the expansion,-1.8987090545652396e-17
sun is not,-1.9000643072808465e-17
adapting to,-1.9081958235744878e-17
adaptation,-1.9081958235744878e-17
that allows,-1.9081958235744878e-17
leaves play,-1.9081958235744878e-17
stage is,-1.9081958235744878e-17
not present,-1.9081958235744878e-17
in the blood,-1.9132780212580136e-17
is possible to,-1.9166661530470308e-17
cells in,-1.919037845299343e-17
stored in the,-1.922551708541468e-17
to pass,-1.940721888749053e-17
of seasons,-1.940721888749053e-17
the question however,-1.9461428996114805e-17
are not accurate,-1.951563910473908e-17
front,-1.9556296686207286e-17
in january,-1.9569849213363355e-17
fragrance of,-1.962405932198763e-17
can even,-1.9759584593548318e-17
and light,-1.980828898801544e-17
fragrance of flower,-1.984089975648473e-17
ritual behavior,-1.986800481079687e-17
ritual,-1.986800481079687e-17
is natural response,-1.9949319973733282e-17
option for,-1.9949319973733282e-17
winter solstice,-1.9949319973733282e-17
is natural process,-1.9949319973733282e-17
month with the,-1.9949319973733282e-17
other options the,-1.9949319973733282e-17
points,-1.9949319973733282e-17
heats up the,-2.0003530082357557e-17
this example,-2.0166160408230382e-17
for this example,-2.0166160408230382e-17
light from the,-2.0274580625478933e-17
determining the,-2.0274580625478933e-17
from the ground,-2.0274580625478933e-17
not involved in,-2.0274580625478933e-17
not involved,-2.0274580625478933e-17
depending on,-2.0383000842727483e-17
is directly related,-2.0383000842727483e-17
instead they,-2.0383000842727483e-17
happens when,-2.0383000842727483e-17
it can be,-2.0383000842727483e-17
depending,-2.0383000842727483e-17
canopy,-2.0383000842727483e-17
case the heat,-2.043721095135176e-17
the immune,-2.043721095135176e-17
live in the,-2.0491421059976034e-17
dwellers,-2.0491421059976034e-17
plant life,-2.0491421059976034e-17
shallow,-2.0599841277224584e-17
can cause the,-2.0599841277224584e-17
playing,-2.0599841277224584e-17
for the formation,-2.0775388855543038e-17
the circulatory system,-2.0816681711721685e-17
the availability of,-2.0816681711721685e-17
is measure of,-2.0816681711721685e-17
and nutrients the,-2.0816681711721685e-17
the availability,-2.0816681711721685e-17
and it does,-2.0816681711721685e-17
is not clear,-2.0816681711721685e-17
of any,-2.0816681711721685e-17
mosquito,-2.0816681711721685e-17
the circulatory,-2.0816681711721685e-17
circulatory,-2.0816681711721685e-17
circulatory system,-2.0816681711721685e-17
is measure,-2.0816681711721685e-17
recycling,-2.0816681711721685e-17
its weight,-2.0816681711721685e-17
grasp,-2.0925101928970236e-17
fungi,-2.0925101928970236e-17
emissions from,-2.0953901049176882e-17
by plants,-2.0986088301172545e-17
of small,-2.1033522146218786e-17
is solid,-2.1033522146218786e-17
vegetables,-2.1033522146218786e-17
answer should,-2.1121613572733233e-17
the answer should,-2.1121613572733233e-17
they eat,-2.1141942363467336e-17
organisms in,-2.1141942363467336e-17
energy which is,-2.1196152472091612e-17
ecosystem but,-2.120827563114919e-17
the erosion,-2.1250362580715887e-17
fundamental principle in,-2.1250362580715887e-17
harnessed,-2.1250362580715887e-17
transparent,-2.1250362580715887e-17
moved,-2.1358782797964437e-17
mean that they,-2.1401134445327152e-17
also contribute to,-2.1412992906588713e-17
or even,-2.1412992906588713e-17
also contribute,-2.1412992906588713e-17
detailed explanation of,-2.1467203015212988e-17
hunting,-2.1467203015212988e-17
is process,-2.1467203015212988e-17
they move,-2.165693839539795e-17
while it describes,-2.1673879054343037e-17
the planet,-2.168404344971009e-17
by the body,-2.168404344971009e-17
principle in,-2.168404344971009e-17
through the process,-2.168404344971009e-17
around the earth,-2.168404344971009e-17
reduce the,-2.168404344971009e-17
south,-2.168404344971009e-17
the color,-2.168404344971009e-17
in this scenario,-2.168404344971009e-17
electrical current,-2.179246366695864e-17
the surroundings,-2.1819568721270777e-17
animals is,-2.1846673775582914e-17
condition therefore the,-2.1892837071208274e-17
of materials,-2.190088388420719e-17
needed,-2.190088388420719e-17
because heat,-2.2063514210080015e-17
which causes,-2.211772431870429e-17
southern hemisphere therefore,-2.211772431870429e-17
making option,-2.211772431870429e-17
making option the,-2.211772431870429e-17
the earth is,-2.211772431870429e-17
process by which,-2.211772431870429e-17
the summer,-2.222614453595284e-17
serves as,-2.222614453595284e-17
ability to create,-2.231084783067827e-17
sun being,-2.233456475320139e-17
standard,-2.233456475320139e-17
the sun being,-2.233456475320139e-17
is option which,-2.233456475320139e-17
canyon the,-2.236166980751353e-17
are found,-2.2442984970449942e-17
the form of,-2.2551405187698492e-17
see,-2.2551405187698492e-17
the form,-2.2551405187698492e-17
in the form,-2.2551405187698492e-17
disrupt,-2.2551405187698492e-17
larval stage,-2.2551405187698492e-17
the winter months,-2.2551405187698492e-17
tiny,-2.2659825404947043e-17
plants as,-2.2659825404947043e-17
correct and,-2.2714035513571318e-17
as the question,-2.2768245622195593e-17
no rationale,-2.2768245622195593e-17
is no rationale,-2.2768245622195593e-17
disappearance,-2.2957981002380556e-17
to natural,-2.2985086056692694e-17
to water,-2.2985086056692694e-17
to the given,-2.2985086056692694e-17
make it difficult,-2.2985086056692694e-17
not allow,-2.2985086056692694e-17
the air and,-2.2985086056692694e-17
health therefore,-2.3093506273941244e-17
cookie,-2.3093506273941244e-17
are likely,-2.314771638256552e-17
process where,-2.3201926491189795e-17
example is that,-2.3201926491189795e-17
because they do,-2.3201926491189795e-17
not necessary,-2.3310346708438345e-17
through photosynthesis,-2.3310346708438345e-17
golden eagle,-2.336455681706262e-17
movement,-2.3418766925686896e-17
finite resources,-2.3418766925686896e-17
diverse,-2.3418766925686896e-17
near the,-2.3418766925686896e-17
altering,-2.3418766925686896e-17
the stem,-2.3418766925686896e-17
talons to,-2.3527187142935446e-17
correct and the,-2.35685660258978e-17
negative impact,-2.3635607360183997e-17
to survive in,-2.3635607360183997e-17
provide valid rationale,-2.3635607360183997e-17
year therefore,-2.3771132631744685e-17
see the,-2.3798237686056822e-17
to specific,-2.3845671531103063e-17
into contact,-2.3852447794681098e-17
because the earth,-2.3852447794681098e-17
is the source,-2.3852447794681098e-17
and is therefore,-2.3960868011929648e-17
in its,-2.4069288229178198e-17
the erosion of,-2.4069288229178198e-17
ingredient,-2.4096393283490336e-17
directly relate,-2.417770844642675e-17
the planet the,-2.417770844642675e-17
epidermis,-2.42861286636753e-17
therefore not,-2.42861286636753e-17
makeup,-2.42861286636753e-17
the rabbit,-2.42861286636753e-17
receiving,-2.42861286636753e-17
genetic makeup,-2.42861286636753e-17
and thawing,-2.4340338772299575e-17
of river,-2.439454888092385e-17
they require,-2.4421653935235987e-17
rainfall the,-2.4465487890256397e-17
criteria for,-2.4484334373332806e-17
the criteria for,-2.4484334373332806e-17
internal,-2.45029690981724e-17
or ice,-2.45029690981724e-17
acorns to,-2.452668602069552e-17
question it,-2.4584284261108813e-17
which of the,-2.461138931542095e-17
is directly proportional,-2.47198095326695e-17
efficiently in,-2.47198095326695e-17
descriptions,-2.47198095326695e-17
the surrounding area,-2.47198095326695e-17
surrounding area,-2.47198095326695e-17
in the process,-2.47198095326695e-17
animals therefore,-2.47198095326695e-17
southern hemisphere the,-2.4774019641293776e-17
environments in,-2.4774019641293776e-17
of one,-2.4923097440010533e-17
bodily,-2.4936649967166602e-17
deforestation,-2.4936649967166602e-17
important to consider,-2.4990860075790877e-17
adapt to its,-2.5099280293039428e-17
once,-2.5153490401663703e-17
hemisphere therefore the,-2.5153490401663703e-17
is transferred,-2.5153490401663703e-17
grassland,-2.5153490401663703e-17
month of the,-2.5153490401663703e-17
themselves but,-2.5153490401663703e-17
traffic,-2.5153490401663703e-17
the incorrect,-2.518059545597584e-17
cycle is,-2.5370330836160804e-17
oxygen is,-2.5370330836160804e-17
is because plants,-2.5370330836160804e-17
provide sufficient,-2.5370330836160804e-17
phenomenon of,-2.5370330836160804e-17
peak,-2.542454094478508e-17
it is in,-2.5478751053409354e-17
key aspect,-2.5478751053409354e-17
key aspect of,-2.5478751053409354e-17
carpet,-2.5534866986164952e-17
the longest,-2.5587171270657905e-17
regulate,-2.5587171270657905e-17
sunlight are,-2.5587171270657905e-17
adapting,-2.5587171270657905e-17
incorrect because the,-2.5587171270657905e-17
river is,-2.5695591487906455e-17
in cold environments,-2.5695591487906455e-17
the field,-2.5695591487906455e-17
not living organisms,-2.5804011705155006e-17
amount of energy,-2.5804011705155006e-17
order,-2.5804011705155006e-17
total,-2.5912431922403556e-17
of mass,-2.5912431922403556e-17
to balance,-2.6012381810179563e-17
is material,-2.6020852139652106e-17
is material that,-2.6020852139652106e-17
is liquid,-2.6020852139652106e-17
is especially important,-2.6020852139652106e-17
especially important,-2.6020852139652106e-17
common or,-2.6020852139652106e-17
light,-2.6020852139652106e-17
and water,-2.6020852139652106e-17
since,-2.6020852139652106e-17
in contrast wind,-2.6020852139652106e-17
an organism,-2.6020852139652106e-17
water is,-2.6020852139652106e-17
that has,-2.6020852139652106e-17
possible to,-2.6047957193964244e-17
and styrofoam,-2.6168447630711168e-17
leaves are not,-2.6183482465524932e-17
in these,-2.6237692574149207e-17
scavengers,-2.6291902682773483e-17
than its,-2.6291902682773483e-17
freezing and thawing,-2.6346112791397758e-17
same way,-2.642742795433417e-17
the same way,-2.642742795433417e-17
action of,-2.6454533008646308e-17
peat is,-2.6454533008646308e-17
living thing that,-2.6454533008646308e-17
be located,-2.6454533008646308e-17
the final,-2.6454533008646308e-17
decade,-2.6454533008646308e-17
decomposition is,-2.656295322589486e-17
is dark,-2.6590058280206996e-17
specific definition of,-2.6617163334519134e-17
question rationale triplet,-2.667137344314341e-17
zebras,-2.667137344314341e-17
is transferred to,-2.667137344314341e-17
example of this,-2.6725583551767684e-17
incorrect the,-2.6739136078923753e-17
not result,-2.677979366039196e-17
the preservation,-2.6780058358187976e-17
the preservation of,-2.6780058358187976e-17
not known,-2.688821387764051e-17
does not involve,-2.688821387764051e-17
ability to drink,-2.688821387764051e-17
harsh,-2.688821387764051e-17
keeps the,-2.688821387764051e-17
are located,-2.688821387764051e-17
that there is,-2.699663409488906e-17
expansion of,-2.710505431213761e-17
drought,-2.710505431213761e-17
fish that,-2.710505431213761e-17
increase in,-2.710505431213761e-17
cold environments,-2.721347452938616e-17
using the,-2.7321894746634712e-17
the stone,-2.7321894746634712e-17
clay,-2.7321894746634712e-17
new plant,-2.7321894746634712e-17
tilt of,-2.7321894746634712e-17
solar power,-2.7321894746634712e-17
the tilt,-2.7321894746634712e-17
of fish,-2.7321894746634712e-17
the tilt of,-2.7321894746634712e-17
it easier,-2.7321894746634712e-17
is especially,-2.7755575615628914e-17
and well being,-2.7755575615628914e-17
and well,-2.7755575615628914e-17
generally not,-2.7755575615628914e-17
over time this,-2.7755575615628914e-17
impact on,-2.7755575615628914e-17
natural response to,-2.7755575615628914e-17
natural response,-2.7755575615628914e-17
mountain,-2.7755575615628914e-17
get,-2.778268066994105e-17
the third quarter,-2.782164418551475e-17
salt water,-2.7863995832877464e-17
consume plants,-2.7972416050126014e-17
preserving the,-2.802662615875029e-17
earrings,-2.8031496598197e-17
nickel earrings,-2.8031496598197e-17
the given question,-2.810116505810867e-17
given question,-2.810116505810867e-17
the man is,-2.8189256484623115e-17
the process by,-2.8189256484623115e-17
rich,-2.8189256484623115e-17
can thrive,-2.835188681049594e-17
all living,-2.8406096919120216e-17
instead of,-2.856872724499304e-17
groundwater,-2.862293735361732e-17
understanding of,-2.862293735361732e-17
like other,-2.862293735361732e-17
thickness,-2.862293735361732e-17
koala,-2.862293735361732e-17
can still,-2.873135757086587e-17
rolling boulder,-2.884824811758696e-17
plant that can,-2.905661822261152e-17
other options such,-2.905661822261152e-17
thicker fur,-2.905661822261152e-17
options such,-2.905661822261152e-17
object is,-2.905661822261152e-17
well the,-2.905661822261152e-17
as well the,-2.905661822261152e-17
options such as,-2.905661822261152e-17
to the same,-2.905661822261152e-17
be easily,-2.905661822261152e-17
however since,-2.9205696021328276e-17
the fire,-2.9219248548484344e-17
because plants,-2.927345865710862e-17
typically used in,-2.938187887435717e-17
of food for,-2.938187887435717e-17
therefore the question,-2.949029909160572e-17
at different,-2.949029909160572e-17
on the environment,-2.949029909160572e-17
in the sky,-2.949029909160572e-17
proportional to its,-2.949029909160572e-17
bears,-2.949029909160572e-17
rationale provided,-2.949029909160572e-17
mean,-2.949029909160572e-17
section,-2.949029909160572e-17
through other means,-2.949029909160572e-17
different from,-2.970713952610282e-17
the question should,-2.974779710757103e-17
the cooling,-2.992397996059992e-17
choices accurately answer,-3.013060967761567e-17
to retain,-3.0140820395097023e-17
resources to,-3.0150984790464075e-17
is which,-3.01950305037213e-17
accurately reflect,-3.0249240612345574e-17
chair,-3.0357660829594124e-17
can use,-3.0357660829594124e-17
not capable,-3.0357660829594124e-17
not capable of,-3.0357660829594124e-17
rotate,-3.0357660829594124e-17
why the answer,-3.0466081046842675e-17
red to brown,-3.0574501264091225e-17
from red to,-3.0574501264091225e-17
red to,-3.0574501264091225e-17
light conditions,-3.06287113727155e-17
sunlight for photosynthesis,-3.065581642702764e-17
meat is,-3.0791341698588326e-17
solar panels,-3.0791341698588326e-17
weather patterns,-3.08455518072126e-17
problems,-3.095397202446115e-17
body as,-3.1008182133085427e-17
flow of electricity,-3.1008182133085427e-17
ohio state,-3.117081245895825e-17
is an important,-3.122502256758253e-17
inheritance,-3.122502256758253e-17
when they,-3.122502256758253e-17
common way,-3.122502256758253e-17
refers to the,-3.122502256758253e-17
is common way,-3.122502256758253e-17
unlike,-3.122502256758253e-17
the energy,-3.122502256758253e-17
seen,-3.122502256758253e-17
preservation of,-3.1240560328208724e-17
preservation of the,-3.124077208644554e-17
anemometer is,-3.133344278483108e-17
the day which,-3.133344278483108e-17
drop off in,-3.136732410272125e-17
during the night,-3.144186300207963e-17
of people,-3.144186300207963e-17
reliance on,-3.144186300207963e-17
reliance,-3.144186300207963e-17
in fact,-3.144186300207963e-17
and animals,-3.144186300207963e-17
nickel,-3.152317816501604e-17
that allow,-3.155028321932818e-17
materials that can,-3.1604493327952454e-17
for the animal,-3.162143398689754e-17
is direct result,-3.168580849088887e-17
of photosynthesis the,-3.1712913545201005e-17
rationale can,-3.1742374409897693e-17
rationale is not,-3.187554387107383e-17
smelling,-3.198396408832238e-17
low light,-3.198396408832238e-17
thawing,-3.2038174196946656e-17
ability to sense,-3.209238430557093e-17
the last month,-3.209238430557093e-17
for solar energy,-3.209238430557093e-17
hemisphere is,-3.209238430557093e-17
volcanic activity,-3.209238430557093e-17
plant based,-3.209238430557093e-17
system and,-3.209238430557093e-17
tearing does not,-3.209238430557093e-17
jungle canopy,-3.2146594414195206e-17
sweetness of,-3.219402825924145e-17
the sweetness,-3.219402825924145e-17
the sweetness of,-3.219402825924145e-17
degree,-3.241764495731658e-17
options however,-3.247185506594086e-17
that you,-3.252606517456513e-17
can make,-3.252606517456513e-17
new plant species,-3.252606517456513e-17
question is simply,-3.252606517456513e-17
formed through,-3.252606517456513e-17
sky however,-3.2634485391813683e-17
essential for their,-3.2742905609062234e-17
the earth and,-3.281066824484258e-17
cooked,-3.2851325826310784e-17
noticeable,-3.2851325826310784e-17
number of pollinators,-3.2851325826310784e-17
jungle,-3.290553593493506e-17
question would depend,-3.2959746043559335e-17
more efficiently,-3.2959746043559335e-17
blades,-3.2959746043559335e-17
are made,-3.2959746043559335e-17
which is typically,-3.2959746043559335e-17
whereas the other,-3.2959746043559335e-17
characteristic,-3.2959746043559335e-17
faster and,-3.2959746043559335e-17
rays,-3.2959746043559335e-17
earth rotation,-3.2959746043559335e-17
states that,-3.304106120649575e-17
other objects,-3.312237636943216e-17
measures,-3.312237636943216e-17
food as,-3.3176586478056436e-17
girl,-3.323079658668071e-17
occurs when,-3.3393426912553537e-17
determined,-3.3393426912553537e-17
is renewable energy,-3.3393426912553537e-17
question about,-3.344763702117781e-17
on non renewable,-3.361026734705064e-17
on non,-3.361026734705064e-17
reliance on non,-3.361026734705064e-17
and humidity,-3.381355525439167e-17
oxygen and,-3.382710778154774e-17
glucose and oxygen,-3.382710778154774e-17
more food,-3.382710778154774e-17
not because,-3.382710778154774e-17
third quarter,-3.383727217691479e-17
natural phenomenon,-3.3881317890172014e-17
50 degree,-3.390842294448415e-17
cat is not,-3.404394821604484e-17
areas where,-3.404394821604484e-17
adequate,-3.404394821604484e-17
gone,-3.422845912348092e-17
blooded,-3.426078865054194e-17
coldness,-3.439108614063129e-17
of organic matter,-3.4423418976414766e-17
the only option,-3.447762908503904e-17
only option that,-3.447762908503904e-17
only option,-3.447762908503904e-17
the object would,-3.447762908503904e-17
wind is renewable,-3.458604930228759e-17
so it,-3.469446951953614e-17
changes to,-3.469446951953614e-17
are therefore,-3.469446951953614e-17
finding,-3.469446951953614e-17
objects such,-3.469446951953614e-17
this action,-3.469446951953614e-17
and are therefore,-3.469446951953614e-17
the survival,-3.469446951953614e-17
objects such as,-3.469446951953614e-17
when,-3.469446951953614e-17
directly proportional to,-3.469446951953614e-17
to increase,-3.469446951953614e-17
answer is the,-3.469446951953614e-17
directly proportional,-3.469446951953614e-17
to see,-3.469446951953614e-17
empty mountaintop,-3.474867962816042e-17
cold empty mountaintop,-3.474867962816042e-17
mountaintop,-3.474867962816042e-17
spray,-3.474867962816042e-17
cold empty,-3.474867962816042e-17
cut peony,-3.477239655068354e-17
behavior is common,-3.4897757426877174e-17
digestion,-3.491130995403324e-17
the reproductive,-3.491130995403324e-17
melting point of,-3.539920093165172e-17
six legs,-3.540730068420984e-17
minimize,-3.54940686217442e-17
white blood,-3.550762114890027e-17
blood cells,-3.550762114890027e-17
white blood cells,-3.550762114890027e-17
is too,-3.5561831257524545e-17
causing it,-3.5561831257524545e-17
approach,-3.5561831257524545e-17
consume or,-3.5561831257524545e-17
as there are,-3.5561831257524545e-17
options provide rationale,-3.5561831257524545e-17
not directly related,-3.5561831257524545e-17
is actually,-3.5561831257524545e-17
causing it to,-3.5561831257524545e-17
universal,-3.5561831257524545e-17
is which is,-3.559244355763391e-17
invented,-3.5670251474773096e-17
had,-3.56905802655072e-17
amount of soil,-3.577189542844361e-17
in order,-3.5778671692021646e-17
making it more,-3.5778671692021646e-17
of electricity in,-3.583288180064592e-17
of magma,-3.5914196963582334e-17
renewable energy sources,-3.5948078281472506e-17
species are,-3.596840707220661e-17
north and,-3.599551212651875e-17
are not as,-3.599551212651875e-17
information provided therefore,-3.599551212651875e-17
provided therefore,-3.599551212651875e-17
however option,-3.61039323437673e-17
however option is,-3.61039323437673e-17
of the human,-3.621235256101585e-17
while the,-3.621235256101585e-17
are correct,-3.6374982886888674e-17
necessary conditions,-3.640208794120081e-17
necessary conditions for,-3.640208794120081e-17
is option,-3.642919299551295e-17
is incorrect,-3.642919299551295e-17
the month with,-3.642919299551295e-17
carnivore,-3.642919299551295e-17
the common,-3.642919299551295e-17
music,-3.642919299551295e-17
process of evaporation,-3.642919299551295e-17
the earth rotation,-3.642919299551295e-17
to support,-3.642919299551295e-17
month with,-3.642919299551295e-17
conserving,-3.642919299551295e-17
chemical energy,-3.6483403104137224e-17
water as,-3.6483403104137224e-17
sources such,-3.65376132127615e-17
sources such as,-3.65376132127615e-17
landforms,-3.664603343001005e-17
heat that,-3.664603343001005e-17
our reliance on,-3.664603343001005e-17
our reliance,-3.664603343001005e-17
he,-3.67544536472586e-17
sources of,-3.686287386450715e-17
the release,-3.686287386450715e-17
of the liquid,-3.686287386450715e-17
water into,-3.686287386450715e-17
structures,-3.686287386450715e-17
is because animals,-3.686287386450715e-17
question because they,-3.686287386450715e-17
problem,-3.6917083973131426e-17
it into,-3.692386023670946e-17
device used to,-3.69712940817557e-17
digested,-3.707971429900425e-17
energy for,-3.707971429900425e-17
because in,-3.707971429900425e-17
run away,-3.708310243079327e-17
and plants,-3.724234462487708e-17
survival therefore,-3.729655473350135e-17
not live in,-3.729655473350135e-17
not live,-3.729655473350135e-17
regardless of the,-3.729655473350135e-17
that is commonly,-3.729655473350135e-17
reduction,-3.729655473350135e-17
the year in,-3.743208000506204e-17
year in the,-3.743208000506204e-17
not plant,-3.756760527662273e-17
of water and,-3.7730235602495554e-17
not typically used,-3.7730235602495554e-17
fly,-3.7730235602495554e-17
graph,-3.7730235602495554e-17
as it would,-3.786576087405624e-17
detrimental to,-3.7874231203528785e-17
which is type,-3.791997098268052e-17
on the beach,-3.797418109130479e-17
the decomposition of,-3.8163916471489756e-17
decomposition of,-3.8163916471489756e-17
that involves,-3.8163916471489756e-17
showers,-3.8163916471489756e-17
after evaporation,-3.8163916471489756e-17
not examples of,-3.8163916471489756e-17
not examples,-3.8163916471489756e-17
more accurate term,-3.8163916471489756e-17
accurate term,-3.8163916471489756e-17
about what the,-3.8163916471489756e-17
birds,-3.8163916471489756e-17
at all,-3.8177468998645825e-17
where they,-3.838075690598686e-17
are significant,-3.838075690598686e-17
hand is living,-3.84485195417672e-17
quarter of,-3.8494259320918933e-17
quarter of the,-3.8494259320918933e-17
their destination,-3.854338723185968e-17
wet,-3.85467753636487e-17
are also not,-3.859759734048396e-17
the one,-3.859759734048396e-17
is not present,-3.859759734048396e-17
light as,-3.859759734048396e-17
what happens when,-3.869077096468193e-17
comes from,-3.870601755773251e-17
of being,-3.881443777498106e-17
suggest,-3.881443777498106e-17
depends on,-3.892285799222961e-17
depends,-3.892285799222961e-17
of pollination,-3.8941492717069204e-17
largest organ,-3.8990620628009953e-17
how they,-3.899739689158799e-17
describe the situation,-3.902534897884738e-17
supporting,-3.903127820947816e-17
process therefore the,-3.903127820947816e-17
the flow,-3.903127820947816e-17
ships,-3.903127820947816e-17
overall health and,-3.903127820947816e-17
the necessary conditions,-3.903127820947816e-17
the question because,-3.903127820947816e-17
are known to,-3.903127820947816e-17
the flow of,-3.903127820947816e-17
scale is,-3.913969842672671e-17
is device used,-3.913969842672671e-17
to environmental,-3.923456611681919e-17
the principles of,-3.924811864397526e-17
the principles,-3.924811864397526e-17
body through,-3.946495907847236e-17
mention,-3.946495907847236e-17
show,-3.946495907847236e-17
not provide sufficient,-3.957337929572091e-17
provides general,-3.962758940434519e-17
this is especially,-3.968179951296946e-17
and the person,-3.973600962159374e-17
making the,-3.9898639947466563e-17
moon phases,-3.9898639947466563e-17
harder for,-3.9898639947466563e-17
it harder for,-3.9898639947466563e-17
not consume,-3.9898639947466563e-17
relates,-4.0007060164715114e-17
relates to,-4.0007060164715114e-17
relates to the,-4.0007060164715114e-17
metabolism,-4.0115480381963664e-17
that contains,-4.0115480381963664e-17
supply,-4.0115480381963664e-17
roses,-4.016969049058794e-17
the bear ability,-4.0196795544900077e-17
bear ability to,-4.0196795544900077e-17
bear ability,-4.0196795544900077e-17
to access,-4.0332320816460765e-17
we were,-4.0332320816460765e-17
catch,-4.0332320816460765e-17
to the environment,-4.0332320816460765e-17
group,-4.0332320816460765e-17
not typically found,-4.0440741033709315e-17
information therefore it,-4.046325358126056e-17
non living,-4.049495114233359e-17
living organisms and,-4.0549161250957866e-17
important in,-4.0549161250957866e-17
is characteristic,-4.0657581468206416e-17
can all,-4.0766001685454967e-17
plants do not,-4.0766001685454967e-17
earth moon,-4.0766001685454967e-17
the earth moon,-4.0766001685454967e-17
suitable answer,-4.0766001685454967e-17
plants do,-4.0766001685454967e-17
or chemical,-4.0766001685454967e-17
larval,-4.0766001685454967e-17
factor in the,-4.1118367391512756e-17
and they do,-4.119968255444917e-17
smaller and,-4.119968255444917e-17
octopus,-4.128971868258373e-17
the octopus,-4.128971868258373e-17
typically formed,-4.130810277169772e-17
going,-4.130810277169772e-17
microorganisms,-4.141652298894627e-17
the most comprehensive,-4.1470733097570545e-17
most comprehensive,-4.1470733097570545e-17
the boulder,-4.152494320619482e-17
ensuring,-4.163336342344337e-17
therefore do not,-4.163336342344337e-17
several,-4.163336342344337e-17
boats,-4.163336342344337e-17
observed,-4.163336342344337e-17
is good,-4.163336342344337e-17
are being,-4.163336342344337e-17
aligns,-4.163336342344337e-17
therefore do,-4.163336342344337e-17
flow,-4.163336342344337e-17
and therefore do,-4.163336342344337e-17
common occurrence in,-4.185020385794047e-17
the chair,-4.185020385794047e-17
to form,-4.185020385794047e-17
level of protection,-4.1904413966564746e-17
of protection,-4.1904413966564746e-17
resources in,-4.2039939238125434e-17
bear in,-4.206704429243757e-17
and nutrients for,-4.206704429243757e-17
bear in alaska,-4.206704429243757e-17
sun is directly,-4.206704429243757e-17
common misconception,-4.206704429243757e-17
carnivorous,-4.206704429243757e-17
black bear in,-4.206704429243757e-17
raw,-4.220256956399826e-17
different from the,-4.228388472693467e-17
to the size,-4.228388472693467e-17
six,-4.248754321119013e-17
true,-4.2500725161431774e-17
the last,-4.2500725161431774e-17
options do not,-4.2500725161431774e-17
light from,-4.255493527005605e-17
and ducks,-4.256806428073849e-17
develop,-4.2717565595928875e-17
geological processes,-4.277177570455315e-17
like water,-4.2863255262856614e-17
organisms and therefore,-4.2934406030425976e-17
material that can,-4.2934406030425976e-17
are therefore not,-4.3151246464923076e-17
hollow,-4.3151246464923076e-17
to produce energy,-4.3151246464923076e-17
to flow through,-4.320545657354735e-17
of year,-4.3259666682171627e-17
transported to,-4.336808689942018e-17
transported to the,-4.336808689942018e-17
the circuit,-4.336808689942018e-17
for maintaining,-4.336808689942018e-17
on earth,-4.336808689942018e-17
humans can,-4.336808689942018e-17
task,-4.369334755116583e-17
and will,-4.371537040779444e-17
we,-4.380176776841438e-17
is often used,-4.3855977877038654e-17
filled,-4.391018798566293e-17
and produce,-4.391188205155744e-17
renewable and,-4.3920074448344163e-17
is possible,-4.3964398094287205e-17
given choices do,-4.401860820291148e-17
live in water,-4.4072818311535755e-17
filling,-4.419733215478214e-17
is less,-4.423544863740858e-17
because the question,-4.423544863740858e-17
covering,-4.423544863740858e-17
the blades,-4.423544863740858e-17
for energy and,-4.423544863740858e-17
the scenario,-4.423544863740858e-17
question contains,-4.426255369172072e-17
aid in,-4.4289658746032856e-17
ability to survive,-4.4289658746032856e-17
interact with,-4.434386885465713e-17
process is often,-4.4398078963281407e-17
to the process,-4.4398078963281407e-17
various factors,-4.445228907190568e-17
hundred,-4.445228907190568e-17
viper,-4.461491939777851e-17
because the plant,-4.466912950640278e-17
hummingbirds,-4.466912950640278e-17
of certain,-4.466912950640278e-17
plastic and,-4.466912950640278e-17
tight,-4.466912950640278e-17
the principle of,-4.466912950640278e-17
otters,-4.4682417335762835e-17
river otters,-4.4682417335762835e-17
controlled,-4.5102810375396984e-17
methods,-4.5102810375396984e-17
buried,-4.5102810375396984e-17
into the environment,-4.5102810375396984e-17
and in,-4.5102810375396984e-17
that this is,-4.5102810375396984e-17
to complete,-4.5102810375396984e-17
river,-4.5102810375396984e-17
bears and ducks,-4.512568026497285e-17
over land,-4.514346795686519e-17
ice and,-4.5319650809894085e-17
microorganisms break,-4.5474234322767995e-17
microorganisms break down,-4.5474234322767995e-17
when water freezes,-4.548228113576691e-17
converting,-4.5536491244391186e-17
to appear,-4.5536491244391186e-17
and structure,-4.5536491244391186e-17
contains an,-4.557037256228136e-17
error,-4.557037256228136e-17
an error,-4.557037256228136e-17
question contains an,-4.557037256228136e-17
contains an error,-4.557037256228136e-17
point of ice,-4.557714882585939e-17
question and do,-4.569912157026401e-17
the tree growth,-4.575333167888829e-17
corn,-4.575333167888829e-17
choices therefore the,-4.5793989260356494e-17
which do,-4.597017211338539e-17
removing,-4.597017211338539e-17
land on,-4.597017211338539e-17
anything,-4.597017211338539e-17
assume,-4.597017211338539e-17
by the number,-4.597017211338539e-17
bird to,-4.597017211338539e-17
is device,-4.607859233063394e-17
not what it,-4.618361779864857e-17
directly related,-4.618701254788249e-17
earth which,-4.629543276513104e-17
christmas,-4.640385298237959e-17
state from,-4.640385298237959e-17
oceans,-4.640385298237959e-17
for all,-4.640385298237959e-17
smooth,-4.640385298237959e-17
rest,-4.640385298237959e-17
properties of the,-4.640385298237959e-17
glucose and,-4.640385298237959e-17
would be considered,-4.647669781584346e-17
flow through,-4.662069341687669e-17
to liquid,-4.662069341687669e-17
calculating,-4.6674903525500966e-17
of the plant,-4.683753385137379e-17
the natural process,-4.683753385137379e-17
which in turn,-4.683753385137379e-17
through direct,-4.683753385137379e-17
width,-4.683753385137379e-17
event,-4.683753385137379e-17
through direct contact,-4.683753385137379e-17
water option,-4.683753385137379e-17
water option is,-4.683753385137379e-17
environments where,-4.683753385137379e-17
be used to,-4.683753385137379e-17
or more,-4.683753385137379e-17
primarily consume,-4.694595406862234e-17
goal,-4.694595406862234e-17
it therefore the,-4.705437428587089e-17
transferred to,-4.705437428587089e-17
affected by the,-4.705437428587089e-17
the earth which,-4.705437428587089e-17
one revolution around,-4.710858439449517e-17
the moon phases,-4.716279450311944e-17
ohio,-4.7196675821009615e-17
electricity in,-4.7271214720367993e-17
impact the,-4.7271214720367993e-17
fruits,-4.7271214720367993e-17
survival in,-4.7271214720367993e-17
process is an,-4.7379634937616544e-17
she,-4.765068548073792e-17
nutrients in,-4.7704895589362195e-17
thing that,-4.7704895589362195e-17
food waste,-4.7704895589362195e-17
conservation of,-4.7704895589362195e-17
roads,-4.7704895589362195e-17
time this is,-4.7813315806610746e-17
from red,-4.7921736023859296e-17
the options do,-4.8030156241107846e-17
of pollinators,-4.8030156241107846e-17
safe,-4.8043708768263915e-17
throwing,-4.8057261295419984e-17
raw material,-4.808436634973212e-17
of leaves,-4.8138576458356397e-17
that makes,-4.8138576458356397e-17
extreme temperatures,-4.8138576458356397e-17
known to hunt,-4.8138576458356397e-17
vegetation,-4.8138576458356397e-17
suggests that they,-4.8287654257073154e-17
reduces,-4.830120678422922e-17
generated,-4.8348640629275463e-17
that it,-4.83554168928535e-17
renewable resource that,-4.83554168928535e-17
in turn,-4.85722573273506e-17
throughout the plant,-4.85722573273506e-17
day in the,-4.85722573273506e-17
to rotate,-4.85722573273506e-17
core,-4.85722573273506e-17
that other,-4.85722573273506e-17
answer than the,-4.85722573273506e-17
answer than,-4.85722573273506e-17
chemical reactions,-4.868067754459915e-17
that cars,-4.87890977618477e-17
making them suitable,-4.889751797909625e-17
is not natural,-4.8951728087720525e-17
water freezes,-4.897205687845463e-17
function of,-4.90059381963448e-17
blocks,-4.90059381963448e-17
freezes it,-4.90059381963448e-17
survival of,-4.90059381963448e-17
time of year,-4.90059381963448e-17
riding,-4.90059381963448e-17
high temperatures and,-4.905167797549653e-17
negative impact on,-4.9060148304969076e-17
have negative impact,-4.9060148304969076e-17
to obtain,-4.911435841359335e-17
about the process,-4.913553423727471e-17
is this,-4.92227786308419e-17
not able to,-4.933119884809045e-17
not able,-4.933119884809045e-17
with the principles,-4.934475137524652e-17
and natural gas,-4.9439619065339e-17
this is natural,-4.9439619065339e-17
compass needle,-4.9439619065339e-17
the compass needle,-4.9439619065339e-17
exist in,-4.9439619065339e-17
water which is,-4.9439619065339e-17
that is not,-4.9439619065339e-17
because animals,-4.96564594998361e-17
of harm,-4.96564594998361e-17
quarter,-4.971066960846038e-17
sun and the,-4.9873299934333204e-17
options as,-4.9873299934333204e-17
the environment the,-4.9873299934333204e-17
occurs in,-4.9873299934333204e-17
do not include,-4.9981720151581754e-17
to animals,-5.000882520589389e-17
responsible for the,-5.0090140368830305e-17
the primary source,-5.0090140368830305e-17
golden,-5.0090140368830305e-17
that leaves,-5.0090140368830305e-17
the melting point,-5.0090140368830305e-17
indication,-5.022566564039099e-17
food and,-5.025277069470313e-17
most likely,-5.0306980803327406e-17
would not be,-5.0306980803327406e-17
our,-5.0306980803327406e-17
heating liquids,-5.033916805532307e-17
not adapted,-5.0523821237824507e-17
not adapted to,-5.0523821237824507e-17
is but the,-5.0523821237824507e-17
to the function,-5.0523821237824507e-17
assume that the,-5.057803134644878e-17
not reproduce,-5.057803134644878e-17
turns into,-5.074066167232161e-17
to flow,-5.084908188957016e-17
cat and,-5.0998159688286915e-17
is not necessarily,-5.1011712215442984e-17
long time to,-5.103881726975512e-17
dairy products,-5.117434254131581e-17
sense light,-5.117434254131581e-17
walls,-5.117434254131581e-17
does not allow,-5.117434254131581e-17
the question only,-5.1228552649940085e-17
question only,-5.1228552649940085e-17
eggs which,-5.1228552649940085e-17
activity or,-5.128276275856436e-17
the fundamental,-5.139118297581291e-17
transmit,-5.139118297581291e-17
can not produce,-5.159447088315394e-17
but the question,-5.160802341031001e-17
of the sun,-5.160802341031001e-17
earth and the,-5.160802341031001e-17
environment the,-5.160802341031001e-17
allowing them to,-5.160802341031001e-17
allowing them,-5.160802341031001e-17
context of,-5.160802341031001e-17
of the rock,-5.160802341031001e-17
particles of,-5.1662233518934286e-17
commonly eaten by,-5.178335923039165e-17
commonly eaten,-5.178335923039165e-17
can help reduce,-5.182486384480711e-17
repair,-5.182486384480711e-17
something that is,-5.182486384480711e-17
might,-5.193328406205566e-17
eclipse,-5.193328406205566e-17
thin beak,-5.204170427930421e-17
accurate rationale,-5.204170427930421e-17
also not correct,-5.204170427930421e-17
conditions for the,-5.204170427930421e-17
it suggests,-5.204170427930421e-17
excess,-5.204170427930421e-17
is likely,-5.204170427930421e-17
could also,-5.204170427930421e-17
through other,-5.204170427930421e-17
especially in environments,-5.204170427930421e-17
into the atmosphere,-5.2150124496552763e-17
as the water,-5.220433460517704e-17
resource as it,-5.2350765425933626e-17
tree growth,-5.2366964931049864e-17
is made from,-5.2366964931049864e-17
not part,-5.2583805365546965e-17
it were,-5.2583805365546965e-17
if it were,-5.2583805365546965e-17
not part of,-5.2583805365546965e-17
where the water,-5.263801547417124e-17
which in,-5.2692225582795515e-17
to high,-5.2692225582795515e-17
nutrients therefore,-5.2800645800044066e-17
answer and,-5.28074220636221e-17
tearing does,-5.2909066017292616e-17
it this,-5.2909066017292616e-17
plants and animals,-5.2909066017292616e-17
well being,-5.2909066017292616e-17
the total,-5.3044591288853304e-17
water such,-5.312590645178972e-17
water such as,-5.312590645178972e-17
light this,-5.312590645178972e-17
consume the,-5.323432666903827e-17
but they do,-5.323432666903827e-17
molecules is,-5.324528515779337e-17
did,-5.334274688628682e-17
have positive,-5.334274688628682e-17
to catch,-5.334274688628682e-17
to drink from,-5.334274688628682e-17
it orbits,-5.3505377212159644e-17
valid answer,-5.366800753803247e-17
scenario,-5.3722217646656745e-17
rest of the,-5.377642775528102e-17
and energy,-5.377642775528102e-17
which does,-5.377642775528102e-17
which does not,-5.377642775528102e-17
example if,-5.377642775528102e-17
taking shorter showers,-5.377642775528102e-17
the rest,-5.377642775528102e-17
the rest of,-5.377642775528102e-17
last month,-5.377642775528102e-17
last month of,-5.377642775528102e-17
rest of,-5.377642775528102e-17
for example if,-5.377642775528102e-17
noting that,-5.377642775528102e-17
taking shorter,-5.377642775528102e-17
weathering over,-5.377642775528102e-17
flies,-5.4061030825558465e-17
moon therefore,-5.4061030825558465e-17
determines,-5.421010862427522e-17
the moon orbit,-5.421010862427522e-17
moon orbit,-5.421010862427522e-17
for what,-5.431852884152377e-17
tilt,-5.431852884152377e-17
falcon,-5.442694905877232e-17
reducing,-5.4643789493269423e-17
law of,-5.4643789493269423e-17
not eat,-5.4643789493269423e-17
the bird,-5.4643789493269423e-17
as insects,-5.46979996018937e-17
hemisphere the,-5.473526905157289e-17
all living organisms,-5.477931476483011e-17
because photosynthesis,-5.480641981914225e-17
source of sugar,-5.4847077400610456e-17
which is necessary,-5.4860629927766524e-17
going green,-5.4860629927766524e-17
additional context and,-5.498937893574918e-17
process of erosion,-5.5077470362263625e-17
options the other,-5.5077470362263625e-17
to ensure,-5.5185890579512176e-17
peony,-5.5199443106668244e-17
activities,-5.5294310796760726e-17
move away,-5.5402731014009277e-17
provide any information,-5.551115123125783e-17
of life,-5.551115123125783e-17
the season,-5.551115123125783e-17
may be,-5.551115123125783e-17
have any,-5.551115123125783e-17
cities,-5.551115123125783e-17
not have any,-5.551115123125783e-17
nanthe answer is,-5.551115123125783e-17
nanthe answer,-5.551115123125783e-17
any information,-5.551115123125783e-17
the survival of,-5.551115123125783e-17
nonetheless,-5.551115123125783e-17
to the rest,-5.551115123125783e-17
nanthe,-5.551115123125783e-17
method of pollination,-5.55995867649071e-17
so options,-5.561957144850638e-17
so options and,-5.561957144850638e-17
used and,-5.572799166575493e-17
is physical,-5.572799166575493e-17
answer more accurate,-5.572799166575493e-17
natural process that,-5.594483210025203e-17
of erosion,-5.594483210025203e-17
help reduce,-5.594483210025203e-17
hot,-5.594483210025203e-17
for the time,-5.595160836383006e-17
it this is,-5.603292352676648e-17
in with its,-5.610746242612485e-17
it therefore,-5.616167253474913e-17
this context as,-5.616167253474913e-17
number of people,-5.637851296924623e-17
in environments with,-5.637851296924623e-17
very long,-5.637851296924623e-17
the effects,-5.648693318649478e-17
already,-5.652081450438495e-17
avoid being,-5.659535340374333e-17
it easier to,-5.659535340374333e-17
it is essential,-5.667666856667974e-17
typically considered,-5.670377362099188e-17
not typically considered,-5.670377362099188e-17
question however,-5.681219383824043e-17
is indeed,-5.6924002187278e-17
of plant that,-5.694771910980112e-17
in each,-5.697482416411326e-17
typically used,-5.702903427273753e-17
is provided,-5.702903427273753e-17
is provided in,-5.702903427273753e-17
answer more,-5.702903427273753e-17
to become,-5.720521712576643e-17
to work,-5.724587470723463e-17
process of,-5.724587470723463e-17
the magnetic north,-5.724587470723463e-17
drop off,-5.729330855228087e-17
come from,-5.730008481585891e-17
new moon,-5.730008481585891e-17
to reproduce,-5.735429492448318e-17
is being transferred,-5.74496655403881e-17
of natural resources,-5.746271514173174e-17
that flashlight,-5.746271514173174e-17
light is,-5.746271514173174e-17
renewable energy source,-5.746271514173174e-17
to maintain its,-5.749659645962191e-17
pot,-5.754403030466815e-17
bulb is,-5.757113535898029e-17
gravity is,-5.767955557622884e-17
face,-5.767955557622884e-17
year which,-5.767955557622884e-17
the eggs,-5.767955557622884e-17
degrees celsius,-5.778797579347739e-17
nutrients back,-5.783286853968186e-17
nutrients back into,-5.783286853968186e-17
as much,-5.784218590210166e-17
dish,-5.789639601072594e-17
aligns with,-5.789639601072594e-17
transpiration,-5.800481622797449e-17
raw materials,-5.805902633659876e-17
have the,-5.811323644522304e-17
materials in,-5.811323644522304e-17
feature,-5.811323644522304e-17
for plant,-5.811323644522304e-17
and are also,-5.822165666247159e-17
such as wind,-5.833007687972014e-17
as wind,-5.833007687972014e-17
weight of,-5.835718193403228e-17
apart,-5.876375774871434e-17
trunk,-5.876375774871434e-17
location where,-5.887217796596289e-17
creation of new,-5.890214175647201e-17
as well as,-5.898059818321144e-17
which allows,-5.898059818321144e-17
energy consumption,-5.898059818321144e-17
keeps,-5.898059818321144e-17
the necessary,-5.898059818321144e-17
can provide,-5.898059818321144e-17
is often referred,-5.898059818321144e-17
sunlight and,-5.898059818321144e-17
asks for source,-5.902803202825768e-17
for source of,-5.902803202825768e-17
for source,-5.902803202825768e-17
the keys,-5.919743861770854e-17
the keys of,-5.919743861770854e-17
keys of,-5.919743861770854e-17
the different,-5.930585883495709e-17
than it,-5.93871739978935e-17
also be used,-5.941427905220564e-17
provide valid,-5.941427905220564e-17
context as,-5.941427905220564e-17
hand can,-5.941427905220564e-17
wooden,-5.941427905220564e-17
wooden floor,-5.941427905220564e-17
them suitable,-5.963111948670274e-17
because there,-5.968532959532702e-17
using less,-5.979374981257557e-17
factors that,-5.984795992119984e-17
revolution around the,-5.984795992119984e-17
revolution around,-5.984795992119984e-17
size the,-5.992927508413626e-17
is the opposite,-6.006480035569695e-17
in the population,-6.020032562725763e-17
degree celsius,-6.02138781544137e-17
50 degree celsius,-6.02138781544137e-17
example of conservation,-6.022743068156977e-17
drivers,-6.028164079019405e-17
have direct,-6.028164079019405e-17
refraction,-6.028164079019405e-17
conditions therefore the,-6.028164079019405e-17
the one that,-6.044427111606687e-17
raindrops,-6.049848122469115e-17
wind water,-6.049848122469115e-17
its growth,-6.055269133331542e-17
volume,-6.071532165918825e-17
move away from,-6.071532165918825e-17
and make,-6.071532165918825e-17
the position of,-6.071532165918825e-17
the position,-6.071532165918825e-17
would not provide,-6.071532165918825e-17
december is,-6.071532165918825e-17
the landscape,-6.073565044992235e-17
it more accurate,-6.076953176781252e-17
environmental,-6.093216209368535e-17
cars and,-6.093216209368535e-17
therefore they can,-6.114900252818245e-17
turns,-6.114900252818245e-17
protection from the,-6.114900252818245e-17
release of,-6.114900252818245e-17
climates,-6.114900252818245e-17
of the car,-6.114900252818245e-17
clouds therefore,-6.1257422745431e-17
any additional,-6.136584296267955e-17
the trees,-6.136584296267955e-17
influenced,-6.158268339717665e-17
diets,-6.158268339717665e-17
weeks,-6.158268339717665e-17
influenced by,-6.158268339717665e-17
the whole,-6.158268339717665e-17
formation of valley,-6.16911036144252e-17
it difficult to,-6.185373394029803e-17
of the person,-6.190116778534427e-17
example of how,-6.19079440489223e-17
to regulate,-6.193504910323444e-17
correct answer because,-6.196215415754658e-17
creating new,-6.201636426617085e-17
locations,-6.201636426617085e-17
in aquatic environments,-6.201636426617085e-17
or have,-6.223320470066795e-17
cycles on,-6.223320470066795e-17
keys of piano,-6.223320470066795e-17
state from liquid,-6.223320470066795e-17
of chemistry,-6.231451986360437e-17
and break,-6.23212961271824e-17
either inanimate,-6.23416249179165e-17
are either inanimate,-6.23416249179165e-17
either inanimate objects,-6.23416249179165e-17
spaces,-6.245004513516506e-17
sustainability,-6.245004513516506e-17
not use,-6.245004513516506e-17
smaller,-6.245004513516506e-17
potentially,-6.245004513516506e-17
as it,-6.245004513516506e-17
current,-6.245004513516506e-17
water sources,-6.245004513516506e-17
swordbill,-6.245004513516506e-17
panels,-6.245004513516506e-17
directly at,-6.245004513516506e-17
ability of,-6.24974789802113e-17
the ability of,-6.24974789802113e-17
fruit,-6.266688556966216e-17
options provide,-6.266688556966216e-17
comparable,-6.272109567828643e-17
year in,-6.274820073259857e-17
with its surroundings,-6.282951589553498e-17
present,-6.288372600415926e-17
essential substances,-6.288372600415926e-17
in this question,-6.288372600415926e-17
for the correct,-6.288372600415926e-17
it the best,-6.307346138434422e-17
canyon is,-6.308701391150029e-17
due to their,-6.310056643865636e-17
turning beef,-6.320898665590491e-17
turning beef from,-6.320898665590491e-17
are born,-6.320898665590491e-17
tv,-6.331740687315346e-17
finite,-6.331740687315346e-17
homes,-6.331740687315346e-17
finally,-6.331740687315346e-17
wide variety,-6.331740687315346e-17
wide variety of,-6.331740687315346e-17
of sugar,-6.331740687315346e-17
of the term,-6.337161698177773e-17
clouds therefore the,-6.33851695089338e-17
comes,-6.342582709040201e-17
changing seasons,-6.353424730765056e-17
nutrients to,-6.353424730765056e-17
the changing seasons,-6.353424730765056e-17
cycle the,-6.35613523619627e-17
in new,-6.357490488911877e-17
else,-6.371043016067945e-17
known for,-6.380529785077194e-17
is incorrect therefore,-6.385950795939621e-17
by the human,-6.387308695633188e-17
as insects are,-6.395183455064693e-17
not as insects,-6.395183455064693e-17
geological,-6.396792817664476e-17
one revolution,-6.396792817664476e-17
to land,-6.396792817664476e-17
of the year,-6.418476861114186e-17
other options as,-6.418476861114186e-17
fins,-6.418476861114186e-17
energy which,-6.418476861114186e-17
tile,-6.419619032104e-17
photosynthesis to,-6.426608377407828e-17
replenish,-6.429318882839041e-17
is not requirement,-6.437450399132683e-17
not requirement for,-6.437450399132683e-17
not requirement,-6.437450399132683e-17
substance that can,-6.440160904563896e-17
to undergo,-6.440160904563896e-17
that this question,-6.450875871346663e-17
the year the,-6.451002926288751e-17
indeed,-6.461844948013606e-17
the body to,-6.461844948013606e-17
enabling,-6.461844948013606e-17
options the,-6.461844948013606e-17
not natural resource,-6.477769167421987e-17
rock and,-6.488950002325744e-17
day when the,-6.494371013188172e-17
involve the,-6.505213034913027e-17
nutrient,-6.505213034913027e-17
geological features,-6.505213034913027e-17
carries,-6.505213034913027e-17
of sunlight and,-6.516732682995685e-17
is marine,-6.548581121812447e-17
comparable to,-6.548581121812447e-17
mushroom,-6.553324506317071e-17
for mushroom,-6.56890991254655e-17
influenced by the,-6.570265165262157e-17
by using,-6.591949208711867e-17
affected,-6.591949208711867e-17
affected by,-6.591949208711867e-17
and it is,-6.591949208711867e-17
other options therefore,-6.591949208711867e-17
proximity,-6.591949208711867e-17
would not,-6.591949208711867e-17
given therefore the,-6.59855341872249e-17
context therefore none,-6.602791230436722e-17
they use,-6.602791230436722e-17
it less likely,-6.613633252161577e-17
for their survival,-6.624475273886432e-17
and stability,-6.635317295611287e-17
if we,-6.635317295611287e-17
dioxide,-6.635317295611287e-17
carbon dioxide,-6.635317295611287e-17
its orbit,-6.635317295611287e-17
in photosynthesis,-6.638705427400304e-17
to lose,-6.646159317336142e-17
of the ecosystem,-6.65158032819857e-17
day when,-6.657001339060997e-17
not commonly eaten,-6.66640340477552e-17
insects are not,-6.66640340477552e-17
are not commonly,-6.66640340477552e-17
drawn,-6.678685382510707e-17
to keep,-6.678685382510707e-17
square,-6.678685382510707e-17
water therefore,-6.678685382510707e-17
hatch,-6.678685382510707e-17
process is natural,-6.700369425960417e-17
that typically,-6.707145689538452e-17
of sugar in,-6.714472524532202e-17
preference,-6.722053469410127e-17
power source,-6.722053469410127e-17
tropical,-6.722053469410127e-17
process by,-6.743737512859838e-17
that comes,-6.746448018291051e-17
cycle as,-6.749497336901167e-17
majority,-6.765421556309548e-17
the majority,-6.765421556309548e-17
majority of,-6.765421556309548e-17
be used,-6.765421556309548e-17
who is,-6.765421556309548e-17
the majority of,-6.765421556309548e-17
because it,-6.765421556309548e-17
month after spring,-6.776263578034403e-17
in determining,-6.78168458889683e-17
panting is,-6.787105599759258e-17
harm to,-6.787105599759258e-17
empty,-6.787105599759258e-17
not have direct,-6.80336863234654e-17
sugar in,-6.804723885062147e-17
is not possible,-6.808789643208968e-17
not possible,-6.808789643208968e-17
to kill,-6.816921159502609e-17
them to survive,-6.819631664933823e-17
grey,-6.841315708383533e-17
is if,-6.852157730108388e-17
choice the,-6.852157730108388e-17
answer is if,-6.852157730108388e-17
the options provide,-6.852157730108388e-17
for hunting in,-6.862999751833243e-17
environment in,-6.862999751833243e-17
will have,-6.862999751833243e-17
the room,-6.862999751833243e-17
in potential energy,-6.873841773558098e-17
in potential,-6.873841773558098e-17
environments with limited,-6.873841773558098e-17
change in potential,-6.873841773558098e-17
rationale for choice,-6.873841773558098e-17
dissipate,-6.87621346581041e-17
light in the,-6.890104806145381e-17
to be,-6.895525817007808e-17
to move,-6.895525817007808e-17
for answer is,-6.895525817007808e-17
bushes,-6.895525817007808e-17
be used in,-6.906367838732663e-17
found in many,-6.90772309144827e-17
what it,-6.917209860457518e-17
plants therefore the,-6.917209860457518e-17
natural habitat for,-6.917209860457518e-17
shorter showers,-6.938893903907228e-17
any information about,-6.938893903907228e-17
is human,-6.938893903907228e-17
scenario presented,-6.938893903907228e-17
the scenario presented,-6.938893903907228e-17
in contrast the,-6.938893903907228e-17
listed,-6.938893903907228e-17
other vehicles,-6.938893903907228e-17
water which,-6.938893903907228e-17
additional information the,-6.938893903907228e-17
contrast the,-6.938893903907228e-17
be mixed with,-6.946278972416102e-17
crop rotation,-6.957867441925725e-17
earth and,-6.962610826430349e-17
scenario therefore,-6.982261990806649e-17
properties of,-6.982261990806649e-17
if you,-6.982261990806649e-17
light up,-6.982261990806649e-17
with its,-6.982261990806649e-17
factor in,-6.982261990806649e-17
often used,-6.982261990806649e-17
of energy and,-6.982261990806649e-17
volume of,-6.993104012531504e-17
and conditions,-7.025630077706069e-17
example if the,-7.025630077706069e-17
similarly,-7.025630077706069e-17
effect of,-7.025630077706069e-17
beef from,-7.036472099430924e-17
the effects of,-7.047314121155779e-17
that plants,-7.047314121155779e-17
calculation of,-7.056800890165027e-17
the calculation,-7.056800890165027e-17
the calculation of,-7.056800890165027e-17
the length of,-7.068998164605489e-17
and forest,-7.068998164605489e-17
toe,-7.068998164605489e-17
transport,-7.068998164605489e-17
where the air,-7.084583570834968e-17
of sediment,-7.087971702623985e-17
valley and,-7.090682208055199e-17
be used for,-7.090682208055199e-17
prey the,-7.112366251504909e-17
environment this is,-7.112366251504909e-17
minimal,-7.112366251504909e-17
during the summer,-7.112366251504909e-17
that causes,-7.112366251504909e-17
for answer choice,-7.112366251504909e-17
it difficult for,-7.112366251504909e-17
earth as,-7.112366251504909e-17
the epidermis,-7.112366251504909e-17
hence the answer,-7.128629284092192e-17
water can,-7.1303233499867e-17
sources of energy,-7.134050294954619e-17
should not,-7.160985942677306e-17
solar eclipse,-7.161155349266757e-17
minor,-7.16386585469797e-17
ability to produce,-7.174707876422826e-17
provide definitive,-7.177418381854039e-17
trying to,-7.195036667156929e-17
trying,-7.195036667156929e-17
not be the,-7.19910242530375e-17
bears and,-7.19910242530375e-17
of time but,-7.19910242530375e-17
therefore they are,-7.19910242530375e-17
natural process,-7.19910242530375e-17
an adult,-7.19910242530375e-17
the screen,-7.209944447028604e-17
transferred,-7.22078646875346e-17
oxygen and nutrients,-7.22078646875346e-17
broken,-7.24247051220317e-17
fat,-7.253312533928025e-17
for most,-7.257547698664296e-17
options and are,-7.26415455565288e-17
hydration,-7.26415455565288e-17
answer to the,-7.26415455565288e-17
not taste,-7.2682203137997e-17
made with,-7.28583859910259e-17
summer months,-7.28583859910259e-17
determining,-7.28583859910259e-17
and low,-7.28583859910259e-17
ways,-7.28583859910259e-17
the summer months,-7.28583859910259e-17
way that,-7.28583859910259e-17
determine why choice,-7.305124480520386e-17
when an,-7.3075226425523e-17
item,-7.32920668600201e-17
unlikely to,-7.32920668600201e-17
majority of the,-7.32920668600201e-17
in response to,-7.35089072945172e-17
in response,-7.35089072945172e-17
to describe,-7.35089072945172e-17
from the earth,-7.356311740314148e-17
screen,-7.356311740314148e-17
question refers to,-7.37257477290143e-17
are non,-7.37257477290143e-17
in the body,-7.37257477290143e-17
question refers,-7.37257477290143e-17
the question refers,-7.37257477290143e-17
as there,-7.37257477290143e-17
the species,-7.383416794626285e-17
catfish,-7.401524770851806e-17
to pass through,-7.405100838075995e-17
looking directly at,-7.41594285980085e-17
looking directly,-7.41594285980085e-17
wild,-7.41594285980085e-17
fact that the,-7.41594285980085e-17
movement of the,-7.41594285980085e-17
without any,-7.432205892388133e-17
as it has,-7.448468924975415e-17
as food,-7.453889935837843e-17
to drink,-7.45931094670027e-17
laser,-7.45931094670027e-17
space,-7.45931094670027e-17
medium,-7.45931094670027e-17
is that the,-7.45931094670027e-17
system the,-7.45931094670027e-17
of cellular,-7.45931094670027e-17
river flowing strongly,-7.48099499014998e-17
to ensure the,-7.48099499014998e-17
flowing strongly,-7.48099499014998e-17
to assume,-7.48099499014998e-17
of precipitation,-7.48099499014998e-17
strongly,-7.48099499014998e-17
river flowing,-7.48099499014998e-17
are not adapted,-7.48099499014998e-17
need for,-7.487771253728015e-17
entity,-7.502679033599691e-17
results in the,-7.502679033599691e-17
increasing the,-7.502679033599691e-17
organisms,-7.502679033599691e-17
food but,-7.503653121489033e-17
which can lead,-7.508100044462118e-17
process therefore,-7.524363077049401e-17
alcohol,-7.524363077049401e-17
down into,-7.535205098774256e-17
live and,-7.538466175621185e-17
wide,-7.546047120499111e-17
other choices are,-7.546047120499111e-17
the human eye,-7.584237718508439e-17
human eye,-7.584237718508439e-17
because in the,-7.589415207398531e-17
oxygen to,-7.589415207398531e-17
direct answer,-7.589415207398531e-17
better suited,-7.589415207398531e-17
to different,-7.600257229123386e-17
constantly,-7.600257229123386e-17
boulder,-7.605678239985814e-17
animals that consume,-7.611099250848241e-17
in various,-7.611099250848241e-17
water and the,-7.613809756279455e-17
and while,-7.632783294297951e-17
occurs during,-7.632783294297951e-17
the surrounding environment,-7.632783294297951e-17
processing,-7.632783294297951e-17
to transmit,-7.632783294297951e-17
ideal,-7.632783294297951e-17
them therefore,-7.632783294297951e-17
do not produce,-7.634138547013558e-17
to fall,-7.655822590463268e-17
difficult to,-7.659888348610089e-17
that live in,-7.676151381197371e-17
it is likely,-7.676151381197371e-17
could also be,-7.676151381197371e-17
grow the,-7.697835424647081e-17
friends,-7.708677446371937e-17
the epidermis is,-7.719519468096792e-17
viable,-7.719519468096792e-17
farm,-7.719519468096792e-17
electricity to flow,-7.719519468096792e-17
the nectar,-7.719519468096792e-17
options therefore,-7.719519468096792e-17
thawing of,-7.719519468096792e-17
negative,-7.719519468096792e-17
body to,-7.719519468096792e-17
epidermis is,-7.719519468096792e-17
present in the,-7.732394368895057e-17
living in,-7.741203511546502e-17
the salmon,-7.746624522408929e-17
the environmental impact,-7.752045533271357e-17
the environmental,-7.752045533271357e-17
environmental impact of,-7.752045533271357e-17
aspect of,-7.762887554996212e-17
aspect,-7.762887554996212e-17
waters,-7.768308565858639e-17
driver,-7.773729576721067e-17
eye,-7.773729576721067e-17
the function,-7.784571598445922e-17
farm in the,-7.784571598445922e-17
the function of,-7.784571598445922e-17
landscape,-7.800834631033204e-17
sharks,-7.806255641895632e-17
bugs,-7.806255641895632e-17
times of,-7.806255641895632e-17
likely to,-7.806255641895632e-17
break down dead,-7.812957790090782e-17
they can be,-7.817097663620487e-17
released by,-7.820485795409504e-17
the desert,-7.827262058987539e-17
using more,-7.827939685345342e-17
be correct and,-7.827939685345342e-17
search,-7.838781707070197e-17
to thrive in,-7.841492212501411e-17
and oxygen,-7.849623728795052e-17
green is,-7.849623728795052e-17
where it,-7.860465750519907e-17
are type of,-7.882149793969617e-17
are type,-7.882149793969617e-17
the city,-7.882149793969617e-17
during the winter,-7.892991815694472e-17
varying,-7.892991815694472e-17
landscapes,-7.892991815694472e-17
it is unlikely,-7.892991815694472e-17
explanation for that,-7.910336138778484e-17
or information,-7.914675859144182e-17
context or information,-7.914675859144182e-17
electrons,-7.92009687000661e-17
affect the ability,-7.936359902593892e-17
water from,-7.936359902593892e-17
in alaska,-7.936359902593892e-17
maintain the,-7.936359902593892e-17
difficult to see,-7.944491418887534e-17
requirement for,-7.958043946043603e-17
its boiling,-7.958043946043603e-17
its boiling point,-7.958043946043603e-17
would make it,-7.958043946043603e-17
viable option,-7.979727989493313e-17
travel,-7.979727989493313e-17
another,-7.979727989493313e-17
decision,-7.979727989493313e-17
plausible,-7.979727989493313e-17
formed from,-7.979727989493313e-17
question should,-7.979727989493313e-17
and eventually,-8.001412032943023e-17
to assume that,-8.001412032943023e-17
the colony,-8.006155417447647e-17
colony,-8.006155417447647e-17
of sleet,-8.010942477088614e-17
to calculate,-8.023096076392733e-17
to undergo photosynthesis,-8.023096076392733e-17
length of,-8.033938098117588e-17
equal,-8.044780119842443e-17
lava,-8.044780119842443e-17
perceived,-8.048113988583277e-17
rain puddle,-8.052625762516386e-17
make it harder,-8.066464163292153e-17
comprehensive and,-8.066464163292153e-17
necessary,-8.066464163292153e-17
not good,-8.066464163292153e-17
periods of,-8.066464163292153e-17
the blood,-8.077306185017008e-17
cat is,-8.081371943163829e-17
in birds,-8.088148206741863e-17
point of,-8.092341019830772e-17
grow in,-8.100345481182325e-17
the light bulb,-8.101690145986091e-17
hundred years,-8.109832250191573e-17
after hundred,-8.109832250191573e-17
to the scenario,-8.109832250191573e-17
after hundred years,-8.109832250191573e-17
unlikely,-8.109832250191573e-17
the cat is,-8.110679283138827e-17
being transferred to,-8.118248316615933e-17
are exposed to,-8.124740030063249e-17
are exposed,-8.124740030063249e-17
burn,-8.126095282778856e-17
note that while,-8.131516293641283e-17
daylight hours,-8.153200337090993e-17
not plausible,-8.153200337090993e-17
standing,-8.153200337090993e-17
the option that,-8.153200337090993e-17
the brain,-8.153200337090993e-17
brain,-8.153200337090993e-17
move,-8.174884380540703e-17
directly related to,-8.174884380540703e-17
you are,-8.174884380540703e-17
forest on,-8.196568423990414e-17
that determines,-8.196568423990414e-17
results in,-8.196568423990414e-17
and maintain,-8.212831456577696e-17
resource as,-8.216410170779846e-17
salt,-8.218252467440124e-17
monkeys,-8.218252467440124e-17
and the moon,-8.230449741880586e-17
this can lead,-8.239936510889834e-17
are not the,-8.239936510889834e-17
plant that,-8.239936510889834e-17
choice in,-8.239936510889834e-17
nesting,-8.283304597789254e-17
is also,-8.283304597789254e-17
role in the,-8.283304597789254e-17
reproduce asexually,-8.303633388523357e-17
as they do,-8.304988641238964e-17
not natural,-8.32396217925746e-17
question should be,-8.326672684688674e-17
can move,-8.326672684688674e-17
the distance,-8.326672684688674e-17
for that,-8.326672684688674e-17
likely be,-8.332093695551102e-17
would likely be,-8.332093695551102e-17
create the,-8.337514706413529e-17
of new landscapes,-8.337514706413529e-17
above,-8.348356728138384e-17
the loss,-8.348356728138384e-17
the loss of,-8.348356728138384e-17
nutrients for mushroom,-8.361909255294453e-17
asks about the,-8.370040771588094e-17
are visible,-8.370040771588094e-17
purposes,-8.370040771588094e-17
hence the,-8.380882793312949e-17
amphibians,-8.391724815037804e-17
to describe the,-8.391724815037804e-17
is if the,-8.391724815037804e-17
flows,-8.391724815037804e-17
question the other,-8.391724815037804e-17
of water this,-8.405277342193873e-17
in various environments,-8.413408858487514e-17
learning,-8.413408858487514e-17
and their,-8.413408858487514e-17
common occurrence,-8.413408858487514e-17
various environments,-8.413408858487514e-17
and in the,-8.413408858487514e-17
distribute,-8.435092901937224e-17
pressure on,-8.44593492366208e-17
farm in,-8.456776945386935e-17
making it difficult,-8.456776945386935e-17
the person sitting,-8.456776945386935e-17
heat the,-8.456776945386935e-17
opposite of,-8.456776945386935e-17
provide definitive rationale,-8.478460988836645e-17
hypothermia,-8.4893030105615e-17
daily,-8.500145032286355e-17
tilt of the,-8.500145032286355e-17
it has,-8.500145032286355e-17
that the person,-8.500145032286355e-17
solar,-8.500145032286355e-17
the negatives during,-8.500145032286355e-17
of piano,-8.500145032286355e-17
negatives during,-8.500145032286355e-17
organisms and,-8.500145032286355e-17
negatives during the,-8.500145032286355e-17
of different,-8.500145032286355e-17
ability,-8.501500285001962e-17
of fossil fuels,-8.519118570304851e-17
not likely to,-8.543513119185775e-17
is different,-8.543513119185775e-17
matter into simpler,-8.543513119185775e-17
matter into,-8.543513119185775e-17
organic matter into,-8.543513119185775e-17
the task,-8.543513119185775e-17
assume that,-8.557065646341844e-17
talons,-8.586881206085195e-17
day in,-8.586881206085195e-17
concept,-8.586881206085195e-17
for the other,-8.586881206085195e-17
or additional,-8.608565249534905e-17
or additional information,-8.608565249534905e-17
context or additional,-8.608565249534905e-17
being transferred,-8.614155666986784e-17
forward,-8.622117776690974e-17
area and,-8.624828282122188e-17
of the situation,-8.630249292984615e-17
force applied,-8.630249292984615e-17
reason,-8.630249292984615e-17
use its,-8.651933336434325e-17
hunting in,-8.651933336434325e-17
preserving,-8.665485863590394e-17
resulting in the,-8.673617379884035e-17
noting,-8.673617379884035e-17
are other,-8.673617379884035e-17
car is,-8.673617379884035e-17
survival,-8.673617379884035e-17
genetic,-8.673617379884035e-17
chemistry where,-8.678021951209758e-17
distance in millimeters,-8.689880412471318e-17
destination,-8.695301423333746e-17
to decrease in,-8.695301423333746e-17
individuals,-8.697503708996607e-17
the moon the,-8.712919708636635e-17
directly overhead,-8.716985466783456e-17
energy as,-8.716985466783456e-17
by reducing the,-8.733248499370738e-17
weight and,-8.738669510233166e-17
hemisphere which is,-8.760353553682876e-17
lion,-8.760353553682876e-17
drink from,-8.760353553682876e-17
about the tree,-8.760353553682876e-17
however if we,-8.782037597132586e-17
liquid and,-8.790239258342172e-17
is not good,-8.803721640582296e-17
bodies of water,-8.825405684032006e-17
difficult for the,-8.825405684032006e-17
after spring,-8.830826694894434e-17
soluble,-8.841668716619289e-17
extreme,-8.847089727481716e-17
preference for,-8.847089727481716e-17
could be,-8.847089727481716e-17
occurs when the,-8.847089727481716e-17
for dogs,-8.847089727481716e-17
narrow,-8.847089727481716e-17
bat,-8.847089727481716e-17
that does not,-8.847089727481716e-17
is result of,-8.847089727481716e-17
preference for dogs,-8.847089727481716e-17
capture,-8.857931749206571e-17
humans are,-8.890457814381136e-17
star and,-8.890457814381136e-17
clouds are,-8.89316831981235e-17
produce energy,-8.901299836105991e-17
longest,-8.912141857830846e-17
all examples of,-8.912141857830846e-17
all examples,-8.912141857830846e-17
are all examples,-8.912141857830846e-17
new substance,-8.922560363082074e-17
later in the,-8.922983879555701e-17
they will,-8.927049637702522e-17
scenario presented in,-8.933825901280557e-17
asks for the,-8.933825901280557e-17
substances to,-8.941957417574198e-17
environment which,-8.971772977317549e-17
is natural,-8.977193988179977e-17
illnesses,-8.977193988179977e-17
more complex,-8.977193988179977e-17
comprehensive,-8.977193988179977e-17
in the absence,-8.97990449361119e-17
them more likely,-8.989391262620439e-17
setting,-8.998878031629687e-17
the water vapor,-8.998878031629687e-17
the moon to,-9.020562075079397e-17
is renewable,-9.020562075079397e-17
to produce electricity,-9.020562075079397e-17
and thus,-9.020562075079397e-17
in the city,-9.023272580510611e-17
the weight of,-9.031404096804252e-17
food the,-9.04135673393449e-17
is herbivore,-9.063930161978817e-17
serve,-9.063930161978817e-17
meat,-9.063930161978817e-17
body the,-9.063930161978817e-17
the weight,-9.074772183703672e-17
because white,-9.075788623240377e-17
the lack,-9.089679963575348e-17
the lack of,-9.089679963575348e-17
grasslands,-9.107298248878237e-17
in forest,-9.107298248878237e-17
very,-9.107298248878237e-17
later in,-9.118140270603092e-17
addition,-9.150666335777657e-17
warm air,-9.150666335777657e-17
nutrients for the,-9.161508357502512e-17
is directly overhead,-9.161508357502512e-17
balloon,-9.161508357502512e-17
grocery,-9.19064629088806e-17
answer because it,-9.194034422677078e-17
growing larger,-9.194034422677078e-17
before,-9.194034422677078e-17
makes,-9.194034422677078e-17
forest growing,-9.194034422677078e-17
to light up,-9.194034422677078e-17
from flowers,-9.194034422677078e-17
not likely,-9.194034422677078e-17
forest growing larger,-9.194034422677078e-17
down dead organic,-9.204791741107207e-17
which are not,-9.204876444401933e-17
below,-9.215718466126788e-17
hurricanes,-9.225205235136036e-17
numbers,-9.23198149871407e-17
observed in,-9.237402509576498e-17
conditions therefore,-9.237402509576498e-17
oxygen through,-9.237402509576498e-17
option the,-9.237402509576498e-17
closer to the,-9.237402509576498e-17
be mixed,-9.258541275566413e-17
the weather,-9.259086553026208e-17
beef,-9.269928574751063e-17
while some,-9.27331670654008e-17
so the rationale,-9.280770596475918e-17
the relationship between,-9.280770596475918e-17
the relationship,-9.280770596475918e-17
source of nutrients,-9.280770596475918e-17
rationale for why,-9.280770596475918e-17
of canyon,-9.291612618200773e-17
contact with the,-9.2970336290632e-17
mixed with other,-9.302454639925628e-17
resource is,-9.305470871311241e-17
incorrect therefore the,-9.313296661650483e-17
illuminate the,-9.31871767251291e-17
to illuminate the,-9.31871767251291e-17
matter the,-9.321428177944124e-17
changes in,-9.324138683375338e-17
earth the,-9.324138683375338e-17
would make,-9.324138683375338e-17
alaska,-9.324138683375338e-17
knowing the,-9.334980705100193e-17
energy through the,-9.334980705100193e-17
with environments,-9.34523245073993e-17
associated with environments,-9.34523245073993e-17
with environments with,-9.34523245073993e-17
celestial,-9.345822726825048e-17
is not direct,-9.345822726825048e-17
not direct,-9.345822726825048e-17
getting,-9.367506770274758e-17
not exist,-9.367506770274758e-17
reactions,-9.367506770274758e-17
life cycle,-9.367506770274758e-17
added,-9.370217275705972e-17
can also be,-9.389190813724468e-17
environment in contrast,-9.408164351742965e-17
other organisms for,-9.410874857174178e-17
organisms for,-9.410874857174178e-17
not take,-9.410874857174178e-17
remora,-9.410874857174178e-17
remora fish,-9.410874857174178e-17
molecules to,-9.424427384330247e-17
overhead,-9.432558900623889e-17
flying,-9.432558900623889e-17
less than,-9.432558900623889e-17
is result,-9.454242944073599e-17
the specific,-9.454242944073599e-17
specify what,-9.454242944073599e-17
process the,-9.454242944073599e-17
the most direct,-9.454242944073599e-17
most direct,-9.454242944073599e-17
of nutrients for,-9.455598196789206e-17
back into the,-9.461019207651633e-17
flowing,-9.475926987523309e-17
quality,-9.484143207111675e-17
photosynthesis the,-9.519295074422729e-17
lives,-9.519295074422729e-17
increase in the,-9.519295074422729e-17
their food,-9.540979117872439e-17
magnetic south,-9.540979117872439e-17
behind,-9.540979117872439e-17
context or,-9.540979117872439e-17
genetic material,-9.540979117872439e-17
more accurate example,-9.573505183047004e-17
turtles are,-9.584347204771859e-17
question states,-9.600610237359142e-17
question states that,-9.600610237359142e-17
the question states,-9.600610237359142e-17
shivering,-9.606031248221569e-17
new substance with,-9.607894720705529e-17
specific substance,-9.616309463640908e-17
morning,-9.627715291671279e-17
is the month,-9.627715291671279e-17
cycles,-9.64939933512099e-17
survive without,-9.64939933512099e-17
kinetic energy is,-9.64939933512099e-17
best answer is,-9.660241356845845e-17
these animals,-9.6710833785707e-17
to be found,-9.6710833785707e-17
typically found in,-9.673793884001913e-17
from the bulb,-9.679214894864341e-17
given therefore,-9.683984749148567e-17
information given therefore,-9.683984749148567e-17
not be visible,-9.69276742202041e-17
the year,-9.71445146547012e-17
on the specific,-9.71445146547012e-17
option that,-9.71445146547012e-17
needs,-9.71445146547012e-17
specify what is,-9.73613550891983e-17
chemistry,-9.73613550891983e-17
environment as,-9.752398541507112e-17
do not contain,-9.752398541507112e-17
be visible,-9.75781955236954e-17
animals including,-9.75781955236954e-17
do not require,-9.75781955236954e-17
of oxygen,-9.75781955236954e-17
and conditions for,-9.75781955236954e-17
process that can,-9.75781955236954e-17
in the southern,-9.75781955236954e-17
extremely high,-9.763198211584605e-17
not primary source,-9.771372079525609e-17
be made,-9.776946615109726e-17
increases,-9.77950359581925e-17
issues,-9.77950359581925e-17
process of photosynthesis,-9.80118763926896e-17
aquatic,-9.80118763926896e-17
hemisphere which,-9.80118763926896e-17
summer solstice,-9.80118763926896e-17
tools,-9.80118763926896e-17
hemisphere therefore,-9.80118763926896e-17
of food,-9.82287168271867e-17
the car is,-9.82287168271867e-17
provide an explanation,-9.82287168271867e-17
to grow in,-9.84455572616838e-17
surroundings and,-9.84455572616838e-17
barnacles,-9.84455572616838e-17
celestial body will,-9.84455572616838e-17
birds do,-9.847266231599594e-17
times of the,-9.86623976961809e-17
which are the,-9.86623976961809e-17
of decomposition,-9.86623976961809e-17
reflect,-9.8879238130678e-17
options therefore the,-9.8879238130678e-17
mean that,-9.8879238130678e-17
the phrase,-9.8879238130678e-17
effectively,-9.8879238130678e-17
opossums,-9.892174859671833e-17
raccoons,-9.892174859671833e-17
resource that can,-9.90960785651751e-17
sets later,-9.911640735590921e-17
processed,-9.913673614664331e-17
metabolic processes,-9.93129189996722e-17
juice,-9.93129189996722e-17
correct without additional,-9.936712910829648e-17
correct without,-9.936712910829648e-17
pathogens,-9.947554932554503e-17
environments such as,-9.962123899247277e-17
environments such,-9.962123899247277e-17
the environment this,-9.969916602362017e-17
plausible answer,-9.974659986866641e-17
vehicle,-9.974659986866641e-17
practice,-9.974659986866641e-17
magnetic north,-9.974659986866641e-17
light to,-9.979572777960716e-17
to power the,-9.996344030316351e-17
of fossil,-1.0018028073766061e-16
but rather,-1.0018028073766061e-16
not what,-1.0028870095490916e-16
the negatives,-1.0039712117215771e-16
negatives,-1.0039712117215771e-16
in the negatives,-1.0039712117215771e-16
down dead,-1.0039754468863134e-16
does not require,-1.0058685655234267e-16
energy through,-1.0061396160665481e-16
its body,-1.0061396160665481e-16
other hand,-1.0061396160665481e-16
the other hand,-1.0061396160665481e-16
aquatic environments,-1.0061396160665481e-16
practices,-1.0065461918812302e-16
available,-1.0066817171527909e-16
of substance,-1.0083080204115191e-16
arctic,-1.0083080204115191e-16
calculation,-1.0084011940357171e-16
reducing the amount,-1.0088501214977619e-16
from white,-1.0089853820715265e-16
from white to,-1.0089853820715265e-16
white to brown,-1.0089853820715265e-16
white to,-1.0089853820715265e-16
to other,-1.0104764247564901e-16
drive,-1.0104764247564901e-16
described in,-1.0104764247564901e-16
that obtain,-1.0107051236522488e-16
raised portions,-1.0115606269289756e-16
direct contact,-1.0121027280152184e-16
the sea,-1.0126448291014611e-16
dirty,-1.0137290312739466e-16
is simple,-1.0137290312739466e-16
your,-1.0142711323601894e-16
to help,-1.0142711323601894e-16
allows it to,-1.0148132334464322e-16
long as the,-1.0148132334464322e-16
their growth,-1.0148132334464322e-16
leaving behind,-1.0153553345326749e-16
can flow,-1.0182691278712297e-16
type of plant,-1.0191500421363742e-16
definitive rationale,-1.0202342443088597e-16
because they,-1.0234868508263162e-16
with abundant,-1.0234868508263162e-16
keys,-1.0234868508263162e-16
puddle,-1.0251131540850444e-16
the decrease in,-1.0251131540850444e-16
the decrease,-1.0251131540850444e-16
which can,-1.02619735625753e-16
pinhole,-1.0278236595162582e-16
impossible to provide,-1.0278236595162582e-16
keep,-1.0278236595162582e-16
to lay eggs,-1.0289078616887437e-16
broken down into,-1.0289078616887437e-16
the length,-1.0299920638612292e-16
kill,-1.0299920638612292e-16
negatively,-1.0321604682062002e-16
temperature in,-1.0321604682062002e-16
option because deer,-1.0321604682062002e-16
shell,-1.0321604682062002e-16
deer do,-1.0321604682062002e-16
because deer do,-1.0321604682062002e-16
deer do not,-1.0321604682062002e-16
other environments,-1.0357857692204486e-16
are known,-1.0364972768961422e-16
organism that,-1.0364972768961422e-16
safe and,-1.0364972768961422e-16
plays,-1.0375814790686277e-16
for various,-1.0408340855860843e-16
gas are,-1.0408340855860843e-16
benefits,-1.0408340855860843e-16
should be,-1.0408340855860843e-16
science,-1.0408340855860843e-16
are animals,-1.0415117119438877e-16
of the planet,-1.0430024899310553e-16
must,-1.0430024899310553e-16
of the respiratory,-1.0470682480778759e-16
the earth as,-1.0473392986209973e-16
aquatic environment,-1.0476103491641187e-16
moon to,-1.04788139970724e-16
to burn,-1.0480846876145811e-16
from the sun,-1.0484235007934828e-16
used to power,-1.0495077029659683e-16
eaten,-1.0495077029659683e-16
drink,-1.0495077029659683e-16
only plausible,-1.0495077029659683e-16
low,-1.0495077029659683e-16
the only plausible,-1.0495077029659683e-16
the air is,-1.0505919051384538e-16
leaving,-1.0511340062246965e-16
occur as,-1.0516761073109393e-16
added to,-1.0524892589403034e-16
are non renewable,-1.0538445116559103e-16
of genetic,-1.0538445116559103e-16
illuminated,-1.0538445116559103e-16
denim,-1.0538445116559103e-16
to the ground,-1.0538445116559103e-16
food intake,-1.0578933291437859e-16
processes,-1.0581813203458523e-16
chrysalis,-1.0581813203458523e-16
due to its,-1.0581813203458523e-16
of sunlight,-1.0581813203458523e-16
making them less,-1.0592655225183378e-16
supported,-1.0603497246908233e-16
contrast to the,-1.0625181290357943e-16
particular,-1.0625181290357943e-16
does to,-1.0628738828736412e-16
renewable energy,-1.0636023312082798e-16
stable,-1.0646865333807654e-16
definitive,-1.0646865333807654e-16
that live,-1.0668549377257364e-16
law,-1.0668549377257364e-16
fully formed,-1.0695654431569501e-16
long,-1.0711917464156784e-16
floor,-1.0711917464156784e-16
and wood,-1.0722759485881639e-16
soluble in,-1.0733601507606494e-16
plants in,-1.0733601507606494e-16
that while,-1.0733601507606494e-16
break down,-1.0733601507606494e-16
environmental impact,-1.0749864540193776e-16
while driving,-1.0755285551056204e-16
means,-1.0755285551056204e-16
affect the size,-1.0776969594505914e-16
sky,-1.0776969594505914e-16
hunt and,-1.0798653637955624e-16
is in the,-1.0798653637955624e-16
of species,-1.0798653637955624e-16
produce electricity,-1.0798653637955624e-16
the summer solstice,-1.0798653637955624e-16
celsius,-1.0809495659680479e-16
where the energy,-1.0814916670542907e-16
described in the,-1.0820337681405334e-16
ensure the,-1.0842021724855044e-16
bulb,-1.0842021724855044e-16
availability of,-1.0842021724855044e-16
more water,-1.0885389811754465e-16
to measure the,-1.0885389811754465e-16
battery,-1.0885389811754465e-16
exercise,-1.0885389811754465e-16
an important,-1.0885389811754465e-16
electricity to,-1.0885389811754465e-16
for choice is,-1.0885389811754465e-16
is not suitable,-1.0885389811754465e-16
to hunt and,-1.0885389811754465e-16
therefore the sun,-1.0885389811754465e-16
dead organic matter,-1.0906723130624452e-16
this question rationale,-1.0907073855204175e-16
typically found,-1.0912494866066602e-16
day the,-1.091791587692903e-16
nonrenewable resource,-1.0928757898653885e-16
therefore they,-1.0928757898653885e-16
the deer,-1.0950441942103595e-16
sustenance,-1.0950441942103595e-16
as long,-1.0972125985553305e-16
as long as,-1.0972125985553305e-16
long as,-1.0972125985553305e-16
canyons are,-1.098296800727816e-16
substances that,-1.098296800727816e-16
its chances,-1.0991099523571801e-16
its chances of,-1.0991099523571801e-16
suited,-1.0993810029003015e-16
animal survival,-1.0997875787149836e-16
releases,-1.1015494072452725e-16
to an,-1.1015494072452725e-16
the fruit,-1.1022036740225774e-16
part of their,-1.1033112357755614e-16
its surface,-1.1037178115902435e-16
the vehicle,-1.104802013762729e-16
time but,-1.1058862159352145e-16
fact,-1.1058862159352145e-16
object would,-1.1069704181077e-16
knowing,-1.1069704181077e-16
and when,-1.1080546202801855e-16
the conditions,-1.1085967213664283e-16
meal,-1.109138822452671e-16
is non,-1.1102230246251565e-16
gather,-1.1102230246251565e-16
the cold,-1.1102230246251565e-16
parts,-1.1102230246251565e-16
good,-1.1102230246251565e-16
provide rationale for,-1.1102230246251565e-16
different,-1.1102230246251565e-16
habitat for,-1.1102230246251565e-16
as the sun,-1.1123914289701275e-16
one year,-1.1123914289701275e-16
wildlife,-1.1123914289701275e-16
sugars,-1.113475631142613e-16
the bloodstream,-1.1145598333150986e-16
depletion,-1.1145598333150986e-16
results,-1.1145598333150986e-16
bloodstream,-1.1145598333150986e-16
aspect of cellular,-1.1158812047128153e-16
undergo photosynthesis,-1.1167282376600696e-16
the month after,-1.1205229452637688e-16
month after,-1.1205229452637688e-16
to slide,-1.1210650463500116e-16
all of,-1.1210650463500116e-16
environment which is,-1.1210650463500116e-16
therefore the best,-1.1210650463500116e-16
slide,-1.1210650463500116e-16
temperature in the,-1.1232334506949826e-16
foods,-1.1232334506949826e-16
is suitable,-1.1232334506949826e-16
happen,-1.1259439561261964e-16
oxygen this,-1.126486057212439e-16
indicate that the,-1.1275702593849246e-16
cellular respiration,-1.1275702593849246e-16
of electricity,-1.1275702593849246e-16
because deer,-1.1275702593849246e-16
to power,-1.1275702593849246e-16
rock can,-1.1275702593849246e-16
surfaces,-1.1275702593849246e-16
on the earth,-1.1281123604711674e-16
lunar,-1.1310939164455025e-16
the insect,-1.1319070680748666e-16
what the,-1.1319070680748666e-16
collector,-1.1329912702473521e-16
is the rationale,-1.133533371333595e-16
of predator,-1.1362438767648086e-16
which suggests that,-1.1362438767648086e-16
which suggests,-1.1362438767648086e-16
that bicycles,-1.1362438767648086e-16
extremely high temperatures,-1.1368362704322946e-16
sustainable,-1.1394964832822652e-16
oil well,-1.1416648876272362e-16
land,-1.1427490897997217e-16
is unlikely,-1.1449174941446927e-16
to light,-1.1449174941446927e-16
other materials,-1.1449174941446927e-16
lead to,-1.1449174941446927e-16
question asks which,-1.1470858984896637e-16
this is the,-1.1492543028346347e-16
the situation described,-1.1492543028346347e-16
situation described in,-1.1492543028346347e-16
take the,-1.1492543028346347e-16
situation described,-1.1492543028346347e-16
energy from the,-1.1492543028346347e-16
can affect the,-1.1492543028346347e-16
lumber,-1.1503385050071202e-16
the specific type,-1.150880606093363e-16
rocks and minerals,-1.1514227071796057e-16
the human,-1.1514227071796057e-16
come into contact,-1.152473028034201e-16
come into,-1.152473028034201e-16
solstice,-1.1535911115245767e-16
allows it,-1.1535911115245767e-16
nutrients and,-1.1535911115245767e-16
contains,-1.1535911115245767e-16
be produced,-1.1535911115245767e-16
worth noting that,-1.1535911115245767e-16
effects of,-1.1535911115245767e-16
indicate that,-1.1535911115245767e-16
for plants,-1.1535911115245767e-16
survival strategy,-1.1546753136970622e-16
revolve around the,-1.1549463642401836e-16
result of its,-1.1556959883985037e-16
meaning it,-1.1557595158695477e-16
warmer climates,-1.1557595158695477e-16
of rock,-1.1557595158695477e-16
other times,-1.1571147685851546e-16
their natural,-1.1579279202145187e-16
apple,-1.1579279202145187e-16
keeping,-1.1600963245594897e-16
cats are,-1.1600963245594897e-16
revolve,-1.1602318498310504e-16
revolve around,-1.1602318498310504e-16
made up,-1.1622647289044608e-16
made up of,-1.1622647289044608e-16
and are not,-1.1622647289044608e-16
positive,-1.1622647289044608e-16
plausible answer is,-1.1633489310769463e-16
offspring the,-1.163687744255848e-16
rotation is,-1.1644331332494318e-16
are correct therefore,-1.1655173354219173e-16
living organisms that,-1.1663304870512814e-16
which is then,-1.1666015375944028e-16
for physical,-1.1666015375944028e-16
the principle,-1.1666015375944028e-16
survive in,-1.1666015375944028e-16
their energy,-1.1668895287964692e-16
to revolve,-1.1676857397668883e-16
to revolve around,-1.1676857397668883e-16
is the time,-1.1687699419393738e-16
survival the presence,-1.1692781617077264e-16
animal survival the,-1.1692781617077264e-16
so it does,-1.1709383462843448e-16
and may,-1.1709383462843448e-16
up,-1.1709383462843448e-16
states that the,-1.1709383462843448e-16
run,-1.1742714209317905e-16
derived from,-1.1752751549742868e-16
derived,-1.1752751549742868e-16
times,-1.1752751549742868e-16
sun rays,-1.1752751549742868e-16
especially in,-1.1752751549742868e-16
are more likely,-1.1752751549742868e-16
organisms therefore,-1.1752751549742868e-16
the sun rays,-1.1752751549742868e-16
access,-1.1752751549742868e-16
resources and,-1.1774435593192578e-16
seasons,-1.1796119636642288e-16
swimming,-1.1796119636642288e-16
the opposite of,-1.1796119636642288e-16
electric,-1.1796119636642288e-16
organic matter,-1.1796119636642288e-16
the air,-1.1796119636642288e-16
revolution,-1.1801540647504716e-16
other times of,-1.180425115293593e-16
others,-1.1806961658367143e-16
sticks,-1.1817803680091998e-16
provide rationale,-1.1839487723541708e-16
known as the,-1.1839487723541708e-16
and wood are,-1.185575075612899e-16
actions,-1.185575075612899e-16
not allow the,-1.1882855810441129e-16
thrive in,-1.1882855810441129e-16
changes in the,-1.1882855810441129e-16
either more accurate,-1.1934646581209809e-16
heat is,-1.1937065919065404e-16
sun sets later,-1.1939098798138814e-16
color,-1.196959198423997e-16
more accurate rationale,-1.196959198423997e-16
have been,-1.196959198423997e-16
accurate rationale would,-1.196959198423997e-16
worth noting,-1.196959198423997e-16
well as,-1.196959198423997e-16
to occur,-1.1975012995102396e-16
organisms such as,-1.201296007113939e-16
plants that,-1.201296007113939e-16
small squirrels,-1.201296007113939e-16
organisms such,-1.201296007113939e-16
potential,-1.201296007113939e-16
the fact,-1.201296007113939e-16
the actual,-1.2037354620020313e-16
incorrect because it,-1.2044300290187798e-16
as the person,-1.2045486136313954e-16
earth axis,-1.205632815803881e-16
not the primary,-1.205632815803881e-16
grain,-1.205632815803881e-16
sound waves,-1.205632815803881e-16
humidity,-1.205632815803881e-16
the earth axis,-1.205632815803881e-16
there is no,-1.2057683410754416e-16
not valid options,-1.207801220148852e-16
harm,-1.209969624493823e-16
low precipitation,-1.209969624493823e-16
are not valid,-1.2110538266663085e-16
to travel,-1.212138028838794e-16
open,-1.214306433183765e-16
lead,-1.214306433183765e-16
lost,-1.214306433183765e-16
with abundant water,-1.2175590397012215e-16
abundant water,-1.2175590397012215e-16
of how,-1.218643241873707e-16
used by the,-1.218643241873707e-16
they make,-1.2201934445160804e-16
leakage,-1.220608358311337e-16
the resources,-1.2218958483911635e-16
not produce,-1.2218958483911635e-16
vehicles,-1.222980050563649e-16
wings,-1.222980050563649e-16
is because when,-1.222980050563649e-16
that primarily,-1.222980050563649e-16
their survival,-1.222980050563649e-16
reaching,-1.2240642527361345e-16
for the plant,-1.22514845490862e-16
answer to,-1.22514845490862e-16
so the other,-1.2267747581673483e-16
the air to,-1.227316859253591e-16
wind energy,-1.227316859253591e-16
is renewable resource,-1.227316859253591e-16
shortest,-1.228672111969198e-16
describe the time,-1.2291854933445728e-16
farms,-1.229485263598562e-16
by reducing,-1.229485263598562e-16
choices are correct,-1.2300040712787553e-16
the animal survival,-1.230061246002695e-16
canyons,-1.230840516314169e-16
is suitable for,-1.2312809734467411e-16
responsible for,-1.231653667943533e-16
in environments,-1.231653667943533e-16
not possess the,-1.231653667943533e-16
phrase,-1.231653667943533e-16
animals that live,-1.231653667943533e-16
laid,-1.231653667943533e-16
possess the,-1.231653667943533e-16
insect,-1.2327378701160185e-16
the house,-1.233822072288504e-16
is often associated,-1.2349062744609896e-16
moon and the,-1.2349062744609896e-16
pan,-1.235990476633475e-16
so the correct,-1.240327285323417e-16
the time it,-1.240327285323417e-16
hand is,-1.240327285323417e-16
and more,-1.240327285323417e-16
other hand is,-1.240327285323417e-16
and limited,-1.2419535885821453e-16
object to,-1.242495689668388e-16
options invalid except,-1.242495689668388e-16
invalid except for,-1.242495689668388e-16
all options invalid,-1.242495689668388e-16
invalid except,-1.242495689668388e-16
invalid,-1.242495689668388e-16
options invalid,-1.242495689668388e-16
suggests humid,-1.2429022654830701e-16
bog suggests,-1.2429022654830701e-16
boggy environment which,-1.2429022654830701e-16
boggy environment,-1.2429022654830701e-16
presence of bog,-1.2429022654830701e-16
suggests humid boggy,-1.2429022654830701e-16
of bog,-1.2429022654830701e-16
humid boggy environment,-1.2429022654830701e-16
bog suggests humid,-1.2429022654830701e-16
which is suitable,-1.2429022654830701e-16
of bog suggests,-1.2429022654830701e-16
leave,-1.2435798918408736e-16
direct result,-1.244664094013359e-16
direct result of,-1.244664094013359e-16
acid rain,-1.244664094013359e-16
orbit the,-1.244664094013359e-16
forms,-1.249000902703301e-16
like other plants,-1.249000902703301e-16
which involves,-1.249000902703301e-16
and potentially,-1.249000902703301e-16
bitcoin operation,-1.249000902703301e-16
answer choice is,-1.249000902703301e-16
to live,-1.2533377113932431e-16
units,-1.2533377113932431e-16
days this,-1.253879812479486e-16
context therefore the,-1.2555061157382141e-16
survive and thrive,-1.2571324189969424e-16
at lower temperature,-1.2571324189969424e-16
at lower,-1.2571324189969424e-16
moon the,-1.2575389948116245e-16
would be the,-1.2576745200831851e-16
along,-1.2576745200831851e-16
for the third,-1.2576745200831851e-16
difficult for,-1.2576745200831851e-16
lost in,-1.2587587222556706e-16
in protected,-1.2587587222556706e-16
lost in forest,-1.2587587222556706e-16
to the need,-1.2587587222556706e-16
light in,-1.2598429244281562e-16
which can be,-1.2620113287731272e-16
drops,-1.2620113287731272e-16
force applied to,-1.2620113287731272e-16
dishwasher,-1.2641797331180982e-16
of pasteurization,-1.2641797331180982e-16
reason for the,-1.2641797331180982e-16
metamorphosis,-1.2644507836612195e-16
only plausible answer,-1.2658060363768264e-16
hole,-1.2663481374630692e-16
options do,-1.2663481374630692e-16
northern hemisphere which,-1.2663481374630692e-16
thicker,-1.2663481374630692e-16
an egg,-1.2663481374630692e-16
strategy,-1.269058642894283e-16
honey,-1.269871794523647e-16
rocks including,-1.2706849461530112e-16
capability to,-1.2706849461530112e-16
intake,-1.2706849461530112e-16
statement,-1.2706849461530112e-16
the capability,-1.2706849461530112e-16
the capability to,-1.2706849461530112e-16
time therefore the,-1.2728533504979822e-16
that do not,-1.2750217548429532e-16
which is an,-1.2750217548429532e-16
waves,-1.2750217548429532e-16
the fact that,-1.2750217548429532e-16
lassie,-1.2765961773336621e-16
source of energy,-1.2782743613604097e-16
of bicycle,-1.2788164624466525e-16
the earth the,-1.2793585635328952e-16
take,-1.2793585635328952e-16
fact that,-1.2793585635328952e-16
air to,-1.2793585635328952e-16
the ecosystem as,-1.2793585635328952e-16
in the northern,-1.2793585635328952e-16
physical activity,-1.2793585635328952e-16
efficient,-1.2793585635328952e-16
suitable for this,-1.2795787920991814e-16
them less,-1.2836953722228372e-16
health and,-1.2836953722228372e-16
in cold,-1.2836953722228372e-16
batteries,-1.2836953722228372e-16
provide,-1.2836953722228372e-16
body will,-1.2836953722228372e-16
an apple,-1.2858637765678083e-16
sun is located,-1.2858637765678083e-16
state that,-1.2866769281971724e-16
because the sun,-1.2880321809127793e-16
extremely,-1.2880321809127793e-16
time therefore,-1.2923689896027213e-16
protection from,-1.2923689896027213e-16
apply,-1.2923689896027213e-16
the month of,-1.2923689896027213e-16
consists,-1.2934531917752068e-16
consists of,-1.2934531917752068e-16
associated with the,-1.2945373939476923e-16
means it,-1.295079495033935e-16
which means it,-1.295079495033935e-16
occur when,-1.2956215961201778e-16
one that,-1.2956215961201778e-16
to brown,-1.2967057982926633e-16
as plants,-1.2967057982926633e-16
year the,-1.2967057982926633e-16
dead organic,-1.2973664839915217e-16
crucial,-1.2988742026376343e-16
sustain,-1.3010426069826053e-16
way to,-1.3010426069826053e-16
is made of,-1.3032110113275763e-16
the respiratory system,-1.3040241629569405e-16
the respiratory,-1.3040241629569405e-16
over the,-1.3075478200175183e-16
the leakage of,-1.3076478757844128e-16
an oil well,-1.3076478757844128e-16
oil from,-1.3076478757844128e-16
oil from an,-1.3076478757844128e-16
an oil,-1.3076478757844128e-16
of oil from,-1.3076478757844128e-16
leakage of,-1.3076478757844128e-16
from an oil,-1.3076478757844128e-16
to the leakage,-1.3076478757844128e-16
the leakage,-1.3076478757844128e-16
predator prey,-1.3079522782498323e-16
which can help,-1.309445173819368e-16
their aquatic,-1.3097162243624894e-16
paw,-1.3097162243624894e-16
blend,-1.3097162243624894e-16
pile,-1.3097162243624894e-16
blend in,-1.3097162243624894e-16
blend in with,-1.3097162243624894e-16
offspring are,-1.3113425276212176e-16
asks which,-1.3118846287074604e-16
are actively,-1.3125633138564479e-16
the man,-1.3140530330524314e-16
humid boggy,-1.3154421670859284e-16
that could,-1.315950386854281e-16
therefore the,-1.3183898417423734e-16
type,-1.3183898417423734e-16
consumes,-1.3183898417423734e-16
mean that the,-1.3183898417423734e-16
are not directly,-1.3183898417423734e-16
unit,-1.3205582460873444e-16
raised,-1.3205582460873444e-16
unit of,-1.3205582460873444e-16
sun to,-1.323810852604801e-16
the sun to,-1.323810852604801e-16
decrease in the,-1.3248950547772864e-16
geological process,-1.3248950547772864e-16
nature the,-1.3270634591222574e-16
makes it,-1.3270634591222574e-16
in nature the,-1.3270634591222574e-16
relationship between,-1.3270634591222574e-16
can produce,-1.3280121360231822e-16
components of the,-1.328147661294743e-16
polar,-1.3286897623809857e-16
button,-1.3292318634672284e-16
compound,-1.3292318634672284e-16
heat in the,-1.3314002678121994e-16
up the,-1.3314002678121994e-16
addition of,-1.3314002678121994e-16
is converted,-1.3314002678121994e-16
heat transfer,-1.3335686721571705e-16
contribute to,-1.3357370765021415e-16
contribute,-1.3357370765021415e-16
the addition,-1.3379054808471125e-16
the addition of,-1.3379054808471125e-16
answer choice in,-1.3384475819333552e-16
not take the,-1.3444106938820255e-16
stress,-1.3444106938820255e-16
to illuminate,-1.3444106938820255e-16
with different,-1.3444106938820255e-16
illuminate,-1.3444106938820255e-16
light for plants,-1.3444106938820255e-16
the arctic,-1.347663300399482e-16
at certain,-1.349831704744453e-16
days this is,-1.3509159069169385e-16
often associated with,-1.3509159069169385e-16
often associated,-1.3509159069169385e-16
size and,-1.3530843112619095e-16
that do,-1.3530843112619095e-16
for its,-1.3530843112619095e-16
prey,-1.3530843112619095e-16
and its,-1.3530843112619095e-16
decreases,-1.3530843112619095e-16
triplet the question,-1.3544915109199847e-16
inhabit,-1.3574211199518516e-16
produce it,-1.3590474232105798e-16
earth the sun,-1.3595895242968226e-16
greenhouse gas,-1.3595895242968226e-16
up of,-1.3601316253830653e-16
totals,-1.3617579286417936e-16
provide the necessary,-1.3617579286417936e-16
totals of,-1.3617579286417936e-16
building,-1.3617579286417936e-16
the bulb,-1.362028979184915e-16
accurate example of,-1.362842130814279e-16
door,-1.3666368384179783e-16
to change phases,-1.367332464225911e-16
change phases,-1.367332464225911e-16
in with,-1.3682631416767066e-16
the distance in,-1.3682631416767066e-16
air is,-1.3683986669482673e-16
natural resources,-1.3704315460216776e-16
either,-1.3704315460216776e-16
time it,-1.3704315460216776e-16
metabolic,-1.3704315460216776e-16
environment this,-1.3725999503666486e-16
plants can,-1.3725999503666486e-16
to decrease,-1.3725999503666486e-16
migration,-1.373684152539134e-16
it involves,-1.3742262536253769e-16
the body the,-1.3747683547116196e-16
project,-1.3747683547116196e-16
may also,-1.3747683547116196e-16
not the best,-1.3747683547116196e-16
result of natural,-1.3761236074272265e-16
in speed and,-1.3791051634015616e-16
adapted to live,-1.3820867193758968e-16
into simpler,-1.3834419720915037e-16
is because during,-1.3834419720915037e-16
because during,-1.3834419720915037e-16
respiratory system,-1.3838485479061857e-16
increase the sweetness,-1.3866945786089602e-16
as well therefore,-1.3871011544236422e-16
sized,-1.387236679695203e-16
have the capability,-1.3877787807814457e-16
and it,-1.3877787807814457e-16
question would be,-1.3877787807814457e-16
of gas,-1.3877787807814457e-16
water or,-1.3921155894713877e-16
is located at,-1.3953681959888442e-16
when you,-1.3953681959888442e-16
the electric,-1.3953681959888442e-16
effective,-1.3964523981613297e-16
resource that,-1.3964523981613297e-16
appears to change,-1.3997050046787862e-16
either more,-1.400247105765029e-16
to sustain,-1.404583914454971e-16
it involves the,-1.4051260155412137e-16
used by,-1.4051260155412137e-16
therefore the other,-1.4051260155412137e-16
of rocks including,-1.4051260155412137e-16
creating,-1.4051260155412137e-16
to the earth,-1.4094628242311558e-16
sloth,-1.4094628242311558e-16
contributes to,-1.4105470264036413e-16
contributes,-1.4105470264036413e-16
the birth,-1.411089127489884e-16
pm,-1.4116312285761268e-16
plants and,-1.4137996329210978e-16
context of the,-1.4137996329210978e-16
is common occurrence,-1.4137996329210978e-16
of biodiversity,-1.4143417340073405e-16
the best option,-1.4148838350935833e-16
best option,-1.4148838350935833e-16
made from,-1.4159680372660688e-16
brown,-1.4159680372660688e-16
to produce light,-1.4159680372660688e-16
choices are not,-1.4170522394385543e-16
biodiversity,-1.4174588152532364e-16
warmer,-1.4224732503009818e-16
the necessary resources,-1.4249127051890742e-16
necessary resources,-1.4249127051890742e-16
gears,-1.430604766594623e-16
the beaver,-1.4311468676808659e-16
access to,-1.4311468676808659e-16
millimeters,-1.4316889687671086e-16
of non,-1.4333152720258369e-16
fish species,-1.4343994741983224e-16
to provide rationale,-1.4343994741983224e-16
portions,-1.4354836763708079e-16
retain,-1.4354836763708079e-16
nectar into,-1.4362290653643917e-16
body cells,-1.4365678785432934e-16
the body cells,-1.4365678785432934e-16
humid,-1.43982048506075e-16
answered,-1.43982048506075e-16
be answered,-1.43982048506075e-16
them this,-1.441988889405721e-16
likely use,-1.442802041035085e-16
would likely use,-1.442802041035085e-16
interaction,-1.4430730915782064e-16
tested through,-1.444157293750692e-16
ecosystem as,-1.444157293750692e-16
stove is,-1.446325698095663e-16
be determined,-1.446359579413553e-16
to lay,-1.4480324694843803e-16
the sun and,-1.448494102440634e-16
refers to,-1.448494102440634e-16
significantly,-1.448494102440634e-16
refers,-1.448494102440634e-16
the cat,-1.4495783046131194e-16
consuming an,-1.4509335573287263e-16
consuming an apple,-1.4509335573287263e-16
line,-1.4517467089580904e-16
process is fundamental,-1.4517467089580904e-16
moisturized,-1.452830911130576e-16
at noon,-1.454999315475547e-16
lower temperature,-1.4552703660186683e-16
actual,-1.4552703660186683e-16
incorrect as well,-1.45560917919757e-16
valid rationale without,-1.4560835176480325e-16
sea turtles,-1.457167719820518e-16
information about,-1.457167719820518e-16
viable option for,-1.457167719820518e-16
into glucose,-1.457167719820518e-16
not have the,-1.457167719820518e-16
decomposition,-1.457167719820518e-16
forms of,-1.457167719820518e-16
the day this,-1.4582519219930035e-16
day this,-1.4582519219930035e-16
that may,-1.46150452851046e-16
with limited,-1.46150452851046e-16
component of the,-1.463672932855431e-16
are living organisms,-1.4639439833985524e-16
that directly,-1.46543476138572e-16
the movement,-1.465841337200402e-16
to blend in,-1.465841337200402e-16
not the correct,-1.465841337200402e-16
as well,-1.465841337200402e-16
to blend,-1.465841337200402e-16
but rather an,-1.465841337200402e-16
rather an,-1.465841337200402e-16
rolling,-1.4669255393728875e-16
being observed,-1.468009741545373e-16
contributes to the,-1.4690939437178585e-16
that magma,-1.4694052283259745e-16
factors,-1.470178145890344e-16
conditions and,-1.4712623480628295e-16
homeostasis,-1.471533398605951e-16
additionally,-1.474514954580286e-16
recommended,-1.474514954580286e-16
contrast the other,-1.474514954580286e-16
with the,-1.474514954580286e-16
power the,-1.4755991567527715e-16
components of,-1.4755991567527715e-16
of juice is,-1.4761412578390143e-16
later,-1.476683358925257e-16
to the production,-1.476683358925257e-16
released,-1.481020167615199e-16
layer of,-1.481020167615199e-16
trouble,-1.4815622687014418e-16
hypothesis that,-1.48318857196017e-16
it is true,-1.48318857196017e-16
hypothesis that can,-1.48318857196017e-16
is hypothesis,-1.48318857196017e-16
is hypothesis that,-1.48318857196017e-16
is true that,-1.48318857196017e-16
is likely to,-1.48318857196017e-16
is true,-1.48318857196017e-16
best answer because,-1.485356976305141e-16
does not take,-1.485356976305141e-16
reduce,-1.487525380650112e-16
resource the,-1.487525380650112e-16
day therefore,-1.488880633365719e-16
and grow,-1.489693784995083e-16
the food,-1.489693784995083e-16
to the sun,-1.49104903771069e-16
this question should,-1.491862189340054e-16
stop,-1.491862189340054e-16
physical cycles,-1.4929463915125396e-16
seasons and,-1.494030593685025e-16
magma,-1.4951147958575106e-16
not possess,-1.496198998029996e-16
possess,-1.496198998029996e-16
choice in this,-1.4978253012887244e-16
substance that,-1.4983674023749671e-16
be correct without,-1.4994516045474526e-16
running,-1.5005358067199381e-16
implies that,-1.5005358067199381e-16
possess the necessary,-1.5016200088924236e-16
ones,-1.5029752616080305e-16
but is,-1.5048726154098802e-16
obtain energy,-1.5064989186686084e-16
plants require,-1.5069054944832905e-16
fall asleep,-1.5070410197548512e-16
coke,-1.5070749010727413e-16
are living,-1.5078541713842153e-16
choices accurately,-1.5081252219273367e-16
should be the,-1.5092094240998222e-16
into the,-1.5092094240998222e-16
principle,-1.5092094240998222e-16
natural part of,-1.5092094240998222e-16
type of,-1.5092094240998222e-16
natural part,-1.5092094240998222e-16
for answer,-1.5092094240998222e-16
which implies that,-1.5113778284447932e-16
takes for the,-1.5113778284447932e-16
suitable for the,-1.511547235034244e-16
absence of,-1.5124620306172787e-16
absence,-1.5124620306172787e-16
that can help,-1.5135462327897642e-16
include the,-1.5138172833328856e-16
the plant allowing,-1.5141730371707324e-16
plant allowing it,-1.5141730371707324e-16
plant allowing,-1.5141730371707324e-16
asleep,-1.5151725360484924e-16
well therefore the,-1.5155113492273942e-16
the electric car,-1.5157146371347352e-16
combined,-1.5173409403934635e-16
and they,-1.5178830414797062e-16
the need for,-1.5178830414797062e-16
for water,-1.5178830414797062e-16
the need,-1.5178830414797062e-16
the scientific,-1.5178830414797062e-16
is located,-1.5178830414797062e-16
takes for,-1.5178830414797062e-16
it takes for,-1.5178830414797062e-16
thus,-1.5200514458246772e-16
bog,-1.5206274282288101e-16
protected environment,-1.5246931863756308e-16
in protected environment,-1.5246931863756308e-16
sunlight is,-1.524930355600862e-16
information about the,-1.5265566588595902e-16
not mean that,-1.5265566588595902e-16
options which are,-1.5265566588595902e-16
observation,-1.5265566588595902e-16
viable option because,-1.5265566588595902e-16
effect guess is,-1.5265566588595902e-16
the rock to,-1.527098759945833e-16
rock to,-1.527098759945833e-16
squid,-1.5276408610320757e-16
fertility,-1.5287335335340338e-16
natural habitat,-1.5298092653770468e-16
the size of,-1.5330618718945033e-16
context the question,-1.5341460740669888e-16
can affect,-1.5341460740669888e-16
conducive to,-1.5352302762394743e-16
years,-1.5352302762394743e-16
conducive,-1.5352302762394743e-16
ecosystem as it,-1.5352302762394743e-16
from one,-1.5352302762394743e-16
difficult,-1.5352302762394743e-16
hours in,-1.5352302762394743e-16
do not possess,-1.5384828827569308e-16
new landscapes,-1.5395670849294163e-16
substance,-1.5395670849294163e-16
the absence of,-1.5406512871019018e-16
the absence,-1.5406512871019018e-16
day this is,-1.5420065398175087e-16
being,-1.5439038936193583e-16
but they are,-1.5439038936193583e-16
road,-1.5439038936193583e-16
january,-1.5482407023093003e-16
cells,-1.5525775109992423e-16
sun and,-1.5563722186029416e-16
the movement of,-1.5569143196891844e-16
of various types,-1.5590827240341554e-16
bitcoin,-1.5590827240341554e-16
eggs are,-1.5612511283791264e-16
nonrenewable,-1.5612511283791264e-16
heat can,-1.5612511283791264e-16
can lead,-1.5612511283791264e-16
to heat the,-1.562384829039467e-16
spring in the,-1.5634195327240974e-16
level,-1.5634195327240974e-16
after spring in,-1.5634195327240974e-16
natural resource,-1.5654524117975077e-16
the celestial,-1.5655879370690684e-16
bathroom,-1.5685694930434035e-16
eagle,-1.5704668468452532e-16
rationale triplet the,-1.573039841771436e-16
triplet the,-1.573039841771436e-16
typically made,-1.5742615544489524e-16
for the deer,-1.577514160966409e-16
well therefore,-1.57771744887375e-16
meaning,-1.5785983631388945e-16
daylight,-1.5785983631388945e-16
worth,-1.5785983631388945e-16
at higher,-1.5829351718288365e-16
substance with different,-1.583597975110063e-16
different properties,-1.583597975110063e-16
with different properties,-1.583597975110063e-16
located at 12,-1.584425949816004e-16
into simpler compounds,-1.5851035761738075e-16
simpler compounds,-1.5851035761738075e-16
the size,-1.5851035761738075e-16
not factor,-1.5856456772600502e-16
at 12 00,-1.5867298794325357e-16
the answer therefore,-1.5872719805187785e-16
while it is,-1.5872719805187785e-16
magnetometer,-1.5872719805187785e-16
sugar,-1.5872719805187785e-16
shed,-1.5872719805187785e-16
month of,-1.5872719805187785e-16
the pan,-1.5888982837775067e-16
some of,-1.5916087892087205e-16
implies that it,-1.594861395726177e-16
so the answer,-1.5959455978986625e-16
experimentation or,-1.5959455978986625e-16
resource meaning,-1.5959455978986625e-16
produce heat,-1.5959455978986625e-16
resource meaning it,-1.5959455978986625e-16
experimentation,-1.5959455978986625e-16
through experimentation or,-1.5959455978986625e-16
through experimentation,-1.5959455978986625e-16
can occur,-1.5959455978986625e-16
be tested,-1.5959455978986625e-16
be tested through,-1.5959455978986625e-16
experimentation or observation,-1.5959455978986625e-16
not the only,-1.5959455978986625e-16
can be tested,-1.5959455978986625e-16
tested through experimentation,-1.5959455978986625e-16
collecting,-1.5981140022436335e-16
answer is likely,-1.5982495275151942e-16
animals but,-1.599198204416119e-16
or observation,-1.6002824065886045e-16
main,-1.6024508109335756e-16
not mean,-1.6046192152785466e-16
as the earth,-1.6046192152785466e-16
does not mean,-1.6046192152785466e-16
generations,-1.605703417451032e-16
month of december,-1.6067876196235176e-16
wood are,-1.607871821796003e-16
area which,-1.611395478856581e-16
to accelerate,-1.612208630485945e-16
in speed,-1.6132928326584306e-16
giraffe is,-1.6132928326584306e-16
go,-1.6149191359171589e-16
size is,-1.6208822478658291e-16
result,-1.6219664500383146e-16
piano,-1.6219664500383146e-16
however it,-1.6219664500383146e-16
boggy,-1.6228812456213493e-16
the visibility,-1.6230506522108001e-16
for something,-1.6230506522108001e-16
asks for something,-1.6230506522108001e-16
through their,-1.6241348543832856e-16
asks what,-1.6241348543832856e-16
question asks what,-1.6241348543832856e-16
to the appearance,-1.6275907488080832e-16
transformation of the,-1.6284716630732277e-16
to be the,-1.6295558652457132e-16
is safe,-1.630097966331956e-16
the dead,-1.6302334916035166e-16
generally,-1.6306400674181987e-16
it difficult,-1.6306400674181987e-16
the force,-1.6306400674181987e-16
little,-1.6306400674181987e-16
effects,-1.6306400674181987e-16
structure,-1.6306400674181987e-16
regular,-1.6311821685044414e-16
applied,-1.6328084717631697e-16
non renewable resource,-1.6349768761081407e-16
rationale without,-1.6382294826255972e-16
spring in,-1.6393136847980827e-16
mud,-1.6393136847980827e-16
bulb and,-1.6393136847980827e-16
sweet,-1.6393136847980827e-16
remaining,-1.6393136847980827e-16
events,-1.6393136847980827e-16
warming,-1.6393136847980827e-16
of valley,-1.6425662913155392e-16
be the answer,-1.6436504934880247e-16
regular car,-1.6436504934880247e-16
context more accurate,-1.6455478472898744e-16
can be used,-1.6479873021779667e-16
in it,-1.6479873021779667e-16
june is,-1.6479873021779667e-16
and thrive,-1.6479873021779667e-16
primary source of,-1.6479873021779667e-16
true that,-1.6479873021779667e-16
primary source,-1.6479873021779667e-16
but they,-1.6479873021779667e-16
tested,-1.6479873021779667e-16
of chemical,-1.6489084505081058e-16
sun rotation is,-1.6490715043504522e-16
the sun rotation,-1.6490715043504522e-16
sun rotation,-1.6490715043504522e-16
to live in,-1.6523241108679088e-16
simpler,-1.6523241108679088e-16
options provide an,-1.6551701415706832e-16
side,-1.656118818471608e-16
is moving,-1.6566609195578508e-16
magma is,-1.6582131074336943e-16
national,-1.6601168139826483e-16
remaining in,-1.6645208559127786e-16
remaining in it,-1.6645208559127786e-16
of water remaining,-1.6645208559127786e-16
water remaining in,-1.6645208559127786e-16
water remaining,-1.6645208559127786e-16
12 00 pm,-1.664792435851492e-16
12 00,-1.664792435851492e-16
by the,-1.6653345369377348e-16
not have,-1.6653345369377348e-16
good source of,-1.6653345369377348e-16
on the other,-1.6653345369377348e-16
good source,-1.6653345369377348e-16
coal is,-1.6653345369377348e-16
the hydrologic cycle,-1.6662830814897616e-16
the hydrologic,-1.6662830814897616e-16
to the hydrologic,-1.6662830814897616e-16
of phases,-1.666960840196463e-16
the visibility of,-1.666960840196463e-16
visibility of,-1.666960840196463e-16
cocoon,-1.6696713456276768e-16
of precipitation that,-1.6733305279598154e-16
at 12,-1.673466053231376e-16
answer could,-1.6740081543176188e-16
and temperature,-1.6740081543176188e-16
such as the,-1.6740081543176188e-16
grey clouds,-1.6788870640938036e-16
live in,-1.6794291651800464e-16
day which is,-1.6806488926240926e-16
rationale for the,-1.682681771697503e-16
hold,-1.682681771697503e-16
allowing it to,-1.682681771697503e-16
not renewable,-1.685241928780579e-16
by consuming,-1.6859343782149594e-16
responsible,-1.691355389077387e-16
for the death,-1.6924395912498724e-16
nature of,-1.693523793422358e-16
question would,-1.700029006457271e-16
choice,-1.700029006457271e-16
made of,-1.700029006457271e-16
in millimeters,-1.7005711075435137e-16
drawn to,-1.7015965468052834e-16
without oxygen,-1.7054500173196985e-16
the solid,-1.7058565931343805e-16
is due to,-1.708702623837155e-16
is due,-1.708702623837155e-16
is type of,-1.708702623837155e-16
is type,-1.708702623837155e-16
appears to,-1.7141236346995825e-16
of stove,-1.7149367863289466e-16
that can cause,-1.715207836872068e-16
renew,-1.7168341401307963e-16
to renew,-1.7168341401307963e-16
the body is,-1.717376241217039e-16
dispersed,-1.717376241217039e-16
can lead to,-1.717376241217039e-16
is non renewable,-1.717376241217039e-16
heat in,-1.717376241217039e-16
of ice,-1.7206288477344955e-16
the eggs are,-1.723881454251952e-16
of substances,-1.7246946058813162e-16
to survive and,-1.7269985354978479e-16
the stage,-1.730386667286865e-16
to go,-1.730386667286865e-16
greenhouse gas emissions,-1.730386667286865e-16
gas emissions,-1.730386667286865e-16
time it takes,-1.730386667286865e-16
other factors,-1.730386667286865e-16
to ride,-1.732555071631836e-16
meaning it can,-1.734723475976807e-16
is often found,-1.734723475976807e-16
overall health,-1.734723475976807e-16
applied to,-1.736891880321778e-16
of time in,-1.7385181835805064e-16
10,-1.739060284666749e-16
of light,-1.739060284666749e-16
of stone,-1.739060284666749e-16
time in,-1.7406865879254774e-16
is not factor,-1.74122868901172e-16
especially,-1.7423128911842056e-16
circular motion,-1.7433970933566911e-16
to break,-1.7436681438998125e-16
various types of,-1.7450233966154194e-16
various types,-1.7450233966154194e-16
cover,-1.7455654977016621e-16
context more,-1.748276003132876e-16
this context more,-1.748276003132876e-16
deposit,-1.748276003132876e-16
measuring,-1.7515286096503324e-16
homeostasis and,-1.752036829418685e-16
means such as,-1.7520707107365752e-16
means such,-1.7520707107365752e-16
accurately describe the,-1.7520707107365752e-16
the sand,-1.7558654183402744e-16
it at,-1.7570316768295252e-16
certain amount,-1.7570316768295252e-16
time or,-1.7570316768295252e-16
time or that,-1.7570316768295252e-16
certain amount of,-1.7570316768295252e-16
certain time or,-1.7570316768295252e-16
it has certain,-1.7570316768295252e-16
in it at,-1.7570316768295252e-16
it at certain,-1.7570316768295252e-16
has certain amount,-1.7570316768295252e-16
has certain,-1.7570316768295252e-16
this behavior,-1.7588469743146096e-16
their beaks,-1.7600751720881283e-16
death of stars,-1.7607443281164592e-16
gravity,-1.7607443281164592e-16
stars or the,-1.7607443281164592e-16
of stars or,-1.7607443281164592e-16
stars or,-1.7607443281164592e-16
turtles,-1.7607443281164592e-16
liquids,-1.7618285302889447e-16
which is incorrect,-1.7629127324614302e-16
amount of water,-1.7629127324614302e-16
is incorrect as,-1.7672495411513722e-16
the time of,-1.7683337433238577e-16
not include,-1.7694179454963432e-16
is in,-1.7694179454963432e-16
context therefore,-1.7694179454963432e-16
of oil,-1.7694179454963432e-16
the celestial body,-1.7694179454963432e-16
combination of substances,-1.769477237802651e-16
from the sky,-1.7694857081321236e-16
pedals to,-1.7705021476688287e-16
other factors such,-1.7715863498413142e-16
of juice,-1.7715863498413142e-16
come,-1.7726705520137997e-16
purpose,-1.7772784112468631e-16
often found in,-1.7773461738826435e-16
attack,-1.7775494617899845e-16
to loss of,-1.7775494617899845e-16
to loss,-1.7775494617899845e-16
increase energy,-1.7802599672211983e-16
accelerate,-1.7824283715661693e-16
animals but this,-1.7824283715661693e-16
the question is,-1.7845967759111403e-16
panting,-1.7867651802561113e-16
because when,-1.7867651802561113e-16
allows,-1.7867651802561113e-16
person sitting,-1.7889335846010823e-16
offspring to,-1.7911019889460533e-16
it can cause,-1.7911019889460533e-16
or that it,-1.7927754084124726e-16
areas with,-1.7932703932910243e-16
which are all,-1.7943545954635098e-16
survival the,-1.7954387976359953e-16
sun heat,-1.7954387976359953e-16
is directly,-1.7954387976359953e-16
the cocoon,-1.7954387976359953e-16
diet,-1.7954387976359953e-16
the sun heat,-1.7954387976359953e-16
this is due,-1.7997756063259374e-16
with water,-1.8030282128433939e-16
to reach,-1.8035703139296366e-16
provide reasonable,-1.8041124150158794e-16
incorrect,-1.8041124150158794e-16
layers,-1.8041124150158794e-16
20,-1.8041124150158794e-16
the white,-1.8068906830828735e-16
of soil,-1.8084492237058214e-16
giant squid,-1.8089913247920641e-16
living organisms,-1.8127860323957634e-16
behavior is,-1.8127860323957634e-16
juice is,-1.8144123356544917e-16
in the same,-1.8171228410857054e-16
the mother,-1.8178004674435089e-16
hemisphere experiences,-1.8192912454306764e-16
precipitation that,-1.8210530739609654e-16
day which,-1.8222728014050116e-16
when the body,-1.822543851948133e-16
to accumulate around,-1.8231028936933208e-16
accumulate around,-1.8231028936933208e-16
types of rocks,-1.8236280541206185e-16
to absorb,-1.8279648628105605e-16
choices and,-1.8282359133536819e-16
often found,-1.8301332671555315e-16
measure the,-1.8344700758454735e-16
an electron,-1.8388068845354155e-16
to swim,-1.8388068845354155e-16
fully,-1.8388068845354155e-16
leaves and,-1.8431436932253575e-16
not require,-1.8431436932253575e-16
can crack open,-1.8474805019152996e-16
can crack,-1.8474805019152996e-16
crack open,-1.8474805019152996e-16
that can crack,-1.8474805019152996e-16
the energy from,-1.8496489062602706e-16
that it has,-1.850733108432756e-16
the increased,-1.8540026556091577e-16
however in this,-1.8561541192951836e-16
to its,-1.8561541192951836e-16
not increase,-1.8583225236401546e-16
of kinetic,-1.8583225236401546e-16
of kinetic energy,-1.8583225236401546e-16
from water,-1.861168554342929e-16
sitting,-1.861575130157611e-16
occur in,-1.8634724839594607e-16
choice is that,-1.8648277366750676e-16
withstand,-1.866454039933796e-16
the answer could,-1.8691645453650096e-16
information provided the,-1.8722816266109055e-16
provided the,-1.8722816266109055e-16
they can not,-1.8724171518824662e-16
for deer,-1.8735013540549517e-16
indicate,-1.8735013540549517e-16
rationale for,-1.8735013540549517e-16
way,-1.8735013540549517e-16
sources,-1.8735013540549517e-16
does not,-1.8735013540549517e-16
hydrologic,-1.8745745712689025e-16
driving car,-1.8756697583999227e-16
it more suitable,-1.8778381627448937e-16
community,-1.8778381627448937e-16
capability,-1.8865117801247777e-16
play crucial role,-1.8865117801247777e-16
play crucial,-1.8865117801247777e-16
can help increase,-1.8870538812110205e-16
help increase,-1.8870538812110205e-16
cut,-1.8908485888147197e-16
to the magnetic,-1.8908485888147197e-16
not factor that,-1.8917972657156445e-16
it is also,-1.8951853975046618e-16
continue,-1.8962695996771473e-16
actively,-1.8984380040221183e-16
dogs are,-1.8995222061946038e-16
solution,-1.8995222061946038e-16
sweet stuff,-1.9008774589102106e-16
stuff,-1.9008774589102106e-16
her,-1.9016906105395748e-16
not correct therefore,-1.9035879643414244e-16
composed of various,-1.9038590148845458e-16
glucose is,-1.9071116214020023e-16
00,-1.9081958235744878e-16
00 pm,-1.9081958235744878e-16
calculate the,-1.9081958235744878e-16
of stars,-1.9125326322644298e-16
common adaptation to,-1.9136168344369153e-16
from their,-1.9149720871525222e-16
dogs over cats,-1.9168694409543718e-16
dogs over,-1.9168694409543718e-16
increase the,-1.9168694409543718e-16
over cats,-1.9168694409543718e-16
types,-1.918885379368837e-16
types of,-1.918885379368837e-16
bicycles are,-1.9190378452993428e-16
final solution is,-1.9190378452993428e-16
solution is,-1.9190378452993428e-16
located,-1.9212062496443139e-16
plant roots,-1.9212062496443139e-16
the plant roots,-1.9212062496443139e-16
can be burned,-1.922019401273678e-16
or the earth,-1.9233746539892849e-16
the adult,-1.9233746539892849e-16
for the process,-1.924187805618649e-16
vapor in,-1.9244588561617704e-16
does not have,-1.9244588561617704e-16
beaver,-1.9255430583342559e-16
is drawn,-1.9255430583342559e-16
is then,-1.9255430583342559e-16
upper,-1.927542056089776e-16
desert,-1.93421667571414e-16
totals of sunlight,-1.93421667571414e-16
the choices can,-1.93507661267895e-16
water pollution and,-1.936385080059111e-16
distance in,-1.936385080059111e-16
pollution and is,-1.936385080059111e-16
accumulate,-1.9373337569600357e-16
vapor in the,-1.9380113833178392e-16
maintain their,-1.938553484404082e-16
image,-1.9396376865765674e-16
to accumulate,-1.9406033041364373e-16
survive and,-1.940925176656394e-16
industry,-1.942890293094024e-16
be formed,-1.942890293094024e-16
mountains,-1.9434323941802667e-16
to deposit,-1.9461428996114805e-16
emissions and is,-1.951563910473908e-16
kinetic,-1.951563910473908e-16
to greenhouse gas,-1.951563910473908e-16
water pollution,-1.951563910473908e-16
to greenhouse,-1.951563910473908e-16
ground,-1.951563910473908e-16
to water pollution,-1.951563910473908e-16
contributor to water,-1.951563910473908e-16
contributor to greenhouse,-1.951563910473908e-16
valley,-1.9534612642757576e-16
but is not,-1.95590071916385e-16
rationale the,-1.95590071916385e-16
an electron microscope,-1.95590071916385e-16
handling,-1.960237527853792e-16
additionally the question,-1.960237527853792e-16
population of,-1.9613217300262775e-16
is natural part,-1.9613217300262775e-16
specific context of,-1.9634901343712485e-16
necessary information,-1.9656585387162195e-16
the necessary information,-1.9656585387162195e-16
certain time,-1.9667148814456743e-16
sitting still,-1.966742740888705e-16
are more,-1.968911145233676e-16
however the,-1.9721637517511326e-16
consumed by,-1.9726042088837048e-16
small animals,-1.973247953923618e-16
most likely answer,-1.973247953923618e-16
height,-1.9743321560961036e-16
respiration,-1.97758476261356e-16
the process of,-1.97758476261356e-16
question therefore the,-1.981921571303502e-16
the population of,-1.9830057734759876e-16
image of,-1.9846320767347159e-16
speculative the,-1.9863059594222782e-16
substance or,-1.9873128036638777e-16
the road,-1.9873425821659296e-16
other plants,-1.9884267843384151e-16
of december,-1.9938477952008427e-16
being eaten,-1.9943898962870854e-16
likely answer,-1.9949319973733282e-16
fish,-1.9949319973733282e-16
tool for,-1.9949319973733282e-16
desert environment,-1.9992688060632702e-16
big,-2.0030635136669694e-16
tape,-2.0057740190981832e-16
tape measure,-2.0057740190981832e-16
size of the,-2.0068582212706687e-16
cause and,-2.0079424234431542e-16
money made by,-2.0117371310468535e-16
of money made,-2.0117371310468535e-16
money made,-2.0117371310468535e-16
not be answered,-2.0122792321330962e-16
at certain time,-2.0143679624414661e-16
29,-2.017158141909281e-16
any particular,-2.0187844451680093e-16
circular,-2.0187844451680093e-16
acceleration,-2.0209528495129803e-16
and effect guess,-2.0231212538579513e-16
effect guess,-2.0231212538579513e-16
cause and effect,-2.0296264668928643e-16
and effect,-2.0296264668928643e-16
to accurately,-2.0317948712378353e-16
as the moon,-2.034505376669049e-16
from the food,-2.0352507656626329e-16
the solution,-2.0355895788415346e-16
log,-2.0383000842727483e-16
log cabins,-2.0383000842727483e-16
cabins,-2.0383000842727483e-16
create canyon,-2.038842185358991e-16
to the creation,-2.0408750644324014e-16
component of,-2.0412816402470835e-16
substance with,-2.0448518841197603e-16
speculative the question,-2.0467912917839522e-16
options speculative the,-2.0467912917839522e-16
cat,-2.0469737016526324e-16
therefore the statement,-2.0475158027388751e-16
surface and,-2.0480579038251179e-16
periods of time,-2.0491421059976034e-16
being eaten making,-2.0496619062945317e-16
eaten making all,-2.0496619062945317e-16
eaten making,-2.0496619062945317e-16
allowing it,-2.0513105103425744e-16
burning,-2.0513105103425744e-16
balance,-2.0513105103425744e-16
do not consume,-2.0534789146875454e-16
whereas the,-2.0556473190325164e-16
oil and,-2.0556473190325164e-16
implies,-2.0556473190325164e-16
of conservation,-2.0578157233774874e-16
not provide reasonable,-2.0599841277224584e-16
be burned,-2.063236734239915e-16
sweat,-2.0643209364124004e-16
the ground,-2.0643209364124004e-16
the primary,-2.0643209364124004e-16
the situation for,-2.064998562770204e-16
composed,-2.0667603913004928e-16
water vapor in,-2.067573542929857e-16
light bulb and,-2.0729945537922845e-16
absorb and,-2.0729945537922845e-16
carbohydrates,-2.0729945537922845e-16
microscope is,-2.0729945537922845e-16
it takes,-2.0729945537922845e-16
windmills,-2.07407875596477e-16
an explanation for,-2.0751629581372555e-16
used to produce,-2.076247160309741e-16
accurate example,-2.076247160309741e-16
the natural,-2.0816681711721685e-16
this context therefore,-2.0816681711721685e-16
additionally the,-2.0816681711721685e-16
recommended to,-2.0826168480730933e-16
often recommended to,-2.0826168480730933e-16
often recommended,-2.0826168480730933e-16
resources are,-2.082752373344654e-16
choice either,-2.084107626060261e-16
choice either more,-2.084107626060261e-16
which implies,-2.0860049798621105e-16
successful,-2.0903417885520525e-16
examples,-2.0903417885520525e-16
metals,-2.091425990724538e-16
situation for example,-2.0919680918107808e-16
interact,-2.093594395069509e-16
provide reasonable explanation,-2.0946785972419946e-16
explanation for what,-2.0984733048456938e-16
factory,-2.1011838102769076e-16
takes,-2.1033522146218786e-16
boy,-2.1076890233118206e-16
the boy,-2.1076890233118206e-16
the creation of,-2.1093153265705489e-16
be that the,-2.1163626406917047e-16
adapted,-2.1163626406917047e-16
adapted to,-2.1163626406917047e-16
matter,-2.1163626406917047e-16
the body temperature,-2.1174468428641902e-16
of money,-2.126662561330317e-16
amount of money,-2.126662561330317e-16
situation for,-2.1273401876881204e-16
conservation,-2.1304572689340162e-16
for human,-2.1326256732789872e-16
by the person,-2.13316777436523e-16
describe the,-2.1337098754514727e-16
not viable,-2.1337098754514727e-16
the creation,-2.1337098754514727e-16
soil erosion,-2.133980925994594e-16
cheese,-2.1380466841414147e-16
crucial role,-2.1380466841414147e-16
crucial role in,-2.1380466841414147e-16
determine the answer,-2.1380466841414147e-16
mix,-2.1385887852276575e-16
made by the,-2.141841391745114e-16
the cub,-2.1423834928313568e-16
option while,-2.1423834928313568e-16
option while it,-2.1423834928313568e-16
cub,-2.1423834928313568e-16
the ball,-2.1423834928313568e-16
to hunt in,-2.1431288818249405e-16
long periods of,-2.1445518971763278e-16
that the bear,-2.1453311674878017e-16
reach,-2.1467203015212988e-16
examples of,-2.1467203015212988e-16
all options speculative,-2.1470273509646785e-16
options speculative,-2.1470273509646785e-16
for light,-2.1488887058662698e-16
creation of,-2.1499729080387553e-16
so the,-2.1510571102112408e-16
calculate,-2.1510571102112408e-16
this can,-2.1510571102112408e-16
final solution,-2.1532255145562118e-16
loss of,-2.1532255145562118e-16
moisture,-2.1553939189011828e-16
in about 29,-2.1574032398707476e-16
in about,-2.1574032398707476e-16
earth in about,-2.1574032398707476e-16
about 29,-2.1574032398707476e-16
about 29 days,-2.1574032398707476e-16
information to,-2.1597307275911248e-16
gas emissions and,-2.1640675362810669e-16
rationale for answer,-2.1684043449710089e-16
guess is,-2.1684043449710089e-16
and fossil,-2.17057274931598e-16
and fossil fuels,-2.17057274931598e-16
paper,-2.1716569514884654e-16
during an,-2.1738253558334364e-16
for speed,-2.1759937601784074e-16
formula for speed,-2.177077962350893e-16
the best,-2.177077962350893e-16
when the sun,-2.1781621645233784e-16
not decrease,-2.1803305688683494e-16
their ability to,-2.181414771040835e-16
their ability,-2.181414771040835e-16
result the,-2.1917146916794472e-16
hunts,-2.1917146916794472e-16
as result the,-2.1917146916794472e-16
prey or,-2.1933409949381755e-16
be answered the,-2.194425197110661e-16
time and,-2.194425197110661e-16
loss,-2.194425197110661e-16
answered the question,-2.194425197110661e-16
answered the,-2.194425197110661e-16
flashlight,-2.203098814490545e-16
not viable option,-2.203098814490545e-16
city,-2.205267218835516e-16
the object,-2.211772431870429e-16
undergo,-2.211772431870429e-16
of the water,-2.216109240560371e-16
is in contrast,-2.220446049250313e-16
the only,-2.220446049250313e-16
the formula for,-2.2258670601127406e-16
formula for,-2.2258670601127406e-16
near,-2.229119666630197e-16
to survive,-2.229119666630197e-16
water source,-2.229119666630197e-16
more sunlight,-2.229119666630197e-16
explanation for the,-2.233456475320139e-16
reason for,-2.2345406774926246e-16
tool used to,-2.237793284010081e-16
not valid and,-2.237793284010081e-16
valid and,-2.237793284010081e-16
valid and can,-2.237793284010081e-16
provide suitable,-2.242130092700023e-16
matter and,-2.246466901389965e-16
and then,-2.2497195079074217e-16
photosynthesis is,-2.2506681848083465e-16
this behavior is,-2.2537852660542423e-16
other animals,-2.255140518769849e-16
length,-2.255140518769849e-16
it to,-2.255140518769849e-16
rather than being,-2.25730892311482e-16
than being,-2.25730892311482e-16
is composed,-2.259477327459791e-16
campfire,-2.262594408705687e-16
energy levels,-2.262729933977248e-16
choices accurately describe,-2.262729933977248e-16
also be,-2.2638141361497333e-16
electric car,-2.2659825404947043e-16
plates,-2.2681509448396753e-16
the sun sets,-2.268286470111236e-16
sun sets,-2.268286470111236e-16
in the ecosystem,-2.2724877535296173e-16
require,-2.2724877535296173e-16
layer,-2.2724877535296173e-16
to the limited,-2.274402047990412e-16
the limited,-2.274402047990412e-16
respiratory,-2.2762824611333166e-16
protected,-2.277366663305802e-16
that support,-2.2791962544718714e-16
to the other,-2.2811613709095013e-16
levels in,-2.281703471995744e-16
an explanation,-2.2833297752544723e-16
for something that,-2.284413977426958e-16
this purpose,-2.284634205993244e-16
for this purpose,-2.284634205993244e-16
component,-2.2854981795994433e-16
incorrect as,-2.2920033926343564e-16
more abundant,-2.2929245409644954e-16
information to make,-2.2963402013242984e-16
reasonable explanation,-2.3071822230491534e-16
reasonable explanation for,-2.3071822230491534e-16
december,-2.3071822230491534e-16
to warmer,-2.3093506273941244e-16
the snail,-2.3158558404290375e-16
combination of,-2.321276851291465e-16
the increase in,-2.3223610534639505e-16
the increase,-2.3223610534639505e-16
born,-2.3245294578089215e-16
level of,-2.3245294578089215e-16
the northern,-2.3266978621538925e-16
week,-2.3266978621538925e-16
thermal conductor,-2.3288662664988635e-16
as result,-2.3353714795337766e-16
the transformation,-2.3375398838787476e-16
cucumbers,-2.3375398838787476e-16
near campfire,-2.339776050859499e-16
the bear,-2.341334591482447e-16
be more,-2.3418766925686896e-16
factors such,-2.347297703431117e-16
factors such as,-2.347297703431117e-16
glass,-2.3505503099485736e-16
scientific,-2.3592239273284576e-16
rose,-2.3592239273284576e-16
white environment is,-2.365187039277128e-16
composed of,-2.3657291403633707e-16
can help,-2.3678975447083417e-16
to provide,-2.3678975447083417e-16
radio,-2.3678975447083417e-16
erosion,-2.3700659490533127e-16
the young,-2.3722343533982837e-16
long periods,-2.3787395664331967e-16
size of,-2.3832119003946994e-16
natural gas,-2.3884973859855663e-16
single,-2.389581588158052e-16
the area,-2.389581588158052e-16
rusting can create,-2.3901861579241545e-16
abundant food,-2.391722596281135e-16
in contrast to,-2.393918396847994e-16
however in,-2.393918396847994e-16
contrast to,-2.393918396847994e-16
this context the,-2.396086801192965e-16
sand and,-2.397336042441267e-16
wheels,-2.4001525593397854e-16
celestial body,-2.402592014227878e-16
fuels are,-2.40692882291782e-16
however it is,-2.40692882291782e-16
brackish,-2.4080807877260857e-16
time in contrast,-2.409910378892155e-16
in plants,-2.415602440297704e-16
lead to the,-2.419939248987646e-16
mammals that,-2.424276057677588e-16
naturally over,-2.4248181587638307e-16
therefore it is,-2.426444462022559e-16
provided the question,-2.42668163124779e-16
provide suitable environment,-2.42861286636753e-16
due to the,-2.42861286636753e-16
they are not,-2.42861286636753e-16
bees,-2.430781270712501e-16
replenished naturally over,-2.43647333211805e-16
the offspring,-2.4370154332042926e-16
escape,-2.437286483747414e-16
in areas with,-2.437286483747414e-16
suitable environment for,-2.437286483747414e-16
june,-2.4383706859198995e-16
noon,-2.441623292437356e-16
journal,-2.445960101127298e-16
appearance of,-2.445960101127298e-16
process that,-2.445960101127298e-16
emissions and,-2.4492127076447545e-16
burned,-2.454633718507182e-16
light for,-2.454633718507182e-16
chemical reaction,-2.4584284261108813e-16
coal,-2.463307335887066e-16
is the other,-2.463307335887066e-16
additional context the,-2.4639849622448695e-16
cotton,-2.4649336391457943e-16
areas,-2.465475740232037e-16
of white,-2.4673392127159965e-16
weight,-2.467644144577008e-16
the transformation of,-2.467644144577008e-16
29 days,-2.4702699467134964e-16
high temperatures,-2.47198095326695e-16
final,-2.47198095326695e-16
choices can,-2.4787572168449845e-16
of an,-2.480654570646834e-16
basement,-2.480654570646834e-16
and hail,-2.482551924448684e-16
sleet and hail,-2.482551924448684e-16
eats,-2.484991379336776e-16
environment for,-2.484991379336776e-16
energy by consuming,-2.491496592371689e-16
until it,-2.49366499671666e-16
cellular,-2.498001805406602e-16
various means,-2.498001805406602e-16
through various means,-2.498001805406602e-16
those,-2.498001805406602e-16
simple,-2.500170209751573e-16
something that,-2.502338614096544e-16
sediment to,-2.505794508521342e-16
nutrients for,-2.512096433648914e-16
create canyon the,-2.5128079413246074e-16
speculative,-2.514347159008446e-16
what will,-2.515205044565337e-16
correct answer choice,-2.5153490401663703e-16
transformation of,-2.516433242338856e-16
money,-2.516433242338856e-16
rationale without additional,-2.5175174445113413e-16
at its,-2.518601646683827e-16
cheese are,-2.518601646683827e-16
crack,-2.5196858488563123e-16
but it can,-2.5218542532012833e-16
the option,-2.5326962749261384e-16
choice more,-2.5364909825298376e-16
thunder rusting can,-2.5394397159774667e-16
rusting can,-2.5394397159774667e-16
water availability,-2.5413698923060224e-16
ozone,-2.543809347194115e-16
which is the,-2.5457067009959644e-16
fossil fuels are,-2.5543803183758484e-16
rounded,-2.5565487227208195e-16
insulators,-2.5587171270657905e-16
consumption,-2.5587171270657905e-16
involves the,-2.5587171270657905e-16
can create canyon,-2.5603434303245187e-16
fabric is,-2.5619800567972916e-16
the most likely,-2.5652223401007035e-16
illustrating the,-2.567695676306686e-16
remain,-2.56847494661816e-16
illustrating,-2.5709821641420327e-16
choices can be,-2.571795315771397e-16
survive,-2.574980159653073e-16
the same level,-2.5760643618255585e-16
same level of,-2.5760643618255585e-16
same level,-2.5760643618255585e-16
accurate choice would,-2.577231646018769e-16
the stove,-2.582027473774229e-16
is better,-2.5879185879223825e-16
is made,-2.588532686809142e-16
find,-2.5890747878953846e-16
response,-2.5934115965853266e-16
long time,-2.5934115965853266e-16
choices are,-2.5999168096202396e-16
and can not,-2.6020852139652106e-16
effect,-2.6020852139652106e-16
brackish water,-2.6020852139652106e-16
in the air,-2.6042536183101817e-16
to escape,-2.6042536183101817e-16
clouds are not,-2.6047957193964244e-16
have more,-2.6107588313450947e-16
are also,-2.6129272356900657e-16
live,-2.6194324487249787e-16
tool used,-2.6281060661048627e-16
located at,-2.630274470449834e-16
surrounding environment,-2.630274470449834e-16
is composed of,-2.632442874794805e-16
all renewable resources,-2.636237582398504e-16
energy in,-2.636779683484747e-16
the combination,-2.641116492174689e-16
the combination of,-2.641116492174689e-16
sleet and,-2.643691472334342e-16
in areas,-2.649790109554573e-16
better,-2.651958513899544e-16
the sky,-2.654126918244515e-16
overall,-2.656295322589486e-16
affect the pulse,-2.6580550335374067e-16
the pulse rate,-2.6580550335374067e-16
sand,-2.658463726934457e-16
manner,-2.658463726934457e-16
are all renewable,-2.6595479291069424e-16
all renewable,-2.6595479291069424e-16
environment is,-2.660632131279428e-16
the formula,-2.667137344314341e-16
valid rationale,-2.667137344314341e-16
which are,-2.671474153004283e-16
this is in,-2.671474153004283e-16
alternative,-2.671474153004283e-16
cause rocks,-2.677576495993658e-16
cause rocks to,-2.677576495993658e-16
plate,-2.6806898714704097e-16
given choices accurately,-2.6812319725566525e-16
from an,-2.681503023099774e-16
electron microscope,-2.684484579074109e-16
energy by,-2.6877371855915655e-16
will be,-2.688821387764051e-16
or thunder rusting,-2.6890447927038893e-16
resource in,-2.6926160953677503e-16
the appearance,-2.701831813833877e-16
the appearance of,-2.701831813833877e-16
which is common,-2.704000218178848e-16
involve,-2.706168622523819e-16
should,-2.706168622523819e-16
suitable environment,-2.7115896333862466e-16
water the,-2.717010644248674e-16
more accurate choice,-2.718008885811903e-16
from its,-2.7246000594560726e-16
ice stone and,-2.732189474663471e-16
photosynthesis,-2.732189474663471e-16
ice stone,-2.732189474663471e-16
stone and,-2.732189474663471e-16
the predator,-2.7334092021075174e-16
earth in,-2.7351710306378063e-16
speed and,-2.736526283353413e-16
the moth,-2.7397788898708697e-16
many,-2.740863092043355e-16
kinetic energy,-2.740863092043355e-16
air,-2.740863092043355e-16
because it is,-2.740863092043355e-16
leaves,-2.740863092043355e-16
fossil,-2.749536709423239e-16
time making,-2.7538735181131813e-16
the rider,-2.7581865040014818e-16
rider,-2.7581865040014818e-16
the production of,-2.7582103268031233e-16
ride,-2.7603787311480943e-16
is generally,-2.7625471354930653e-16
mixed with,-2.7655286914674004e-16
can cause,-2.7712207528729493e-16
with the surrounding,-2.7742023088472845e-16
body temperature,-2.7755575615628914e-16
less,-2.7755575615628914e-16
the month,-2.7798943702528334e-16
national parks,-2.7854509063868216e-16
mother,-2.7885679876327174e-16
maintain,-2.7929047963226594e-16
and do not,-2.7972416050126014e-16
like the,-2.7972416050126014e-16
its offspring,-2.8002231609869366e-16
that have,-2.800494211530058e-16
response to,-2.8037468180475145e-16
and do,-2.8059152223924855e-16
until,-2.8102520310824275e-16
for long,-2.8189256484623115e-16
bicycles,-2.8189256484623115e-16
is often,-2.8189256484623115e-16
its surroundings,-2.8189256484623115e-16
snail,-2.8189256484623115e-16
pulse rate,-2.8241354304835175e-16
the question also,-2.82651506366971e-16
question also,-2.82651506366971e-16
milk,-2.8275992658421956e-16
due,-2.8275992658421956e-16
due to,-2.8275992658421956e-16
dripping or thunder,-2.838404229875608e-16
dripping or,-2.838404229875608e-16
or thunder,-2.838404229875608e-16
water dripping or,-2.838404229875608e-16
of hydration,-2.8384412875670506e-16
involved in the,-2.8427780962569926e-16
phases,-2.844404399515721e-16
habitat is,-2.8449465006019636e-16
is not viable,-2.8449465006019636e-16
to thrive,-2.8536201179818477e-16
are those that,-2.8536201179818477e-16
be the,-2.8579569266717897e-16
this question would,-2.8622937353617317e-16
plants,-2.8622937353617317e-16
is fundamental,-2.8622937353617317e-16
population size,-2.8644621397067027e-16
food sources,-2.8666305440516737e-16
predator,-2.871238403284737e-16
force of the,-2.872017673596211e-16
it less,-2.875304161431558e-16
mixed,-2.8772015152334074e-16
hand,-2.8796409701215e-16
the production,-2.881809374466471e-16
cotton kool,-2.883857341314254e-16
aid and,-2.883857341314254e-16
kool aid and,-2.883857341314254e-16
aid and hair,-2.883857341314254e-16
cotton kool aid,-2.883857341314254e-16
of natural,-2.888314587501384e-16
are unable to,-2.896988204881268e-16
kool,-2.900782912484967e-16
kool aid,-2.900782912484967e-16
complex,-2.90132501357121e-16
could,-2.905661822261152e-16
the southern,-2.9067460244336374e-16
the changing,-2.909998630951094e-16
formula,-2.914335439641036e-16
pressure,-2.918672248330978e-16
electron,-2.92300905702092e-16
are typically,-2.92300905702092e-16
accurately measure,-2.92300905702092e-16
the black bear,-2.92300905702092e-16
black bear,-2.92300905702092e-16
are those,-2.927345865710862e-16
the changing environment,-2.927345865710862e-16
energy this,-2.927345865710862e-16
changing environment,-2.927345865710862e-16
describe the process,-2.927345865710862e-16
as they,-2.931682674400804e-16
not specify,-2.9327668765732895e-16
does not specify,-2.9327668765732895e-16
making it less,-2.936019483090746e-16
consuming,-2.9362905336338674e-16
adaptation in many,-2.937002041309561e-16
those that,-2.940356291780688e-16
rusting,-2.943473373026584e-16
thunder rusting,-2.943473373026584e-16
the water dripping,-2.9522041651304076e-16
are both,-2.953366717850514e-16
not typically associated,-2.9544509200229996e-16
chances,-2.957703526540456e-16
conditions for,-2.96637714392034e-16
it not,-2.9717981547827677e-16
creation,-2.9727468316836925e-16
or that,-2.983724378680108e-16
fossil fuels,-2.98806118737005e-16
adaptation in,-2.997276905836177e-16
person selling,-3.0005295123536335e-16
the person selling,-3.0005295123536335e-16
natural gas is,-3.0010716134398763e-16
ecosystems,-3.0032400177848473e-16
the earth in,-3.0032400177848473e-16
and fabric,-3.0113887394352297e-16
the pulse,-3.016013274629442e-16
orbits the,-3.0162504438546733e-16
and increase,-3.018113916338633e-16
the force of,-3.0184188481996443e-16
in their,-3.0184188481996443e-16
but this is,-3.0184188481996443e-16
blood,-3.0270924655795284e-16
that they,-3.0270924655795284e-16
without,-3.0357660829594124e-16
common adaptation in,-3.038476588390626e-16
include,-3.0444397003392965e-16
chances of,-3.0444397003392965e-16
answer because,-3.0466081046842675e-16
the black,-3.0487765090292385e-16
the southern hemisphere,-3.0509449133742095e-16
the potential,-3.0509449133742095e-16
as the,-3.0531133177191805e-16
the magnetic,-3.0531133177191805e-16
through various,-3.0617869350990645e-16
resulting,-3.0704605524789486e-16
answer choice,-3.0704605524789486e-16
to maintain,-3.0791341698588326e-16
expand,-3.0857749081653063e-16
after the,-3.0878077872387166e-16
pushing,-3.089467971815335e-16
parks,-3.0899761915836876e-16
not responsible for,-3.0964814046186007e-16
obtain,-3.0964814046186007e-16
not responsible,-3.0964814046186007e-16
option is not,-3.1051550219984847e-16
correct therefore,-3.1070523758003343e-16
reproduce,-3.108407628515941e-16
and hair,-3.108407628515941e-16
reaction,-3.114912841550854e-16
erosion and,-3.119554582101808e-16
can create,-3.120333852413282e-16
hair,-3.122502256758253e-16
outside during the,-3.128465368706923e-16
outside during,-3.128465368706923e-16
characteristics to,-3.133344278483108e-16
pulse,-3.1388330519813157e-16
occurs,-3.139849491518021e-16
found,-3.139849491518021e-16
operation,-3.142017895862992e-16
southern,-3.144186300207963e-16
body is,-3.155028321932818e-16
the best answer,-3.165870343657673e-16
the time,-3.170207152347615e-16
help,-3.174543961037557e-16
for their,-3.174543961037557e-16
their chances of,-3.176009328036307e-16
why it often,-3.1807781235293486e-16
force of,-3.183217578417441e-16
seahorse,-3.187554387107383e-16
emissions,-3.189722791452354e-16
option because,-3.191891195797325e-16
ecosystem,-3.191891195797325e-16
an experiment,-3.193246448512932e-16
experiment,-3.200564813177209e-16
giraffe,-3.209238430557093e-16
stage,-3.209238430557093e-16
adapt to the,-3.2152015425057634e-16
accurate answer would,-3.21845414902322e-16
therefore the most,-3.226585665316861e-16
the rock,-3.226585665316861e-16
well,-3.226585665316861e-16
relationship,-3.226585665316861e-16
environment to,-3.227127766403104e-16
case the,-3.235259282696745e-16
southern hemisphere,-3.2395960913866872e-16
but this,-3.2395960913866872e-16
best,-3.2439329000766293e-16
dripping,-3.2504381131115423e-16
water dripping,-3.2504381131115423e-16
winter months,-3.2526065174565133e-16
habitats,-3.2612801348363973e-16
more accurate answer,-3.26968270167316e-16
is not responsible,-3.2786273695961654e-16
sediment,-3.2807957739411364e-16
of an object,-3.2916377956659915e-16
best answer,-3.2959746043559335e-16
visibility,-3.2959746043559335e-16
an object,-3.3046482217358175e-16
unable to,-3.3046482217358175e-16
thunder,-3.3114922479496323e-16
of nutrients,-3.3219954564955856e-16
the prey,-3.3293138211598627e-16
one,-3.3306690738754696e-16
hypothesis,-3.3306690738754696e-16
black,-3.3306690738754696e-16
bike,-3.3350058825654116e-16
the surrounding,-3.3371742869103826e-16
hail,-3.3454413284755846e-16
the process,-3.3480163086352377e-16
acid,-3.3480163086352377e-16
outside,-3.3523531173251797e-16
the moon orbits,-3.357774128187607e-16
their chances,-3.366939024676899e-16
wood,-3.376205565119861e-16
and can,-3.378373969464832e-16
correct therefore the,-3.3810844748960456e-16
the death of,-3.386505485758473e-16
death of,-3.386505485758473e-16
temperature and,-3.387047586844716e-16
winter,-3.391384395534658e-16
dead,-3.3957212042246e-16
and release,-3.4019553667163915e-16
adapt to,-3.403988245789802e-16
adapt,-3.403988245789802e-16
selling,-3.404394821604484e-16
sets,-3.408731630294426e-16
cycle,-3.41740524767431e-16
involved in,-3.41740524767431e-16
making all,-3.432584078089107e-16
generate heat,-3.434752482434078e-16
the statement,-3.4363787856928063e-16
water,-3.436920886779049e-16
the next,-3.436920886779049e-16
and are,-3.452099717193846e-16
it often,-3.4598246576728053e-16
role,-3.46077333457373e-16
young,-3.465110143263672e-16
likely to be,-3.469446951953614e-16
moon orbits,-3.4770363671610127e-16
moon orbits the,-3.4770363671610127e-16
hunt in,-3.481254591238339e-16
environments with,-3.48245737802344e-16
with fixed,-3.499737908938612e-16
is not primary,-3.4998046127832083e-16
of various,-3.5019730171281793e-16
substances,-3.5041414214731503e-16
making all options,-3.5084782301630923e-16
all options,-3.5084782301630923e-16
person is,-3.5128150388530344e-16
would likely have,-3.5128150388530344e-16
consumed,-3.5128150388530344e-16
aid,-3.51389924102552e-16
without additional context,-3.516067645370491e-16
surface area,-3.5171518475429764e-16
the ecosystem,-3.5171518475429764e-16
habits,-3.5214886562329184e-16
likely have more,-3.5214886562329184e-16
in maintaining,-3.534228031759623e-16
properties,-3.5388358909926865e-16
accurate answer is,-3.5561831257524545e-16
release energy,-3.5640155335365967e-16
and release energy,-3.5640155335365967e-16
the amount,-3.5648567431323386e-16
the amount of,-3.5648567431323386e-16
expand and contract,-3.5735303605122226e-16
the pedals,-3.5735303605122226e-16
as it can,-3.5735303605122226e-16
chances of survival,-3.5735303605122226e-16
and contract,-3.5735303605122226e-16
larger,-3.5778671692021646e-16
role in,-3.5822039778921066e-16
are unable,-3.5952144039619327e-16
to create,-3.5995512126518747e-16
in many,-3.608224830031759e-16
orbits the earth,-3.612561638721701e-16
allowing the,-3.616898447411643e-16
provide the same,-3.6201510539290993e-16
the sun is,-3.625572064791527e-16
factor that,-3.629908873481469e-16
around,-3.629908873481469e-16
choice would be,-3.631535176740197e-16
house,-3.651592916931179e-16
choice would,-3.6540323718192713e-16
the person is,-3.655929725621121e-16
pedals,-3.660266534311063e-16
appearance,-3.660266534311063e-16
farming,-3.6651454440872477e-16
surroundings,-3.668940151690947e-16
this case the,-3.668940151690947e-16
generate,-3.668940151690947e-16
weathering,-3.671108556035918e-16
likely have,-3.673276960380889e-16
sunflowers,-3.6881847402525647e-16
next,-3.692792599485628e-16
question also does,-3.6944189027443564e-16
expand and,-3.6974004587186915e-16
also does,-3.6982136103480556e-16
also does not,-3.6982136103480556e-16
algae,-3.699297812520541e-16
may not be,-3.702008317951755e-16
why it,-3.702008317951755e-16
the bike,-3.703634621210483e-16
not primary,-3.707971429900425e-16
it is no,-3.720575280155569e-16
lawnmower,-3.727487069005164e-16
lawnmower runs,-3.727487069005164e-16
lawnmower runs over,-3.727487069005164e-16
runs over,-3.727487069005164e-16
resulting in decrease,-3.735076484212563e-16
not typically,-3.7513395167998453e-16
life and,-3.75621842657603e-16
which would be,-3.7600131341797294e-16
that they are,-3.769770953732099e-16
unable,-3.7773603689394974e-16
power,-3.7816971776294395e-16
faster,-3.7816971776294395e-16
runs over them,-3.7925391993542945e-16
in many marine,-3.793837806741554e-16
many marine,-3.793837806741554e-16
not provide the,-3.7990444123892075e-16
thermal,-3.7990444123892075e-16
most accurate answer,-3.8163916471489756e-16
create,-3.8207284558389176e-16
thrive,-3.8250652645288596e-16
involved,-3.8250652645288596e-16
would be more,-3.8337388819087437e-16
resulting in,-3.8337388819087437e-16
often,-3.8337388819087437e-16
not directly affect,-3.8565071275309393e-16
without additional,-3.8673491492557943e-16
the roots,-3.86843335142828e-16
and is major,-3.872770160118222e-16
of survival,-3.885780586188048e-16
it is not,-3.900417315516602e-16
moth,-3.9020436187753305e-16
major contributor to,-3.903127820947816e-16
major contributor,-3.903127820947816e-16
is major contributor,-3.903127820947816e-16
pollution and,-3.920475055707584e-16
contributor,-3.93348548177741e-16
production of,-3.93348548177741e-16
contributor to,-3.93348548177741e-16
context the,-3.937822290467352e-16
from the environment,-3.946495907847236e-16
specify,-3.946495907847236e-16
its speed,-3.948664312192207e-16
over them,-3.95516952522712e-16
them anthills do,-3.95516952522712e-16
over them anthills,-3.95516952522712e-16
them anthills,-3.95516952522712e-16
contract,-3.9589642328308194e-16
sun is,-3.963843142607004e-16
non,-3.972516759986888e-16
to hunt,-4.0093796338513954e-16
to the changing,-4.0150716952569443e-16
habitat,-4.0158848468863084e-16
populations,-4.0202216555762504e-16
or the,-4.022661110464343e-16
that is,-4.0245584642661925e-16
common adaptation,-4.0354004859910475e-16
eventually,-4.036484688163533e-16
fundamental,-4.0419056990259605e-16
some,-4.0419056990259605e-16
change of,-4.052205619664573e-16
runs,-4.0592529337857286e-16
is no longer,-4.066571298450006e-16
heat,-4.0766001685454967e-16
guess,-4.0852737859253807e-16
stove,-4.0852737859253807e-16
time of,-4.08906849352908e-16
physical,-4.0915079484171724e-16
is common adaptation,-4.0939474033052647e-16
environment with,-4.0939474033052647e-16
both,-4.0950316054777502e-16
the potential offspring,-4.0993684141676923e-16
potential offspring,-4.0993684141676923e-16
is why it,-4.099910515253935e-16
stone,-4.102621020685149e-16
and other,-4.102621020685149e-16
the bicycle,-4.1102104358925473e-16
no longer,-4.111294638065033e-16
rotation,-4.111294638065033e-16
you,-4.119968255444917e-16
involves,-4.128641872824801e-16
is major,-4.132978681514743e-16
rocks to,-4.1405680967221414e-16
found in,-4.145989107584569e-16
physics,-4.1557469271369385e-16
over time,-4.161167937999366e-16
question is not,-4.1630652918012157e-16
which would,-4.163336342344337e-16
while it,-4.163336342344337e-16
accurate choice,-4.177532614540319e-16
transformation,-4.180683577104105e-16
occur,-4.180683577104105e-16
in decrease in,-4.181225678190348e-16
in decrease,-4.181225678190348e-16
it is,-4.185020385794047e-16
gas is,-4.187188790139018e-16
availability,-4.198030811863873e-16
year,-4.21320964227867e-16
the day,-4.213531514798627e-16
not directly,-4.2262200683484963e-16
death rate,-4.232361586611682e-16
major,-4.2327252813834093e-16
marine,-4.2500725161431774e-16
anthills do,-4.2500725161431774e-16
anthills do not,-4.2500725161431774e-16
non renewable resources,-4.2695881552479165e-16
to generate,-4.2760933682828295e-16
be more suitable,-4.2803200626896284e-16
northern hemisphere,-4.2804301769727715e-16
to adapt to,-4.2934406030425976e-16
to adapt,-4.2934406030425976e-16
to generate heat,-4.3107878378023656e-16
environment and,-4.3172930508372787e-16
that the,-4.3194614551822497e-16
stones,-4.3281350725621337e-16
fundamental concept in,-4.3314554417153706e-16
fundamental concept,-4.3314554417153706e-16
is fundamental concept,-4.3314554417153706e-16
energy in this,-4.334301472418145e-16
surface,-4.3368086899420177e-16
green,-4.3368086899420177e-16
this is fundamental,-4.3368086899420177e-16
of change,-4.3443981051494163e-16
fuels,-4.353613823615543e-16
using,-4.354155924701786e-16
concept in,-4.3706561265142996e-16
water and,-4.371503159461554e-16
allowing,-4.388850394221322e-16
renewable resource,-4.388850394221322e-16
is why some,-4.388850394221322e-16
to rounded,-4.3990186607936403e-16
rocks to rounded,-4.3990186607936403e-16
the frog,-4.399692415946177e-16
the northern hemisphere,-4.40619762898109e-16
can be replenished,-4.423544863740858e-16
case,-4.423544863740858e-16
direct way,-4.4278816724308e-16
direct way to,-4.4278816724308e-16
time of day,-4.4354710876381986e-16
specific,-4.453902524570452e-16
meters,-4.458239333260394e-16
why some,-4.462576141950336e-16
including,-4.467997152812764e-16
longer,-4.476670770192648e-16
complete,-4.49293380277993e-16
directly affect the,-4.494018004952416e-16
adult,-4.497270611469872e-16
rationale,-4.510281037539698e-16
combination,-4.511365239712184e-16
the rate,-4.527628272299467e-16
abundant,-4.53033877773068e-16
additional context,-4.531965080989409e-16
tuna,-4.544975507059235e-16
directly affect,-4.557985933129061e-16
compounds,-4.557985933129061e-16
orbits,-4.568827954853916e-16
provide the,-4.570996359198887e-16
may not,-4.605690828718423e-16
white environment,-4.609350011050561e-16
anthills,-4.614364446098307e-16
if something is,-4.623514519511021e-16
if something,-4.623514519511021e-16
months,-4.631711680858075e-16
characteristics,-4.640385298237959e-16
are not typically,-4.650685218876571e-16
herbivore,-4.657732532997727e-16
changing,-4.683753385137379e-16
can contribute,-4.688090193827321e-16
can contribute to,-4.688090193827321e-16
earth,-4.709774237277031e-16
would be,-4.718447854656915e-16
ball,-4.787836793695988e-16
additional,-4.796510411075872e-16
frogs,-4.818601030340264e-16
common,-4.831204880595408e-16
such as,-4.839878497975292e-16
it,-4.839878497975292e-16
that can be,-4.85722573273506e-16
bicycle,-4.85722573273506e-16
they can,-4.874572967494828e-16
no,-4.874572967494828e-16
of day,-4.883246584874712e-16
energy is,-4.902762223979451e-16
nests,-4.904930628324422e-16
is stopped,-4.917761721637447e-16
measure of,-4.917941054394248e-16
levels,-4.954803928258755e-16
mouse,-4.960767040207426e-16
is not valid,-4.961309141293668e-16
production,-5.00901403688303e-16
same,-5.0133508455729725e-16
the same,-5.0133508455729725e-16
cats,-5.022024462952857e-16
this is common,-5.048045315092509e-16
something is,-5.061597842248577e-16
salmon,-5.122855264994008e-16
fabric,-5.128276275856436e-16
is no,-5.1290894274858e-16
most,-5.169475958410885e-16
electricity,-5.169475958410885e-16
they are,-5.169475958410885e-16
this is not,-5.204170427930421e-16
material from,-5.220487127995846e-16
be able,-5.221517662690189e-16
be able to,-5.221517662690189e-16
rate of,-5.230191280070073e-16
would,-5.290906601729262e-16
does not directly,-5.325601071248798e-16
is direct,-5.332106284283711e-16
chemical,-5.35162192338845e-16
able,-5.360295540768334e-16
able to,-5.360295540768334e-16
made,-5.364632349458276e-16
more accurate,-5.39499001028787e-16
which,-5.41667405373758e-16
rather than,-5.43835809718729e-16
like,-5.43835809718729e-16
and is,-5.48172618408671e-16
it can,-5.507747036226363e-16
conditions,-5.507747036226363e-16
factor,-5.507747036226363e-16
to measure,-5.516420653606247e-16
nectar,-5.540273101400928e-16
not be able,-5.589062199162775e-16
surrounding,-5.598820018715145e-16
heat and,-5.59990422088763e-16
hunt,-5.607493636095029e-16
absorb,-5.646524914304507e-16
cooling,-5.650861722994449e-16
with other,-5.670377362099188e-16
certain,-5.672545766444159e-16
any,-5.689893001203927e-16
from the,-5.724587470723463e-16
used to measure,-5.741934705483231e-16
which is,-5.748439918518145e-16
sleet,-5.753115540386988e-16
not valid,-5.767955557622884e-16
amount of,-5.864449550974093e-16
the death,-5.870412662922764e-16
the earth,-5.880712583561376e-16
the environment,-5.898059818321144e-16
non renewable,-5.95443833129039e-16
typically associated,-5.962027746497789e-16
typically associated with,-5.962027746497789e-16
during the day,-5.9761223747401e-16
rather,-5.980459183430042e-16
is used,-5.986964396464955e-16
such,-5.993469609499869e-16
life,-6.002143226879753e-16
from,-6.002143226879753e-16
more suitable for,-6.034669292054318e-16
more suitable,-6.049848122469115e-16
at,-6.071532165918825e-16
valid,-6.071532165918825e-16
fall,-6.093216209368535e-16
release,-6.106226635438361e-16
nest,-6.117068657163216e-16
the mouse,-6.125471223999979e-16
amount,-6.139836902785412e-16
dogs,-6.158268339717665e-16
most accurate,-6.175615574477433e-16
the most accurate,-6.175615574477433e-16
whereas,-6.175615574477433e-16
stopped,-6.186246301186618e-16
object,-6.192962809237201e-16
typically,-6.227657278756737e-16
not be replenished,-6.2363308961366215e-16
bear,-6.2753621743461e-16
renewable resources that,-6.292709409105868e-16
use,-6.29704621779581e-16
would be that,-6.314393452555578e-16
not the most,-6.31873026124552e-16
has,-6.320898665590491e-16
frozen,-6.323067069935462e-16
offspring,-6.522560269672795e-16
associated with,-6.59845442174678e-16
associated,-6.59845442174678e-16
something,-6.609330324789525e-16
is used to,-6.615801656506548e-16
small,-6.62013846519649e-16
they,-6.626643678231403e-16
primary,-6.630980486921345e-16
after,-6.643990912991171e-16
resources that,-6.646159317336142e-16
resources that can,-6.652664530371055e-16
that can not,-6.691695808580533e-16
is why,-6.696032617270475e-16
deer,-6.713379852030243e-16
the most,-6.730727086790012e-16
pollution,-6.730727086790012e-16
decrease in,-6.739400704169896e-16
be that,-6.74807432154978e-16
period,-6.74807432154978e-16
this context,-6.761084747619606e-16
in this context,-6.761084747619606e-16
for the,-6.765421556309548e-16
maintaining,-6.844297264357868e-16
focus,-6.856841822306704e-16
fixed focus,-6.858324129964399e-16
accurate answer,-6.904199434387692e-16
person,-6.912873051767576e-16
oxygen,-6.956241138666996e-16
affect the,-7.034303695085953e-16
rock,-7.055987738535663e-16
however,-7.095019016745141e-16
limited,-7.121039868884793e-16
roots,-7.151397529714387e-16
would likely,-7.199102425303749e-16
to produce,-7.281501790412648e-16
likely,-7.28583859910259e-16
the population,-7.305354238207329e-16
direct,-7.4593109467002705e-16
death,-7.465816159735184e-16
various,-7.528699885739343e-16
microscope,-7.528699885739343e-16
of its,-7.566172623325873e-16
this is why,-7.754213937616328e-16
is common,-7.784571598445922e-16
nutrients,-7.914675859144182e-16
period of,-7.962380754733545e-16
oil,-7.979727989493313e-16
replenished naturally in,-7.997075224253081e-16
naturally in,-7.997075224253081e-16
hemisphere,-8.049116928532385e-16
in short,-8.083811398051921e-16
naturally in short,-8.083811398051921e-16
while,-8.118505867571457e-16
in short period,-8.149947730573537e-16
velocity,-8.170302991087242e-16
white,-8.177052784885674e-16
short period of,-8.191553988942668e-16
size,-8.239936510889834e-16
glucose,-8.25294693695966e-16
period of time,-8.291978215169138e-16
short period,-8.29631502385908e-16
short,-8.329925291206131e-16
also,-8.36136715420821e-16
fixed,-8.362993457466938e-16
the body,-8.40473524110763e-16
increased,-8.4350929019372245e-16
frog,-8.521829075736065e-16
natural,-8.569533971325427e-16
directly,-8.638922910364499e-16
affect,-8.76902717106276e-16
moving,-8.864436962241484e-16
in contrast,-8.881784197001252e-16
suitable for,-8.890457814381136e-16
area,-8.96418356211015e-16
the person,-9.280770596475918e-16
contrast,-9.298117831235686e-16
environments,-9.339317513790135e-16
naturally,-9.35015953551499e-16
suitable,-9.39352762241441e-16
tool,-9.52363188311267e-16
renewable resources,-9.575131486305732e-16
this case,-9.783840404509192e-16
in this case,-9.783840404509192e-16
replenished naturally,-1.0087417012805133e-15
be replenished naturally,-1.0087417012805133e-15
can not,-1.0217521273503394e-15
can not be,-1.033895191682177e-15
are all,-1.0356299151581538e-15
used to,-1.055145554262893e-15
of time,-1.0555792351318871e-15
population,-1.0653370546842567e-15
be replenished,-1.076829597712603e-15
increase,-1.0804616749904294e-15
produce,-1.1075125191939428e-15
decrease,-1.1212818867845087e-15
000,-1.1419901482789818e-15
through,-1.1449174941446927e-15
temperature,-1.1748414741052926e-15
all,-1.1813466871402056e-15
resource,-1.1891529427821013e-15
their,-1.1934897514720433e-15
more,-1.19522447494802e-15
its,-1.205632815803881e-15
replenished,-1.2106201457973143e-15
rate,-1.2160411566597418e-15
used,-1.218643241873707e-15
speed,-1.268082860939046e-15
accurate,-1.2739375526704677e-15
with,-1.2915016278647329e-15
bird,-1.3019099687205937e-15
over,-1.3255455760807777e-15
day,-1.375418876015111e-15
sun,-1.375635716449608e-15
during the,-1.3825746103535153e-15
and,-1.384309333829492e-15
where,-1.3860440573054689e-15
not be,-1.3999218451132833e-15
the sun,-1.420738526825005e-15
measure,-1.4302795059428774e-15
body,-1.4628055711174426e-15
not the,-1.4753823163182744e-15
this,-1.510944147575799e-15
are,-1.5135462327897642e-15
where the,-1.5178830414797062e-15
is not the,-1.5213524884316598e-15
is not,-1.5356639571084685e-15
resources,-1.5716594692349872e-15
renewable,-1.573394192710964e-15
000 000 000,-1.5739362937972068e-15
000 000,-1.5831520122633336e-15
that,-1.6583956430338276e-15
as,-1.7277845820728999e-15
in this,-1.943323973963018e-15
time,-1.9459260591769834e-15
during,-2.031361190368841e-15
be,-2.0469737016526324e-15
or,-2.0678988035816026e-15
to,-2.0799334476961917e-15
this is,-2.310651670001107e-15
environment,-2.392183673372017e-15
that can,-2.400857290751901e-15
not,-2.456368441983159e-15
is,-3.56398938139435e-15
can,-3.927413949611491e-15
in,-5.146057191485198e-15
