feature,importance
the,5.488665077990618e-15
is,3.12944115066216e-15
to,2.5153490401663703e-15
of,2.3939183968479938e-15
not,2.2065682614424986e-15
you,1.6410484082740595e-15
answer,1.5768636396629176e-15
be,1.4259426972529354e-15
is not,1.3600232051658168e-15
officer,1.3513495877859327e-15
police,1.313185671314443e-15
police officer,1.124100812432971e-15
is because,1.0733601507606494e-15
in,1.0547118733938987e-15
because,1.0477729794899915e-15
sex,1.012211148232467e-15
answer is because,9.957312752106873e-16
in the,9.922618282587337e-16
to be,9.54097911787244e-16
can,8.621575675604731e-16
backyard,8.526165884426007e-16
on the,8.448103328007051e-16
pretending to be,8.344019919448442e-16
pretending to,8.344019919448442e-16
pretending,8.344019919448442e-16
can lead to,8.205242041370298e-16
can lead,8.205242041370298e-16
you are,8.200905232680356e-16
are,8.187894806610529e-16
pools,7.997075224253081e-16
backyard pools,7.997075224253081e-16
as,7.771561172376096e-16
lead,7.641456911677835e-16
that,7.563394355258879e-16
lead to,7.446300520630444e-16
answer is,7.424616477180734e-16
which,7.320533068622126e-16
sense,7.311859451242242e-16
while,7.28583859910259e-16
be police officer,7.008282842946301e-16
to be police,7.008282842946301e-16
be police,7.008282842946301e-16
is the,6.83481049534862e-16
sense of,6.74807432154978e-16
diving,6.722053469410127e-16
at,6.678685382510707e-16
to the,6.678685382510707e-16
and,6.661338147750939e-16
the answer is,6.453171330633722e-16
place,6.349087922075114e-16
them,6.346919517730143e-16
due to,6.292709409105868e-16
due,6.292709409105868e-16
high,6.279698983036042e-16
the most,6.175615574477433e-16
diving into,6.123573870198129e-16
diving into backyard,6.123573870198129e-16
into backyard,6.123573870198129e-16
on,5.834362940687621e-16
most,5.828670879282072e-16
store,5.828670879282072e-16
risk,5.698566618583811e-16
experiencing,5.655198531684391e-16
as the,5.655198531684391e-16
road,5.529431079676073e-16
on the road,5.529431079676073e-16
the road,5.529431079676073e-16
into backyard pools,5.499073418846478e-16
typically,5.48172618408671e-16
create,5.477931476483011e-16
or,5.447031714567174e-16
possible,5.342948306008566e-16
requires,5.26488574958961e-16
academic,5.152128723651117e-16
due to the,5.048045315092509e-16
lack of,5.030698080332741e-16
lack,5.030698080332741e-16
mistrust,5.0133508455729725e-16
false,5.0133508455729725e-16
when you,5.004677228193088e-16
the answer,4.996003610813204e-16
result,4.85722573273506e-16
people,4.787836793695988e-16
additionally,4.787836793695988e-16
is because when,4.753142324176451e-16
because when,4.753142324176451e-16
eating,4.683753385137379e-16
going,4.597017211338539e-16
after,4.562322741819003e-16
someone to,4.544975507059235e-16
medical,4.49293380277993e-16
therefore,4.475586568020162e-16
involved,4.466912950640278e-16
is the most,4.458239333260394e-16
this can lead,4.423544863740858e-16
this,4.40619762898109e-16
would be,4.3368086899420177e-16
self,4.2587461335230614e-16
it is possible,4.198030811863873e-16
is possible,4.198030811863873e-16
effect,4.176346768414163e-16
for someone to,4.119968255444917e-16
term,4.0766001685454967e-16
that requires,4.0722633598555547e-16
of the,4.0419056990259605e-16
up,4.0245584642661925e-16
trip,4.0072112295064244e-16
is not specific,3.9118014383277e-16
not specific,3.9118014383277e-16
question,3.86843335142828e-16
when you are,3.8510861166685117e-16
which can,3.8510861166685117e-16
feel,3.8250652645288596e-16
to lack,3.8207284558389176e-16
between the,3.8207284558389176e-16
two parties involved,3.8207284558389176e-16
between the two,3.8207284558389176e-16
involved this,3.8207284558389176e-16
the two parties,3.8207284558389176e-16
of security,3.8207284558389176e-16
parties involved,3.8207284558389176e-16
to lack of,3.8207284558389176e-16
trust,3.8207284558389176e-16
false sense of,3.8207284558389176e-16
parties involved this,3.8207284558389176e-16
false sense,3.8207284558389176e-16
of trust,3.8207284558389176e-16
two,3.8207284558389176e-16
two parties,3.8207284558389176e-16
the two,3.8207284558389176e-16
sense of security,3.8207284558389176e-16
lead to lack,3.8207284558389176e-16
security,3.8207284558389176e-16
lack of trust,3.8207284558389176e-16
spinal,3.7556763254897874e-16
while it,3.7470027081099033e-16
into,3.673276960380889e-16
sex that,3.668940151690947e-16
them to shower,3.668940151690947e-16
after having sex,3.668940151690947e-16
requires them,3.668940151690947e-16
requires them to,3.668940151690947e-16
having sex that,3.668940151690947e-16
sex that requires,3.668940151690947e-16
that requires them,3.668940151690947e-16
to shower,3.668940151690947e-16
shower,3.668940151690947e-16
having sex,3.668940151690947e-16
after having,3.668940151690947e-16
outcome,3.647256108241237e-16
option,3.642919299551295e-16
have,3.634245682171411e-16
being,3.608224830031759e-16
and create,3.5979249093931465e-16
hardware,3.5388358909926865e-16
or the,3.4954678040932663e-16
discomfort or,3.46077333457373e-16
safe,3.434752482434078e-16
possible to get,3.426078865054194e-16
specific,3.426078865054194e-16
party,3.426078865054194e-16
the question,3.37403716077489e-16
were,3.3707845542574333e-16
most appropriate,3.365363543395006e-16
the most appropriate,3.365363543395006e-16
someone,3.3480163086352377e-16
it is,3.3306690738754696e-16
they,3.3306690738754696e-16
understanding,3.3263322651855276e-16
appropriate answer,3.3133218391157016e-16
most appropriate answer,3.3133218391157016e-16
accomplishment,3.3046482217358175e-16
to their,3.2786273695961654e-16
may,3.2786273695961654e-16
this can,3.2612801348363973e-16
while it is,3.2612801348363973e-16
are not,3.2612801348363973e-16
them to,3.2569433261464553e-16
police officer you,3.2504381131115423e-16
officer you are,3.2504381131115423e-16
lead to mistrust,3.2504381131115423e-16
to mistrust,3.2504381131115423e-16
are pretending to,3.2504381131115423e-16
are pretending,3.2504381131115423e-16
to mistrust in,3.2504381131115423e-16
officer you,3.2504381131115423e-16
mistrust in the,3.2504381131115423e-16
you are pretending,3.2504381131115423e-16
mistrust in,3.2504381131115423e-16
ray,3.2439329000766293e-16
location for someone,3.191891195797325e-16
someone to find,3.191891195797325e-16
likely location,3.191891195797325e-16
misunderstanding,3.183217578417441e-16
disability,3.122502256758253e-16
get,3.1051550219984847e-16
also,3.1051550219984847e-16
during,3.0899761915836876e-16
because when you,3.0834709785487746e-16
one on,3.002155815612362e-16
one on the,3.002155815612362e-16
find one on,3.002155815612362e-16
queue,2.983724378680108e-16
to find one,2.977219165645195e-16
maps,2.977219165645195e-16
james,2.96637714392034e-16
serious,2.931682674400804e-16
risk of,2.9284300678833475e-16
not feeling,2.925177461365891e-16
that people,2.925177461365891e-16
feeling that,2.925177461365891e-16
is not feeling,2.925177461365891e-16
not feeling that,2.925177461365891e-16
bike,2.918672248330978e-16
riding bike,2.918672248330978e-16
riding,2.918672248330978e-16
their,2.914335439641036e-16
one,2.914335439641036e-16
options,2.914335439641036e-16
home,2.905661822261152e-16
find one,2.896988204881268e-16
likely location for,2.8963105785234644e-16
it likely location,2.8963105785234644e-16
between,2.888314587501384e-16
creating,2.86988315056913e-16
getting,2.8449465006019636e-16
the academic,2.8319360745321376e-16
people may,2.8145888397723695e-16
these,2.7842311789427754e-16
salesman,2.749536709423239e-16
the computer,2.740863092043355e-16
easily,2.714842239903703e-16
likely,2.706168622523819e-16
effect of,2.677979366039196e-16
emotions,2.675810961694225e-16
often,2.671474153004283e-16
to get,2.671474153004283e-16
goal is,2.662800535624399e-16
fishing,2.654126918244515e-16
rods,2.654126918244515e-16
coffee,2.649790109554573e-16
pain,2.636779683484747e-16
any,2.5934115965853266e-16
to the question,2.5825695748604716e-16
one self,2.577148563998044e-16
one self esteem,2.577148563998044e-16
making it likely,2.5652223401007035e-16
it likely,2.5652223401007035e-16
service,2.5522119140308774e-16
backyard pools is,2.551127711858392e-16
pools is,2.551127711858392e-16
station,2.5153490401663703e-16
up home,2.5110122314764283e-16
this is,2.498001805406602e-16
gas,2.49366499671666e-16
do,2.489328188026718e-16
customers,2.476317761956892e-16
gas station,2.4643915380595516e-16
the other,2.463307335887066e-16
stores,2.445960101127298e-16
emotional,2.437286483747414e-16
the people,2.434372690408859e-16
is because people,2.4275286641950444e-16
because people,2.4275286641950444e-16
goal,2.419939248987646e-16
therefore option,2.411265631607762e-16
therefore option is,2.411265631607762e-16
for the,2.410723530521519e-16
suggests that,2.3809079707781677e-16
having,2.3765711620882257e-16
is due,2.3678975447083417e-16
this is due,2.3678975447083417e-16
is due to,2.3678975447083417e-16
find,2.3505503099485736e-16
older,2.3505503099485736e-16
during sex,2.3418766925686896e-16
correct,2.3418766925686896e-16
during sex and,2.3418766925686896e-16
place to,2.3418766925686896e-16
sex and,2.3418766925686896e-16
having disability,2.3245294578089215e-16
tasks,2.3174821436877657e-16
nature of,2.2898349882893854e-16
places,2.2898349882893854e-16
nature,2.2898349882893854e-16
nature of the,2.2898349882893854e-16
easily accessible,2.2811613709095013e-16
computer to,2.246466901389965e-16
of riding bike,2.239961688355052e-16
of riding,2.239961688355052e-16
long term,2.239961688355052e-16
appropriate,2.220446049250313e-16
is because diving,2.216109240560371e-16
because diving into,2.216109240560371e-16
because diving,2.216109240560371e-16
pools can,2.216109240560371e-16
backyard pools can,2.216109240560371e-16
options do not,2.203098814490545e-16
options do,2.203098814490545e-16
behavior,2.1976778036281175e-16
because going jogging,2.183583175385806e-16
going jogging,2.183583175385806e-16
activity,2.1684043449710089e-16
good,2.1662359406260379e-16
characteristic,2.1640675362810669e-16
characteristic of,2.1640675362810669e-16
waiting,2.1510571102112408e-16
is considered,2.1510571102112408e-16
designed,2.1423834928313568e-16
can result,2.1337098754514727e-16
injuries,2.1293730667615307e-16
is experiencing,2.1163626406917047e-16
going to,2.1163626406917047e-16
needs,2.1163626406917047e-16
esteem,2.1120258320017626e-16
self esteem,2.1120258320017626e-16
designed to,2.1106705792861558e-16
for person,2.1076890233118206e-16
machine,2.0903417885520525e-16
ray machine,2.0903417885520525e-16
an ray machine,2.0903417885520525e-16
an ray,2.0903417885520525e-16
antarctica,2.0816681711721685e-16
significant,2.0794997668271975e-16
discomfort,2.0643209364124004e-16
specific outcome,2.0513105103425744e-16
hardware stores,2.0469737016526324e-16
not typically,2.0296264668928643e-16
parties,2.0209528495129803e-16
of being,2.0209528495129803e-16
to be safe,2.0079424234431542e-16
be safe,2.0079424234431542e-16
not designed,2.0079424234431542e-16
not designed to,2.0079424234431542e-16
pools are,2.0079424234431542e-16
spinal injuries,2.0079424234431542e-16
are not designed,2.0079424234431542e-16
pools are not,2.0079424234431542e-16
spinal injuries are,2.0079424234431542e-16
designed to be,2.0079424234431542e-16
injuries are,2.0079424234431542e-16
backyard pools are,2.0079424234431542e-16
all,2.0068582212706687e-16
part,2.0036056147532122e-16
waiting in queue,1.9949319973733282e-16
bald,1.9949319973733282e-16
in queue,1.9949319973733282e-16
waiting in,1.9949319973733282e-16
may feel,1.986258379993444e-16
the risk,1.986258379993444e-16
that can result,1.986258379993444e-16
used,1.97758476261356e-16
people while it,1.973247953923618e-16
people while,1.973247953923618e-16
who is,1.971079549578647e-16
other,1.942890293094024e-16
about,1.928524614308591e-16
less,1.9255430583342559e-16
strain,1.9255430583342559e-16
answer because,1.917479304676395e-16
psychological effect of,1.9103642279194588e-16
security or,1.9103642279194588e-16
psychological effect,1.9103642279194588e-16
of mistrust between,1.9103642279194588e-16
trust and,1.9103642279194588e-16
common psychological,1.9103642279194588e-16
security or authority,1.9103642279194588e-16
trust and lack,1.9103642279194588e-16
common psychological effect,1.9103642279194588e-16
the real,1.9103642279194588e-16
security and create,1.9103642279194588e-16
security and,1.9103642279194588e-16
officer this can,1.9103642279194588e-16
psychological,1.9103642279194588e-16
officer as it,1.9103642279194588e-16
you are intentionally,1.9103642279194588e-16
of pretending to,1.9103642279194588e-16
officer as,1.9103642279194588e-16
of pretending,1.9103642279194588e-16
understanding between,1.9103642279194588e-16
real,1.9103642279194588e-16
understanding between the,1.9103642279194588e-16
real police,1.9103642279194588e-16
of understanding between,1.9103642279194588e-16
real police officer,1.9103642279194588e-16
sense of mistrust,1.9103642279194588e-16
of trust and,1.9103642279194588e-16
officer this,1.9103642279194588e-16
or authority which,1.9103642279194588e-16
of mistrust,1.9103642279194588e-16
of security and,1.9103642279194588e-16
of security or,1.9103642279194588e-16
the real police,1.9103642279194588e-16
or authority,1.9103642279194588e-16
police officer this,1.9103642279194588e-16
police officer as,1.9103642279194588e-16
full,1.9081958235744878e-16
is possible to,1.9081958235744878e-16
its,1.9081958235744878e-16
purchase,1.8984380040221183e-16
as it can,1.8930169931596907e-16
possible that salesman,1.8821749714348357e-16
salesperson,1.8821749714348357e-16
salesperson at work,1.8821749714348357e-16
salesman could,1.8821749714348357e-16
that salesman could,1.8821749714348357e-16
that salesman,1.8821749714348357e-16
salesperson at,1.8821749714348357e-16
other options do,1.8735013540549517e-16
potential,1.8735013540549517e-16
the sex,1.8648277366750676e-16
showering is,1.8648277366750676e-16
showering,1.8648277366750676e-16
hardware stores typically,1.8474805019152996e-16
fisherman,1.8474805019152996e-16
fishing trip,1.8474805019152996e-16
stores typically,1.8474805019152996e-16
accessible for the,1.8474805019152996e-16
emotions or,1.8474805019152996e-16
accessible for,1.8474805019152996e-16
easily accessible for,1.8474805019152996e-16
someone if,1.839891086707901e-16
would be misunderstanding,1.839891086707901e-16
you were pretending,1.839891086707901e-16
you were,1.839891086707901e-16
were pretending,1.839891086707901e-16
were pretending to,1.839891086707901e-16
if you were,1.839891086707901e-16
someone if you,1.839891086707901e-16
related,1.8388068845354155e-16
is not typically,1.8388068845354155e-16
to look,1.8301332671555315e-16
is not possible,1.8301332671555315e-16
they are,1.8301332671555315e-16
not possible,1.8301332671555315e-16
while they are,1.8274227617243177e-16
while they,1.8274227617243177e-16
in the academic,1.8214596497756474e-16
accommodations,1.8214596497756474e-16
described,1.8214596497756474e-16
make,1.8214596497756474e-16
as the question,1.8214596497756474e-16
because people often,1.7954387976359953e-16
to store,1.7911019889460533e-16
talk,1.787307281342354e-16
talk to,1.787307281342354e-16
about to,1.7867651802561113e-16
everyone,1.7867651802561113e-16
suggests,1.7867651802561113e-16
and it is,1.7867651802561113e-16
even,1.7867651802561113e-16
when,1.7867651802561113e-16
accurately,1.7737547541862853e-16
is likely that,1.7737547541862853e-16
not accurately,1.7737547541862853e-16
likely that,1.7737547541862853e-16
it is likely,1.7737547541862853e-16
do not accurately,1.7737547541862853e-16
which is what,1.7694179454963432e-16
is what,1.7694179454963432e-16
meal,1.7650811368064012e-16
is because you,1.7607443281164592e-16
because you,1.7607443281164592e-16
do not,1.7520707107365752e-16
correct answer,1.7520707107365752e-16
that they,1.7520707107365752e-16
of understanding,1.739060284666749e-16
possible to,1.734723475976807e-16
water,1.734723475976807e-16
and estate,1.726049858596923e-16
helps to,1.721713049906981e-16
helps,1.721713049906981e-16
may be,1.717376241217039e-16
about the,1.717376241217039e-16
to talk,1.717376241217039e-16
to talk to,1.717376241217039e-16
appropriate answer option,1.713039432527097e-16
to get drunk,1.713039432527097e-16
connection,1.713039432527097e-16
or engage in,1.713039432527097e-16
people you are,1.713039432527097e-16
set up home,1.713039432527097e-16
to party in,1.713039432527097e-16
to get high,1.713039432527097e-16
with new,1.713039432527097e-16
going to party,1.713039432527097e-16
party in,1.713039432527097e-16
typically to,1.713039432527097e-16
with new people,1.713039432527097e-16
ultimate,1.713039432527097e-16
on the people,1.713039432527097e-16
answer option,1.713039432527097e-16
to make good,1.713039432527097e-16
or engage,1.713039432527097e-16
to party,1.713039432527097e-16
ultimate goal,1.713039432527097e-16
party in new,1.713039432527097e-16
ultimate goal is,1.713039432527097e-16
friends or,1.713039432527097e-16
the most pressing,1.713039432527097e-16
connection with,1.713039432527097e-16
social connection,1.713039432527097e-16
pressing,1.713039432527097e-16
up home and,1.713039432527097e-16
party the ultimate,1.713039432527097e-16
pressing goal,1.713039432527097e-16
town the,1.713039432527097e-16
pressing goal therefore,1.713039432527097e-16
town the goal,1.713039432527097e-16
the people you,1.713039432527097e-16
the ultimate,1.713039432527097e-16
drunk,1.713039432527097e-16
when going to,1.713039432527097e-16
when going,1.713039432527097e-16
social connection with,1.713039432527097e-16
the goal,1.713039432527097e-16
the goal is,1.713039432527097e-16
you are meeting,1.713039432527097e-16
up home is,1.713039432527097e-16
option making,1.713039432527097e-16
the ultimate goal,1.713039432527097e-16
typically to set,1.713039432527097e-16
connection with new,1.713039432527097e-16
party the,1.713039432527097e-16
people you,1.713039432527097e-16
physical discomfort or,1.708702623837155e-16
physical discomfort,1.708702623837155e-16
antarctica is,1.708702623837155e-16
department,1.691355389077387e-16
the police department,1.691355389077387e-16
police department,1.691355389077387e-16
the police,1.691355389077387e-16
all animals live,1.684850176042474e-16
animals live,1.684850176042474e-16
option is the,1.6740081543176188e-16
is because eating,1.6653345369377348e-16
because eating,1.6653345369377348e-16
the other options,1.6653345369377348e-16
information and,1.6653345369377348e-16
long,1.6609977282477928e-16
strategy,1.6566609195578508e-16
of accomplishment and,1.6523241108679088e-16
and accomplishment,1.6523241108679088e-16
accomplishment and,1.6523241108679088e-16
accomplishment and accomplishment,1.6523241108679088e-16
sense of accomplishment,1.6523241108679088e-16
she,1.6523241108679088e-16
outdo,1.6523241108679088e-16
as individuals,1.6523241108679088e-16
of accomplishment,1.6523241108679088e-16
equipment,1.6479873021779667e-16
enjoy,1.6420241902292965e-16
because bald eagles,1.6406689375136896e-16
bald eagles,1.6406689375136896e-16
desert,1.6406689375136896e-16
is because bald,1.6406689375136896e-16
the desert,1.6406689375136896e-16
eagles,1.6406689375136896e-16
found in the,1.6406689375136896e-16
in the desert,1.6406689375136896e-16
because bald,1.6406689375136896e-16
clothing,1.6306400674181987e-16
usually,1.6295558652457132e-16
necessary,1.6241348543832856e-16
because going,1.6162743886327657e-16
is because going,1.6162743886327657e-16
bird nest,1.6132928326584306e-16
nest,1.6132928326584306e-16
variety of,1.6132928326584306e-16
variety,1.6132928326584306e-16
safe and,1.6132928326584306e-16
position,1.6132928326584306e-16
is also,1.6132928326584306e-16
bird,1.6132928326584306e-16
which can lead,1.6089560239684886e-16
bacteria,1.6002824065886045e-16
people can find,1.5959455978986625e-16
often have maps,1.5959455978986625e-16
place on,1.5959455978986625e-16
up while,1.5959455978986625e-16
up while they,1.5959455978986625e-16
to look up,1.5959455978986625e-16
stations often,1.5959455978986625e-16
place on the,1.5959455978986625e-16
the road where,1.5959455978986625e-16
option is,1.5959455978986625e-16
stations often have,1.5959455978986625e-16
purchase maps,1.5959455978986625e-16
purchase maps making,1.5959455978986625e-16
road where people,1.5959455978986625e-16
road where,1.5959455978986625e-16
road gas stations,1.5959455978986625e-16
find and,1.5959455978986625e-16
find and purchase,1.5959455978986625e-16
road gas,1.5959455978986625e-16
going to bed,1.5959455978986625e-16
station is,1.5959455978986625e-16
and purchase,1.5959455978986625e-16
station is common,1.5959455978986625e-16
stations,1.5959455978986625e-16
the road gas,1.5959455978986625e-16
can find,1.5959455978986625e-16
bed,1.5959455978986625e-16
to bed with,1.5959455978986625e-16
to bed,1.5959455978986625e-16
common place on,1.5959455978986625e-16
they are driving,1.5959455978986625e-16
bed with,1.5959455978986625e-16
when person,1.5785983631388945e-16
because when person,1.5785983631388945e-16
therefore diving,1.5699247457590104e-16
to require,1.5699247457590104e-16
serious enough to,1.5699247457590104e-16
serious medical,1.5699247457590104e-16
that should be,1.5699247457590104e-16
that should,1.5699247457590104e-16
serious medical condition,1.5699247457590104e-16
to require hospitalization,1.5699247457590104e-16
rehabilitation,1.5699247457590104e-16
this risk,1.5699247457590104e-16
spinal injury,1.5699247457590104e-16
spinal injury due,1.5699247457590104e-16
risk even,1.5699247457590104e-16
this risk even,1.5699247457590104e-16
risk of experiencing,1.5699247457590104e-16
risk even higher,1.5699247457590104e-16
require hospitalization,1.5699247457590104e-16
require hospitalization and,1.5699247457590104e-16
safe for everyone,1.5699247457590104e-16
of experiencing,1.5699247457590104e-16
serious enough,1.5699247457590104e-16
result from diving,1.5699247457590104e-16
result from,1.5699247457590104e-16
pools they,1.5699247457590104e-16
pools they can,1.5699247457590104e-16
should be avoided,1.5699247457590104e-16
position additionally,1.5699247457590104e-16
position additionally backyard,1.5699247457590104e-16
risk activity,1.5699247457590104e-16
considered high,1.5699247457590104e-16
considered high risk,1.5699247457590104e-16
the user in,1.5699247457590104e-16
the user,1.5699247457590104e-16
risk activity that,1.5699247457590104e-16
to the high,1.5699247457590104e-16
therefore diving into,1.5699247457590104e-16
the risk of,1.5699247457590104e-16
pools is considered,1.5699247457590104e-16
pools can increase,1.5699247457590104e-16
of experiencing spinal,1.5699247457590104e-16
the maneuver,1.5699247457590104e-16
the high impact,1.5699247457590104e-16
the high,1.5699247457590104e-16
they can be,1.5699247457590104e-16
put the,1.5699247457590104e-16
the maneuver which,1.5699247457590104e-16
put the user,1.5699247457590104e-16
safe for,1.5699247457590104e-16
which can put,1.5699247457590104e-16
user in,1.5699247457590104e-16
vulnerable position additionally,1.5699247457590104e-16
vulnerable position,1.5699247457590104e-16
user in vulnerable,1.5699247457590104e-16
vulnerable,1.5699247457590104e-16
user,1.5699247457590104e-16
of the maneuver,1.5699247457590104e-16
options are less,1.5612511283791264e-16
toast,1.5612511283791264e-16
these options are,1.5612511283791264e-16
these options,1.5612511283791264e-16
bieifcase,1.5612511283791264e-16
options are,1.5612511283791264e-16
part of,1.5612511283791264e-16
james is experiencing,1.5525775109992423e-16
of emotional distress,1.5525775109992423e-16
distress,1.5525775109992423e-16
level of emotional,1.5525775109992423e-16
james is,1.5525775109992423e-16
emotional distress,1.5525775109992423e-16
of emotional,1.5525775109992423e-16
that james is,1.5525775109992423e-16
that james,1.5525775109992423e-16
death,1.5439038936193583e-16
are less,1.5439038936193583e-16
company,1.5439038936193583e-16
would,1.5439038936193583e-16
intense,1.5439038936193583e-16
officer is likely,1.5352302762394743e-16
the term,1.5352302762394743e-16
with,1.5265566588595902e-16
animals live in,1.5265566588595902e-16
procedures,1.5178830414797062e-16
or pain,1.5167988393072207e-16
hunger,1.5092094240998222e-16
possible answer as,1.5037884132373946e-16
not long term,1.5037884132373946e-16
not possible answer,1.5037884132373946e-16
possible answer,1.5037884132373946e-16
not long,1.5037884132373946e-16
is not long,1.5037884132373946e-16
answer as,1.5037884132373946e-16
effects of,1.5037884132373946e-16
answer as the,1.5037884132373946e-16
exhaustion,1.5037884132373946e-16
term effect,1.5037884132373946e-16
effects of riding,1.5037884132373946e-16
long term effect,1.5037884132373946e-16
work for,1.5005358067199381e-16
use,1.5005358067199381e-16
the meadow,1.5002647561768168e-16
is not characteristic,1.4983674023749671e-16
not characteristic of,1.4983674023749671e-16
not characteristic,1.4983674023749671e-16
engage in,1.491862189340054e-16
engage,1.491862189340054e-16
the question the,1.487525380650112e-16
commonly,1.487525380650112e-16
question the,1.487525380650112e-16
activity that,1.48318857196017e-16
the design,1.470178145890344e-16
design,1.470178145890344e-16
older buildings,1.470178145890344e-16
mutilation,1.465841337200402e-16
self mutilation,1.465841337200402e-16
the pain,1.4625887306829455e-16
obesity,1.4625887306829455e-16
or feelings that,1.4625887306829455e-16
the pain of,1.4625887306829455e-16
obesity is,1.4625887306829455e-16
the water helps,1.4625887306829455e-16
or feelings,1.4625887306829455e-16
or unease the,1.4625887306829455e-16
water helps to,1.4625887306829455e-16
people often feel,1.4625887306829455e-16
pleasant,1.4625887306829455e-16
that people commonly,1.4625887306829455e-16
pain of,1.4625887306829455e-16
shower as,1.4625887306829455e-16
people may feel,1.4625887306829455e-16
shower as the,1.4625887306829455e-16
commonly experience during,1.4625887306829455e-16
shower obesity,1.4625887306829455e-16
often feel pleasant,1.4625887306829455e-16
to wash away,1.4625887306829455e-16
to wash,1.4625887306829455e-16
shower obesity is,1.4625887306829455e-16
often feel,1.4625887306829455e-16
water helps,1.4625887306829455e-16
or unease,1.4625887306829455e-16
wash,1.4625887306829455e-16
unease,1.4625887306829455e-16
commonly experience,1.4625887306829455e-16
the word dirty,1.4625887306829455e-16
of the bedroom,1.4625887306829455e-16
sex and it,1.4625887306829455e-16
to shower obesity,1.4625887306829455e-16
people commonly experience,1.4625887306829455e-16
people commonly,1.4625887306829455e-16
pain of sex,1.4625887306829455e-16
wash away any,1.4625887306829455e-16
of sex,1.4625887306829455e-16
obesity is not,1.4625887306829455e-16
of sex itself,1.4625887306829455e-16
that people may,1.4625887306829455e-16
or the pain,1.4625887306829455e-16
wash away,1.4625887306829455e-16
word dirty,1.4625887306829455e-16
to shower as,1.4625887306829455e-16
unease the other,1.4625887306829455e-16
unease the,1.4625887306829455e-16
the bedroom,1.4625887306829455e-16
the bedroom or,1.4625887306829455e-16
sex itself,1.4625887306829455e-16
sex itself the,1.4625887306829455e-16
word dirty is,1.4625887306829455e-16
or calm,1.4625887306829455e-16
pleasant or calm,1.4625887306829455e-16
or calm after,1.4625887306829455e-16
the emotions or,1.4625887306829455e-16
pleasant or,1.4625887306829455e-16
found in,1.452830911130576e-16
tools,1.448494102440634e-16
continent,1.43982048506075e-16
sally,1.43982048506075e-16
responsible,1.43982048506075e-16
what would,1.4354836763708079e-16
officer is,1.4289784633358948e-16
is because police,1.4289784633358948e-16
because police,1.4289784633358948e-16
police officer is,1.4289784633358948e-16
likely to work,1.4289784633358948e-16
because police officer,1.4289784633358948e-16
to work for,1.4289784633358948e-16
james who,1.4246416546459528e-16
people often,1.4224732503009818e-16
is about to,1.4224732503009818e-16
suggests that the,1.4224732503009818e-16
is about,1.4224732503009818e-16
could,1.4224732503009818e-16
the committee,1.4224732503009818e-16
bedroom,1.4181364416110398e-16
line,1.4137996329210978e-16
question asks about,1.4137996329210978e-16
can put,1.4137996329210978e-16
higher,1.4137996329210978e-16
is common place,1.4094628242311558e-16
common place,1.4094628242311558e-16
is typically,1.4051260155412137e-16
if you,1.4051260155412137e-16
estate,1.4018734090237572e-16
dinner,1.3964523981613297e-16
situation,1.3877787807814457e-16
service to,1.3845261742639892e-16
where people may,1.3812735677465326e-16
suspect you,1.3812735677465326e-16
the person pretending,1.3812735677465326e-16
may be using,1.3812735677465326e-16
of being deceitful,1.3812735677465326e-16
playing is not,1.3812735677465326e-16
and playing,1.3812735677465326e-16
people may suspect,1.3812735677465326e-16
suspect you of,1.3812735677465326e-16
suspect,1.3812735677465326e-16
person pretending to,1.3812735677465326e-16
would happen,1.3812735677465326e-16
outcome misunderstanding,1.3812735677465326e-16
outcome misunderstanding is,1.3812735677465326e-16
would happen in,1.3812735677465326e-16
be an,1.3812735677465326e-16
police department or,1.3812735677465326e-16
using false or,1.3812735677465326e-16
for getting,1.3812735677465326e-16
playing is,1.3812735677465326e-16
using false,1.3812735677465326e-16
or misleading,1.3812735677465326e-16
person pretending,1.3812735677465326e-16
officer the,1.3812735677465326e-16
strategy for,1.3812735677465326e-16
officer the other,1.3812735677465326e-16
to be an,1.3812735677465326e-16
what would happen,1.3812735677465326e-16
not strategy for,1.3812735677465326e-16
situation where people,1.3812735677465326e-16
you are creating,1.3812735677465326e-16
you of,1.3812735677465326e-16
not strategy,1.3812735677465326e-16
you of being,1.3812735677465326e-16
you may be,1.3812735677465326e-16
you may,1.3812735677465326e-16
or the person,1.3812735677465326e-16
or misleading information,1.3812735677465326e-16
strategy for getting,1.3812735677465326e-16
outcome and,1.3747683547116196e-16
look,1.3704315460216776e-16
wide,1.3704315460216776e-16
medical imaging,1.3617579286417936e-16
imaging,1.3617579286417936e-16
in medical,1.3617579286417936e-16
applies,1.3530843112619095e-16
applies to,1.3530843112619095e-16
applies to the,1.3530843112619095e-16
that applies,1.3530843112619095e-16
that applies to,1.3530843112619095e-16
includes,1.3444106938820255e-16
the water,1.3357370765021415e-16
committee,1.3357370765021415e-16
academic tasks,1.3357370765021415e-16
providing,1.3270634591222574e-16
body does,1.3270634591222574e-16
direct,1.3227266504323154e-16
accessible,1.3183898417423734e-16
sports stadium,1.318118791199252e-16
usually found,1.318118791199252e-16
usually found at,1.318118791199252e-16
effects,1.3140530330524314e-16
feelings,1.3129688308799459e-16
involved in,1.3118846287074604e-16
the physical,1.3118846287074604e-16
to the physical,1.3118846287074604e-16
level of,1.3097162243624894e-16
level,1.3097162243624894e-16
items,1.3097162243624894e-16
stadium,1.3010426069826053e-16
pools can lead,1.2983321015513916e-16
to serious head,1.2983321015513916e-16
serious head and,1.2983321015513916e-16
skin,1.2858637765678083e-16
loose skin,1.2858637765678083e-16
someone who is,1.2858637765678083e-16
loose,1.2858637765678083e-16
not specific outcome,1.2858637765678083e-16
in this,1.2836953722228372e-16
guests,1.2836953722228372e-16
not accurately describe,1.2836953722228372e-16
accurately describe,1.2836953722228372e-16
sports,1.2750217548429532e-16
learning,1.2663481374630692e-16
messy,1.2576745200831851e-16
of work,1.2533377113932431e-16
directly related to,1.2533377113932431e-16
directly related,1.2533377113932431e-16
this is not,1.251169307048272e-16
to maintain,1.249000902703301e-16
in the context,1.240327285323417e-16
and lows,1.231653667943533e-16
or in,1.231653667943533e-16
is described,1.231653667943533e-16
he is,1.231653667943533e-16
which suggests,1.231653667943533e-16
that he is,1.231653667943533e-16
highs and lows,1.231653667943533e-16
which suggests that,1.231653667943533e-16
storing,1.2267747581673483e-16
fan is,1.222980050563649e-16
answer to,1.218643241873707e-16
answer to the,1.218643241873707e-16
getting full,1.218643241873707e-16
desire,1.218643241873707e-16
other options,1.214306433183765e-16
the option,1.214306433183765e-16
out,1.214306433183765e-16
each other,1.214306433183765e-16
someone who,1.209969624493823e-16
which is,1.2084788465066554e-16
that is safe,1.205632815803881e-16
in place,1.205632815803881e-16
in place that,1.205632815803881e-16
eating can,1.205632815803881e-16
with their,1.205632815803881e-16
own,1.205632815803881e-16
is safe,1.205632815803881e-16
is safe and,1.205632815803881e-16
highs,1.205632815803881e-16
place that,1.205632815803881e-16
highs and,1.205632815803881e-16
place that is,1.205632815803881e-16
is because fan,1.201296007113939e-16
because fan is,1.201296007113939e-16
because fan,1.201296007113939e-16
potential for,1.201296007113939e-16
the potential for,1.201296007113939e-16
age,1.196959198423997e-16
all animals,1.1882855810441129e-16
tools and equipment,1.1796119636642288e-16
and equipment,1.1796119636642288e-16
carry,1.1796119636642288e-16
tools and,1.1796119636642288e-16
and antarctica is,1.1709383462843448e-16
and antarctica,1.1709383462843448e-16
clothing store,1.1709383462843448e-16
because people typically,1.1687699419393738e-16
people typically,1.1687699419393738e-16
what,1.1676857397668883e-16
not specify,1.1666015375944028e-16
does not specify,1.1666015375944028e-16
specify,1.1666015375944028e-16
cup of,1.1644331332494318e-16
shop,1.1644331332494318e-16
cup,1.1644331332494318e-16
cup of coffee,1.1644331332494318e-16
shop is,1.1644331332494318e-16
coffee shop,1.1644331332494318e-16
coffee shop is,1.1644331332494318e-16
of coffee,1.1644331332494318e-16
jogging,1.1622647289044608e-16
physical,1.1622647289044608e-16
answer because it,1.1622647289044608e-16
people is,1.1535911115245767e-16
people is not,1.1535911115245767e-16
dog would likely,1.1492543028346347e-16
the dog,1.1492543028346347e-16
dog to,1.1492543028346347e-16
the dog to,1.1492543028346347e-16
cause the dog,1.1492543028346347e-16
castles,1.1449174941446927e-16
that is,1.1449174941446927e-16
their own,1.1449174941446927e-16
might,1.1449174941446927e-16
room,1.1449174941446927e-16
effort involved in,1.1405806854547507e-16
time,1.1405806854547507e-16
effort involved,1.1405806854547507e-16
the physical and,1.1405806854547507e-16
and mental effort,1.1405806854547507e-16
mental effort involved,1.1405806854547507e-16
mental effort,1.1405806854547507e-16
competing,1.1319070680748666e-16
group and,1.1319070680748666e-16
put,1.1275702593849246e-16
be using,1.1275702593849246e-16
annoyed,1.1275702593849246e-16
if sally,1.126486057212439e-16
when person is,1.1232334506949826e-16
them physical,1.1232334506949826e-16
person is using,1.1232334506949826e-16
power consumption and,1.1232334506949826e-16
using computer to,1.1232334506949826e-16
consumption,1.1232334506949826e-16
consumption and,1.1232334506949826e-16
consumption and the,1.1232334506949826e-16
to cause eye,1.1232334506949826e-16
to cause,1.1232334506949826e-16
their granddaughter the,1.1232334506949826e-16
which can manifest,1.1232334506949826e-16
power consumption,1.1232334506949826e-16
other health issues,1.1232334506949826e-16
potential for the,1.1232334506949826e-16
strain which can,1.1232334506949826e-16
to the computer,1.1232334506949826e-16
talk to their,1.1232334506949826e-16
strain which,1.1232334506949826e-16
increase,1.1232334506949826e-16
or strain,1.1232334506949826e-16
their granddaughter,1.1232334506949826e-16
power,1.1232334506949826e-16
the computer might,1.1232334506949826e-16
the computer power,1.1232334506949826e-16
the computer to,1.1232334506949826e-16
strain or other,1.1232334506949826e-16
to their granddaughter,1.1232334506949826e-16
strain or,1.1232334506949826e-16
them physical discomfort,1.1232334506949826e-16
or strain which,1.1232334506949826e-16
playing,1.1210650463500116e-16
fan,1.1102230246251565e-16
best,1.1102230246251565e-16
the best,1.1102230246251565e-16
question does not,1.1058862159352145e-16
question does,1.1058862159352145e-16
the question does,1.1058862159352145e-16
for someone,1.1015494072452725e-16
frustration,1.1015494072452725e-16
left,1.0972125985553305e-16
left on the,1.0972125985553305e-16
left on,1.0972125985553305e-16
be left,1.0972125985553305e-16
would be left,1.0972125985553305e-16
situation where,1.0972125985553305e-16
be left on,1.0972125985553305e-16
location where,1.0945020931241167e-16
of going to,1.0928757898653885e-16
typically associated,1.0928757898653885e-16
of going,1.0928757898653885e-16
act of going,1.0928757898653885e-16
typically associated with,1.0928757898653885e-16
spouse,1.0928757898653885e-16
directly,1.0928757898653885e-16
condition that,1.0842021724855044e-16
condition that can,1.0842021724855044e-16
computer,1.0842021724855044e-16
the emotions,1.0798653637955624e-16
describe the emotions,1.0798653637955624e-16
and understanding,1.0793232627093197e-16
you might enjoy,1.0771548583643487e-16
stories when,1.0771548583643487e-16
stories when you,1.0771548583643487e-16
there is no,1.0755285551056204e-16
is no toast,1.0755285551056204e-16
and there is,1.0755285551056204e-16
therefore the most,1.0755285551056204e-16
it up,1.0755285551056204e-16
no toast,1.0755285551056204e-16
egg,1.0755285551056204e-16
toast to,1.0755285551056204e-16
toast to sop,1.0755285551056204e-16
and there,1.0755285551056204e-16
is no,1.0755285551056204e-16
no,1.0755285551056204e-16
no toast to,1.0755285551056204e-16
sop,1.0755285551056204e-16
runny,1.0755285551056204e-16
runny and,1.0755285551056204e-16
sop it,1.0755285551056204e-16
is runny,1.0755285551056204e-16
is runny and,1.0755285551056204e-16
runny and there,1.0755285551056204e-16
sop it up,1.0755285551056204e-16
to sop,1.0755285551056204e-16
to sop it,1.0755285551056204e-16
runner is,1.0744443529331349e-16
health issues,1.0728180496744066e-16
stored,1.0711917464156784e-16
in an,1.0711917464156784e-16
that he,1.0668549377257364e-16
to make,1.0625181290357943e-16
rest,1.0625181290357943e-16
is not relevant,1.0581813203458523e-16
is responsible,1.0581813203458523e-16
maintain,1.0581813203458523e-16
not relevant,1.0581813203458523e-16
relevant,1.0581813203458523e-16
learn,1.0560129160008813e-16
learn from,1.0560129160008813e-16
talk to each,1.0560129160008813e-16
because having,1.0538445116559103e-16
because having disability,1.0538445116559103e-16
academic tasks difficult,1.0538445116559103e-16
is because having,1.0538445116559103e-16
tasks difficult,1.0538445116559103e-16
tasks difficult for,1.0538445116559103e-16
difficult for person,1.0538445116559103e-16
not specific location,1.0495077029659683e-16
substantial,1.0495077029659683e-16
provided,1.0495077029659683e-16
you might,1.0495077029659683e-16
information,1.0473392986209973e-16
child,1.0408340855860843e-16
typically carry wide,1.0234868508263162e-16
wide variety,1.0234868508263162e-16
additionally hardware stores,1.0234868508263162e-16
wide variety of,1.0234868508263162e-16
hardware store,1.0234868508263162e-16
typically carry,1.0234868508263162e-16
carry wide variety,1.0234868508263162e-16
carry wide,1.0234868508263162e-16
additionally hardware,1.0234868508263162e-16
the necessary,1.0234868508263162e-16
because if sally,1.0213184464813452e-16
store is,1.0191500421363742e-16
traffic,1.0191500421363742e-16
asks about the,1.0191500421363742e-16
direct traffic,1.0191500421363742e-16
will be getting,1.0153553345326749e-16
your body does,1.0153553345326749e-16
part of living,1.0153553345326749e-16
of living but,1.0153553345326749e-16
use it,1.0153553345326749e-16
use it all,1.0153553345326749e-16
of living,1.0153553345326749e-16
and mental,1.0148132334464322e-16
physical and,1.0148132334464322e-16
physical and mental,1.0148132334464322e-16
work for direct,1.0107474752996115e-16
traffic officer,1.0107474752996115e-16
common practice,1.0104764247564901e-16
therefore the correct,1.0104764247564901e-16
practice,1.0104764247564901e-16
is common practice,1.0104764247564901e-16
is possible that,1.0061396160665481e-16
for use,1.0018028073766061e-16
correct answer is,9.974659986866641e-17
could also be,9.952975943416931e-17
could also,9.952975943416931e-17
through an ray,9.93129189996722e-17
going through an,9.93129189996722e-17
many,9.93129189996722e-17
going through,9.93129189996722e-17
competitive,9.93129189996722e-17
bieifcase is,9.93129189996722e-17
in medical imaging,9.93129189996722e-17
to buy,9.8879238130678e-17
of police,9.8879238130678e-17
place to buy,9.8879238130678e-17
experience,9.84455572616838e-17
secure,9.80118763926896e-17
goal is to,9.80118763926896e-17
well,9.80118763926896e-17
crime,9.80118763926896e-17
hand,9.80118763926896e-17
the day,9.80118763926896e-17
however the,9.75781955236954e-17
pools is not,9.71445146547012e-17
of backyard,9.71445146547012e-17
into backyard pool,9.71445146547012e-17
is not risk,9.71445146547012e-17
the risks,9.71445146547012e-17
risks,9.71445146547012e-17
trip over,9.71445146547012e-17
the risks of,9.71445146547012e-17
of backyard pools,9.71445146547012e-17
to trip,9.71445146547012e-17
to trip over,9.71445146547012e-17
the correct,9.71445146547012e-17
risks of,9.71445146547012e-17
the correct answer,9.71445146547012e-17
backyard pool,9.71445146547012e-17
pool,9.71445146547012e-17
reach second place,9.71445146547012e-17
is what happens,9.71445146547012e-17
about to trip,9.71445146547012e-17
not risk,9.71445146547012e-17
second place,9.71445146547012e-17
navigate,9.627715291671279e-17
losing,9.627715291671279e-17
the potential,9.627715291671279e-17
that she,9.562663161322149e-17
describe,9.475926987523309e-17
is not correct,9.454242944073599e-17
correct answer because,9.454242944073599e-17
not correct answer,9.454242944073599e-17
not correct,9.454242944073599e-17
sleepiness,9.454242944073599e-17
responsibility,9.410874857174178e-17
or writing,9.410874857174178e-17
responsible to provide,9.410874857174178e-17
traveling to,9.410874857174178e-17
tasks of,9.410874857174178e-17
responsible to,9.410874857174178e-17
to chicago getting,9.410874857174178e-17
company this,9.410874857174178e-17
problems while,9.410874857174178e-17
work would have,9.410874857174178e-17
problems while it,9.410874857174178e-17
work would,9.410874857174178e-17
company this is,9.410874857174178e-17
tasks of salesperson,9.410874857174178e-17
to provide service,9.410874857174178e-17
responsibility that salesperson,9.410874857174178e-17
to their customers,9.410874857174178e-17
which includes helping,9.410874857174178e-17
which includes,9.410874857174178e-17
to the tasks,9.410874857174178e-17
provide service to,9.410874857174178e-17
provide service,9.410874857174178e-17
with their needs,9.410874857174178e-17
responsibility that,9.410874857174178e-17
work additionally,9.410874857174178e-17
or writing books,9.410874857174178e-17
specific responsibility that,9.410874857174178e-17
specific responsibility,9.410874857174178e-17
needs and,9.410874857174178e-17
work additionally while,9.410874857174178e-17
not specific responsibility,9.410874857174178e-17
that salesperson at,9.410874857174178e-17
their customers which,9.410874857174178e-17
them with,9.410874857174178e-17
them with their,9.410874857174178e-17
their needs and,9.410874857174178e-17
of salesperson,9.410874857174178e-17
writing books,9.410874857174178e-17
traveling to chicago,9.410874857174178e-17
their customers,9.410874857174178e-17
service to their,9.410874857174178e-17
would have,9.410874857174178e-17
that salesperson,9.410874857174178e-17
would have therefore,9.410874857174178e-17
service company this,9.410874857174178e-17
the tasks,9.410874857174178e-17
the tasks of,9.410874857174178e-17
service company,9.410874857174178e-17
writing books these,9.410874857174178e-17
to chicago,9.410874857174178e-17
their needs,9.410874857174178e-17
salesman is responsible,9.410874857174178e-17
of salesperson at,9.410874857174178e-17
salesman is,9.410874857174178e-17
salesman could have,9.410874857174178e-17
salesman could also,9.410874857174178e-17
possible that,9.367506770274758e-17
through an,9.367506770274758e-17
you would be,9.356664748549903e-17
because you would,9.356664748549903e-17
place or in,9.324138683375338e-17
related health,9.324138683375338e-17
for many people,9.324138683375338e-17
place or,9.324138683375338e-17
the options provided,9.324138683375338e-17
performed in public,9.324138683375338e-17
plausible reason for,9.324138683375338e-17
of an infection,9.324138683375338e-17
related health and,9.324138683375338e-17
performed in,9.324138683375338e-17
was performed in,9.324138683375338e-17
of the sex,9.324138683375338e-17
plausible reason,9.324138683375338e-17
pain during sex,9.324138683375338e-17
to alleviate these,9.324138683375338e-17
many people,9.324138683375338e-17
there is risk,9.324138683375338e-17
way to alleviate,9.324138683375338e-17
for many,9.324138683375338e-17
public place or,9.324138683375338e-17
routine,9.324138683375338e-17
routine for,9.324138683375338e-17
of transmission,9.324138683375338e-17
routine for many,9.324138683375338e-17
making it the,9.324138683375338e-17
or pain during,9.324138683375338e-17
of transmission of,9.324138683375338e-17
pain during,9.324138683375338e-17
performed,9.324138683375338e-17
sex and showering,9.324138683375338e-17
options provided,9.324138683375338e-17
sex related,9.324138683375338e-17
transmission of,9.324138683375338e-17
sex was,9.324138683375338e-17
these feelings especially,9.324138683375338e-17
sex was performed,9.324138683375338e-17
the sex related,9.324138683375338e-17
people making,9.324138683375338e-17
these feelings,9.324138683375338e-17
the sex was,9.324138683375338e-17
showering is necessary,9.324138683375338e-17
transmission,9.324138683375338e-17
people often experience,9.324138683375338e-17
was performed,9.324138683375338e-17
showering is common,9.324138683375338e-17
often experience,9.324138683375338e-17
or in location,9.324138683375338e-17
sex related health,9.324138683375338e-17
often experience physical,9.324138683375338e-17
choice among,9.324138683375338e-17
transmission of an,9.324138683375338e-17
risk of transmission,9.324138683375338e-17
choice among the,9.324138683375338e-17
people making it,9.324138683375338e-17
not be,9.25366554216378e-17
them practical choice,9.237402509576498e-17
their rods,9.237402509576498e-17
store hardware,9.237402509576498e-17
safe and easily,9.237402509576498e-17
choice for storing,9.237402509576498e-17
trip additionally,9.237402509576498e-17
when fisherman is,9.237402509576498e-17
store hardware stores,9.237402509576498e-17
variety of fishing,9.237402509576498e-17
them practical,9.237402509576498e-17
use them,9.237402509576498e-17
for storing,9.237402509576498e-17
to store their,9.237402509576498e-17
the duration of,9.237402509576498e-17
of fishing,9.237402509576498e-17
typically have,9.237402509576498e-17
of the trip,9.237402509576498e-17
of fishing equipment,9.237402509576498e-17
wants,9.237402509576498e-17
storing rods during,9.237402509576498e-17
when fisherman,9.237402509576498e-17
the fisherman wants,9.237402509576498e-17
the fisherman,9.237402509576498e-17
such as hardware,9.237402509576498e-17
to maintain and,9.237402509576498e-17
typically have the,9.237402509576498e-17
storing rods,9.237402509576498e-17
store rods,9.237402509576498e-17
stores typically have,9.237402509576498e-17
stores typically carry,9.237402509576498e-17
time the,9.237402509576498e-17
store their rods,9.237402509576498e-17
store their,9.237402509576498e-17
store rods properly,9.237402509576498e-17
their rods in,9.237402509576498e-17
practical choice for,9.237402509576498e-17
the duration,9.237402509576498e-17
to use,9.237402509576498e-17
feeling,9.237402509576498e-17
rods in place,9.237402509576498e-17
rods in,9.237402509576498e-17
rods during fishing,9.237402509576498e-17
the necessary tools,9.237402509576498e-17
they need to,9.237402509576498e-17
they need,9.237402509576498e-17
rods during,9.237402509576498e-17
trip additionally hardware,9.237402509576498e-17
trip they need,9.237402509576498e-17
properly ensuring they,9.237402509576498e-17
trip they,9.237402509576498e-17
trip such as,9.237402509576498e-17
trip such,9.237402509576498e-17
wants to use,9.237402509576498e-17
properly ensuring,9.237402509576498e-17
the trip such,9.237402509576498e-17
properly,9.237402509576498e-17
the trip,9.237402509576498e-17
rods properly,9.237402509576498e-17
the next time,9.237402509576498e-17
they are easily,9.237402509576498e-17
rods properly ensuring,9.237402509576498e-17
on fishing trip,9.237402509576498e-17
time the fisherman,9.237402509576498e-17
on fishing,9.237402509576498e-17
to use them,9.237402509576498e-17
wants to,9.237402509576498e-17
avoided,9.194034422677078e-17
be avoided,9.194034422677078e-17
of their,9.194034422677078e-17
can increase,9.194034422677078e-17
the difficulty in,9.107298248878237e-17
the academic environment,9.107298248878237e-17
to academic,9.107298248878237e-17
the academic world,9.107298248878237e-17
participate in the,9.107298248878237e-17
makes,9.107298248878237e-17
process as result,9.107298248878237e-17
process as,9.107298248878237e-17
often makes academic,9.107298248878237e-17
the difficulty,9.107298248878237e-17
person due to,9.107298248878237e-17
students with,9.107298248878237e-17
students with disabilities,9.107298248878237e-17
often requires accommodations,9.107298248878237e-17
person due,9.107298248878237e-17
requires accommodations and,9.107298248878237e-17
the academic community,9.107298248878237e-17
person with disability,9.107298248878237e-17
often requires,9.107298248878237e-17
community leading to,9.107298248878237e-17
result it,9.107298248878237e-17
participate,9.107298248878237e-17
the learning process,9.107298248878237e-17
makes academic,9.107298248878237e-17
understanding in,9.107298248878237e-17
understanding in the,9.107298248878237e-17
result it can,9.107298248878237e-17
with disability to,9.107298248878237e-17
with disability,9.107298248878237e-17
with disabilities to,9.107298248878237e-17
often makes,9.107298248878237e-17
with disabilities,9.107298248878237e-17
to the difficulty,9.107298248878237e-17
which often,9.107298248878237e-17
reason for having,9.107298248878237e-17
to academic difficulties,9.107298248878237e-17
which often requires,9.107298248878237e-17
requires accommodations,9.107298248878237e-17
community leading,9.107298248878237e-17
to participate in,9.107298248878237e-17
to participate,9.107298248878237e-17
the learning,9.107298248878237e-17
makes academic tasks,9.107298248878237e-17
participate in,9.107298248878237e-17
to gain acceptance,9.107298248878237e-17
to buy farmland,9.020562075079397e-17
need to,8.998878031629687e-17
answer the question,8.933825901280557e-17
traveling,8.879615792656281e-17
as they,8.847089727481716e-17
their own house,8.844379222050502e-17
to earn their,8.844379222050502e-17
to find map,8.836247705756861e-17
additionally while,8.803721640582296e-17
is not place,8.716985466783456e-17
safety,8.673617379884035e-17
airport,8.673617379884035e-17
luggage,8.673617379884035e-17
painful,8.634315051131436e-17
painful after,8.634315051131436e-17
painful after having,8.634315051131436e-17
people typically feel,8.634315051131436e-17
typically feel painful,8.634315051131436e-17
typically feel,8.634315051131436e-17
of farms,8.630249292984615e-17
of farms and,8.630249292984615e-17
that could,8.630249292984615e-17
that could be,8.630249292984615e-17
suitable for,8.630249292984615e-17
resources making it,8.630249292984615e-17
not provide suitable,8.630249292984615e-17
number of farms,8.630249292984615e-17
significant number,8.630249292984615e-17
significant number of,8.630249292984615e-17
not specific region,8.630249292984615e-17
properties that,8.630249292984615e-17
properties that could,8.630249292984615e-17
specific location and,8.630249292984615e-17
specific region,8.630249292984615e-17
specific region and,8.630249292984615e-17
suitable for james,8.630249292984615e-17
resources making,8.630249292984615e-17
provide suitable answer,8.630249292984615e-17
properties,8.630249292984615e-17
suitable answer,8.630249292984615e-17
region and countryside,8.630249292984615e-17
suitable answer for,8.630249292984615e-17
who,8.630249292984615e-17
region and,8.630249292984615e-17
who is looking,8.630249292984615e-17
setting up home,8.527250086598492e-17
setting up,8.527250086598492e-17
make new,8.527250086598492e-17
to set,8.527250086598492e-17
make new friends,8.527250086598492e-17
set up,8.527250086598492e-17
new people,8.527250086598492e-17
to set up,8.527250086598492e-17
new friends,8.527250086598492e-17
cheese,8.456776945386935e-17
indigestion,8.456776945386935e-17
still,8.435092901937224e-17
which is typically,8.413408858487514e-17
such an,8.391724815037804e-17
machine is typically,8.370040771588094e-17
individual,8.370040771588094e-17
such as the,8.370040771588094e-17
machine is,8.370040771588094e-17
the individual,8.370040771588094e-17
hostess,8.370040771588094e-17
the hostess,8.370040771588094e-17
used in medical,8.370040771588094e-17
ray machine is,8.370040771588094e-17
enough,8.326672684688674e-17
feel sense,8.261620554339544e-17
feel sense of,8.261620554339544e-17
sense of disappointment,8.261620554339544e-17
also experiencing,8.261620554339544e-17
but also,8.261620554339544e-17
to the competitive,8.261620554339544e-17
or outdo others,8.261620554339544e-17
response to loss,8.261620554339544e-17
may feel sense,8.261620554339544e-17
to outdo or,8.261620554339544e-17
to outdo,8.261620554339544e-17
to loss this,8.261620554339544e-17
strive,8.261620554339544e-17
strive to,8.261620554339544e-17
strive to outdo,8.261620554339544e-17
while also experiencing,8.261620554339544e-17
while also,8.261620554339544e-17
to emerge this,8.261620554339544e-17
to emerge,8.261620554339544e-17
of disappointment and,8.261620554339544e-17
of disappointment,8.261620554339544e-17
or outdo,8.261620554339544e-17
the competitive nature,8.261620554339544e-17
others while,8.261620554339544e-17
outdo or outdo,8.261620554339544e-17
the game,8.261620554339544e-17
the game and,8.261620554339544e-17
outdo others,8.261620554339544e-17
of the game,8.261620554339544e-17
pressure atmosphere to,8.261620554339544e-17
competitive nature of,8.261620554339544e-17
outdo or,8.261620554339544e-17
competing can cause,8.261620554339544e-17
outdo others while,8.261620554339544e-17
disappointment and,8.261620554339544e-17
potential for high,8.261620554339544e-17
the competitive,8.261620554339544e-17
pressure atmosphere,8.261620554339544e-17
competitive nature,8.261620554339544e-17
others while also,8.261620554339544e-17
word,8.239936510889834e-17
solution,8.239936510889834e-17
solution to,8.239936510889834e-17
the word,8.239936510889834e-17
state,8.153200337090993e-17
likely place,8.153200337090993e-17
lows,8.153200337090993e-17
some,8.153200337090993e-17
large satchel,8.153200337090993e-17
satchel,8.153200337090993e-17
place and,8.066464163292153e-17
runner is about,8.066464163292153e-17
in providing,8.044780119842443e-17
president,8.044780119842443e-17
considered,8.023096076392733e-17
coli,8.001412032943023e-17
to the presence,8.001412032943023e-17
contaminated with,8.001412032943023e-17
contaminated with these,8.001412032943023e-17
or salmonella,8.001412032943023e-17
with these bacteria,8.001412032943023e-17
to the bacteria,8.001412032943023e-17
which can result,8.001412032943023e-17
raw,8.001412032943023e-17
raw or undercooked,8.001412032943023e-17
coli or salmonella,8.001412032943023e-17
raw or,8.001412032943023e-17
these bacteria,8.001412032943023e-17
with these,8.001412032943023e-17
or undercooked meat,8.001412032943023e-17
coli or,8.001412032943023e-17
to food,8.001412032943023e-17
presence of raw,8.001412032943023e-17
poisoning which can,8.001412032943023e-17
to food poisoning,8.001412032943023e-17
poisoning,8.001412032943023e-17
or undercooked,8.001412032943023e-17
salmonella,8.001412032943023e-17
salmonella this,8.001412032943023e-17
salmonella this is,8.001412032943023e-17
the bacteria coli,8.001412032943023e-17
undercooked,8.001412032943023e-17
the bacteria,8.001412032943023e-17
undercooked meat,8.001412032943023e-17
undercooked meat which,8.001412032943023e-17
poisoning which,8.001412032943023e-17
contaminated,8.001412032943023e-17
of raw or,8.001412032943023e-17
of raw,8.001412032943023e-17
or salmonella this,8.001412032943023e-17
the conception of,7.979727989493313e-17
conception of child,7.979727989493313e-17
spouse for sex,7.979727989493313e-17
the conception,7.979727989493313e-17
to the conception,7.979727989493313e-17
conception of,7.979727989493313e-17
conception,7.979727989493313e-17
your spouse,7.979727989493313e-17
bed with your,7.979727989493313e-17
an activity,7.979727989493313e-17
with your spouse,7.979727989493313e-17
for sex,7.979727989493313e-17
of child,7.979727989493313e-17
spouse for,7.979727989493313e-17
be found in,7.958043946043603e-17
known for its,7.936359902593892e-17
for its,7.936359902593892e-17
the result,7.925517880869037e-17
similarly,7.892991815694472e-17
exertion,7.849623728795052e-17
physical exertion,7.849623728795052e-17
at work,7.834715948923376e-17
your own,7.817097663620487e-17
your own house,7.817097663620487e-17
in new town,7.817097663620487e-17
new town,7.817097663620487e-17
in your,7.817097663620487e-17
own house can,7.817097663620487e-17
town,7.817097663620487e-17
common concern,7.806255641895632e-17
eating breakfast,7.806255641895632e-17
common concern for,7.806255641895632e-17
eating breakfast is,7.806255641895632e-17
because they,7.806255641895632e-17
because they do,7.806255641895632e-17
is common concern,7.806255641895632e-17
and self,7.784571598445922e-17
guidance,7.784571598445922e-17
as form of,7.773729576721067e-17
as form,7.773729576721067e-17
troubled,7.762887554996212e-17
troubled and fearful,7.762887554996212e-17
committed murder is,7.762887554996212e-17
committed murder,7.762887554996212e-17
troubled and,7.762887554996212e-17
were morally,7.762887554996212e-17
were morally reprehensible,7.762887554996212e-17
committed,7.762887554996212e-17
even though,7.762887554996212e-17
the level of,7.762887554996212e-17
reprehensible the,7.762887554996212e-17
relevant to,7.762887554996212e-17
the level,7.762887554996212e-17
or pain the,7.762887554996212e-17
relevant to james,7.762887554996212e-17
some level of,7.762887554996212e-17
though,7.762887554996212e-17
reprehensible,7.762887554996212e-17
option prosecution,7.762887554996212e-17
reprehensible the other,7.762887554996212e-17
option prosecution is,7.762887554996212e-17
it implies,7.762887554996212e-17
positive emotions such,7.762887554996212e-17
it implies that,7.762887554996212e-17
not relevant to,7.762887554996212e-17
some level,7.762887554996212e-17
result in,7.762887554996212e-17
positive emotions,7.762887554996212e-17
well because,7.762887554996212e-17
well because they,7.762887554996212e-17
the option prosecution,7.762887554996212e-17
though his,7.762887554996212e-17
though his actions,7.762887554996212e-17
the option happiness,7.762887554996212e-17
suggests that he,7.762887554996212e-17
similarly the option,7.762887554996212e-17
such as happiness,7.762887554996212e-17
pain the,7.762887554996212e-17
pain the option,7.762887554996212e-17
similarly the,7.762887554996212e-17
option happiness,7.762887554996212e-17
prosecution,7.762887554996212e-17
prosecution is,7.762887554996212e-17
option happiness is,7.762887554996212e-17
prosecution is not,7.762887554996212e-17
who committed,7.762887554996212e-17
who committed murder,7.762887554996212e-17
the most fitting,7.762887554996212e-17
to james,7.762887554996212e-17
road is at,7.741203511546502e-17
road is,7.741203511546502e-17
the road is,7.741203511546502e-17
find map,7.741203511546502e-17
is at,7.741203511546502e-17
of eating,7.719519468096792e-17
it would,7.676151381197371e-17
enjoy cup,7.665309359472516e-17
you can,7.665309359472516e-17
where you can,7.665309359472516e-17
place where you,7.665309359472516e-17
enjoy cup of,7.665309359472516e-17
capture the,7.632783294297951e-17
not capture the,7.632783294297951e-17
capture,7.632783294297951e-17
is important to,7.632783294297951e-17
choice,7.632783294297951e-17
not capture,7.632783294297951e-17
often have,7.632783294297951e-17
city,7.600257229123386e-17
table,7.600257229123386e-17
and procedures,7.589415207398531e-17
medical procedures,7.589415207398531e-17
procedures and,7.589415207398531e-17
procedures and procedures,7.589415207398531e-17
where medical,7.589415207398531e-17
medical procedures and,7.589415207398531e-17
the question fatigue,7.518942066186973e-17
riding bike not,7.518942066186973e-17
recovery the,7.518942066186973e-17
recovery the other,7.518942066186973e-17
the immediate,7.518942066186973e-17
the immediate effects,7.518942066186973e-17
down,7.518942066186973e-17
rest and recovery,7.518942066186973e-17
not specify particular,7.518942066186973e-17
physical exhaustion,7.518942066186973e-17
riding bike falling,7.518942066186973e-17
riding bike and,7.518942066186973e-17
not the immediate,7.518942066186973e-17
the long,7.518942066186973e-17
getting lost,7.518942066186973e-17
specify particular,7.518942066186973e-17
physical exhaustion as,7.518942066186973e-17
the long term,7.518942066186973e-17
question fatigue is,7.518942066186973e-17
question fatigue,7.518942066186973e-17
term effects of,7.518942066186973e-17
term effects,7.518942066186973e-17
the body needs,7.518942066186973e-17
fatigue,7.518942066186973e-17
term effect of,7.518942066186973e-17
falling down,7.518942066186973e-17
term effect exhaustion,7.518942066186973e-17
falling,7.518942066186973e-17
and an,7.502679033599691e-17
sally was,7.45931094670027e-17
boost one,7.45931094670027e-17
conditions staffing,7.45931094670027e-17
self esteem and,7.45931094670027e-17
competing can,7.45931094670027e-17
boost one self,7.45931094670027e-17
slow it is,7.45931094670027e-17
can boost one,7.45931094670027e-17
slow it,7.45931094670027e-17
typically experienced,7.45931094670027e-17
slow,7.45931094670027e-17
the task,7.45931094670027e-17
boost,7.45931094670027e-17
the complexity,7.45931094670027e-17
was very slow,7.45931094670027e-17
was waiting,7.45931094670027e-17
involved in engaging,7.45931094670027e-17
variety of reasons,7.45931094670027e-17
this could be,7.45931094670027e-17
was experiencing delay,7.45931094670027e-17
was experiencing,7.45931094670027e-17
in such an,7.45931094670027e-17
and confidence,7.45931094670027e-17
the line,7.45931094670027e-17
when waiting in,7.45931094670027e-17
this could,7.45931094670027e-17
was waiting in,7.45931094670027e-17
typically experienced when,7.45931094670027e-17
or the complexity,7.45931094670027e-17
sally was waiting,7.45931094670027e-17
can boost,7.45931094670027e-17
conditions staffing levels,7.45931094670027e-17
the task at,7.45931094670027e-17
confidence,7.45931094670027e-17
complexity of,7.45931094670027e-17
complexity,7.45931094670027e-17
the described,7.45931094670027e-17
the described experience,7.45931094670027e-17
with the described,7.45931094670027e-17
in such,7.45931094670027e-17
it is important,7.45931094670027e-17
the line was,7.45931094670027e-17
esteem and,7.45931094670027e-17
staffing levels or,7.45931094670027e-17
staffing levels,7.45931094670027e-17
staffing,7.45931094670027e-17
queue this could,7.45931094670027e-17
complexity of the,7.45931094670027e-17
queue this,7.45931094670027e-17
queue being annoyed,7.45931094670027e-17
esteem and confidence,7.45931094670027e-17
queue being,7.45931094670027e-17
activity which,7.45931094670027e-17
with waiting,7.45931094670027e-17
of reasons,7.45931094670027e-17
for having,7.45931094670027e-17
queue and felt,7.45931094670027e-17
in engaging,7.45931094670027e-17
in engaging in,7.45931094670027e-17
with waiting in,7.45931094670027e-17
queue and,7.45931094670027e-17
activity which can,7.45931094670027e-17
when waiting,7.45931094670027e-17
which can boost,7.45931094670027e-17
and confidence this,7.45931094670027e-17
to variety,7.45931094670027e-17
of the task,7.45931094670027e-17
very slow it,7.45931094670027e-17
such as weather,7.45931094670027e-17
that she was,7.45931094670027e-17
was very,7.45931094670027e-17
she was experiencing,7.45931094670027e-17
confidence this is,7.45931094670027e-17
she was,7.45931094670027e-17
of reasons such,7.45931094670027e-17
very slow,7.45931094670027e-17
not typically associated,7.45931094670027e-17
the queue,7.45931094670027e-17
an activity which,7.45931094670027e-17
the queue this,7.45931094670027e-17
not typically experienced,7.45931094670027e-17
that the line,7.45931094670027e-17
weather conditions staffing,7.45931094670027e-17
weather conditions,7.45931094670027e-17
is important,7.45931094670027e-17
reasons such as,7.45931094670027e-17
reasons such,7.45931094670027e-17
because competing,7.45931094670027e-17
because competing can,7.45931094670027e-17
reasons,7.45931094670027e-17
experience for,7.45931094670027e-17
the state,7.45931094670027e-17
very,7.45931094670027e-17
the complexity of,7.45931094670027e-17
to variety of,7.45931094670027e-17
is because competing,7.45931094670027e-17
task at hand,7.45931094670027e-17
such an activity,7.45931094670027e-17
task at,7.45931094670027e-17
task,7.45931094670027e-17
engaging in such,7.45931094670027e-17
confidence this,7.45931094670027e-17
not directly,7.41594285980085e-17
meeting,7.41594285980085e-17
pushing,7.39425881635114e-17
not common,7.37257477290143e-17
that the committee,7.35089072945172e-17
structure for use,7.35089072945172e-17
structure for,7.35089072945172e-17
they were concerned,7.35089072945172e-17
people in,7.35089072945172e-17
answer is that,7.35089072945172e-17
structure,7.35089072945172e-17
the committee rejection,7.35089072945172e-17
significant age restrictions,7.35089072945172e-17
the safety of,7.35089072945172e-17
safety of the,7.35089072945172e-17
use by,7.35089072945172e-17
concerned,7.35089072945172e-17
structural support that,7.35089072945172e-17
using it,7.35089072945172e-17
structural support,7.35089072945172e-17
older buildings especially,7.35089072945172e-17
the safety,7.35089072945172e-17
committee decision to,7.35089072945172e-17
committee rejection,7.35089072945172e-17
type of structural,7.35089072945172e-17
concerned about,7.35089072945172e-17
were concerned,7.35089072945172e-17
people in an,7.35089072945172e-17
use by people,7.35089072945172e-17
they were,7.35089072945172e-17
that they were,7.35089072945172e-17
with significant age,7.35089072945172e-17
were concerned about,7.35089072945172e-17
with significant,7.35089072945172e-17
significant age,7.35089072945172e-17
committee rejection of,7.35089072945172e-17
which is common,7.35089072945172e-17
structural,7.35089072945172e-17
support that can,7.35089072945172e-17
support that,7.35089072945172e-17
older buildings therefore,7.35089072945172e-17
for this answer,7.35089072945172e-17
of the design,7.35089072945172e-17
rejection of the,7.35089072945172e-17
reject the design,7.35089072945172e-17
who would,7.35089072945172e-17
of structural,7.35089072945172e-17
reject the,7.35089072945172e-17
this answer is,7.35089072945172e-17
this answer,7.35089072945172e-17
reject,7.35089072945172e-17
older age,7.35089072945172e-17
the people who,7.35089072945172e-17
who would be,7.35089072945172e-17
restrictions,7.35089072945172e-17
of structural support,7.35089072945172e-17
the design suggests,7.35089072945172e-17
concerned about the,7.35089072945172e-17
was designing,7.35089072945172e-17
the design indicates,7.35089072945172e-17
suggests that they,7.35089072945172e-17
those with significant,7.35089072945172e-17
people who would,7.35089072945172e-17
restrictions the,7.35089072945172e-17
the architect was,7.35089072945172e-17
of the people,7.35089072945172e-17
that the architect,7.35089072945172e-17
restrictions the committee,7.35089072945172e-17
to reject the,7.35089072945172e-17
to reject,7.35089072945172e-17
using it which,7.35089072945172e-17
older age group,7.35089072945172e-17
was designing structure,7.35089072945172e-17
which is the,7.32920668600201e-17
mutilation eating,7.32920668600201e-17
self mutilation eating,7.32920668600201e-17
to self mutilation,7.32920668600201e-17
eating and eating,7.32920668600201e-17
is the act,7.32920668600201e-17
buy farmland,7.315145939077589e-17
charles,7.3075226425523e-17
setting where they,7.3075226425523e-17
blind,7.3075226425523e-17
protection especially in,7.3075226425523e-17
setting where,7.3075226425523e-17
someone else,7.3075226425523e-17
to wear dark,7.3075226425523e-17
where they might,7.3075226425523e-17
protection especially,7.3075226425523e-17
protection,7.3075226425523e-17
person and,7.3075226425523e-17
person and it,7.3075226425523e-17
the term ray,7.3075226425523e-17
that someone,7.3075226425523e-17
someone to wear,7.3075226425523e-17
they might be,7.3075226425523e-17
someone might wear,7.3075226425523e-17
someone else this,7.3075226425523e-17
that someone might,7.3075226425523e-17
well known stereotype,7.3075226425523e-17
stereotype and,7.3075226425523e-17
reason for someone,7.3075226425523e-17
of concealment or,7.3075226425523e-17
term ray,7.3075226425523e-17
colloquialism,7.3075226425523e-17
ray charles,7.3075226425523e-17
or protection especially,7.3075226425523e-17
term ray charles,7.3075226425523e-17
colloquialism for,7.3075226425523e-17
or protection,7.3075226425523e-17
colloquialism for blind,7.3075226425523e-17
stereotype and it,7.3075226425523e-17
of concealment,7.3075226425523e-17
stereotype,7.3075226425523e-17
ray charles is,7.3075226425523e-17
blind person,7.3075226425523e-17
is in,7.28583859910259e-17
related to the,7.28583859910259e-17
and the potential,7.28583859910259e-17
this is because,7.28583859910259e-17
it likely place,7.19910242530375e-17
buy farmland additionally,7.19910242530375e-17
does not,7.19910242530375e-17
and has,7.19910242530375e-17
locations,7.19910242530375e-17
likely place for,7.19910242530375e-17
james to look,7.19910242530375e-17
place for james,7.19910242530375e-17
hamburgers,7.19910242530375e-17
for its agricultural,7.19910242530375e-17
its agricultural,7.19910242530375e-17
long time,7.166576360129184e-17
for long time,7.166576360129184e-17
because riding bike,7.166576360129184e-17
riding bike for,7.166576360129184e-17
can cause physical,7.166576360129184e-17
rest and,7.166576360129184e-17
time can,7.166576360129184e-17
is because riding,7.166576360129184e-17
cause physical,7.166576360129184e-17
long time can,7.166576360129184e-17
bike for long,7.166576360129184e-17
bike for,7.166576360129184e-17
as the body,7.166576360129184e-17
because riding,7.166576360129184e-17
time can cause,7.166576360129184e-17
as you,7.112366251504909e-17
places of work,7.112366251504909e-17
employees to their,7.112366251504909e-17
employees,7.112366251504909e-17
after meal,7.112366251504909e-17
places of,7.112366251504909e-17
employees to,7.112366251504909e-17
recovery,7.112366251504909e-17
led,7.112366251504909e-17
game,7.068998164605489e-17
to work,7.068998164605489e-17
others is,7.068998164605489e-17
stored in,7.017498561412427e-17
items including,7.017498561412427e-17
and secure,7.017498561412427e-17
guests this is,7.003946034256359e-17
such events where,7.003946034256359e-17
common practice at,7.003946034256359e-17
hosts,7.003946034256359e-17
hosts often,7.003946034256359e-17
events where,7.003946034256359e-17
events where hosts,7.003946034256359e-17
at such events,7.003946034256359e-17
guests this,7.003946034256359e-17
at such,7.003946034256359e-17
seating,7.003946034256359e-17
where hosts often,7.003946034256359e-17
practice at such,7.003946034256359e-17
where hosts,7.003946034256359e-17
practice at,7.003946034256359e-17
to find,6.982261990806649e-17
challenging,6.982261990806649e-17
and countryside,6.938893903907228e-17
countryside,6.938893903907228e-17
that everyone,6.938893903907228e-17
agricultural,6.938893903907228e-17
is well known,6.938893903907228e-17
is well,6.938893903907228e-17
do not provide,6.895525817007808e-17
not provide,6.895525817007808e-17
effort,6.895525817007808e-17
place to find,6.895525817007808e-17
does,6.854868235539602e-17
best place,6.852157730108388e-17
the best place,6.852157730108388e-17
best place to,6.852157730108388e-17
places where,6.852157730108388e-17
was,6.808789643208968e-17
someone might,6.808789643208968e-17
students,6.765421556309548e-17
designing,6.743737512859838e-17
rejection of,6.678685382510707e-17
the committee decision,6.678685382510707e-17
decision,6.678685382510707e-17
rejection,6.678685382510707e-17
would be using,6.678685382510707e-17
committee decision,6.678685382510707e-17
because it,6.635317295611287e-17
eating and,6.591949208711867e-17
that they are,6.591949208711867e-17
in death,6.591949208711867e-17
own house,6.591949208711867e-17
especially in,6.591949208711867e-17
result in death,6.591949208711867e-17
where you,6.591949208711867e-17
driven by desire,6.548581121812447e-17
individual is motivated,6.548581121812447e-17
common term used,6.548581121812447e-17
his suggests that,6.548581121812447e-17
by desire for,6.548581121812447e-17
or outcome,6.548581121812447e-17
by desire,6.548581121812447e-17
is motivated and,6.548581121812447e-17
is motivated,6.548581121812447e-17
motivated and driven,6.548581121812447e-17
for specific,6.548581121812447e-17
driven by,6.548581121812447e-17
driven,6.548581121812447e-17
for specific outcome,6.548581121812447e-17
motivated and,6.548581121812447e-17
outcome and manual,6.548581121812447e-17
motivated,6.548581121812447e-17
common term,6.548581121812447e-17
that the individual,6.548581121812447e-17
is common term,6.548581121812447e-17
individual is,6.548581121812447e-17
his suggests,6.548581121812447e-17
the phrase hoped,6.548581121812447e-17
desire for,6.548581121812447e-17
the individual is,6.548581121812447e-17
term used to,6.548581121812447e-17
or outcome and,6.548581121812447e-17
specific outcome or,6.548581121812447e-17
manual is common,6.548581121812447e-17
describe job,6.548581121812447e-17
describe job or,6.548581121812447e-17
manual is,6.548581121812447e-17
and driven by,6.548581121812447e-17
at his suggests,6.548581121812447e-17
and manual is,6.548581121812447e-17
term used,6.548581121812447e-17
and manual,6.548581121812447e-17
hamburger,6.548581121812447e-17
and less,6.548581121812447e-17
desire for specific,6.548581121812447e-17
phrase hoped,6.548581121812447e-17
outcome or,6.548581121812447e-17
phrase hoped for,6.548581121812447e-17
and driven,6.548581121812447e-17
outcome or outcome,6.548581121812447e-17
and less likely,6.548581121812447e-17
to describe job,6.548581121812447e-17
eating is,6.448292420857538e-17
also be,6.440160904563896e-17
can result in,6.440160904563896e-17
outcome miss,6.429318882839041e-17
consistent and substantial,6.429318882839041e-17
which is characteristic,6.429318882839041e-17
while loose,6.429318882839041e-17
while still,6.429318882839041e-17
possible for,6.429318882839041e-17
common perception while,6.429318882839041e-17
term not,6.429318882839041e-17
term not losing,6.429318882839041e-17
while still having,6.429318882839041e-17
still having some,6.429318882839041e-17
possible for someone,6.429318882839041e-17
outcome and it,6.429318882839041e-17
consistent and,6.429318882839041e-17
weight is,6.429318882839041e-17
common perception,6.429318882839041e-17
than,6.429318882839041e-17
the term not,6.429318882839041e-17
than someone,6.429318882839041e-17
considered healthier,6.429318882839041e-17
while loose skin,6.429318882839041e-17
considered healthier than,6.429318882839041e-17
than someone who,6.429318882839041e-17
to be healthy,6.429318882839041e-17
consistent,6.429318882839041e-17
potential side effect,6.429318882839041e-17
and not,6.429318882839041e-17
substantial weight,6.429318882839041e-17
specific outcome miss,6.429318882839041e-17
specific outcome and,6.429318882839041e-17
weight implies,6.429318882839041e-17
weight implies consistent,6.429318882839041e-17
substantial weight loss,6.429318882839041e-17
still having,6.429318882839041e-17
who is and,6.429318882839041e-17
side effect it,6.429318882839041e-17
some loose skin,6.429318882839041e-17
weight while,6.429318882839041e-17
perception,6.429318882839041e-17
who is not,6.429318882839041e-17
some loose,6.429318882839041e-17
outcome miss universe,6.429318882839041e-17
universe is,6.429318882839041e-17
perception while,6.429318882839041e-17
universe is not,6.429318882839041e-17
weight while still,6.429318882839041e-17
skin however,6.429318882839041e-17
skin however the,6.429318882839041e-17
skin is potential,6.429318882839041e-17
perception while loose,6.429318882839041e-17
of healthy,6.429318882839041e-17
weight loss which,6.429318882839041e-17
skin is,6.429318882839041e-17
side effect,6.429318882839041e-17
universe,6.429318882839041e-17
potential side,6.429318882839041e-17
side,6.429318882839041e-17
of healthy lifestyle,6.429318882839041e-17
weight is considered,6.429318882839041e-17
is that the,6.418476861114186e-17
and eating,6.418476861114186e-17
the architect,6.418476861114186e-17
architect,6.418476861114186e-17
because eating hamburger,6.418476861114186e-17
eating hamburger,6.418476861114186e-17
health and,6.396792817664476e-17
provides,6.375108774214766e-17
writing,6.331740687315346e-17
the first,6.331740687315346e-17
first,6.331740687315346e-17
logical,6.288372600415926e-17
answer is the,6.245004513516506e-17
they do,6.245004513516506e-17
and therefore,6.245004513516506e-17
of sally actions,6.245004513516506e-17
of sally,6.245004513516506e-17
concern for,6.245004513516506e-17
sally actions,6.245004513516506e-17
could be,6.245004513516506e-17
cleaned,6.201636426617085e-17
that is runny,6.201636426617085e-17
clean up after,6.201636426617085e-17
cleaned up,6.201636426617085e-17
to clean up,6.201636426617085e-17
cleaned up therefore,6.201636426617085e-17
clean,6.201636426617085e-17
up would,6.201636426617085e-17
someone to be,6.201636426617085e-17
place to clean,6.201636426617085e-17
lost,6.201636426617085e-17
to clean,6.201636426617085e-17
up therefore the,6.201636426617085e-17
up after,6.201636426617085e-17
up therefore,6.201636426617085e-17
up would not,6.201636426617085e-17
the answer to,6.201636426617085e-17
up after meal,6.201636426617085e-17
clean up,6.201636426617085e-17
known to have,6.158268339717665e-17
balance,6.158268339717665e-17
world,6.158268339717665e-17
known to,6.158268339717665e-17
directly answer,6.136584296267955e-17
not directly answer,6.136584296267955e-17
directly answer the,6.136584296267955e-17
is known to,6.071532165918825e-17
concentration of,6.071532165918825e-17
high concentration,6.071532165918825e-17
it is also,6.071532165918825e-17
high concentration of,6.071532165918825e-17
concentration,6.071532165918825e-17
learn from each,6.028164079019405e-17
is not death,6.028164079019405e-17
people aim,6.028164079019405e-17
from each,6.028164079019405e-17
from each other,6.028164079019405e-17
people aim to,6.028164079019405e-17
not death,6.028164079019405e-17
age group,5.984795992119984e-17
aim to,5.898059818321144e-17
adult,5.898059818321144e-17
not the best,5.898059818321144e-17
aim,5.898059818321144e-17
adult is,5.898059818321144e-17
castles and,5.854691731421724e-17
therefore antarctica,5.854691731421724e-17
some castles,5.854691731421724e-17
which continent,5.854691731421724e-17
places germany and,5.854691731421724e-17
significant margin,5.854691731421724e-17
significant margin additionally,5.854691731421724e-17
the continent,5.854691731421724e-17
to its,5.854691731421724e-17
which continent has,5.854691731421724e-17
the continent with,5.854691731421724e-17
to its cold,5.854691731421724e-17
some castles the,5.854691731421724e-17
strategic location while,5.854691731421724e-17
strategic location,5.854691731421724e-17
strategic,5.854691731421724e-17
places germany,5.854691731421724e-17
regions and,5.854691731421724e-17
cold,5.854691731421724e-17
cold mountainous,5.854691731421724e-17
cold mountainous terrain,5.854691731421724e-17
require,5.854691731421724e-17
of castles due,5.854691731421724e-17
of which,5.854691731421724e-17
with the most,5.854691731421724e-17
terrain,5.854691731421724e-17
terrain and,5.854691731421724e-17
to some castles,5.854691731421724e-17
terrain and strategic,5.854691731421724e-17
regions and antarctica,5.854691731421724e-17
home to,5.854691731421724e-17
is also home,5.854691731421724e-17
continent with,5.854691731421724e-17
question of,5.854691731421724e-17
question of which,5.854691731421724e-17
to have high,5.854691731421724e-17
of which continent,5.854691731421724e-17
the question of,5.854691731421724e-17
tale and edinburgh,5.854691731421724e-17
also home to,5.854691731421724e-17
also home,5.854691731421724e-17
continent has,5.854691731421724e-17
tale and,5.854691731421724e-17
tale,5.854691731421724e-17
answer the,5.854691731421724e-17
an ice,5.854691731421724e-17
regions,5.854691731421724e-17
continent with the,5.854691731421724e-17
described as,5.811323644522304e-17
in the question,5.767955557622884e-17
because the question,5.767955557622884e-17
thirst and,5.746271514173174e-17
water and,5.746271514173174e-17
panic,5.746271514173174e-17
uncomfortable or even,5.746271514173174e-17
wet dog,5.746271514173174e-17
sun which can,5.746271514173174e-17
uncomfortable or,5.746271514173174e-17
wet dog would,5.746271514173174e-17
water and maintain,5.746271514173174e-17
thirst and regulate,5.746271514173174e-17
sun which,5.746271514173174e-17
their body temperature,5.746271514173174e-17
to pant as,5.746271514173174e-17
temperature,5.746271514173174e-17
to quench their,5.746271514173174e-17
their thirst,5.746271514173174e-17
water sources,5.746271514173174e-17
water sources to,5.746271514173174e-17
regulate their,5.746271514173174e-17
uncomfortable,5.746271514173174e-17
regulate their body,5.746271514173174e-17
panic wet,5.746271514173174e-17
to escape,5.746271514173174e-17
their thirst and,5.746271514173174e-17
the heat,5.746271514173174e-17
quench,5.746271514173174e-17
the heat from,5.746271514173174e-17
quench their,5.746271514173174e-17
to pant,5.746271514173174e-17
to quench,5.746271514173174e-17
the sun which,5.746271514173174e-17
to escape the,5.746271514173174e-17
panic wet dog,5.746271514173174e-17
sources,5.746271514173174e-17
pant if,5.746271514173174e-17
pant as it,5.746271514173174e-17
to the heat,5.746271514173174e-17
seek out,5.746271514173174e-17
seek out water,5.746271514173174e-17
to feel uncomfortable,5.746271514173174e-17
out water sources,5.746271514173174e-17
the water and,5.746271514173174e-17
outside due,5.746271514173174e-17
outside due to,5.746271514173174e-17
out water,5.746271514173174e-17
pant as,5.746271514173174e-17
or even panic,5.746271514173174e-17
quench their thirst,5.746271514173174e-17
often seek,5.746271514173174e-17
often seek out,5.746271514173174e-17
would be trying,5.746271514173174e-17
pant if it,5.746271514173174e-17
seek,5.746271514173174e-17
they often seek,5.746271514173174e-17
trying to escape,5.746271514173174e-17
sources to,5.746271514173174e-17
would likely pant,5.746271514173174e-17
sources to quench,5.746271514173174e-17
they may,5.724587470723463e-17
an appointment,5.724587470723463e-17
lead to serious,5.724587470723463e-17
addressing hunger,5.724587470723463e-17
addressing,5.724587470723463e-17
waiting for an,5.724587470723463e-17
for an appointment,5.724587470723463e-17
serious head,5.724587470723463e-17
in the day,5.724587470723463e-17
magazines,5.724587470723463e-17
appointment,5.724587470723463e-17
to addressing,5.724587470723463e-17
to addressing hunger,5.724587470723463e-17
to serious,5.724587470723463e-17
with your,5.637851296924623e-17
food but it,5.637851296924623e-17
food but,5.637851296924623e-17
new,5.637851296924623e-17
saws,5.637851296924623e-17
beat,5.637851296924623e-17
the other choices,5.594483210025203e-17
number,5.594483210025203e-17
number of,5.594483210025203e-17
other choices,5.594483210025203e-17
other choices do,5.594483210025203e-17
not related,5.551115123125783e-17
state of,5.551115123125783e-17
understand,5.551115123125783e-17
for an,5.551115123125783e-17
and that,5.5077470362263625e-17
on the table,5.4860629927766524e-17
plate,5.4860629927766524e-17
result would,5.4860629927766524e-17
result would be,5.4860629927766524e-17
proper meal,5.4860629927766524e-17
proper meal service,5.4860629927766524e-17
plate and,5.4860629927766524e-17
out without,5.4860629927766524e-17
of eating out,5.4860629927766524e-17
plate and the,5.4860629927766524e-17
out without proper,5.4860629927766524e-17
on the plate,5.4860629927766524e-17
the result would,5.4860629927766524e-17
the table,5.4860629927766524e-17
without proper meal,5.4860629927766524e-17
table this is,5.4860629927766524e-17
consequence of eating,5.4860629927766524e-17
would be messy,5.4860629927766524e-17
the toast would,5.4860629927766524e-17
up the result,5.4860629927766524e-17
up the,5.4860629927766524e-17
the toast,5.4860629927766524e-17
the table this,5.4860629927766524e-17
table this,5.4860629927766524e-17
the plate,5.4860629927766524e-17
the eggs would,5.4860629927766524e-17
toast would,5.4860629927766524e-17
the plate and,5.4860629927766524e-17
the eggs,5.4860629927766524e-17
when fried,5.4860629927766524e-17
when fried egg,5.4860629927766524e-17
supermarket as,5.4860629927766524e-17
supermarket as the,5.4860629927766524e-17
toast would be,5.4860629927766524e-17
it the,5.46979996018937e-17
be the,5.4643789493269423e-17
to be the,5.4643789493269423e-17
animals the,5.4643789493269423e-17
less likely to,5.4643789493269423e-17
less likely,5.4643789493269423e-17
where all animals,5.4643789493269423e-17
where all,5.4643789493269423e-17
it,5.4643789493269423e-17
present,5.421010862427522e-17
surprised,5.377642775528102e-17
surprise,5.377642775528102e-17
the situation,5.377642775528102e-17
to each,5.3586692375096057e-17
to each other,5.3586692375096057e-17
however it is,5.334274688628682e-17
vague,5.2909066017292616e-17
where people,5.2583805365546965e-17
too,5.2475385148298415e-17
which can cause,5.2258544713801314e-17
regulate,5.2258544713801314e-17
hydration,5.2258544713801314e-17
knowledge,5.204170427930421e-17
comprehensive,5.204170427930421e-17
especially those with,5.160802341031001e-17
and the question,5.160802341031001e-17
those with,5.160802341031001e-17
especially those,5.160802341031001e-17
would not be,5.139118297581291e-17
would not,5.139118297581291e-17
to complete job,5.1228552649940085e-17
to complete,5.1228552649940085e-17
complete,5.1228552649940085e-17
hats,5.1228552649940085e-17
complete job,5.1228552649940085e-17
with friends to,5.117434254131581e-17
you get together,5.117434254131581e-17
get together with,5.117434254131581e-17
when you get,5.117434254131581e-17
together with friends,5.117434254131581e-17
with friends,5.117434254131581e-17
get together,5.117434254131581e-17
together with,5.117434254131581e-17
to the situation,5.117434254131581e-17
friends to,5.117434254131581e-17
watch,5.117434254131581e-17
to watch film,5.117434254131581e-17
friends to watch,5.117434254131581e-17
watch film,5.117434254131581e-17
to watch,5.117434254131581e-17
you get,5.117434254131581e-17
of self,5.084908188957016e-17
is place where,5.0306980803327406e-17
common consequence of,5.0306980803327406e-17
is common consequence,5.0306980803327406e-17
of losing,5.0306980803327406e-17
common consequence,5.0306980803327406e-17
other options for,4.9873299934333204e-17
options for example,4.9873299934333204e-17
options for,4.9873299934333204e-17
is going through,4.96564594998361e-17
store is not,4.96564594998361e-17
an airport,4.96564594998361e-17
would be going,4.96564594998361e-17
used an airport,4.96564594998361e-17
used an,4.96564594998361e-17
of device used,4.96564594998361e-17
of device,4.96564594998361e-17
typically used an,4.96564594998361e-17
typically used,4.96564594998361e-17
not location,4.96564594998361e-17
stories,4.96564594998361e-17
the bieifcase is,4.96564594998361e-17
the bieifcase,4.96564594998361e-17
type of device,4.96564594998361e-17
process and,4.96564594998361e-17
bieifcase is going,4.96564594998361e-17
where an ray,4.96564594998361e-17
where bieifcase,4.96564594998361e-17
where bieifcase would,4.96564594998361e-17
is going,4.96564594998361e-17
place where an,4.96564594998361e-17
ray machine and,4.96564594998361e-17
ray machine which,4.96564594998361e-17
where an,4.96564594998361e-17
process and the,4.96564594998361e-17
where the bieifcase,4.96564594998361e-17
president is,4.9439619065339e-17
responsible for patrolling,4.9439619065339e-17
to other options,4.9439619065339e-17
to other,4.9439619065339e-17
police department the,4.9439619065339e-17
president is not,4.9439619065339e-17
police officer and,4.9439619065339e-17
city and,4.9439619065339e-17
street is not,4.9439619065339e-17
president which do,4.9439619065339e-17
police officer for,4.9439619065339e-17
to keep,4.9439619065339e-17
such as city,4.9439619065339e-17
specific location neither,4.9439619065339e-17
to the police,4.9439619065339e-17
street is,4.9439619065339e-17
president which,4.9439619065339e-17
police department responsible,4.9439619065339e-17
which do,4.9439619065339e-17
because all animals,4.9439619065339e-17
primary role,4.9439619065339e-17
not police officer,4.9439619065339e-17
the primary role,4.9439619065339e-17
officer for instance,4.9439619065339e-17
officer for,4.9439619065339e-17
where it,4.9439619065339e-17
order this is,4.9439619065339e-17
order this,4.9439619065339e-17
order,4.9439619065339e-17
and getting,4.9439619065339e-17
which do not,4.9439619065339e-17
the phrase,4.9439619065339e-17
or president which,4.9439619065339e-17
officer and street,4.9439619065339e-17
role of police,4.9439619065339e-17
officer and,4.9439619065339e-17
role,4.9439619065339e-17
because all,4.9439619065339e-17
primary role of,4.9439619065339e-17
not police,4.9439619065339e-17
of police officer,4.9439619065339e-17
patrolling and maintaining,4.9439619065339e-17
patrolling and,4.9439619065339e-17
patrolling,4.9439619065339e-17
type of police,4.9439619065339e-17
this is in,4.9439619065339e-17
typically stored,4.9439619065339e-17
of police department,4.9439619065339e-17
role of,4.9439619065339e-17
keep,4.9439619065339e-17
is because all,4.9439619065339e-17
be messy,4.92227786308419e-17
that everyone safety,4.85722573273506e-17
pushing harder to,4.85722573273506e-17
that of,4.85722573273506e-17
question as beginning,4.85722573273506e-17
pool and,4.85722573273506e-17
that of others,4.85722573273506e-17
not risk of,4.85722573273506e-17
pool and cancer,4.85722573273506e-17
pushing harder,4.85722573273506e-17
glasses indoors,4.85722573273506e-17
pool the,4.85722573273506e-17
pool the other,4.85722573273506e-17
question as,4.85722573273506e-17
suggest,4.85722573273506e-17
concern when,4.85722573273506e-17
present it,4.85722573273506e-17
suggest that,4.85722573273506e-17
suggest that he,4.85722573273506e-17
the runner is,4.85722573273506e-17
the runner desire,4.85722573273506e-17
present it important,4.85722573273506e-17
primary concern,4.85722573273506e-17
primary concern when,4.85722573273506e-17
regain it this,4.85722573273506e-17
regain,4.85722573273506e-17
concern when diving,4.85722573273506e-17
the question as,4.85722573273506e-17
process of gaining,4.85722573273506e-17
the primary concern,4.85722573273506e-17
note that everyone,4.85722573273506e-17
dark glasses indoors,4.85722573273506e-17
position of losing,4.85722573273506e-17
position of,4.85722573273506e-17
therefore the,4.85722573273506e-17
regain it,4.85722573273506e-17
of gaining ground,4.85722573273506e-17
wear dark glasses,4.85722573273506e-17
risks of spinal,4.85722573273506e-17
you are in,4.85722573273506e-17
when diving into,4.85722573273506e-17
physical exertion suggest,4.85722573273506e-17
second place and,4.85722573273506e-17
of losing ground,4.85722573273506e-17
second place which,4.85722573273506e-17
trip over and,4.85722573273506e-17
in position,4.85722573273506e-17
trip over which,4.85722573273506e-17
trying to reach,4.85722573273506e-17
of others,4.85722573273506e-17
of others is,4.85722573273506e-17
are in,4.85722573273506e-17
others is always,4.85722573273506e-17
situation is described,4.85722573273506e-17
to regain,4.85722573273506e-17
situation is,4.85722573273506e-17
wear dark,4.85722573273506e-17
this situation,4.85722573273506e-17
over which is,4.85722573273506e-17
over which,4.85722573273506e-17
over and lose,4.85722573273506e-17
of spinal,4.85722573273506e-17
of spinal injuries,4.85722573273506e-17
what happens during,4.85722573273506e-17
what happens when,4.85722573273506e-17
risk of backyard,4.85722573273506e-17
risks of backyard,4.85722573273506e-17
outcome of diving,4.85722573273506e-17
outcome of,4.85722573273506e-17
to regain it,4.85722573273506e-17
when diving,4.85722573273506e-17
splats are,4.85722573273506e-17
splats,4.85722573273506e-17
places for diving,4.85722573273506e-17
safety and that,4.85722573273506e-17
of diving into,4.85722573273506e-17
runner desire to,4.85722573273506e-17
runner desire,4.85722573273506e-17
place which suggests,4.85722573273506e-17
to do and,4.85722573273506e-17
place which,4.85722573273506e-17
splats are not,4.85722573273506e-17
of diving,4.85722573273506e-17
places for,4.85722573273506e-17
common outcome,4.85722573273506e-17
common outcome of,4.85722573273506e-17
safe places for,4.85722573273506e-17
of gaining,4.85722573273506e-17
this situation is,4.85722573273506e-17
safe places,4.85722573273506e-17
that the runner,4.85722573273506e-17
place and his,4.85722573273506e-17
make academic tasks,4.83554168928535e-17
make academic,4.83554168928535e-17
navigate and,4.8138576458356397e-17
you navigate,4.8138576458356397e-17
help you navigate,4.8138576458356397e-17
knowledge in,4.7704895589362195e-17
knowledge in the,4.7704895589362195e-17
losing weight,4.7704895589362195e-17
would likely,4.7704895589362195e-17
context of making,4.7704895589362195e-17
mezzanine,4.7704895589362195e-17
of making schedule,4.7704895589362195e-17
of making,4.7704895589362195e-17
not losing,4.7704895589362195e-17
not losing weight,4.7704895589362195e-17
the options,4.7488055154865094e-17
most castles,4.683753385137379e-17
the most castles,4.683753385137379e-17
additionally the other,4.683753385137379e-17
to do,4.640385298237959e-17
harder,4.597017211338539e-17
thirst,4.597017211338539e-17
help you,4.597017211338539e-17
states,4.597017211338539e-17
they often,4.575333167888829e-17
as they often,4.575333167888829e-17
is not behavior,4.5536491244391186e-17
not behavior,4.5536491244391186e-17
general term that,4.5536491244391186e-17
choice for,4.5211230592645535e-17
may also,4.5102810375396984e-17
especially,4.5102810375396984e-17
they may also,4.5102810375396984e-17
parting,4.5102810375396984e-17
pressure,4.5102810375396984e-17
they might,4.466912950640278e-17
safety and,4.466912950640278e-17
might wear dark,4.466912950640278e-17
safety of,4.466912950640278e-17
might wear,4.466912950640278e-17
to self,4.423544863740858e-17
healthy,4.423544863740858e-17
one own,4.404571325722362e-17
known for,4.369334755116583e-17
finish,4.336808689942018e-17
the finish,4.336808689942018e-17
this allows,4.336808689942018e-17
the finish line,4.336808689942018e-17
might scare,4.336808689942018e-17
finish line,4.336808689942018e-17
defeat,4.336808689942018e-17
scare,4.336808689942018e-17
the most logical,4.2717565595928875e-17
most logical,4.2717565595928875e-17
buy,4.26633554873046e-17
do not directly,4.2500725161431774e-17
providing seating and,4.2500725161431774e-17
providing seating,4.2500725161431774e-17
often take the,4.2500725161431774e-17
to guests,4.2500725161431774e-17
the lead in,4.2500725161431774e-17
often take,4.2500725161431774e-17
the state of,4.2500725161431774e-17
to guests this,4.2500725161431774e-17
and service,4.2500725161431774e-17
and service to,4.2500725161431774e-17
the lead,4.2500725161431774e-17
practical,4.2500725161431774e-17
lead in,4.2500725161431774e-17
lead in providing,4.2500725161431774e-17
service to guests,4.2500725161431774e-17
in providing seating,4.2500725161431774e-17
hosts often take,4.2500725161431774e-17
take the lead,4.2500725161431774e-17
take the,4.2500725161431774e-17
seating and,4.2500725161431774e-17
seating and service,4.2500725161431774e-17
full and,4.206704429243757e-17
you have,4.174178364069192e-17
the food,4.163336342344337e-17
it is not,4.163336342344337e-17
state of being,4.163336342344337e-17
of the food,4.163336342344337e-17
not where,4.163336342344337e-17
of ideas,4.163336342344337e-17
street,4.1009947174264205e-17
suffering defeat,4.0766001685454967e-17
clothing store specializes,4.0766001685454967e-17
where one would,4.0766001685454967e-17
with you when,4.0766001685454967e-17
satchels that can,4.0766001685454967e-17
pilot or room,4.0766001685454967e-17
pilot or,4.0766001685454967e-17
safe and secure,4.0766001685454967e-17
pilot,4.0766001685454967e-17
specializes in providing,4.0766001685454967e-17
room are not,4.0766001685454967e-17
to store it,4.0766001685454967e-17
clothing store this,4.0766001685454967e-17
clothing store is,4.0766001685454967e-17
such as clothing,4.0766001685454967e-17
clothing items including,4.0766001685454967e-17
providing clothing,4.0766001685454967e-17
providing clothing items,4.0766001685454967e-17
clothing items,4.0766001685454967e-17
specializes in,4.0766001685454967e-17
specializes,4.0766001685454967e-17
with you,4.0766001685454967e-17
with the pilot,4.0766001685454967e-17
satchel with you,4.0766001685454967e-17
room are,4.0766001685454967e-17
satchels,4.0766001685454967e-17
the pilot,4.0766001685454967e-17
will be asked,4.0766001685454967e-17
the pilot or,4.0766001685454967e-17
suffering,4.0766001685454967e-17
not typical places,4.0766001685454967e-17
stored in secure,4.0766001685454967e-17
store this is,4.0766001685454967e-17
store this,4.0766001685454967e-17
compartment with the,4.0766001685454967e-17
compartment with,4.0766001685454967e-17
compartment,4.0766001685454967e-17
store specializes in,4.0766001685454967e-17
secure manner,4.0766001685454967e-17
or room are,4.0766001685454967e-17
store specializes,4.0766001685454967e-17
store large satchel,4.0766001685454967e-17
store large,4.0766001685454967e-17
secure manner other,4.0766001685454967e-17
satchel with,4.0766001685454967e-17
plausible,4.0766001685454967e-17
secure such as,4.0766001685454967e-17
store it in,4.0766001685454967e-17
places where one,4.0766001685454967e-17
store it,4.0766001685454967e-17
store is the,4.0766001685454967e-17
or room,4.0766001685454967e-17
secure such,4.0766001685454967e-17
satchels that,4.0766001685454967e-17
you have large,4.0766001685454967e-17
you fly,4.0766001685454967e-17
the airport luggage,4.0766001685454967e-17
would store large,4.0766001685454967e-17
when you have,4.0766001685454967e-17
the airport,4.0766001685454967e-17
is likely to,4.0766001685454967e-17
you when you,4.0766001685454967e-17
when you fly,4.0766001685454967e-17
when suffering defeat,4.0766001685454967e-17
satchel clothing,4.0766001685454967e-17
typical places,4.0766001685454967e-17
typical places where,4.0766001685454967e-17
when suffering,4.0766001685454967e-17
would store,4.0766001685454967e-17
you fly you,4.0766001685454967e-17
one would store,4.0766001685454967e-17
one would,4.0766001685454967e-17
satchel clothing store,4.0766001685454967e-17
you when,4.0766001685454967e-17
fly,4.0766001685454967e-17
this context for,4.0332320816460765e-17
sense in,4.0332320816460765e-17
sense in this,4.0332320816460765e-17
do not make,4.0332320816460765e-17
wear,4.0332320816460765e-17
context for,4.0332320816460765e-17
make sense in,4.0332320816460765e-17
not make sense,4.0332320816460765e-17
context for example,4.0332320816460765e-17
not make,4.0332320816460765e-17
make sense,4.0332320816460765e-17
street or president,4.0115480381963664e-17
street or,4.0115480381963664e-17
work for beat,4.0115480381963664e-17
law and,4.0115480381963664e-17
beat which is,4.0115480381963664e-17
city street or,4.0115480381963664e-17
beat which,4.0115480381963664e-17
city street,4.0115480381963664e-17
law,4.0115480381963664e-17
or president,4.0115480381963664e-17
for beat,4.0115480381963664e-17
for beat which,4.0115480381963664e-17
responsible for,4.0115480381963664e-17
of child bad,3.9898639947466563e-17
usually full,3.9898639947466563e-17
sleepiness and,3.9898639947466563e-17
of child this,3.9898639947466563e-17
sexual,3.9898639947466563e-17
sleep,3.9898639947466563e-17
result of many,3.9898639947466563e-17
sleep is,3.9898639947466563e-17
sleep is the,3.9898639947466563e-17
the result of,3.9898639947466563e-17
with spouse for,3.9898639947466563e-17
sex good night,3.9898639947466563e-17
therefore can,3.9898639947466563e-17
pregnancy,3.9898639947466563e-17
pregnancy but,3.9898639947466563e-17
pregnancy but the,3.9898639947466563e-17
usually full and,3.9898639947466563e-17
sex good,3.9898639947466563e-17
with spouse,3.9898639947466563e-17
relax and,3.9898639947466563e-17
your spouse for,3.9898639947466563e-17
relax,3.9898639947466563e-17
sexual intercourse itself,3.9898639947466563e-17
your spouse can,3.9898639947466563e-17
therefore can cause,3.9898639947466563e-17
sex can lead,3.9898639947466563e-17
sexual intercourse,3.9898639947466563e-17
sex can,3.9898639947466563e-17
spouse can lead,3.9898639947466563e-17
spouse can,3.9898639947466563e-17
sleepiness and sleepiness,3.9898639947466563e-17
not result in,3.9898639947466563e-17
sleepiness are not,3.9898639947466563e-17
result in pregnancy,3.9898639947466563e-17
sleepiness are,3.9898639947466563e-17
not result,3.9898639947466563e-17
child bad,3.9898639947466563e-17
child bad dreams,3.9898639947466563e-17
child this,3.9898639947466563e-17
child this is,3.9898639947466563e-17
rest sleepiness and,3.9898639947466563e-17
are not directly,3.9898639947466563e-17
of many factors,3.9898639947466563e-17
of many,3.9898639947466563e-17
rest sleepiness,3.9898639947466563e-17
is known for,3.946495907847236e-17
group,3.946495907847236e-17
rather,3.903127820947816e-17
an encyclopedia,3.903127820947816e-17
encyclopedia,3.903127820947816e-17
an encyclopedia is,3.903127820947816e-17
encyclopedia is,3.903127820947816e-17
but rather,3.903127820947816e-17
accurately describe the,3.903127820947816e-17
or other health,3.859759734048396e-17
or guidance,3.859759734048396e-17
other health,3.859759734048396e-17
relaxation and provides,3.832654679736258e-17
coffee the other,3.832654679736258e-17
coffee the,3.832654679736258e-17
office are not,3.832654679736258e-17
coffee coffee shop,3.832654679736258e-17
coffee coffee,3.832654679736258e-17
coffee and other,3.832654679736258e-17
setting cup of,3.832654679736258e-17
coffee and,3.832654679736258e-17
to the purpose,3.832654679736258e-17
shop is designed,3.832654679736258e-17
of setting,3.832654679736258e-17
while relaxing,3.832654679736258e-17
setting cup,3.832654679736258e-17
office are,3.832654679736258e-17
coffee while relaxing,3.832654679736258e-17
coffee while,3.832654679736258e-17
shop is place,3.832654679736258e-17
other beverages,3.832654679736258e-17
other beverages other,3.832654679736258e-17
relaxing coffee,3.832654679736258e-17
relaxation,3.832654679736258e-17
relaxing coffee shop,3.832654679736258e-17
relax and enjoy,3.832654679736258e-17
comfortable environment to,3.832654679736258e-17
comfortable environment,3.832654679736258e-17
comfortable,3.832654679736258e-17
of coffee coffee,3.832654679736258e-17
shop is the,3.832654679736258e-17
of coffee the,3.832654679736258e-17
of coffee while,3.832654679736258e-17
while relaxing coffee,3.832654679736258e-17
relaxation and,3.832654679736258e-17
to enjoy coffee,3.832654679736258e-17
table or,3.832654679736258e-17
or office are,3.832654679736258e-17
the kitchen,3.832654679736258e-17
the purpose,3.832654679736258e-17
the purpose of,3.832654679736258e-17
purpose of setting,3.832654679736258e-17
you can relax,3.832654679736258e-17
you can enjoy,3.832654679736258e-17
the kitchen hand,3.832654679736258e-17
provides comfortable environment,3.832654679736258e-17
table or office,3.832654679736258e-17
or office,3.832654679736258e-17
provides comfortable,3.832654679736258e-17
surprising,3.8163916471489756e-17
this is well,3.8163916471489756e-17
have large,3.8163916471489756e-17
where medical equipment,3.7947076036992655e-17
offices where medical,3.7947076036992655e-17
medical professionals,3.7947076036992655e-17
or nurses,3.7947076036992655e-17
procedures this,3.7947076036992655e-17
such as doctors,3.7947076036992655e-17
offices where,3.7947076036992655e-17
nurses,3.7947076036992655e-17
procedures this is,3.7947076036992655e-17
offices,3.7947076036992655e-17
such as medical,3.7947076036992655e-17
used for medical,3.7947076036992655e-17
or nurses may,3.7947076036992655e-17
behavior associated with,3.7947076036992655e-17
where medical professionals,3.7947076036992655e-17
common practice in,3.7947076036992655e-17
patients this,3.7947076036992655e-17
with work,3.7947076036992655e-17
patients,3.7947076036992655e-17
behavior associated,3.7947076036992655e-17
associated with work,3.7947076036992655e-17
cough,3.7947076036992655e-17
practice in,3.7947076036992655e-17
often used in,3.7947076036992655e-17
patients this is,3.7947076036992655e-17
ray machine as,3.7947076036992655e-17
practice in offices,3.7947076036992655e-17
professionals such as,3.7947076036992655e-17
nurses may be,3.7947076036992655e-17
professionals such,3.7947076036992655e-17
nurses may,3.7947076036992655e-17
office building where,3.7947076036992655e-17
not behavior associated,3.7947076036992655e-17
professionals,3.7947076036992655e-17
to some,3.7730235602495554e-17
having disability does,3.74049749507499e-17
that having disability,3.74049749507499e-17
for their success,3.74049749507499e-17
and support,3.74049749507499e-17
disability does,3.74049749507499e-17
disability does not,3.74049749507499e-17
acknowledgment,3.74049749507499e-17
note that having,3.74049749507499e-17
their success,3.74049749507499e-17
not necessarily make,3.74049749507499e-17
necessarily make,3.74049749507499e-17
necessarily make academic,3.74049749507499e-17
that having,3.74049749507499e-17
would be in,3.7377869896437765e-17
person speaking would,3.7377869896437765e-17
speaking would be,3.7377869896437765e-17
if,3.7377869896437765e-17
speaking would,3.7377869896437765e-17
typically involves physical,3.729655473350135e-17
ocean this,3.729655473350135e-17
requires effort,3.729655473350135e-17
self satisfaction,3.729655473350135e-17
requires effort and,3.729655473350135e-17
be intense as,3.729655473350135e-17
defeat the highs,3.729655473350135e-17
defeat the,3.729655473350135e-17
that requires effort,3.729655473350135e-17
of self importance,3.729655473350135e-17
intense as,3.729655473350135e-17
typically involves,3.729655473350135e-17
the adult is,3.729655473350135e-17
self importance,3.729655473350135e-17
adult is providing,3.729655473350135e-17
self satisfaction which,3.729655473350135e-17
lows can be,3.729655473350135e-17
and lows can,3.729655473350135e-17
self importance and,3.729655473350135e-17
the adult,3.729655473350135e-17
satisfaction,3.729655473350135e-17
satisfaction which,3.729655473350135e-17
correct the,3.729655473350135e-17
ocean this is,3.729655473350135e-17
is providing the,3.729655473350135e-17
the highs and,3.729655473350135e-17
can be intense,3.729655473350135e-17
full is,3.729655473350135e-17
providing the,3.729655473350135e-17
the highs,3.729655473350135e-17
suffering defeat the,3.729655473350135e-17
is providing,3.729655473350135e-17
result of,3.729655473350135e-17
satisfaction which can,3.729655473350135e-17
lead to feelings,3.729655473350135e-17
of castles,3.707971429900425e-17
germany,3.707971429900425e-17
fairy,3.707971429900425e-17
is the correct,3.707971429900425e-17
setting,3.686287386450715e-17
out which,3.664603343001005e-17
sometimes,3.664603343001005e-17
self mutilation which,3.664603343001005e-17
sometimes lead,3.664603343001005e-17
sometimes lead to,3.664603343001005e-17
self mutilation are,3.664603343001005e-17
would turn,3.664603343001005e-17
tearing one own,3.664603343001005e-17
not related in,3.664603343001005e-17
situation therefore the,3.664603343001005e-17
situation therefore,3.664603343001005e-17
implies,3.664603343001005e-17
to emotional,3.664603343001005e-17
to emotional eating,3.664603343001005e-17
one own body,3.664603343001005e-17
tearing,3.664603343001005e-17
out which is,3.664603343001005e-17
inside out which,3.664603343001005e-17
tearing one,3.664603343001005e-17
would turn inside,3.664603343001005e-17
therefore the lady,3.664603343001005e-17
of cutting or,3.664603343001005e-17
with negative emotions,3.664603343001005e-17
or negative situation,3.664603343001005e-17
own body,3.664603343001005e-17
or negative,3.664603343001005e-17
own body eating,3.664603343001005e-17
of eating to,3.664603343001005e-17
of self mutilation,3.664603343001005e-17
which is representation,3.664603343001005e-17
of cutting,3.664603343001005e-17
related in,3.664603343001005e-17
representation,3.664603343001005e-17
context of mental,3.664603343001005e-17
or tearing one,3.664603343001005e-17
representation of,3.664603343001005e-17
representation of self,3.664603343001005e-17
related in the,3.664603343001005e-17
or tearing,3.664603343001005e-17
to cope,3.664603343001005e-17
to cope with,3.664603343001005e-17
with negative,3.664603343001005e-17
weasel,3.642919299551295e-17
cooking,3.642919299551295e-17
weasel in,3.642919299551295e-17
the question asks,3.642919299551295e-17
the woods,3.642919299551295e-17
their habitat,3.642919299551295e-17
person with,3.642919299551295e-17
woods,3.642919299551295e-17
weasel in the,3.642919299551295e-17
in the woods,3.642919299551295e-17
of their habitat,3.642919299551295e-17
zoos,3.621235256101585e-17
consequences of,3.599551212651875e-17
emotional response to,3.599551212651875e-17
emotional response,3.599551212651875e-17
common emotional response,3.599551212651875e-17
common emotional,3.599551212651875e-17
work room is,3.5561831257524545e-17
then led them,3.5561831257524545e-17
room is,3.5561831257524545e-17
she then,3.5561831257524545e-17
to their places,3.5561831257524545e-17
to their suggests,3.5561831257524545e-17
to their workplaces,3.5561831257524545e-17
that the hostess,3.5561831257524545e-17
work room,3.5561831257524545e-17
occupations,3.5561831257524545e-17
occupations is,3.5561831257524545e-17
then led,3.5561831257524545e-17
the employees,3.5561831257524545e-17
their places,3.5561831257524545e-17
occupations is not,3.5561831257524545e-17
them to their,3.5561831257524545e-17
the employees to,3.5561831257524545e-17
or places,3.5561831257524545e-17
their workplaces or,3.5561831257524545e-17
or places of,3.5561831257524545e-17
their workplaces,3.5561831257524545e-17
their suggests that,3.5561831257524545e-17
their suggests,3.5561831257524545e-17
their places of,3.5561831257524545e-17
the phrase she,3.5561831257524545e-17
welcome guests,3.5561831257524545e-17
not place of,3.5561831257524545e-17
place of work,3.5561831257524545e-17
workplaces or places,3.5561831257524545e-17
she then led,3.5561831257524545e-17
workplaces,3.5561831257524545e-17
welcome guests or,3.5561831257524545e-17
specify group,3.5561831257524545e-17
or hugging employees,3.5561831257524545e-17
or hugging,3.5561831257524545e-17
work therefore,3.5561831257524545e-17
specify group and,3.5561831257524545e-17
not specify group,3.5561831257524545e-17
work work room,3.5561831257524545e-17
work work,3.5561831257524545e-17
hostess led the,3.5561831257524545e-17
hostess led,3.5561831257524545e-17
work therefore the,3.5561831257524545e-17
workplaces or,3.5561831257524545e-17
from others,3.5561831257524545e-17
of work therefore,3.5561831257524545e-17
the hostess led,3.5561831257524545e-17
welcome,3.5561831257524545e-17
led the employees,3.5561831257524545e-17
of work the,3.5561831257524545e-17
it can,3.5561831257524545e-17
of work work,3.5561831257524545e-17
led the,3.5561831257524545e-17
phrase she,3.5561831257524545e-17
phrase she then,3.5561831257524545e-17
work the other,3.5561831257524545e-17
on the assumption,3.491130995403324e-17
what occurs when,3.491130995403324e-17
question has lactose,3.491130995403324e-17
the assumption that,3.491130995403324e-17
question has,3.491130995403324e-17
when someone eats,3.491130995403324e-17
when consumed,3.491130995403324e-17
when consumed in,3.491130995403324e-17
that the rationale,3.491130995403324e-17
the assumption,3.491130995403324e-17
what occurs,3.491130995403324e-17
that follows which,3.491130995403324e-17
consuming cheese so,3.491130995403324e-17
symptom,3.491130995403324e-17
rationale provided is,3.491130995403324e-17
the person in,3.491130995403324e-17
much,3.491130995403324e-17
someone eats,3.491130995403324e-17
consuming cheese,3.491130995403324e-17
the illness that,3.491130995403324e-17
provided is,3.491130995403324e-17
symptom but rather,3.491130995403324e-17
provided is based,3.491130995403324e-17
the illness,3.491130995403324e-17
symptom but,3.491130995403324e-17
person in the,3.491130995403324e-17
person in,3.491130995403324e-17
to discomfort indigestion,3.491130995403324e-17
the question has,3.491130995403324e-17
to discomfort,3.491130995403324e-17
rationale provided,3.491130995403324e-17
the first symptom,3.491130995403324e-17
the rationale provided,3.491130995403324e-17
rather sleepiness,3.491130995403324e-17
too much,3.491130995403324e-17
too much cheese,3.491130995403324e-17
occurs when someone,3.491130995403324e-17
that follows,3.491130995403324e-17
consumed in,3.491130995403324e-17
consumed in excess,3.491130995403324e-17
someone eats too,3.491130995403324e-17
based on the,3.469446951953614e-17
map,3.469446951953614e-17
consuming,3.469446951953614e-17
and it,3.469446951953614e-17
is general term,3.469446951953614e-17
are not typically,3.469446951953614e-17
is general,3.469446951953614e-17
part of the,3.469446951953614e-17
to avoid,3.469446951953614e-17
not typically found,3.469446951953614e-17
for their,3.469446951953614e-17
map to,3.426078865054194e-17
it necessary,3.426078865054194e-17
making it necessary,3.426078865054194e-17
to help you,3.426078865054194e-17
not directly related,3.404394821604484e-17
location to,3.382710778154774e-17
trying,3.3393426912553537e-17
question asks what,3.3393426912553537e-17
asks what,3.3393426912553537e-17
found,3.3393426912553537e-17
live in,3.2959746043559335e-17
over and,3.2959746043559335e-17
is asking,3.2959746043559335e-17
asking,3.2959746043559335e-17
the individual goal,3.2742905609062234e-17
or profession making,3.2742905609062234e-17
profession making,3.2742905609062234e-17
profession making it,3.2742905609062234e-17
suitable choice for,3.2742905609062234e-17
choice for the,3.2742905609062234e-17
suitable choice,3.2742905609062234e-17
the specific,3.209238430557093e-17
because eating is,3.165870343657673e-17
and the next,3.165870343657673e-17
your body,3.165870343657673e-17
actions that can,3.122502256758253e-17
sally pushed harder,3.122502256758253e-17
risk the,3.122502256758253e-17
worth,3.122502256758253e-17
worth the,3.122502256758253e-17
sally actions in,3.122502256758253e-17
risk the question,3.122502256758253e-17
sally actions and,3.122502256758253e-17
worth the risk,3.122502256758253e-17
question pressure trying,3.122502256758253e-17
she might potentially,3.122502256758253e-17
consequence of sally,3.122502256758253e-17
the question states,3.122502256758253e-17
pressure trying harder,3.122502256758253e-17
pressure trying,3.122502256758253e-17
the risk the,3.122502256758253e-17
potentially die as,3.122502256758253e-17
potentially die,3.122502256758253e-17
competing was worth,3.122502256758253e-17
trying harder,3.122502256758253e-17
competing was,3.122502256758253e-17
thought competing,3.122502256758253e-17
thought competing was,3.122502256758253e-17
to any,3.122502256758253e-17
states that she,3.122502256758253e-17
states that,3.122502256758253e-17
the question pressure,3.122502256758253e-17
the question death,3.122502256758253e-17
not the direct,3.122502256758253e-17
the options do,3.122502256758253e-17
pushed harder she,3.122502256758253e-17
putting,3.122502256758253e-17
putting harder,3.122502256758253e-17
putting harder and,3.122502256758253e-17
the direct consequence,3.122502256758253e-17
the direct,3.122502256758253e-17
the consequences of,3.122502256758253e-17
the consequences,3.122502256758253e-17
question death,3.122502256758253e-17
question death is,3.122502256758253e-17
question states that,3.122502256758253e-17
question states,3.122502256758253e-17
question pressure,3.122502256758253e-17
that she thought,3.122502256758253e-17
consequences of sally,3.122502256758253e-17
was worth,3.122502256758253e-17
she thought competing,3.122502256758253e-17
she thought,3.122502256758253e-17
was worth the,3.122502256758253e-17
trying harder putting,3.122502256758253e-17
therefore it is,3.0574501264091225e-17
therefore it,3.0574501264091225e-17
to the other,3.043897599253054e-17
office building,3.0357660829594124e-17
be the primary,3.0357660829594124e-17
an office building,3.0357660829594124e-17
in an office,3.0357660829594124e-17
question therefore,3.0140820395097023e-17
objective of workday,3.0140820395097023e-17
objective of,3.0140820395097023e-17
objective,3.0140820395097023e-17
work related,3.0140820395097023e-17
universally,3.0140820395097023e-17
work related matters,3.0140820395097023e-17
related matters,3.0140820395097023e-17
universally applicable,3.0140820395097023e-17
universally applicable and,3.0140820395097023e-17
work so,3.0140820395097023e-17
with their colleagues,3.0140820395097023e-17
with the given,3.0140820395097023e-17
part of their,3.0140820395097023e-17
primary objective of,3.0140820395097023e-17
their colleagues learn,3.0140820395097023e-17
their job,3.0140820395097023e-17
their job responsibilities,3.0140820395097023e-17
possible to talk,3.0140820395097023e-17
possible to complete,3.0140820395097023e-17
related matters while,3.0140820395097023e-17
their work they,3.0140820395097023e-17
connect with their,3.0140820395097023e-17
connect with,3.0140820395097023e-17
connect,3.0140820395097023e-17
them to connect,3.0140820395097023e-17
the action,3.0140820395097023e-17
primary objective,3.0140820395097023e-17
work so the,3.0140820395097023e-17
primary reason,3.0140820395097023e-17
primary reason for,3.0140820395097023e-17
question therefore the,3.0140820395097023e-17
wearing hats,3.0140820395097023e-17
wear hats or,3.0140820395097023e-17
wear hats,3.0140820395097023e-17
what do,3.0140820395097023e-17
what do people,3.0140820395097023e-17
wearing hats is,3.0140820395097023e-17
the given,3.0140820395097023e-17
the given question,3.0140820395097023e-17
that aligns with,3.0140820395097023e-17
that aligns,3.0140820395097023e-17
workday wearing hats,3.0140820395097023e-17
the action that,3.0140820395097023e-17
workday wearing,3.0140820395097023e-17
workday,3.0140820395097023e-17
way for them,3.0140820395097023e-17
work this is,3.0140820395097023e-17
the primary objective,3.0140820395097023e-17
reason for their,3.0140820395097023e-17
work this,3.0140820395097023e-17
work they may,3.0140820395097023e-17
or kill,3.0140820395097023e-17
work they,3.0140820395097023e-17
given,3.0140820395097023e-17
or kill animals,3.0140820395097023e-17
the specific question,3.0140820395097023e-17
colleagues learn from,3.0140820395097023e-17
others wear,3.0140820395097023e-17
or talk,3.0140820395097023e-17
colleagues learn,3.0140820395097023e-17
to connect with,3.0140820395097023e-17
other as part,3.0140820395097023e-17
other as,3.0140820395097023e-17
others wear hats,3.0140820395097023e-17
which is primary,3.0140820395097023e-17
this is way,3.0140820395097023e-17
to do at,3.0140820395097023e-17
responsibilities however the,3.0140820395097023e-17
responsibilities,3.0140820395097023e-17
other or,3.0140820395097023e-17
specific question,3.0140820395097023e-17
specific question asks,3.0140820395097023e-17
so the correct,3.0140820395097023e-17
other and discuss,3.0140820395097023e-17
other or kill,3.0140820395097023e-17
typically aim,3.0140820395097023e-17
typically aim to,3.0140820395097023e-17
to connect,3.0140820395097023e-17
or talk to,3.0140820395097023e-17
given question,3.0140820395097023e-17
they are at,3.0140820395097023e-17
other while,3.0140820395097023e-17
complete job which,3.0140820395097023e-17
complete job learn,3.0140820395097023e-17
other while they,3.0140820395097023e-17
common goal for,3.0140820395097023e-17
people typically aim,3.0140820395097023e-17
other the,3.0140820395097023e-17
of workday wearing,3.0140820395097023e-17
of workday,3.0140820395097023e-17
responsibilities however,3.0140820395097023e-17
of their job,3.0140820395097023e-17
other and,3.0140820395097023e-17
used to,2.992397996059992e-17
something,2.949029909160572e-17
used for,2.949029909160572e-17
that are,2.873135757086587e-17
person suffers,2.862293735361732e-17
common and practical,2.862293735361732e-17
related to addressing,2.862293735361732e-17
be kicked,2.862293735361732e-17
person suffers from,2.862293735361732e-17
the day therefore,2.862293735361732e-17
the day they,2.862293735361732e-17
be kicked out,2.862293735361732e-17
or buying food,2.862293735361732e-17
or buying,2.862293735361732e-17
for james,2.862293735361732e-17
that can include,2.862293735361732e-17
the fridge,2.862293735361732e-17
financial obligations,2.862293735361732e-17
out of,2.862293735361732e-17
the best answer,2.862293735361732e-17
opening the fridge,2.862293735361732e-17
they typically cook,2.862293735361732e-17
typically cook,2.862293735361732e-17
relaxing,2.862293735361732e-17
overly hungry,2.862293735361732e-17
overly,2.862293735361732e-17
typically cook and,2.862293735361732e-17
rent,2.862293735361732e-17
practical solution,2.862293735361732e-17
practical solution to,2.862293735361732e-17
question eating breakfast,2.862293735361732e-17
obligations,2.862293735361732e-17
question eating,2.862293735361732e-17
substantial meal,2.862293735361732e-17
substantial meal that,2.862293735361732e-17
kicked out of,2.862293735361732e-17
suffers,2.862293735361732e-17
suffers from,2.862293735361732e-17
when person suffers,2.862293735361732e-17
suffers from hunger,2.862293735361732e-17
solution to addressing,2.862293735361732e-17
to avoid feeling,2.862293735361732e-17
overly hungry later,2.862293735361732e-17
opening,2.862293735361732e-17
opening the,2.862293735361732e-17
the question eating,2.862293735361732e-17
the fridge is,2.862293735361732e-17
difficult for,2.8189256484623115e-17
enemies,2.8189256484623115e-17
together to help,2.805373121306243e-17
would group together,2.805373121306243e-17
to help each,2.805373121306243e-17
would group,2.805373121306243e-17
other out,2.805373121306243e-17
eaten,2.7755575615628914e-17
puget sound,2.7321894746634712e-17
or mode of,2.7321894746634712e-17
the bald,2.7321894746634712e-17
regardless,2.7321894746634712e-17
regardless of,2.7321894746634712e-17
regardless of their,2.7321894746634712e-17
places where some,2.7321894746634712e-17
transportation live,2.7321894746634712e-17
this includes,2.7321894746634712e-17
this includes all,2.7321894746634712e-17
the bald eagle,2.7321894746634712e-17
things including humans,2.7321894746634712e-17
their habitat or,2.7321894746634712e-17
things including,2.7321894746634712e-17
transportation,2.7321894746634712e-17
on the surface,2.7321894746634712e-17
zoos are,2.7321894746634712e-17
sound,2.7321894746634712e-17
some animals,2.7321894746634712e-17
or mode,2.7321894746634712e-17
puget,2.7321894746634712e-17
provides the necessary,2.7321894746634712e-17
provides the,2.7321894746634712e-17
the moon,2.7321894746634712e-17
the earth this,2.7321894746634712e-17
the earth provides,2.7321894746634712e-17
the earth is,2.7321894746634712e-17
the moon fairgrounds,2.7321894746634712e-17
the most comprehensive,2.7321894746634712e-17
the necessary habitat,2.7321894746634712e-17
place of,2.7321894746634712e-17
the puget,2.7321894746634712e-17
the puget sound,2.7321894746634712e-17
where some,2.7321894746634712e-17
where some animals,2.7321894746634712e-17
some animals may,2.7321894746634712e-17
transportation live on,2.7321894746634712e-17
zoos are all,2.7321894746634712e-17
bald eagle,2.7321894746634712e-17
mode,2.7321894746634712e-17
for all,2.7321894746634712e-17
of transportation,2.7321894746634712e-17
is often used,2.7321894746634712e-17
comprehensive and accurate,2.7321894746634712e-17
eagle,2.7321894746634712e-17
mode of transportation,2.7321894746634712e-17
mode of,2.7321894746634712e-17
not where all,2.7321894746634712e-17
of transportation live,2.7321894746634712e-17
northern,2.7321894746634712e-17
to the experience,2.688821387764051e-17
as they are,2.688821387764051e-17
repeatedly the,2.688821387764051e-17
repeatedly the other,2.688821387764051e-17
scare is,2.688821387764051e-17
it would likely,2.688821387764051e-17
that does,2.688821387764051e-17
that does not,2.688821387764051e-17
fight is,2.688821387764051e-17
fight,2.688821387764051e-17
experience of,2.688821387764051e-17
of the surprise,2.688821387764051e-17
the intensity of,2.688821387764051e-17
the surprise,2.688821387764051e-17
the intensity,2.688821387764051e-17
the experience,2.688821387764051e-17
the experience of,2.688821387764051e-17
scare is vague,2.688821387764051e-17
unexpected,2.688821387764051e-17
when watching surprising,2.688821387764051e-17
when watching,2.688821387764051e-17
term that does,2.688821387764051e-17
that can refer,2.688821387764051e-17
surprised or annoyed,2.688821387764051e-17
unexpected event while,2.688821387764051e-17
still surprising this,2.688821387764051e-17
still surprising,2.688821387764051e-17
or annoyed surprise,2.688821387764051e-17
or annoyed,2.688821387764051e-17
surprise is,2.688821387764051e-17
surprise is general,2.688821387764051e-17
surprised as,2.688821387764051e-17
something different but,2.688821387764051e-17
something different,2.688821387764051e-17
surprised as they,2.688821387764051e-17
vague term,2.688821387764051e-17
term that can,2.688821387764051e-17
vague term that,2.688821387764051e-17
surprising show repeatedly,2.688821387764051e-17
surprising this,2.688821387764051e-17
show repeatedly the,2.688821387764051e-17
show repeatedly,2.688821387764051e-17
is common experience,2.688821387764051e-17
surprising this is,2.688821387764051e-17
watching surprising,2.688821387764051e-17
watching surprising show,2.688821387764051e-17
form,2.688821387764051e-17
over it would,2.688821387764051e-17
repeatedly,2.688821387764051e-17
surprised or,2.688821387764051e-17
unexpected event,2.688821387764051e-17
confrontation and,2.688821387764051e-17
physical confrontation and,2.688821387764051e-17
them feel,2.688821387764051e-17
common experience,2.688821387764051e-17
common experience when,2.688821387764051e-17
them feel irritated,2.688821387764051e-17
place where one,2.688821387764051e-17
confrontation and might,2.688821387764051e-17
while fight is,2.688821387764051e-17
while fight,2.688821387764051e-17
would likely make,2.688821387764051e-17
confrontation,2.688821387764051e-17
refer to any,2.688821387764051e-17
they are expecting,2.688821387764051e-17
they get,2.688821387764051e-17
they get surprising,2.688821387764051e-17
to any unexpected,2.688821387764051e-17
or surprised as,2.688821387764051e-17
or surprised,2.688821387764051e-17
of being surprised,2.688821387764051e-17
physical confrontation,2.688821387764051e-17
watching,2.6020852139652106e-17
concern,2.6020852139652106e-17
as result,2.6020852139652106e-17
to provide,2.5207700510287978e-17
to reach,2.5153490401663703e-17
reach second,2.5153490401663703e-17
second,2.5153490401663703e-17
for map,2.5153490401663703e-17
reach,2.5153490401663703e-17
to reach second,2.5153490401663703e-17
the container,2.47198095326695e-17
where it is,2.47198095326695e-17
provide dry and,2.47198095326695e-17
provide dry,2.47198095326695e-17
stored hostel,2.47198095326695e-17
production or in,2.47198095326695e-17
production or,2.47198095326695e-17
various items including,2.47198095326695e-17
various items,2.47198095326695e-17
production,2.47198095326695e-17
typically stored hostel,2.47198095326695e-17
containers,2.47198095326695e-17
prevent it from,2.47198095326695e-17
typically stored in,2.47198095326695e-17
prevent it,2.47198095326695e-17
prevent,2.47198095326695e-17
not typically stored,2.47198095326695e-17
where it may,2.47198095326695e-17
store various items,2.47198095326695e-17
to buy it,2.47198095326695e-17
supermarket which is,2.47198095326695e-17
store various,2.47198095326695e-17
containers and,2.47198095326695e-17
used to store,2.47198095326695e-17
supermarket which,2.47198095326695e-17
storing the container,2.47198095326695e-17
which is place,2.47198095326695e-17
used for production,2.47198095326695e-17
or being,2.47198095326695e-17
cabinet,2.47198095326695e-17
cabinets are,2.47198095326695e-17
secure location to,2.47198095326695e-17
to keep it,2.47198095326695e-17
container in,2.47198095326695e-17
container in supermarket,2.47198095326695e-17
the container in,2.47198095326695e-17
container is,2.47198095326695e-17
out or being,2.47198095326695e-17
out or,2.47198095326695e-17
them this,2.47198095326695e-17
storing the,2.47198095326695e-17
them this is,2.47198095326695e-17
container is typically,2.47198095326695e-17
or being damaged,2.47198095326695e-17
to keep them,2.47198095326695e-17
or in factory,2.47198095326695e-17
to store various,2.47198095326695e-17
cabinets,2.47198095326695e-17
secure location,2.47198095326695e-17
or in juice,2.47198095326695e-17
containers and provide,2.47198095326695e-17
stored hostel is,2.47198095326695e-17
stored in cabinet,2.47198095326695e-17
that are not,2.461138931542095e-17
schedule,2.42861286636753e-17
making schedule,2.42861286636753e-17
not related to,2.42861286636753e-17
kicked,2.42861286636753e-17
kicked out,2.42861286636753e-17
is most,2.42861286636753e-17
understanding the material,2.4069288229178198e-17
to navigate and,2.4069288229178198e-17
understanding the,2.4069288229178198e-17
to have guide,2.4069288229178198e-17
to navigate,2.4069288229178198e-17
complex,2.4069288229178198e-17
complex requiring,2.4069288229178198e-17
complex requiring map,2.4069288229178198e-17
classroom is,2.4069288229178198e-17
often large,2.4069288229178198e-17
the material,2.4069288229178198e-17
teacher or,2.4069288229178198e-17
teacher or guidance,2.4069288229178198e-17
or guidance counselor,2.4069288229178198e-17
classroom is often,2.4069288229178198e-17
teacher,2.4069288229178198e-17
guide,2.4069288229178198e-17
requiring,2.4069288229178198e-17
provide guidance,2.4069288229178198e-17
because classroom,2.4069288229178198e-17
because classroom is,2.4069288229178198e-17
you navigate making,2.4069288229178198e-17
requiring map,2.4069288229178198e-17
navigate around,2.4069288229178198e-17
you navigate and,2.4069288229178198e-17
material,2.4069288229178198e-17
requiring map to,2.4069288229178198e-17
and help,2.4069288229178198e-17
provide guidance and,2.4069288229178198e-17
would provide guidance,2.4069288229178198e-17
often large and,2.4069288229178198e-17
way around teacher,2.4069288229178198e-17
is because classroom,2.4069288229178198e-17
resource,2.3852447794681098e-17
resources they,2.3852447794681098e-17
resource for,2.3852447794681098e-17
resource for making,2.3852447794681098e-17
not place,2.3852447794681098e-17
class meeting and,2.3852447794681098e-17
class meeting,2.3852447794681098e-17
of knowledge,2.3852447794681098e-17
range of topics,2.3852447794681098e-17
range of,2.3852447794681098e-17
of knowledge which,2.3852447794681098e-17
range,2.3852447794681098e-17
topics,2.3852447794681098e-17
resources they do,2.3852447794681098e-17
requires knowledge in,2.3852447794681098e-17
university are,2.3852447794681098e-17
of topics,2.3852447794681098e-17
wide range,2.3852447794681098e-17
while color class,2.3852447794681098e-17
while color,2.3852447794681098e-17
of topics making,2.3852447794681098e-17
only choice,2.3852447794681098e-17
only choice that,2.3852447794681098e-17
require knowledge,2.3852447794681098e-17
require knowledge in,2.3852447794681098e-17
contains comprehensive,2.3852447794681098e-17
topics making it,2.3852447794681098e-17
contains comprehensive knowledge,2.3852447794681098e-17
color class meeting,2.3852447794681098e-17
color class,2.3852447794681098e-17
color,2.3852447794681098e-17
the only choice,2.3852447794681098e-17
required specific,2.3852447794681098e-17
required specific type,2.3852447794681098e-17
requires knowledge,2.3852447794681098e-17
topics making,2.3852447794681098e-17
wide range of,2.3852447794681098e-17
choice that directly,2.3852447794681098e-17
schedule while color,2.3852447794681098e-17
schedule therefore the,2.3852447794681098e-17
schedule therefore,2.3852447794681098e-17
choice that,2.3852447794681098e-17
schedule an encyclopedia,2.3852447794681098e-17
schedule an,2.3852447794681098e-17
type of knowledge,2.3852447794681098e-17
that contains comprehensive,2.3852447794681098e-17
that directly,2.3852447794681098e-17
that directly requires,2.3852447794681098e-17
on wide range,2.3852447794681098e-17
on wide,2.3852447794681098e-17
specific type,2.3852447794681098e-17
specific type of,2.3852447794681098e-17
that required specific,2.3852447794681098e-17
that the major,2.3852447794681098e-17
university are also,2.3852447794681098e-17
schedule while,2.3852447794681098e-17
context suggests,2.3418766925686896e-17
too vague,2.3418766925686896e-17
too vague and,2.3418766925686896e-17
context suggests that,2.3418766925686896e-17
vague and,2.3418766925686896e-17
the context suggests,2.3418766925686896e-17
is too,2.3418766925686896e-17
is too vague,2.3418766925686896e-17
not directly relate,2.336455681706262e-17
relate to the,2.336455681706262e-17
problem,2.2768245622195593e-17
common and less,2.2551405187698492e-17
to friend,2.2551405187698492e-17
them to continue,2.2551405187698492e-17
company they also,2.2551405187698492e-17
company they,2.2551405187698492e-17
this allows them,2.2551405187698492e-17
and focus on,2.2551405187698492e-17
and focus,2.2551405187698492e-17
other group together,2.2551405187698492e-17
other group,2.2551405187698492e-17
their friendship,2.2551405187698492e-17
positive and,2.2551405187698492e-17
positive and productive,2.2551405187698492e-17
they typically part,2.2551405187698492e-17
productive relationship while,2.2551405187698492e-17
they also,2.2551405187698492e-17
accurate,2.2551405187698492e-17
they also signal,2.2551405187698492e-17
to avoid each,2.2551405187698492e-17
on their own,2.2551405187698492e-17
and accurate,2.2551405187698492e-17
or understand each,2.2551405187698492e-17
or understand,2.2551405187698492e-17
to continue,2.2551405187698492e-17
their own needs,2.2551405187698492e-17
other embarrassment or,2.2551405187698492e-17
other embarrassment,2.2551405187698492e-17
productive relationship,2.2551405187698492e-17
to continue their,2.2551405187698492e-17
their friendship and,2.2551405187698492e-17
they are parting,2.2551405187698492e-17
company to avoid,2.2551405187698492e-17
company to,2.2551405187698492e-17
relationship,2.2551405187698492e-17
intolerance,2.2551405187698492e-17
lose,2.2551405187698492e-17
less common,2.2551405187698492e-17
to maintain positive,2.2551405187698492e-17
lactose intolerance,2.2551405187698492e-17
lactose,2.2551405187698492e-17
or frustration this,2.2551405187698492e-17
or frustration,2.2551405187698492e-17
ways which helps,2.2551405187698492e-17
ways which,2.2551405187698492e-17
own needs,2.2551405187698492e-17
own needs by,2.2551405187698492e-17
typically part,2.2551405187698492e-17
typically part company,2.2551405187698492e-17
signal,2.2551405187698492e-17
signal that,2.2551405187698492e-17
understand each other,2.2551405187698492e-17
parting ways which,2.2551405187698492e-17
understand each,2.2551405187698492e-17
parting ways,2.2551405187698492e-17
relationship while,2.2551405187698492e-17
relationship while it,2.2551405187698492e-17
which helps to,2.2551405187698492e-17
which helps,2.2551405187698492e-17
other these,2.2551405187698492e-17
other these options,2.2551405187698492e-17
atmosphere,2.2551405187698492e-17
part company,2.2551405187698492e-17
the first response,2.2551405187698492e-17
response to friend,2.2551405187698492e-17
together or,2.2551405187698492e-17
together or understand,2.2551405187698492e-17
part company to,2.2551405187698492e-17
parting company,2.2551405187698492e-17
parting company they,2.2551405187698492e-17
signal that they,2.2551405187698492e-17
runner,2.211772431870429e-17
engaging in,2.1955093992831465e-17
engaging,2.1955093992831465e-17
of cheese can,2.190088388420719e-17
made of,2.190088388420719e-17
made of cheese,2.190088388420719e-17
eating dinner made,2.190088388420719e-17
eating dinner,2.190088388420719e-17
dinner made,2.190088388420719e-17
dinner made of,2.190088388420719e-17
of cheese,2.190088388420719e-17
cheese can,2.190088388420719e-17
cheese can cause,2.190088388420719e-17
because eating dinner,2.190088388420719e-17
about to cross,2.168404344971009e-17
they are about,2.168404344971009e-17
importance,2.168404344971009e-17
to cross,2.168404344971009e-17
she might,2.168404344971009e-17
are about to,2.168404344971009e-17
cross,2.168404344971009e-17
when runner is,2.168404344971009e-17
are about,2.168404344971009e-17
if sally pushed,2.168404344971009e-17
sally pushed,2.168404344971009e-17
is risk,2.168404344971009e-17
cross the,2.168404344971009e-17
when runner,2.168404344971009e-17
to cross the,2.168404344971009e-17
cross the finish,2.168404344971009e-17
alone,2.1467203015212988e-17
vague and hurt,2.1250362580715887e-17
solution to the,2.1250362580715887e-17
serve guests this,2.1250362580715887e-17
serve guests,2.1250362580715887e-17
serve,2.1250362580715887e-17
because the hostess,2.1250362580715887e-17
out of their,2.1250362580715887e-17
to greet and,2.1250362580715887e-17
pay bills such,2.1250362580715887e-17
other financial obligations,2.1250362580715887e-17
other financial,2.1250362580715887e-17
out therefore the,2.1250362580715887e-17
out therefore,2.1250362580715887e-17
the hostess is,2.1250362580715887e-17
or other financial,2.1250362580715887e-17
to greet,2.1250362580715887e-17
the problem,2.1250362580715887e-17
of needing,2.1250362580715887e-17
program and the,2.1250362580715887e-17
their house,2.1250362580715887e-17
their house they,2.1250362580715887e-17
program such,2.1250362580715887e-17
because when someone,2.1250362580715887e-17
the hostess typically,2.1250362580715887e-17
utilities rent or,2.1250362580715887e-17
the house,2.1250362580715887e-17
situation of,2.1250362580715887e-17
context pay,2.1250362580715887e-17
the situation of,2.1250362580715887e-17
problem of,2.1250362580715887e-17
reception,2.1250362580715887e-17
utilities rent,2.1250362580715887e-17
reception where,2.1250362580715887e-17
utilities,2.1250362580715887e-17
reception where seating,2.1250362580715887e-17
context pay bills,2.1250362580715887e-17
of needing money,2.1250362580715887e-17
problem of being,2.1250362580715887e-17
someone is afraid,2.1250362580715887e-17
seats at,2.1250362580715887e-17
to leave the,2.1250362580715887e-17
to leave,2.1250362580715887e-17
the problem of,2.1250362580715887e-17
program and,2.1250362580715887e-17
pay bills is,2.1250362580715887e-17
situation of needing,2.1250362580715887e-17
the house for,2.1250362580715887e-17
seats at program,2.1250362580715887e-17
this context pay,2.1250362580715887e-17
their seats,2.1250362580715887e-17
rent or,2.1250362580715887e-17
their seats at,2.1250362580715887e-17
not solution,2.1250362580715887e-17
such as utilities,2.1250362580715887e-17
such as wedding,2.1250362580715887e-17
relevant answer in,2.1250362580715887e-17
not relevant answer,2.1250362580715887e-17
typically present to,2.1250362580715887e-17
typically present,2.1250362580715887e-17
typically need money,2.1250362580715887e-17
they typically need,2.1250362580715887e-17
relevant answer,2.1250362580715887e-17
rent or other,2.1250362580715887e-17
typically need,2.1250362580715887e-17
typically leads guests,2.1250362580715887e-17
typically leads,2.1250362580715887e-17
they will,2.1250362580715887e-17
they will be,2.1250362580715887e-17
where seating,2.1250362580715887e-17
where seating is,2.1250362580715887e-17
of being kicked,2.1250362580715887e-17
obligations the other,2.1250362580715887e-17
seating is,2.1250362580715887e-17
present to greet,2.1250362580715887e-17
wedding reception,2.1250362580715887e-17
wedding,2.1250362580715887e-17
to the problem,2.1250362580715887e-17
obligations the,2.1250362580715887e-17
of their house,2.1250362580715887e-17
to their seats,2.1250362580715887e-17
his,2.1250362580715887e-17
will be kicked,2.1250362580715887e-17
program such as,2.1250362580715887e-17
wedding reception where,2.1250362580715887e-17
not solution to,2.1250362580715887e-17
present to,2.1250362580715887e-17
seating is arranged,2.1250362580715887e-17
seats,2.1250362580715887e-17
does not necessarily,2.108773225484306e-17
the opposite,2.0816681711721685e-17
so it will,2.0816681711721685e-17
the opposite of,2.0816681711721685e-17
term that applies,2.0816681711721685e-17
use all,2.0816681711721685e-17
murder,2.0816681711721685e-17
the food this,2.0816681711721685e-17
the most general,2.0816681711721685e-17
the food it,2.0816681711721685e-17
to the state,2.0816681711721685e-17
not state,2.0816681711721685e-17
the body does,2.0816681711721685e-17
question asks,2.0816681711721685e-17
use all of,2.0816681711721685e-17
the day before,2.0816681711721685e-17
of getting full,2.0816681711721685e-17
of getting,2.0816681711721685e-17
not state of,2.0816681711721685e-17
opposite of getting,2.0816681711721685e-17
not use,2.0816681711721685e-17
before,2.0816681711721685e-17
reduced,2.0816681711721685e-17
opposite,2.0816681711721685e-17
opposite of,2.0816681711721685e-17
reduced means,2.0816681711721685e-17
reduced means the,2.0816681711721685e-17
is that,2.0816681711721685e-17
of being after,2.0816681711721685e-17
of being however,2.0816681711721685e-17
not use all,2.0816681711721685e-17
to dispose of,2.0816681711721685e-17
to dispose,2.0816681711721685e-17
for them to,2.0383000842727483e-17
form of,2.0383000842727483e-17
used in,2.0383000842727483e-17
for them,2.0383000842727483e-17
likely cause,1.951563910473908e-17
is logical,1.951563910473908e-17
would likely cause,1.951563910473908e-17
afraid,1.9244588561617704e-17
they do not,1.9081958235744878e-17
one can,1.9081958235744878e-17
possible that they,1.9081958235744878e-17
that the,1.9081958235744878e-17
should,1.9081958235744878e-17
experienced when,1.9081958235744878e-17
they typically,1.9081958235744878e-17
that they may,1.9081958235744878e-17
where one can,1.9081958235744878e-17
only remaining,1.8973538018496328e-17
sneezing is not,1.8973538018496328e-17
work it is,1.8973538018496328e-17
or sneeze due,1.8973538018496328e-17
not physical reaction,1.8973538018496328e-17
common for,1.8973538018496328e-17
to cough,1.8973538018496328e-17
them to cough,1.8973538018496328e-17
only remaining option,1.8973538018496328e-17
remaining option is,1.8973538018496328e-17
remaining option,1.8973538018496328e-17
remaining,1.8973538018496328e-17
common for them,1.8973538018496328e-17
to cough or,1.8973538018496328e-17
with work and,1.8973538018496328e-17
sneezing is,1.8973538018496328e-17
work concert is,1.8973538018496328e-17
reaction to,1.8973538018496328e-17
reaction,1.8973538018496328e-17
physical reaction,1.8973538018496328e-17
physical reaction to,1.8973538018496328e-17
work and,1.8973538018496328e-17
behavior and,1.8973538018496328e-17
sharing of ideas,1.8973538018496328e-17
work concert,1.8973538018496328e-17
to speaking,1.8973538018496328e-17
to speaking therefore,1.8973538018496328e-17
of ideas is,1.8973538018496328e-17
speaking is not,1.8973538018496328e-17
reaction to speaking,1.8973538018496328e-17
sharing of,1.8973538018496328e-17
physical exertion involved,1.8973538018496328e-17
the only remaining,1.8973538018496328e-17
sharing,1.8973538018496328e-17
sneeze,1.8973538018496328e-17
or sneeze,1.8973538018496328e-17
the physical exertion,1.8973538018496328e-17
option is cough,1.8973538018496328e-17
with work concert,1.8973538018496328e-17
speaking this is,1.8973538018496328e-17
speaking this,1.8973538018496328e-17
speaking therefore the,1.8973538018496328e-17
sneeze due to,1.8973538018496328e-17
speaking therefore,1.8973538018496328e-17
sneeze due,1.8973538018496328e-17
work and speaking,1.8973538018496328e-17
tasks harder for,1.870248747537495e-17
that acknowledgment,1.870248747537495e-17
tasks harder,1.870248747537495e-17
or failure,1.870248747537495e-17
support from,1.870248747537495e-17
support from others,1.870248747537495e-17
support crucial,1.870248747537495e-17
person making acknowledgment,1.870248747537495e-17
person making,1.870248747537495e-17
success or failure,1.870248747537495e-17
success or,1.870248747537495e-17
success however it,1.870248747537495e-17
success however,1.870248747537495e-17
success and support,1.870248747537495e-17
success and,1.870248747537495e-17
person it is,1.870248747537495e-17
person it,1.870248747537495e-17
well it,1.870248747537495e-17
well it is,1.870248747537495e-17
or failure in,1.870248747537495e-17
support crucial for,1.870248747537495e-17
that acknowledgment alone,1.870248747537495e-17
note that acknowledgment,1.870248747537495e-17
others is essential,1.870248747537495e-17
achieving,1.870248747537495e-17
their educational,1.870248747537495e-17
their success however,1.870248747537495e-17
their success or,1.870248747537495e-17
their educational goals,1.870248747537495e-17
and maintaining,1.8675382421062814e-17
maintaining,1.8675382421062814e-17
to conversation,1.8648277366750676e-17
questions and,1.8648277366750676e-17
or explanation,1.8648277366750676e-17
to be correct,1.8648277366750676e-17
is the other,1.8648277366750676e-17
to wear,1.8648277366750676e-17
when an adult,1.8648277366750676e-17
or explanation of,1.8648277366750676e-17
the child,1.8648277366750676e-17
the child lacks,1.8648277366750676e-17
of ideas teaching,1.8648277366750676e-17
the situation and,1.8648277366750676e-17
situation and do,1.8648277366750676e-17
questions,1.8648277366750676e-17
situation which is,1.8648277366750676e-17
that the child,1.8648277366750676e-17
skill,1.8648277366750676e-17
skill or,1.8648277366750676e-17
understanding that,1.8648277366750676e-17
understanding that the,1.8648277366750676e-17
skill or knowledge,1.8648277366750676e-17
term that refers,1.8648277366750676e-17
the information and,1.8648277366750676e-17
questions and child,1.8648277366750676e-17
the information,1.8648277366750676e-17
or knowledge,1.8648277366750676e-17
the explanation or,1.8648277366750676e-17
specific skill,1.8648277366750676e-17
specific skill or,1.8648277366750676e-17
the explanation,1.8648277366750676e-17
refers to conversation,1.8648277366750676e-17
of the situation,1.8648277366750676e-17
child is,1.8648277366750676e-17
therefore is,1.8648277366750676e-17
providing the explanation,1.8648277366750676e-17
providing the information,1.8648277366750676e-17
child is asking,1.8648277366750676e-17
child lacks,1.8648277366750676e-17
therefore is correct,1.8648277366750676e-17
to conversation or,1.8648277366750676e-17
or exchange,1.8648277366750676e-17
what it means,1.8648277366750676e-17
teaching,1.8648277366750676e-17
child lacks and,1.8648277366750676e-17
what it,1.8648277366750676e-17
when an,1.8648277366750676e-17
or exchange of,1.8648277366750676e-17
teaching is specific,1.8648277366750676e-17
teaching is,1.8648277366750676e-17
them the adult,1.8648277366750676e-17
them the,1.8648277366750676e-17
include,1.85940672581264e-17
as well,1.8214596497756474e-17
more common,1.7780915628762273e-17
implies that,1.7780915628762273e-17
often carry variety,1.734723475976807e-17
these locations the,1.734723475976807e-17
possible to purchase,1.734723475976807e-17
other types,1.734723475976807e-17
other types of,1.734723475976807e-17
repair or construction,1.734723475976807e-17
including saws,1.734723475976807e-17
or tool kit,1.734723475976807e-17
of these locations,1.734723475976807e-17
specialize in,1.734723475976807e-17
book,1.734723475976807e-17
specialize in tools,1.734723475976807e-17
specialize,1.734723475976807e-17
or tool,1.734723475976807e-17
some of these,1.734723475976807e-17
of other tools,1.734723475976807e-17
saws hardware,1.734723475976807e-17
these locations,1.734723475976807e-17
other tools and,1.734723475976807e-17
saws in,1.734723475976807e-17
saws in some,1.734723475976807e-17
saws that,1.734723475976807e-17
saws that are,1.734723475976807e-17
they typically carry,1.734723475976807e-17
kit,1.734723475976807e-17
sentence,1.734723475976807e-17
logging,1.734723475976807e-17
construction,1.734723475976807e-17
construction and,1.734723475976807e-17
to purchase,1.734723475976807e-17
various tools including,1.734723475976807e-17
various tools,1.734723475976807e-17
to purchase saws,1.734723475976807e-17
variety of saws,1.734723475976807e-17
variety of other,1.734723475976807e-17
one can purchase,1.734723475976807e-17
midwest,1.734723475976807e-17
often carry,1.734723475976807e-17
making,1.734723475976807e-17
saws hardware stores,1.734723475976807e-17
people do,1.734723475976807e-17
other tools,1.734723475976807e-17
construction and they,1.734723475976807e-17
some of,1.734723475976807e-17
or construction,1.734723475976807e-17
tools including saws,1.734723475976807e-17
tool kit while,1.734723475976807e-17
stores additionally,1.734723475976807e-17
stores additionally hardware,1.734723475976807e-17
stores often,1.734723475976807e-17
stores often carry,1.734723475976807e-17
stores specialize,1.734723475976807e-17
stores specialize in,1.734723475976807e-17
toolbox,1.734723475976807e-17
toolbox logging,1.734723475976807e-17
toolbox logging camp,1.734723475976807e-17
tools including,1.734723475976807e-17
equipment for,1.734723475976807e-17
of stores additionally,1.734723475976807e-17
store is place,1.734723475976807e-17
the act of,1.734723475976807e-17
or construction and,1.734723475976807e-17
the act,1.734723475976807e-17
repair,1.734723475976807e-17
purchase various tools,1.734723475976807e-17
purchase various,1.734723475976807e-17
purchase saws in,1.734723475976807e-17
purchase saws,1.734723475976807e-17
of stores,1.734723475976807e-17
of saws,1.734723475976807e-17
of saws that,1.734723475976807e-17
types of stores,1.734723475976807e-17
tool kit,1.734723475976807e-17
repair or,1.734723475976807e-17
tool,1.734723475976807e-17
expression,1.5829351718288365e-17
is state,1.5178830414797062e-17
is state known,1.5178830414797062e-17
illinois is state,1.5178830414797062e-17
good place,1.5178830414797062e-17
good place to,1.5178830414797062e-17
state known,1.5178830414797062e-17
state known for,1.5178830414797062e-17
additionally illinois is,1.5178830414797062e-17
great,1.474514954580286e-17
difficulty,1.431146867680866e-17
do understand something,1.3877787807814457e-17
that everyone has,1.3877787807814457e-17
everyone has different,1.3877787807814457e-17
understand something,1.3877787807814457e-17
everyone has,1.3877787807814457e-17
has different,1.3877787807814457e-17
do understand,1.3877787807814457e-17
washington,1.3660947373317356e-17
st helen to,1.3660947373317356e-17
washington and the,1.3660947373317356e-17
st helen,1.3660947373317356e-17
from mount,1.3660947373317356e-17
st,1.3660947373317356e-17
the united states,1.3660947373317356e-17
the united,1.3660947373317356e-17
state therefore it,1.3660947373317356e-17
from mount st,1.3660947373317356e-17
states specifically northern,1.3660947373317356e-17
the state therefore,1.3660947373317356e-17
of the state,1.3660947373317356e-17
helen to the,1.3660947373317356e-17
water located,1.3660947373317356e-17
that the bald,1.3660947373317356e-17
water located in,1.3660947373317356e-17
region is,1.3660947373317356e-17
plausible answer,1.3660947373317356e-17
state therefore,1.3660947373317356e-17
to conclude,1.3660947373317356e-17
to conclude that,1.3660947373317356e-17
over the northern,1.3660947373317356e-17
state of washington,1.3660947373317356e-17
symbol of the,1.3660947373317356e-17
symbol of,1.3660947373317356e-17
well known symbol,1.3660947373317356e-17
of water located,1.3660947373317356e-17
symbol,1.3660947373317356e-17
puget sound and,1.3660947373317356e-17
of water,1.3660947373317356e-17
of washington and,1.3660947373317356e-17
well known location,1.3660947373317356e-17
well known body,1.3660947373317356e-17
well known and,1.3660947373317356e-17
puget sound region,1.3660947373317356e-17
of washington,1.3660947373317356e-17
helen to,1.3660947373317356e-17
region is well,1.3660947373317356e-17
specifically northern california,1.3660947373317356e-17
washington and,1.3660947373317356e-17
specifically northern,1.3660947373317356e-17
united,1.3660947373317356e-17
sound region is,1.3660947373317356e-17
sound region,1.3660947373317356e-17
sound and all,1.3660947373317356e-17
sound and,1.3660947373317356e-17
united states specifically,1.3660947373317356e-17
united states,1.3660947373317356e-17
the northern,1.3660947373317356e-17
helen,1.3660947373317356e-17
the northern part,1.3660947373317356e-17
of the united,1.3660947373317356e-17
to the puget,1.3660947373317356e-17
mount st helen,1.3660947373317356e-17
mount st,1.3660947373317356e-17
body of,1.3660947373317356e-17
states specifically,1.3660947373317356e-17
mount,1.3660947373317356e-17
trying to,1.3118846287074604e-17
particular,1.2793585635328952e-17
sale as,1.2576745200831851e-17
way especially if,1.2576745200831851e-17
them checked,1.2576745200831851e-17
them checked out,1.2576745200831851e-17
you might need,1.2576745200831851e-17
to physical location,1.2576745200831851e-17
you find,1.2576745200831851e-17
professional an,1.2576745200831851e-17
you would need,1.2576745200831851e-17
stop is common,1.2576745200831851e-17
place to look,1.2576745200831851e-17
go,1.2576745200831851e-17
or are,1.2576745200831851e-17
to physical,1.2576745200831851e-17
typical location for,1.2576745200831851e-17
would need,1.2576745200831851e-17
would need to,1.2576745200831851e-17
well as to,1.2576745200831851e-17
not typical location,1.2576745200831851e-17
an amusement park,1.2576745200831851e-17
park is not,1.2576745200831851e-17
sale as well,1.2576745200831851e-17
to have them,1.2576745200831851e-17
sale,1.2576745200831851e-17
an amusement,1.2576745200831851e-17
stop is,1.2576745200831851e-17
truck stop is,1.2576745200831851e-17
way especially,1.2576745200831851e-17
the road you,1.2576745200831851e-17
to go,1.2576745200831851e-17
typical location,1.2576745200831851e-17
from,1.2576745200831851e-17
out by roadside,1.2576745200831851e-17
out by,1.2576745200831851e-17
professional an amusement,1.2576745200831851e-17
road you,1.2576745200831851e-17
is not typical,1.2576745200831851e-17
road you might,1.2576745200831851e-17
roadside,1.2576745200831851e-17
or are lost,1.2576745200831851e-17
you have limited,1.2576745200831851e-17
to go to,1.2576745200831851e-17
you find your,1.2576745200831851e-17
roadside assistance,1.2576745200831851e-17
traveling on,1.2576745200831851e-17
when traveling,1.2576745200831851e-17
your way especially,1.2576745200831851e-17
traveling on the,1.2576745200831851e-17
one and,1.2576745200831851e-17
to find maps,1.2576745200831851e-17
one and mall,1.2576745200831851e-17
when traveling on,1.2576745200831851e-17
roadside assistance professional,1.2576745200831851e-17
physical location to,1.2576745200831851e-17
not place to,1.2576745200831851e-17
for sale,1.2576745200831851e-17
general term,1.2495430037895439e-17
consequence of,1.214306433183765e-17
consequence,1.214306433183765e-17
death due to,1.1709383462843448e-17
death due,1.1709383462843448e-17
means,1.1275702593849246e-17
over might scare,1.1248597539537109e-17
scare them,1.1248597539537109e-17
over might,1.1248597539537109e-17
used by runners,1.0842021724855044e-17
for instance,1.0842021724855044e-17
reaching,1.0842021724855044e-17
common strategy,1.0842021724855044e-17
used by,1.0842021724855044e-17
common strategy used,1.0842021724855044e-17
to the finish,1.0842021724855044e-17
competitive situation,1.0842021724855044e-17
third place,1.0842021724855044e-17
make it to,1.0842021724855044e-17
third place and,1.0842021724855044e-17
make it,1.0842021724855044e-17
to describe moment,1.0842021724855044e-17
reach second is,1.0842021724855044e-17
to increase,1.0842021724855044e-17
reaching the,1.0842021724855044e-17
reaching the finish,1.0842021724855044e-17
instance,1.0842021724855044e-17
indicating that they,1.0842021724855044e-17
indicating that,1.0842021724855044e-17
indicating,1.0842021724855044e-17
their chances,1.0842021724855044e-17
their chances of,1.0842021724855044e-17
to increase their,1.0842021724855044e-17
the phrase might,1.0842021724855044e-17
to make it,1.0842021724855044e-17
second is common,1.0842021724855044e-17
second is,1.0842021724855044e-17
pushes harder it,1.0842021724855044e-17
pushes harder,1.0842021724855044e-17
of reaching,1.0842021724855044e-17
common expression,1.0842021724855044e-17
pushes,1.0842021724855044e-17
of reaching the,1.0842021724855044e-17
place and pushes,1.0842021724855044e-17
strategy used,1.0842021724855044e-17
phrase might,1.0842021724855044e-17
it to,1.0842021724855044e-17
in third place,1.0842021724855044e-17
in third,1.0842021724855044e-17
runners to increase,1.0842021724855044e-17
runners to,1.0842021724855044e-17
runners,1.0842021724855044e-17
runner is in,1.0842021724855044e-17
common expression used,1.0842021724855044e-17
strategy used by,1.0842021724855044e-17
phrase might be,1.0842021724855044e-17
is book,1.0625181290357943e-17
europe,1.0516761073109393e-17
place for,1.0408340855860843e-17
the rationale for,1.0408340855860843e-17
therefore the rationale,1.0408340855860843e-17
rationale for,1.0408340855860843e-17
used to describe,1.0191500421363742e-17
means to,9.86623976961809e-18
would allow,9.540979117872439e-18
money would allow,9.540979117872439e-18
rationale for this,9.540979117872439e-18
getting money would,9.540979117872439e-18
getting money,9.540979117872439e-18
book that contains,9.540979117872439e-18
doctor office,9.540979117872439e-18
doctor,9.540979117872439e-18
an appointment is,9.540979117872439e-18
contains,9.540979117872439e-18
money would,9.540979117872439e-18
in doctor office,9.540979117872439e-18
and getting money,9.540979117872439e-18
that contains,9.540979117872439e-18
additionally waiting,9.540979117872439e-18
appointment is,9.540979117872439e-18
allow,9.540979117872439e-18
additionally waiting for,9.540979117872439e-18
book that,9.540979117872439e-18
read magazines,9.540979117872439e-18
read,9.540979117872439e-18
in doctor,9.540979117872439e-18
not place where,9.324138683375338e-18
but they are,9.215718466126788e-18
start,8.673617379884035e-18
start killing,8.673617379884035e-18
the potential consequences,8.673617379884035e-18
the option that,8.673617379884035e-18
to start killing,8.673617379884035e-18
to start,8.673617379884035e-18
question is asking,8.673617379884035e-18
of guilt or,8.673617379884035e-18
of receiving,8.673617379884035e-18
that corresponds,8.673617379884035e-18
that corresponds to,8.673617379884035e-18
punishment,8.673617379884035e-18
punishment for,8.673617379884035e-18
punishment for such,8.673617379884035e-18
of receiving death,8.673617379884035e-18
that the death,8.673617379884035e-18
start killing people,8.673617379884035e-18
the answer could,8.673617379884035e-18
the death,8.673617379884035e-18
such an offense,8.673617379884035e-18
someone were to,8.673617379884035e-18
to the concept,8.673617379884035e-18
of guilt,8.673617379884035e-18
the death penalty,8.673617379884035e-18
for such,8.673617379884035e-18
someone were,8.673617379884035e-18
consequences of killing,8.673617379884035e-18
sentence however it,8.673617379884035e-18
sentence however,8.673617379884035e-18
option that,8.673617379884035e-18
or prison,8.673617379884035e-18
killing people,8.673617379884035e-18
potential consequences of,8.673617379884035e-18
potential consequences,8.673617379884035e-18
were to,8.673617379884035e-18
were to start,8.673617379884035e-18
or prison sentence,8.673617379884035e-18
offense,8.673617379884035e-18
what would be,8.673617379884035e-18
offense therefore,8.673617379884035e-18
of killing so,8.673617379884035e-18
offense therefore the,8.673617379884035e-18
is common activity,8.673617379884035e-18
option that corresponds,8.673617379884035e-18
common activity,8.673617379884035e-18
receive if someone,8.673617379884035e-18
receive if,8.673617379884035e-18
penalty is an,8.673617379884035e-18
receiving death sentence,8.673617379884035e-18
penalty is,8.673617379884035e-18
penalty,8.673617379884035e-18
to receive if,8.673617379884035e-18
receiving death,8.673617379884035e-18
prison sentence,8.673617379884035e-18
prison,8.673617379884035e-18
people implying,8.673617379884035e-18
people implying that,8.673617379884035e-18
scenario for,8.239936510889834e-18
scenario for example,8.239936510889834e-18
this scenario,8.239936510889834e-18
this scenario for,8.239936510889834e-18
surprising show,8.239936510889834e-18
scenario,8.239936510889834e-18
zoo,7.806255641895632e-18
to the area,7.806255641895632e-18
native to the,7.806255641895632e-18
native,7.806255641895632e-18
result in enemies,7.806255641895632e-18
native to,7.806255641895632e-18
consequences,7.806255641895632e-18
pushing more,7.806255641895632e-18
pushing more might,7.806255641895632e-18
should be,7.806255641895632e-18
in zoo,7.806255641895632e-18
care,7.589415207398531e-18
if it hot,7.37257477290143e-18
it hot,7.37257477290143e-18
wet,7.37257477290143e-18
it hot outside,7.37257477290143e-18
if it,7.37257477290143e-18
to difficult,6.938893903907228e-18
situations,6.938893903907228e-18
sick as result,6.938893903907228e-18
common and expected,6.938893903907228e-18
sick as,6.938893903907228e-18
sick,6.938893903907228e-18
to find balance,6.938893903907228e-18
confusing situations it,6.938893903907228e-18
confusing situations,6.938893903907228e-18
confusing,6.938893903907228e-18
to difficult or,6.938893903907228e-18
term that,6.938893903907228e-18
receiving the necessary,6.938893903907228e-18
safe and to,6.938893903907228e-18
result of not,6.938893903907228e-18
they do understand,6.938893903907228e-18
they may get,6.938893903907228e-18
response to difficult,6.938893903907228e-18
when people do,6.938893903907228e-18
when they do,6.938893903907228e-18
remember,6.938893903907228e-18
remember that,6.938893903907228e-18
remember that everyone,6.938893903907228e-18
situations it,6.938893903907228e-18
receiving the,6.938893903907228e-18
take care of,6.938893903907228e-18
to remember,6.938893903907228e-18
not receiving,6.938893903907228e-18
not receiving the,6.938893903907228e-18
take care,6.938893903907228e-18
susceptibilities and that,6.938893903907228e-18
susceptibilities and,6.938893903907228e-18
susceptibilities,6.938893903907228e-18
understand something therefore,6.938893903907228e-18
understand something they,6.938893903907228e-18
understanding and,6.938893903907228e-18
understanding and being,6.938893903907228e-18
styles abilities and,6.938893903907228e-18
attention,6.938893903907228e-18
styles abilities,6.938893903907228e-18
styles,6.938893903907228e-18
to take care,6.938893903907228e-18
to take,6.938893903907228e-18
the necessary medical,6.938893903907228e-18
something they may,6.938893903907228e-18
something they,6.938893903907228e-18
something therefore it,6.938893903907228e-18
something therefore,6.938893903907228e-18
to remember that,6.938893903907228e-18
situations it is,6.938893903907228e-18
asks about,6.938893903907228e-18
abilities,6.938893903907228e-18
people do understand,6.938893903907228e-18
of not,6.938893903907228e-18
of one health,6.938893903907228e-18
or confusing situations,6.938893903907228e-18
or confusing,6.938893903907228e-18
one health,6.938893903907228e-18
one health as,6.938893903907228e-18
or guidance this,6.938893903907228e-18
of not receiving,6.938893903907228e-18
is used,6.5052130349130266e-18
is the only,6.071532165918825e-18
farmland additionally,6.071532165918825e-18
because illinois,6.071532165918825e-18
farmland additionally illinois,6.071532165918825e-18
additionally illinois,6.071532165918825e-18
because illinois is,6.071532165918825e-18
is because illinois,6.071532165918825e-18
mental health issues,5.854691731421724e-18
look for,5.7462715141731735e-18
receiving,5.637851296924623e-18
truck,5.421010862427522e-18
amusement,5.421010862427522e-18
amusement park,5.421010862427522e-18
mall,5.421010862427522e-18
truck stop,5.421010862427522e-18
need map,5.421010862427522e-18
plains therefore,5.204170427930421e-18
which is corn,5.204170427930421e-18
or great outdoors,5.204170427930421e-18
their habitat being,5.204170427930421e-18
the majority,5.204170427930421e-18
where weasel,5.204170427930421e-18
or great,5.204170427930421e-18
outdoors corn,5.204170427930421e-18
woods would,5.204170427930421e-18
woods would not,5.204170427930421e-18
woods could be,5.204170427930421e-18
woods could,5.204170427930421e-18
chicken coop beach,5.204170427930421e-18
outdoors corn field,5.204170427930421e-18
outdoors,5.204170427930421e-18
the majority of,5.204170427930421e-18
professional,5.204170427930421e-18
where weasel in,5.204170427930421e-18
the woods is,5.204170427930421e-18
with the majority,5.204170427930421e-18
plains therefore the,5.204170427930421e-18
seen in its,5.204170427930421e-18
the woods could,5.204170427930421e-18
woods is most,5.204170427930421e-18
small mammals,5.204170427930421e-18
the farmer is,5.204170427930421e-18
the woods would,5.204170427930421e-18
small mammals that,5.204170427930421e-18
additionally the,5.204170427930421e-18
to be seen,5.204170427930421e-18
therefore the farmer,5.204170427930421e-18
seen in,5.204170427930421e-18
is place,5.204170427930421e-18
the farmer,5.204170427930421e-18
seen,5.204170427930421e-18
weasels are,5.204170427930421e-18
that are typically,5.204170427930421e-18
fit the context,5.204170427930421e-18
weasels,5.204170427930421e-18
weasels are small,5.204170427930421e-18
plains,5.204170427930421e-18
woods is,5.204170427930421e-18
who are afraid,4.7704895589362195e-18
their housing,4.7704895589362195e-18
that he be,4.7704895589362195e-18
while waiting for,4.7704895589362195e-18
their housing and,4.7704895589362195e-18
people would read,4.7704895589362195e-18
while waiting,4.7704895589362195e-18
people would,4.7704895589362195e-18
of losing their,4.7704895589362195e-18
of information,4.7704895589362195e-18
obligations this is,4.7704895589362195e-18
provide source,4.7704895589362195e-18
or newsagent the,4.7704895589362195e-18
provide source of,4.7704895589362195e-18
common activity people,4.7704895589362195e-18
to find magazines,4.7704895589362195e-18
often read,4.7704895589362195e-18
other expenses,4.7704895589362195e-18
possible to find,4.7704895589362195e-18
things as he,4.7704895589362195e-18
things as,4.7704895589362195e-18
they provide,4.7704895589362195e-18
they provide source,4.7704895589362195e-18
people often read,4.7704895589362195e-18
other locations like,4.7704895589362195e-18
source of information,4.7704895589362195e-18
other locations,4.7704895589362195e-18
and likely,4.7704895589362195e-18
or newsagent,4.7704895589362195e-18
pay their rent,4.7704895589362195e-18
one location,4.7704895589362195e-18
of information and,4.7704895589362195e-18
of his house,4.7704895589362195e-18
rent mortgage,4.7704895589362195e-18
rent mortgage and,4.7704895589362195e-18
would read,4.7704895589362195e-18
would read magazines,4.7704895589362195e-18
office additionally,4.7704895589362195e-18
station or,4.7704895589362195e-18
station or newsagent,4.7704895589362195e-18
settle his financial,4.7704895589362195e-18
often read magazines,4.7704895589362195e-18
settle his,4.7704895589362195e-18
settle,4.7704895589362195e-18
office making the,4.7704895589362195e-18
to pay his,4.7704895589362195e-18
to pay their,4.7704895589362195e-18
out of his,4.7704895589362195e-18
people do in,4.7704895589362195e-18
to any one,4.7704895589362195e-18
them to pay,4.7704895589362195e-18
office making,4.7704895589362195e-18
office additionally waiting,4.7704895589362195e-18
one location as,4.7704895589362195e-18
common and likely,4.7704895589362195e-18
was afraid,4.7704895589362195e-18
train,4.7704895589362195e-18
train station,4.7704895589362195e-18
read magazines is,4.7704895589362195e-18
where people would,4.7704895589362195e-18
pay his,4.7704895589362195e-18
train station or,4.7704895589362195e-18
read magazines while,4.7704895589362195e-18
their rent mortgage,4.7704895589362195e-18
would allow him,4.7704895589362195e-18
their rent,4.7704895589362195e-18
obligations this,4.7704895589362195e-18
would allow them,4.7704895589362195e-18
of his,4.7704895589362195e-18
pay his bills,4.7704895589362195e-18
pay their,4.7704895589362195e-18
was afraid that,4.7704895589362195e-18
of other,4.391018798566293e-18
lows can,4.336808689942018e-18
an office,4.336808689942018e-18
therefore the only,4.336808689942018e-18
be intense,4.336808689942018e-18
the wild therefore,3.903127820947816e-18
those that,3.903127820947816e-18
living in zoo,3.903127820947816e-18
the wild,3.903127820947816e-18
until they are,3.903127820947816e-18
which are structures,3.903127820947816e-18
until they,3.903127820947816e-18
until,3.903127820947816e-18
those that are,3.903127820947816e-18
specifically designed,3.903127820947816e-18
ready to be,3.903127820947816e-18
specifically designed to,3.903127820947816e-18
that are native,3.903127820947816e-18
but not,3.903127820947816e-18
they are ready,3.903127820947816e-18
the area but,3.903127820947816e-18
the area animals,3.903127820947816e-18
structures,3.903127820947816e-18
structures specifically,3.903127820947816e-18
to look for,3.903127820947816e-18
structures specifically designed,3.903127820947816e-18
not native,3.903127820947816e-18
released back into,3.903127820947816e-18
released back,3.903127820947816e-18
to be released,3.903127820947816e-18
released,3.903127820947816e-18
not native to,3.903127820947816e-18
wild,3.903127820947816e-18
zoo until they,3.903127820947816e-18
to house and,3.903127820947816e-18
zoo until,3.903127820947816e-18
zoo may be,3.903127820947816e-18
to house,3.903127820947816e-18
wild therefore the,3.903127820947816e-18
zoo may,3.903127820947816e-18
wild therefore,3.903127820947816e-18
feeling full,3.686287386450715e-18
practical choice,3.686287386450715e-18
feeling full is,3.686287386450715e-18
who are,3.577867169202165e-18
concert,3.469446951953614e-18
concert is,3.469446951953614e-18
options such,3.469446951953614e-18
options such as,3.469446951953614e-18
other options such,3.469446951953614e-18
of pushing too,3.2526065174565133e-18
consequence of pushing,3.2526065174565133e-18
too hard as,3.2526065174565133e-18
might risk losing,3.2526065174565133e-18
risk losing,3.2526065174565133e-18
more she might,3.2526065174565133e-18
of pushing,3.2526065174565133e-18
hard as,3.2526065174565133e-18
sally pushed more,3.2526065174565133e-18
pushed more she,3.2526065174565133e-18
pushed more,3.2526065174565133e-18
she might risk,3.2526065174565133e-18
might risk,3.2526065174565133e-18
more she,3.2526065174565133e-18
not where you,3.0357660829594124e-18
region not where,3.0357660829594124e-18
containing,3.0357660829594124e-18
often provide,3.0357660829594124e-18
often provide maps,3.0357660829594124e-18
containing maps,3.0357660829594124e-18
other resources for,3.0357660829594124e-18
park or,3.0357660829594124e-18
of the world,3.0357660829594124e-18
other resources,3.0357660829594124e-18
because the phrase,3.0357660829594124e-18
region not,3.0357660829594124e-18
containing maps of,3.0357660829594124e-18
park or mall,3.0357660829594124e-18
or mall,3.0357660829594124e-18
of region,3.0357660829594124e-18
resources for,3.0357660829594124e-18
the world or,3.0357660829594124e-18
who are lost,3.0357660829594124e-18
or of region,3.0357660829594124e-18
stop amusement park,3.0357660829594124e-18
or of,3.0357660829594124e-18
truck stop amusement,3.0357660829594124e-18
they often provide,3.0357660829594124e-18
one specifically for,3.0357660829594124e-18
one specifically,3.0357660829594124e-18
world or,3.0357660829594124e-18
world or of,3.0357660829594124e-18
would find,3.0357660829594124e-18
would find one,3.0357660829594124e-18
you an,3.0357660829594124e-18
you an atlas,3.0357660829594124e-18
you are lost,3.0357660829594124e-18
you might find,3.0357660829594124e-18
you would find,3.0357660829594124e-18
or mall are,3.0357660829594124e-18
the world,3.0357660829594124e-18
such as truck,3.0357660829594124e-18
where you would,3.0357660829594124e-18
specifically for,3.0357660829594124e-18
for you,3.0357660829594124e-18
to feel,3.0357660829594124e-18
resources for drivers,3.0357660829594124e-18
station as,3.0357660829594124e-18
where you might,3.0357660829594124e-18
station as they,3.0357660829594124e-18
specifically for you,3.0357660829594124e-18
of region not,3.0357660829594124e-18
places where you,3.0357660829594124e-18
provide maps,3.0357660829594124e-18
provide maps and,3.0357660829594124e-18
stop amusement,3.0357660829594124e-18
lady eating and,2.927345865710862e-18
lady eating,2.927345865710862e-18
of mental health,2.927345865710862e-18
the lady eating,2.927345865710862e-18
into the,2.6020852139652106e-18
being alive,1.951563910473908e-18
characteristic of being,1.951563910473908e-18
of being alive,1.951563910473908e-18
alive,1.951563910473908e-18
full is not,1.951563910473908e-18
experience when,1.951563910473908e-18
restaurants,1.734723475976807e-18
specific location,1.734723475976807e-18
for this,1.734723475976807e-18
well known,1.734723475976807e-18
put strain on,1.6263032587282567e-18
risk losing her,1.6263032587282567e-18
put strain,1.6263032587282567e-18
too hard can,1.6263032587282567e-18
risk losing which,1.6263032587282567e-18
to higher risk,1.6263032587282567e-18
or even fatalities,1.6263032587282567e-18
risk of death,1.6263032587282567e-18
to higher,1.6263032587282567e-18
of death,1.6263032587282567e-18
therefore if sally,1.6263032587282567e-18
one physical,1.6263032587282567e-18
which could result,1.6263032587282567e-18
on one,1.6263032587282567e-18
to accidents injuries,1.6263032587282567e-18
one physical and,1.6263032587282567e-18
this is logical,1.6263032587282567e-18
strain on,1.6263032587282567e-18
strain on one,1.6263032587282567e-18
on one physical,1.6263032587282567e-18
to accidents,1.6263032587282567e-18
therefore if,1.6263032587282567e-18
which could,1.6263032587282567e-18
is common reason,1.3010426069826053e-18
or other,1.3010426069826053e-18
common reason for,1.3010426069826053e-18
common reason,1.3010426069826053e-18
community,1.3010426069826053e-18
to consuming,9.75781955236954e-19
response to consuming,9.75781955236954e-19
will cause,9.75781955236954e-19
will cause someone,9.75781955236954e-19
so it can,9.75781955236954e-19
cause someone,9.75781955236954e-19
cause someone to,9.75781955236954e-19
consuming food,9.75781955236954e-19
someone to feel,9.75781955236954e-19
consuming food but,9.75781955236954e-19
result of having,9.75781955236954e-19
to consuming food,9.75781955236954e-19
of having eaten,9.75781955236954e-19
physiological,9.75781955236954e-19
question feeling,9.75781955236954e-19
question feeling full,9.75781955236954e-19
similarly mad,9.75781955236954e-19
similarly mad cow,9.75781955236954e-19
of having,9.75781955236954e-19
physiological response,9.75781955236954e-19
the question feeling,9.75781955236954e-19
to feel full,9.75781955236954e-19
physiological response to,9.75781955236954e-19
jerusalem,8.673617379884035e-19
variety of restaurants,8.673617379884035e-19
kosher,8.673617379884035e-19
the runner,8.673617379884035e-19
of restaurants,8.673617379884035e-19
often used,8.673617379884035e-19
levels,8.673617379884035e-19
to have large,4.336808689942018e-19
the context of,4.336808689942018e-19
restaurants therefore the,4.336808689942018e-19
population,4.336808689942018e-19
the city is,4.336808689942018e-19
also known,4.336808689942018e-19
the city,4.336808689942018e-19
of restaurants additionally,4.336808689942018e-19
while jerusalem,4.336808689942018e-19
of restaurants including,4.336808689942018e-19
some restaurants,4.336808689942018e-19
some restaurants in,4.336808689942018e-19
not necessarily imply,4.336808689942018e-19
ones,4.336808689942018e-19
while jerusalem is,4.336808689942018e-19
ones additionally the,4.336808689942018e-19
with high,4.336808689942018e-19
option dining,4.336808689942018e-19
restaurants in,4.336808689942018e-19
restaurants additionally the,4.336808689942018e-19
restaurants additionally,4.336808689942018e-19
the option dining,4.336808689942018e-19
restaurants including,4.336808689942018e-19
of kosher,4.336808689942018e-19
city is,4.336808689942018e-19
population it is,4.336808689942018e-19
mental health,4.336808689942018e-19
of kosher restaurants,4.336808689942018e-19
option dining in,4.336808689942018e-19
possible that some,4.336808689942018e-19
vague and does,4.336808689942018e-19
context of,4.336808689942018e-19
restaurants including kosher,4.336808689942018e-19
with high concentration,4.336808689942018e-19
that some restaurants,4.336808689942018e-19
restaurants therefore,4.336808689942018e-19
and does not,4.336808689942018e-19
that some,4.336808689942018e-19
population it,4.336808689942018e-19
and does,4.336808689942018e-19
ones additionally,4.336808689942018e-19
to have variety,4.336808689942018e-19
city is known,4.336808689942018e-19
the material which,0.0
their pain,0.0
deeper understanding,0.0
others such as,0.0
their pain but,0.0
other celestial,0.0
other celestial bodies,0.0
the medication to,0.0
the money,0.0
the need for,0.0
the money that,0.0
the most direct,0.0
their path is,0.0
their path,0.0
the need,0.0
deeper,0.0
of tools,0.0
the law on,0.0
the material and,0.0
out the,0.0
them tidy and,0.0
the ice that,0.0
the ice,0.0
orbits universe and,0.0
out of library,0.0
out of the,0.0
dishes,0.0
the goal of,0.0
do not sell,0.0
the given scenario,0.0
out the other,0.0
their thoughts to,0.0
the game may,0.0
the gambler may,0.0
the gambler is,0.0
the gambler expected,0.0
orbits universe,0.0
orbits,0.0
the gambler,0.0
them to lose,0.0
the front door,0.0
the front,0.0
them tidy,0.0
out is not,0.0
out is,0.0
out for example,0.0
of these eyeglasses,0.0
their work room,0.0
of vision,0.0
them mail,0.0
them mail box,0.0
the lecture which,0.0
the lecture intensely,0.0
the lecture,0.0
consequences of not,0.0
of vision while,0.0
original question answer,0.0
original question,0.0
original,0.0
organized environment for,0.0
out as,0.0
organized environment,0.0
organized,0.0
out as result,0.0
the intended audience,0.0
the intended,0.0
out for,0.0
other company,0.0
the pacific,0.0
others such,0.0
the opposite outcome,0.0
the term earning,0.0
the third,0.0
the third example,0.0
context surprise,0.0
context surprise is,0.0
context the,0.0
context the rationale,0.0
the treatment,0.0
the treatment and,0.0
the question and,0.0
the quality of,0.0
the quality,0.0
other kitchenware making,0.0
of tool that,0.0
the prize and,0.0
corpse,0.0
corpse would,0.0
corpse would be,0.0
the previous questions,0.0
the previous,0.0
the pressure,0.0
the question which,0.0
the rationale is,0.0
other materials,0.0
context as fight,0.0
the situation falling,0.0
other person,0.0
other person typically,0.0
the show is,0.0
the show,0.0
contains variety,0.0
contains variety of,0.0
the runner effort,0.0
context as,0.0
context as it,0.0
other materials with,0.0
the reason for,0.0
the reason,0.0
the solid part,0.0
of tools including,0.0
the rationale should,0.0
the streets,0.0
the streets and,0.0
other options set,0.0
other options it,0.0
the president made,0.0
the president,0.0
other kitchenware,0.0
consideration of the,0.0
their attention,0.0
their attention to,0.0
the path of,0.0
the path,0.0
the pain even,0.0
the pacific northwest,0.0
the outcome of,0.0
the outcome,0.0
of transportation to,0.0
other equipment for,0.0
the word surprising,0.0
their family,0.0
the original question,0.0
their family the,0.0
other equipment,0.0
their goal,0.0
the original,0.0
their goal is,0.0
other company and,0.0
of time,0.0
the patient,0.0
the word pleasure,0.0
the underlying,0.0
the various,0.0
the underlying goal,0.0
of transportation that,0.0
the universe,0.0
cover,0.0
cover the,0.0
covered,0.0
the universe and,0.0
covered by,0.0
covered by blanket,0.0
the various areas,0.0
the patient entire,0.0
consistently win the,0.0
consistently win,0.0
consistently loses money,0.0
the way cabinets,0.0
of tool,0.0
of time and,0.0
consistently loses,0.0
consistently,0.0
the word fight,0.0
the solid,0.0
plausible option for,0.0
the form of,0.0
stop which,0.0
storage,0.0
storage space,0.0
storage space in,0.0
store bedroom,0.0
store bedroom flower,0.0
stored it,0.0
stored it provides,0.0
stores sell,0.0
stores sell saws,0.0
park and backpack,0.0
park and,0.0
storing dishes,0.0
storing dishes dishes,0.0
storing large,0.0
storing large container,0.0
stop which is,0.0
stop talking and,0.0
street or city,0.0
stop respectively classroom,0.0
sports or games,0.0
home to large,0.0
of pain this,0.0
stable,0.0
stable and,0.0
stable and organized,0.0
of patient,0.0
state facts,0.0
state facts are,0.0
state of intellectual,0.0
of patient in,0.0
states this,0.0
states this is,0.0
participate in sports,0.0
stop respectively,0.0
storing large items,0.0
streets,0.0
hours,0.0
of prey,0.0
of prey that,0.0
pair the question,0.0
pair the,0.0
pair,0.0
such as bath,0.0
such as cabinets,0.0
such as caregivers,0.0
get new saw,0.0
get new,0.0
such as family,0.0
such as hunting,0.0
such as increased,0.0
such feelings,0.0
such feelings choices,0.0
suffering from,0.0
get through,0.0
of pleasure and,0.0
streets and,0.0
of pleasure,0.0
streets and sidewalks,0.0
stress and,0.0
stress and strain,0.0
strict,0.0
strict rules,0.0
strict rules regarding,0.0
god is,0.0
god,0.0
goal of,0.0
goal is often,0.0
glove compartment,0.0
given question and,0.0
studio,0.0
studio ray,0.0
studio ray charles,0.0
sports or,0.0
of other celestial,0.0
the form,0.0
social group,0.0
solid part,0.0
solid part of,0.0
in the form,0.0
in sweating,0.0
some offense,0.0
some offense and,0.0
some people,0.0
some people were,0.0
someone listens,0.0
someone listens to,0.0
in god is,0.0
someone to turn,0.0
in god,0.0
patrons believing in,0.0
patrons believing,0.0
social group and,0.0
including saws making,0.0
patrols and enforces,0.0
social behavior and,0.0
similarly in this,0.0
situation falling,0.0
situation falling down,0.0
intensely,0.0
people believe in,0.0
people believe,0.0
sleepiness this,0.0
sleepiness this can,0.0
income and,0.0
small amount,0.0
small amount of,0.0
income,0.0
so there,0.0
so there no,0.0
social behavior,0.0
patrons,0.0
patrols and,0.0
specifically describe the,0.0
space in home,0.0
space their path,0.0
path of,0.0
path is primarily,0.0
path is,0.0
path for police,0.0
path for,0.0
path,0.0
specialized,0.0
specialized police,0.0
specialized police force,0.0
specific action,0.0
specific action that,0.0
specific than,0.0
specific than classroom,0.0
specifically describe,0.0
space their,0.0
space in,0.0
patrols,0.0
space are too,0.0
of not showing,0.0
sometimes makes,0.0
sometimes makes academic,0.0
patient in case,0.0
patient in,0.0
patient entire body,0.0
patient entire,0.0
patient,0.0
source for,0.0
source for someone,0.0
source of enjoyment,0.0
source of income,0.0
source of pleasure,0.0
path of comet,0.0
space are,0.0
suffering from competitive,0.0
suffering from physical,0.0
suitable and,0.0
extreme,0.0
that the intended,0.0
that the president,0.0
that the show,0.0
that they bet,0.0
that they had,0.0
that this question,0.0
outdoor activities such,0.0
outdoor activities,0.0
outdoor,0.0
the answer choices,0.0
europe is also,0.0
the audience keeps,0.0
escorted out,0.0
escorted,0.0
the belief,0.0
that the gambler,0.0
eyeglasses,0.0
the best choice,0.0
family,0.0
over as the,0.0
that are primarily,0.0
over as,0.0
that can take,0.0
themselves and,0.0
over allowing them,0.0
that could potentially,0.0
over allowing,0.0
that makes,0.0
that makes up,0.0
feelings of anxiety,0.0
that primarily,0.0
that primarily patrols,0.0
that revenge,0.0
that revenge is,0.0
the belief in,0.0
the body and,0.0
suitable and practical,0.0
the desert therefore,0.0
the development of,0.0
the discomfort,0.0
the discomfort or,0.0
the effects,0.0
the effects of,0.0
doing what the,0.0
the escorted,0.0
the escorted out,0.0
out your intentions,0.0
the eyes,0.0
the eyes from,0.0
doing what,0.0
doing,0.0
out your,0.0
of the way,0.0
the development,0.0
the desert in,0.0
the body of,0.0
the desert based,0.0
outcome while it,0.0
the comet,0.0
the comet surface,0.0
the comet the,0.0
outcome while,0.0
outcome which is,0.0
outcome which,0.0
of the comet,0.0
effects and not,0.0
effects and,0.0
the correct answers,0.0
the date this,0.0
outcome of the,0.0
of the material,0.0
of the other,0.0
fly from,0.0
focus on the,0.0
over can,0.0
support themselves and,0.0
support to individuals,0.0
surface is,0.0
surface is what,0.0
surprise especially,0.0
surprise especially if,0.0
surprise is the,0.0
pain even though,0.0
pain even,0.0
pain but it,0.0
surprising implies,0.0
surprising implies that,0.0
pain but also,0.0
pain but,0.0
pain and potentially,0.0
pacific northwest region,0.0
support to,0.0
support themselves,0.0
over can be,0.0
support or encouragement,0.0
pain when taking,0.0
pain when,0.0
pain this is,0.0
pain this,0.0
pain therefore option,0.0
supplement,0.0
supplement income,0.0
supplement income and,0.0
support and,0.0
support and moral,0.0
support care,0.0
support care and,0.0
pain therefore,0.0
support in difficult,0.0
support or,0.0
pacific northwest,0.0
sweating as,0.0
sweating as way,0.0
sweating is natural,0.0
tasks hard,0.0
tasks hard for,0.0
taxi can,0.0
taxi can also,0.0
taxi is common,0.0
over the answer,0.0
term bike,0.0
term bike riding,0.0
term earning,0.0
term earning living,0.0
over indicating that,0.0
over indicating,0.0
for all people,0.0
than classroom,0.0
than classroom and,0.0
for storing large,0.0
talking loudly and,0.0
talking loudly,0.0
take people,0.0
sweating the,0.0
sweating the question,0.0
pacific,0.0
symptom of,0.0
symptom of anorexia,0.0
form of castles,0.0
take people to,0.0
talking and focus,0.0
taken in,0.0
taken in the,0.0
taken while,0.0
taken while eating,0.0
taking analgesics it,0.0
talking and,0.0
them to trip,0.0
through extreme,0.0
themselves and their,0.0
options set,0.0
using it to,0.0
using the medication,0.0
bodies,0.0
blanket,0.0
believing in god,0.0
options set orbits,0.0
believing in,0.0
variety of tools,0.0
options it is,0.0
various areas,0.0
various areas additionally,0.0
various attractions,0.0
various attractions including,0.0
various employment,0.0
various employment opportunities,0.0
various habitats,0.0
uses for eyeglasses,0.0
uses for,0.0
used to get,0.0
used to cover,0.0
or change,0.0
unpleasantness,0.0
unpleasantness of,0.0
unpleasantness of pain,0.0
by blanket,0.0
up before,0.0
up before continuing,0.0
up new,0.0
up new residence,0.0
up the comet,0.0
urban,0.0
urban areas,0.0
urban areas where,0.0
use of these,0.0
used for storing,0.0
various habitats including,0.0
options it,0.0
truck stop which,0.0
washing dishes is,0.0
wants the,0.0
wants the other,0.0
because tool kit,0.0
because tool,0.0
was in third,0.0
washing,0.0
washing dishes,0.0
watching film,0.0
believing,0.0
watching film together,0.0
way cabinets,0.0
way cabinets are,0.0
often work,0.0
often work in,0.0
way to achieve,0.0
way to cool,0.0
often the goal,0.0
wander this goal,0.0
wander this,0.0
wander or their,0.0
believe in,0.0
believe,0.0
victory,0.0
victory or,0.0
victory or change,0.0
vision,0.0
vision while,0.0
vision while it,0.0
behavior related to,0.0
behavior related,0.0
wait few,0.0
wait few hours,0.0
often the,0.0
wander,0.0
wander or,0.0
by listening,0.0
by listening to,0.0
universe and space,0.0
caregiver,0.0
typical uses for,0.0
typical which,0.0
typical which is,0.0
castles castles,0.0
castles and more,0.0
typically being,0.0
typically being punished,0.0
typically contains,0.0
universe and,0.0
typically contains variety,0.0
cards can,0.0
can provide sense,0.0
typically have strict,0.0
can provide,0.0
typically implies,0.0
typically implies that,0.0
typical uses,0.0
typical storage space,0.0
typical storage,0.0
castles castles and,0.0
trying to avoid,0.0
castles making it,0.0
castles making,0.0
type of attraction,0.0
castles in the,0.0
castles in,0.0
castles europe is,0.0
type of tool,0.0
often implies,0.0
typical behaviors,0.0
typical behaviors for,0.0
typical habitat,0.0
typical habitat for,0.0
often implies going,0.0
castles europe,0.0
typically needed,0.0
typically needed to,0.0
or encouragement from,0.0
or community,0.0
or cognitive,0.0
unexpected and,0.0
unexpected and not,0.0
or city police,0.0
or city,0.0
unhappiness choice,0.0
unhappiness choice playing,0.0
unhappiness this,0.0
unhappiness this is,0.0
unhappy playing,0.0
unhappy playing cards,0.0
or change in,0.0
united states this,0.0
universal practice,0.0
universal practice for,0.0
or cognitive effects,0.0
or community members,0.0
or encouragement,0.0
understanding of the,0.0
or emotional responsibility,0.0
typically related,0.0
typically related to,0.0
typically seeks,0.0
typically seeks to,0.0
or emotional,0.0
typically stored it,0.0
unable,0.0
unable to,0.0
unable to consistently,0.0
underlying,0.0
underlying goal,0.0
underlying goal is,0.0
understanding and deeper,0.0
understanding of,0.0
way to get,0.0
way to supplement,0.0
option for getting,0.0
work for street,0.0
word pleasure,0.0
word pleasure implies,0.0
word surprising,0.0
word surprising implies,0.0
and choices,0.0
and are,0.0
and answer triplet,0.0
work in urban,0.0
why people believe,0.0
on potential,0.0
work long,0.0
work long hours,0.0
and answer,0.0
on potential adverse,0.0
analgesics it is,0.0
analgesics it,0.0
word fight might,0.0
word fight,0.0
wood plastic or,0.0
wood plastic,0.0
why some people,0.0
and space,0.0
one to help,0.0
win the money,0.0
winning or,0.0
winning or losing,0.0
and purchase new,0.0
and not universal,0.0
with saw,0.0
with saw making,0.0
and more castles,0.0
one to,0.0
one possible offense,0.0
one possible,0.0
wood,0.0
work they might,0.0
one might put,0.0
working lot can,0.0
you in,0.0
achieved by,0.0
you to carry,0.0
you were to,0.0
on the given,0.0
you would plan,0.0
your actions,0.0
your actions this,0.0
your bieifcase,0.0
your bieifcase is,0.0
your decision,0.0
your decision making,0.0
your intentions,0.0
your intentions this,0.0
on the streets,0.0
on the lecture,0.0
you in your,0.0
you can share,0.0
working lot it,0.0
you can find,0.0
working lot they,0.0
would be covered,0.0
also be way,0.0
one location to,0.0
would be used,0.0
allowing,0.0
would likely guide,0.0
all people taking,0.0
would likely receive,0.0
all people,0.0
would plan,0.0
would plan revenge,0.0
adverse effects and,0.0
adverse effects,0.0
adverse,0.0
why some,0.0
why people,0.0
weight can lead,0.0
on context,0.0
what the,0.0
what the answer,0.0
what the gambler,0.0
what the person,0.0
what the word,0.0
based on potential,0.0
avoiding,0.0
on context but,0.0
who provides support,0.0
on military,0.0
when someone listens,0.0
when suffering from,0.0
when taking,0.0
when taking analgesics,0.0
attractions,0.0
at work they,0.0
bath,0.0
what is known,0.0
what is,0.0
be covered,0.0
be way to,0.0
be way,0.0
be used to,0.0
option avoiding,0.0
opposite outcome which,0.0
opposite outcome,0.0
opportunities to get,0.0
were escorted,0.0
were escorted out,0.0
be doing what,0.0
be doing,0.0
opportunities to,0.0
opportunities including home,0.0
opportunities including,0.0
be covered by,0.0
where corpse,0.0
where corpse would,0.0
where crime,0.0
while hardware,0.0
answer triplet are,0.0
answer triplet,0.0
anorexia and,0.0
while they can,0.0
while winning,0.0
while winning or,0.0
who are escorted,0.0
who consistently,0.0
who consistently loses,0.0
who have pain,0.0
who may,0.0
who may feel,0.0
who participate,0.0
who participate in,0.0
who provides,0.0
while hardware stores,0.0
on military action,0.0
where crime and,0.0
while eating but,0.0
where large,0.0
where large items,0.0
where one might,0.0
where the need,0.0
which asks,0.0
which asks about,0.0
which implies,0.0
which implies that,0.0
which is defeat,0.0
which is key,0.0
ones toolboxes and,0.0
which is specialized,0.0
which is symptom,0.0
ones toolboxes,0.0
while eating,0.0
celestial bodies,0.0
truck stop respectively,0.0
then go,0.0
to accomplish avoiding,0.0
tidy and out,0.0
time and,0.0
time and potentially,0.0
time can lead,0.0
common to wait,0.0
common to,0.0
offer opportunities,0.0
to achieve,0.0
to another,0.0
to achieve state,0.0
to achieving,0.0
to achieving confidence,0.0
to alleviate pain,0.0
common social behavior,0.0
to anorexia,0.0
to anorexia and,0.0
tidy and,0.0
tidy,0.0
through wood plastic,0.0
through wood,0.0
thoughts enjoy,0.0
thoughts enjoy each,0.0
thoughts to,0.0
thoughts to wander,0.0
through classroom,0.0
through classroom but,0.0
through extreme stress,0.0
through or,0.0
through or get,0.0
through the,0.0
through the front,0.0
through to,0.0
through to the,0.0
through various,0.0
through various employment,0.0
to anorexia washing,0.0
to another in,0.0
or frustrated,0.0
to cover the,0.0
common goal in,0.0
to consistently,0.0
to consistently win,0.0
office building if,0.0
to cool,0.0
to cool down,0.0
to cover,0.0
to crash,0.0
to any of,0.0
to crash and,0.0
to cut,0.0
to cut through,0.0
to death,0.0
common experience for,0.0
to earn for,0.0
to experience fatigue,0.0
or reduced,0.0
common human,0.0
common human experience,0.0
common human response,0.0
common scenario but,0.0
offer opportunities to,0.0
common scenario,0.0
to avoid pain,0.0
common practice for,0.0
to both,0.0
to both great,0.0
common mode of,0.0
common mode,0.0
or reduced sleepiness,0.0
to carry,0.0
to carry out,0.0
to cause feelings,0.0
to causing,0.0
to causing unhappiness,0.0
thought they could,0.0
thought they,0.0
though the underlying,0.0
or their attention,0.0
they bet,0.0
they bet leading,0.0
they can fly,0.0
they could,0.0
they could reach,0.0
or trip over,0.0
or trip,0.0
they had,0.0
though the,0.0
they had lost,0.0
they have,0.0
they have choice,0.0
or their,0.0
they may need,0.0
they often work,0.0
they tripped,0.0
they are seeking,0.0
they are more,0.0
composed,0.0
of what the,0.0
then go for,0.0
confidence and concentrating,0.0
confidence and,0.0
then they,0.0
then they tripped,0.0
there no,0.0
there no rationale,0.0
therefore the bald,0.0
these eyeglasses,0.0
these eyeglasses is,0.0
or unpleasantness of,0.0
or unpleasantness,0.0
composed of ice,0.0
of what,0.0
composed of,0.0
they tripped over,0.0
offense and,0.0
offense and one,0.0
this goal is,0.0
or setting home,0.0
this is less,0.0
or setting,0.0
company and engage,0.0
this question and,0.0
this question answer,0.0
company and,0.0
companionship camaraderie and,0.0
offer,0.0
companionship camaraderie,0.0
companionship,0.0
this support,0.0
this support and,0.0
community members who,0.0
community members,0.0
compartment are,0.0
this goal,0.0
offense is,0.0
compartment are not,0.0
offense is believing,0.0
competitive event the,0.0
competitive event,0.0
third example,0.0
third example that,0.0
thirst while,0.0
thirst while it,0.0
compass would likely,0.0
compass would,0.0
compass,0.0
this context as,0.0
compartment is place,0.0
this context surprise,0.0
this context the,0.0
compartment is,0.0
to experience thirst,0.0
to extreme,0.0
to extreme acts,0.0
too broad and,0.0
city this,0.0
city police department,0.0
city police,0.0
to work long,0.0
together can,0.0
together can provide,0.0
too broad,0.0
often helpful,0.0
cognitive effects,0.0
tool kit is,0.0
tool kit typically,0.0
tool that,0.0
tool that can,0.0
toolboxes,0.0
toolboxes and,0.0
toolboxes and logging,0.0
city this is,0.0
to wander this,0.0
to wander or,0.0
to wander,0.0
to the original,0.0
cognitive,0.0
to the pain,0.0
to the pressure,0.0
to the reason,0.0
classroom is not,0.0
classroom is large,0.0
to their work,0.0
classroom but it,0.0
classroom but,0.0
classroom and truck,0.0
to turn,0.0
to turn inside,0.0
classroom and,0.0
to wait few,0.0
choices therefore the,0.0
choices therefore,0.0
often helpful to,0.0
trip over allowing,0.0
trip over the,0.0
or get through,0.0
or get,0.0
or games while,0.0
or games,0.0
triplet,0.0
triplet are,0.0
triplet are inferred,0.0
triplet are not,0.0
triplet is,0.0
triplet is not,0.0
tripped,0.0
tripped over,0.0
tripped over indicating,0.0
or frustrated which,0.0
trip over as,0.0
choice for getting,0.0
town often implies,0.0
treatment and disposal,0.0
choices instead the,0.0
choices instead,0.0
choices and are,0.0
choices and,0.0
or glove compartment,0.0
transportation that,0.0
transportation that can,0.0
transportation to,0.0
transportation to reach,0.0
or glove,0.0
or getting lost,0.0
choice playing poker,0.0
choice playing,0.0
treatment,0.0
treatment and,0.0
to the lecture,0.0
cognitive effects such,0.0
common career path,0.0
coming back for,0.0
to large number,0.0
or nervousness,0.0
to lecture,0.0
to lecture intensely,0.0
to library,0.0
to library security,0.0
to lose small,0.0
coming back,0.0
to the given,0.0
coming,0.0
comfort and support,0.0
to manage,0.0
to manage their,0.0
to meet their,0.0
comfort and,0.0
comfort,0.0
to large,0.0
to individuals in,0.0
to individuals,0.0
often achieved by,0.0
to find and,0.0
to find large,0.0
to freshen,0.0
to freshen up,0.0
to gain deeper,0.0
to get lost,0.0
to get new,0.0
to get through,0.0
officers,0.0
or other materials,0.0
officers as,0.0
officers as they,0.0
to have one,0.0
often achieved,0.0
to help navigate,0.0
to navigate through,0.0
to negative,0.0
to negative outcome,0.0
to second but,0.0
or michigan,0.0
or mental condition,0.0
or mental,0.0
collection of tools,0.0
collection of,0.0
collection,0.0
to supplement,0.0
to supplement income,0.0
to support,0.0
to support themselves,0.0
or losing can,0.0
to the desert,0.0
to the development,0.0
to the effects,0.0
or losing,0.0
to see if,0.0
to second,0.0
to nothing,0.0
or michigan are,0.0
to nothing are,0.0
comets are celestial,0.0
comets are,0.0
comets,0.0
comet the other,0.0
comet the,0.0
comet surface is,0.0
comet surface,0.0
comet,0.0
to protect,0.0
to protect the,0.0
comes back then,0.0
to reach an,0.0
to reach safety,0.0
comes back,0.0
similarly in,0.0
on the material,0.0
of library are,0.0
sell saws and,0.0
ray charles or,0.0
power and the,0.0
power and,0.0
remains,0.0
library,0.0
share thoughts enjoy,0.0
rationale should explain,0.0
rationale should,0.0
sell them mail,0.0
sell them,0.0
sell saws,0.0
remains and blanket,0.0
potentially result in,0.0
potentially result,0.0
sell new ones,0.0
not specific type,0.0
potentially reduce the,0.0
potentially reduce,0.0
potentially make it,0.0
potentially make,0.0
not specific action,0.0
remains and,0.0
it likely source,0.0
plane crashes,0.0
plane crashes taxi,0.0
reach an,0.0
it the continent,0.0
practice for people,0.0
sense of moral,0.0
practice for all,0.0
practice for,0.0
reach second but,0.0
reach safety after,0.0
reach safety,0.0
sense of companionship,0.0
not specifically describe,0.0
professionals would,0.0
sense of comfort,0.0
lecture,0.0
lecture intensely,0.0
relevant to the,0.0
professionals would need,0.0
plane to crash,0.0
plane to,0.0
reach an airport,0.0
practical use of,0.0
practical use,0.0
plane,0.0
she comes,0.0
possible explanation for,0.0
should explain why,0.0
of moral,0.0
rationale for the,0.0
rather the potential,0.0
rather the,0.0
of lecture this,0.0
possible that the,0.0
provide means,0.0
should explain,0.0
provide means of,0.0
saw,0.0
saw as,0.0
plan revenge,0.0
possible offense is,0.0
possible offense,0.0
provide sense,0.0
possible location based,0.0
provide sense of,0.0
people to work,0.0
show is unexpected,0.0
saw as it,0.0
saw making,0.0
possible location,0.0
of listening,0.0
possible to enjoy,0.0
person taking analgesics,0.0
protection is greatest,0.0
she comes back,0.0
not showing up,0.0
person typically seeks,0.0
not showing,0.0
sell new,0.0
sell,0.0
not sell them,0.0
rationale is that,0.0
not sell new,0.0
not sell,0.0
is because tool,0.0
people to reach,0.0
person typically,0.0
protect,0.0
potential adverse effects,0.0
potential adverse,0.0
protect the,0.0
possible to wear,0.0
protect the eyes,0.0
plan,0.0
protection is,0.0
of library,0.0
shake hands or,0.0
reach second may,0.0
not typical habitat,0.0
region of the,0.0
of medical emergency,0.0
previous questions indicates,0.0
previous questions,0.0
previous,0.0
reduced sleepiness,0.0
not typical uses,0.0
moral,0.0
setting by listening,0.0
setting by,0.0
prevalent,0.0
people taking analgesics,0.0
not typically related,0.0
not typical behaviors,0.0
plastic,0.0
set up new,0.0
not universal practice,0.0
plastic or,0.0
plastic or other,0.0
money is,0.0
reduce the discomfort,0.0
might be doing,0.0
region of,0.0
prey,0.0
of medical,0.0
reduced sleepiness this,0.0
primarily patrols,0.0
setting where medical,0.0
primarily patrols and,0.0
primarily determined by,0.0
primarily determined,0.0
primarily composed of,0.0
not typically needed,0.0
setting home,0.0
safety after,0.0
not typical which,0.0
most castles europe,0.0
regarding,0.0
kit is,0.0
regarding the,0.0
regarding the treatment,0.0
more castles making,0.0
primarily composed,0.0
primarily,0.0
prey that can,0.0
prey that,0.0
more castles,0.0
prize and,0.0
prize and playing,0.0
reduce the,0.0
runner effort,0.0
not the most,0.0
large items,0.0
related to library,0.0
is common human,0.0
not symptom of,0.0
rules regarding the,0.0
not symptom,0.0
process making,0.0
rules regarding,0.0
rules,0.0
process making it,0.0
shake,0.0
is often achieved,0.0
physical mailbox,0.0
nothing are,0.0
nothing are not,0.0
physical mailbox and,0.0
physical or,0.0
physical or mental,0.0
shake hands,0.0
people taking,0.0
not turn,0.0
runner effort to,0.0
set orbits universe,0.0
not turn inside,0.0
set orbits,0.0
reduce,0.0
runner was in,0.0
note that revenge,0.0
of income is,0.0
president made decision,0.0
president made,0.0
nothing,0.0
of income and,0.0
sale they,0.0
sale they do,0.0
of income,0.0
physical exertion required,0.0
of ice while,0.0
of ice,0.0
of human remains,0.0
receive support or,0.0
related to anorexia,0.0
related to any,0.0
related to causing,0.0
receive support,0.0
saw making it,0.0
safety after plane,0.0
of lecture,0.0
of castles castles,0.0
person because they,0.0
of enjoyment and,0.0
of castles in,0.0
sidewalks of,0.0
result is,0.0
people were,0.0
second but then,0.0
of castles particularly,0.0
question and choices,0.0
second but it,0.0
seeks to win,0.0
plausible option,0.0
second but,0.0
of city,0.0
of listening to,0.0
result is not,0.0
police force that,0.0
police force,0.0
police department which,0.0
residence this is,0.0
police officers,0.0
of enjoyment,0.0
sidewalks of city,0.0
making new friends,0.0
of fatigue,0.0
result in sweating,0.0
put glove not,0.0
pull of other,0.0
punished,0.0
put glove,0.0
riding while it,0.0
riding while,0.0
second may have,0.0
riding bike it,0.0
second may,0.0
person movie studio,0.0
person movie,0.0
residence this,0.0
punished for,0.0
punished for some,0.0
result in thirst,0.0
police officers as,0.0
people were escorted,0.0
question of what,0.0
question answer,0.0
of city this,0.0
respectively classroom,0.0
pleasure implies the,0.0
new saw,0.0
respectively classroom is,0.0
responsibility for,0.0
place to get,0.0
not means,0.0
of frustration disappointment,0.0
person is generating,0.0
question answer pair,0.0
person is trying,0.0
response to extreme,0.0
pleasure implies,0.0
of frustration,0.0
pleasure and surprise,0.0
not means to,0.0
question answer triplet,0.0
person is likely,0.0
saws making it,0.0
of companionship camaraderie,0.0
respectively,0.0
of moral or,0.0
purchase new,0.0
of comet,0.0
sidewalks,0.0
people who participate,0.0
of comfort,0.0
of comfort and,0.0
of fatigue due,0.0
saws but they,0.0
poker is activity,0.0
responsibility for your,0.0
revenge is,0.0
of companionship,0.0
person may be,0.0
purchase new saw,0.0
people who have,0.0
saws making,0.0
revenge is not,0.0
making new,0.0
people it,0.0
put through,0.0
showing up therefore,0.0
put through extreme,0.0
provides stable and,0.0
questions indicates,0.0
see if she,0.0
of long,0.0
scenario but rather,0.0
not behavior related,0.0
quality of vision,0.0
likely source,0.0
position therefore the,0.0
position therefore,0.0
of anorexia,0.0
quality of,0.0
material which is,0.0
of anorexia and,0.0
of anorexia the,0.0
of anxiety,0.0
material which,0.0
see if,0.0
likely source for,0.0
listening to the,0.0
provides support care,0.0
person because,0.0
questions indicates that,0.0
provides stable,0.0
saw while hardware,0.0
possible explanation,0.0
seeks to,0.0
possible answer depending,0.0
seeks,0.0
question and,0.0
person stop talking,0.0
question and answer,0.0
seeking source of,0.0
seeking source,0.0
seeking,0.0
places where corpse,0.0
playing cards can,0.0
place and thought,0.0
provided based,0.0
provided based on,0.0
saw tool,0.0
person stop,0.0
saw tool kit,0.0
saw while,0.0
security and talking,0.0
provides support,0.0
of anxiety as,0.0
not necessarily mean,0.0
listening,0.0
required while it,0.0
result in definitive,0.0
people it would,0.0
question so there,0.0
result in feelings,0.0
question so,0.0
saws but,0.0
requires careful,0.0
required while,0.0
of long term,0.0
requires careful consideration,0.0
scenario but it,0.0
listening to,0.0
scenario but,0.0
listening to lecture,0.0
showing,0.0
showing up,0.0
saws and,0.0
saws and other,0.0
pleasure and,0.0
of anxiety or,0.0
question which asks,0.0
of attraction,0.0
quality,0.0
question which,0.0
is working lot,0.0
and street,-2.168404344971009e-19
are lost,-4.336808689942018e-19
to the midwest,-8.673617379884035e-19
you would,-8.673617379884035e-19
to alleviate,-8.673617379884035e-19
refer to the,-8.673617379884035e-19
of film,-8.673617379884035e-19
thoughts and feelings,-8.673617379884035e-19
watching movie or,-8.673617379884035e-19
you to relax,-8.673617379884035e-19
time while,-8.673617379884035e-19
your thoughts,-8.673617379884035e-19
of film viewing,-8.673617379884035e-19
watching movie,-8.673617379884035e-19
your friends,-8.673617379884035e-19
you to share,-8.673617379884035e-19
options because,-8.673617379884035e-19
well developed agricultural,-8.673617379884035e-19
well developed,-8.673617379884035e-19
watch film you,-8.673617379884035e-19
options because they,-8.673617379884035e-19
your thoughts and,-8.673617379884035e-19
time while it,-8.673617379884035e-19
your friends and,-8.673617379884035e-19
specifically refer,-8.673617379884035e-19
viewing passing time,-8.673617379884035e-19
tv show,-8.673617379884035e-19
not specifically refer,-8.673617379884035e-19
not specifically,-8.673617379884035e-19
viewing passing,-8.673617379884035e-19
areas where,-8.673617379884035e-19
or tv,-8.673617379884035e-19
such as watching,-8.673617379884035e-19
or tv show,-8.673617379884035e-19
share your,-8.673617379884035e-19
share your thoughts,-8.673617379884035e-19
that is interesting,-8.673617379884035e-19
cause the,-8.673617379884035e-19
tv,-8.673617379884035e-19
potentially entertaining are,-8.673617379884035e-19
where james should,-8.673617379884035e-19
tv show this,-8.673617379884035e-19
potentially entertaining,-8.673617379884035e-19
while it can,-8.673617379884035e-19
while potentially entertaining,-8.673617379884035e-19
with your friends,-8.673617379884035e-19
and engage,-8.673617379884035e-19
show this allows,-8.673617379884035e-19
show this,-8.673617379884035e-19
and engage in,-8.673617379884035e-19
should look,-8.673617379884035e-19
should look farming,-8.673617379884035e-19
to look additionally,-8.673617379884035e-19
relax and engage,-8.673617379884035e-19
passing time while,-8.673617379884035e-19
where james,-8.673617379884035e-19
specify where,-8.673617379884035e-19
viewing is not,-8.673617379884035e-19
viewing is,-8.673617379884035e-19
you might engage,-8.673617379884035e-19
of the viewing,-8.673617379884035e-19
the viewing,-8.673617379884035e-19
the viewing is,-8.673617379884035e-19
purpose of film,-8.673617379884035e-19
to share your,-8.673617379884035e-19
this allows you,-8.673617379884035e-19
the best options,-8.673617379884035e-19
specify where james,-8.673617379884035e-19
do not specifically,-8.673617379884035e-19
movie,-8.673617379884035e-19
not specify where,-8.673617379884035e-19
to relax,-8.673617379884035e-19
to relax and,-8.673617379884035e-19
specifically refer to,-8.673617379884035e-19
pushing too hard,-1.0842021724855044e-18
pushing too,-1.0842021724855044e-18
too hard,-1.0842021724855044e-18
lead to the,-1.3010426069826053e-18
prize,-1.6263032587282567e-18
way someone,-1.6263032587282567e-18
way someone could,-1.6263032587282567e-18
prize additionally while,-1.6263032587282567e-18
prize additionally,-1.6263032587282567e-18
to win the,-1.6263032587282567e-18
common activity that,-1.6263032587282567e-18
unhappiness for gambler,-1.6263032587282567e-18
to win,-1.6263032587282567e-18
reason someone might,-1.6263032587282567e-18
unhappy and one,-1.6263032587282567e-18
reason someone,-1.6263032587282567e-18
unhappiness,-1.6263032587282567e-18
common cause,-1.6263032587282567e-18
unhappy and it,-1.6263032587282567e-18
unhappiness for,-1.6263032587282567e-18
common cause of,-1.6263032587282567e-18
way to win,-1.6263032587282567e-18
only way someone,-1.6263032587282567e-18
one common cause,-1.6263032587282567e-18
win the,-1.6263032587282567e-18
someone might be,-1.6263032587282567e-18
and one,-1.6263032587282567e-18
the only reason,-1.6263032587282567e-18
only reason,-1.6263032587282567e-18
only reason someone,-1.6263032587282567e-18
someone could be,-1.6263032587282567e-18
one common,-1.6263032587282567e-18
someone who plays,-1.6263032587282567e-18
someone could,-1.6263032587282567e-18
only way to,-1.6263032587282567e-18
the prize additionally,-1.6263032587282567e-18
of unhappiness for,-1.6263032587282567e-18
what causes someone,-1.6263032587282567e-18
the prize,-1.6263032587282567e-18
of unhappiness,-1.6263032587282567e-18
win,-1.6263032587282567e-18
win the prize,-1.6263032587282567e-18
what causes,-1.6263032587282567e-18
while playing poker,-1.6263032587282567e-18
plays cards,-1.6263032587282567e-18
playing poker is,-1.6263032587282567e-18
playing cards,-1.6263032587282567e-18
playing poker,-1.6263032587282567e-18
playing cards is,-1.6263032587282567e-18
poker is game,-1.6263032587282567e-18
who plays cards,-1.6263032587282567e-18
while playing cards,-1.6263032587282567e-18
plays cards and,-1.6263032587282567e-18
sports stadiums,-1.734723475976807e-18
the provided context,-1.734723475976807e-18
the provided,-1.734723475976807e-18
stadium for,-1.734723475976807e-18
stadiums or,-1.734723475976807e-18
is not directly,-1.734723475976807e-18
midwest and countryside,-1.734723475976807e-18
allows you to,-1.734723475976807e-18
allows you,-1.734723475976807e-18
the choices mention,-1.734723475976807e-18
stadiums,-1.734723475976807e-18
viewing,-1.734723475976807e-18
stadiums or dress,-1.734723475976807e-18
the heaters,-1.734723475976807e-18
stadium for use,-1.734723475976807e-18
sports stadiums or,-1.734723475976807e-18
the heaters during,-1.734723475976807e-18
provided context,-1.734723475976807e-18
describe the,-1.734723475976807e-18
or dress,-1.734723475976807e-18
can buy,-1.734723475976807e-18
areas,-1.734723475976807e-18
that the specific,-1.734723475976807e-18
or dress emporium,-1.734723475976807e-18
possible to determine,-1.734723475976807e-18
specific location of,-1.734723475976807e-18
should be revised,-1.734723475976807e-18
provided context alone,-1.734723475976807e-18
to determine,-1.734723475976807e-18
not possible to,-1.734723475976807e-18
use in,-1.734723475976807e-18
use in the,-1.734723475976807e-18
stove is not,-1.734723475976807e-18
on the provided,-1.734723475976807e-18
question the question,-1.734723475976807e-18
question should be,-1.734723475976807e-18
question should,-1.734723475976807e-18
to determine the,-1.734723475976807e-18
revised to,-1.734723475976807e-18
games,-1.734723475976807e-18
the rationale,-1.734723475976807e-18
of fan,-1.734723475976807e-18
context alone instead,-1.734723475976807e-18
the specific location,-1.734723475976807e-18
one can buy,-1.734723475976807e-18
context alone,-1.734723475976807e-18
of fan for,-1.734723475976807e-18
the question should,-1.734723475976807e-18
options are not,-1.734723475976807e-18
instead the question,-1.734723475976807e-18
instead the,-1.734723475976807e-18
to the context,-1.734723475976807e-18
instead,-1.734723475976807e-18
ways,-1.734723475976807e-18
industry,-1.734723475976807e-18
commonly found in,-1.734723475976807e-18
stove but none,-1.734723475976807e-18
agricultural industry,-1.734723475976807e-18
revised,-1.734723475976807e-18
choices mention appliances,-1.734723475976807e-18
choices mention,-1.734723475976807e-18
other options are,-1.734723475976807e-18
stove but,-1.734723475976807e-18
commonly found,-1.734723475976807e-18
stove is,-1.734723475976807e-18
you to,-1.734723475976807e-18
to great highs,-2.087089182034596e-18
lows when suffering,-2.087089182034596e-18
competing can lead,-2.087089182034596e-18
great highs and,-2.087089182034596e-18
to great,-2.087089182034596e-18
great highs,-2.087089182034596e-18
lows when,-2.087089182034596e-18
third,-2.168404344971009e-18
likely answer,-2.6020852139652106e-18
happens,-2.6020852139652106e-18
likely answer is,-2.6020852139652106e-18
concept of,-2.6020852139652106e-18
the concept of,-2.6020852139652106e-18
the concept,-2.6020852139652106e-18
designed for,-2.6020852139652106e-18
is designed,-2.6020852139652106e-18
most likely answer,-2.6020852139652106e-18
is designed for,-2.6020852139652106e-18
what happens,-2.6020852139652106e-18
also lead to,-2.6020852139652106e-18
also lead,-2.6020852139652106e-18
can also lead,-2.6020852139652106e-18
gambler is,-3.2526065174565133e-18
explicitly state that,-3.2526065174565133e-18
explicitly state,-3.2526065174565133e-18
the only way,-3.2526065174565133e-18
only way,-3.2526065174565133e-18
while playing,-3.2526065174565133e-18
not explicitly state,-3.2526065174565133e-18
happiness it,-3.2526065174565133e-18
happiness it is,-3.2526065174565133e-18
lead to happiness,-3.2526065174565133e-18
to happiness,-3.2526065174565133e-18
to happiness it,-3.2526065174565133e-18
that can lead,-3.2526065174565133e-18
the question is,-3.2526065174565133e-18
state that,-3.2526065174565133e-18
state that the,-3.2526065174565133e-18
so it,-3.469446951953614e-18
manual,-3.469446951953614e-18
understand an encyclopedia,-3.686287386450715e-18
comprehension and an,-3.686287386450715e-18
comprehension and,-3.686287386450715e-18
understand an,-3.686287386450715e-18
or comprehension,-3.686287386450715e-18
comprehension,-3.686287386450715e-18
understanding or,-3.686287386450715e-18
required certain level,-3.686287386450715e-18
understanding or comprehension,-3.686287386450715e-18
or comprehension and,-3.686287386450715e-18
of understanding or,-3.686287386450715e-18
to make home,-3.7947076036992655e-18
want to make,-3.7947076036992655e-18
the meal there,-3.889575293791747e-18
the meal,-3.889575293791747e-18
there be messy,-3.889575293791747e-18
there be,-3.889575293791747e-18
and also,-3.903127820947816e-18
over,-4.336808689942018e-18
people who are,-4.553649124439119e-18
of prolonged,-4.7704895589362195e-18
thirst as the,-4.7704895589362195e-18
the body need,-4.7704895589362195e-18
of prolonged physical,-4.7704895589362195e-18
need for,-4.7704895589362195e-18
prolonged,-4.7704895589362195e-18
conserve energy this,-4.7704895589362195e-18
to the body,-4.7704895589362195e-18
to the sensation,-4.7704895589362195e-18
strain leading to,-4.7704895589362195e-18
thirst as,-4.7704895589362195e-18
conserve energy,-4.7704895589362195e-18
prolonged physical,-4.7704895589362195e-18
prolonged physical activity,-4.7704895589362195e-18
regulate its,-4.7704895589362195e-18
consequence of prolonged,-4.7704895589362195e-18
regulate its fluids,-4.7704895589362195e-18
strain leading,-4.7704895589362195e-18
to conserve,-4.7704895589362195e-18
who are not,-4.7704895589362195e-18
tries to regulate,-4.7704895589362195e-18
conserve,-4.7704895589362195e-18
of thirst as,-4.7704895589362195e-18
to conserve energy,-4.7704895589362195e-18
physical activity especially,-4.7704895589362195e-18
of thirst this,-4.7704895589362195e-18
to regulate its,-4.7704895589362195e-18
tries to conserve,-4.7704895589362195e-18
to regulate,-4.7704895589362195e-18
thirst this,-4.7704895589362195e-18
thirst this is,-4.7704895589362195e-18
rest and hydration,-4.7704895589362195e-18
job or,-4.7704895589362195e-18
not necessarily involve,-4.9873299934333204e-18
yourself and,-4.9873299934333204e-18
yourself and carrying,-4.9873299934333204e-18
them either into,-4.9873299934333204e-18
is because getting,-4.9873299934333204e-18
them either,-4.9873299934333204e-18
of an airplane,-4.9873299934333204e-18
transport people but,-4.9873299934333204e-18
people but it,-4.9873299934333204e-18
people but,-4.9873299934333204e-18
there yourself,-4.9873299934333204e-18
taxi is means,-4.9873299934333204e-18
there yourself and,-4.9873299934333204e-18
taxi,-4.9873299934333204e-18
taxi is,-4.9873299934333204e-18
to transport,-4.9873299934333204e-18
to transport people,-4.9873299934333204e-18
or into,-4.9873299934333204e-18
yourself,-4.9873299934333204e-18
or into the,-4.9873299934333204e-18
stop of an,-4.9873299934333204e-18
or cars,-4.9873299934333204e-18
people or cars,-4.9873299934333204e-18
same as flying,-4.9873299934333204e-18
the air other,-4.9873299934333204e-18
getting to,-4.9873299934333204e-18
because getting,-4.9873299934333204e-18
stall,-4.9873299934333204e-18
sudden stop of,-4.9873299934333204e-18
or cars do,-4.9873299934333204e-18
to an,-4.9873299934333204e-18
stall is,-4.9873299934333204e-18
stall is sudden,-4.9873299934333204e-18
the ground or,-4.9873299934333204e-18
the ground,-4.9873299934333204e-18
to airplanes involves,-4.9873299934333204e-18
stop of,-4.9873299934333204e-18
to airplanes,-4.9873299934333204e-18
sudden,-4.9873299934333204e-18
sudden stop,-4.9873299934333204e-18
to an airplane,-4.9873299934333204e-18
professional who,-5.204170427930421e-18
waiting for,-5.204170427930421e-18
police officer but,-5.204170427930421e-18
period of,-5.204170427930421e-18
professional who is,-5.204170427930421e-18
the law,-5.204170427930421e-18
officer is professional,-5.204170427930421e-18
period,-5.204170427930421e-18
for police,-5.204170427930421e-18
the law and,-5.204170427930421e-18
traffic is,-5.204170427930421e-18
period of duty,-5.204170427930421e-18
president the most,-5.204170427930421e-18
president the,-5.204170427930421e-18
responsible for enforcing,-5.204170427930421e-18
traffic is not,-5.204170427930421e-18
work for city,-5.204170427930421e-18
officer but rather,-5.204170427930421e-18
officer but,-5.204170427930421e-18
of duty,-5.204170427930421e-18
public safety,-5.204170427930421e-18
public safety and,-5.204170427930421e-18
of duty while,-5.204170427930421e-18
or president the,-5.204170427930421e-18
compared,-5.204170427930421e-18
compared to,-5.204170427930421e-18
other options additionally,-5.204170427930421e-18
compared to the,-5.204170427930421e-18
who is responsible,-5.204170427930421e-18
they are likely,-5.204170427930421e-18
are likely,-5.204170427930421e-18
options additionally direct,-5.204170427930421e-18
options additionally,-5.204170427930421e-18
safety and they,-5.204170427930421e-18
specific and accurate,-5.204170427930421e-18
which is brief,-5.204170427930421e-18
not the only,-5.637851296924623e-18
be unhappy and,-5.637851296924623e-18
unhappy and,-5.637851296924623e-18
when someone,-5.7462715141731735e-18
they are not,-5.820810413531552e-18
to basement,-5.854691731421724e-18
one own house,-5.854691731421724e-18
staircase depending,-5.854691731421724e-18
on the layout,-5.854691731421724e-18
religious setting may,-5.854691731421724e-18
may not,-5.854691731421724e-18
depending on,-5.854691731421724e-18
require additional steps,-5.854691731421724e-18
require additional,-5.854691731421724e-18
staircase depending on,-5.854691731421724e-18
own house are,-5.854691731421724e-18
of the building,-5.854691731421724e-18
or staircase,-5.854691731421724e-18
or access cards,-5.854691731421724e-18
or access,-5.854691731421724e-18
to basement in,-5.854691731421724e-18
office building the,-5.854691731421724e-18
setting may,-5.854691731421724e-18
setting may require,-5.854691731421724e-18
staircase,-5.854691731421724e-18
not necessarily be,-5.854691731421724e-18
or institutional,-5.854691731421724e-18
the building in,-5.854691731421724e-18
or in religious,-5.854691731421724e-18
or institutional building,-5.854691731421724e-18
typically accessible,-5.854691731421724e-18
depending,-5.854691731421724e-18
steps or access,-5.854691731421724e-18
typically accessible to,-5.854691731421724e-18
the layout,-5.854691731421724e-18
commercial or institutional,-5.854691731421724e-18
the layout of,-5.854691731421724e-18
steps or,-5.854691731421724e-18
commercial or,-5.854691731421724e-18
commercial,-5.854691731421724e-18
or staircase depending,-5.854691731421724e-18
church the basement,-5.854691731421724e-18
church the,-5.854691731421724e-18
religious,-5.854691731421724e-18
steps,-5.854691731421724e-18
through hall,-5.854691731421724e-18
through hall or,-5.854691731421724e-18
religious setting,-5.854691731421724e-18
or stairwell this,-6.071532165918825e-18
can make,-6.071532165918825e-18
home where,-6.071532165918825e-18
the basement is,-6.071532165918825e-18
set,-6.071532165918825e-18
way to avoid,-6.071532165918825e-18
such as home,-6.071532165918825e-18
residential property such,-6.071532165918825e-18
residential property,-6.071532165918825e-18
often located this,-6.071532165918825e-18
their body,-6.071532165918825e-18
property such as,-6.071532165918825e-18
stairwell this is,-6.071532165918825e-18
stairwell this,-6.071532165918825e-18
but it does,-6.071532165918825e-18
often located,-6.071532165918825e-18
property,-6.071532165918825e-18
property such,-6.071532165918825e-18
health,-6.7220534694101275e-18
taking the,-6.938893903907228e-18
of intellectual,-6.938893903907228e-18
alleviate pain,-6.938893903907228e-18
problem or overcoming,-6.938893903907228e-18
recovery which can,-6.938893903907228e-18
problem or,-6.938893903907228e-18
overcoming difficult obstacle,-6.938893903907228e-18
because taking,-6.938893903907228e-18
overcoming difficult problem,-6.938893903907228e-18
often used as,-6.938893903907228e-18
accomplish,-6.938893903907228e-18
recovery which,-6.938893903907228e-18
to accomplish something,-6.938893903907228e-18
to accomplish,-6.938893903907228e-18
taking them can,-6.938893903907228e-18
taking analgesics,-6.938893903907228e-18
to treat,-6.938893903907228e-18
to treat conditions,-6.938893903907228e-18
taking analgesics is,-6.938893903907228e-18
often used to,-6.938893903907228e-18
taking them,-6.938893903907228e-18
taking the medication,-6.938893903907228e-18
because taking analgesics,-6.938893903907228e-18
promote recovery,-6.938893903907228e-18
is trying to,-6.938893903907228e-18
used as,-6.938893903907228e-18
pain relief,-6.938893903907228e-18
medication,-6.938893903907228e-18
the only,-6.938893903907228e-18
pain relief and,-6.938893903907228e-18
such as arthritis,-6.938893903907228e-18
of pain relief,-6.938893903907228e-18
is trying,-6.938893903907228e-18
support,-6.938893903907228e-18
of intellectual challenge,-6.938893903907228e-18
relief,-6.938893903907228e-18
something intellectually,-6.938893903907228e-18
something intellectually challenging,-6.938893903907228e-18
relief and,-6.938893903907228e-18
relief and the,-6.938893903907228e-18
person taking,-6.938893903907228e-18
is because taking,-6.938893903907228e-18
obstacle,-6.938893903907228e-18
obstacle which,-6.938893903907228e-18
person taking the,-6.938893903907228e-18
such as overcoming,-6.938893903907228e-18
are not related,-6.938893903907228e-18
obstacle which is,-6.938893903907228e-18
promote,-6.938893903907228e-18
the medication is,-6.938893903907228e-18
promote recovery which,-6.938893903907228e-18
which is often,-6.938893903907228e-18
the medication,-6.938893903907228e-18
with the concept,-6.938893903907228e-18
or overcoming,-6.938893903907228e-18
pain and,-6.938893903907228e-18
or overcoming difficult,-6.938893903907228e-18
used as form,-6.938893903907228e-18
analgesics,-6.938893903907228e-18
them can,-6.938893903907228e-18
the person taking,-6.938893903907228e-18
them can help,-6.938893903907228e-18
trying to accomplish,-6.938893903907228e-18
used to treat,-6.938893903907228e-18
disappointment,-6.938893903907228e-18
pain and promote,-6.938893903907228e-18
analgesics is,-6.938893903907228e-18
treat conditions such,-6.938893903907228e-18
of pain,-6.938893903907228e-18
treat,-6.938893903907228e-18
of an intellectual,-6.938893903907228e-18
treat conditions,-6.938893903907228e-18
contains detailed,-7.37257477290143e-18
to pick up,-7.37257477290143e-18
detailed,-7.37257477290143e-18
reference book,-7.37257477290143e-18
pick up,-7.37257477290143e-18
knowledge and information,-7.37257477290143e-18
knowledge and,-7.37257477290143e-18
contains detailed knowledge,-7.37257477290143e-18
reference,-7.37257477290143e-18
detailed knowledge and,-7.37257477290143e-18
pick up and,-7.37257477290143e-18
reference book that,-7.37257477290143e-18
detailed knowledge,-7.37257477290143e-18
and information making,-7.37257477290143e-18
and understand,-7.37257477290143e-18
it easy,-7.37257477290143e-18
is reference,-7.37257477290143e-18
up and,-7.37257477290143e-18
making it easy,-7.37257477290143e-18
it easy to,-7.37257477290143e-18
up and understand,-7.37257477290143e-18
information making,-7.37257477290143e-18
information making it,-7.37257477290143e-18
is reference book,-7.37257477290143e-18
that contains detailed,-7.37257477290143e-18
encyclopedia is reference,-7.37257477290143e-18
and information,-7.37257477290143e-18
take,-7.589415207398531e-18
show over,-7.806255641895632e-18
show over and,-7.806255641895632e-18
and over,-7.806255641895632e-18
surprising show over,-7.806255641895632e-18
over and over,-7.806255641895632e-18
because it is,-7.846913223363838e-18
needing,-8.673617379884035e-18
house and,-8.673617379884035e-18
are often used,-8.673617379884035e-18
likely to,-9.540979117872439e-18
the sensation of,-9.540979117872439e-18
of thirst,-9.540979117872439e-18
the body tries,-9.540979117872439e-18
the sensation,-9.540979117872439e-18
sensation of thirst,-9.540979117872439e-18
tries to,-9.540979117872439e-18
tries,-9.540979117872439e-18
in new,-9.540979117872439e-18
body tries,-9.540979117872439e-18
body tries to,-9.540979117872439e-18
sensation,-9.540979117872439e-18
sensation of,-9.540979117872439e-18
airplane,-9.974659986866641e-18
an airplane,-9.974659986866641e-18
crashing airplanes,-9.974659986866641e-18
is means,-9.974659986866641e-18
involve crashing airplanes,-9.974659986866641e-18
is means to,-9.974659986866641e-18
region,-9.974659986866641e-18
day,-9.974659986866641e-18
involve crashing,-9.974659986866641e-18
to some airplanes,-1.0028870095490916e-17
you could crash,-1.0028870095490916e-17
crash,-1.0028870095490916e-17
you could,-1.0028870095490916e-17
some airplanes,-1.0028870095490916e-17
concerns about,-1.0191500421363742e-17
to people,-1.0191500421363742e-17
the planning,-1.0191500421363742e-17
the planning committee,-1.0191500421363742e-17
pose to students,-1.0191500421363742e-17
the mezzanine making,-1.0191500421363742e-17
students would be,-1.0191500421363742e-17
the architect rejection,-1.0191500421363742e-17
committee school,-1.0191500421363742e-17
rejection of mezzanine,-1.0191500421363742e-17
students would,-1.0191500421363742e-17
reason for the,-1.0191500421363742e-17
using the mezzanine,-1.0191500421363742e-17
of mezzanine,-1.0191500421363742e-17
students could be,-1.0191500421363742e-17
where people of,-1.0191500421363742e-17
committee school is,-1.0191500421363742e-17
students could,-1.0191500421363742e-17
the mezzanine age,-1.0191500421363742e-17
the building age,-1.0191500421363742e-17
students are,-1.0191500421363742e-17
plausible concern the,-1.0191500421363742e-17
school is,-1.0191500421363742e-17
school is place,-1.0191500421363742e-17
concerns,-1.0191500421363742e-17
concerns about the,-1.0191500421363742e-17
plausible concern,-1.0191500421363742e-17
students are plausible,-1.0191500421363742e-17
the architect concerns,-1.0191500421363742e-17
of mezzanine suggests,-1.0191500421363742e-17
pose to people,-1.0191500421363742e-17
to people of,-1.0191500421363742e-17
to students are,-1.0191500421363742e-17
planning committee,-1.0191500421363742e-17
to students,-1.0191500421363742e-17
planning committee school,-1.0191500421363742e-17
that the building,-1.0191500421363742e-17
why the,-1.1275702593849246e-17
place of worship,-1.1275702593849246e-17
or for any,-1.1275702593849246e-17
to their performance,-1.1275702593849246e-17
or for,-1.1275702593849246e-17
stadium concert,-1.1275702593849246e-17
such band would,-1.1275702593849246e-17
such band,-1.1275702593849246e-17
explanation for why,-1.1275702593849246e-17
stadium is most,-1.1275702593849246e-17
stadium is,-1.1275702593849246e-17
stadium concert is,-1.1275702593849246e-17
would perform the,-1.1275702593849246e-17
related to their,-1.1275702593849246e-17
provide reasonable,-1.1275702593849246e-17
would perform,-1.1275702593849246e-17
provide reasonable explanation,-1.1275702593849246e-17
would be playing,-1.1275702593849246e-17
not provide reasonable,-1.1275702593849246e-17
of worship,-1.1275702593849246e-17
not needing electricity,-1.1275702593849246e-17
worship where,-1.1275702593849246e-17
not needing,-1.1275702593849246e-17
playing not,-1.1275702593849246e-17
their performance and,-1.1275702593849246e-17
performance and church,-1.1275702593849246e-17
performance and,-1.1275702593849246e-17
where such band,-1.1275702593849246e-17
playing not needing,-1.1275702593849246e-17
where such,-1.1275702593849246e-17
other reason,-1.1275702593849246e-17
church is,-1.1275702593849246e-17
reasonable explanation for,-1.1275702593849246e-17
perform the other,-1.1275702593849246e-17
perform the,-1.1275702593849246e-17
perform,-1.1275702593849246e-17
of worship where,-1.1275702593849246e-17
church is place,-1.1275702593849246e-17
safety or for,-1.1275702593849246e-17
safety or,-1.1275702593849246e-17
worship where such,-1.1275702593849246e-17
their performance,-1.1275702593849246e-17
the band might,-1.1275702593849246e-17
the band would,-1.1275702593849246e-17
why the band,-1.1275702593849246e-17
film,-1.1275702593849246e-17
public event,-1.1275702593849246e-17
public event where,-1.1275702593849246e-17
reason bedroom,-1.1275702593849246e-17
worship,-1.1275702593849246e-17
the band needed,-1.1275702593849246e-17
any other,-1.1275702593849246e-17
reason bedroom and,-1.1275702593849246e-17
the stadium concert,-1.1275702593849246e-17
the stadium,-1.1275702593849246e-17
other reason bedroom,-1.1275702593849246e-17
with lactose,-1.1275702593849246e-17
with lactose intolerance,-1.1275702593849246e-17
reasonable explanation,-1.1275702593849246e-17
the public,-1.1709383462843448e-17
building the basement,-1.1709383462843448e-17
basement may be,-1.1709383462843448e-17
has the most,-1.1709383462843448e-17
be accessed through,-1.1709383462843448e-17
has the,-1.1709383462843448e-17
through an elevator,-1.1709383462843448e-17
edinburgh,-1.1709383462843448e-17
building the,-1.1709383462843448e-17
the public through,-1.1709383462843448e-17
public through an,-1.1709383462843448e-17
basement in,-1.1709383462843448e-17
to the public,-1.1709383462843448e-17
accessed through,-1.1709383462843448e-17
accessible to the,-1.1709383462843448e-17
public through,-1.1709383462843448e-17
may be accessed,-1.1709383462843448e-17
is common architectural,-1.214306433183765e-17
connected by,-1.214306433183765e-17
hallway,-1.214306433183765e-17
breakfast is,-1.214306433183765e-17
homes,-1.214306433183765e-17
homes especially,-1.214306433183765e-17
architectural,-1.214306433183765e-17
those with multiple,-1.214306433183765e-17
common architectural,-1.214306433183765e-17
common architectural feature,-1.214306433183765e-17
architectural feature in,-1.214306433183765e-17
connected,-1.214306433183765e-17
as it,-1.214306433183765e-17
connected by common,-1.214306433183765e-17
physical activity that,-1.214306433183765e-17
or multiple units,-1.214306433183765e-17
in many homes,-1.214306433183765e-17
or multiple,-1.214306433183765e-17
in many,-1.214306433183765e-17
homes especially those,-1.214306433183765e-17
many homes especially,-1.214306433183765e-17
many homes,-1.214306433183765e-17
or stairwell,-1.214306433183765e-17
with multiple,-1.214306433183765e-17
with multiple units,-1.214306433183765e-17
common hallway or,-1.214306433183765e-17
feature in many,-1.214306433183765e-17
architectural feature,-1.214306433183765e-17
feature in,-1.214306433183765e-17
units or,-1.214306433183765e-17
rationale,-1.214306433183765e-17
multiple units or,-1.214306433183765e-17
multiple units connected,-1.214306433183765e-17
hallway or,-1.214306433183765e-17
feature,-1.214306433183765e-17
stairwell,-1.214306433183765e-17
units connected,-1.214306433183765e-17
units connected by,-1.214306433183765e-17
common hallway,-1.214306433183765e-17
hallway or stairwell,-1.214306433183765e-17
units or multiple,-1.214306433183765e-17
by common hallway,-1.214306433183765e-17
by common,-1.214306433183765e-17
using,-1.3010426069826053e-17
because basement,-1.3010426069826053e-17
the next,-1.3010426069826053e-17
is most likely,-1.3010426069826053e-17
is because basement,-1.3010426069826053e-17
next,-1.3010426069826053e-17
can be accessed,-1.3010426069826053e-17
be accessed with,-1.3010426069826053e-17
the process,-1.3660947373317356e-17
the process of,-1.3660947373317356e-17
challenge,-1.3877787807814457e-17
intellectual,-1.3877787807814457e-17
the midwest and,-1.3877787807814457e-17
overcoming difficult,-1.3877787807814457e-17
like,-1.3877787807814457e-17
crashing,-1.3877787807814457e-17
midwest and,-1.3877787807814457e-17
related to,-1.3877787807814457e-17
band,-1.3877787807814457e-17
intellectual challenge,-1.3877787807814457e-17
overcoming,-1.3877787807814457e-17
to handle cases,-1.4365678785432934e-17
the architect is,-1.4365678785432934e-17
office for,-1.4365678785432934e-17
to handle,-1.4365678785432934e-17
office for lawyer,-1.4365678785432934e-17
choices do not,-1.474514954580286e-17
choices do,-1.474514954580286e-17
theater and,-1.5178830414797062e-17
rebellion and it,-1.5178830414797062e-17
relaxing is,-1.5178830414797062e-17
rebellion and,-1.5178830414797062e-17
rebellion,-1.5178830414797062e-17
different from,-1.5178830414797062e-17
with social,-1.5178830414797062e-17
passive,-1.5178830414797062e-17
social activism,-1.5178830414797062e-17
social activism and,-1.5178830414797062e-17
with social activism,-1.5178830414797062e-17
the importance,-1.5178830414797062e-17
political expression therefore,-1.5178830414797062e-17
relaxing is passive,-1.5178830414797062e-17
to the importance,-1.5178830414797062e-17
recreational activity opera,-1.5178830414797062e-17
recreational,-1.5178830414797062e-17
recreational activity,-1.5178830414797062e-17
the importance of,-1.5178830414797062e-17
passive activity,-1.5178830414797062e-17
of music,-1.5178830414797062e-17
rock music as,-1.5178830414797062e-17
sport,-1.5178830414797062e-17
to punk,-1.5178830414797062e-17
that is often,-1.5178830414797062e-17
sport additionally,-1.5178830414797062e-17
skateboarding,-1.5178830414797062e-17
skateboarding is,-1.5178830414797062e-17
skateboarding is recreational,-1.5178830414797062e-17
of musical theater,-1.5178830414797062e-17
sports skateboarding is,-1.5178830414797062e-17
is different from,-1.5178830414797062e-17
opera,-1.5178830414797062e-17
of cultural and,-1.5178830414797062e-17
of punk rock,-1.5178830414797062e-17
get to,-1.5178830414797062e-17
is different,-1.5178830414797062e-17
to get to,-1.5178830414797062e-17
of cultural,-1.5178830414797062e-17
to listen to,-1.5178830414797062e-17
this is different,-1.5178830414797062e-17
to listen,-1.5178830414797062e-17
opera is,-1.5178830414797062e-17
of music that,-1.5178830414797062e-17
of musical,-1.5178830414797062e-17
therefore listen to,-1.5178830414797062e-17
opera is form,-1.5178830414797062e-17
political expression,-1.5178830414797062e-17
passive activity therefore,-1.5178830414797062e-17
sport additionally the,-1.5178830414797062e-17
rock music is,-1.5178830414797062e-17
rock music in,-1.5178830414797062e-17
therefore listen,-1.5178830414797062e-17
sports skateboarding,-1.5178830414797062e-17
political,-1.5178830414797062e-17
to it as,-1.5178830414797062e-17
to punk rock,-1.5178830414797062e-17
theater and relaxing,-1.5178830414797062e-17
of punk,-1.5178830414797062e-17
possibility of other,-1.5233040523421337e-17
or snowstorm therefore,-1.5233040523421337e-17
possibility,-1.5233040523421337e-17
well for,-1.5233040523421337e-17
the only answer,-1.5233040523421337e-17
well for instance,-1.5233040523421337e-17
of other valid,-1.5233040523421337e-17
only correct answer,-1.5233040523421337e-17
answers as,-1.5233040523421337e-17
or snowstorm,-1.5233040523421337e-17
answers,-1.5233040523421337e-17
only answer,-1.5233040523421337e-17
only answer that,-1.5233040523421337e-17
possibility of,-1.5233040523421337e-17
only correct,-1.5233040523421337e-17
possible that snowflake,-1.5233040523421337e-17
the only correct,-1.5233040523421337e-17
valid,-1.5233040523421337e-17
snowflake could form,-1.5233040523421337e-17
so it also,-1.5233040523421337e-17
the possibility,-1.5233040523421337e-17
valid answers as,-1.5233040523421337e-17
the possibility of,-1.5233040523421337e-17
snowflake could,-1.5233040523421337e-17
valid answers,-1.5233040523421337e-17
other valid answers,-1.5233040523421337e-17
that snowflake,-1.5233040523421337e-17
that snowflake could,-1.5233040523421337e-17
consider,-1.5233040523421337e-17
to consider the,-1.5233040523421337e-17
snowstorm therefore the,-1.5233040523421337e-17
snowstorm therefore,-1.5233040523421337e-17
consider the,-1.5233040523421337e-17
snowstorm,-1.5233040523421337e-17
consider the possibility,-1.5233040523421337e-17
snowflakes are formed,-1.5233040523421337e-17
other valid,-1.5233040523421337e-17
the air they,-1.5233040523421337e-17
cloud but,-1.5233040523421337e-17
cloud billow or,-1.5233040523421337e-17
cloud billow,-1.5233040523421337e-17
cloud but the,-1.5233040523421337e-17
that can logically,-1.5233040523421337e-17
question is however,-1.5233040523421337e-17
to consider,-1.5233040523421337e-17
and do,-1.5395670849294163e-17
and do not,-1.5395670849294163e-17
helping,-1.5612511283791264e-17
physical activity,-1.6046192152785466e-17
over it,-1.691355389077387e-17
does not explicitly,-1.691355389077387e-17
get surprising show,-1.691355389077387e-17
get surprising,-1.691355389077387e-17
and over it,-1.691355389077387e-17
not explicitly,-1.691355389077387e-17
explicitly,-1.691355389077387e-17
the situation which,-1.734723475976807e-17
situation which,-1.734723475976807e-17
actions,-1.734723475976807e-17
the air,-1.7780915628762273e-17
air,-1.7780915628762273e-17
disease is,-1.8214596497756474e-17
church,-1.8648277366750676e-17
appliances,-1.951563910473908e-17
only one,-1.973247953923618e-17
this is why,-1.973247953923618e-17
periods this is,-1.973247953923618e-17
large number,-1.973247953923618e-17
continent and germany,-1.973247953923618e-17
continent and,-1.973247953923618e-17
tales are,-1.973247953923618e-17
tales,-1.973247953923618e-17
tales are not,-1.973247953923618e-17
the medieval,-1.973247953923618e-17
the medieval and,-1.973247953923618e-17
one castle,-1.973247953923618e-17
one castle but,-1.973247953923618e-17
periods this,-1.973247953923618e-17
number of castles,-1.973247953923618e-17
why it is,-1.973247953923618e-17
only one castle,-1.973247953923618e-17
because europe is,-1.973247953923618e-17
because europe,-1.973247953923618e-17
is because europe,-1.973247953923618e-17
of castles especially,-1.973247953923618e-17
why it,-1.973247953923618e-17
large number of,-1.973247953923618e-17
europe is,-1.973247953923618e-17
indoors,-1.9949319973733282e-17
group together,-2.0328790734103208e-17
people of,-2.0383000842727483e-17
group such as,-2.0383000842727483e-17
the mezzanine,-2.0383000842727483e-17
it could pose,-2.0383000842727483e-17
pose,-2.0383000842727483e-17
this question is,-2.0383000842727483e-17
it could,-2.0383000842727483e-17
people of that,-2.0383000842727483e-17
question is that,-2.0383000842727483e-17
hazards it could,-2.0383000842727483e-17
pose to,-2.0383000842727483e-17
hazards it,-2.0383000842727483e-17
for this question,-2.0383000842727483e-17
hazards,-2.0383000842727483e-17
is necessary,-2.0383000842727483e-17
group such,-2.0383000842727483e-17
as students,-2.0383000842727483e-17
could pose to,-2.0383000842727483e-17
potential hazards,-2.0383000842727483e-17
such as students,-2.0383000842727483e-17
the potential hazards,-2.0383000842727483e-17
age and the,-2.0383000842727483e-17
age and,-2.0383000842727483e-17
of that age,-2.0383000842727483e-17
could pose,-2.0383000842727483e-17
age group such,-2.0383000842727483e-17
of that,-2.0383000842727483e-17
that age,-2.0383000842727483e-17
that age group,-2.0383000842727483e-17
this question,-2.0383000842727483e-17
potential hazards it,-2.0383000842727483e-17
the surface,-2.0816681711721685e-17
those,-2.0816681711721685e-17
of the earth,-2.0816681711721685e-17
is because an,-2.0816681711721685e-17
the surface of,-2.0816681711721685e-17
because an,-2.0816681711721685e-17
earth,-2.0816681711721685e-17
the earth,-2.0816681711721685e-17
surface,-2.0816681711721685e-17
surface of the,-2.0816681711721685e-17
surface of,-2.0816681711721685e-17
itself,-2.1250362580715887e-17
common place to,-2.1250362580715887e-17
ground,-2.168404344971009e-17
action that,-2.168404344971009e-17
device,-2.211772431870429e-17
airplanes,-2.211772431870429e-17
are not the,-2.2551405187698492e-17
typical,-2.2551405187698492e-17
not typical,-2.2551405187698492e-17
electricity at,-2.2551405187698492e-17
it plausible,-2.2551405187698492e-17
band would,-2.2551405187698492e-17
that refers to,-2.2551405187698492e-17
that refers,-2.2551405187698492e-17
making it plausible,-2.2551405187698492e-17
needing electricity,-2.2551405187698492e-17
where the band,-2.2551405187698492e-17
sign of self,-2.2768245622195593e-17
person feel proud,-2.2768245622195593e-17
achieved,-2.2768245622195593e-17
one has,-2.2768245622195593e-17
person feel,-2.2768245622195593e-17
one has already,-2.2768245622195593e-17
themselves for,-2.2768245622195593e-17
sign,-2.2768245622195593e-17
sign of,-2.2768245622195593e-17
themselves for staying,-2.2768245622195593e-17
not necessarily relate,-2.2768245622195593e-17
ways arthritis is,-2.2768245622195593e-17
proud,-2.2768245622195593e-17
to jogging feel,-2.2768245622195593e-17
to jogging as,-2.2768245622195593e-17
sweating,-2.2768245622195593e-17
it is physical,-2.2768245622195593e-17
related to jogging,-2.2768245622195593e-17
when jogging,-2.2768245622195593e-17
ways arthritis,-2.2768245622195593e-17
of themselves,-2.2768245622195593e-17
not necessarily negative,-2.2768245622195593e-17
not necessarily sign,-2.2768245622195593e-17
comes to,-2.2768245622195593e-17
when jogging as,-2.2768245622195593e-17
comes to jogging,-2.2768245622195593e-17
of themselves for,-2.2768245622195593e-17
sweating is not,-2.2768245622195593e-17
relate to self,-2.2768245622195593e-17
to self esteem,-2.2768245622195593e-17
sweating is,-2.2768245622195593e-17
self esteem ocean,-2.2768245622195593e-17
of self esteem,-2.2768245622195593e-17
proud of,-2.2768245622195593e-17
staying active and,-2.2768245622195593e-17
proud of themselves,-2.2768245622195593e-17
various ways arthritis,-2.2768245622195593e-17
staying active,-2.2768245622195593e-17
self esteem when,-2.2768245622195593e-17
that can make,-2.2768245622195593e-17
various ways,-2.2768245622195593e-17
staying,-2.2768245622195593e-17
to enjoy,-2.3310346708438345e-17
to have,-2.3418766925686896e-17
are actions,-2.3418766925686896e-17
actions that,-2.3418766925686896e-17
do not include,-2.3418766925686896e-17
cultural and,-2.3418766925686896e-17
are actions that,-2.3418766925686896e-17
cultural,-2.3418766925686896e-17
not include,-2.3418766925686896e-17
often associated,-2.3635607360183997e-17
often associated with,-2.3635607360183997e-17
is often associated,-2.3635607360183997e-17
of individuals and,-2.3852447794681098e-17
therefore buildings are,-2.3852447794681098e-17
on an environment,-2.3852447794681098e-17
on an,-2.3852447794681098e-17
therefore buildings,-2.3852447794681098e-17
to be destroyed,-2.3852447794681098e-17
the destruction of,-2.3852447794681098e-17
person or,-2.3852447794681098e-17
world country,-2.3852447794681098e-17
consequences as,-2.3852447794681098e-17
person or group,-2.3852447794681098e-17
valuable resources and,-2.3852447794681098e-17
valuable resources,-2.3852447794681098e-17
valuable,-2.3852447794681098e-17
social and,-2.3852447794681098e-17
social and economic,-2.3852447794681098e-17
entire,-2.3852447794681098e-17
to describe situation,-2.3852447794681098e-17
the destruction,-2.3852447794681098e-17
of valuable,-2.3852447794681098e-17
thing,-2.3852447794681098e-17
used metaphorically to,-2.3852447794681098e-17
of valuable resources,-2.3852447794681098e-17
used metaphorically,-2.3852447794681098e-17
safety of individuals,-2.3852447794681098e-17
such as rug,-2.3852447794681098e-17
of individuals,-2.3852447794681098e-17
well as the,-2.3852447794681098e-17
consequences as well,-2.3852447794681098e-17
resources and,-2.3852447794681098e-17
world country human,-2.3852447794681098e-17
dog would,-2.3852447794681098e-17
they can impair,-2.3852447794681098e-17
communities,-2.3852447794681098e-17
context disease,-2.3852447794681098e-17
third world country,-2.3852447794681098e-17
situation where person,-2.3852447794681098e-17
rug,-2.3852447794681098e-17
third world,-2.3852447794681098e-17
to social,-2.3852447794681098e-17
the health and,-2.3852447794681098e-17
the health,-2.3852447794681098e-17
rug third,-2.3852447794681098e-17
rug third world,-2.3852447794681098e-17
context disease is,-2.3852447794681098e-17
this context disease,-2.3852447794681098e-17
to social and,-2.3852447794681098e-17
where person or,-2.3852447794681098e-17
where person,-2.3852447794681098e-17
or group,-2.3852447794681098e-17
or group has,-2.3852447794681098e-17
communities they can,-2.3852447794681098e-17
communities they,-2.3852447794681098e-17
resources and infrastructure,-2.3852447794681098e-17
thing to be,-2.3852447794681098e-17
thing to,-2.3852447794681098e-17
problems,-2.42861286636753e-17
cause,-2.42861286636753e-17
as well as,-2.42861286636753e-17
multiple units,-2.42861286636753e-17
well as,-2.42861286636753e-17
units,-2.42861286636753e-17
is physical,-2.4638494369733088e-17
be used,-2.47198095326695e-17
because the architect,-2.4936649967166602e-17
events,-2.5153490401663703e-17
such events,-2.5153490401663703e-17
or even,-2.6020852139652106e-17
alleviate,-2.6020852139652106e-17
the band,-2.6020852139652106e-17
electricity,-2.6020852139652106e-17
office,-2.688821387764051e-17
in this context,-2.7755575615628914e-17
fan for,-2.7755575615628914e-17
this context,-2.7755575615628914e-17
to help,-2.7755575615628914e-17
their stove,-2.8189256484623115e-17
room for,-2.8189256484623115e-17
room as it,-2.8189256484623115e-17
various types of,-2.8189256484623115e-17
often found in,-2.8189256484623115e-17
room as,-2.8189256484623115e-17
their stove in,-2.8189256484623115e-17
types of appliances,-2.8189256484623115e-17
various types,-2.8189256484623115e-17
not directly require,-2.8189256484623115e-17
this purpose,-2.8189256484623115e-17
used for cooking,-2.8189256484623115e-17
directly require,-2.8189256484623115e-17
stoves are often,-2.8189256484623115e-17
stove in,-2.8189256484623115e-17
stoves stoves are,-2.8189256484623115e-17
stoves stoves,-2.8189256484623115e-17
room for this,-2.8189256484623115e-17
often used for,-2.8189256484623115e-17
stove in hot,-2.8189256484623115e-17
stoves are,-2.8189256484623115e-17
of appliances including,-2.8189256484623115e-17
of appliances,-2.8189256484623115e-17
is to,-2.824346659324739e-17
it is often,-2.905661822261152e-17
feelings of,-2.905661822261152e-17
you will be,-2.949029909160572e-17
you will,-2.949029909160572e-17
taking,-2.949029909160572e-17
phrase,-3.0249240612345574e-17
is form of,-3.0357660829594124e-17
is form,-3.0357660829594124e-17
especially if the,-3.0357660829594124e-17
if the,-3.0357660829594124e-17
cloud,-3.0466081046842675e-17
directly relate to,-3.0574501264091225e-17
directly relate,-3.0574501264091225e-17
stove,-3.0791341698588326e-17
making them,-3.0791341698588326e-17
located,-3.122502256758253e-17
are not typical,-3.209238430557093e-17
job or profession,-3.209238430557093e-17
escape,-3.209238430557093e-17
therefore they might,-3.2634485391813683e-17
therefore they,-3.2634485391813683e-17
the dark therefore,-3.2634485391813683e-17
the dark,-3.2634485391813683e-17
where low,-3.2634485391813683e-17
wearing them to,-3.2634485391813683e-17
often those who,-3.2634485391813683e-17
often those,-3.2634485391813683e-17
common therefore the,-3.2634485391813683e-17
conditions this is,-3.2634485391813683e-17
conditions this,-3.2634485391813683e-17
their ability to,-3.2634485391813683e-17
their ability,-3.2634485391813683e-17
such as those,-3.2634485391813683e-17
wearing dark,-3.2634485391813683e-17
common therefore,-3.2634485391813683e-17
see in low,-3.2634485391813683e-17
them to enhance,-3.2634485391813683e-17
to be wearing,-3.2634485391813683e-17
where low light,-3.2634485391813683e-17
they might wear,-3.2634485391813683e-17
to see in,-3.2634485391813683e-17
outside where low,-3.2634485391813683e-17
seeing in the,-3.2634485391813683e-17
outside where,-3.2634485391813683e-17
to see,-3.2634485391813683e-17
see in,-3.2634485391813683e-17
wearing them,-3.2634485391813683e-17
seeing in low,-3.2634485391813683e-17
wearing dark glasses,-3.2634485391813683e-17
hoped for,-3.2959746043559335e-17
hoped,-3.2959746043559335e-17
hoped for success,-3.2959746043559335e-17
at his,-3.2959746043559335e-17
for success at,-3.2959746043559335e-17
through,-3.2959746043559335e-17
success at his,-3.2959746043559335e-17
success at,-3.2959746043559335e-17
because when people,-3.3393426912553537e-17
expected,-3.3393426912553537e-17
cards,-3.3393426912553537e-17
are all,-3.436920886779049e-17
reason for,-3.469446951953614e-17
when someone is,-3.5128150388530344e-17
arthritis,-3.5128150388530344e-17
concept,-3.531110950513727e-17
which can occur,-3.5561831257524545e-17
to becoming disillusioned,-3.5561831257524545e-17
with the situation,-3.5561831257524545e-17
problems and begin,-3.5561831257524545e-17
process of personal,-3.5561831257524545e-17
when they realize,-3.5561831257524545e-17
to becoming,-3.5561831257524545e-17
their problems and,-3.5561831257524545e-17
problems are,-3.5561831257524545e-17
problems are not,-3.5561831257524545e-17
their problems due,-3.5561831257524545e-17
worse this,-3.5561831257524545e-17
relationships work,-3.5561831257524545e-17
various contexts,-3.5561831257524545e-17
they realize,-3.5561831257524545e-17
they realize that,-3.5561831257524545e-17
various contexts such,-3.5561831257524545e-17
relationships work or,-3.5561831257524545e-17
worse,-3.5561831257524545e-17
problems and,-3.5561831257524545e-17
of faith and,-3.5561831257524545e-17
of faith,-3.5561831257524545e-17
occur when they,-3.5561831257524545e-17
occur when,-3.5561831257524545e-17
occur in various,-3.5561831257524545e-17
occur in,-3.5561831257524545e-17
realize,-3.5561831257524545e-17
work or,-3.5561831257524545e-17
work or school,-3.5561831257524545e-17
realize that,-3.5561831257524545e-17
realize that the,-3.5561831257524545e-17
or school,-3.5561831257524545e-17
or school as,-3.5561831257524545e-17
personal relationships,-3.5561831257524545e-17
this can result,-3.5561831257524545e-17
this can occur,-3.5561831257524545e-17
this can be,-3.5561831257524545e-17
personal growth and,-3.5561831257524545e-17
personal growth,-3.5561831257524545e-17
problems due to,-3.5561831257524545e-17
worse this can,-3.5561831257524545e-17
problems due,-3.5561831257524545e-17
personal relationships work,-3.5561831257524545e-17
contexts such as,-3.5561831257524545e-17
result in sense,-3.5561831257524545e-17
development,-3.5561831257524545e-17
that the problems,-3.5561831257524545e-17
result people,-3.5561831257524545e-17
situation which can,-3.5561831257524545e-17
such as personal,-3.5561831257524545e-17
result people often,-3.5561831257524545e-17
of loss of,-3.5561831257524545e-17
of loss,-3.5561831257524545e-17
of personal,-3.5561831257524545e-17
of personal growth,-3.5561831257524545e-17
sense of loss,-3.5561831257524545e-17
school as result,-3.5561831257524545e-17
contexts,-3.5561831257524545e-17
the problems are,-3.5561831257524545e-17
the problems,-3.5561831257524545e-17
school as,-3.5561831257524545e-17
solutions,-3.5561831257524545e-17
solutions this,-3.5561831257524545e-17
contexts such,-3.5561831257524545e-17
solutions this can,-3.5561831257524545e-17
committing,-3.5670251474773096e-17
of murder,-3.5670251474773096e-17
to kill someone,-3.5670251474773096e-17
of killing with,-3.5670251474773096e-17
shooting,-3.5670251474773096e-17
of violence,-3.5670251474773096e-17
so is,-3.5670251474773096e-17
shooting is,-3.5670251474773096e-17
shooting is an,-3.5670251474773096e-17
these are related,-3.5670251474773096e-17
one way to,-3.5670251474773096e-17
one way,-3.5670251474773096e-17
the option eat,-3.5670251474773096e-17
action and,-3.5670251474773096e-17
of violence committing,-3.5670251474773096e-17
of killing or,-3.5670251474773096e-17
someone one way,-3.5670251474773096e-17
someone one,-3.5670251474773096e-17
with gun,-3.5670251474773096e-17
with gun the,-3.5670251474773096e-17
so is to,-3.5670251474773096e-17
violence,-3.5670251474773096e-17
committing crime,-3.5670251474773096e-17
or do,-3.5670251474773096e-17
through is,-3.5670251474773096e-17
option eat breakfast,-3.5670251474773096e-17
committing crime is,-3.5670251474773096e-17
option eat,-3.5670251474773096e-17
sipping through is,-3.5670251474773096e-17
to do so,-3.5670251474773096e-17
to eat,-3.5670251474773096e-17
to eat breakfast,-3.5670251474773096e-17
sipping through,-3.5670251474773096e-17
way to do,-3.5670251474773096e-17
sipping,-3.5670251474773096e-17
want to kill,-3.5670251474773096e-17
or do not,-3.5670251474773096e-17
to avoid detection,-3.5670251474773096e-17
of murder the,-3.5670251474773096e-17
violence committing crime,-3.5670251474773096e-17
violence committing,-3.5670251474773096e-17
which is an,-3.5670251474773096e-17
through is way,-3.5670251474773096e-17
way for people,-3.621235256101585e-17
work which,-3.621235256101585e-17
productive and meaningful,-3.621235256101585e-17
work which can,-3.621235256101585e-17
talking to each,-3.621235256101585e-17
talking to,-3.621235256101585e-17
to be at,-3.621235256101585e-17
training and colleagues,-3.621235256101585e-17
training,-3.621235256101585e-17
training and,-3.621235256101585e-17
thoughts share,-3.621235256101585e-17
to engage,-3.621235256101585e-17
to engage in,-3.621235256101585e-17
often aim to,-3.621235256101585e-17
with colleagues colleagues,-3.621235256101585e-17
people often aim,-3.621235256101585e-17
with colleagues,-3.621235256101585e-17
share ideas,-3.621235256101585e-17
share ideas and,-3.621235256101585e-17
relationships which,-3.621235256101585e-17
relationships which can,-3.621235256101585e-17
share thoughts share,-3.621235256101585e-17
people to share,-3.621235256101585e-17
often aim,-3.621235256101585e-17
thoughts share ideas,-3.621235256101585e-17
to share thoughts,-3.621235256101585e-17
colleagues to be,-3.621235256101585e-17
colleagues colleagues,-3.621235256101585e-17
colleagues in,-3.621235256101585e-17
colleagues in training,-3.621235256101585e-17
other is common,-3.621235256101585e-17
colleagues colleagues in,-3.621235256101585e-17
other is,-3.621235256101585e-17
collaborative atmosphere talking,-3.621235256101585e-17
colleagues to,-3.621235256101585e-17
bills is,-3.642919299551295e-17
answer in this,-3.642919299551295e-17
work the,-3.642919299551295e-17
answer in,-3.642919299551295e-17
hurt people,-3.642919299551295e-17
to lose control,-3.686287386450715e-17
particularly eating,-3.686287386450715e-17
of an anorexia,-3.686287386450715e-17
over her,-3.686287386450715e-17
of condition,-3.686287386450715e-17
the lady actions,-3.686287386450715e-17
to lose,-3.686287386450715e-17
well known consequence,-3.686287386450715e-17
over her bodily,-3.686287386450715e-17
would likely lead,-3.686287386450715e-17
consequence of mental,-3.686287386450715e-17
particularly eating disorders,-3.686287386450715e-17
of condition known,-3.686287386450715e-17
avoid,-3.729655473350135e-17
school,-3.7730235602495554e-17
corn,-3.8163916471489756e-17
is more,-3.8163916471489756e-17
resources,-3.838075690598686e-17
process,-3.859759734048396e-17
provide suitable,-3.859759734048396e-17
when it falls,-3.865180744910823e-17
snow melts when,-3.865180744910823e-17
snow melts,-3.865180744910823e-17
energy,-3.903127820947816e-17
question is,-3.903127820947816e-17
illinois is,-3.913969842672671e-17
ocean to,-3.9302328752599536e-17
the ocean to,-3.9302328752599536e-17
ocean to be,-3.9302328752599536e-17
the computer can,-3.9302328752599536e-17
to be blue,-3.9302328752599536e-17
individuals,-3.946495907847236e-17
platform nasa,-3.9898639947466563e-17
on show they,-3.9898639947466563e-17
platform cape canaveral,-3.9898639947466563e-17
place for them,-3.9898639947466563e-17
platform cape,-3.9898639947466563e-17
ready to put,-3.9898639947466563e-17
show they,-3.9898639947466563e-17
purpose the,-3.9898639947466563e-17
stage or,-3.9898639947466563e-17
performer is,-3.9898639947466563e-17
place where performer,-3.9898639947466563e-17
to the job,-3.9898639947466563e-17
not place for,-3.9898639947466563e-17
space agency not,-3.9898639947466563e-17
show they typically,-3.9898639947466563e-17
platform that,-3.9898639947466563e-17
stage or platform,-3.9898639947466563e-17
stage,-3.9898639947466563e-17
onto stage,-3.9898639947466563e-17
typically step onto,-3.9898639947466563e-17
onto stage or,-3.9898639947466563e-17
place for performer,-3.9898639947466563e-17
where performer,-3.9898639947466563e-17
where performer would,-3.9898639947466563e-17
that purpose the,-3.9898639947466563e-17
platform nasa is,-3.9898639947466563e-17
when performer is,-3.9898639947466563e-17
when performer,-3.9898639947466563e-17
them to step,-3.9898639947466563e-17
typically step,-3.9898639947466563e-17
that purpose,-3.9898639947466563e-17
the job,-3.9898639947466563e-17
the job of,-3.9898639947466563e-17
platform battleship,-3.9898639947466563e-17
they typically step,-3.9898639947466563e-17
platform battleship is,-3.9898639947466563e-17
platform that is,-3.9898639947466563e-17
space agency,-3.9898639947466563e-17
purpose the other,-3.9898639947466563e-17
performer is ready,-3.9898639947466563e-17
stepping onto launch,-3.9898639947466563e-17
performer would step,-3.9898639947466563e-17
performer to wear,-3.9898639947466563e-17
or platform that,-3.9898639947466563e-17
wear cape not,-3.9898639947466563e-17
wear cape,-3.9898639947466563e-17
of performer,-3.9898639947466563e-17
of performer stepping,-3.9898639947466563e-17
that is designed,-3.9898639947466563e-17
to put on,-3.9898639947466563e-17
to put,-3.9898639947466563e-17
put on,-3.9898639947466563e-17
to wear cape,-3.9898639947466563e-17
to step onto,-3.9898639947466563e-17
put on show,-3.9898639947466563e-17
to step,-3.9898639947466563e-17
because if you,-3.9898639947466563e-17
stepping onto,-3.9898639947466563e-17
on show,-3.9898639947466563e-17
performer stepping,-3.9898639947466563e-17
performer stepping onto,-3.9898639947466563e-17
performer would,-3.9898639947466563e-17
would step onto,-3.9898639947466563e-17
or platform,-3.9898639947466563e-17
performer to,-3.9898639947466563e-17
stepping,-3.9898639947466563e-17
would step,-3.9898639947466563e-17
step onto stage,-3.9898639947466563e-17
illness,-4.0332320816460765e-17
situation and,-4.0332320816460765e-17
be accessed,-4.0332320816460765e-17
the basement may,-4.0766001685454967e-17
options while,-4.0766001685454967e-17
basement may,-4.0766001685454967e-17
that can,-4.0766001685454967e-17
while potentially,-4.0766001685454967e-17
other options while,-4.0766001685454967e-17
options while potentially,-4.0766001685454967e-17
is known,-4.0766001685454967e-17
their colleagues,-4.087442190270352e-17
to access the,-4.098284211995207e-17
to access,-4.098284211995207e-17
the building and,-4.098284211995207e-17
people live front,-4.098284211995207e-17
street corner is,-4.098284211995207e-17
the building back,-4.098284211995207e-17
where mailboxes,-4.098284211995207e-17
of mailbox in,-4.098284211995207e-17
where mailboxes are,-4.098284211995207e-17
where people live,-4.098284211995207e-17
that slot,-4.098284211995207e-17
that slot in,-4.098284211995207e-17
street corner,-4.098284211995207e-17
of mailbox and,-4.098284211995207e-17
the function of,-4.098284211995207e-17
typically located none,-4.098284211995207e-17
the function,-4.098284211995207e-17
to the function,-4.098284211995207e-17
people live,-4.098284211995207e-17
the way,-4.098284211995207e-17
type of mailbox,-4.098284211995207e-17
the way that,-4.098284211995207e-17
to exit,-4.098284211995207e-17
way that slot,-4.098284211995207e-17
way that,-4.098284211995207e-17
mailbox and,-4.098284211995207e-17
typically located,-4.098284211995207e-17
front door,-4.098284211995207e-17
front,-4.098284211995207e-17
to exit the,-4.098284211995207e-17
help they typically,-4.1470733097570545e-17
others help they,-4.1470733097570545e-17
help they,-4.1470733097570545e-17
sun in circular,-4.163336342344337e-17
determined by the,-4.163336342344337e-17
outer space refers,-4.163336342344337e-17
determined by,-4.163336342344337e-17
determined,-4.163336342344337e-17
to it the,-4.163336342344337e-17
outer,-4.163336342344337e-17
sun writing,-4.163336342344337e-17
sun writing is,-4.163336342344337e-17
gravitational,-4.163336342344337e-17
space refers,-4.163336342344337e-17
outer space,-4.163336342344337e-17
gravitational pull,-4.163336342344337e-17
gravitational pull of,-4.163336342344337e-17
planets and other,-4.163336342344337e-17
potentially true,-4.163336342344337e-17
space refers to,-4.163336342344337e-17
writing is human,-4.163336342344337e-17
potentially true in,-4.163336342344337e-17
the gravitational pull,-4.163336342344337e-17
planets and,-4.163336342344337e-17
typically moves,-4.163336342344337e-17
the sun and,-4.163336342344337e-17
planet moves around,-4.163336342344337e-17
planet moves,-4.163336342344337e-17
this motion,-4.163336342344337e-17
this motion is,-4.163336342344337e-17
planet being celestial,-4.163336342344337e-17
of the sun,-4.163336342344337e-17
of creating,-4.163336342344337e-17
of creating written,-4.163336342344337e-17
especially if,-4.163336342344337e-17
region where,-4.163336342344337e-17
region where planets,-4.163336342344337e-17
the region where,-4.163336342344337e-17
planet being,-4.163336342344337e-17
by the gravitational,-4.163336342344337e-17
planet position,-4.163336342344337e-17
relation,-4.163336342344337e-17
planet position in,-4.163336342344337e-17
where planets and,-4.163336342344337e-17
typically moves around,-4.163336342344337e-17
sun in,-4.163336342344337e-17
the region,-4.163336342344337e-17
sun and the,-4.163336342344337e-17
sun and,-4.163336342344337e-17
the sun writing,-4.163336342344337e-17
where planets,-4.163336342344337e-17
the gravitational,-4.163336342344337e-17
where one,-4.163336342344337e-17
planets,-4.163336342344337e-17
by the,-4.163336342344337e-17
the sun in,-4.163336342344337e-17
relation to it,-4.163336342344337e-17
relation to,-4.163336342344337e-17
written,-4.163336342344337e-17
while potentially true,-4.163336342344337e-17
true,-4.163336342344337e-17
orbit,-4.163336342344337e-17
the planet position,-4.163336342344337e-17
work while,-4.163336342344337e-17
the planet,-4.163336342344337e-17
circular orbit,-4.163336342344337e-17
circular,-4.163336342344337e-17
pull,-4.163336342344337e-17
written work,-4.163336342344337e-17
some cases,-4.163336342344337e-17
writing is,-4.163336342344337e-17
true in,-4.163336342344337e-17
work while outer,-4.163336342344337e-17
pull of,-4.163336342344337e-17
pull of the,-4.163336342344337e-17
some cases do,-4.163336342344337e-17
true in some,-4.163336342344337e-17
position in,-4.163336342344337e-17
position in relation,-4.163336342344337e-17
celestial,-4.163336342344337e-17
orbit this,-4.163336342344337e-17
written work while,-4.163336342344337e-17
while outer space,-4.163336342344337e-17
while outer,-4.163336342344337e-17
to the region,-4.163336342344337e-17
the primary,-4.163336342344337e-17
orbit this motion,-4.163336342344337e-17
circular orbit this,-4.163336342344337e-17
as it is,-4.1687573532067645e-17
example is,-4.206704429243757e-17
this example is,-4.206704429243757e-17
to feelings of,-4.206704429243757e-17
to feelings,-4.206704429243757e-17
this example,-4.206704429243757e-17
for this example,-4.206704429243757e-17
you want,-4.228388472693467e-17
want,-4.228388472693467e-17
want to,-4.228388472693467e-17
you want to,-4.228388472693467e-17
source you expected,-4.2500725161431774e-17
of irritation this,-4.2500725161431774e-17
uplifting,-4.2500725161431774e-17
to the repeated,-4.2500725161431774e-17
response to repeated,-4.2500725161431774e-17
source you,-4.2500725161431774e-17
to repeated,-4.2500725161431774e-17
overwhelming,-4.2500725161431774e-17
when people get,-4.2500725161431774e-17
difficult,-4.2500725161431774e-17
over it can,-4.2500725161431774e-17
people get,-4.2500725161431774e-17
people get surprising,-4.2500725161431774e-17
the repeated exposure,-4.2500725161431774e-17
the repeated,-4.2500725161431774e-17
to be positive,-4.2500725161431774e-17
overwhelming leading,-4.2500725161431774e-17
positive or uplifting,-4.2500725161431774e-17
you expected,-4.2500725161431774e-17
overwhelming leading to,-4.2500725161431774e-17
positive or,-4.2500725161431774e-17
to repeated disappointment,-4.2500725161431774e-17
you expected to,-4.2500725161431774e-17
repeated disappointment especially,-4.2500725161431774e-17
or uplifting,-4.2500725161431774e-17
comes from source,-4.2500725161431774e-17
repeated exposure,-4.2500725161431774e-17
of irritation and,-4.2500725161431774e-17
repeated exposure and,-4.2500725161431774e-17
repeated disappointment leading,-4.2500725161431774e-17
comes from,-4.2500725161431774e-17
be found,-4.2934406030425976e-17
ready,-4.3151246464923076e-17
ready to,-4.3151246464923076e-17
back,-4.336808689942018e-17
to describe,-4.336808689942018e-17
where people can,-4.336808689942018e-17
people can,-4.336808689942018e-17
the midwest,-4.336808689942018e-17
to symptoms,-4.380176776841438e-17
to symptoms such,-4.380176776841438e-17
such as gas,-4.380176776841438e-17
or discomfort,-4.380176776841438e-17
common condition that,-4.380176776841438e-17
or discomfort lactose,-4.380176776841438e-17
plausible explanation for,-4.380176776841438e-17
that can cause,-4.380176776841438e-17
to indigestion which,-4.380176776841438e-17
to indigestion,-4.380176776841438e-17
person with lactose,-4.380176776841438e-17
symptoms such,-4.380176776841438e-17
that followed for,-4.380176776841438e-17
system leading to,-4.380176776841438e-17
symptoms that,-4.380176776841438e-17
plausible explanation,-4.380176776841438e-17
symptoms that followed,-4.380176776841438e-17
system leading,-4.380176776841438e-17
system making,-4.380176776841438e-17
the symptoms,-4.380176776841438e-17
the symptoms that,-4.380176776841438e-17
common condition,-4.380176776841438e-17
the person with,-4.380176776841438e-17
system making it,-4.380176776841438e-17
that followed,-4.380176776841438e-17
symptoms such as,-4.380176776841438e-17
conditions,-4.380176776841438e-17
that the answer,-4.401860820291148e-17
who plays poker,-4.415413347447217e-17
gambler who,-4.415413347447217e-17
plays poker,-4.415413347447217e-17
because gambler who,-4.415413347447217e-17
poker is likely,-4.415413347447217e-17
plays poker is,-4.415413347447217e-17
purpose of,-4.423544863740858e-17
certain,-4.466912950640278e-17
punk rock,-4.5102810375396984e-17
rock music,-4.5102810375396984e-17
punk rock music,-4.5102810375396984e-17
each,-4.5102810375396984e-17
punk,-4.5102810375396984e-17
rock,-4.5102810375396984e-17
is where,-4.5102810375396984e-17
over the,-4.5102810375396984e-17
term to,-4.5536491244391186e-17
outcomes,-4.5536491244391186e-17
person may,-4.5536491244391186e-17
outcomes of,-4.5536491244391186e-17
the emotions experienced,-4.5536491244391186e-17
outcomes of competition,-4.5536491244391186e-17
jogging as it,-4.5536491244391186e-17
the primary emotions,-4.5536491244391186e-17
person may feel,-4.5536491244391186e-17
primary emotions experienced,-4.5536491244391186e-17
primary emotions,-4.5536491244391186e-17
jogging as,-4.5536491244391186e-17
is physical activity,-4.5536491244391186e-17
to describe the,-4.5536491244391186e-17
the person may,-4.5536491244391186e-17
term to describe,-4.5536491244391186e-17
to jogging,-4.5536491244391186e-17
example and,-4.5536491244391186e-17
of competition,-4.5536491244391186e-17
competition but,-4.5536491244391186e-17
winning and losing,-4.5536491244391186e-17
themselves the lows,-4.5536491244391186e-17
themselves the,-4.5536491244391186e-17
of competition but,-4.5536491244391186e-17
competition but they,-4.5536491244391186e-17
as the person,-4.5536491244391186e-17
can also be,-4.5536491244391186e-17
or defeated themselves,-4.5536491244391186e-17
or defeated,-4.5536491244391186e-17
competition,-4.5536491244391186e-17
the lows,-4.5536491244391186e-17
winning,-4.5536491244391186e-17
for example and,-4.5536491244391186e-17
winning and,-4.5536491244391186e-17
the lows can,-4.5536491244391186e-17
are often,-4.640385298237959e-17
there is,-4.683753385137379e-17
the most likely,-4.683753385137379e-17
can cause,-4.683753385137379e-17
ice,-4.7488055154865094e-17
can be found,-4.7704895589362195e-17
likely to be,-4.7704895589362195e-17
panting if,-4.8030156241107846e-17
to be because,-4.8030156241107846e-17
outside is likely,-4.8030156241107846e-17
outside is,-4.8030156241107846e-17
panting if it,-4.8030156241107846e-17
mental,-4.8138576458356397e-17
and the,-4.85722573273506e-17
for long,-4.85722573273506e-17
together to,-4.90059381963448e-17
group together to,-4.90059381963448e-17
class,-4.92227786308419e-17
field,-4.92227786308419e-17
animals,-4.9439619065339e-17
and practical,-4.9439619065339e-17
focus on,-4.96564594998361e-17
focus,-4.96564594998361e-17
focus on their,-4.96564594998361e-17
associated with,-4.96564594998361e-17
associated,-4.96564594998361e-17
on their,-4.96564594998361e-17
common goal,-4.9873299934333204e-17
plays,-5.0306980803327406e-17
because gambler,-5.0306980803327406e-17
reason,-5.0306980803327406e-17
is because gambler,-5.0306980803327406e-17
poker is,-5.0306980803327406e-17
poker,-5.0306980803327406e-17
to be unhappy,-5.0306980803327406e-17
who plays,-5.0306980803327406e-17
but the question,-5.074066167232161e-17
happiness,-5.117434254131581e-17
enjoyable,-5.117434254131581e-17
unhappy,-5.117434254131581e-17
be unhappy,-5.117434254131581e-17
this is common,-5.204170427930421e-17
known,-5.204170427930421e-17
apartment,-5.2305978558847555e-17
apartment building,-5.2305978558847555e-17
an apartment building,-5.2305978558847555e-17
an apartment,-5.2305978558847555e-17
if someone,-5.2475385148298415e-17
consumed,-5.2909066017292616e-17
of these,-5.2909066017292616e-17
so the,-5.2909066017292616e-17
positive emotion,-5.312590645178972e-17
one having fun,-5.312590645178972e-17
pleasure therefore the,-5.312590645178972e-17
typically described as,-5.312590645178972e-17
the feeling of,-5.312590645178972e-17
typically described,-5.312590645178972e-17
pleasure therefore,-5.312590645178972e-17
when engaging,-5.312590645178972e-17
when engaging in,-5.312590645178972e-17
possible to laugh,-5.312590645178972e-17
smiling hurt,-5.312590645178972e-17
smiling hurt or,-5.312590645178972e-17
or injuries,-5.312590645178972e-17
smiling,-5.312590645178972e-17
positive emotion that,-5.312590645178972e-17
to feel happiness,-5.312590645178972e-17
one having,-5.312590645178972e-17
activities,-5.312590645178972e-17
to experience pleasure,-5.312590645178972e-17
pleasure in various,-5.312590645178972e-17
pleasure in,-5.312590645178972e-17
such as smiling,-5.312590645178972e-17
to experience,-5.312590645178972e-17
or injuries the,-5.312590645178972e-17
which is positive,-5.312590645178972e-17
possible to feel,-5.312590645178972e-17
or enjoyment,-5.312590645178972e-17
to laugh it,-5.312590645178972e-17
the primary feeling,-5.312590645178972e-17
therefore the feeling,-5.312590645178972e-17
primary feeling,-5.312590645178972e-17
primary feeling associated,-5.312590645178972e-17
possible to experience,-5.312590645178972e-17
of one having,-5.312590645178972e-17
pleasure while,-5.312590645178972e-17
pleasure which is,-5.312590645178972e-17
enjoyment,-5.312590645178972e-17
pleasure while it,-5.312590645178972e-17
pleasure which,-5.312590645178972e-17
to laugh,-5.312590645178972e-17
various forms,-5.312590645178972e-17
various forms such,-5.312590645178972e-17
that is experienced,-5.312590645178972e-17
or enjoyment the,-5.312590645178972e-17
can be,-5.334274688628682e-17
activity that can,-5.334274688628682e-17
will be,-5.377642775528102e-17
there,-5.377642775528102e-17
group of people,-5.399326818977812e-17
when group of,-5.399326818977812e-17
of people,-5.399326818977812e-17
group of,-5.399326818977812e-17
because when group,-5.399326818977812e-17
of people are,-5.399326818977812e-17
when group,-5.399326818977812e-17
their work,-5.421010862427522e-17
but they,-5.4643789493269423e-17
killing,-5.4860629927766524e-17
essential,-5.5077470362263625e-17
involves,-5.5077470362263625e-17
illinois is known,-5.5077470362263625e-17
is essential,-5.5077470362263625e-17
act of,-5.551115123125783e-17
made,-5.551115123125783e-17
act,-5.551115123125783e-17
because the context,-5.551115123125783e-17
food,-5.594483210025203e-17
phrase he hoped,-5.637851296924623e-17
someone looking to,-5.637851296924623e-17
someone looking,-5.637851296924623e-17
particular field or,-5.637851296924623e-17
particular field,-5.637851296924623e-17
the person was,-5.637851296924623e-17
work environment this,-5.637851296924623e-17
profession therefore the,-5.637851296924623e-17
profession therefore,-5.637851296924623e-17
the phrase he,-5.637851296924623e-17
find fan,-5.637851296924623e-17
find fan for,-5.637851296924623e-17
or profession therefore,-5.637851296924623e-17
phrase he,-5.637851296924623e-17
work environment,-5.637851296924623e-17
what implies,-5.637851296924623e-17
conditions such,-5.637851296924623e-17
person was hoping,-5.637851296924623e-17
person was,-5.637851296924623e-17
or work,-5.637851296924623e-17
or work environment,-5.637851296924623e-17
implies that the,-5.637851296924623e-17
to gain or,-5.637851296924623e-17
hot room,-5.637851296924623e-17
in hot room,-5.637851296924623e-17
choice for someone,-5.637851296924623e-17
conditions such as,-5.637851296924623e-17
in hot,-5.637851296924623e-17
common career,-5.637851296924623e-17
common career choice,-5.637851296924623e-17
to find fan,-5.637851296924623e-17
what implies that,-5.637851296924623e-17
is common career,-5.637851296924623e-17
was hoping for,-5.637851296924623e-17
was hoping,-5.637851296924623e-17
or maintain,-5.637851296924623e-17
or maintain career,-5.637851296924623e-17
stoves,-5.637851296924623e-17
relate to,-5.681219383824043e-17
relate,-5.681219383824043e-17
gambler,-5.702903427273753e-17
involve,-5.702903427273753e-17
sun,-5.724587470723463e-17
the sun,-5.724587470723463e-17
in the midwest,-5.724587470723463e-17
is common and,-5.724587470723463e-17
because going to,-5.784218590210166e-17
of one,-5.811323644522304e-17
day you will,-5.811323644522304e-17
day you,-5.811323644522304e-17
next day you,-5.811323644522304e-17
work,-5.811323644522304e-17
more specific and,-5.898059818321144e-17
specific and,-5.898059818321144e-17
body,-5.898059818321144e-17
breakfast,-5.898059818321144e-17
source of,-5.941427905220564e-17
themselves,-5.941427905220564e-17
productive,-5.963111948670274e-17
cases,-5.984795992119984e-17
is not losing,-6.028164079019405e-17
experienced,-6.028164079019405e-17
weight loss,-6.028164079019405e-17
of killing,-6.071532165918825e-17
music,-6.071532165918825e-17
access,-6.114900252818245e-17
passing,-6.114900252818245e-17
passing time,-6.114900252818245e-17
august,-6.158268339717665e-17
to get things,-6.158268339717665e-17
money to get,-6.158268339717665e-17
people who,-6.158268339717665e-17
to loss,-6.158268339717665e-17
get things,-6.158268339717665e-17
context but,-6.201636426617085e-17
the film,-6.201636426617085e-17
to enjoy the,-6.201636426617085e-17
interesting experience,-6.201636426617085e-17
context but it,-6.201636426617085e-17
not synonym,-6.201636426617085e-17
the word interesting,-6.201636426617085e-17
watch film it,-6.201636426617085e-17
often an,-6.201636426617085e-17
not the correct,-6.201636426617085e-17
time or having,-6.201636426617085e-17
the film together,-6.201636426617085e-17
synonym,-6.201636426617085e-17
used in different,-6.201636426617085e-17
this context see,-6.201636426617085e-17
stories passing,-6.201636426617085e-17
stories passing time,-6.201636426617085e-17
enjoy the,-6.201636426617085e-17
context see what,-6.201636426617085e-17
context see,-6.201636426617085e-17
often an interesting,-6.201636426617085e-17
correct answer in,-6.201636426617085e-17
seeing what,-6.201636426617085e-17
an interesting,-6.201636426617085e-17
an interesting experience,-6.201636426617085e-17
see what happens,-6.201636426617085e-17
seeing what happens,-6.201636426617085e-17
see what,-6.201636426617085e-17
same as enjoying,-6.201636426617085e-17
you are all,-6.201636426617085e-17
film together,-6.201636426617085e-17
passing time or,-6.201636426617085e-17
together the,-6.201636426617085e-17
together the other,-6.201636426617085e-17
time or,-6.201636426617085e-17
word interesting might,-6.201636426617085e-17
word interesting,-6.201636426617085e-17
or having fun,-6.201636426617085e-17
or having,-6.201636426617085e-17
film it,-6.201636426617085e-17
question for,-6.245004513516506e-17
question for example,-6.245004513516506e-17
the context,-6.245004513516506e-17
that required,-6.245004513516506e-17
the question for,-6.245004513516506e-17
the major,-6.245004513516506e-17
most likely,-6.245004513516506e-17
the major called,-6.245004513516506e-17
called for knowledge,-6.245004513516506e-17
for knowledge,-6.245004513516506e-17
called for,-6.245004513516506e-17
major,-6.245004513516506e-17
knowledge that,-6.245004513516506e-17
for knowledge that,-6.245004513516506e-17
knowledge that required,-6.245004513516506e-17
major called for,-6.245004513516506e-17
required,-6.245004513516506e-17
called,-6.245004513516506e-17
major called,-6.245004513516506e-17
allows them,-6.266688556966216e-17
allows them to,-6.266688556966216e-17
happiness is,-6.288372600415926e-17
or hurting people,-6.310056643865636e-17
response to financial,-6.310056643865636e-17
action that can,-6.310056643865636e-17
one might,-6.310056643865636e-17
to hurt,-6.310056643865636e-17
that august,-6.310056643865636e-17
to hurt people,-6.310056643865636e-17
would directly,-6.310056643865636e-17
one might take,-6.310056643865636e-17
paying bills is,-6.310056643865636e-17
paying bills or,-6.310056643865636e-17
that august was,-6.310056643865636e-17
or hurting,-6.310056643865636e-17
people however,-6.310056643865636e-17
would directly relate,-6.310056643865636e-17
that one might,-6.310056643865636e-17
take in,-6.310056643865636e-17
in difficult,-6.310056643865636e-17
situation and needed,-6.310056643865636e-17
take in response,-6.310056643865636e-17
taken,-6.310056643865636e-17
taken to,-6.310056643865636e-17
that one,-6.310056643865636e-17
situation but they,-6.310056643865636e-17
or getting,-6.310056643865636e-17
taken to help,-6.310056643865636e-17
situation but,-6.310056643865636e-17
require money paying,-6.310056643865636e-17
people however controlling,-6.310056643865636e-17
require money to,-6.310056643865636e-17
or getting things,-6.310056643865636e-17
to help alleviate,-6.310056643865636e-17
things he needed,-6.310056643865636e-17
things such,-6.310056643865636e-17
that would,-6.310056643865636e-17
that would directly,-6.310056643865636e-17
not require,-6.310056643865636e-17
to getting things,-6.310056643865636e-17
to getting,-6.310056643865636e-17
not require money,-6.310056643865636e-17
things such as,-6.310056643865636e-17
or buy,-6.310056643865636e-17
such as paying,-6.310056643865636e-17
be taken,-6.310056643865636e-17
relate to getting,-6.310056643865636e-17
can be taken,-6.310056643865636e-17
suggests that august,-6.310056643865636e-17
to financial,-6.310056643865636e-17
but they do,-6.310056643865636e-17
to financial situation,-6.310056643865636e-17
people or getting,-6.310056643865636e-17
things are actions,-6.310056643865636e-17
the choices do,-6.310056643865636e-17
was in,-6.310056643865636e-17
was in difficult,-6.310056643865636e-17
people or buy,-6.310056643865636e-17
things he,-6.310056643865636e-17
options that would,-6.310056643865636e-17
options that,-6.310056643865636e-17
things are,-6.310056643865636e-17
weight their body,-6.331740687315346e-17
such as heart,-6.331740687315346e-17
stroke or,-6.331740687315346e-17
with weight loss,-6.331740687315346e-17
risk that,-6.331740687315346e-17
the lack,-6.331740687315346e-17
stroke,-6.331740687315346e-17
with weight,-6.331740687315346e-17
well known risk,-6.331740687315346e-17
weight their,-6.331740687315346e-17
weight loss and,-6.331740687315346e-17
weight loss when,-6.331740687315346e-17
through exercise and,-6.331740687315346e-17
weight it can,-6.331740687315346e-17
weight it,-6.331740687315346e-17
to the lack,-6.331740687315346e-17
stroke or other,-6.331740687315346e-17
or managed through,-6.331740687315346e-17
weight can increase,-6.331740687315346e-17
will,-6.331740687315346e-17
their body weight,-6.331740687315346e-17
other health complications,-6.331740687315346e-17
risk associated with,-6.331740687315346e-17
risk associated,-6.331740687315346e-17
weight can,-6.331740687315346e-17
through exercise,-6.331740687315346e-17
the lack of,-6.331740687315346e-17
risk that can,-6.331740687315346e-17
or managed,-6.331740687315346e-17
complications this is,-6.331740687315346e-17
complications including death,-6.331740687315346e-17
complications such as,-6.331740687315346e-17
complications this,-6.331740687315346e-17
of weight loss,-6.331740687315346e-17
of weight,-6.331740687315346e-17
complications including,-6.331740687315346e-17
complications such,-6.331740687315346e-17
living,-6.396792817664476e-17
is likely,-6.418476861114186e-17
not fit,-6.418476861114186e-17
do not fit,-6.418476861114186e-17
can cause the,-6.418476861114186e-17
indicates,-6.461844948013606e-17
weather,-6.461844948013606e-17
producer of corn,-6.488950002325744e-17
producer of livestock,-6.488950002325744e-17
of livestock,-6.488950002325744e-17
of livestock making,-6.488950002325744e-17
the midwest region,-6.488950002325744e-17
of corn,-6.488950002325744e-17
of corn wheat,-6.488950002325744e-17
other crops,-6.488950002325744e-17
region making it,-6.488950002325744e-17
other crops making,-6.488950002325744e-17
region making,-6.488950002325744e-17
particularly in the,-6.488950002325744e-17
wheat and other,-6.488950002325744e-17
particularly in,-6.488950002325744e-17
to find good,-6.488950002325744e-17
wheat and,-6.488950002325744e-17
wheat,-6.488950002325744e-17
in low light,-6.526897078362737e-17
enhance,-6.526897078362737e-17
are more,-6.526897078362737e-17
people who wear,-6.526897078362737e-17
difficulty seeing,-6.526897078362737e-17
those who,-6.526897078362737e-17
who have,-6.526897078362737e-17
have difficulty seeing,-6.526897078362737e-17
glasses indoors are,-6.526897078362737e-17
who have difficulty,-6.526897078362737e-17
difficulty seeing in,-6.526897078362737e-17
because people who,-6.526897078362737e-17
have difficulty,-6.526897078362737e-17
those who have,-6.526897078362737e-17
to enhance their,-6.526897078362737e-17
to enhance,-6.526897078362737e-17
who wear dark,-6.526897078362737e-17
seeing in,-6.526897078362737e-17
indoors are,-6.526897078362737e-17
enhance their,-6.526897078362737e-17
who wear,-6.526897078362737e-17
in low,-6.526897078362737e-17
the date appearance,-6.548581121812447e-17
that compliments the,-6.548581121812447e-17
the wait more,-6.548581121812447e-17
wearing dress or,-6.548581121812447e-17
wait for date,-6.548581121812447e-17
the date,-6.548581121812447e-17
that compliments,-6.548581121812447e-17
up wearing dress,-6.548581121812447e-17
wait for replacement,-6.548581121812447e-17
wearing dress,-6.548581121812447e-17
to show up,-6.548581121812447e-17
way to express,-6.548581121812447e-17
wait more,-6.548581121812447e-17
if date,-6.548581121812447e-17
the wait,-6.548581121812447e-17
or other attire,-6.548581121812447e-17
to alleviate the,-6.548581121812447e-17
if date does,-6.548581121812447e-17
because if date,-6.548581121812447e-17
wait more bearable,-6.548581121812447e-17
does not show,-6.548581121812447e-17
up wearing,-6.548581121812447e-17
show up wearing,-6.548581121812447e-17
common etiquette,-6.548581121812447e-17
show up it,-6.548581121812447e-17
or more,-6.548581121812447e-17
to express,-6.548581121812447e-17
to express concern,-6.548581121812447e-17
not show up,-6.548581121812447e-17
not show,-6.548581121812447e-17
suitable alternative and,-6.548581121812447e-17
date does not,-6.548581121812447e-17
the anxiety and,-6.548581121812447e-17
replacement or more,-6.548581121812447e-17
replacement or,-6.548581121812447e-17
the anxiety,-6.548581121812447e-17
replacement,-6.548581121812447e-17
suitable alternative,-6.548581121812447e-17
common etiquette to,-6.548581121812447e-17
anxiety,-6.548581121812447e-17
issues,-6.548581121812447e-17
other attire,-6.548581121812447e-17
or more suitable,-6.548581121812447e-17
other attire that,-6.548581121812447e-17
compliments the date,-6.548581121812447e-17
up it is,-6.548581121812447e-17
up it,-6.548581121812447e-17
compliments the,-6.548581121812447e-17
compliments,-6.548581121812447e-17
to it,-6.591949208711867e-17
refers to,-6.591949208711867e-17
refers,-6.591949208711867e-17
are also,-6.591949208711867e-17
house,-6.635317295611287e-17
better,-6.635317295611287e-17
death this,-6.657001339060997e-17
death this is,-6.657001339060997e-17
is often,-6.678685382510707e-17
is an,-6.678685382510707e-17
different,-6.678685382510707e-17
because the runner,-6.722053469410127e-17
beginning,-6.722053469410127e-17
beginning to,-6.722053469410127e-17
however,-6.765421556309548e-17
pay bills,-6.765421556309548e-17
has,-6.765421556309548e-17
it can lead,-6.787105599759258e-17
glasses,-6.852157730108388e-17
dark glasses,-6.852157730108388e-17
it does,-6.873841773558098e-17
it does not,-6.873841773558098e-17
process of,-6.938893903907228e-17
might be,-6.938893903907228e-17
common and,-6.938893903907228e-17
and they,-6.982261990806649e-17
not the same,-7.025630077706069e-17
the same as,-7.025630077706069e-17
space,-7.025630077706069e-17
and provide,-7.025630077706069e-17
the same,-7.025630077706069e-17
same,-7.025630077706069e-17
same as,-7.025630077706069e-17
and potentially,-7.079840186330344e-17
that backyard pools,-7.079840186330344e-17
submerged leading to,-7.079840186330344e-17
to permanent,-7.079840186330344e-17
permanent brain damage,-7.079840186330344e-17
to permanent brain,-7.079840186330344e-17
to the fact,-7.079840186330344e-17
to become,-7.079840186330344e-17
shallow depths and,-7.079840186330344e-17
that backyard,-7.079840186330344e-17
often have shallow,-7.079840186330344e-17
the brain this,-7.079840186330344e-17
to serious condition,-7.079840186330344e-17
to the water,-7.079840186330344e-17
serious condition known,-7.079840186330344e-17
the fact that,-7.079840186330344e-17
potentially leading to,-7.079840186330344e-17
the brain,-7.079840186330344e-17
the head to,-7.079840186330344e-17
of the brain,-7.079840186330344e-17
the head potentially,-7.079840186330344e-17
serious head injuries,-7.079840186330344e-17
the movements of,-7.079840186330344e-17
the movements,-7.079840186330344e-17
the fact,-7.079840186330344e-17
to enter the,-7.079840186330344e-17
pressure and the,-7.079840186330344e-17
pressure and,-7.079840186330344e-17
potentially leading,-7.079840186330344e-17
or even death,-7.079840186330344e-17
to become submerged,-7.079840186330344e-17
potentially lead to,-7.079840186330344e-17
shallow,-7.079840186330344e-17
severe,-7.079840186330344e-17
shallow depths,-7.079840186330344e-17
consciousness or even,-7.079840186330344e-17
pools often have,-7.079840186330344e-17
pools often,-7.079840186330344e-17
of control,-7.079840186330344e-17
of consciousness or,-7.079840186330344e-17
of control over,-7.079840186330344e-17
permanent,-7.079840186330344e-17
submerged,-7.079840186330344e-17
the water pressure,-7.079840186330344e-17
of consciousness,-7.079840186330344e-17
potentially lead,-7.079840186330344e-17
consciousness or,-7.079840186330344e-17
consciousness,-7.079840186330344e-17
over the movements,-7.079840186330344e-17
pools can cause,-7.079840186330344e-17
severe and,-7.079840186330344e-17
severe and potentially,-7.079840186330344e-17
water pressure and,-7.079840186330344e-17
water pressure,-7.079840186330344e-17
permanent brain,-7.079840186330344e-17
submerged leading,-7.079840186330344e-17
serious condition,-7.079840186330344e-17
potential for debris,-7.079840186330344e-17
to enter,-7.079840186330344e-17
people often stop,-7.112366251504909e-17
or planning,-7.112366251504909e-17
response to missed,-7.112366251504909e-17
to come,-7.112366251504909e-17
come around,-7.112366251504909e-17
revenge,-7.112366251504909e-17
or planning revenge,-7.112366251504909e-17
respect and,-7.112366251504909e-17
respect and appreciation,-7.112366251504909e-17
or her to,-7.112366251504909e-17
or her bathing,-7.112366251504909e-17
revenge are not,-7.112366251504909e-17
shows consideration and,-7.112366251504909e-17
of your date,-7.112366251504909e-17
or appropriate actions,-7.112366251504909e-17
revenge are,-7.112366251504909e-17
or appropriate,-7.112366251504909e-17
if your,-7.112366251504909e-17
shows consideration,-7.112366251504909e-17
of your,-7.112366251504909e-17
personal,-7.112366251504909e-17
up you would,-7.112366251504909e-17
consideration of,-7.112366251504909e-17
up you,-7.112366251504909e-17
shows,-7.112366251504909e-17
reasonable response,-7.112366251504909e-17
reasonable response to,-7.112366251504909e-17
to come around,-7.112366251504909e-17
consideration of your,-7.112366251504909e-17
respect,-7.112366251504909e-17
consideration and consideration,-7.112366251504909e-17
about their problems,-7.112366251504909e-17
often stop,-7.112366251504909e-17
that your date,-7.112366251504909e-17
that your,-7.112366251504909e-17
your date could,-7.112366251504909e-17
your date does,-7.112366251504909e-17
your date feelings,-7.112366251504909e-17
your date while,-7.112366251504909e-17
show respect,-7.112366251504909e-17
way to show,-7.112366251504909e-17
their problems,-7.112366251504909e-17
show up you,-7.112366251504909e-17
can occur,-7.112366251504909e-17
about their,-7.112366251504909e-17
show respect and,-7.112366251504909e-17
caring,-7.112366251504909e-17
caring about,-7.112366251504909e-17
to show respect,-7.112366251504909e-17
stop caring,-7.112366251504909e-17
caring about their,-7.112366251504909e-17
typical or appropriate,-7.112366251504909e-17
stop caring about,-7.112366251504909e-17
typical or,-7.112366251504909e-17
come,-7.112366251504909e-17
often stop caring,-7.112366251504909e-17
would dress nice,-7.112366251504909e-17
would dress,-7.112366251504909e-17
come around this,-7.112366251504909e-17
for your,-7.112366251504909e-17
wait for him,-7.112366251504909e-17
not typical or,-7.112366251504909e-17
waiting for him,-7.112366251504909e-17
planning revenge,-7.112366251504909e-17
to missed,-7.112366251504909e-17
to missed dates,-7.112366251504909e-17
planning revenge are,-7.112366251504909e-17
such as waiting,-7.112366251504909e-17
possible that your,-7.112366251504909e-17
you would dress,-7.112366251504909e-17
common and reasonable,-7.112366251504909e-17
occur,-7.112366251504909e-17
consideration and,-7.112366251504909e-17
act of killing,-7.134050294954619e-17
an act,-7.134050294954619e-17
eat breakfast,-7.134050294954619e-17
gun,-7.134050294954619e-17
is an act,-7.134050294954619e-17
an act of,-7.134050294954619e-17
and collaborative atmosphere,-7.24247051220317e-17
can contribute to,-7.24247051220317e-17
which can contribute,-7.24247051220317e-17
contribute,-7.24247051220317e-17
contribute to,-7.24247051220317e-17
contribute to productive,-7.24247051220317e-17
can contribute,-7.24247051220317e-17
and collaborative,-7.24247051220317e-17
productive and collaborative,-7.24247051220317e-17
collaborative,-7.24247051220317e-17
to productive and,-7.24247051220317e-17
collaborative atmosphere,-7.24247051220317e-17
to productive,-7.24247051220317e-17
who work,-7.28583859910259e-17
food this,-7.28583859910259e-17
to focus,-7.28583859910259e-17
others to focus,-7.28583859910259e-17
occupational,-7.28583859910259e-17
people who work,-7.28583859910259e-17
occupational hazard,-7.28583859910259e-17
who work in,-7.28583859910259e-17
sneezing this,-7.28583859910259e-17
sneezing this is,-7.28583859910259e-17
sneezing when,-7.28583859910259e-17
to focus on,-7.28583859910259e-17
occupational hazard for,-7.28583859910259e-17
when people are,-7.28583859910259e-17
they are constantly,-7.28583859910259e-17
food this is,-7.28583859910259e-17
sneezing when people,-7.28583859910259e-17
common occupational,-7.28583859910259e-17
on their work,-7.28583859910259e-17
source of distraction,-7.28583859910259e-17
common occupational hazard,-7.28583859910259e-17
of distraction,-7.28583859910259e-17
constantly interrupted and,-7.28583859910259e-17
to others,-7.28583859910259e-17
constantly interrupted,-7.28583859910259e-17
work in environments,-7.28583859910259e-17
be source of,-7.28583859910259e-17
where they are,-7.28583859910259e-17
to sneezing when,-7.28583859910259e-17
to sneezing this,-7.28583859910259e-17
be source,-7.28583859910259e-17
work in,-7.28583859910259e-17
constantly,-7.28583859910259e-17
can be source,-7.28583859910259e-17
to others leading,-7.28583859910259e-17
of distraction and,-7.28583859910259e-17
their work leading,-7.28583859910259e-17
others to,-7.28583859910259e-17
work leading,-7.28583859910259e-17
others leading to,-7.28583859910259e-17
others leading,-7.28583859910259e-17
work leading to,-7.28583859910259e-17
to stop,-7.359022245745361e-17
is to stop,-7.359022245745361e-17
to stop talking,-7.359022245745361e-17
stop talking,-7.359022245745361e-17
with her,-7.37257477290143e-17
her mental,-7.37257477290143e-17
illness like,-7.37257477290143e-17
combined,-7.37257477290143e-17
issues would likely,-7.37257477290143e-17
the area,-7.37257477290143e-17
heat,-7.37257477290143e-17
with her mental,-7.37257477290143e-17
combined with,-7.37257477290143e-17
combined with her,-7.37257477290143e-17
physical illness,-7.37257477290143e-17
area,-7.37257477290143e-17
small dog would,-7.37257477290143e-17
relationships,-7.37257477290143e-17
formation of physical,-7.37257477290143e-17
of physical illness,-7.37257477290143e-17
physical illness like,-7.37257477290143e-17
of physical,-7.37257477290143e-17
that required certain,-7.43762690325056e-17
required certain,-7.43762690325056e-17
reasonable,-7.45931094670027e-17
pick the major,-7.483705495581194e-17
schedule was easy,-7.483705495581194e-17
required certain class,-7.483705495581194e-17
schedule was,-7.483705495581194e-17
was easy to,-7.483705495581194e-17
was easy,-7.483705495581194e-17
pick the,-7.483705495581194e-17
to pick the,-7.483705495581194e-17
easy,-7.502679033599691e-17
to pick,-7.502679033599691e-17
easy to pick,-7.502679033599691e-17
easy to,-7.502679033599691e-17
it comes,-7.502679033599691e-17
when it comes,-7.502679033599691e-17
comes,-7.502679033599691e-17
pick,-7.502679033599691e-17
way for,-7.546047120499111e-17
large,-7.654467337747661e-17
for people who,-7.719519468096792e-17
planning,-7.719519468096792e-17
pay,-7.762887554996212e-17
can help,-7.806255641895632e-17
only,-7.806255641895632e-17
none of these,-7.849623728795052e-17
of these are,-7.849623728795052e-17
these are,-7.849623728795052e-17
that might,-7.871307772244762e-17
or misunderstandings that,-7.871307772244762e-17
to provide collective,-7.871307772244762e-17
collective response,-7.871307772244762e-17
collective,-7.871307772244762e-17
way for individuals,-7.871307772244762e-17
towards common goal,-7.871307772244762e-17
they can ensure,-7.871307772244762e-17
towards common,-7.871307772244762e-17
towards,-7.871307772244762e-17
which is essential,-7.871307772244762e-17
to work together,-7.871307772244762e-17
response this is,-7.871307772244762e-17
response this,-7.871307772244762e-17
together to provide,-7.871307772244762e-17
together towards,-7.871307772244762e-17
together towards common,-7.871307772244762e-17
common goal by,-7.871307772244762e-17
that might hinder,-7.871307772244762e-17
typically group,-7.871307772244762e-17
they can avoid,-7.871307772244762e-17
to all involved,-7.871307772244762e-17
the effort by,-7.871307772244762e-17
conflicts or,-7.871307772244762e-17
the effort,-7.871307772244762e-17
collective response this,-7.871307772244762e-17
conflicts,-7.871307772244762e-17
to all,-7.871307772244762e-17
work together towards,-7.871307772244762e-17
work together,-7.871307772244762e-17
they typically group,-7.871307772244762e-17
conflicts or misunderstandings,-7.871307772244762e-17
collaboration,-7.871307772244762e-17
and they can,-7.871307772244762e-17
collaboration therefore,-7.871307772244762e-17
collaboration therefore the,-7.871307772244762e-17
or misunderstandings,-7.871307772244762e-17
provide collective,-7.871307772244762e-17
provide collective response,-7.871307772244762e-17
typically group together,-7.871307772244762e-17
types,-7.892991815694472e-17
types of,-7.892991815694472e-17
program,-7.914675859144182e-17
not the,-7.936359902593892e-17
cape,-7.979727989493313e-17
positive,-7.979727989493313e-17
step onto launch,-7.979727989493313e-17
not fit the,-7.979727989493313e-17
which is type,-7.979727989493313e-17
social,-8.066464163292153e-17
help alleviate,-8.066464163292153e-17
nutrition,-8.088148206741863e-17
your body will,-8.088148206741863e-17
your food,-8.088148206741863e-17
of digestion and,-8.088148206741863e-17
nutrition but,-8.088148206741863e-17
consumed enough,-8.088148206741863e-17
response to the,-8.088148206741863e-17
nutrition but the,-8.088148206741863e-17
using the energy,-8.088148206741863e-17
of digestion,-8.088148206741863e-17
of the process,-8.088148206741863e-17
your food to,-8.088148206741863e-17
nutrients in food,-8.088148206741863e-17
the body has,-8.088148206741863e-17
the energy from,-8.088148206741863e-17
to fuel,-8.088148206741863e-17
process of digestion,-8.088148206741863e-17
consumed enough food,-8.088148206741863e-17
of human,-8.088148206741863e-17
of human nutrition,-8.088148206741863e-17
the nutrients,-8.088148206741863e-17
the nutrients in,-8.088148206741863e-17
will be using,-8.088148206741863e-17
the energy,-8.088148206741863e-17
to the nutrients,-8.088148206741863e-17
to fuel itself,-8.088148206741863e-17
nutrients,-8.088148206741863e-17
nutrients in,-8.088148206741863e-17
the body response,-8.088148206741863e-17
he hoped,-8.109832250191573e-17
action,-8.109832250191573e-17
he hoped for,-8.109832250191573e-17
transport,-8.131516293641283e-17
transport people,-8.131516293641283e-17
and eat,-8.153200337090993e-17
mailbox is,-8.196568423990414e-17
door,-8.196568423990414e-17
slot in,-8.196568423990414e-17
slot,-8.196568423990414e-17
in mailbox,-8.196568423990414e-17
where one goes,-8.196568423990414e-17
door is,-8.196568423990414e-17
door is where,-8.196568423990414e-17
of mailbox,-8.196568423990414e-17
is where one,-8.196568423990414e-17
leading to the,-8.196568423990414e-17
one goes,-8.196568423990414e-17
one goes to,-8.196568423990414e-17
goes,-8.196568423990414e-17
slot in mailbox,-8.196568423990414e-17
goes to,-8.196568423990414e-17
auditorium with,-8.239936510889834e-17
the primary purpose,-8.239936510889834e-17
auditorium with only,-8.239936510889834e-17
an auditorium with,-8.239936510889834e-17
and the body,-8.239936510889834e-17
crowd,-8.239936510889834e-17
with only,-8.239936510889834e-17
because an auditorium,-8.239936510889834e-17
only single person,-8.239936510889834e-17
only single,-8.239936510889834e-17
with only single,-8.239936510889834e-17
primary purpose of,-8.239936510889834e-17
primary purpose,-8.239936510889834e-17
friends and,-8.239936510889834e-17
looking,-8.326672684688674e-17
moves around,-8.326672684688674e-17
building where,-8.326672684688674e-17
around the,-8.326672684688674e-17
moves around the,-8.326672684688674e-17
around the sun,-8.326672684688674e-17
refers to the,-8.326672684688674e-17
moves,-8.326672684688674e-17
someone is,-8.380882793312949e-17
then,-8.413408858487514e-17
without proper,-8.456776945386935e-17
proper,-8.456776945386935e-17
repeated disappointment,-8.500145032286355e-17
weight,-8.500145032286355e-17
irritation,-8.500145032286355e-17
leading to feelings,-8.500145032286355e-17
feelings of irritation,-8.500145032286355e-17
of irritation,-8.500145032286355e-17
suggests more positive,-8.586881206085195e-17
success working,-8.586881206085195e-17
or profession but,-8.586881206085195e-17
suggests more,-8.586881206085195e-17
success working hard,-8.586881206085195e-17
michigan,-8.586881206085195e-17
to career or,-8.586881206085195e-17
to career,-8.586881206085195e-17
the more appropriate,-8.586881206085195e-17
profession the options,-8.586881206085195e-17
the more general,-8.586881206085195e-17
question suggests more,-8.586881206085195e-17
success in job,-8.586881206085195e-17
or profession the,-8.586881206085195e-17
question suggests that,-8.586881206085195e-17
profession but,-8.586881206085195e-17
options vocation,-8.586881206085195e-17
profession but new,-8.586881206085195e-17
to describe working,-8.586881206085195e-17
profession the,-8.586881206085195e-17
success in,-8.586881206085195e-17
options vocation and,-8.586881206085195e-17
the person hope,-8.586881206085195e-17
person is hoping,-8.586881206085195e-17
context and the,-8.586881206085195e-17
working hard is,-8.586881206085195e-17
person hope,-8.586881206085195e-17
outcome making hard,-8.586881206085195e-17
that encompasses both,-8.586881206085195e-17
the options vocation,-8.586881206085195e-17
outcome making,-8.586881206085195e-17
that encompasses,-8.586881206085195e-17
phrase used to,-8.586881206085195e-17
work the more,-8.586881206085195e-17
positive outcome making,-8.586881206085195e-17
positive outcome,-8.586881206085195e-17
the context and,-8.586881206085195e-17
person hope for,-8.586881206085195e-17
phrase used,-8.586881206085195e-17
refer to career,-8.586881206085195e-17
working hard but,-8.586881206085195e-17
common phrase used,-8.586881206085195e-17
term that encompasses,-8.586881206085195e-17
context and,-8.586881206085195e-17
vocation and,-8.586881206085195e-17
vocation,-8.586881206085195e-17
common phrase,-8.586881206085195e-17
vocation and michigan,-8.586881206085195e-17
be using the,-8.630249292984615e-17
using the,-8.630249292984615e-17
control,-8.651933336434325e-17
that can transport,-8.673617379884035e-17
churches,-8.673617379884035e-17
to have basement,-8.673617379884035e-17
person own,-8.673617379884035e-17
people and,-8.673617379884035e-17
types of buildings,-8.673617379884035e-17
churches the,-8.673617379884035e-17
people and objects,-8.673617379884035e-17
some types,-8.673617379884035e-17
objects between floors,-8.673617379884035e-17
objects,-8.673617379884035e-17
office buildings or,-8.673617379884035e-17
objects between,-8.673617379884035e-17
of stairs while,-8.673617379884035e-17
churches the most,-8.673617379884035e-17
office buildings,-8.673617379884035e-17
of stairs,-8.673617379884035e-17
the basement levels,-8.673617379884035e-17
to the act,-8.673617379884035e-17
some types of,-8.673617379884035e-17
person own house,-8.673617379884035e-17
stairs,-8.673617379884035e-17
such as houses,-8.673617379884035e-17
residential buildings,-8.673617379884035e-17
climbing set,-8.673617379884035e-17
residential buildings such,-8.673617379884035e-17
own house an,-8.673617379884035e-17
possible to have,-8.673617379884035e-17
set of stairs,-8.673617379884035e-17
such as office,-8.673617379884035e-17
or churches the,-8.673617379884035e-17
or churches,-8.673617379884035e-17
climbing set of,-8.673617379884035e-17
set of,-8.673617379884035e-17
stairs while,-8.673617379884035e-17
climbing,-8.673617379884035e-17
stairs while it,-8.673617379884035e-17
transport people and,-8.673617379884035e-17
of buildings such,-8.673617379884035e-17
of buildings,-8.673617379884035e-17
and discomfort in,-8.760353553682876e-17
in the digestive,-8.760353553682876e-17
gas and,-8.760353553682876e-17
gas and discomfort,-8.760353553682876e-17
system,-8.760353553682876e-17
the digestive system,-8.760353553682876e-17
digestive,-8.760353553682876e-17
and discomfort,-8.760353553682876e-17
the digestive,-8.760353553682876e-17
digestive system,-8.760353553682876e-17
symptoms,-8.760353553682876e-17
discomfort in,-8.760353553682876e-17
discomfort in the,-8.760353553682876e-17
cause gas,-8.760353553682876e-17
cause gas and,-8.760353553682876e-17
can cause gas,-8.760353553682876e-17
hurt,-8.847089727481716e-17
likely to receive,-8.857931749206571e-17
be likely,-8.857931749206571e-17
to receive,-8.857931749206571e-17
would be likely,-8.857931749206571e-17
be likely to,-8.857931749206571e-17
receive,-8.857931749206571e-17
new town often,-8.868773770931426e-17
this option is,-8.868773770931426e-17
to temporarily escape,-8.868773770931426e-17
to temporarily,-8.868773770931426e-17
set up temporary,-8.868773770931426e-17
to attend parties,-8.868773770931426e-17
to attend,-8.868773770931426e-17
most logical and,-8.868773770931426e-17
temporarily,-8.868773770931426e-17
temporarily escape,-8.868773770931426e-17
temporarily escape their,-8.868773770931426e-17
temporary,-8.868773770931426e-17
temporary residence which,-8.868773770931426e-17
temporary residence,-8.868773770931426e-17
practical choice as,-8.868773770931426e-17
logical and,-8.868773770931426e-17
community while,-8.868773770931426e-17
this option,-8.868773770931426e-17
to parties in,-8.868773770931426e-17
choice as,-8.868773770931426e-17
typically found,-8.868773770931426e-17
to make new,-8.868773770931426e-17
purpose of attending,-8.868773770931426e-17
their daily,-8.868773770931426e-17
of community while,-8.868773770931426e-17
people this option,-8.868773770931426e-17
town often,-8.868773770931426e-17
of attending such,-8.868773770931426e-17
people this,-8.868773770931426e-17
town often involves,-8.868773770931426e-17
up temporary residence,-8.868773770931426e-17
up temporary,-8.868773770931426e-17
sense of community,-8.868773770931426e-17
towns,-8.868773770931426e-17
towns as,-8.868773770931426e-17
up home in,-8.868773770931426e-17
towns as it,-8.868773770931426e-17
of community,-8.868773770931426e-17
the area this,-8.868773770931426e-17
their daily lives,-8.868773770931426e-17
residence,-8.868773770931426e-17
residence which,-8.868773770931426e-17
typically found in,-8.868773770931426e-17
of attending,-8.868773770931426e-17
social gatherings and,-8.868773770931426e-17
reason for people,-8.868773770931426e-17
and practical choice,-8.868773770931426e-17
social gatherings,-8.868773770931426e-17
people to attend,-8.868773770931426e-17
often involves social,-8.868773770931426e-17
residence which can,-8.868773770931426e-17
such events is,-8.868773770931426e-17
them to temporarily,-8.868773770931426e-17
choice as it,-8.868773770931426e-17
often involves,-8.868773770931426e-17
to parties,-8.868773770931426e-17
harder and,-8.890457814381136e-17
pushed harder,-8.890457814381136e-17
thought,-8.890457814381136e-17
trying to earn,-8.933825901280557e-17
to earn,-8.933825901280557e-17
earn,-8.933825901280557e-17
is likely trying,-8.933825901280557e-17
likely trying,-8.933825901280557e-17
likely trying to,-8.933825901280557e-17
is common,-9.020562075079397e-17
head,-9.063930161978817e-17
during defeat,-9.107298248878237e-17
emotions experienced during,-9.107298248878237e-17
emotions experienced,-9.107298248878237e-17
defeated,-9.107298248878237e-17
experienced during,-9.107298248878237e-17
experienced during defeat,-9.107298248878237e-17
so the answer,-9.150666335777657e-17
home in,-9.172350379227368e-17
humans,-9.183192400952223e-17
including humans,-9.183192400952223e-17
environment for,-9.183192400952223e-17
refer to,-9.194034422677078e-17
refer,-9.194034422677078e-17
box,-9.217073718842395e-17
worn indoors by,-9.217073718842395e-17
worn indoors,-9.217073718842395e-17
glove,-9.217073718842395e-17
is because dark,-9.217073718842395e-17
because dark glasses,-9.217073718842395e-17
because dark,-9.217073718842395e-17
worn,-9.217073718842395e-17
for individuals,-9.226560487851643e-17
for individuals to,-9.226560487851643e-17
to pay bills,-9.237402509576498e-17
money to pay,-9.237402509576498e-17
kill,-9.324138683375338e-17
where the,-9.367506770274758e-17
is way,-9.367506770274758e-17
find your,-9.367506770274758e-17
place where,-9.367506770274758e-17
find your way,-9.367506770274758e-17
your way,-9.367506770274758e-17
to pay,-9.386480308293255e-17
see,-9.389190813724468e-17
speaking is,-9.454242944073599e-17
not the primary,-9.454242944073599e-17
inside out,-9.475926987523309e-17
inside,-9.475926987523309e-17
turn,-9.475926987523309e-17
turn inside out,-9.475926987523309e-17
turn inside,-9.475926987523309e-17
meadow,-9.540979117872439e-17
the next day,-9.540979117872439e-17
next day,-9.540979117872439e-17
environment,-9.6710833785707e-17
to receive encouragement,-9.676504389433127e-17
encouragement,-9.676504389433127e-17
receive encouragement to,-9.676504389433127e-17
to kill people,-9.676504389433127e-17
receive encouragement,-9.676504389433127e-17
found in residential,-9.71445146547012e-17
basement that,-9.71445146547012e-17
elevator is typically,-9.71445146547012e-17
most common and,-9.71445146547012e-17
basement that can,-9.71445146547012e-17
residential,-9.71445146547012e-17
because basement that,-9.71445146547012e-17
in residential,-9.71445146547012e-17
where the basement,-9.71445146547012e-17
particularly,-9.77950359581925e-17
and the person,-9.84455572616838e-17
your way around,-9.86623976961809e-17
way around,-9.86623976961809e-17
classroom,-9.86623976961809e-17
necessary to,-9.86623976961809e-17
the building,-9.877081791342945e-17
source,-9.8879238130678e-17
and university,-1.0061396160665481e-16
university,-1.0061396160665481e-16
pushed,-1.0104764247564901e-16
productive and,-1.0148132334464322e-16
become,-1.0148132334464322e-16
when it,-1.0191500421363742e-16
because the,-1.0234868508263162e-16
low,-1.0321604682062002e-16
low light conditions,-1.0321604682062002e-16
low light,-1.0321604682062002e-16
common way for,-1.0321604682062002e-16
light,-1.0321604682062002e-16
light conditions,-1.0321604682062002e-16
farmland,-1.0343288725511712e-16
dark,-1.0495077029659683e-16
based on,-1.0495077029659683e-16
based,-1.0495077029659683e-16
context of the,-1.0495077029659683e-16
this is natural,-1.0495077029659683e-16
be able to,-1.0495077029659683e-16
be able,-1.0495077029659683e-16
of the question,-1.0495077029659683e-16
able to reach,-1.0495077029659683e-16
able,-1.0495077029659683e-16
able to,-1.0495077029659683e-16
might be able,-1.0495077029659683e-16
friends,-1.0603497246908233e-16
associated with having,-1.0625181290357943e-16
is pleasure,-1.0625181290357943e-16
and neutral,-1.0625181290357943e-16
fun is,-1.0625181290357943e-16
neutral,-1.0625181290357943e-16
feeling associated with,-1.0625181290357943e-16
and neutral feeling,-1.0625181290357943e-16
feeling associated,-1.0625181290357943e-16
having fun is,-1.0625181290357943e-16
with having,-1.0625181290357943e-16
neutral feeling,-1.0625181290357943e-16
with having fun,-1.0625181290357943e-16
the feeling,-1.0625181290357943e-16
common and neutral,-1.0625181290357943e-16
with an elevator,-1.0668549377257364e-16
accessed with an,-1.0668549377257364e-16
with an,-1.0668549377257364e-16
accessed with,-1.0668549377257364e-16
not physical,-1.0711917464156784e-16
is not physical,-1.0711917464156784e-16
anorexia,-1.0755285551056204e-16
where they,-1.0755285551056204e-16
conversation,-1.0885389811754465e-16
to gain,-1.0928757898653885e-16
gain,-1.0928757898653885e-16
which can be,-1.0928757898653885e-16
share resources,-1.0950441942103595e-16
where friends can,-1.0950441942103595e-16
times,-1.0950441942103595e-16
way to meet,-1.0950441942103595e-16
of need this,-1.0950441942103595e-16
of need,-1.0950441942103595e-16
share meals making,-1.0950441942103595e-16
share meals share,-1.0950441942103595e-16
others help common,-1.0950441942103595e-16
times of need,-1.0950441942103595e-16
provide support,-1.0950441942103595e-16
resources is,-1.0950441942103595e-16
support in,-1.0950441942103595e-16
where they can,-1.0950441942103595e-16
support in times,-1.0950441942103595e-16
share thoughts and,-1.0950441942103595e-16
provide support in,-1.0950441942103595e-16
times of,-1.0950441942103595e-16
they can share,-1.0950441942103595e-16
share resources is,-1.0950441942103595e-16
to meet,-1.0950441942103595e-16
where friends,-1.0950441942103595e-16
gathering where,-1.0950441942103595e-16
option for helping,-1.0950441942103595e-16
is common social,-1.0950441942103595e-16
suitable option for,-1.0950441942103595e-16
suitable option,-1.0950441942103595e-16
social gathering,-1.0950441942103595e-16
common social gathering,-1.0950441942103595e-16
resources is by,-1.0950441942103595e-16
thoughts and provide,-1.0950441942103595e-16
to meet and,-1.0950441942103595e-16
can share,-1.0950441942103595e-16
common social,-1.0950441942103595e-16
option for,-1.0950441942103595e-16
social gathering where,-1.0950441942103595e-16
people to,-1.0972125985553305e-16
for people to,-1.0972125985553305e-16
it can be,-1.0993810029003015e-16
container,-1.1015494072452725e-16
note that the,-1.1015494072452725e-16
is common way,-1.1015494072452725e-16
illinois,-1.1058862159352145e-16
condition known as,-1.1167282376600696e-16
condition known,-1.1167282376600696e-16
control over,-1.1167282376600696e-16
known as,-1.1167282376600696e-16
of mental,-1.1259439561261964e-16
is because if,-1.1362438767648086e-16
when people,-1.1362438767648086e-16
because if,-1.1362438767648086e-16
alternative,-1.1362438767648086e-16
and annoyance,-1.1362438767648086e-16
annoyance,-1.1362438767648086e-16
james to,-1.1427490897997217e-16
for james to,-1.1427490897997217e-16
supermarket,-1.1449174941446927e-16
which are,-1.1492543028346347e-16
condition,-1.1535911115245767e-16
wearing,-1.1535911115245767e-16
public place,-1.1535911115245767e-16
event,-1.1535911115245767e-16
is more specific,-1.1557595158695477e-16
they can also,-1.1579279202145187e-16
is typically found,-1.1579279202145187e-16
typically formed,-1.1622647289044608e-16
snow formation and,-1.1622647289044608e-16
snowflakes are typically,-1.1622647289044608e-16
principle,-1.1622647289044608e-16
typically formed when,-1.1622647289044608e-16
physical principle of,-1.1622647289044608e-16
physical principle,-1.1622647289044608e-16
occurs when snow,-1.1622647289044608e-16
planet,-1.1622647289044608e-16
snow crystals which,-1.1622647289044608e-16
common explanation,-1.1622647289044608e-16
common explanation for,-1.1622647289044608e-16
which are ice,-1.1622647289044608e-16
however it,-1.1622647289044608e-16
process that occurs,-1.1622647289044608e-16
process that,-1.1622647289044608e-16
this is fundamental,-1.1622647289044608e-16
principle of snow,-1.1622647289044608e-16
her to,-1.1622647289044608e-16
snow formation,-1.1622647289044608e-16
principle of,-1.1622647289044608e-16
snow crystals fall,-1.1622647289044608e-16
of snowflakes,-1.1622647289044608e-16
accessible to,-1.1622647289044608e-16
negative,-1.1622647289044608e-16
of snow formation,-1.1622647289044608e-16
of snow,-1.1622647289044608e-16
purpose,-1.1666015375944028e-16
fit the,-1.1796119636642288e-16
can also,-1.1796119636642288e-16
common way to,-1.1796119636642288e-16
way around classroom,-1.181238266922957e-16
map is,-1.181238266922957e-16
to find your,-1.181238266922957e-16
thought he might,-1.1915381875615694e-16
to gain ground,-1.1915381875615694e-16
runner was beginning,-1.1915381875615694e-16
runner was,-1.1915381875615694e-16
the runner was,-1.1915381875615694e-16
was beginning,-1.1915381875615694e-16
was beginning to,-1.1915381875615694e-16
thought he,-1.1915381875615694e-16
so he,-1.1915381875615694e-16
so he pushed,-1.1915381875615694e-16
and thought,-1.1915381875615694e-16
pushed harder and,-1.1915381875615694e-16
that can be,-1.196959198423997e-16
in some,-1.196959198423997e-16
is based on,-1.201296007113939e-16
is based,-1.201296007113939e-16
and is,-1.201296007113939e-16
suitable environment,-1.205632815803881e-16
them common location,-1.205632815803881e-16
various animal,-1.205632815803881e-16
various animal species,-1.205632815803881e-16
on or,-1.205632815803881e-16
various plant,-1.205632815803881e-16
various species,-1.205632815803881e-16
various plant species,-1.205632815803881e-16
common habitat,-1.205632815803881e-16
various species including,-1.205632815803881e-16
them common,-1.205632815803881e-16
provide suitable environment,-1.205632815803881e-16
small animals meadows,-1.205632815803881e-16
or near,-1.205632815803881e-16
new job,-1.205632815803881e-16
common habitat for,-1.205632815803881e-16
of grassland,-1.205632815803881e-16
to live meadows,-1.205632815803881e-16
of grassland or,-1.205632815803881e-16
species to live,-1.205632815803881e-16
species to,-1.205632815803881e-16
species including grasshoppers,-1.205632815803881e-16
species including grass,-1.205632815803881e-16
on or near,-1.205632815803881e-16
small animals,-1.205632815803881e-16
other small,-1.205632815803881e-16
other small animals,-1.205632815803881e-16
or near the,-1.205632815803881e-16
often found on,-1.205632815803881e-16
suitable environment for,-1.205632815803881e-16
to live and,-1.205632815803881e-16
type of grassland,-1.205632815803881e-16
or meadow,-1.205632815803881e-16
thrive making,-1.205632815803881e-16
thrive,-1.205632815803881e-16
thrive making them,-1.205632815803881e-16
plant,-1.205632815803881e-16
plant species including,-1.205632815803881e-16
the earth meadows,-1.205632815803881e-16
or meadow often,-1.205632815803881e-16
plant species,-1.205632815803881e-16
repeated,-1.209969624493823e-16
interesting,-1.209969624493823e-16
not cause,-1.2110538266663085e-16
is because small,-1.214306433183765e-16
because small dog,-1.214306433183765e-16
step,-1.214306433183765e-16
launch,-1.214306433183765e-16
onto launch,-1.214306433183765e-16
hot outside,-1.214306433183765e-16
launch platform,-1.214306433183765e-16
onto launch platform,-1.214306433183765e-16
because small,-1.214306433183765e-16
step onto,-1.214306433183765e-16
people or,-1.222980050563649e-16
specifically,-1.22514845490862e-16
opportunities for interaction,-1.231653667943533e-16
park where,-1.231653667943533e-16
there is larger,-1.231653667943533e-16
type of building,-1.231653667943533e-16
park where there,-1.231653667943533e-16
park is more,-1.231653667943533e-16
the description,-1.231653667943533e-16
person speaking is,-1.231653667943533e-16
theater is type,-1.231653667943533e-16
of building where,-1.231653667943533e-16
university may have,-1.231653667943533e-16
university may,-1.231653667943533e-16
and more,-1.231653667943533e-16
may have,-1.231653667943533e-16
public speaking,-1.231653667943533e-16
park can,-1.231653667943533e-16
theater is,-1.231653667943533e-16
public speaking but,-1.231653667943533e-16
is way to,-1.231653667943533e-16
of building,-1.231653667943533e-16
opportunities for,-1.231653667943533e-16
with defined boundary,-1.231653667943533e-16
the speaker,-1.231653667943533e-16
the speaker the,-1.231653667943533e-16
there is single,-1.231653667943533e-16
speaking is typically,-1.231653667943533e-16
speaking but park,-1.231653667943533e-16
speaking but it,-1.231653667943533e-16
with defined,-1.231653667943533e-16
opportunities,-1.231653667943533e-16
person speaking but,-1.231653667943533e-16
specific location with,-1.231653667943533e-16
with the speaker,-1.231653667943533e-16
speaker the other,-1.231653667943533e-16
speaker the,-1.231653667943533e-16
the description for,-1.231653667943533e-16
happens is not,-1.240327285323417e-16
what happens is,-1.240327285323417e-16
happens is,-1.240327285323417e-16
natural habitat,-1.240327285323417e-16
would then make,-1.24683249835833e-16
would then,-1.24683249835833e-16
then make herself,-1.24683249835833e-16
then make,-1.24683249835833e-16
the lady would,-1.24683249835833e-16
of mental issues,-1.24683249835833e-16
would eat and,-1.24683249835833e-16
would eat,-1.24683249835833e-16
not necessarily apply,-1.2527956103070004e-16
stress,-1.2527956103070004e-16
physical location for,-1.2527956103070004e-16
program created,-1.2527956103070004e-16
not physical location,-1.2527956103070004e-16
stress is,-1.2527956103070004e-16
uses,-1.2527956103070004e-16
uses it,-1.2527956103070004e-16
person uses,-1.2527956103070004e-16
stress is negative,-1.2527956103070004e-16
use of,-1.2527956103070004e-16
the person uses,-1.2527956103070004e-16
using computer and,-1.2527956103070004e-16
using computer can,-1.2527956103070004e-16
use of protective,-1.2527956103070004e-16
without proper use,-1.2527956103070004e-16
person uses it,-1.2527956103070004e-16
uses it for,-1.2527956103070004e-16
of protective,-1.2527956103070004e-16
to using computer,-1.2527956103070004e-16
to using,-1.2527956103070004e-16
of protective equipment,-1.2527956103070004e-16
proper use,-1.2527956103070004e-16
proper use of,-1.2527956103070004e-16
periods without,-1.2527956103070004e-16
periods without proper,-1.2527956103070004e-16
protective equipment the,-1.2527956103070004e-16
the ocean is,-1.2527956103070004e-16
related to using,-1.2527956103070004e-16
to this scenario,-1.2527956103070004e-16
to this,-1.2527956103070004e-16
protective equipment,-1.2527956103070004e-16
protective,-1.2527956103070004e-16
program created is,-1.2527956103070004e-16
often found,-1.2533377113932431e-16
theater,-1.2563192673675783e-16
work it,-1.2576745200831851e-16
people are talking,-1.2576745200831851e-16
looking to,-1.2576745200831851e-16
are talking at,-1.2576745200831851e-16
talking at work,-1.2576745200831851e-16
at work it,-1.2576745200831851e-16
talking at,-1.2576745200831851e-16
people are,-1.2576745200831851e-16
are talking,-1.2576745200831851e-16
sneezing,-1.2576745200831851e-16
because snowflakes,-1.2598429244281562e-16
snowflakes are,-1.2598429244281562e-16
because snowflakes are,-1.2598429244281562e-16
is because snowflakes,-1.2598429244281562e-16
paying,-1.2620113287731272e-16
require money,-1.2620113287731272e-16
getting things,-1.2620113287731272e-16
paying bills,-1.2620113287731272e-16
to health complications,-1.2663481374630692e-16
someone is not,-1.2663481374630692e-16
to health,-1.2663481374630692e-16
location with,-1.277732260274167e-16
response to,-1.2836953722228372e-16
that the question,-1.2967057982926633e-16
for his farmland,-1.2977900004651488e-16
to find suitable,-1.2977900004651488e-16
find suitable location,-1.2977900004651488e-16
known producer of,-1.2977900004651488e-16
known producer,-1.2977900004651488e-16
producer,-1.2977900004651488e-16
for his,-1.2977900004651488e-16
is known producer,-1.2977900004651488e-16
location for his,-1.2977900004651488e-16
his farmland,-1.2977900004651488e-16
find suitable,-1.2977900004651488e-16
producer of,-1.2977900004651488e-16
type of,-1.3010426069826053e-16
type,-1.3010426069826053e-16
disease,-1.3183898417423734e-16
colleagues,-1.3183898417423734e-16
for animals,-1.3357370765021415e-16
animals including,-1.3357370765021415e-16
however it important,-1.3357370765021415e-16
that the person,-1.3400738851920835e-16
in various,-1.3444106938820255e-16
dressing nice,-1.3465790982269965e-16
nice is,-1.3465790982269965e-16
dressing nice is,-1.3465790982269965e-16
dressing,-1.3465790982269965e-16
to show,-1.3465790982269965e-16
and wait for,-1.3465790982269965e-16
and wait,-1.3465790982269965e-16
date does,-1.3465790982269965e-16
the basement,-1.3530843112619095e-16
asks,-1.3530843112619095e-16
to kill,-1.354168513434395e-16
rationale is based,-1.362842130814279e-16
common event,-1.362842130814279e-16
weather condition,-1.362842130814279e-16
universal,-1.362842130814279e-16
universal rule,-1.362842130814279e-16
common event where,-1.362842130814279e-16
weather condition so,-1.362842130814279e-16
show is common,-1.362842130814279e-16
show is,-1.362842130814279e-16
universal rule and,-1.362842130814279e-16
they are hot,-1.362842130814279e-16
and is not,-1.362842130814279e-16
rationale is,-1.362842130814279e-16
and it important,-1.362842130814279e-16
that this,-1.362842130814279e-16
why small dog,-1.362842130814279e-16
the answer should,-1.362842130814279e-16
sensitive,-1.362842130814279e-16
that this rationale,-1.362842130814279e-16
should be considered,-1.362842130814279e-16
outside and,-1.362842130814279e-16
why small,-1.362842130814279e-16
sensitive in general,-1.362842130814279e-16
compete in heat,-1.362842130814279e-16
note that this,-1.362842130814279e-16
question specifically,-1.362842130814279e-16
compete in,-1.362842130814279e-16
panting indicates that,-1.362842130814279e-16
specifically asks,-1.362842130814279e-16
specifically asks about,-1.362842130814279e-16
panting indicates,-1.362842130814279e-16
compete,-1.362842130814279e-16
where dogs compete,-1.362842130814279e-16
where dogs,-1.362842130814279e-16
pant when they,-1.362842130814279e-16
rule,-1.362842130814279e-16
considered sensitive,-1.362842130814279e-16
on assumptions and,-1.362842130814279e-16
rule and,-1.362842130814279e-16
would pant,-1.362842130814279e-16
rule and it,-1.362842130814279e-16
when they are,-1.362842130814279e-16
pant when,-1.362842130814279e-16
would pant however,-1.362842130814279e-16
considered sensitive in,-1.362842130814279e-16
indicates that,-1.362842130814279e-16
that it is,-1.362842130814279e-16
question specifically asks,-1.362842130814279e-16
not universal,-1.362842130814279e-16
that it,-1.362842130814279e-16
on assumptions,-1.362842130814279e-16
the question specifically,-1.362842130814279e-16
reason for why,-1.362842130814279e-16
this rationale,-1.362842130814279e-16
pant however,-1.362842130814279e-16
pant however it,-1.362842130814279e-16
sensitive in,-1.362842130814279e-16
outside and dog,-1.362842130814279e-16
this rationale is,-1.362842130814279e-16
not universal rule,-1.362842130814279e-16
using computer,-1.3660947373317356e-16
explanation,-1.3791051634015616e-16
periods,-1.3834419720915037e-16
not necessarily related,-1.3964523981613297e-16
necessarily related to,-1.3964523981613297e-16
necessarily related,-1.3964523981613297e-16
success,-1.3964523981613297e-16
human,-1.3964523981613297e-16
physical location,-1.4051260155412137e-16
others,-1.4051260155412137e-16
for why,-1.4094628242311558e-16
event where,-1.4094628242311558e-16
him,-1.4137996329210978e-16
the head,-1.4159680372660688e-16
leading to loss,-1.4159680372660688e-16
brain,-1.4159680372660688e-16
to loss of,-1.4159680372660688e-16
or her,-1.4224732503009818e-16
to note that,-1.4224732503009818e-16
note that,-1.4224732503009818e-16
for him,-1.4224732503009818e-16
him or her,-1.4224732503009818e-16
note,-1.4224732503009818e-16
him or,-1.4224732503009818e-16
for him or,-1.4224732503009818e-16
consideration,-1.4224732503009818e-16
to note,-1.4224732503009818e-16
important to note,-1.4224732503009818e-16
formed,-1.4268100589909238e-16
allows,-1.4311468676808659e-16
multiple,-1.4311468676808659e-16
where there,-1.457167719820518e-16
work it can,-1.457167719820518e-16
to sneezing,-1.457167719820518e-16
leading to sneezing,-1.457167719820518e-16
where there is,-1.457167719820518e-16
ocean,-1.465841337200402e-16
do not necessarily,-1.468009741545373e-16
ocean is not,-1.468009741545373e-16
negative experience,-1.468009741545373e-16
ocean is,-1.468009741545373e-16
pant,-1.474514954580286e-16
to the formation,-1.474514954580286e-16
things,-1.474514954580286e-16
fit,-1.474514954580286e-16
the presence,-1.5048726154098802e-16
the presence of,-1.5048726154098802e-16
presence of,-1.5048726154098802e-16
presence,-1.5048726154098802e-16
seeing,-1.5048726154098802e-16
is not the,-1.5070410197548512e-16
bodily function,-1.5178830414797062e-16
defecating,-1.5178830414797062e-16
be defecating,-1.5178830414797062e-16
will be defecating,-1.5178830414797062e-16
person is,-1.5222198501696482e-16
large container,-1.5222198501696482e-16
dress,-1.5243882545146192e-16
goal for,-1.5265566588595902e-16
stop,-1.5265566588595902e-16
with the,-1.5265566588595902e-16
example,-1.5439038936193583e-16
are typically,-1.5439038936193583e-16
is type,-1.5439038936193583e-16
is type of,-1.5439038936193583e-16
potentially,-1.5482407023093003e-16
when they,-1.5525775109992423e-16
important,-1.568840543586525e-16
together they,-1.5742615544489524e-16
by working,-1.5742615544489524e-16
working together,-1.5742615544489524e-16
effective,-1.5742615544489524e-16
ensure that the,-1.5742615544489524e-16
ensure that,-1.5742615544489524e-16
that the assistance,-1.5742615544489524e-16
ensure,-1.5742615544489524e-16
the assistance is,-1.5742615544489524e-16
assistance is,-1.5742615544489524e-16
together they can,-1.5742615544489524e-16
the assistance,-1.5742615544489524e-16
working together they,-1.5742615544489524e-16
by working together,-1.5742615544489524e-16
assistance,-1.5785983631388945e-16
but it is,-1.5785983631388945e-16
habitat,-1.5872719805187785e-16
when friends need,-1.5894403848637495e-16
need each others,-1.5894403848637495e-16
friends need each,-1.5894403848637495e-16
others help,-1.5894403848637495e-16
need each,-1.5894403848637495e-16
each others help,-1.5894403848637495e-16
each others,-1.5894403848637495e-16
friends need,-1.5894403848637495e-16
when friends,-1.5894403848637495e-16
because when friends,-1.5894403848637495e-16
performer,-1.5959455978986625e-16
platform,-1.5959455978986625e-16
onto,-1.5959455978986625e-16
help,-1.5959455978986625e-16
share thoughts,-1.5959455978986625e-16
explanation for the,-1.6046192152785466e-16
lady,-1.605703417451032e-16
the lady,-1.605703417451032e-16
is because the,-1.6132928326584306e-16
natural bodily function,-1.6176296413483726e-16
natural bodily,-1.6176296413483726e-16
be defecating which,-1.6176296413483726e-16
which is natural,-1.6176296413483726e-16
is natural bodily,-1.6176296413483726e-16
function that,-1.6176296413483726e-16
defecating which is,-1.6176296413483726e-16
when the,-1.6176296413483726e-16
occurs when the,-1.6176296413483726e-16
when the body,-1.6176296413483726e-16
defecating which,-1.6176296413483726e-16
function that occurs,-1.6176296413483726e-16
bodily function that,-1.6176296413483726e-16
explanation for,-1.6371452804531117e-16
question asks for,-1.6371452804531117e-16
asks for,-1.6371452804531117e-16
mental issues would,-1.6458188978329957e-16
because the lady,-1.6458188978329957e-16
mental issues,-1.6458188978329957e-16
most common,-1.6479873021779667e-16
the most common,-1.6479873021779667e-16
loss,-1.6479873021779667e-16
financial,-1.6523241108679088e-16
context,-1.6653345369377348e-16
computer can cause,-1.6772607608350754e-16
computer can,-1.6772607608350754e-16
the ocean,-1.6772607608350754e-16
need,-1.6783449630075609e-16
would provide,-1.6783449630075609e-16
why,-1.6805133673525319e-16
it is common,-1.691355389077387e-16
common location for,-1.6978606021123e-16
common location,-1.6978606021123e-16
an,-1.702197410802242e-16
individuals to,-1.704365815147213e-16
he needed,-1.710871028182126e-16
both,-1.717376241217039e-16
the question suggests,-1.717376241217039e-16
hoping for,-1.717376241217039e-16
working hard,-1.717376241217039e-16
hoping,-1.717376241217039e-16
question suggests,-1.717376241217039e-16
the more,-1.717376241217039e-16
buildings such,-1.734723475976807e-16
buildings such as,-1.734723475976807e-16
outside,-1.7433970933566911e-16
job,-1.7520707107365752e-16
common way,-1.7520707107365752e-16
of an,-1.7520707107365752e-16
live,-1.7564075194265172e-16
important to,-1.7629127324614302e-16
is not necessarily,-1.7694179454963432e-16
as it allows,-1.7737547541862853e-16
parties in,-1.7737547541862853e-16
it allows,-1.7737547541862853e-16
parties in new,-1.7737547541862853e-16
for people,-1.7867651802561113e-16
is large,-1.7915085647607354e-16
supermarket is,-1.7915085647607354e-16
supermarket is large,-1.7915085647607354e-16
location for james,-1.8127860323957634e-16
james to find,-1.8127860323957634e-16
which the person,-1.813870234568249e-16
working but none,-1.813870234568249e-16
working for,-1.813870234568249e-16
working for example,-1.813870234568249e-16
not primary goal,-1.813870234568249e-16
not primary motivation,-1.813870234568249e-16
person is working,-1.813870234568249e-16
working lot the,-1.813870234568249e-16
choices provide that,-1.813870234568249e-16
because person,-1.813870234568249e-16
working but,-1.813870234568249e-16
which the,-1.813870234568249e-16
amount to,-1.813870234568249e-16
amount,-1.813870234568249e-16
primary goal,-1.813870234568249e-16
is working,-1.813870234568249e-16
salary,-1.813870234568249e-16
salary the other,-1.813870234568249e-16
salary the,-1.813870234568249e-16
choices provide,-1.813870234568249e-16
or salary the,-1.813870234568249e-16
provide that,-1.813870234568249e-16
provide that information,-1.813870234568249e-16
to which the,-1.813870234568249e-16
earning,-1.813870234568249e-16
or salary,-1.813870234568249e-16
the choices provide,-1.813870234568249e-16
earn living,-1.813870234568249e-16
primary motivation for,-1.813870234568249e-16
primary motivation,-1.813870234568249e-16
the motivation,-1.813870234568249e-16
is because person,-1.813870234568249e-16
that information,-1.813870234568249e-16
that information therefore,-1.813870234568249e-16
to which,-1.813870234568249e-16
primary goal for,-1.813870234568249e-16
to earn living,-1.813870234568249e-16
the motivation behind,-1.813870234568249e-16
working lot and,-1.813870234568249e-16
dog panting,-1.8257964584655895e-16
panting,-1.8257964584655895e-16
small dog panting,-1.8257964584655895e-16
loss of,-1.8344700758454735e-16
none of the,-1.8409752888803865e-16
but none of,-1.8409752888803865e-16
bills,-1.8409752888803865e-16
but none,-1.8409752888803865e-16
money to,-1.8409752888803865e-16
of the choices,-1.8409752888803865e-16
needed money,-1.8474805019152996e-16
needed money to,-1.8474805019152996e-16
for example,-1.8474805019152996e-16
but the,-1.8604909279851256e-16
meet,-1.8735013540549517e-16
function,-1.8821749714348357e-16
more specific,-1.8995222061946038e-16
single speaker to,-1.9212062496443139e-16
performance or show,-1.9212062496443139e-16
people can gather,-1.9212062496443139e-16
setting for,-1.9212062496443139e-16
to single speaker,-1.9212062496443139e-16
setting for single,-1.9212062496443139e-16
share their,-1.9212062496443139e-16
wait for performance,-1.9212062496443139e-16
share their thoughts,-1.9212062496443139e-16
public gathering,-1.9212062496443139e-16
to single,-1.9212062496443139e-16
to share their,-1.9212062496443139e-16
thoughts and ideas,-1.9212062496443139e-16
public place where,-1.9212062496443139e-16
performance or,-1.9212062496443139e-16
single speaker such,-1.9212062496443139e-16
park would,-1.9212062496443139e-16
without having,-1.9212062496443139e-16
park would provide,-1.9212062496443139e-16
speaker to share,-1.9212062496443139e-16
would provide setting,-1.9212062496443139e-16
without having to,-1.9212062496443139e-16
audience,-1.9212062496443139e-16
the audience,-1.9212062496443139e-16
presence of an,-1.9212062496443139e-16
the audience making,-1.9212062496443139e-16
provide setting,-1.9212062496443139e-16
show to,-1.9212062496443139e-16
of an auditorium,-1.9212062496443139e-16
or show to,-1.9212062496443139e-16
or show,-1.9212062496443139e-16
provide setting for,-1.9212062496443139e-16
to begin the,-1.9212062496443139e-16
park is public,-1.9212062496443139e-16
their thoughts,-1.9212062496443139e-16
such as an,-1.9212062496443139e-16
with the audience,-1.9212062496443139e-16
to begin,-1.9212062496443139e-16
speaker such,-1.9212062496443139e-16
their thoughts and,-1.9212062496443139e-16
speaker such as,-1.9212062496443139e-16
show to begin,-1.9212062496443139e-16
speaker to,-1.9212062496443139e-16
bodily,-1.942890293094024e-16
is fundamental,-1.947227101783966e-16
fundamental,-1.947227101783966e-16
ideas,-1.960237527853792e-16
general,-1.968911145233676e-16
and other,-1.97758476261356e-16
nice,-1.986258379993444e-16
for success,-1.9949319973733282e-16
choices,-2.0209528495129803e-16
an elevator,-2.0383000842727483e-16
issues would,-2.0383000842727483e-16
elevator,-2.0383000842727483e-16
accessed,-2.0383000842727483e-16
dogs,-2.0426368929626904e-16
the body,-2.0469737016526324e-16
around,-2.0729945537922845e-16
is because he,-2.0729945537922845e-16
way to,-2.0729945537922845e-16
because he,-2.0729945537922845e-16
is public,-2.0816681711721685e-16
performance,-2.0816681711721685e-16
single person speaking,-2.0903417885520525e-16
person speaking,-2.0903417885520525e-16
single person,-2.0903417885520525e-16
as an,-2.0968470015869656e-16
pleasure,-2.1250362580715887e-16
itself and,-2.1337098754514727e-16
it important,-2.1423834928313568e-16
it important to,-2.1423834928313568e-16
or profession,-2.1510571102112408e-16
profession,-2.1510571102112408e-16
place where people,-2.1575623232461538e-16
complications,-2.1684043449710089e-16
health complications,-2.1684043449710089e-16
meals,-2.190088388420719e-16
share meals,-2.190088388420719e-16
and share,-2.190088388420719e-16
having fun,-2.1936120454812968e-16
fun,-2.1936120454812968e-16
occurs,-2.194425197110661e-16
occurs when,-2.194425197110661e-16
response,-2.207435623180487e-16
dog,-2.220446049250313e-16
show up,-2.236166980751353e-16
from the,-2.242130092700023e-16
common,-2.255140518769849e-16
such,-2.2898349882893854e-16
making it,-2.2898349882893854e-16
location,-2.2898349882893854e-16
to share,-2.2941717969793274e-16
snowflakes,-2.2985086056692694e-16
snowflake,-2.2985086056692694e-16
talking,-2.3071822230491534e-16
they can,-2.3158558404290375e-16
forming snowflake,-2.3245294578089215e-16
fall from,-2.3245294578089215e-16
freeze,-2.3245294578089215e-16
fall,-2.3245294578089215e-16
fall from the,-2.3245294578089215e-16
into solid,-2.3245294578089215e-16
crystals fall from,-2.3245294578089215e-16
freeze into,-2.3245294578089215e-16
into solid mass,-2.3245294578089215e-16
when snow,-2.3245294578089215e-16
when snow crystals,-2.3245294578089215e-16
crystals fall,-2.3245294578089215e-16
freeze into solid,-2.3245294578089215e-16
mass forming,-2.3245294578089215e-16
forming,-2.3245294578089215e-16
the sky and,-2.3245294578089215e-16
and freeze,-2.3245294578089215e-16
and freeze into,-2.3245294578089215e-16
mass,-2.3245294578089215e-16
snowflake this is,-2.3245294578089215e-16
solid mass forming,-2.3245294578089215e-16
snowflake this,-2.3245294578089215e-16
sky and freeze,-2.3245294578089215e-16
snow crystals,-2.3245294578089215e-16
solid mass,-2.3245294578089215e-16
solid,-2.3245294578089215e-16
forming snowflake this,-2.3245294578089215e-16
sky and,-2.3245294578089215e-16
mass forming snowflake,-2.3245294578089215e-16
listen,-2.3505503099485736e-16
listen to,-2.3505503099485736e-16
the choices,-2.3548871186385156e-16
mailbox,-2.3592239273284576e-16
habitat for,-2.411265631607762e-16
species including,-2.411265631607762e-16
needed,-2.411265631607762e-16
to live,-2.411265631607762e-16
meadows are,-2.411265631607762e-16
habitat for various,-2.411265631607762e-16
begin,-2.437286483747414e-16
but it,-2.454633718507182e-16
career,-2.454633718507182e-16
speaking but,-2.463307335887066e-16
eat and,-2.49366499671666e-16
elevator is,-2.498001805406602e-16
an elevator is,-2.498001805406602e-16
none,-2.5522119140308774e-16
none of,-2.5522119140308774e-16
together,-2.5760643618255585e-16
formation of,-2.6194324487249787e-16
small dog,-2.6194324487249787e-16
the formation of,-2.6194324487249787e-16
the formation,-2.6194324487249787e-16
so,-2.636779683484747e-16
to wait,-2.645453300864631e-16
to wait for,-2.645453300864631e-16
is person,-2.671474153004283e-16
the person is,-2.671474153004283e-16
the sky,-2.693158196453993e-16
from the sky,-2.693158196453993e-16
sky,-2.693158196453993e-16
including,-2.706168622523819e-16
money,-2.740863092043355e-16
eat,-2.740863092043355e-16
lot is,-2.8102520310824275e-16
lot is likely,-2.8102520310824275e-16
working lot is,-2.8102520310824275e-16
her,-2.8449465006019636e-16
your date,-2.8449465006019636e-16
hard,-2.8622937353617317e-16
is natural,-2.8709673527416157e-16
such as,-2.8796409701215e-16
where,-2.914335439641036e-16
that occurs,-3.0010716134398763e-16
that occurs when,-3.0010716134398763e-16
without,-3.0054084221298183e-16
speaking,-3.0357660829594124e-16
your,-3.0878077872387166e-16
gather,-3.1138286393783687e-16
gather and,-3.1138286393783687e-16
gathering,-3.1138286393783687e-16
can gather and,-3.1138286393783687e-16
can gather,-3.1138286393783687e-16
thoughts and,-3.134970581741836e-16
buildings,-3.191891195797325e-16
in park,-3.200564813177209e-16
for public,-3.200564813177209e-16
building,-3.2038174196946656e-16
park is,-3.2786273695961654e-16
crystals,-3.2873009869760494e-16
thoughts,-3.292721997838477e-16
necessarily,-3.2959746043559335e-16
not necessarily,-3.2959746043559335e-16
basement,-3.3566899260151217e-16
species,-3.426078865054194e-16
therefore the answer,-3.5214886562329184e-16
for various,-3.5908775952719907e-16
someone working,-3.627740469136498e-16
person working,-3.627740469136498e-16
person working lot,-3.627740469136498e-16
for someone working,-3.627740469136498e-16
is not primary,-3.627740469136498e-16
someone working lot,-3.627740469136498e-16
not primary,-3.627740469136498e-16
motivation,-3.627740469136498e-16
natural,-3.694961003830599e-16
it suitable location,-3.7513395167998453e-16
meadows,-3.7730235602495554e-16
small,-3.7773603689394974e-16
single speaker,-3.8424124992886277e-16
snow,-3.903127820947816e-16
primary,-3.9811903773667723e-16
formation,-4.0766001685454967e-16
way,-4.0961158076502358e-16
by,-4.176346768414163e-16
wait for,-4.2934406030425976e-16
hot,-4.484260185400046e-16
public,-4.51461784622964e-16
it suitable,-4.666406150377611e-16
making it suitable,-4.666406150377611e-16
wait,-4.696763811207205e-16
leading,-4.718447854656915e-16
leading to,-4.718447854656915e-16
provide,-4.733626685071712e-16
various,-4.809520837145698e-16
the person,-4.863730945769973e-16
he,-4.950467119568813e-16
date,-5.0133508455729725e-16
suitable location for,-5.065392549852277e-16
suitable location,-5.065392549852277e-16
but,-5.117434254131581e-16
location for,-5.212844045310305e-16
speaker,-5.342948306008566e-16
auditorium,-6.25367813089639e-16
single,-6.25367813089639e-16
an auditorium,-6.25367813089639e-16
lot,-6.323067069935462e-16
working lot,-6.323067069935462e-16
suitable,-6.435824095873954e-16
show,-6.487865800153259e-16
share,-6.591949208711867e-16
more,-7.008282842946301e-16
park,-7.494005416219807e-16
person,-7.653383135575176e-16
working,-1.30668045827953e-15
for,-1.3600232051658168e-15
