feature,importance
of,2.6505490510753127e-15
than the,1.7243151351209463e-15
answer is,1.3890798233884283e-15
force,1.2975731600306517e-15
because the,1.259409243559162e-15
answer,1.1804793254022172e-15
flexible,1.1546753136970622e-15
the answer is,1.1503656100614323e-15
gravitational force,1.1501216645726231e-15
gravitational,1.1050188541972261e-15
between,1.0920084281274e-15
on,1.0720591081536668e-15
question,1.0581813203458523e-15
ball,1.012427988666964e-15
than,9.983333604246525e-16
because,9.462916561453483e-16
cardboard,9.402201239794294e-16
of the,9.35015953551499e-16
mercury,9.150666335777657e-16
breaking,9.128982292327947e-16
steep,8.994541222939745e-16
steep hill,8.994541222939745e-16
hill,8.994541222939745e-16
earth,8.886121005691194e-16
rug,8.801553236237325e-16
smooth,8.756016744992934e-16
the dog,8.74734312761305e-16
answer is because,8.506650245321268e-16
the steep,8.4350929019372245e-16
the steep hill,8.4350929019372245e-16
is because the,8.396061623727746e-16
the question,8.36136715420821e-16
load,8.25497981603307e-16
ground,8.062127354602211e-16
flat,8.062127354602211e-16
flat ground,8.062127354602211e-16
dog,8.044780119842443e-16
therefore the answer,7.925517880869037e-16
flexible and,7.915760061316668e-16
the cardboard,7.88865500700453e-16
the flat ground,7.433290094560618e-16
the flat,7.433290094560618e-16
mass of,7.284754396930104e-16
phrasing,7.160071147094271e-16
actually,6.860831347488272e-16
weaker,6.808789643208968e-16
is because,6.800116025829084e-16
is actually,6.74807432154978e-16
the infield,6.72639027810007e-16
infield dirt,6.72639027810007e-16
infield,6.72639027810007e-16
the infield dirt,6.72639027810007e-16
dirt,6.72639027810007e-16
the correct,6.583275591331983e-16
correct,6.583275591331983e-16
surfboard,6.314393452555578e-16
surfboard is,6.238499300481593e-16
the correct answer,6.223320470066795e-16
correct answer,6.223320470066795e-16
without breaking,6.140921104957897e-16
the surfboard,6.140921104957897e-16
the surfboard is,6.140921104957897e-16
because the question,6.127910678888071e-16
is as,6.069363761573854e-16
result,6.006480035569695e-16
toy,5.944138410651778e-16
question phrasing,5.915407053080912e-16
is smoother,5.88938620094126e-16
mary,5.885049392251318e-16
the mass,5.847102316214325e-16
the mass of,5.847102316214325e-16
friction between,5.833007687972014e-16
the toy,5.767955557622884e-16
that mary,5.741934705483231e-16
todd,5.728924279413405e-16
adult,5.668208957754217e-16
when bent,5.659535340374333e-16
without,5.624840870854797e-16
answer is actually,5.611830444784971e-16
and can bend,5.600988423060116e-16
flexible and can,5.600988423060116e-16
can bend without,5.600988423060116e-16
can bend,5.600988423060116e-16
bend without breaking,5.600988423060116e-16
bend,5.600988423060116e-16
bend without,5.600988423060116e-16
is more flexible,5.600988423060116e-16
old,5.598820018715145e-16
rug therefore the,5.571714964403007e-16
rug therefore,5.571714964403007e-16
more smooth than,5.543525707918384e-16
smooth than the,5.543525707918384e-16
smooth than,5.543525707918384e-16
was less,5.528685690682489e-16
of what the,5.479557779741739e-16
what the,5.479557779741739e-16
on mercury,5.473052566706826e-16
more flexible,5.468715758016884e-16
bent,5.440526501532261e-16
steep hill is,5.390653201597928e-16
hill is,5.390653201597928e-16
there was,5.386316392907986e-16
choice,5.265969951762095e-16
than the flat,5.260548940899668e-16
the cardboard is,5.106592232406726e-16
the adult,5.079487178094588e-16
because the steep,5.065392549852277e-16
that the cardboard,5.054550528127422e-16
the question phrasing,5.041540102057596e-16
more flexible and,5.020940260780371e-16
answer choice in,4.9499250184825705e-16
choice in the,4.9499250184825705e-16
answer choice,4.9499250184825705e-16
choice in,4.9499250184825705e-16
of the dog,4.852888924045118e-16
sound of the,4.852888924045118e-16
throw the toy,4.806268230628241e-16
however the,4.731458280726741e-16
child,4.722784663346857e-16
cardboard is,4.714111045966973e-16
gravitational force on,4.709774237277031e-16
force on,4.709774237277031e-16
is less,4.659900937342698e-16
rug is,4.594848806993568e-16
easier,4.588343593958655e-16
and can,4.579669976578771e-16
the dog farther,4.510281037539698e-16
dog farther,4.510281037539698e-16
the person would,4.49293380277993e-16
person would,4.49293380277993e-16
what the question,4.473418163675191e-16
sound of,4.462576141950336e-16
the sound of,4.462576141950336e-16
the outfield grass,4.441434199586869e-16
outfield grass,4.441434199586869e-16
float,4.438723694155655e-16
more smooth,4.421376459395887e-16
rug is more,4.421376459395887e-16
is more smooth,4.421376459395887e-16
was less friction,4.391018798566293e-16
there was less,4.391018798566293e-16
smoother than the,4.349819116011844e-16
smoother than,4.349819116011844e-16
is smoother than,4.349819116011844e-16
closer to the,4.3303034769071047e-16
has higher,4.305366826939938e-16
would,4.3021142204224816e-16
friction between the,4.206704429243757e-16
will,4.180683577104105e-16
the blue,4.154662724964453e-16
blue,4.154662724964453e-16
incorrect,4.14815751192954e-16
cause the,4.106957829375091e-16
mass,4.102621020685149e-16
and the,4.0766001685454967e-16
between the,4.0679265511656126e-16
force on mercury,4.0202216555762504e-16
has higher resistance,4.003958622988968e-16
the outfield,3.98246516195239e-16
outfield,3.98246516195239e-16
the sun,3.9811903773667723e-16
sun,3.9811903773667723e-16
mary is,3.968179951296946e-16
resistance than,3.950832716537178e-16
dog farther away,3.935653886122381e-16
ground therefore the,3.903127820947816e-16
ground therefore,3.903127820947816e-16
flat ground therefore,3.903127820947816e-16
hill is smoother,3.900959416602845e-16
misinterpretation,3.802839119992907e-16
truck,3.8012128167341785e-16
higher resistance,3.7643499428696714e-16
that there was,3.7621815385247004e-16
however the question,3.7296554733501353e-16
common misinterpretation,3.7182713505390375e-16
grass has higher,3.7112240364178817e-16
correct answer is,3.6965873070893274e-16
states,3.690624195140657e-16
of the mass,3.6808663755882876e-16
fraction,3.6808663755882876e-16
fraction of,3.6808663755882876e-16
fraction of the,3.6808663755882876e-16
example,3.651592916931179e-16
ball to,3.6339746316282895e-16
of earth,3.6334325305420467e-16
actually because,3.616898447411643e-16
actually because the,3.616898447411643e-16
is actually because,3.616898447411643e-16
cardboard indicating that,3.608224830031759e-16
cardboard indicating,3.608224830031759e-16
as cardboard indicating,3.608224830031759e-16
mass of earth,3.5930459996169617e-16
whereas,3.5822039778921066e-16
the green,3.5561831257524545e-16
green,3.5561831257524545e-16
is directly,3.5518463170625125e-16
is directly proportional,3.5366674866477155e-16
directly proportional,3.5366674866477155e-16
directly proportional to,3.5366674866477155e-16
that the surfboard,3.5128150388530344e-16
float longer,3.498720410610723e-16
to float,3.498720410610723e-16
butter and,3.4911309954033243e-16
between the butter,3.4911309954033243e-16
the butter and,3.4911309954033243e-16
smoother,3.469446951953614e-16
the ball to,3.4446458272580083e-16
bright,3.4436971503570835e-16
may,3.443426099813962e-16
resistance than the,3.4011422150870274e-16
however,3.400058012914542e-16
right,3.3816265759822883e-16
the right,3.3816265759822883e-16
resulting,3.3772897672923463e-16
resulting in,3.3772897672923463e-16
the ball,3.369700352084948e-16
misinterpretation of,3.369158250998705e-16
quickly in,3.3566899260151217e-16
whereas the,3.3523531173251797e-16
will cause the,3.3523531173251797e-16
cause,3.3523531173251797e-16
it will,3.3485584097214804e-16
motorcycle,3.346415416364927e-16
the motorcycle,3.346415416364927e-16
is weaker,3.3436794999452957e-16
proportional to,3.3306690738754696e-16
proportional,3.3306690738754696e-16
holly,3.3285006695304986e-16
stronger,3.3285006695304986e-16
dirt this,3.3154902434606726e-16
infield dirt this,3.3154902434606726e-16
baseball,3.2829641782861074e-16
the wire,3.2807957739411364e-16
between them,3.2786273695961654e-16
common misinterpretation of,3.2729353081906165e-16
the smooth,3.2657524687979e-16
may have led,3.2629064380951256e-16
have led to,3.2629064380951256e-16
have led,3.2629064380951256e-16
led,3.2629064380951256e-16
led to,3.2629064380951256e-16
was,3.2612801348363973e-16
wire,3.2612801348363973e-16
cause the pet,3.2526065174565133e-16
butter and the,3.2482697087665713e-16
skate,3.228754069661832e-16
to skate,3.228754069661832e-16
as cardboard,3.220080452281948e-16
friction when,3.220080452281948e-16
path,3.217912047936977e-16
incorrect answer,3.2081542283846076e-16
will cause,3.204901621867151e-16
second question,3.1973122066597526e-16
the second question,3.1973122066597526e-16
weaker gravitational,3.194059600142296e-16
to skate on,3.17318870832195e-16
skate on,3.17318870832195e-16
distance between them,3.152859917587847e-16
it across the,3.148523108897905e-16
may have,3.1382231882592926e-16
grass has,3.1181654480683108e-16
outfield grass has,3.1181654480683108e-16
of common,3.111118133947155e-16
result of common,3.111118133947155e-16
is more,3.1094918306884267e-16
lot,3.1094918306884267e-16
parking lot,3.1094918306884267e-16
parking,3.1094918306884267e-16
the first example,3.1008182133085427e-16
first example,3.1008182133085427e-16
that mary is,3.0964814046186007e-16
boat,3.0921445959286586e-16
as flexible as,3.080218372031318e-16
flexible as,3.080218372031318e-16
flexible as cardboard,3.080218372031318e-16
surfboard is as,3.080218372031318e-16
is as flexible,3.080218372031318e-16
as flexible,3.080218372031318e-16
type of ball,3.0747973611688906e-16
type of,3.0747973611688906e-16
type,3.0747973611688906e-16
of ball,3.0747973611688906e-16
the baseball,3.0747973611688906e-16
prone to breaking,3.0704605524789486e-16
is less flexible,3.0704605524789486e-16
cardboard will,3.0704605524789486e-16
the cardboard will,3.0704605524789486e-16
cardboard will break,3.0704605524789486e-16
without breaking therefore,3.0704605524789486e-16
less flexible and,3.0704605524789486e-16
bent the,3.0704605524789486e-16
breaking therefore,3.0704605524789486e-16
to breaking when,3.0704605524789486e-16
breaking therefore the,3.0704605524789486e-16
to breaking,3.0704605524789486e-16
bent the answer,3.0704605524789486e-16
therefore the cardboard,3.0704605524789486e-16
flexible and more,3.0704605524789486e-16
breaking when,3.0704605524789486e-16
breaking when bent,3.0704605524789486e-16
less flexible,3.0704605524789486e-16
when bent the,3.0704605524789486e-16
higher,3.054197519891666e-16
old parking,3.0270924655795284e-16
the old parking,3.0270924655795284e-16
old parking lot,3.0270924655795284e-16
which states,3.0184188481996443e-16
which states that,3.0184188481996443e-16
incorrect answer choice,3.0178767471134016e-16
break,2.98806118737005e-16
grass,2.9549930211092423e-16
mercury has,2.9469800894282167e-16
allows for,2.940356291780688e-16
break easier,2.9154196418135214e-16
easier when,2.9154196418135214e-16
break easier when,2.9154196418135214e-16
will break,2.9154196418135214e-16
easier when bent,2.9154196418135214e-16
will break easier,2.9154196418135214e-16
of common misinterpretation,2.9053907717180305e-16
law,2.8644621397067027e-16
the sound,2.8622937353617317e-16
two,2.8606674321030034e-16
in the first,2.8601253310167607e-16
year old,2.854704320154333e-16
year,2.854704320154333e-16
year old child,2.854704320154333e-16
old child,2.854704320154333e-16
much,2.8341044788771086e-16
to travel,2.8254308614972246e-16
its,2.8189256484623115e-16
for,2.8102520310824275e-16
to pull,2.803475767504393e-16
no load to,2.803475767504393e-16
no load,2.803475767504393e-16
load to pull,2.803475767504393e-16
load to,2.803475767504393e-16
twisted,2.7994100093575724e-16
the question states,2.7929047963226594e-16
question states,2.7929047963226594e-16
bike,2.7907363919776884e-16
sound,2.782604875684047e-16
more gravitational force,2.7690523485279783e-16
more gravitational,2.7690523485279783e-16
to float longer,2.7647155398380363e-16
small fraction of,2.7628181860361867e-16
very small,2.7628181860361867e-16
very small fraction,2.7628181860361867e-16
small fraction,2.7628181860361867e-16
small,2.7628181860361867e-16
in reality,2.7582103268031233e-16
directly,2.7582103268031233e-16
reality,2.7582103268031233e-16
mercury has very,2.7575263476982154e-16
has very,2.7575263476982154e-16
has very small,2.7575263476982154e-16
to the person,2.732189474663471e-16
the old,2.723515857283587e-16
the smooth path,2.682316174729138e-16
smooth path,2.682316174729138e-16
tennis ball,2.675810961694225e-16
tennis,2.675810961694225e-16
it move,2.6725583551767684e-16
that there,2.636237582398504e-16
the floor,2.618348246552493e-16
racetrack,2.6063457896899e-16
distance between,2.59015899006787e-16
the distance between,2.5890747878953846e-16
the answer,2.5890747878953846e-16
to its,2.5717275531356165e-16
the right street,2.5673907444456745e-16
right street light,2.5673907444456745e-16
tom,2.5673907444456745e-16
when tom,2.5673907444456745e-16
right street,2.5673907444456745e-16
on the racetrack,2.5549563007799814e-16
question is,2.5543803183758484e-16
caboose,2.5500435096859064e-16
lighter,2.5326962749261384e-16
inverse square,2.5305278705811673e-16
result of,2.529443668408682e-16
breaking this,2.527275264063711e-16
surfboard is more,2.527275264063711e-16
when bent whereas,2.527275264063711e-16
bent whereas the,2.527275264063711e-16
bent whereas,2.527275264063711e-16
whereas the surfboard,2.527275264063711e-16
without breaking this,2.527275264063711e-16
breaking this suggests,2.527275264063711e-16
between two,2.512570772099376e-16
masses,2.512570772099376e-16
their masses,2.512570772099376e-16
cardboard is more,2.504507018441515e-16
phrasing may,2.502880715182787e-16
phrasing may have,2.502880715182787e-16
question phrasing may,2.502880715182787e-16
heavier load,2.4752335597844066e-16
to an incorrect,2.4635783864301875e-16
an incorrect answer,2.4635783864301875e-16
to an,2.4635783864301875e-16
led to an,2.4635783864301875e-16
an incorrect,2.4635783864301875e-16
fin_label,2.45029690981724e-16
surface of the,2.445960101127298e-16
travel further,2.445960101127298e-16
higher resistance than,2.445960101127298e-16
momentum,2.445960101127298e-16
surface of,2.445960101127298e-16
than the infield,2.445960101127298e-16
to travel further,2.445960101127298e-16
forced,2.439454888092385e-16
move less quickly,2.439454888092385e-16
move less,2.439454888092385e-16
to move less,2.439454888092385e-16
forced to move,2.439454888092385e-16
forced to,2.439454888092385e-16
have weaker,2.427799714738166e-16
earth it,2.427799714738166e-16
weaker gravitational force,2.427799714738166e-16
have weaker gravitational,2.427799714738166e-16
of earth it,2.427799714738166e-16
dog closer,2.426444462022559e-16
away therefore the,2.426444462022559e-16
the dog closer,2.426444462022559e-16
away therefore,2.426444462022559e-16
than the sound,2.426444462022559e-16
so the sound,2.426444462022559e-16
person would be,2.426444462022559e-16
farther away therefore,2.426444462022559e-16
dog closer to,2.426444462022559e-16
since mercury,2.419532673172964e-16
since mercury has,2.419532673172964e-16
force resulting in,2.4128178194836054e-16
will have weaker,2.4128178194836054e-16
resulting in todd,2.4128178194836054e-16
gravitational force resulting,2.4128178194836054e-16
in todd,2.4128178194836054e-16
force resulting,2.4128178194836054e-16
todd feeling,2.4128178194836054e-16
earth it will,2.4128178194836054e-16
feeling,2.4128178194836054e-16
in todd feeling,2.4128178194836054e-16
it will have,2.4128178194836054e-16
is less resistance,2.410723530521519e-16
in the second,2.404760418572849e-16
square law which,2.404760418572849e-16
law which,2.404760418572849e-16
that will,2.404760418572849e-16
law which states,2.404760418572849e-16
the year,2.4031341153141206e-16
the year old,2.4031341153141206e-16
red rug therefore,2.3944604979342365e-16
cardboard is less,2.3906657903305373e-16
earth this,2.389581588158052e-16
child is,2.382534274036896e-16
was closer,2.381992172950653e-16
was closer to,2.381992172950653e-16
than the red,2.367355443622099e-16
therefore the,2.3592239273284576e-16
pull,2.3505503099485736e-16
than the blue,2.3462135012586316e-16
indicating that the,2.3418766925686896e-16
first example but,2.336997782792505e-16
example but,2.336997782792505e-16
example but the,2.336997782792505e-16
strength,2.3245294578089215e-16
be louder than,2.3223610534639505e-16
louder than,2.3223610534639505e-16
louder than the,2.3223610534639505e-16
when tom twisted,2.3174821436877657e-16
tom twisted,2.3174821436877657e-16
mica,2.3158558404290375e-16
to throw the,2.312061132825338e-16
make it,2.3115190317390955e-16
street light,2.3050138187041824e-16
the inverse square,2.2854981795994433e-16
square law,2.2854981795994433e-16
inverse square law,2.2854981795994433e-16
on earth,2.2811613709095013e-16
therefore the outfield,2.2741140567883456e-16
smoother therefore,2.2724877535296173e-16
is smoother therefore,2.2724877535296173e-16
earth this is,2.2681509448396753e-16
actually states,2.266524641580947e-16
better,2.2638141361497333e-16
easier to skate,2.2624588834341264e-16
the result,2.2605615296322767e-16
the result of,2.2605615296322767e-16
is the result,2.2605615296322767e-16
the blue truck,2.259477327459791e-16
blue truck,2.259477327459791e-16
feel,2.255140518769849e-16
will feel,2.255140518769849e-16
todd will,2.255140518769849e-16
todd will feel,2.255140518769849e-16
able,2.2518879122523927e-16
able to,2.2518879122523927e-16
the tile floor,2.2301361061669023e-16
tile floor,2.2301361061669023e-16
tile,2.2301361061669023e-16
the tile,2.2301361061669023e-16
than on,2.229119666630197e-16
to lose,2.226951262285226e-16
lose,2.226951262285226e-16
the question should,2.2220723525090413e-16
question should,2.2220723525090413e-16
red rug,2.220446049250313e-16
red,2.220446049250313e-16
the red rug,2.220446049250313e-16
the red,2.220446049250313e-16
to throw,2.218277644905342e-16
has more resistance,2.216109240560371e-16
as soon,2.2079777242667298e-16
soon,2.2079777242667298e-16
as it reached,2.2079777242667298e-16
stopped as soon,2.2079777242667298e-16
stopped as,2.2079777242667298e-16
soon as it,2.2079777242667298e-16
as soon as,2.2079777242667298e-16
soon as,2.2079777242667298e-16
softball stopped as,2.2079777242667298e-16
of an object,2.196593601455632e-16
less quickly,2.1955093992831465e-16
less quickly in,2.1955093992831465e-16
andy,2.195238348740025e-16
snipping,2.1906304895069617e-16
throw the,2.181414771040835e-16
the racetrack,2.1705303976686172e-16
experience more,2.1597307275911248e-16
of an,2.1586465254186393e-16
strength required,2.1380466841414147e-16
strength required to,2.1380466841414147e-16
lacks,2.1380466841414147e-16
physical strength required,2.1380466841414147e-16
lacks the physical,2.1380466841414147e-16
that mary lacks,2.1380466841414147e-16
lacks the,2.1380466841414147e-16
mary lacks,2.1380466841414147e-16
mary lacks the,2.1380466841414147e-16
on the smooth,2.1322190974643052e-16
baseball type of,2.1315414711065017e-16
the baseball type,2.1315414711065017e-16
baseball type,2.1315414711065017e-16
that it is,2.1293730667615307e-16
lighter load,2.1272046624165597e-16
old child is,2.1185310450366757e-16
make,2.1093153265705489e-16
steep hill has,2.1043008915228034e-16
hill has,2.1043008915228034e-16
sun room,2.1033522146218786e-16
the tennis ball,2.1033522146218786e-16
the tennis,2.1033522146218786e-16
the sun room,2.1033522146218786e-16
quieter to them,2.1011838102769076e-16
who was closer,2.1011838102769076e-16
of travel,2.0946785972419946e-16
better method,2.0946785972419946e-16
is the better,2.0946785972419946e-16
the better method,2.0946785972419946e-16
better method of,2.0946785972419946e-16
mike rode the,2.0946785972419946e-16
method of travel,2.0946785972419946e-16
the better,2.0946785972419946e-16
method of,2.0946785972419946e-16
fact that mike,2.0946785972419946e-16
room,2.0925101928970236e-16
square,2.0903417885520525e-16
brick,2.0729945537922845e-16
todd feeling more,2.0681897593989845e-16
object gravitational force,2.0681897593989845e-16
that the strength,2.0681897593989845e-16
gravitational force is,2.0681897593989845e-16
feeling more gravitational,2.0681897593989845e-16
mass since mercury,2.0681897593989845e-16
feeling more,2.0681897593989845e-16
force is directly,2.0681897593989845e-16
higher resistance compared,2.0681156440160997e-16
its mass since,2.0617459562527474e-16
mass since,2.0617459562527474e-16
not affect the,2.0556473190325164e-16
mike,2.0513105103425744e-16
quickly in the,2.0437210951351759e-16
person would sound,2.0426368929626904e-16
of friction,2.0361316799277773e-16
for this,2.0339632755828063e-16
as it,2.0334211744965636e-16
greater distance as,2.0296264668928643e-16
reason for,2.025831759289165e-16
the reason for,2.025831759289165e-16
the astroturf,2.023663354944194e-16
astroturf,2.023663354944194e-16
to experience,2.0209528495129803e-16
to experience more,2.0209528495129803e-16
inverse,2.0187844451680093e-16
easier for,2.0101108277881252e-16
lower mass,2.0046898169256977e-16
food to experience,2.0046898169256977e-16
for this is,1.9960161995458137e-16
this is that,1.9960161995458137e-16
the caboose,1.9927635930283571e-16
between them therefore,1.9884267843384151e-16
them therefore,1.9884267843384151e-16
of the question,1.9873425821659296e-16
more friction when,1.986258379993444e-16
floor will,1.979753166958531e-16
and the surface,1.97758476261356e-16
less friction between,1.973247953923618e-16
more resistance than,1.9718927012080112e-16
less bright,1.9635578970070289e-16
longer,1.951563910473908e-16
but the correct,1.949395506128937e-16
less gravitational,1.938553484404082e-16
mars,1.938553484404082e-16
less gravitational force,1.938553484404082e-16
to pedal,1.936385080059111e-16
and move,1.936385080059111e-16
pedal,1.936385080059111e-16
street light was,1.93421667571414e-16
light was,1.93421667571414e-16
blue rug,1.9325903724554117e-16
the blue rug,1.9325903724554117e-16
the green truck,1.929879867024198e-16
green truck,1.929879867024198e-16
meaning,1.9293377659379551e-16
its mass,1.9278469879507876e-16
to its mass,1.9278469879507876e-16
proportional to its,1.9278469879507876e-16
mass and,1.9255430583342559e-16
is less than,1.9233746539892849e-16
misinterpretation of the,1.916327339868129e-16
quieter,1.9147010366094008e-16
reason for this,1.911990531178187e-16
is due,1.9081958235744878e-16
more mass than,1.9081958235744878e-16
is due to,1.9081958235744878e-16
mass than the,1.9081958235744878e-16
tom twisted it,1.9006064083670893e-16
twisted it,1.9006064083670893e-16
across the lake,1.8995222061946038e-16
rode the,1.8995222061946038e-16
required to throw,1.8973538018496328e-16
as the,1.8951853975046618e-16
in contrast,1.8951853975046618e-16
there,1.8821749714348357e-16
due to the,1.8778381627448937e-16
less resistance on,1.8740434551411944e-16
required to,1.8735013540549517e-16
actually the,1.8735013540549517e-16
is actually the,1.8735013540549517e-16
move more quickly,1.8680803431925241e-16
the rollerblades,1.8669961410200386e-16
as result,1.8669961410200386e-16
pushes,1.8659119388475531e-16
floor is,1.8659119388475531e-16
would be louder,1.8653698377613104e-16
the astroturf covered,1.8640145850457035e-16
covered floor,1.8640145850457035e-16
astroturf covered floor,1.8640145850457035e-16
astroturf covered,1.8640145850457035e-16
hill has more,1.8623882817869752e-16
it easier,1.855069917122698e-16
child is weaker,1.8501910073465133e-16
that the child,1.8501910073465133e-16
toy longer,1.8501910073465133e-16
the toy longer,1.8501910073465133e-16
toy longer distance,1.8501910073465133e-16
child would,1.8501910073465133e-16
the child,1.8501910073465133e-16
neptune,1.8474805019152996e-16
to the inverse,1.8453120975703285e-16
the motorcycle to,1.8434909767337318e-16
motorcycle to,1.8434909767337318e-16
motorcycle to move,1.8434909767337318e-16
not affect,1.8431436932253575e-16
does not affect,1.8431436932253575e-16
of more,1.8388068845354155e-16
answer the,1.8388068845354155e-16
them therefore the,1.8366384801904445e-16
than the distance,1.8366384801904445e-16
resistance compared,1.8366384801904445e-16
resistance compared to,1.8366384801904445e-16
error is,1.8344700758454735e-16
phrasing error is,1.8344700758454735e-16
on this is,1.8323016715005025e-16
on this,1.8323016715005025e-16
force is,1.8274227617243177e-16
silk,1.826880660638075e-16
the silk,1.826880660638075e-16
the silk sheet,1.826880660638075e-16
silk sheet,1.826880660638075e-16
it to,1.8257964584655895e-16
cart,1.824712256293104e-16
them,1.8214596497756474e-16
weaker than,1.8214596497756474e-16
is weaker than,1.8214596497756474e-16
sheet,1.8214596497756474e-16
strength of an,1.8176818828308933e-16
object gravitational,1.8176818828308933e-16
an object gravitational,1.8176818828308933e-16
more freely,1.8171228410857054e-16
on earth this,1.8171228410857054e-16
required,1.8171228410857054e-16
the friction,1.8149544367407344e-16
experience more friction,1.8149544367407344e-16
the strength of,1.8100755269645497e-16
the strength,1.8100755269645497e-16
much quieter than,1.8041124150158794e-16
dog is generally,1.8041124150158794e-16
away so,1.8041124150158794e-16
generally much quieter,1.8041124150158794e-16
quieter than,1.8041124150158794e-16
dog is,1.8041124150158794e-16
away so the,1.8041124150158794e-16
them the answer,1.8041124150158794e-16
generally much,1.8041124150158794e-16
farther away so,1.8041124150158794e-16
to them the,1.8041124150158794e-16
quieter than the,1.8041124150158794e-16
much quieter,1.8041124150158794e-16
is generally much,1.8041124150158794e-16
them the,1.8041124150158794e-16
load the question,1.801672960127787e-16
of the meaning,1.801672960127787e-16
meaning of no,1.801672960127787e-16
terms of,1.801672960127787e-16
pull in terms,1.801672960127787e-16
pull in,1.801672960127787e-16
the meaning,1.801672960127787e-16
meaning of,1.801672960127787e-16
in terms of,1.801672960127787e-16
terms,1.801672960127787e-16
of no load,1.801672960127787e-16
to pull in,1.801672960127787e-16
of no,1.801672960127787e-16
in terms,1.801672960127787e-16
the meaning of,1.801672960127787e-16
load the,1.798149303067209e-16
the plate,1.7954387976359953e-16
the incorrect,1.7889335846010823e-16
correct answer the,1.7867651802561113e-16
reason,1.7845967759111403e-16
the reason,1.7845967759111403e-16
which surface,1.7797178661349555e-16
therefore the dog,1.7751100069018921e-16
would sound quieter,1.7751100069018921e-16
would sound,1.7751100069018921e-16
force of,1.7737547541862853e-16
provided,1.7715863498413142e-16
food to,1.7683337433238577e-16
pet food to,1.7683337433238577e-16
as holly,1.7672495411513722e-16
mary is as,1.7672495411513722e-16
strong as holly,1.7672495411513722e-16
states that mary,1.7672495411513722e-16
distance as the,1.7629127324614302e-16
distance travel compared,1.7629127324614302e-16
distance travel,1.7629127324614302e-16
for more,1.7629127324614302e-16
he traveled,1.7629127324614302e-16
for more consistent,1.7629127324614302e-16
affect the fact,1.7629127324614302e-16
fact that he,1.7629127324614302e-16
more consistent and,1.7629127324614302e-16
and greater distance,1.7629127324614302e-16
he traveled greater,1.7629127324614302e-16
consistent and,1.7629127324614302e-16
time does not,1.7629127324614302e-16
time does,1.7629127324614302e-16
more consistent,1.7629127324614302e-16
and greater,1.7629127324614302e-16
consistent and greater,1.7629127324614302e-16
rollerblades therefore the,1.7629127324614302e-16
skateboard allows,1.7629127324614302e-16
skateboard allows for,1.7629127324614302e-16
greater distance travel,1.7629127324614302e-16
the skateboard allows,1.7629127324614302e-16
the rollerblades therefore,1.7629127324614302e-16
that he traveled,1.7629127324614302e-16
of time does,1.7629127324614302e-16
as the skateboard,1.7629127324614302e-16
rollerblades therefore,1.7629127324614302e-16
travel compared,1.7629127324614302e-16
allows for more,1.7629127324614302e-16
of travel the,1.7629127324614302e-16
travel the fact,1.7629127324614302e-16
travel compared to,1.7629127324614302e-16
friction when snipping,1.7596601259439737e-16
when snipping,1.7596601259439737e-16
the question asks,1.7520707107365752e-16
asks,1.7520707107365752e-16
question asks,1.7520707107365752e-16
pan however,1.7455654977016621e-16
and the frying,1.7455654977016621e-16
mentioned,1.7455654977016621e-16
mentioned that,1.7455654977016621e-16
frying pan however,1.7455654977016621e-16
mentioned that there,1.7455654977016621e-16
that mike rode,1.7433970933566911e-16
mike rode,1.7433970933566911e-16
that mike,1.7433970933566911e-16
allowing it to,1.730386667286865e-16
allowing it,1.730386667286865e-16
as that,1.728218262941894e-16
black,1.726049858596923e-16
the black,1.726049858596923e-16
to the rollerblades,1.726049858596923e-16
rougher or,1.7253722322391196e-16
steeper,1.7253722322391196e-16
correct answer choice,1.7253722322391196e-16
question is actually,1.7253722322391196e-16
rougher or steeper,1.7253722322391196e-16
second question is,1.7253722322391196e-16
or steeper,1.7253722322391196e-16
question actually,1.7179183423032818e-16
the question actually,1.7179183423032818e-16
question actually states,1.7179183423032818e-16
black bunny is,1.717376241217039e-16
adult is,1.7102272831422127e-16
the adult is,1.7102272831422127e-16
the left street,1.704365815147213e-16
left street,1.704365815147213e-16
left street light,1.704365815147213e-16
between two objects,1.695692197767329e-16
holly so,1.695692197767329e-16
two objects,1.695692197767329e-16
would not,1.691355389077387e-16
adult is more,1.6905422374480228e-16
therefore the adult,1.6905422374480228e-16
was more,1.6783449630075609e-16
smoother therefore the,1.6772607608350754e-16
affect the,1.6761765586625899e-16
would have,1.6685871434551913e-16
than the dog,1.6653345369377348e-16
the inverse,1.6609977282477928e-16
inertia,1.6599135260753073e-16
rode,1.6588293239028218e-16
come to,1.6577451217303363e-16
infield dirt fin_label,1.6577451217303363e-16
momentum and,1.6577451217303363e-16
lose its,1.6577451217303363e-16
come,1.6577451217303363e-16
lose its momentum,1.6577451217303363e-16
its momentum,1.6577451217303363e-16
infield dirt provided,1.6577451217303363e-16
caused the ball,1.6577451217303363e-16
increased resistance caused,1.6577451217303363e-16
its momentum and,1.6577451217303363e-16
provided less,1.6577451217303363e-16
resistance caused the,1.6577451217303363e-16
resistance caused,1.6577451217303363e-16
to stop in,1.6577451217303363e-16
ball to lose,1.6577451217303363e-16
stop in,1.6577451217303363e-16
to lose its,1.6577451217303363e-16
stop in contrast,1.6577451217303363e-16
provided less resistance,1.6577451217303363e-16
travel further therefore,1.6577451217303363e-16
rode the skateboard,1.6566609195578508e-16
the skateboard for,1.6566609195578508e-16
it to float,1.6555767173853653e-16
is actually not,1.640939988056811e-16
actually not,1.640939988056811e-16
there is less,1.6393136847980827e-16
therefore the black,1.6349768761081407e-16
of their masses,1.6306400674181987e-16
to the product,1.6306400674181987e-16
the product of,1.6306400674181987e-16
the product,1.6306400674181987e-16
proportional to the,1.6306400674181987e-16
product of their,1.6306400674181987e-16
due,1.6306400674181987e-16
due to,1.6306400674181987e-16
than the steep,1.6295558652457132e-16
to the infield,1.6284716630732277e-16
rollerblades,1.6263032587282567e-16
that would,1.6219664500383146e-16
and more prone,1.6132928326584306e-16
the faster bunny,1.6132928326584306e-16
faster bunny,1.6132928326584306e-16
the faster,1.6132928326584306e-16
states the,1.6002824065886045e-16
the child would,1.5954034968124198e-16
toy as far,1.5954034968124198e-16
the toy as,1.5954034968124198e-16
adult therefore the,1.5954034968124198e-16
that the year,1.5954034968124198e-16
adult therefore,1.5954034968124198e-16
toy as,1.5954034968124198e-16
as the adult,1.5954034968124198e-16
the adult therefore,1.5954034968124198e-16
child would not,1.5954034968124198e-16
the yellow rug,1.5932350924674488e-16
green rug,1.5932350924674488e-16
the green rug,1.5932350924674488e-16
yellow rug,1.5932350924674488e-16
the yellow,1.5932350924674488e-16
blue rug therefore,1.5932350924674488e-16
yellow,1.5932350924674488e-16
asks which,1.5916087892087205e-16
question asks which,1.5916087892087205e-16
on the tile,1.590524587036235e-16
likely that the,1.5880851321481426e-16
greater distance this,1.5764299587939234e-16
distance this implies,1.5764299587939234e-16
heavier,1.5699247457590104e-16
result in,1.5677563414140394e-16
of speed,1.5655879370690684e-16
will feel less,1.5525775109992423e-16
feel less,1.5525775109992423e-16
on mercury than,1.5525775109992423e-16
mercury than,1.5525775109992423e-16
than on earth,1.5525775109992423e-16
feel less gravitational,1.5525775109992423e-16
mercury than on,1.5525775109992423e-16
less friction when,1.5460722979643293e-16
as strong as,1.5395670849294163e-16
strong as,1.5395670849294163e-16
larry,1.5395670849294163e-16
error,1.5352302762394743e-16
friction on the,1.5352302762394743e-16
friction on,1.5352302762394743e-16
less than the,1.5319776697220178e-16
travel the,1.5308934675495323e-16
far as the,1.5308934675495323e-16
not be able,1.5308934675495323e-16
would not be,1.5308934675495323e-16
stopped,1.5276408610320757e-16
that the steep,1.526692184131151e-16
and the matte,1.5233040523421337e-16
matte floor will,1.5233040523421337e-16
pet food and,1.5233040523421337e-16
between the pet,1.5233040523421337e-16
food and,1.5233040523421337e-16
food and the,1.5233040523421337e-16
and more,1.5222198501696482e-16
this increased resistance,1.5173409403934635e-16
use,1.5173409403934635e-16
fridge as that,1.5124620306172787e-16
also mentioned,1.5124620306172787e-16
fridge as,1.5124620306172787e-16
should have also,1.5124620306172787e-16
is as there,1.5124620306172787e-16
therefore the correct,1.5124620306172787e-16
the fridge as,1.5124620306172787e-16
that would make,1.5124620306172787e-16
make it move,1.5124620306172787e-16
also mentioned that,1.5124620306172787e-16
have also mentioned,1.5124620306172787e-16
have also,1.5124620306172787e-16
it move more,1.5124620306172787e-16
as that would,1.5124620306172787e-16
and the fridge,1.5124620306172787e-16
pan however the,1.5124620306172787e-16
as there was,1.5124620306172787e-16
need,1.5117844042594752e-16
objects is,1.5092094240998222e-16
two objects is,1.5092094240998222e-16
it to reach,1.5081252219273367e-16
since,1.5048726154098802e-16
affect,1.5027042110649091e-16
in more,1.5027042110649091e-16
the dog is,1.4994516045474526e-16
that the one,1.4994516045474526e-16
because the dog,1.4994516045474526e-16
is as strong,1.4983674023749671e-16
would have been,1.4983674023749671e-16
the black bunny,1.491862189340054e-16
black bunny,1.491862189340054e-16
states is actually,1.4747140073228908e-16
of information,1.4747140073228908e-16
states is,1.4747140073228908e-16
where the opposite,1.4747140073228908e-16
actually states is,1.4747140073228908e-16
actually true the,1.4747140073228908e-16
allowing the motorcycle,1.4747140073228908e-16
of information where,1.4747140073228908e-16
misinterpretation of information,1.4747140073228908e-16
information where,1.4747140073228908e-16
information where the,1.4747140073228908e-16
freely,1.474514954580286e-16
not be deduced,1.468009741545373e-16
deduced,1.468009741545373e-16
be deduced,1.468009741545373e-16
the surface,1.465841337200402e-16
was more friction,1.4631308317691882e-16
the chandelier,1.46150452851046e-16
chandelier,1.46150452851046e-16
the force,1.459336124165489e-16
more resistance,1.457167719820518e-16
it is smoother,1.4560835176480325e-16
to navigate,1.4560835176480325e-16
navigate,1.4560835176480325e-16
grass indicating,1.454999315475547e-16
outfield grass indicating,1.454999315475547e-16
grass indicating that,1.454999315475547e-16
implies that mary,1.452830911130576e-16
caused the,1.450662506785605e-16
of their,1.448494102440634e-16
is the correct,1.448494102440634e-16
the physical,1.448494102440634e-16
the physical strength,1.448494102440634e-16
therefore todd,1.444157293750692e-16
therefore todd will,1.444157293750692e-16
force between,1.441988889405721e-16
gravitational force between,1.441988889405721e-16
very,1.4403625861469926e-16
shopping,1.4354836763708079e-16
the shopping,1.4354836763708079e-16
the shopping cart,1.4354836763708079e-16
shopping cart,1.4354836763708079e-16
of more mass,1.4311468676808659e-16
creation,1.4311468676808659e-16
the creation of,1.4311468676808659e-16
the creation,1.4311468676808659e-16
allows for the,1.4311468676808659e-16
creation of more,1.4311468676808659e-16
creation of,1.4311468676808659e-16
for the creation,1.4311468676808659e-16
would make,1.4300626655083803e-16
would make it,1.4300626655083803e-16
on the silk,1.4289784633358948e-16
speeds faster,1.4274876853487273e-16
reality lighter load,1.4274876853487273e-16
heavier load the,1.4274876853487273e-16
reality lighter,1.4274876853487273e-16
in reality lighter,1.4274876853487273e-16
higher speeds faster,1.4274876853487273e-16
speeds faster than,1.4274876853487273e-16
faster than heavier,1.4274876853487273e-16
higher speeds,1.4274876853487273e-16
than heavier load,1.4274876853487273e-16
than heavier,1.4274876853487273e-16
effort to accelerate,1.4274876853487273e-16
reach higher speeds,1.4274876853487273e-16
increased friction between,1.4268100589909238e-16
method,1.4246416546459528e-16
ball would,1.4203048459560108e-16
mass of the,1.4203048459560108e-16
ball would result,1.4203048459560108e-16
pace,1.4137996329210978e-16
faster bunny the,1.4137996329210978e-16
is the faster,1.4137996329210978e-16
pace than,1.4137996329210978e-16
moving at,1.4137996329210978e-16
pace than the,1.4137996329210978e-16
this is due,1.4094628242311558e-16
more prone,1.4094628242311558e-16
more prone to,1.4094628242311558e-16
the question is,1.4094628242311558e-16
masses since,1.4029576111962427e-16
their masses since,1.4029576111962427e-16
surfaces,1.4007892068512717e-16
the force of,1.3986208025063007e-16
true the,1.3972655497906938e-16
be louder,1.3887952203181508e-16
andy was,1.3834419720915037e-16
that andy was,1.3834419720915037e-16
that andy,1.3834419720915037e-16
toy shorter,1.3831709215483823e-16
toy shorter distance,1.3831709215483823e-16
the toy shorter,1.3831709215483823e-16
muddy,1.3812735677465326e-16
the muddy,1.3812735677465326e-16
distance this,1.3801893655740471e-16
mercury this,1.3787631738491077e-16
mercury this is,1.3787631738491077e-16
on mercury this,1.3787631738491077e-16
quickly,1.3747683547116196e-16
causes,1.3747683547116196e-16
this implies that,1.3725999503666486e-16
is generally,1.3725999503666486e-16
this implies,1.3725999503666486e-16
of the floor,1.367178939504221e-16
traveled,1.3574211199518516e-16
move more freely,1.3509159069169385e-16
shorter distance therefore,1.3509159069169385e-16
as strong,1.3503738058306958e-16
thus,1.3487475025719675e-16
contrast,1.3487475025719675e-16
the pebbled,1.347460012492141e-16
pebbled street,1.347460012492141e-16
pebbled,1.347460012492141e-16
the pebbled street,1.347460012492141e-16
than that,1.3465790982269965e-16
traveled greater distance,1.3444106938820255e-16
traveled greater,1.3444106938820255e-16
increased resistance,1.34332649170954e-16
distance as,1.3314002678121994e-16
on the astroturf,1.3265213580360147e-16
as holly suggesting,1.3248950547772864e-16
them is less,1.3248950547772864e-16
them is,1.3248950547772864e-16
holly suggesting,1.3248950547772864e-16
holly suggesting that,1.3248950547772864e-16
holly so the,1.3248950547772864e-16
so the distance,1.3248950547772864e-16
suggesting that mary,1.3248950547772864e-16
between them is,1.3248950547772864e-16
than holly so,1.3248950547772864e-16
the earth,1.3227266504323154e-16
longer distance the,1.3189319428286161e-16
resistance allowing the,1.3167635384836451e-16
actually the opposite,1.3145951341386741e-16
answer is as,1.3108004265349749e-16
more quickly in,1.3075478200175183e-16
therefore the green,1.3074122947459577e-16
gravity is,1.3032110113275763e-16
prone to,1.3010426069826053e-16
pushes it across,1.2967057982926633e-16
pushes it,1.2967057982926633e-16
asks which surface,1.2956215961201778e-16
milo,1.2923689896027213e-16
wire and the,1.2912847874302358e-16
the wire and,1.2912847874302358e-16
wire and,1.2912847874302358e-16
between the wire,1.2912847874302358e-16
of friction between,1.2880321809127793e-16
light was closer,1.2836953722228372e-16
fact that people,1.2836953722228372e-16
generated however the,1.2836953722228372e-16
being generated however,1.2836953722228372e-16
generated however,1.2836953722228372e-16
the wire too,1.2836953722228372e-16
misconception that there,1.2836953722228372e-16
wire too,1.2836953722228372e-16
about the length,1.2836953722228372e-16
when snipping is,1.2836953722228372e-16
friction being generated,1.2836953722228372e-16
snipping is,1.2836953722228372e-16
often cut the,1.2836953722228372e-16
cut the wire,1.2836953722228372e-16
people often,1.2836953722228372e-16
cut the,1.2836953722228372e-16
friction being,1.2836953722228372e-16
deduced that,1.2836953722228372e-16
deduced that there,1.2836953722228372e-16
more friction being,1.2836953722228372e-16
wire too short,1.2836953722228372e-16
short resulting in,1.2836953722228372e-16
often cut,1.2836953722228372e-16
snipping is due,1.2836953722228372e-16
short resulting,1.2836953722228372e-16
short,1.2836953722228372e-16
often,1.2836953722228372e-16
too short resulting,1.2836953722228372e-16
too short,1.2836953722228372e-16
that people,1.2836953722228372e-16
be deduced that,1.2836953722228372e-16
cut,1.2836953722228372e-16
that people often,1.2836953722228372e-16
too,1.2836953722228372e-16
that the right,1.2836953722228372e-16
people often cut,1.2836953722228372e-16
friction when tom,1.2836953722228372e-16
product of,1.2771901591879242e-16
in more friction,1.2771901591879242e-16
product,1.2771901591879242e-16
quickly therefore the,1.2766480581016815e-16
who was,1.2706849461530112e-16
dog who was,1.2706849461530112e-16
likely that,1.2663481374630692e-16
the gravitational,1.2663481374630692e-16
the gravitational force,1.2663481374630692e-16
requires,1.2614692276868844e-16
can,1.2576745200831851e-16
force between two,1.2576745200831851e-16
should have,1.2549640146519714e-16
question should have,1.2549640146519714e-16
ball greater distance,1.253879812479486e-16
ball greater,1.253879812479486e-16
the ball greater,1.253879812479486e-16
to stop,1.2519824586776362e-16
floor is the,1.2500851048757866e-16
level not the,1.2500851048757866e-16
level not,1.2500851048757866e-16
floor that will,1.2500851048757866e-16
answer the increased,1.2500851048757866e-16
that will cause,1.2500851048757866e-16
floor that,1.2500851048757866e-16
that will allow,1.2500851048757866e-16
one that will,1.2500851048757866e-16
the floor that,1.2500851048757866e-16
for the floor,1.2500851048757866e-16
higher level not,1.2500851048757866e-16
bunny the,1.249000902703301e-16
path indicating,1.2473745994445729e-16
path indicating that,1.2473745994445729e-16
stronger than,1.247018845606726e-16
faster than,1.244664094013359e-16
cart at,1.2435798918408736e-16
question the,1.2435798918408736e-16
the question the,1.2435798918408736e-16
rate,1.2435798918408736e-16
rate of,1.2435798918408736e-16
rate of speed,1.2435798918408736e-16
the softball stopped,1.2334832591096023e-16
softball stopped,1.2334832591096023e-16
mona,1.231653667943533e-16
it easier to,1.2289431625123193e-16
found it,1.2289431625123193e-16
found,1.2289431625123193e-16
found it easier,1.2289431625123193e-16
to navigate indicating,1.227316859253591e-16
navigate indicating that,1.227316859253591e-16
navigate indicating,1.227316859253591e-16
or resistance,1.2264359449884465e-16
friction or,1.2264359449884465e-16
friction or resistance,1.2264359449884465e-16
the lake,1.222980050563649e-16
lake,1.222980050563649e-16
towing,1.220811646218678e-16
the question indicates,1.220235663814545e-16
question indicates that,1.220235663814545e-16
question indicates,1.220235663814545e-16
environments and since,1.2197274440461925e-16
therefore the boat,1.2197274440461925e-16
environments and,1.2197274440461925e-16
would be forced,1.2197274440461925e-16
environments,1.2197274440461925e-16
katie boat was,1.2197274440461925e-16
in one,1.2197274440461925e-16
in one of,1.2197274440461925e-16
was forced to,1.2197274440461925e-16
was forced,1.2197274440461925e-16
be forced to,1.2197274440461925e-16
the boat would,1.2197274440461925e-16
boat was forced,1.2197274440461925e-16
states that katie,1.2197274440461925e-16
not the ocean,1.2197274440461925e-16
quickly in one,1.2197274440461925e-16
one of,1.2197274440461925e-16
one of the,1.2197274440461925e-16
boat would be,1.2197274440461925e-16
boat would,1.2197274440461925e-16
that katie,1.2197274440461925e-16
boat was,1.2197274440461925e-16
the boat,1.2197274440461925e-16
of the environments,1.2197274440461925e-16
creek not,1.2197274440461925e-16
the environments and,1.2197274440461925e-16
the environments,1.2197274440461925e-16
the creek not,1.2197274440461925e-16
creek not the,1.2197274440461925e-16
be forced,1.2197274440461925e-16
that katie boat,1.2197274440461925e-16
pull therefore the,1.216474837528736e-16
is more likely,1.214306433183765e-16
that the question,1.209969624493823e-16
phrasing error,1.207801220148852e-16
thus the,1.201296007113939e-16
interpreted,1.199127602768968e-16
incorrectly,1.194790794079026e-16
answer the reason,1.1942486929927831e-16
gravity,1.1915381875615694e-16
first thus,1.1909960864753266e-16
if they,1.1909960864753266e-16
floor first thus,1.1909960864753266e-16
the surface of,1.1909960864753266e-16
floor first,1.1909960864753266e-16
about the surface,1.1909960864753266e-16
were to think,1.1909960864753266e-16
think about the,1.1909960864753266e-16
first thus the,1.1909960864753266e-16
think about,1.1909960864753266e-16
the floor first,1.1909960864753266e-16
think,1.1909960864753266e-16
they were to,1.1909960864753266e-16
to think,1.1909960864753266e-16
to think about,1.1909960864753266e-16
if they were,1.1909960864753266e-16
were to,1.1909960864753266e-16
expect if they,1.1909960864753266e-16
ball is more,1.189911884302841e-16
of ball is,1.189911884302841e-16
lower mass and,1.189911884302841e-16
that the baseball,1.189911884302841e-16
likely to float,1.189911884302841e-16
generally,1.1882855810441129e-16
sound quieter,1.1861171766991419e-16
sound quieter to,1.1861171766991419e-16
question phrasing error,1.1839487723541708e-16
two surfaces,1.1817803680091998e-16
that the green,1.1783922362201826e-16
force of friction,1.1733778011724372e-16
was less bright,1.1709383462843448e-16
left was less,1.1709383462843448e-16
speed up,1.1698541441118593e-16
ball is,1.1684988913962524e-16
earthnanotechnology allows,1.1666015375944028e-16
earthnanotechnology allows for,1.1666015375944028e-16
than the earthnanotechnology,1.1666015375944028e-16
the earthnanotechnology,1.1666015375944028e-16
the earthnanotechnology allows,1.1666015375944028e-16
earthnanotechnology,1.1666015375944028e-16
shorter distance,1.1644331332494318e-16
pedal her,1.1600963245594897e-16
bike and move,1.1600963245594897e-16
bike and,1.1600963245594897e-16
pedal her bike,1.1600963245594897e-16
to pedal her,1.1600963245594897e-16
misconception that,1.1557595158695477e-16
common misconception that,1.1557595158695477e-16
bike to move,1.1557595158695477e-16
sweating,1.1535911115245767e-16
on the,1.1535911115245767e-16
is sweating,1.1535911115245767e-16
less effort,1.1506095555502416e-16
its hind legs,1.15030462368923e-16
its hind,1.15030462368923e-16
steeper than,1.15030462368923e-16
legs,1.15030462368923e-16
steeper than the,1.15030462368923e-16
that the flat,1.15030462368923e-16
use its hind,1.15030462368923e-16
opposite of smooth,1.15030462368923e-16
it is rougher,1.15030462368923e-16
to help,1.15030462368923e-16
legs to,1.15030462368923e-16
to help it,1.15030462368923e-16
is rougher or,1.15030462368923e-16
the caboose may,1.15030462368923e-16
to use its,1.15030462368923e-16
of smooth,1.15030462368923e-16
caboose may,1.15030462368923e-16
caboose may need,1.15030462368923e-16
or steeper than,1.15030462368923e-16
use its,1.15030462368923e-16
to use,1.15030462368923e-16
legs to help,1.15030462368923e-16
more resistance making,1.1492543028346347e-16
for her,1.1481701006621492e-16
to the tennis,1.1481701006621492e-16
would cause,1.1470858984896637e-16
store on,1.1449174941446927e-16
store on the,1.1449174941446927e-16
the store on,1.1449174941446927e-16
store,1.1449174941446927e-16
the store,1.1449174941446927e-16
smooth path indicating,1.1446464436015713e-16
can go much,1.1446464436015713e-16
not necessarily,1.1438332919722072e-16
jane to,1.1375991294804155e-16
learned,1.1324491691611094e-16
strength of,1.126486057212439e-16
reached,1.1237755517812253e-16
reached the,1.1237755517812253e-16
that of,1.1210650463500116e-16
resulting in more,1.1188966420050406e-16
states for the,1.1140177322288558e-16
states for,1.1118493278838848e-16
not be,1.1102230246251565e-16
brick will,1.1102230246251565e-16
the brick,1.1102230246251565e-16
hard surface,1.1102230246251565e-16
the length,1.1102230246251565e-16
the brick will,1.1102230246251565e-16
less throwing strength,1.1061572664783359e-16
throwing strength,1.1061572664783359e-16
less throwing,1.1061572664783359e-16
the motorcycle goes,1.1060757395571627e-16
racetrack indicating that,1.1060757395571627e-16
motorcycle goes,1.1060757395571627e-16
sandbox,1.1060757395571627e-16
the racetrack indicating,1.1060757395571627e-16
racetrack allowing,1.1060757395571627e-16
freely and quickly,1.1060757395571627e-16
racetrack indicating,1.1060757395571627e-16
true the correct,1.1060757395571627e-16
motorcycle goes faster,1.1060757395571627e-16
racetrack allowing the,1.1060757395571627e-16
what the statement,1.10494150950123e-16
to the fact,1.1015494072452725e-16
shorter,1.0991099523571801e-16
it can,1.0972125985553305e-16
the increased,1.087454779002961e-16
this means that,1.0847442735717472e-16
this means,1.0847442735717472e-16
mass to,1.0843376977570651e-16
to move allowing,1.0843376977570651e-16
of weight,1.0843376977570651e-16
of weight in,1.0843376977570651e-16
mass to move,1.0843376977570651e-16
load has less,1.0843376977570651e-16
less mass to,1.0843376977570651e-16
load requires,1.0843376977570651e-16
move allowing,1.0843376977570651e-16
move allowing it,1.0843376977570651e-16
load has,1.0843376977570651e-16
terms of weight,1.0843376977570651e-16
error is result,1.0843376977570651e-16
lighter load has,1.0843376977570651e-16
weight in reality,1.0843376977570651e-16
milo is,1.0798653637955624e-16
shopping cart at,1.0776969594505914e-16
cart at lower,1.0776969594505914e-16
at lower rate,1.0776969594505914e-16
at lower,1.0776969594505914e-16
lower rate of,1.0776969594505914e-16
lower rate,1.0776969594505914e-16
bunny therefore,1.0711917464156784e-16
bunny therefore the,1.0711917464156784e-16
weaker than holly,1.0690233420707074e-16
mary is weaker,1.0690233420707074e-16
indicating that,1.0668549377257364e-16
indicating,1.0668549377257364e-16
green rug is,1.064415482837644e-16
yellow rug therefore,1.064415482837644e-16
than the yellow,1.064415482837644e-16
flat ground is,1.0608918257770661e-16
hill therefore,1.0608918257770661e-16
ground is,1.0608918257770661e-16
ground is smoother,1.0608918257770661e-16
steep hill therefore,1.0608918257770661e-16
not which,1.0598076236045806e-16
what one would,1.0592655225183378e-16
would expect if,1.0592655225183378e-16
would expect,1.0592655225183378e-16
one would,1.0592655225183378e-16
one would expect,1.0592655225183378e-16
the planet,1.0581813203458523e-16
it can not,1.0581813203458523e-16
to its lower,1.0570971181733668e-16
its lower mass,1.0570971181733668e-16
its lower,1.0570971181733668e-16
therefore the blue,1.0538445116559103e-16
jane can,1.0519471578540607e-16
phrasing is the,1.0519471578540607e-16
phrasing is,1.0519471578540607e-16
the increased friction,1.0511340062246965e-16
speed up faster,1.0462550964485118e-16
since the creek,1.0462550964485118e-16
be easier for,1.0462550964485118e-16
ocean it would,1.0462550964485118e-16
for her boat,1.0462550964485118e-16
ocean the answer,1.0462550964485118e-16
easier for her,1.0462550964485118e-16
would be easier,1.0462550964485118e-16
up faster,1.0462550964485118e-16
this is why,1.0390722570557953e-16
where the,1.0354130747236567e-16
prone,1.0321604682062002e-16
opposite which,1.0293144375034258e-16
opposite which is,1.0293144375034258e-16
the opposite which,1.0293144375034258e-16
to the sun,1.0290433869603044e-16
the incorrect phrasing,1.028365760602501e-16
incorrect phrasing of,1.028365760602501e-16
phrasing of,1.028365760602501e-16
incorrect phrasing,1.028365760602501e-16
phrasing of the,1.028365760602501e-16
less bright than,1.0267394573437727e-16
light however,1.0267394573437727e-16
light however the,1.0267394573437727e-16
bright than,1.0267394573437727e-16
bright than the,1.0267394573437727e-16
seems,1.0245710529988017e-16
in the creek,1.0224026486538307e-16
it is likely,1.0191500421363742e-16
that he,1.0191500421363742e-16
is likely that,1.0191500421363742e-16
for the bike,1.0158974356189177e-16
favorable power,1.0148132334464322e-16
in the blue,1.0148132334464322e-16
favorable,1.0148132334464322e-16
the lake before,1.0148132334464322e-16
is lighter,1.0148132334464322e-16
lake before the,1.0148132334464322e-16
lake before,1.0148132334464322e-16
power,1.0148132334464322e-16
before,1.0148132334464322e-16
before the,1.0148132334464322e-16
is more resistance,1.014000081817068e-16
that mica,1.0137290312739466e-16
of the snipped,1.0126448291014611e-16
snipped wire so,1.0126448291014611e-16
wire so it,1.0126448291014611e-16
wire so,1.0126448291014611e-16
is the common,1.0126448291014611e-16
twisted it therefore,1.0126448291014611e-16
making the answer,1.0110185258427329e-16
and since,1.0083080204115191e-16
floor will cause,1.0023449084628488e-16
level however the,1.0023449084628488e-16
level however,1.0023449084628488e-16
higher level however,1.0023449084628488e-16
distance on,1.0018028073766061e-16
distance on the,1.0018028073766061e-16
state that the,9.996344030316351e-17
sheet it,9.990923019453923e-17
sheet it will,9.990923019453923e-17
and since the,9.974659986866641e-17
more mass,9.974659986866641e-17
thrown,9.952975943416931e-17
that the caboose,9.93129189996722e-17
has less mass,9.925870889104793e-17
red rug is,9.901476340223869e-17
friction therefore the,9.86623976961809e-17
of neptune,9.84455572616838e-17
on mars,9.84455572616838e-17
of mars,9.84455572616838e-17
reduced,9.841167594379363e-17
less mass,9.833713704443525e-17
less friction or,9.808641529204798e-17
because the gravitational,9.80118763926896e-17
than the earth,9.75781955236954e-17
hill is easier,9.752398541507112e-17
easier to navigate,9.752398541507112e-17
will result,9.741556519782257e-17
will result in,9.741556519782257e-17
caboose to move,9.730714498057402e-17
caboose to,9.730714498057402e-17
the caboose to,9.730714498057402e-17
less friction on,9.703609443745265e-17
that the force,9.69276742202041e-17
has no load,9.64939933512099e-17
question states the,9.64939933512099e-17
products,9.64939933512099e-17
truck has no,9.64939933512099e-17
load of products,9.64939933512099e-17
load of,9.64939933512099e-17
has no,9.64939933512099e-17
of products,9.64939933512099e-17
skate on the,9.638557313396134e-17
allowing the ball,9.627715291671279e-17
compared to the,9.627715291671279e-17
experience,9.627715291671279e-17
andy was closer,9.600610237359142e-17
stronger than that,9.562663161322149e-17
brick will fall,9.540979117872439e-17
was as bright,9.530137096147584e-17
bright as the,9.530137096147584e-17
as bright as,9.530137096147584e-17
as bright,9.530137096147584e-17
was as,9.530137096147584e-17
bright as,9.530137096147584e-17
when lydia pushes,9.524716085285156e-17
when lydia,9.524716085285156e-17
lydia pushes,9.524716085285156e-17
make it across,9.497611030973019e-17
asking which,9.465084965798454e-17
tennis ball this,9.465084965798454e-17
asking which type,9.465084965798454e-17
therefore the baseball,9.465084965798454e-17
if the question,9.465084965798454e-17
longer due,9.465084965798454e-17
and lower,9.465084965798454e-17
of ball it,9.465084965798454e-17
the baseball ball,9.465084965798454e-17
is asking which,9.465084965798454e-17
which type,9.465084965798454e-17
longer if,9.465084965798454e-17
float longer if,9.465084965798454e-17
float longer due,9.465084965798454e-17
longer due to,9.465084965798454e-17
mass and lower,9.465084965798454e-17
ball it,9.465084965798454e-17
higher mass,9.465084965798454e-17
ball it is,9.465084965798454e-17
longer if the,9.465084965798454e-17
ball this is,9.465084965798454e-17
baseball ball,9.465084965798454e-17
which type of,9.465084965798454e-17
the bike to,9.443400922348744e-17
bike to,9.443400922348744e-17
based on,9.389190813724468e-17
based,9.389190813724468e-17
than that of,9.367506770274758e-17
the muddy path,9.324138683375338e-17
muddy path,9.324138683375338e-17
bunny is,9.280770596475918e-17
the kumquat,9.280770596475918e-17
kumquat,9.280770596475918e-17
truck has,9.26925094839326e-17
green truck has,9.26925094839326e-17
on the old,9.259086553026208e-17
is greater,9.147955830346444e-17
not because the,9.14524532491523e-17
actually not because,9.14524532491523e-17
not because,9.14524532491523e-17
resistance allowing,9.142534819484016e-17
less resistance allowing,9.142534819484016e-17
will fall,9.128982292327947e-17
would result,9.107298248878237e-17
would result in,9.107298248878237e-17
hardwood floors this,9.091035216290955e-17
floors this is,9.091035216290955e-17
floors this,9.091035216290955e-17
ball will,9.088324710859741e-17
fastest,9.085614205428527e-17
suggests that there,9.063930161978817e-17
than holly,9.031404096804252e-17
skate in the,9.023272580510611e-17
skate in,9.023272580510611e-17
to skate in,9.023272580510611e-17
length of the,8.998878031629687e-17
the length of,8.998878031629687e-17
length of,8.998878031629687e-17
requires more,8.950088933867839e-17
to speed up,8.950088933867839e-17
resistance making it,8.933825901280557e-17
question is asking,8.922983879555701e-17
asking,8.922983879555701e-17
is asking,8.922983879555701e-17
information given,8.814563662307151e-17
the information given,8.814563662307151e-17
push the,8.803721640582296e-17
information given in,8.795590124288655e-17
given in the,8.795590124288655e-17
question the question,8.795590124288655e-17
given in,8.795590124288655e-17
wire were,8.782037597132586e-17
mercury because,8.782037597132586e-17
on their masses,8.782037597132586e-17
between todd and,8.782037597132586e-17
between todd,8.782037597132586e-17
friction between todd,8.782037597132586e-17
on their,8.782037597132586e-17
hotter when,8.782037597132586e-17
on mercury because,8.782037597132586e-17
mercury because the,8.782037597132586e-17
of the wire,8.782037597132586e-17
occur,8.782037597132586e-17
ends of,8.782037597132586e-17
masses therefore,8.782037597132586e-17
likely to occur,8.782037597132586e-17
the wire were,8.782037597132586e-17
their masses therefore,8.782037597132586e-17
todd and the,8.782037597132586e-17
todd and,8.782037597132586e-17
the ends of,8.782037597132586e-17
to occur on,8.782037597132586e-17
to occur,8.782037597132586e-17
that the ends,8.782037597132586e-17
ends of the,8.782037597132586e-17
this is more,8.782037597132586e-17
occur on,8.782037597132586e-17
occur on mercury,8.782037597132586e-17
stop,8.780682344416979e-17
on the information,8.752222037389235e-17
compared to holly,8.738669510233166e-17
and holly,8.738669510233166e-17
between mary,8.738669510233166e-17
to holly,8.738669510233166e-17
between mary and,8.738669510233166e-17
mary and,8.738669510233166e-17
mary and holly,8.738669510233166e-17
mary is likely,8.738669510233166e-17
just,8.738669510233166e-17
sweating less,8.716985466783456e-17
is sweating less,8.716985466783456e-17
lighter and has,8.695301423333746e-17
to weight,8.695301423333746e-17
to weight ratio,8.695301423333746e-17
is lighter and,8.695301423333746e-17
favorable power to,8.695301423333746e-17
weight ratio,8.695301423333746e-17
and has more,8.695301423333746e-17
ratio,8.695301423333746e-17
lighter and,8.695301423333746e-17
more favorable power,8.695301423333746e-17
more favorable,8.695301423333746e-17
power to,8.695301423333746e-17
power to weight,8.695301423333746e-17
has more favorable,8.695301423333746e-17
is stronger,8.64109131470947e-17
the distance,8.630249292984615e-17
of the two,8.630249292984615e-17
there was more,8.608565249534905e-17
lower friction,8.559776151773058e-17
the lower,8.559776151773058e-17
that the outfield,8.55435514091063e-17
reached the outfield,8.55435514091063e-17
that the softball,8.55435514091063e-17
it reached the,8.55435514091063e-17
it reached,8.55435514091063e-17
longer amount,8.543513119185775e-17
skateboard for,8.543513119185775e-17
skateboard for longer,8.543513119185775e-17
longer amount of,8.543513119185775e-17
for longer amount,8.543513119185775e-17
andy would have,8.521829075736065e-17
right one,8.521829075736065e-17
been closer,8.521829075736065e-17
the right one,8.521829075736065e-17
lights so this,8.521829075736065e-17
lights so,8.521829075736065e-17
andy would,8.521829075736065e-17
therefore andy,8.521829075736065e-17
been closer to,8.521829075736065e-17
street lights so,8.521829075736065e-17
therefore andy would,8.521829075736065e-17
have been closer,8.521829075736065e-17
it easier for,8.513697559442424e-17
mica found it,8.42425088021237e-17
mica found,8.42425088021237e-17
misleading answer,8.420185122065549e-17
to misleading,8.420185122065549e-17
sun gravity is,8.413408858487514e-17
hotter,8.413408858487514e-17
sun gravity,8.413408858487514e-17
the sun gravity,8.413408858487514e-17
is dependent,8.391724815037804e-17
dependent,8.391724815037804e-17
it slower,8.386303804175377e-17
making it slower,8.386303804175377e-17
throw the ball,8.370040771588094e-17
resistance making,8.348356728138384e-17
ball this,8.337514706413529e-17
mars is less,8.299567630376536e-17
mars is,8.299567630376536e-17
of mars is,8.299567630376536e-17
mass of mars,8.299567630376536e-17
mass of neptune,8.299567630376536e-17
than the mass,8.299567630376536e-17
of the infield,8.288725608651681e-17
not the,8.250778532614689e-17
smoother surface of,8.239936510889834e-17
whereas the smoother,8.239936510889834e-17
be easier,8.229094489164979e-17
speed over the,8.223673478302551e-17
over the old,8.223673478302551e-17
speed over,8.223673478302551e-17
of speed over,8.223673478302551e-17
second question phrasing,8.21554196200891e-17
hard,8.207410445715269e-17
in contrast the,8.196568423990414e-17
should,8.153200337090993e-17
therefore the red,8.122029524632035e-17
lake first,8.109832250191573e-17
quieter to,8.109832250191573e-17
the lake first,8.109832250191573e-17
the basement indicating,8.069174668723367e-17
across the cotton,8.066464163292153e-17
mercury as,8.047490625273657e-17
it will be,8.044780119842443e-17
example may have,8.033938098117588e-17
example may,8.033938098117588e-17
faster with,8.027839460897357e-17
faster with less,8.027839460897357e-17
effort on the,8.027839460897357e-17
effort on,8.027839460897357e-17
with less effort,8.027839460897357e-17
less effort on,8.027839460897357e-17
likely to throw,8.008527109699959e-17
it was twisted,8.001412032943023e-17
twisted on,8.001412032943023e-17
surface it was,8.001412032943023e-17
was twisted on,8.001412032943023e-17
was twisted,8.001412032943023e-17
answer is the,7.979727989493313e-17
push,7.979727989493313e-17
weaker than the,7.977017484062099e-17
weaker which,7.977017484062099e-17
therefore the year,7.977017484062099e-17
adult which implies,7.977017484062099e-17
the adult which,7.977017484062099e-17
weaker which implies,7.977017484062099e-17
than the adult,7.977017484062099e-17
adult which,7.977017484062099e-17
is weaker which,7.977017484062099e-17
distance the answer,7.977017484062099e-17
mentions that the,7.936359902593892e-17
fall,7.914675859144182e-17
faster on,7.882149793969617e-17
that mary less,7.868597266813548e-17
throwing strength will,7.868597266813548e-17
strength will,7.868597266813548e-17
between two surfaces,7.849623728795052e-17
she pushes it,7.849623728795052e-17
surfaces is,7.849623728795052e-17
silk sheet it,7.849623728795052e-17
surfaces is directly,7.849623728795052e-17
friction between two,7.849623728795052e-17
two surfaces is,7.849623728795052e-17
greater distance on,7.849623728795052e-17
will travel greater,7.849623728795052e-17
when she pushes,7.849623728795052e-17
she pushes,7.849623728795052e-17
than when she,7.849623728795052e-17
her boat,7.838781707070197e-17
ocean it,7.838781707070197e-17
the ocean it,7.838781707070197e-17
ocean the,7.838781707070197e-17
the ocean the,7.838781707070197e-17
her boat to,7.838781707070197e-17
has smaller,7.827939685345342e-17
this is likely,7.795413620170777e-17
and has,7.762887554996212e-17
on the paved,7.734858705375975e-17
the paved surface,7.734858705375975e-17
common mistake,7.730361489821647e-17
common mistake in,7.730361489821647e-17
mistake in,7.730361489821647e-17
mistake,7.730361489821647e-17
which will,7.676151381197371e-17
push the shopping,7.638204305160379e-17
the surface it,7.632783294297951e-17
surface it,7.632783294297951e-17
fall more,7.632783294297951e-17
therefore the matte,7.616520261710669e-17
matte floor is,7.616520261710669e-17
greater than,7.6029677345546e-17
between mass,7.600257229123386e-17
between mass and,7.600257229123386e-17
more freely and,7.546047120499111e-17
is why,7.546047120499111e-17
weaker gravitational pull,7.546047120499111e-17
freely and,7.546047120499111e-17
it therefore the,7.524363077049401e-17
falling,7.519619692544777e-17
falling brick,7.519619692544777e-17
is greater than,7.495902770021656e-17
part,7.478284484718767e-17
the second,7.475573979287553e-17
boat made it,7.45931094670027e-17
boat made,7.45931094670027e-17
asks which boat,7.45931094670027e-17
would likely make,7.45931094670027e-17
error is the,7.45931094670027e-17
weight ratio compared,7.45931094670027e-17
the incorrect answer,7.45931094670027e-17
ratio compared to,7.45931094670027e-17
ratio compared,7.45931094670027e-17
sailboat is lighter,7.45931094670027e-17
which boat,7.45931094670027e-17
likely make it,7.45931094670027e-17
which boat made,7.45931094670027e-17
likely make,7.45931094670027e-17
right was,7.443047914112988e-17
person on,7.443047914112988e-17
the right was,7.443047914112988e-17
was more bright,7.443047914112988e-17
person on the,7.443047914112988e-17
that light,7.443047914112988e-17
the person on,7.443047914112988e-17
right was more,7.443047914112988e-17
also mentions,7.410521848938423e-17
also mentions that,7.410521848938423e-17
indicating that mary,7.39425881635114e-17
as holly indicating,7.39425881635114e-17
holly indicating,7.39425881635114e-17
holly indicating that,7.39425881635114e-17
was able to,7.388837805488713e-17
was able,7.388837805488713e-17
skate on this,7.388837805488713e-17
phrasing incorrectly,7.373570036614454e-17
incorrectly interpreted,7.373570036614454e-17
the sandbox,7.373570036614454e-17
phrasing incorrectly interpreted,7.373570036614454e-17
racetrack compared,7.373570036614454e-17
sandbox which,7.373570036614454e-17
question phrasing is,7.373570036614454e-17
question phrasing incorrectly,7.373570036614454e-17
the racetrack allowing,7.373570036614454e-17
racetrack compared to,7.373570036614454e-17
the racetrack compared,7.373570036614454e-17
seems to,7.359022245745361e-17
the statement,7.348180224020506e-17
path compared,7.340048707726865e-17
path compared to,7.340048707726865e-17
to the pebbled,7.338693455011258e-17
states the opposite,7.3075226425523e-17
context,7.302101631689872e-17
slower therefore,7.277368269630047e-17
hardwood floors,7.274996577377735e-17
floors,7.274996577377735e-17
mica to,7.274996577377735e-17
the bike,7.26415455565288e-17
fin_label the,7.24247051220317e-17
fin_label the answer,7.24247051220317e-17
as there,7.237049501340742e-17
is dependent on,7.22078646875346e-17
dependent on their,7.22078646875346e-17
dependent on,7.22078646875346e-17
planet has,7.22078646875346e-17
objects is dependent,7.22078646875346e-17
because the planet,7.22078646875346e-17
the planet has,7.22078646875346e-17
masses therefore todd,7.22078646875346e-17
is why the,7.19910242530375e-17
earth has,7.188260403578894e-17
will feel more,7.188260403578894e-17
feel more,7.188260403578894e-17
feel more gravitational,7.188260403578894e-17
comparison,7.150313327541902e-17
being able,7.137438426743636e-17
blue truck being,7.137438426743636e-17
being able to,7.137438426743636e-17
requires more effort,7.137438426743636e-17
truck being,7.137438426743636e-17
truck being able,7.137438426743636e-17
load requires more,7.137438426743636e-17
to accelerate resulting,7.137438426743636e-17
the context,7.131678602702307e-17
of the earth,7.123208273229764e-17
that of the,7.123208273229764e-17
ball will float,7.101524229780054e-17
lower friction compared,7.101524229780054e-17
the higher mass,7.101524229780054e-17
the higher,7.101524229780054e-17
longer whereas,7.101524229780054e-17
of ball will,7.101524229780054e-17
baseball ball would,7.101524229780054e-17
whereas the higher,7.101524229780054e-17
longer whereas the,7.101524229780054e-17
lower mass of,7.101524229780054e-17
of the baseball,7.101524229780054e-17
and acceleration the,7.101524229780054e-17
of the tennis,7.101524229780054e-17
to float shorter,7.101524229780054e-17
tennis ball would,7.101524229780054e-17
float shorter,7.101524229780054e-17
inertia causing,7.101524229780054e-17
inertia causing it,7.101524229780054e-17
will float,7.101524229780054e-17
will float longer,7.101524229780054e-17
inertia allowing,7.101524229780054e-17
the lower mass,7.101524229780054e-17
in less inertia,7.101524229780054e-17
inertia allowing it,7.101524229780054e-17
more inertia,7.101524229780054e-17
less inertia,7.101524229780054e-17
less inertia allowing,7.101524229780054e-17
more inertia causing,7.101524229780054e-17
in more inertia,7.101524229780054e-17
float longer whereas,7.101524229780054e-17
acceleration the,7.101524229780054e-17
acceleration the lower,7.101524229780054e-17
and lower friction,7.101524229780054e-17
higher mass of,7.101524229780054e-17
float shorter distance,7.101524229780054e-17
making it easier,7.09881372434884e-17
planet,7.090682208055199e-17
mass causes,7.087971702623985e-17
distance it,7.07712968089913e-17
slower pace than,7.068998164605489e-17
slower pace,7.068998164605489e-17
moving at faster,7.068998164605489e-17
is just,7.068998164605489e-17
black bunny therefore,7.068998164605489e-17
than the black,7.068998164605489e-17
is just moving,7.068998164605489e-17
at faster,7.068998164605489e-17
bunny which,7.068998164605489e-17
faster pace,7.068998164605489e-17
at faster pace,7.068998164605489e-17
white bunny which,7.068998164605489e-17
is moving at,7.068998164605489e-17
at slower,7.068998164605489e-17
bunny is just,7.068998164605489e-17
just moving at,7.068998164605489e-17
moving at slower,7.068998164605489e-17
bunny is moving,7.068998164605489e-17
bunny the answer,7.068998164605489e-17
bunny the white,7.068998164605489e-17
at slower pace,7.068998164605489e-17
faster pace than,7.068998164605489e-17
just moving,7.068998164605489e-17
tile floor this,7.014788055981214e-17
that the toy,7.003946034256359e-17
toy is,7.003946034256359e-17
the toy is,7.003946034256359e-17
it down and,6.971419969081794e-17
should be,6.933472893044801e-17
will fall the,6.930254167845235e-17
the fastest,6.930254167845235e-17
the fastest on,6.930254167845235e-17
it would be,6.90772309144827e-17
floor which,6.879262784420526e-17
basement,6.852157730108388e-17
the basement,6.852157730108388e-17
earth which,6.841315708383533e-17
floor this,6.830473686658678e-17
that the mass,6.783039841612437e-17
paved surface,6.774230698960992e-17
is much,6.768132061740761e-17
light,6.765421556309548e-17
this resistance,6.738994128355213e-17
floor however,6.732895491134983e-17
therefore the sun,6.732895491134983e-17
floor however the,6.732895491134983e-17
part of,6.713921953116486e-17
muddy path has,6.700369425960417e-17
path has more,6.700369425960417e-17
therefore the muddy,6.700369425960417e-17
the kumquat has,6.689527404235562e-17
kumquat has less,6.689527404235562e-17
kumquat has,6.689527404235562e-17
easier movement,6.678685382510707e-17
so it can,6.657001339060997e-17
which would cause,6.634300856074582e-17
bicycle and move,6.629957165241944e-17
of the sentence,6.629957165241944e-17
sentence,6.629957165241944e-17
move quickly,6.629957165241944e-17
the sentence which,6.629957165241944e-17
bicycle and,6.629957165241944e-17
the sentence,6.629957165241944e-17
part of the,6.629957165241944e-17
his bicycle and,6.629957165241944e-17
and move quickly,6.629957165241944e-17
easier for terry,6.629957165241944e-17
pedal his bicycle,6.629957165241944e-17
sentence which states,6.629957165241944e-17
pedal his,6.629957165241944e-17
for terry to,6.629957165241944e-17
for terry,6.629957165241944e-17
terry to,6.629957165241944e-17
terry to pedal,6.629957165241944e-17
sentence which,6.629957165241944e-17
his bicycle,6.629957165241944e-17
to pedal his,6.629957165241944e-17
misleading,6.559423143537302e-17
logical,6.505213034913027e-17
means it,6.461844948013606e-17
their,6.440160904563896e-17
street light and,6.418476861114186e-17
and therefore andy,6.418476861114186e-17
light additionally,6.418476861114186e-17
one which,6.418476861114186e-17
of andy and,6.418476861114186e-17
of andy,6.418476861114186e-17
and the right,6.418476861114186e-17
street light additionally,6.418476861114186e-17
as the right,6.418476861114186e-17
one which suggests,6.418476861114186e-17
than the left,6.418476861114186e-17
have been less,6.418476861114186e-17
street light however,6.418476861114186e-17
to the right,6.418476861114186e-17
light was as,6.418476861114186e-17
andy and the,6.418476861114186e-17
to andy therefore,6.418476861114186e-17
that the left,6.418476861114186e-17
andy therefore it,6.418476861114186e-17
andy therefore,6.418476861114186e-17
andy as it,6.418476861114186e-17
distance of andy,6.418476861114186e-17
faster,6.418476861114186e-17
right one which,6.418476861114186e-17
andy and,6.418476861114186e-17
been less,6.418476861114186e-17
light and,6.418476861114186e-17
light additionally the,6.418476861114186e-17
as it would,6.418476861114186e-17
been less bright,6.418476861114186e-17
light and therefore,6.418476861114186e-17
answer this,6.388661301370835e-17
is towing,6.353424730765056e-17
speed and,6.353424730765056e-17
therefore the brick,6.353424730765056e-17
is stronger than,6.337161698177773e-17
friction generated between,6.310056643865636e-17
generated between the,6.310056643865636e-17
generated between,6.310056643865636e-17
friction generated,6.310056643865636e-17
states that surfboard,6.303280380287601e-17
gravity is stronger,6.266688556966216e-17
eventually,6.259912293388181e-17
because the ball,6.259912293388181e-17
and eventually,6.259912293388181e-17
caused less friction,6.25584653524136e-17
caused less,6.25584653524136e-17
easier to,6.250425524378933e-17
were hotter when,6.23416249179165e-17
it which suggests,6.23416249179165e-17
it which,6.23416249179165e-17
wire were hotter,6.23416249179165e-17
were hotter,6.23416249179165e-17
hotter when tom,6.23416249179165e-17
twisted it which,6.23416249179165e-17
longer than typically,6.223320470066795e-17
friend,6.223320470066795e-17
than typically,6.223320470066795e-17
seems to float,6.223320470066795e-17
amount of friction,6.223320470066795e-17
longer than,6.223320470066795e-17
ball seems,6.223320470066795e-17
float longer than,6.223320470066795e-17
ball seems to,6.223320470066795e-17
the ball seems,6.223320470066795e-17
that milo is,6.201636426617085e-17
mona is,6.201636426617085e-17
milo is sweating,6.201636426617085e-17
than mona,6.201636426617085e-17
that mona,6.201636426617085e-17
that mona is,6.201636426617085e-17
that milo,6.201636426617085e-17
is common misinterpretation,6.177919504093965e-17
the friction between,6.16911036144252e-17
jane can go,6.166399856011306e-17
that jane can,6.166399856011306e-17
can go,6.166399856011306e-17
sweating less than,6.158268339717665e-17
able to throw,6.136584296267955e-17
leads to,6.1257422745431e-17
leads,6.1257422745431e-17
to misleading answer,6.1257422745431e-17
leads to the,6.1257422745431e-17
phrasing correctly leads,6.1257422745431e-17
phrasing correctly,6.1257422745431e-17
correctly leads to,6.1257422745431e-17
led to misleading,6.1257422745431e-17
correctly,6.1257422745431e-17
question phrasing correctly,6.1257422745431e-17
to the correct,6.1257422745431e-17
correctly leads,6.1257422745431e-17
but the second,6.1257422745431e-17
the information,6.098637220230962e-17
resulting in the,6.091860956652928e-17
has much,6.087117572148304e-17
the person while,6.066111155056397e-17
with distance so,6.066111155056397e-17
intensity decreases,6.066111155056397e-17
away sound intensity,6.066111155056397e-17
person while,6.066111155056397e-17
person while the,6.066111155056397e-17
sound intensity decreases,6.066111155056397e-17
away sound,6.066111155056397e-17
intensity decreases with,6.066111155056397e-17
while the dog,6.066111155056397e-17
sound intensity,6.066111155056397e-17
street was farther,6.066111155056397e-17
why the ball,6.041716606175473e-17
true,6.028164079019405e-17
necessarily,6.028164079019405e-17
asks for must,5.99970377199166e-17
for must be,5.99970377199166e-17
for must,5.99970377199166e-17
suggests that andy,5.988861750266805e-17
pushes the,5.963111948670274e-17
people,5.963111948670274e-17
allowed,5.946848916082992e-17
blue rug is,5.945493663367385e-17
based on the,5.941427905220564e-17
dog was,5.933296388926923e-17
resistance is,5.933296388926923e-17
the dog was,5.933296388926923e-17
must be the,5.930585883495709e-17
reality the,5.876375774871434e-17
in reality the,5.876375774871434e-17
second,5.870954764009007e-17
question should be,5.865533753146579e-17
boat the,5.854691731421724e-17
speedboat this suggests,5.854691731421724e-17
to the speedboat,5.854691731421724e-17
the lighter boat,5.854691731421724e-17
first so,5.854691731421724e-17
first so the,5.854691731421724e-17
because the sailboat,5.854691731421724e-17
the speedboat this,5.854691731421724e-17
boat the answer,5.854691731421724e-17
lighter boat the,5.854691731421724e-17
is the lighter,5.854691731421724e-17
speedboat this,5.854691731421724e-17
lighter boat,5.854691731421724e-17
that the speedboat,5.854691731421724e-17
lake first so,5.854691731421724e-17
therefore the opposite,5.854691731421724e-17
before the speedboat,5.854691731421724e-17
that the sun,5.833007687972014e-17
large load of,5.822165666247159e-17
large,5.822165666247159e-17
towing large load,5.822165666247159e-17
towing large,5.822165666247159e-17
large load,5.822165666247159e-17
in the old,5.811323644522304e-17
of mercury,5.789639601072594e-17
mass of mercury,5.789639601072594e-17
frictional,5.784218590210166e-17
would be,5.767955557622884e-17
than on the,5.767955557622884e-17
surface is smoother,5.75152311844615e-17
than flat ground,5.75152311844615e-17
surface is,5.75152311844615e-17
that steep hill,5.75152311844615e-17
that steep,5.75152311844615e-17
resistance than flat,5.75152311844615e-17
than flat,5.75152311844615e-17
than the chandelier,5.735429492448318e-17
suggesting that the,5.732718987017105e-17
be the dresser,5.723232218007857e-17
silk sheet than,5.702903427273753e-17
states that mica,5.702903427273753e-17
so the opposite,5.702903427273753e-17
therefore larry,5.670377362099188e-17
lot which,5.670377362099188e-17
parking lot which,5.670377362099188e-17
allowing for,5.662245845805547e-17
surface allowing,5.662245845805547e-17
surface allowing for,5.662245845805547e-17
smoother surface allowing,5.662245845805547e-17
opposite would,5.631752659704392e-17
the opposite would,5.631752659704392e-17
adult will,5.583641188300348e-17
street where,5.5294310796760726e-17
to infer,5.52470754750615e-17
left to,5.52470754750615e-17
statement actually states,5.52470754750615e-17
statement should,5.52470754750615e-17
statement should actually,5.52470754750615e-17
statement actually,5.52470754750615e-17
should actually state,5.52470754750615e-17
paved surface making,5.52470754750615e-17
should actually,5.52470754750615e-17
actually state but,5.52470754750615e-17
actually states for,5.52470754750615e-17
but the reader,5.52470754750615e-17
actually state,5.52470754750615e-17
left to infer,5.52470754750615e-17
to infer that,5.52470754750615e-17
state but the,5.52470754750615e-17
reader,5.52470754750615e-17
reader is,5.52470754750615e-17
surface making it,5.52470754750615e-17
surface making,5.52470754750615e-17
the statement actually,5.52470754750615e-17
the statement should,5.52470754750615e-17
is left,5.52470754750615e-17
is left to,5.52470754750615e-17
the reader is,5.52470754750615e-17
the reader,5.52470754750615e-17
infer that there,5.52470754750615e-17
move quickly this,5.52470754750615e-17
state but,5.52470754750615e-17
reader is left,5.52470754750615e-17
much faster,5.5185890579512176e-17
clear air,5.4860629927766524e-17
smooth path is,5.479286729198618e-17
smooth path compared,5.479286729198618e-17
path is the,5.479286729198618e-17
path is,5.479286729198618e-17
relationship between mass,5.4047478298402396e-17
than the ocean,5.3939058081153846e-17
therefore the flat,5.388484797252957e-17
question states for,5.3613797429408194e-17
answer this is,5.3478272157847506e-17
to holly therefore,5.345116710353537e-17
therefore the distance,5.345116710353537e-17
result jane,5.345116710353537e-17
result mary,5.345116710353537e-17
result mary is,5.345116710353537e-17
as result mary,5.345116710353537e-17
shorter distance compared,5.345116710353537e-17
as result jane,5.345116710353537e-17
ball shorter,5.345116710353537e-17
ball shorter distance,5.345116710353537e-17
the ball shorter,5.345116710353537e-17
be smaller this,5.334274688628682e-17
be smaller,5.334274688628682e-17
cotton sheet surface,5.334274688628682e-17
will be smaller,5.334274688628682e-17
sheet conversely the,5.334274688628682e-17
sheet surface,5.334274688628682e-17
sheet surface with,5.334274688628682e-17
masses since the,5.334274688628682e-17
silk sheet conversely,5.334274688628682e-17
since the kumquat,5.334274688628682e-17
conversely the cotton,5.334274688628682e-17
sheet conversely,5.334274688628682e-17
why,5.334274688628682e-17
therefore the yellow,5.32207741418822e-17
the black rug,5.32207741418822e-17
the white rug,5.32207741418822e-17
than the green,5.32207741418822e-17
black rug,5.32207741418822e-17
green rug therefore,5.32207741418822e-17
black rug is,5.32207741418822e-17
white rug,5.32207741418822e-17
yellow rug is,5.32207741418822e-17
white rug is,5.32207741418822e-17
parking lot compared,5.3153011506101855e-17
lot compared to,5.3153011506101855e-17
lot compared,5.3153011506101855e-17
the adult being,5.296327612591689e-17
child is likely,5.296327612591689e-17
being stronger,5.296327612591689e-17
being stronger would,5.296327612591689e-17
stronger would be,5.296327612591689e-17
stronger would,5.296327612591689e-17
thrown from,5.296327612591689e-17
even and,5.2909066017292616e-17
has more even,5.2909066017292616e-17
to earth,5.2909066017292616e-17
reduces,5.2909066017292616e-17
hard surface which,5.2909066017292616e-17
reduces the,5.2909066017292616e-17
surface which reduces,5.2909066017292616e-17
reduces the amount,5.2909066017292616e-17
more even,5.2909066017292616e-17
and hard,5.2909066017292616e-17
and hard surface,5.2909066017292616e-17
which reduces the,5.2909066017292616e-17
planet has more,5.2909066017292616e-17
which reduces,5.2909066017292616e-17
more even and,5.2909066017292616e-17
even and hard,5.2909066017292616e-17
the basement had,5.2394069985362e-17
had less resistance,5.2394069985362e-17
had less,5.2394069985362e-17
be able,5.2366964931049864e-17
be able to,5.2366964931049864e-17
surface in,5.220433460517704e-17
that surfboard,5.21772295508649e-17
earth however the,5.1894320546481965e-17
earth however,5.1894320546481965e-17
results,5.187907395343139e-17
results in,5.187907395343139e-17
jetliner to move,5.182486384480711e-17
jetliner to,5.182486384480711e-17
the jetliner to,5.182486384480711e-17
sailboat is,5.182486384480711e-17
the sailboat is,5.182486384480711e-17
fall the,5.1770653736182837e-17
of products the,5.171644362755856e-17
products the,5.171644362755856e-17
for so,5.15267082473736e-17
for so the,5.15267082473736e-17
time the,5.141828803012505e-17
dog farther down,5.1336972867188635e-17
because friction slows,5.114046122342564e-17
friction slows,5.114046122342564e-17
green truck is,5.1093027378379396e-17
mean,5.106592232406726e-17
she hated more,5.103881726975512e-17
skate on not,5.103881726975512e-17
hated more this,5.103881726975512e-17
she hated,5.103881726975512e-17
more this,5.103881726975512e-17
more this is,5.103881726975512e-17
which surface mica,5.103881726975512e-17
which surface she,5.103881726975512e-17
answer is based,5.103881726975512e-17
the hardwood floors,5.103881726975512e-17
surface mica found,5.103881726975512e-17
thus the rationale,5.103881726975512e-17
hated more,5.103881726975512e-17
on not,5.103881726975512e-17
hated,5.103881726975512e-17
on not which,5.103881726975512e-17
not which surface,5.103881726975512e-17
surface she hated,5.103881726975512e-17
surface she,5.103881726975512e-17
surface mica,5.103881726975512e-17
friction which will,5.0903291998194433e-17
which will cause,5.0903291998194433e-17
force compared,5.084908188957016e-17
force compared to,5.084908188957016e-17
across the silk,5.0523821237824507e-17
about the friction,5.0523821237824507e-17
withstand,5.049671618351237e-17
to withstand,5.049671618351237e-17
shiny floor is,5.011724542314244e-17
which is actually,5.00494827873621e-17
it has,5.003593026020603e-17
contrast the,4.9873299934333204e-17
bunny which means,4.9873299934333204e-17
friction when lydia,4.9764879717084654e-17
lydia pushes it,4.9764879717084654e-17
sheet than when,4.9764879717084654e-17
sheet than,4.9764879717084654e-17
provides,4.954803928258755e-17
provides more,4.954803928258755e-17
on neptune,4.9439619065339e-17
which makes it,4.9365080165980624e-17
which makes,4.9365080165980624e-17
broke the plate,4.92227786308419e-17
broke the,4.92227786308419e-17
the chandelier broke,4.92227786308419e-17
broke,4.92227786308419e-17
roll more freely,4.92227786308419e-17
chandelier broke,4.92227786308419e-17
chandelier broke the,4.92227786308419e-17
dresser having less,4.904320764602399e-17
or resistance this,4.904320764602399e-17
dresser having,4.904320764602399e-17
the dresser having,4.904320764602399e-17
having less friction,4.904320764602399e-17
floor suggesting that,4.8935634461722693e-17
floor suggesting,4.8935634461722693e-17
it has less,4.8843307870471975e-17
in the basement,4.87890977618477e-17
where she,4.8734887653223424e-17
snipping wire,4.868067754459915e-17
twisted on this,4.868067754459915e-17
wire but the,4.868067754459915e-17
wire but,4.868067754459915e-17
when snipping wire,4.868067754459915e-17
snipping wire but,4.868067754459915e-17
having less,4.846383711010205e-17
should be interpreted,4.840962700147777e-17
across shiny,4.7945611765060027e-17
across shiny floor,4.7945611765060027e-17
that the shiny,4.7945611765060027e-17
sliding across shiny,4.7945611765060027e-17
much stronger,4.7935288551015365e-17
mass and gravity,4.7935288551015365e-17
greater mass causes,4.7935288551015365e-17
pull this,4.7935288551015365e-17
and gravity,4.7935288551015365e-17
and gravity is,4.7935288551015365e-17
gravitational pull this,4.7935288551015365e-17
reality the relationship,4.7935288551015365e-17
more resistance in,4.7921736023859296e-17
provides more resistance,4.79187184689847e-17
which provides more,4.79187184689847e-17
which provides,4.79187184689847e-17
quickly the opposite,4.79187184689847e-17
quickly the,4.79187184689847e-17
that todd,4.786752591523502e-17
the law of,4.776927009335352e-17
law of universal,4.776927009335352e-17
according to the,4.776927009335352e-17
of universal,4.776927009335352e-17
of universal gravitation,4.776927009335352e-17
the law,4.776927009335352e-17
to the law,4.776927009335352e-17
universal,4.776927009335352e-17
universal gravitation,4.776927009335352e-17
gravitation the,4.776927009335352e-17
gravitation,4.776927009335352e-17
universal gravitation the,4.776927009335352e-17
less friction this,4.7704895589362195e-17
answer is less,4.7704895589362195e-17
distance compared,4.7596475372113645e-17
distance compared to,4.7596475372113645e-17
goes faster on,4.754226526348937e-17
the stronger,4.7379634937616544e-17
the earth however,4.716279450311944e-17
incorrectly and the,4.694595406862234e-17
and the correct,4.694595406862234e-17
phrased incorrectly and,4.694595406862234e-17
is phrased incorrectly,4.694595406862234e-17
incorrectly and,4.694595406862234e-17
phrased incorrectly,4.694595406862234e-17
is phrased,4.694595406862234e-17
question is phrased,4.694595406862234e-17
greater the,4.6891743959998067e-17
on the muddy,4.662069341687669e-17
it less,4.651227319962814e-17
which substance,4.640385298237959e-17
substance,4.640385298237959e-17
on the store,4.629543276513104e-17
that todd will,4.62683277108189e-17
wood floor suggesting,4.617123655923988e-17
slower through thin,4.6024382222009663e-17
to the tile,4.6024382222009663e-17
weight in,4.5997277167697526e-17
will throw,4.580076552393453e-17
will throw the,4.580076552393453e-17
stronger adult,4.580076552393453e-17
that the adult,4.580076552393453e-17
old child and,4.580076552393453e-17
weaker year old,4.580076552393453e-17
child and,4.580076552393453e-17
weaker year,4.580076552393453e-17
the adult will,4.580076552393453e-17
the greater the,4.575333167888829e-17
stronger its,4.575333167888829e-17
earth and,4.575333167888829e-17
the earth and,4.575333167888829e-17
object the,4.575333167888829e-17
object the stronger,4.575333167888829e-17
an object the,4.575333167888829e-17
earth and the,4.575333167888829e-17
stronger its gravitational,4.575333167888829e-17
mass of an,4.575333167888829e-17
greater the mass,4.575333167888829e-17
the stronger its,4.575333167888829e-17
the dog who,4.575333167888829e-17
on mercury as,4.571267409742008e-17
an,4.5644911461639737e-17
it is the,4.537386091851836e-17
that surfboard is,4.502149521246057e-17
faster on the,4.4994390158148434e-17
friction this,4.4885969940899884e-17
friction this is,4.4885969940899884e-17
to roll more,4.456070928915423e-17
roll more,4.456070928915423e-17
it would have,4.4533604234842095e-17
resistance in,4.445228907190568e-17
to accelerate,4.423544863740858e-17
which could be,4.3639137442541553e-17
indicative of,4.3639137442541553e-17
indicative,4.3639137442541553e-17
due to its,4.358492733391728e-17
sailboat but the,4.347650711666873e-17
the speedboat would,4.347650711666873e-17
the sailboat but,4.347650711666873e-17
sailboat but,4.347650711666873e-17
before the sailboat,4.347650711666873e-17
speedboat would likely,4.347650711666873e-17
speedboat would,4.347650711666873e-17
it is not,4.342229700804445e-17
on the table,4.336808689942018e-17
actually the correct,4.336808689942018e-17
which slows,4.3151246464923076e-17
be the,4.2934406030425976e-17
between the two,4.277177570455315e-17
the two surfaces,4.277177570455315e-17
to the left,4.2609145378680324e-17
be rougher,4.2609145378680324e-17
the cotton sheet,4.2500725161431774e-17
cotton sheet,4.2500725161431774e-17
the cotton,4.2500725161431774e-17
cotton,4.2500725161431774e-17
of time this,4.2392304944183223e-17
than neptune,4.218901703684219e-17
than neptune it,4.218901703684219e-17
since mars has,4.218901703684219e-17
since mars,4.218901703684219e-17
friction the,4.217546450968612e-17
time this,4.206704429243757e-17
causes the,4.1931519020876884e-17
therefore it,4.163336342344337e-17
will slow down,4.163336342344337e-17
the smoother surface,4.152494320619482e-17
more friction will,4.1470733097570545e-17
to travel shorter,4.1470733097570545e-17
statement,4.137586540747806e-17
that phil bike,4.1362312880321994e-17
that phil,4.1362312880321994e-17
phil bike slows,4.1362312880321994e-17
phil bike,4.1362312880321994e-17
states that phil,4.1362312880321994e-17
muddy path which,4.1362312880321994e-17
phil,4.1362312880321994e-17
tom twisted the,4.123356387233934e-17
twisted the wire,4.123356387233934e-17
twisted the,4.123356387233934e-17
strong,4.119968255444917e-17
result in more,4.084731684839138e-17
tile floor however,4.0766001685454967e-17
to make,4.0657581468206416e-17
be interpreted,4.049495114233359e-17
is in,4.049495114233359e-17
in decrease,4.049495114233359e-17
interpreted as,4.049495114233359e-17
in decrease in,4.049495114233359e-17
decrease in,4.049495114233359e-17
be interpreted as,4.049495114233359e-17
decrease,4.049495114233359e-17
creates,4.038653092508504e-17
have more friction,4.019976016021547e-17
resistance to motion,4.006127027333939e-17
thus the answer,4.006127027333939e-17
to motion,4.006127027333939e-17
to her friend,3.983087731168622e-17
tennis ball however,3.983087731168622e-17
ball however,3.973600962159374e-17
distance so,3.9519169187096637e-17
distance so the,3.9519169187096637e-17
law of,3.940397270627005e-17
ball therefore,3.934298633406774e-17
in shorter distance,3.934298633406774e-17
result in shorter,3.934298633406774e-17
in shorter,3.934298633406774e-17
strength compared,3.934298633406774e-17
strength compared to,3.934298633406774e-17
bike slows down,3.9302328752599536e-17
bike slows,3.9302328752599536e-17
not break,3.924811864397526e-17
did not break,3.924811864397526e-17
implies that the,3.924811864397526e-17
did not,3.924811864397526e-17
that the chandelier,3.924811864397526e-17
in thin,3.913969842672671e-17
resistance in thin,3.913969842672671e-17
in thin air,3.913969842672671e-17
holly therefore the,3.913969842672671e-17
holly therefore,3.913969842672671e-17
to andy,3.9099040845258504e-17
closer to andy,3.9099040845258504e-17
indicates that it,3.903127820947816e-17
statement the chandelier,3.903127820947816e-17
hardwood,3.903127820947816e-17
statement the,3.903127820947816e-17
that the plate,3.903127820947816e-17
the statement the,3.903127820947816e-17
truck is,3.881443777498106e-17
why the,3.859759734048396e-17
error in,3.859759734048396e-17
in slower,3.8553551627226734e-17
resulting in slower,3.8553551627226734e-17
smaller fraction of,3.843496701461113e-17
has smaller fraction,3.843496701461113e-17
smaller fraction,3.843496701461113e-17
absorb,3.838075690598686e-17
for the caboose,3.838075690598686e-17
less than mona,3.838075690598686e-17
to the store,3.8191021525801894e-17
not,3.8163916471489756e-17
causing it to,3.7947076036992655e-17
causing it,3.7947076036992655e-17
lot than,3.724234462487708e-17
parking lot than,3.724234462487708e-17
to the one,3.721523957056494e-17
its greater mass,3.721523957056494e-17
for this question,3.721523957056494e-17
the answer this,3.721523957056494e-17
the sandbox which,3.686785018307227e-17
it is important,3.686785018307227e-17
which is an,3.686785018307227e-17
is important to,3.686785018307227e-17
to the sandbox,3.686785018307227e-17
is riding,3.686785018307227e-17
is important,3.686785018307227e-17
peter,3.686785018307227e-17
to push the,3.676800617441467e-17
to push,3.676800617441467e-17
gravitational force therefore,3.6700243538634325e-17
force therefore,3.6700243538634325e-17
indicating that it,3.642919299551295e-17
answer which,3.6131037398079435e-17
surface on the,3.61039323437673e-17
to earth this,3.61039323437673e-17
with less force,3.61039323437673e-17
is the planet,3.61039323437673e-17
surface on,3.61039323437673e-17
planet with less,3.61039323437673e-17
causing greater gravitational,3.61039323437673e-17
surface causing greater,3.61039323437673e-17
other hand earth,3.61039323437673e-17
less force compared,3.61039323437673e-17
planet with,3.61039323437673e-17
softer,3.61039323437673e-17
which increases,3.61039323437673e-17
softer surface,3.61039323437673e-17
softer surface which,3.61039323437673e-17
the surface on,3.61039323437673e-17
which increases the,3.61039323437673e-17
the planet with,3.61039323437673e-17
the surface causing,3.61039323437673e-17
surface which increases,3.61039323437673e-17
causing greater,3.61039323437673e-17
increases the,3.61039323437673e-17
increases the friction,3.61039323437673e-17
on mercury which,3.61039323437673e-17
path which,3.599551212651875e-17
speed in,3.568719213371818e-17
speed in reality,3.568719213371818e-17
that the motorcycle,3.555738433455146e-17
towing heavier load,3.552117367605634e-17
can accelerate faster,3.552117367605634e-17
towing heavier,3.552117367605634e-17
it can accelerate,3.552117367605634e-17
which is towing,3.552117367605634e-17
causes weaker,3.5439858513119926e-17
mass causes weaker,3.5439858513119926e-17
mass causes stronger,3.5439858513119926e-17
causes weaker gravitational,3.5439858513119926e-17
causes stronger gravitational,3.5439858513119926e-17
causes stronger,3.5439858513119926e-17
the orange,3.542630598596386e-17
the orange rug,3.542630598596386e-17
therefore the orange,3.542630598596386e-17
orange,3.542630598596386e-17
orange rug,3.542630598596386e-17
orange rug is,3.542630598596386e-17
the object,3.5344990823027445e-17
to heat up,3.5344990823027445e-17
to heat,3.5344990823027445e-17
ball to roll,3.5236570605778894e-17
the load,3.5128150388530344e-17
up faster than,3.5128150388530344e-17
dog who,3.491130995403324e-17
be assumed to,3.480288973678469e-17
should not be,3.480288973678469e-17
assumed to,3.480288973678469e-17
assumed,3.480288973678469e-17
should not,3.480288973678469e-17
not be assumed,3.480288973678469e-17
be assumed,3.480288973678469e-17
assumed to be,3.480288973678469e-17
truck which,3.472157457384828e-17
blue truck which,3.472157457384828e-17
is towing large,3.472157457384828e-17
truck which is,3.472157457384828e-17
fourth,3.450473413935118e-17
the fourth,3.450473413935118e-17
kumquat to travel,3.447762908503904e-17
cause the kumquat,3.447762908503904e-17
friction will,3.447762908503904e-17
therefore larry must,3.447762908503904e-17
larry must push,3.447762908503904e-17
friction will cause,3.447762908503904e-17
must push the,3.447762908503904e-17
larry must,3.447762908503904e-17
can speed up,3.447762908503904e-17
must push,3.447762908503904e-17
lot the,3.447762908503904e-17
parking lot the,3.447762908503904e-17
distance therefore when,3.447762908503904e-17
larry experiences more,3.447762908503904e-17
larry experiences,3.447762908503904e-17
can speed,3.447762908503904e-17
higher frictional force,3.436920886779049e-17
higher frictional,3.436920886779049e-17
frictional force,3.436920886779049e-17
reasoning,3.426078865054194e-17
snipped,3.426078865054194e-17
the reasoning,3.426078865054194e-17
mona therefore,3.404394821604484e-17
than mona therefore,3.404394821604484e-17
mona therefore it,3.404394821604484e-17
lot than on,3.3881317890172014e-17
the cart,3.3881317890172014e-17
tile floor as,3.3881317890172014e-17
reading book,3.382710778154774e-17
since the question,3.382710778154774e-17
is reading,3.382710778154774e-17
reading,3.382710778154774e-17
however since the,3.382710778154774e-17
however since,3.382710778154774e-17
is reading book,3.382710778154774e-17
book,3.382710778154774e-17
plate,3.382710778154774e-17
pushups,3.382710778154774e-17
milo is reading,3.382710778154774e-17
up less,3.371868756429919e-17
more friction generated,3.371868756429919e-17
sidewalk causing the,3.350184712980209e-17
more resistance this,3.350184712980209e-17
the sidewalk causing,3.350184712980209e-17
sidewalk causing,3.350184712980209e-17
mentions that,3.350184712980209e-17
time therefore the,3.3393426912553537e-17
question also mentions,3.3393426912553537e-17
on therefore,3.3393426912553537e-17
on therefore the,3.3393426912553537e-17
very strong and,3.325790164099285e-17
so strong,3.325790164099285e-17
strong and,3.325790164099285e-17
strong and bearded,3.325790164099285e-17
that the brick,3.323079658668071e-17
be the case,3.3176586478056436e-17
the case,3.3176586478056436e-17
first part of,3.314978582620972e-17
first part,3.314978582620972e-17
grass field is,3.314978582620972e-17
the first part,3.314978582620972e-17
the second part,3.314978582620972e-17
for the second,3.314978582620972e-17
for the first,3.314978582620972e-17
riding this,3.314978582620972e-17
second part,3.314978582620972e-17
bicycle riding this,3.314978582620972e-17
riding this is,3.314978582620972e-17
second part of,3.314978582620972e-17
gravity is inverse,3.308849505154199e-17
the earth this,3.308849505154199e-17
is inverse,3.308849505154199e-17
cart therefore,3.3081718787963954e-17
would cause the,3.2715800554750096e-17
states for so,3.26768370391764e-17
load in,3.2634485391813683e-17
the load in,3.2634485391813683e-17
the amount of,3.2634485391813683e-17
load in the,3.2634485391813683e-17
the amount,3.2634485391813683e-17
is true for,3.258027528318941e-17
left was as,3.258027528318941e-17
is true,3.258027528318941e-17
opposite is true,3.258027528318941e-17
as the one,3.258027528318941e-17
that the sailboat,3.252606517456513e-17
stronger than the,3.230922474006803e-17
will slow,3.230922474006803e-17
kumquat across,3.209238430557093e-17
therefore when lydia,3.209238430557093e-17
kumquat across the,3.209238430557093e-17
lydia pushes the,3.209238430557093e-17
pushes the kumquat,3.209238430557093e-17
the kumquat across,3.209238430557093e-17
faster than the,3.198396408832238e-17
that mica found,3.176712365382528e-17
field is,3.168072629320534e-17
answer must be,3.155028321932818e-17
answer must,3.155028321932818e-17
the answer must,3.155028321932818e-17
the more,3.155028321932818e-17
the more flexible,3.155028321932818e-17
covered,3.144186300207963e-17
the two,3.133344278483108e-17
opposite however the,3.122502256758253e-17
opposite however,3.122502256758253e-17
the opposite however,3.122502256758253e-17
snipping the wire,3.117081245895825e-17
snipping the,3.117081245895825e-17
therefore the twisting,3.117081245895825e-17
the ends heating,3.117081245895825e-17
twisting caused less,3.117081245895825e-17
less friction generated,3.117081245895825e-17
were twisted,3.117081245895825e-17
in the ends,3.117081245895825e-17
they were twisted,3.117081245895825e-17
resulted in,3.117081245895825e-17
resulted,3.117081245895825e-17
less when they,3.117081245895825e-17
which resulted in,3.117081245895825e-17
up less when,3.117081245895825e-17
which resulted,3.117081245895825e-17
less when,3.117081245895825e-17
resulted in the,3.117081245895825e-17
the ends to,3.117081245895825e-17
causes the jetliner,3.0899761915836876e-17
which substance causes,3.0899761915836876e-17
substance causes,3.0899761915836876e-17
asks which substance,3.0899761915836876e-17
substance causes the,3.0899761915836876e-17
slower than,3.054739620977909e-17
therefore the white,3.0466081046842675e-17
left,3.0357660829594124e-17
likely that milo,3.0140820395097023e-17
the strongman is,2.99781900692242e-17
strongman is,2.99781900692242e-17
than milo,2.992397996059992e-17
infer that,2.955128546380803e-17
infer,2.955128546380803e-17
parking lot has,2.949029909160572e-17
state,2.949029909160572e-17
lot has,2.949029909160572e-17
is result,2.9436088982981445e-17
is result of,2.9436088982981445e-17
effort,2.938187887435717e-17
answer is more,2.938187887435717e-17
truck is towing,2.938187887435717e-17
the sailboat would,2.927345865710862e-17
less resistance,2.927345865710862e-17
sailboat would,2.927345865710862e-17
sailboat would likely,2.927345865710862e-17
less friction than,2.894819800536297e-17
the horse to,2.8853330315270487e-17
horse to,2.8853330315270487e-17
that terry does,2.87178050437098e-17
terry does throw,2.87178050437098e-17
terry does,2.87178050437098e-17
it not necessarily,2.870425251655373e-17
the chandelier in,2.867714746224159e-17
chandelier in,2.867714746224159e-17
the plate on,2.867714746224159e-17
not the plate,2.867714746224159e-17
break indicates that,2.867714746224159e-17
break indicates,2.867714746224159e-17
not break indicates,2.867714746224159e-17
plate on the,2.867714746224159e-17
table was,2.867714746224159e-17
the plate did,2.867714746224159e-17
plate on,2.867714746224159e-17
plate not the,2.867714746224159e-17
plate not,2.867714746224159e-17
actually stronger than,2.867714746224159e-17
actually stronger,2.867714746224159e-17
plate did not,2.867714746224159e-17
plate did,2.867714746224159e-17
the table was,2.867714746224159e-17
the plate not,2.867714746224159e-17
motion the,2.862293735361732e-17
since friction is,2.862293735361732e-17
opposes motion the,2.862293735361732e-17
since friction,2.862293735361732e-17
in which,2.859583229930518e-17
which the,2.859583229930518e-17
in which the,2.859583229930518e-17
twisting repeatedly,2.8324781756183803e-17
twisting repeatedly caused,2.8324781756183803e-17
repeatedly,2.8324781756183803e-17
repeatedly caused,2.8324781756183803e-17
repeatedly caused less,2.8324781756183803e-17
the twisting repeatedly,2.8324781756183803e-17
wire around,2.8324781756183803e-17
would be able,2.8080836267374565e-17
creek has,2.7972416050126014e-17
creek has less,2.7972416050126014e-17
the creek has,2.7972416050126014e-17
it follows,2.7863995832877464e-17
it follows that,2.7863995832877464e-17
softball,2.7647155398380363e-17
the softball,2.7647155398380363e-17
misleading answer choice,2.7647155398380363e-17
is known,2.756584023544395e-17
therefore it not,2.755228770828788e-17
mona is doing,2.7538735181131813e-17
doing,2.7538735181131813e-17
is doing,2.7538735181131813e-17
replaced,2.7538735181131813e-17
replaced with,2.7538735181131813e-17
replaced with the,2.7538735181131813e-17
contradictory,2.7538735181131813e-17
doing pushups,2.7538735181131813e-17
is doing pushups,2.7538735181131813e-17
case instead it,2.7525182653975744e-17
instead it,2.7525182653975744e-17
case instead,2.7525182653975744e-17
the case instead,2.7525182653975744e-17
to consider,2.7525182653975744e-17
to consider the,2.7525182653975744e-17
is able,2.74574200181954e-17
is able to,2.74574200181954e-17
holly is,2.7430314963883262e-17
level,2.72405795836983e-17
path which suggests,2.721347452938616e-17
more friction on,2.688821387764051e-17
that the old,2.6861108823328372e-17
old child would,2.6481638062958446e-17
more obstacles in,2.6166541806579846e-17
obstacles in the,2.6166541806579846e-17
are more,2.6166541806579846e-17
are more obstacles,2.6166541806579846e-17
the forest this,2.6166541806579846e-17
that there are,2.6166541806579846e-17
there are,2.6166541806579846e-17
there are more,2.6166541806579846e-17
obstacles in,2.6166541806579846e-17
is based on,2.6020852139652106e-17
is based,2.6020852139652106e-17
according,2.5756577860108765e-17
according to,2.5756577860108765e-17
it indicating,2.574980159653073e-17
it indicating that,2.574980159653073e-17
not cause the,2.5695591487906455e-17
not cause,2.5695591487906455e-17
therefore when,2.5370330836160804e-17
intact,2.531612072753653e-17
slower this,2.5251746223545202e-17
slower this is,2.5251746223545202e-17
not the one,2.5153490401663703e-17
heat up more,2.5153490401663703e-17
to the,2.5153490401663703e-17
slower speed,2.505862271157122e-17
bunny which implies,2.4936649967166602e-17
greater than that,2.4936649967166602e-17
smaller this,2.4936649967166602e-17
smaller this is,2.4936649967166602e-17
and therefore less,2.482822974991805e-17
therefore less,2.482822974991805e-17
correct answer this,2.482822974991805e-17
mile,2.47198095326695e-17
gravitational force of,2.47198095326695e-17
from mile,2.47198095326695e-17
dropped,2.47198095326695e-17
dropped from mile,2.47198095326695e-17
speed up fastest,2.461138931542095e-17
truck towing,2.461138931542095e-17
truck towing large,2.461138931542095e-17
blue truck towing,2.461138931542095e-17
up fastest,2.461138931542095e-17
asks for so,2.4521603823011995e-17
encounter less friction,2.4521603823011995e-17
surface so this,2.4521603823011995e-17
the table so,2.4521603823011995e-17
or resistance when,2.4521603823011995e-17
table so the,2.4521603823011995e-17
across the table,2.4521603823011995e-17
table so,2.4521603823011995e-17
deduced from,2.4521603823011995e-17
deduced from the,2.4521603823011995e-17
or resistance of,2.4521603823011995e-17
pants encounter less,2.4521603823011995e-17
pants encounter,2.4521603823011995e-17
information given however,2.4521603823011995e-17
encounter less,2.4521603823011995e-17
surface so,2.4521603823011995e-17
dresser surface so,2.4521603823011995e-17
given however the,2.4521603823011995e-17
the pants encounter,2.4521603823011995e-17
from the information,2.4521603823011995e-17
the friction or,2.4521603823011995e-17
resistance when sliding,2.4521603823011995e-17
be deduced from,2.4521603823011995e-17
of the dresser,2.4521603823011995e-17
must be true,2.4521603823011995e-17
resistance of,2.4521603823011995e-17
resistance of the,2.4521603823011995e-17
given however,2.4521603823011995e-17
lady is not,2.451652162532847e-17
is likely due,2.45029690981724e-17
quickly conversely,2.4475864043860263e-17
quickly conversely the,2.4475864043860263e-17
less resistance is,2.438099635376778e-17
more friction the,2.4231918555051024e-17
friction is force,2.4069288229178198e-17
is force,2.4069288229178198e-17
the left was,2.4069288229178198e-17
left was,2.4069288229178198e-17
is force that,2.4069288229178198e-17
she can,2.3987973066241786e-17
that more mass,2.3967644275507682e-17
traveled since its,2.3967644275507682e-17
is in this,2.3967644275507682e-17
traveled since,2.3967644275507682e-17
astronomy and in,2.3967644275507682e-17
astronomy and,2.3967644275507682e-17
life,2.3967644275507682e-17
is much stronger,2.3967644275507682e-17
to misconception,2.3967644275507682e-17
the sun lesser,2.3967644275507682e-17
astronomy,2.3967644275507682e-17
is inverse square,2.3967644275507682e-17
led to misconception,2.3967644275507682e-17
of its greater,2.3967644275507682e-17
result of its,2.3967644275507682e-17
sun lesser,2.3967644275507682e-17
physics,2.3967644275507682e-17
physics textbooks,2.3967644275507682e-17
physics textbooks in,2.3967644275507682e-17
life and can,2.3967644275507682e-17
therefore it has,2.3967644275507682e-17
since its,2.3967644275507682e-17
sun lesser mass,2.3967644275507682e-17
weaker gravity in,2.3967644275507682e-17
since its birth,2.3967644275507682e-17
to misleading conclusions,2.3967644275507682e-17
birth therefore,2.3967644275507682e-17
to misconception in,2.3967644275507682e-17
life and,2.3967644275507682e-17
stronger gravity than,2.3967644275507682e-17
results in decrease,2.3967644275507682e-17
time the sun,2.3967644275507682e-17
the misleading answer,2.3967644275507682e-17
in some,2.3967644275507682e-17
lesser mass causes,2.3967644275507682e-17
that an increase,2.3967644275507682e-17
pull than,2.3967644275507682e-17
pull than the,2.3967644275507682e-17
textbooks in,2.3967644275507682e-17
pull this is,2.3967644275507682e-17
pull this misconception,2.3967644275507682e-17
textbooks in reality,2.3967644275507682e-17
that an,2.3967644275507682e-17
in some physics,2.3967644275507682e-17
that between,2.3967644275507682e-17
to common misinterpretation,2.3967644275507682e-17
to common,2.3967644275507682e-17
it has traveled,2.3967644275507682e-17
it has much,2.3967644275507682e-17
square meaning,2.3967644275507682e-17
lead to misleading,2.3967644275507682e-17
square meaning that,2.3967644275507682e-17
question but the,2.3967644275507682e-17
than that between,2.3967644275507682e-17
arises due to,2.3967644275507682e-17
textbooks,2.3967644275507682e-17
that between mass,2.3967644275507682e-17
increase in mass,2.3967644275507682e-17
lesser mass,2.3967644275507682e-17
lesser,2.3967644275507682e-17
inverse square meaning,2.3967644275507682e-17
some physics textbooks,2.3967644275507682e-17
birth,2.3967644275507682e-17
some physics,2.3967644275507682e-17
birth therefore it,2.3967644275507682e-17
increase in,2.3967644275507682e-17
arises due,2.3967644275507682e-17
this misconception arises,2.3967644275507682e-17
heating,2.3906657903305373e-17
heating up,2.3906657903305373e-17
more than mona,2.3852447794681098e-17
who is sweating,2.3852447794681098e-17
sweating more,2.3852447794681098e-17
person who is,2.3852447794681098e-17
sweating less it,2.3852447794681098e-17
possible that milo,2.3852447794681098e-17
possible that,2.3852447794681098e-17
less it is,2.3852447794681098e-17
is possible that,2.3852447794681098e-17
for the person,2.3852447794681098e-17
less it,2.3852447794681098e-17
it is possible,2.3852447794681098e-17
is sweating more,2.3852447794681098e-17
is possible,2.3852447794681098e-17
sweating more than,2.3852447794681098e-17
states should,2.3798237686056822e-17
states should not,2.3798237686056822e-17
question states should,2.3798237686056822e-17
the answer the,2.3744027577432547e-17
when thrown,2.3662712414496134e-17
with the baseball,2.3662712414496134e-17
why it,2.3635607360183997e-17
is why it,2.3635607360183997e-17
result in less,2.3635607360183997e-17
that larry pushes,2.3445871979999033e-17
pushes the shopping,2.3445871979999033e-17
that larry,2.3445871979999033e-17
smooth surface of,2.3418766925686896e-17
the smooth surface,2.3418766925686896e-17
smooth surface,2.3418766925686896e-17
room but,2.333067549917245e-17
making clear,2.3201926491189795e-17
move slower through,2.3201926491189795e-17
clear air the,2.3201926491189795e-17
not necessarily mean,2.3201926491189795e-17
necessarily mean,2.3201926491189795e-17
necessarily mean that,2.3201926491189795e-17
mean that,2.3201926491189795e-17
air the correct,2.3201926491189795e-17
does not necessarily,2.3201926491189795e-17
making clear air,2.3201926491189795e-17
parking lot and,2.314771638256552e-17
to the rougher,2.314771638256552e-17
shopping cart is,2.314771638256552e-17
causes more,2.314771638256552e-17
lot which means,2.314771638256552e-17
is counter,2.314771638256552e-17
this is counter,2.314771638256552e-17
is counter intuitive,2.314771638256552e-17
lot which causes,2.314771638256552e-17
on the shopping,2.314771638256552e-17
of friction acting,2.314771638256552e-17
lot this is,2.314771638256552e-17
is why larry,2.314771638256552e-17
lot this,2.314771638256552e-17
than that on,2.314771638256552e-17
of the old,2.314771638256552e-17
parking lot this,2.314771638256552e-17
cart is greater,2.314771638256552e-17
lot and,2.314771638256552e-17
that on,2.314771638256552e-17
cart is,2.314771638256552e-17
intuitive as one,2.314771638256552e-17
intuitive as,2.314771638256552e-17
intuitive,2.314771638256552e-17
why larry,2.314771638256552e-17
lot and more,2.314771638256552e-17
which causes more,2.314771638256552e-17
why larry experiences,2.314771638256552e-17
causes more friction,2.314771638256552e-17
that on the,2.314771638256552e-17
which causes,2.303929616531697e-17
the resistance,2.3012191111004832e-17
the fourth example,2.279535067650773e-17
fourth example,2.279535067650773e-17
fourth example is,2.279535067650773e-17
for the fourth,2.279535067650773e-17
like,2.2714035513571318e-17
object like,2.2442984970449942e-17
be thrown,2.2442984970449942e-17
air resistance and,2.2442984970449942e-17
can be thrown,2.2442984970449942e-17
air resistance,2.2442984970449942e-17
and can be,2.2442984970449942e-17
must be,2.233456475320139e-17
move,2.211772431870429e-17
mona is sweating,2.211772431870429e-17
like the,2.211772431870429e-17
less than milo,2.211772431870429e-17
is slower this,2.2099400613775016e-17
the ball is,2.200930410145574e-17
about the,2.200930410145574e-17
greater force,2.190088388420719e-17
of friction with,2.190088388420719e-17
experience greater force,2.190088388420719e-17
experience greater,2.190088388420719e-17
neptune therefore,2.190088388420719e-17
will fall faster,2.190088388420719e-17
friction with neptune,2.190088388420719e-17
greater force of,2.190088388420719e-17
friction with,2.190088388420719e-17
with neptune,2.190088388420719e-17
fall faster,2.190088388420719e-17
it seems,2.1819568721270777e-17
street this is,2.17653586126465e-17
accelerate,2.168404344971009e-17
question states that,2.168404344971009e-17
quickly in contrast,2.1358782797964437e-17
endoftext,2.1304572689340162e-17
sailboat made,2.1196152472091612e-17
likely to make,2.1196152472091612e-17
the sailboat made,2.1196152472091612e-17
sailboat made it,2.1196152472091612e-17
to make it,2.1196152472091612e-17
cotton sheet it,2.1033522146218786e-17
ball however the,2.1033522146218786e-17
it will travel,2.1033522146218786e-17
kumquat to,2.1033522146218786e-17
the kumquat to,2.1033522146218786e-17
would allow,2.1033522146218786e-17
is moving,2.0383000842727483e-17
rougher surface of,2.0281356889056967e-17
has more mass,2.0274580625478933e-17
resulting in less,2.0274580625478933e-17
sun has more,2.0274580625478933e-17
mercury has smaller,2.02678043619009e-17
the kumquat will,1.9949319973733282e-17
kumquat will,1.9949319973733282e-17
through thin air,1.9922214919421144e-17
through thin,1.9922214919421144e-17
baseball or tennis,1.991543865584311e-17
reality the ball,1.991543865584311e-17
greater friction,1.991543865584311e-17
baseball or,1.991543865584311e-17
that this question,1.991543865584311e-17
as the statement,1.991543865584311e-17
the greater friction,1.991543865584311e-17
allie,1.991543865584311e-17
or tennis ball,1.991543865584311e-17
or tennis,1.991543865584311e-17
to mean,1.991543865584311e-17
greater friction between,1.991543865584311e-17
stronger gravitational,1.9881557337952938e-17
than the plate,1.9786689647860456e-17
as the ball,1.973247953923618e-17
low resistance typically,1.9640999980932716e-17
surface causing,1.962405932198763e-17
less friction the,1.962405932198763e-17
therefore if,1.9596954267675493e-17
as the fact,1.951563910473908e-17
reality the statement,1.951563910473908e-17
seem contradictory in,1.951563910473908e-17
should have stated,1.951563910473908e-17
is replaced with,1.951563910473908e-17
is replaced,1.951563910473908e-17
would be better,1.951563910473908e-17
of common mistake,1.951563910473908e-17
with the plate,1.951563910473908e-17
be better choice,1.951563910473908e-17
allows,1.951563910473908e-17
be better,1.951563910473908e-17
seem,1.951563910473908e-17
which the statement,1.951563910473908e-17
the chandelier however,1.951563910473908e-17
seem contradictory,1.951563910473908e-17
plate itself,1.951563910473908e-17
chandelier in an,1.951563910473908e-17
statement seem contradictory,1.951563910473908e-17
plate itself this,1.951563910473908e-17
make the statement,1.951563910473908e-17
plate would,1.951563910473908e-17
statement seem,1.951563910473908e-17
the plate is,1.951563910473908e-17
the plate itself,1.951563910473908e-17
plate would be,1.951563910473908e-17
plate is replaced,1.951563910473908e-17
stated so the,1.951563910473908e-17
question is the,1.951563910473908e-17
the plate the,1.951563910473908e-17
plate is,1.951563910473908e-17
the plate would,1.951563910473908e-17
stated so,1.951563910473908e-17
break the plate,1.951563910473908e-17
choice as the,1.951563910473908e-17
chandelier however the,1.951563910473908e-17
better choice,1.951563910473908e-17
better choice as,1.951563910473908e-17
to make the,1.951563910473908e-17
choice as,1.951563910473908e-17
table was actually,1.951563910473908e-17
itself this is,1.951563910473908e-17
the statement seem,1.951563910473908e-17
chandelier however,1.951563910473908e-17
was actually stronger,1.951563910473908e-17
acceleration,1.940721888749053e-17
while milo is,1.919037845299343e-17
pushups while,1.919037845299343e-17
pushups while milo,1.919037845299343e-17
than mona the,1.919037845299343e-17
states that mona,1.919037845299343e-17
mona the,1.919037845299343e-17
mona the answer,1.919037845299343e-17
doing pushups while,1.919037845299343e-17
while milo,1.919037845299343e-17
less than,1.9081958235744878e-17
inertia and the,1.8973538018496328e-17
inertia and,1.8973538018496328e-17
of inertia and,1.8973538018496328e-17
and the relationship,1.8973538018496328e-17
of inertia,1.8973538018496328e-17
principle of inertia,1.8973538018496328e-17
mica to skate,1.8973538018496328e-17
less than that,1.8865117801247777e-17
than the rollerblades,1.8648277366750676e-17
had,1.8431436932253575e-17
might expect more,1.8214596497756474e-17
expect more friction,1.8214596497756474e-17
distance of,1.8214596497756474e-17
the distance of,1.8214596497756474e-17
expect more,1.8214596497756474e-17
as one,1.8214596497756474e-17
as one might,1.8214596497756474e-17
he,1.8214596497756474e-17
weaker as,1.80621305672507e-17
typically results,1.8057048369567175e-17
resistance typically results,1.8057048369567175e-17
typically results in,1.8057048369567175e-17
he is,1.7835125737386548e-17
street this,1.782157321023048e-17
is stronger gravity,1.780802068307441e-17
the earth but,1.780802068307441e-17
is easier,1.7780915628762273e-17
the first,1.7780915628762273e-17
is easier to,1.7780915628762273e-17
far as jake,1.7618285302889447e-17
as jake,1.7618285302889447e-17
stronger gravitational pull,1.7618285302889447e-17
the truck that,1.7564075194265172e-17
mention,1.7564075194265172e-17
means it can,1.7564075194265172e-17
products the load,1.7564075194265172e-17
and requires more,1.7564075194265172e-17
and requires,1.7564075194265172e-17
move which will,1.7564075194265172e-17
green truck therefore,1.7564075194265172e-17
not mention the,1.7564075194265172e-17
not mention,1.7564075194265172e-17
move which,1.7564075194265172e-17
creates resistance,1.7564075194265172e-17
creates resistance and,1.7564075194265172e-17
blue truck compared,1.7564075194265172e-17
mention the,1.7564075194265172e-17
truck that can,1.7564075194265172e-17
energy to move,1.7564075194265172e-17
to pull which,1.7564075194265172e-17
mention the load,1.7564075194265172e-17
for the truck,1.7564075194265172e-17
to move which,1.7564075194265172e-17
truck that,1.7564075194265172e-17
resistance and requires,1.7564075194265172e-17
truck is more,1.7564075194265172e-17
that can speed,1.7564075194265172e-17
requires more energy,1.7564075194265172e-17
more energy to,1.7564075194265172e-17
does not mention,1.7564075194265172e-17
it can speed,1.7564075194265172e-17
blue truck however,1.7564075194265172e-17
energy to,1.7564075194265172e-17
to the green,1.7564075194265172e-17
up fastest it,1.7564075194265172e-17
fastest it,1.7564075194265172e-17
blue truck creates,1.7564075194265172e-17
truck creates,1.7564075194265172e-17
pull which means,1.7564075194265172e-17
truck compared to,1.7564075194265172e-17
fastest it does,1.7564075194265172e-17
truck creates resistance,1.7564075194265172e-17
truck however since,1.7564075194265172e-17
pull which,1.7564075194265172e-17
truck compared,1.7564075194265172e-17
likely to speed,1.7564075194265172e-17
down the blue,1.7564075194265172e-17
that the gravitational,1.745565497701662e-17
mars on,1.745565497701662e-17
mars on neptune,1.745565497701662e-17
to fall more,1.745565497701662e-17
that of neptune,1.745565497701662e-17
neptune which,1.745565497701662e-17
with neptune causing,1.745565497701662e-17
neptune this is,1.745565497701662e-17
fall more slowly,1.745565497701662e-17
of neptune which,1.745565497701662e-17
neptune causing,1.745565497701662e-17
neptune causing it,1.745565497701662e-17
neptune is,1.745565497701662e-17
neptune is less,1.745565497701662e-17
force of mars,1.745565497701662e-17
neptune this,1.745565497701662e-17
on neptune is,1.745565497701662e-17
neptune which means,1.745565497701662e-17
of mars on,1.745565497701662e-17
longer distance,1.734723475976807e-17
the west indicating,1.727015476156793e-17
west indicating that,1.727015476156793e-17
west indicating,1.727015476156793e-17
dropped from,1.713039432527097e-17
white bunny therefore,1.713039432527097e-17
common counterintuitive observation,1.7089736743802764e-17
counterintuitive observation,1.7089736743802764e-17
the less,1.7089736743802764e-17
common counterintuitive,1.7089736743802764e-17
is common counterintuitive,1.7089736743802764e-17
move the,1.7076184216646695e-17
to move the,1.7076184216646695e-17
the sun has,1.6859343782149594e-17
sun has,1.6859343782149594e-17
parking lot indicating,1.6750923564901044e-17
the car moves,1.6750923564901044e-17
car moves,1.6750923564901044e-17
car moves more,1.6750923564901044e-17
than the gravel,1.6750923564901044e-17
of the first,1.6750923564901044e-17
to move this,1.6750923564901044e-17
lot indicating that,1.6750923564901044e-17
to the garage,1.6750923564901044e-17
lot indicating,1.6750923564901044e-17
move this,1.6750923564901044e-17
move this is,1.6750923564901044e-17
moves more smoothly,1.6750923564901044e-17
be true,1.6696713456276768e-17
down and,1.6696713456276768e-17
that it was,1.6628950820496424e-17
the ball will,1.6612010161551338e-17
for the,1.6479873021779667e-17
indicating that lydia,1.6471085054951904e-17
the table to,1.63384185195882e-17
true therefore the,1.63384185195882e-17
or resistance than,1.63384185195882e-17
to allow,1.63384185195882e-17
table to,1.63384185195882e-17
to allow the,1.63384185195882e-17
table to allow,1.63384185195882e-17
true therefore,1.63384185195882e-17
the dresser must,1.63384185195882e-17
be true therefore,1.63384185195882e-17
the sun greater,1.6276585114438635e-17
sun greater,1.6276585114438635e-17
sun greater mass,1.6276585114438635e-17
therefore the jetliner,1.610040226140974e-17
smooth ride,1.6032639625629397e-17
that the bike,1.6032639625629397e-17
the smooth ride,1.6032639625629397e-17
sidewalk this,1.6032639625629397e-17
the mud,1.6032639625629397e-17
farthest,1.5720931501039814e-17
strongman is more,1.5720931501039814e-17
is this is,1.565316886525947e-17
makes it,1.5637922272208893e-17
which means it,1.5612511283791264e-17
heat generation,1.5585406229479126e-17
generation,1.5585406229479126e-17
to clear,1.5449880957918438e-17
to clear air,1.5449880957918438e-17
in reality less,1.5449880957918438e-17
reality less,1.5449880957918438e-17
which substance the,1.5449880957918438e-17
reality less resistance,1.5449880957918438e-17
can move through,1.5449880957918438e-17
through in,1.5449880957918438e-17
through clear air,1.5449880957918438e-17
to motion through,1.5449880957918438e-17
thin air not,1.5449880957918438e-17
thin air has,1.5449880957918438e-17
thin air compared,1.5449880957918438e-17
thin air allows,1.5449880957918438e-17
substance the,1.5449880957918438e-17
substance the jetliner,1.5449880957918438e-17
what the correct,1.5449880957918438e-17
through clear,1.5449880957918438e-17
that the strongman,1.5178830414797062e-17
than milo however,1.5070410197548512e-17
milo however,1.5070410197548512e-17
likely that mona,1.5070410197548512e-17
milo however since,1.5070410197548512e-17
means that it,1.485356976305141e-17
it resulting in,1.4799359654427136e-17
it resulting,1.4799359654427136e-17
of the table,1.474514954580286e-17
as fast on,1.474514954580286e-17
fast on the,1.474514954580286e-17
fast on,1.474514954580286e-17
travel shorter distance,1.4738373282224826e-17
travel shorter,1.4738373282224826e-17
weight further distance,1.4690939437178585e-17
further distance,1.4690939437178585e-17
the chandelier is,1.463672932855431e-17
the chandelier did,1.463672932855431e-17
cross,1.463672932855431e-17
not break the,1.463672932855431e-17
the speedboat which,1.463672932855431e-17
chandelier is,1.463672932855431e-17
chandelier did not,1.463672932855431e-17
break the,1.463672932855431e-17
chandelier did,1.463672932855431e-17
cross the lake,1.463672932855431e-17
the lake therefore,1.463672932855431e-17
lake therefore the,1.463672932855431e-17
speedboat which,1.463672932855431e-17
to cross,1.463672932855431e-17
cross the,1.463672932855431e-17
lake therefore,1.463672932855431e-17
speedboat which is,1.463672932855431e-17
to cross the,1.463672932855431e-17
force that opposes,1.452830911130576e-17
have been,1.452830911130576e-17
that opposes motion,1.452830911130576e-17
that opposes,1.452830911130576e-17
force that,1.452830911130576e-17
floor would,1.4448688014263855e-17
so the second,1.441988889405721e-17
provided so the,1.441988889405721e-17
provided so,1.441988889405721e-17
question could,1.441988889405721e-17
question could be,1.441988889405721e-17
third,1.431146867680866e-17
the third,1.431146867680866e-17
third example,1.431146867680866e-17
the third example,1.431146867680866e-17
more resistance to,1.4169167141669936e-17
is dropped from,1.4094628242311558e-17
as an,1.4094628242311558e-17
an answer,1.4094628242311558e-17
an answer the,1.4094628242311558e-17
as an answer,1.4094628242311558e-17
be used as,1.4094628242311558e-17
blue truck so,1.4094628242311558e-17
used as,1.4094628242311558e-17
truck so,1.4094628242311558e-17
truck so this,1.4094628242311558e-17
used as an,1.4094628242311558e-17
increased friction would,1.39455504435948e-17
speed due,1.39455504435948e-17
speed due to,1.39455504435948e-17
states that jane,1.3877787807814457e-17
answer the question,1.3877787807814457e-17
which,1.3877787807814457e-17
stronger gravity,1.3755815063409838e-17
its gravitational,1.37287100090977e-17
is rougher,1.3335686721571705e-17
sidewalk,1.3322134194415636e-17
like toy will,1.2902005852577503e-17
like toy,1.2902005852577503e-17
lighter object like,1.2902005852577503e-17
likely rougher than,1.2902005852577503e-17
likely rougher,1.2902005852577503e-17
distance due,1.2902005852577503e-17
distance due to,1.2902005852577503e-17
toy will,1.2902005852577503e-17
toy will experience,1.2902005852577503e-17
more air resistance,1.2902005852577503e-17
more air,1.2902005852577503e-17
thrown shorter,1.2902005852577503e-17
experience more air,1.2902005852577503e-17
shorter distance this,1.2902005852577503e-17
rougher than the,1.2902005852577503e-17
rougher than,1.2902005852577503e-17
object like toy,1.2902005852577503e-17
be thrown shorter,1.2902005852577503e-17
is likely rougher,1.2902005852577503e-17
thrown shorter distance,1.2902005852577503e-17
shorter distance due,1.2902005852577503e-17
that the skateboard,1.2793585635328952e-17
plate the,1.2739375526704677e-17
will experience more,1.2664836627346299e-17
goes faster,1.2576745200831851e-17
is the question,1.2549640146519714e-17
lead,1.2522535092207576e-17
can lead to,1.2522535092207576e-17
can lead,1.2522535092207576e-17
lead to,1.2522535092207576e-17
the earth which,1.2498818169684456e-17
able to cover,1.2468324983583301e-17
from mile down,1.235990476633475e-17
faster on mars,1.235990476633475e-17
neptune therefore the,1.235990476633475e-17
fall faster on,1.235990476633475e-17
down on neptune,1.235990476633475e-17
from mile up,1.235990476633475e-17
on neptune this,1.235990476633475e-17
on neptune therefore,1.235990476633475e-17
mile down on,1.235990476633475e-17
than when it,1.235990476633475e-17
slowly on neptune,1.235990476633475e-17
up on mars,1.235990476633475e-17
it is dropped,1.235990476633475e-17
mile down,1.235990476633475e-17
will experience greater,1.235990476633475e-17
mile up on,1.235990476633475e-17
mile up,1.235990476633475e-17
to the sidewalk,1.2305694657710475e-17
causing the bike,1.2305694657710475e-17
muddy path compared,1.2305694657710475e-17
that can,1.2088854223213374e-17
will likely,1.2061749168901237e-17
answer the misleading,1.1983822137753841e-17
less friction means,1.1939776424496618e-17
further than the,1.1926223897340549e-17
goes further than,1.1926223897340549e-17
goes further,1.1926223897340549e-17
bunny goes,1.1926223897340549e-17
black bunny goes,1.1926223897340549e-17
bunny goes further,1.1926223897340549e-17
reason for the,1.1722935989999517e-17
stress,1.1709383462843448e-17
surface allows for,1.157385819128276e-17
for less friction,1.157385819128276e-17
resistance in the,1.1492543028346347e-17
friction is,1.1492543028346347e-17
encounter,1.1492543028346347e-17
for mica to,1.1384122811097797e-17
for mica,1.1384122811097797e-17
the hardwood,1.1275702593849246e-17
is dropped,1.1058862159352145e-17
was slower,1.1049700306887508e-17
to the basement,1.0950441942103595e-17
that john will,1.0950441942103595e-17
experiences more friction,1.0842021724855044e-17
more likely that,1.0842021724855044e-17
the smoother,1.0733601507606494e-17
to fall,1.0733601507606494e-17
it to fall,1.0733601507606494e-17
and the greater,1.0516761073109393e-17
possible,1.0408340855860843e-17
it not,1.0408340855860843e-17
it is,1.0408340855860843e-17
the surface this,1.0299920638612292e-17
the difference in,1.0299920638612292e-17
the difference,1.0299920638612292e-17
surface this,1.0299920638612292e-17
surface this is,1.0299920638612292e-17
and acceleration,1.0245710529988017e-17
mass and acceleration,1.0245710529988017e-17
friction would cause,9.974659986866641e-18
pieces,9.75781955236954e-18
to pieces,9.75781955236954e-18
plate must,9.75781955236954e-18
plate therefore,9.75781955236954e-18
plate therefore the,9.75781955236954e-18
on it indicating,9.75781955236954e-18
chandelier is stronger,9.75781955236954e-18
the plate therefore,9.75781955236954e-18
less force,9.676504389433127e-18
has much more,9.646011203331972e-18
sun has much,9.646011203331972e-18
much more mass,9.646011203331972e-18
than milo therefore,9.595189226496714e-18
whereas heavier,9.595189226496714e-18
unlikely,9.595189226496714e-18
activity that,9.595189226496714e-18
unlikely that,9.595189226496714e-18
unlikely that milo,9.595189226496714e-18
such as pushups,9.595189226496714e-18
adult will experience,9.595189226496714e-18
sweat as,9.595189226496714e-18
sweat as way,9.595189226496714e-18
since milo,9.595189226496714e-18
sweat more,9.595189226496714e-18
since milo is,9.595189226496714e-18
would cause her,9.595189226496714e-18
as pushups causes,9.595189226496714e-18
sweat more than,9.595189226496714e-18
mass whereas heavier,9.595189226496714e-18
lower mass whereas,9.595189226496714e-18
mass whereas,9.595189226496714e-18
way to,9.595189226496714e-18
way to cool,9.595189226496714e-18
activity that would,9.595189226496714e-18
as way,9.595189226496714e-18
as way to,9.595189226496714e-18
that would cause,9.595189226496714e-18
than mona however,9.595189226496714e-18
as pushups,9.595189226496714e-18
to cool,9.595189226496714e-18
book which implies,9.595189226496714e-18
produce,9.595189226496714e-18
pushups causes the,9.595189226496714e-18
pushups causes,9.595189226496714e-18
to produce,9.595189226496714e-18
like an adult,9.595189226496714e-18
produce sweat as,9.595189226496714e-18
produce sweat,9.595189226496714e-18
like an,9.595189226496714e-18
be thrown longer,9.595189226496714e-18
to cool down,9.595189226496714e-18
physical exertion such,9.595189226496714e-18
physical activity that,9.595189226496714e-18
whereas heavier object,9.595189226496714e-18
thrown longer,9.595189226496714e-18
thrown longer distance,9.595189226496714e-18
to produce sweat,9.595189226496714e-18
reading book physical,9.595189226496714e-18
book which,9.595189226496714e-18
object like an,9.595189226496714e-18
the body,9.595189226496714e-18
the body to,9.595189226496714e-18
book physical exertion,9.595189226496714e-18
less air,9.595189226496714e-18
book physical,9.595189226496714e-18
book it is,9.595189226496714e-18
book it,9.595189226496714e-18
reading book which,9.595189226496714e-18
body to produce,9.595189226496714e-18
to sweat more,9.595189226496714e-18
to sweat,9.595189226496714e-18
body to,9.595189226496714e-18
an adult,9.595189226496714e-18
an adult will,9.595189226496714e-18
less air resistance,9.595189226496714e-18
reading book it,9.595189226496714e-18
in physical,9.595189226496714e-18
it is unlikely,9.595189226496714e-18
heavier object like,9.595189226496714e-18
heavier object,9.595189226496714e-18
is engaging,9.595189226496714e-18
is engaging in,9.595189226496714e-18
causes the body,9.595189226496714e-18
experience less air,9.595189226496714e-18
is unlikely that,9.595189226496714e-18
is unlikely,9.595189226496714e-18
cause her,9.595189226496714e-18
in physical activity,9.595189226496714e-18
cause her to,9.595189226496714e-18
information in the,9.432558900623889e-18
information in,9.432558900623889e-18
is that there,9.324138683375338e-18
sheet since,9.161508357502512e-18
across it the,8.998878031629687e-18
because it has,8.904010341537205e-18
the speeds,8.72782748850831e-18
one at,8.72782748850831e-18
the object mass,8.72782748850831e-18
will fall not,8.72782748850831e-18
the object but,8.72782748850831e-18
the surface area,8.72782748850831e-18
therefore brick,8.72782748850831e-18
in the speeds,8.72782748850831e-18
only on the,8.72782748850831e-18
only on,8.72782748850831e-18
the one at,8.72782748850831e-18
one at which,8.72782748850831e-18
the speeds is,8.72782748850831e-18
therefore when brick,8.72782748850831e-18
was dropped the,8.72782748850831e-18
will also,8.72782748850831e-18
which the brick,8.72782748850831e-18
which it was,8.72782748850831e-18
which it,8.72782748850831e-18
but also on,8.72782748850831e-18
but also,8.72782748850831e-18
was dropped,8.72782748850831e-18
is dependent not,8.72782748850831e-18
brick will experience,8.72782748850831e-18
brick will also,8.72782748850831e-18
of neptune therefore,8.72782748850831e-18
on mars it,8.72782748850831e-18
area in,8.72782748850831e-18
on the object,8.72782748850831e-18
on mars than,8.72782748850831e-18
will also experience,8.72782748850831e-18
area in which,8.72782748850831e-18
at which it,8.72782748850831e-18
speeds is that,8.72782748850831e-18
speeds is,8.72782748850831e-18
surface area in,8.72782748850831e-18
than on neptune,8.72782748850831e-18
common,8.673617379884035e-18
floor this is,8.673617379884035e-18
the weight farthest,8.592302216947623e-18
weight farthest,8.592302216947623e-18
table has,8.40256683676266e-18
causing more friction,8.40256683676266e-18
surface allows,8.40256683676266e-18
plastic table has,8.40256683676266e-18
smoother surface allows,8.40256683676266e-18
truck however,8.348356728138384e-18
truck therefore,8.239936510889834e-18
truck therefore the,8.239936510889834e-18
its gravitational pull,8.185726402265558e-18
pants have,8.1692092597941e-18
pants have an,8.1692092597941e-18
sliding across it,8.1692092597941e-18
an easier,8.1692092597941e-18
it the question,8.1692092597941e-18
journey across the,8.1692092597941e-18
an easier journey,8.1692092597941e-18
easier journey across,8.1692092597941e-18
journey across,8.1692092597941e-18
have an,8.1692092597941e-18
dresser has,8.1692092597941e-18
have an easier,8.1692092597941e-18
journey,8.1692092597941e-18
the dresser has,8.1692092597941e-18
the pants have,8.1692092597941e-18
easier journey,8.1692092597941e-18
true for the,8.023096076392733e-18
true for,8.023096076392733e-18
more resistance compared,7.914675859144182e-18
example is,7.806255641895632e-18
an object is,7.806255641895632e-18
the street was,7.806255641895632e-18
object is,7.806255641895632e-18
example is that,7.806255641895632e-18
be this,7.724940478959219e-18
answer this question,7.724940478959219e-18
be this is,7.724940478959219e-18
opposite the,7.724940478959219e-18
the opposite the,7.724940478959219e-18
opposite the reason,7.724940478959219e-18
it and,7.724940478959219e-18
but the answer,7.724940478959219e-18
the rougher,7.697835424647081e-18
the rougher surface,7.697835424647081e-18
mary can,7.535205098774256e-18
mary can throw,7.535205098774256e-18
answer therefore,7.48099499014998e-18
answer therefore the,7.48099499014998e-18
blue rug and,7.291259609965017e-18
rug and,7.291259609965017e-18
rug and high,7.291259609965017e-18
easily this,7.128629284092192e-18
more easily this,7.128629284092192e-18
physical strength than,6.938893903907228e-18
strength than,6.938893903907228e-18
strength than the,6.938893903907228e-18
likely due,6.776263578034403e-18
likely due to,6.776263578034403e-18
indicates that jane,6.515377430280078e-18
plastic table suggesting,6.396792817664476e-18
quickly over the,6.396792817664476e-18
table has smoother,6.396792817664476e-18
since the pen,6.396792817664476e-18
suggesting smoother,6.396792817664476e-18
pen is able,6.396792817664476e-18
it must be,6.396792817664476e-18
the rough surface,6.396792817664476e-18
suggesting smoother surface,6.396792817664476e-18
the rough,6.396792817664476e-18
surface since,6.396792817664476e-18
table suggesting smoother,6.396792817664476e-18
which is that,6.396792817664476e-18
why the pen,6.396792817664476e-18
smoother surface since,6.396792817664476e-18
rough surface,6.396792817664476e-18
table suggesting,6.396792817664476e-18
table cloth it,6.396792817664476e-18
surface since the,6.396792817664476e-18
rough surface of,6.396792817664476e-18
quickly over,6.396792817664476e-18
table would allow,6.396792817664476e-18
on the rough,6.396792817664476e-18
the twisting,5.967347113406546e-18
twisting,5.967347113406546e-18
weight further,5.9631119486702744e-18
dropped the,5.9631119486702744e-18
the weight further,5.9631119486702744e-18
sheet therefore,5.908901840045999e-18
more energy,5.908901840045999e-18
sheet therefore when,5.854691731421724e-18
resistance when,5.775917667327074e-18
interpreted as the,5.692061405548898e-18
cloth since,5.637851296924623e-18
pen to slow,5.637851296924623e-18
friction is the,5.637851296924623e-18
table would,5.637851296924623e-18
would allow the,5.637851296924623e-18
table cloth would,5.637851296924623e-18
table cloth since,5.637851296924623e-18
is the force,5.637851296924623e-18
allow the pen,5.637851296924623e-18
motion the rougher,5.637851296924623e-18
therefore the plastic,5.637851296924623e-18
contrast the smooth,5.637851296924623e-18
cloth would,5.637851296924623e-18
the force that,5.637851296924623e-18
cloth since friction,5.637851296924623e-18
plastic table would,5.637851296924623e-18
cause the pen,5.637851296924623e-18
table is likely,5.637851296924623e-18
down on,5.421010862427522e-18
compared to,5.204170427930421e-18
compared,5.204170427930421e-18
more friction between,4.9873299934333204e-18
answer the answer,4.9873299934333204e-18
uniform,4.933119884809045e-18
has stronger,4.824699667560495e-18
more slowly than,4.363913744254155e-18
slowly than,4.363913744254155e-18
up more,4.119968255444917e-18
to the hardwood,4.065758146820642e-18
horse must have,3.3610267347050637e-18
horse must,3.3610267347050637e-18
therefore the horse,3.3610267347050637e-18
the horse must,3.3610267347050637e-18
ball to heat,3.2526065174565133e-18
for the third,3.2526065174565133e-18
cause the ball,3.2526065174565133e-18
third example is,3.2526065174565133e-18
up more slowly,3.144186300207963e-18
answer it,3.0899761915836876e-18
it should be,3.0899761915836876e-18
answer it should,3.0899761915836876e-18
gravitational force than,3.0899761915836876e-18
incorrect answer it,3.0899761915836876e-18
for the incorrect,3.0899761915836876e-18
actually greater,3.0899761915836876e-18
it should,3.0899761915836876e-18
strength is,3.0086610286472748e-18
rationale provided is,2.9815559743351372e-18
the assumption that,2.9815559743351372e-18
assumption that,2.9815559743351372e-18
the assumption,2.9815559743351372e-18
than earth,2.9815559743351372e-18
of mercury was,2.9815559743351372e-18
assumption that the,2.9815559743351372e-18
its gravitational force,2.9815559743351372e-18
of mercury is,2.9815559743351372e-18
provided is the,2.9815559743351372e-18
in the rationale,2.9815559743351372e-18
rationale provided,2.9815559743351372e-18
if the mass,2.9815559743351372e-18
provided is,2.9815559743351372e-18
the rationale provided,2.9815559743351372e-18
was actually greater,2.9815559743351372e-18
that of earth,2.9815559743351372e-18
mercury is actually,2.9815559743351372e-18
mercury is,2.9815559743351372e-18
is the assumption,2.9815559743351372e-18
mercury was actually,2.9815559743351372e-18
mercury was,2.9815559743351372e-18
cause it to,2.4936649967166602e-18
cause it,2.4936649967166602e-18
which will slow,2.3852447794681098e-18
it therefore,2.3852447794681098e-18
mass therefore,2.2768245622195593e-18
skate more easily,2.222614453595284e-18
to skate more,2.222614453595284e-18
skate more,2.222614453595284e-18
the concrete has,2.168404344971009e-18
concrete has less,2.168404344971009e-18
concrete has,2.168404344971009e-18
the weaker year,2.0803129184565616e-18
toy across,2.0803129184565616e-18
the weaker,2.0803129184565616e-18
toy across the,2.0803129184565616e-18
the room,2.0803129184565616e-18
because although,1.9786689647860456e-18
because although the,1.9786689647860456e-18
is because although,1.9786689647860456e-18
gravel parking lot,1.951563910473908e-18
the gravel,1.951563910473908e-18
the garage floor,1.951563910473908e-18
garage floor,1.951563910473908e-18
the garage,1.951563910473908e-18
garage,1.951563910473908e-18
gravel,1.951563910473908e-18
gravel parking,1.951563910473908e-18
the gravel parking,1.951563910473908e-18
wet field but,1.8973538018496328e-18
option is not,1.8973538018496328e-18
that the wet,1.8973538018496328e-18
this case therefore,1.8973538018496328e-18
rolling across wet,1.8973538018496328e-18
rolling across,1.8973538018496328e-18
more when rolling,1.8973538018496328e-18
wet field provides,1.8973538018496328e-18
wet field will,1.8973538018496328e-18
roll,1.8973538018496328e-18
where wet,1.8973538018496328e-18
ball is moving,1.8973538018496328e-18
where wet field,1.8973538018496328e-18
provides more friction,1.8973538018496328e-18
the key difference,1.8973538018496328e-18
slowly in this,1.8973538018496328e-18
when rolling across,1.8973538018496328e-18
not the correct,1.8973538018496328e-18
to roll,1.8973538018496328e-18
case therefore option,1.8973538018496328e-18
jetliner can,1.6940658945086007e-18
air compared,1.6940658945086007e-18
air compared to,1.6940658945086007e-18
the jetliner can,1.6940658945086007e-18
jetliner can move,1.6940658945086007e-18
the ball and,1.6263032587282567e-18
ball and the,1.6263032587282567e-18
between the ball,1.6263032587282567e-18
ball and,1.6263032587282567e-18
reach higher level,1.5839516113655416e-18
higher level,1.5839516113655416e-18
terry bicycle,1.5585406229479126e-18
than mercury,1.5449880957918438e-18
be todd will,1.5449880957918438e-18
therefore if mercury,1.5449880957918438e-18
reality the mass,1.5449880957918438e-18
the error in,1.5449880957918438e-18
be todd,1.5449880957918438e-18
is actually less,1.5449880957918438e-18
the error,1.5449880957918438e-18
than mercury the,1.5449880957918438e-18
stronger gravitational force,1.5449880957918438e-18
of earth in,1.5449880957918438e-18
is that todd,1.5449880957918438e-18
should be earth,1.5449880957918438e-18
on earth the,1.5449880957918438e-18
should be todd,1.5449880957918438e-18
than earth however,1.5449880957918438e-18
less resistance in,1.5178830414797062e-18
reality the opposite,1.5178830414797062e-18
observation,1.3891340334970526e-18
it also,1.3552527156068805e-18
john will,1.3010426069826053e-18
john will have,1.3010426069826053e-18
means that the,1.3010426069826053e-18
that the kumquat,1.3010426069826053e-18
is more difficult,1.1892342579450377e-18
friction which is,1.0842021724855044e-18
roll faster on,1.0842021724855044e-18
to the wooden,1.0842021724855044e-18
roll faster,1.0842021724855044e-18
to roll faster,1.0842021724855044e-18
brick is dropped,1.0299920638612292e-18
brick is,1.0299920638612292e-18
when brick is,1.0299920638612292e-18
when brick,1.0299920638612292e-18
wet field would,9.75781955236954e-19
slowly this,9.75781955236954e-19
more slowly this,9.75781955236954e-19
slowly this is,9.75781955236954e-19
field would,9.75781955236954e-19
why option is,9.486769009248164e-19
which can cause,9.486769009248164e-19
therefore less heat,9.486769009248164e-19
which can,9.486769009248164e-19
is why option,9.486769009248164e-19
friction and therefore,9.486769009248164e-19
would generate less,9.486769009248164e-19
generate less,9.486769009248164e-19
the field is,9.486769009248164e-19
less heat therefore,9.486769009248164e-19
would generate,9.486769009248164e-19
why option,9.486769009248164e-19
would not cause,9.486769009248164e-19
can cause the,9.486769009248164e-19
causing the ball,4.336808689942018e-19
it the surface,4.336808689942018e-19
the wooden court,4.336808689942018e-19
less friction causing,4.336808689942018e-19
the concrete indicating,4.336808689942018e-19
wooden court at,4.336808689942018e-19
surface like the,4.336808689942018e-19
the concrete which,4.336808689942018e-19
wooden court,4.336808689942018e-19
the concrete this,4.336808689942018e-19
the concrete however,4.336808689942018e-19
it experiences less,3.3203691532368573e-19
it experiences,3.3203691532368573e-19
floor than,3.2526065174565133e-19
to be the,2.168404344971009e-19
causes the ball,2.168404344971009e-19
would have less,2.168404344971009e-19
was next to,1.6263032587282567e-19
was next,1.6263032587282567e-19
new,1.0842021724855044e-19
movement therefore the,5.082197683525802e-20
the forest indicating,5.082197683525802e-20
cause the horse,5.082197683525802e-20
movement therefore,5.082197683525802e-20
to the derby,5.082197683525802e-20
track this,5.082197683525802e-20
shot off,0.0
option is presented,0.0
select,0.0
or more,0.0
generation on,0.0
select the,0.0
on rougher surface,0.0
that more resistance,0.0
floor allows the,0.0
new road has,0.0
generated more heat,0.0
or more textured,0.0
break due to,0.0
generated more,0.0
generated making the,0.0
on rougher,0.0
on the track,0.0
on paved street,0.0
on paved,0.0
on the water,0.0
negligible,0.0
certain type,0.0
that the grated,0.0
break compared,0.0
option which,0.0
or heat,0.0
given but the,0.0
seems counterintuitive,0.0
break due,0.0
given but,0.0
the word,0.0
the word rougher,0.0
shot off the,0.0
or friction that,0.0
as textured rubber,0.0
seems counterintuitive but,0.0
option which is,0.0
as textured,0.0
shorter distances resulting,0.0
shorter distances,0.0
break compared to,0.0
and heat generation,0.0
generation on the,0.0
that the hardwood,0.0
distance thrown by,0.0
or heat generation,0.0
flexible therefore when,0.0
generated less,0.0
generated making,0.0
therefore the slick,0.0
to the grated,0.0
garden which suggests,0.0
less flexible therefore,0.0
baseball is,0.0
baseball is the,0.0
and jenny,0.0
and jenny picked,0.0
is causing,0.0
therefore the cherry,0.0
therefore the chandelier,0.0
opposite order from,0.0
float longer when,0.0
opposite answer,0.0
tempted,0.0
opposite answer the,0.0
opposite condition,0.0
opposite condition therefore,0.0
and less flexible,0.0
is that more,0.0
negligible therefore the,0.0
that the boat,0.0
certain type would,0.0
float longer therefore,0.0
float longer longer,0.0
flexible therefore,0.0
is causing the,0.0
generate less heat,0.0
think based on,0.0
that sound travels,0.0
floor allows,0.0
think based,0.0
generated less heat,0.0
float longer as,0.0
shiny floor allows,0.0
first the fact,0.0
about the throwing,0.0
therefore when bent,0.0
first to,0.0
select the incorrect,0.0
negligible therefore,0.0
causes sweating while,0.0
first to make,0.0
tempted to,0.0
as much,0.0
distance thrown,0.0
that sound,0.0
as much distance,0.0
one might initially,0.0
therefore the truck,0.0
therefore the speedboat,0.0
therefore the smoothness,0.0
garden which,0.0
one that would,0.0
one the,0.0
therefore the flower,0.0
textured hindering the,0.0
certain,0.0
to it,0.0
book which is,0.0
of friction the,0.0
to cover more,0.0
to select the,0.0
grated part this,0.0
of certain type,0.0
of certain,0.0
grated road,0.0
to hear compared,0.0
of ball that,0.0
grated road is,0.0
is sedentary activity,0.0
not cover,0.0
not cover as,0.0
to select,0.0
term smooth is,0.0
of friction therefore,0.0
as would the,0.0
to break,0.0
skate through it,0.0
of movement on,0.0
of movement,0.0
slower and,0.0
both are accelerating,0.0
both are,0.0
to break compared,0.0
as would,0.0
to skate through,0.0
of its smooth,0.0
to break due,0.0
to break the,0.0
to break therefore,0.0
able to reach,0.0
is sedentary,0.0
to it therefore,0.0
absorb the,0.0
than in the,0.0
slick hardwood,0.0
textured hindering,0.0
slick hardwood floor,0.0
to ride the,0.0
slid across,0.0
is presented,0.0
slid across the,0.0
is presented as,0.0
noticeably slower on,0.0
noticeably slower,0.0
noticeably,0.0
noted that the,0.0
noted that,0.0
noted,0.0
textured making it,0.0
slick,0.0
falls,0.0
falls it,0.0
false and the,0.0
false the answer,0.0
body to sweat,0.0
is negligible,0.0
is negligible therefore,0.0
to run more,0.0
false the,0.0
to run,0.0
objects the,0.0
false and,0.0
asking for but,0.0
false,0.0
to move across,0.0
falls it is,0.0
objects the surface,0.0
skate through,0.0
not as flexible,0.0
of objects the,0.0
as the weaker,0.0
off the north,0.0
off the,0.0
through it more,0.0
through it therefore,0.0
that are causing,0.0
that are,0.0
is false,0.0
north being,0.0
throwing abilities,0.0
is false and,0.0
is false the,0.0
throwing abilities of,0.0
since friction slows,0.0
thrown by,0.0
thrown by allie,0.0
that causes,0.0
that causes the,0.0
textured making,0.0
this smoother surface,0.0
able to withstand,0.0
would likely go,0.0
should be noted,0.0
this rationale is,0.0
this smoother,0.0
that is causing,0.0
as the greater,0.0
tennis ball is,0.0
those,0.0
old child so,0.0
tempted to select,0.0
determine the horse,0.0
those who,0.0
those who might,0.0
of time suggests,0.0
thrown by ball,0.0
than the textured,0.0
of resistance,0.0
ball that causes,0.0
term,0.0
term grated,0.0
of the adult,0.0
and could,0.0
of resistance or,0.0
to sweat therefore,0.0
is however,0.0
ball that,0.0
term grated part,0.0
term new,0.0
term new road,0.0
term smooth,0.0
slower and could,0.0
impact,0.0
time suggests that,0.0
blue rug allows,0.0
causing the horse,0.0
ball that would,0.0
of the year,0.0
than the speedboat,0.0
and ease of,0.0
north being easier,0.0
and ease,0.0
of the road,0.0
time suggests,0.0
and could not,0.0
as the sailboat,0.0
ball that is,0.0
than the passengers,0.0
of the peanut,0.0
chandelier falls,0.0
ball to float,0.0
peanut to roll,0.0
chandelier falls it,0.0
the motorcycle faster,0.0
the motorcycle moves,0.0
cover as,0.0
choice for reaching,0.0
cover as much,0.0
the butter was,0.0
idea,0.0
the butter temperature,0.0
the butter generated,0.0
the bulldozer the,0.0
the north being,0.0
provides the answer,0.0
provides the,0.0
child so this,0.0
child so,0.0
child is more,0.0
force applied to,0.0
word rougher is,0.0
friction the hardwood,0.0
friction the answer,0.0
forest therefore,0.0
the car encounters,0.0
forest so this,0.0
forest so,0.0
the lake in,0.0
the lake the,0.0
question itself provides,0.0
in the frying,0.0
resistance to move,0.0
answer it is,0.0
the car travels,0.0
idea that the,0.0
idea that,0.0
because it seems,0.0
pushups which is,0.0
pushups which,0.0
friction that,0.0
the misleading option,0.0
in the track,0.0
the bulldozer and,0.0
however it should,0.0
the boat to,0.0
the obstacles,0.0
presented as distracter,0.0
presented as,0.0
presented,0.0
as distracter to,0.0
the pan surface,0.0
rigid and less,0.0
road but,0.0
road but the,0.0
carpeting,0.0
road has,0.0
road has smoother,0.0
road implies,0.0
road implies smoother,0.0
the peanut conversely,0.0
the peanut to,0.0
road is the,0.0
road surface,0.0
the pan,0.0
as distracter,0.0
cherry this is,0.0
increase resistance and,0.0
the obstacles in,0.0
force applied,0.0
increase resistance,0.0
answer is false,0.0
as cardboard which,0.0
the baseball therefore,0.0
ride the,0.0
ride the motorcycle,0.0
cover more,0.0
the baseball or,0.0
word rougher,0.0
the baseball is,0.0
the opposite answer,0.0
the opposite condition,0.0
word,0.0
principle that sound,0.0
in the derby,0.0
question so,0.0
the west this,0.0
reality is,0.0
the cherry this,0.0
reaching higher top,0.0
reaching higher,0.0
reaching,0.0
the cherry the,0.0
the force applied,0.0
be tempted,0.0
the forest however,0.0
the forest so,0.0
resistance is result,0.0
the forest that,0.0
the forest therefore,0.0
be tempted to,0.0
the forest which,0.0
the fridge would,0.0
rationale is the,0.0
rationale is not,0.0
the first to,0.0
reality is that,0.0
question so this,0.0
reason behind,0.0
impact without,0.0
impact without breaking,0.0
implies smoother,0.0
implies smoother surface,0.0
the creek this,0.0
resistance allowing peter,0.0
the dresser indicating,0.0
reducing the amount,0.0
reducing the,0.0
reducing,0.0
reduced friction and,0.0
reduced friction,0.0
be noted,0.0
red rug the,0.0
be noted that,0.0
applied to it,0.0
reason behind the,0.0
the chandelier was,0.0
resistance might,0.0
the grated road,0.0
rather,0.0
be true for,0.0
the idea that,0.0
in shorter amount,0.0
in speed,0.0
the impact,0.0
the impact without,0.0
the case with,0.0
would actually be,0.0
could not,0.0
would actually,0.0
in speed due,0.0
could not cover,0.0
resistance the peanut,0.0
the carpeting,0.0
question therefore it,0.0
the cardboard which,0.0
forest therefore the,0.0
the idea,0.0
if both,0.0
the horse speed,0.0
friction on rougher,0.0
in perception,0.0
in perception is,0.0
freely in the,0.0
freely in,0.0
racetrack which suggests,0.0
racetrack which,0.0
resistance might mean,0.0
the chandelier falls,0.0
the horse is,0.0
racetrack had less,0.0
racetrack had,0.0
in question,0.0
in question so,0.0
in question therefore,0.0
if both are,0.0
friction or heat,0.0
plate would result,0.0
plate the reduced,0.0
plate so when,0.0
the statement pet,0.0
flower garden which,0.0
part which is,0.0
part which,0.0
part this smoother,0.0
part this,0.0
part suggests rougher,0.0
part suggests,0.0
part suggesting that,0.0
part suggesting,0.0
chandelier was,0.0
chandelier is false,0.0
sailboat further supports,0.0
is actually asking,0.0
honey plate has,0.0
that the textured,0.0
sailboat was,0.0
sailboat was able,0.0
sailboat further,0.0
honey plate the,0.0
plate so,0.0
honey plate would,0.0
peanut conversely,0.0
rubber mat must,0.0
and travel therefore,0.0
rubber mat since,0.0
paved street therefore,0.0
rug allows,0.0
rug allows the,0.0
the speedboat was,0.0
conversely the smooth,0.0
rug is rougher,0.0
the spool indicating,0.0
the spool moved,0.0
rug the,0.0
rug the fact,0.0
the spool to,0.0
runs more,0.0
runs more freely,0.0
further supports the,0.0
same so,0.0
same so the,0.0
with greater strength,0.0
over shorter,0.0
the truck will,0.0
second example is,0.0
second example the,0.0
better absorb the,0.0
the two vehicles,0.0
better choice for,0.0
the type,0.0
the type of,0.0
the way the,0.0
sedentary,0.0
sedentary activity,0.0
order from option,0.0
order from,0.0
sedentary activity that,0.0
with greater,0.0
the west sound,0.0
over shorter distances,0.0
the track which,0.0
the track the,0.0
the term smooth,0.0
the table after,0.0
pan would,0.0
the table smoother,0.0
the term,0.0
the term grated,0.0
pan surface,0.0
the term new,0.0
the throwing,0.0
the track,0.0
the throwing abilities,0.0
pan due to,0.0
pan due,0.0
sandbox therefore,0.0
sandbox therefore the,0.0
bent it is,0.0
better absorb,0.0
peanut conversely the,0.0
rubber mat and,0.0
peanut experiences less,0.0
the resistance the,0.0
the adult with,0.0
answer as it,0.0
information given but,0.0
the racetrack had,0.0
from option,0.0
from option which,0.0
the racetrack which,0.0
being easier,0.0
being easier to,0.0
the reality,0.0
the reality is,0.0
peter to ride,0.0
peter to,0.0
the reason behind,0.0
pet food having,0.0
the reduced,0.0
the reduced friction,0.0
picked,0.0
picked up,0.0
picked up the,0.0
plate has,0.0
cherry this,0.0
cherry the incorrect,0.0
cherry the correct,0.0
cherry the,0.0
road the,0.0
plate however the,0.0
plate has more,0.0
horse to move,0.0
the plate so,0.0
plate as,0.0
for the grated,0.0
cover more distance,0.0
horse speed in,0.0
horse speed,0.0
cherry is the,0.0
horse runs more,0.0
being generated making,0.0
the road,0.0
peanut to,0.0
withstand the impact,0.0
rougher one,0.0
the sandbox therefore,0.0
rougher one the,0.0
the slick,0.0
the slick hardwood,0.0
rougher or more,0.0
the smooth blue,0.0
that would move,0.0
rougher road,0.0
rougher road but,0.0
the smoothness,0.0
that would generate,0.0
instead the question,0.0
horse is likely,0.0
rougher surface such,0.0
the smoothness and,0.0
horse is,0.0
about the obstacles,0.0
rougher is used,0.0
the same so,0.0
initially think based,0.0
cardboard which means,0.0
initially,0.0
cardboard which can,0.0
the rougher road,0.0
the adult in,0.0
withstand the,0.0
initially think,0.0
rougher and more,0.0
rougher is,0.0
the acceleration of,0.0
the sailboat further,0.0
for jerry car,0.0
for jerry,0.0
the sailboat was,0.0
perception is due,0.0
perception is,0.0
and the truck,0.0
is however it,0.0
was slower and,0.0
way the,0.0
mat since,0.0
mat and jenny,0.0
heat not,0.0
mat and,0.0
water plate would,0.0
so the difference,0.0
surface that would,0.0
heat not the,0.0
effectively over shorter,0.0
way the word,0.0
trap those who,0.0
trap those,0.0
it seems counterintuitive,0.0
but the reality,0.0
trap,0.0
ball is the,0.0
mat since friction,0.0
smooth surface this,0.0
mat which can,0.0
was the first,0.0
lake the fact,0.0
it more slowly,0.0
was on,0.0
was on the,0.0
so it will,0.0
was slid,0.0
was slid across,0.0
mean less speed,0.0
mean less,0.0
distracter,0.0
effectively,0.0
distracter to,0.0
more textured,0.0
was the,0.0
but the common,0.0
so when,0.0
track which suggests,0.0
so when it,0.0
motorcycle moves,0.0
it therefore option,0.0
cause the spool,0.0
butter was slid,0.0
making the cherry,0.0
would move,0.0
distances resulting,0.0
difference in perception,0.0
supports the idea,0.0
supports the,0.0
lake first the,0.0
had the,0.0
jenny picked,0.0
ball of,0.0
allie which,0.0
it was able,0.0
motorcycle moves more,0.0
track the,0.0
track which,0.0
butter was,0.0
track the question,0.0
it the answer,0.0
surface is the,0.0
butter generated,0.0
butter generated less,0.0
gun shot off,0.0
surface is more,0.0
motorcycle faster,0.0
motorcycle faster therefore,0.0
surface generated,0.0
butter temperature,0.0
hear compared to,0.0
hear compared,0.0
jenny picked up,0.0
car encounters,0.0
effectively over,0.0
lake the,0.0
by allie,0.0
more distance,0.0
table after it,0.0
table after,0.0
smoother surface while,0.0
more effectively over,0.0
more effectively,0.0
jerry car to,0.0
more distance than,0.0
sweating while,0.0
surface would allow,0.0
two vehicles,0.0
two vehicles is,0.0
after it,0.0
type would,0.0
is used in,0.0
is used,0.0
more resistance might,0.0
truck is negligible,0.0
bulldozer the answer,0.0
true more resistance,0.0
bulldozer and,0.0
truck the weight,0.0
less heat not,0.0
smoother surface is,0.0
lake in,0.0
bulldozer is factor,0.0
less heat in,0.0
truck will,0.0
heat generation on,0.0
truck will be,0.0
more friction or,0.0
bulldozer and the,0.0
is why meredith,0.0
true more,0.0
more freely in,0.0
bulldozer the,0.0
type would cause,0.0
typically causes,0.0
smoothly while,0.0
used in the,0.0
might mean less,0.0
might mean,0.0
might initially think,0.0
might initially,0.0
surfboard is not,0.0
might be tempted,0.0
might be,0.0
vehicles is,0.0
vehicles is the,0.0
greater strength is,0.0
adult in question,0.0
adult in,0.0
lake in shorter,0.0
distances resulting in,0.0
meredith can skate,0.0
greater strength compared,0.0
travels more effectively,0.0
truck acceleration so,0.0
it falls it,0.0
misleading option,0.0
smoothly while the,0.0
smoothness,0.0
smoothness and,0.0
smoothness and ease,0.0
uneven,0.0
uneven surface,0.0
sweat therefore it,0.0
up the spool,0.0
sweat therefore,0.0
adult with greater,0.0
adult with,0.0
tricky because it,0.0
greater strength,0.0
it falls,0.0
had the greatest,0.0
difference in speed,0.0
allie which suggests,0.0
spool moved noticeably,0.0
spool moved slower,0.0
spool to,0.0
spool to move,0.0
likely to run,0.0
much distance,0.0
much distance as,0.0
its smooth,0.0
less speed but,0.0
its smooth surface,0.0
likely to break,0.0
likely to allow,0.0
down the truck,0.0
is the rougher,0.0
would the,0.0
which surface generated,0.0
dresser has smoother,0.0
spool moved,0.0
able to cross,0.0
spool indicating that,0.0
longer as,0.0
distracter to trap,0.0
longer also supports,0.0
longer also,0.0
less resistance this,0.0
to withstand the,0.0
can better,0.0
case with the,0.0
dresser surface is,0.0
less speed,0.0
break therefore,0.0
is the type,0.0
to trap those,0.0
to trap,0.0
spool indicating,0.0
is the red,0.0
less speed in,0.0
strength is more,0.0
likely go shorter,0.0
will be negligible,0.0
have had the,0.0
acceleration of the,0.0
causes sweating,0.0
can skate,0.0
can skate through,0.0
have had,0.0
acceleration of,0.0
must have had,0.0
statement pet,0.0
statement pet food,0.0
abilities of the,0.0
accelerating the acceleration,0.0
jenny,0.0
abilities of,0.0
case with,0.0
would the case,0.0
acceleration so it,0.0
while the term,0.0
likely go,0.0
itself provides,0.0
itself provides the,0.0
while the new,0.0
is the honey,0.0
absorb the force,0.0
slowly than the,0.0
why the second,0.0
who might,0.0
who might be,0.0
why it was,0.0
to the plate,0.0
why meredith,0.0
why meredith can,0.0
longer as would,0.0
can better absorb,0.0
longer distance thrown,0.0
ease of movement,0.0
ease of,0.0
when it falls,0.0
ease,0.0
table smoother,0.0
table smoother surface,0.0
suggests rougher one,0.0
speed if,0.0
speed if both,0.0
when the butter,0.0
allowing peter to,0.0
suggests rougher,0.0
when the chandelier,0.0
when thrown by,0.0
speed in the,0.0
cause the body,0.0
when bent it,0.0
difficult for jerry,0.0
moved noticeably slower,0.0
lydia would,0.0
smooth is used,0.0
by allie which,0.0
by ball,0.0
smooth is,0.0
by ball of,0.0
smooth blue rug,0.0
smooth blue,0.0
west sound,0.0
west sound travels,0.0
ball of certain,0.0
move slower this,0.0
west this,0.0
west this is,0.0
move smoothly while,0.0
lydia would likely,0.0
moved noticeably,0.0
would move the,0.0
moved slower,0.0
allowing for less,0.0
movement on paved,0.0
speedboat was the,0.0
movement on,0.0
speedboat was slower,0.0
speedboat was,0.0
longer longer,0.0
allowing peter,0.0
longer longer distance,0.0
which can better,0.0
moved slower on,0.0
longer therefore the,0.0
longer when,0.0
longer when thrown,0.0
longer therefore,0.0
its greater strength,0.0
top speed if,0.0
speed more slowly,0.0
such as textured,0.0
time this is,-5.421010862427522e-20
the other hand,-1.0842021724855044e-19
other hand,-1.0842021724855044e-19
on the other,-1.0842021724855044e-19
hand,-1.0842021724855044e-19
on the right,-4.336808689942018e-19
the greater distance,-4.87890977618477e-19
slowly on,-6.505213034913027e-19
less strong,-6.505213034913027e-19
more slowly on,-6.505213034913027e-19
suggesting that john,-6.776263578034403e-19
would enable,-7.589415207398531e-19
strong would not,-7.589415207398531e-19
strongman is stronger,-7.589415207398531e-19
would enable him,-7.589415207398531e-19
strong would,-7.589415207398531e-19
which would enable,-7.589415207398531e-19
that it,-8.673617379884035e-19
less friction therefore,-9.75781955236954e-19
roll more easily,-1.0028870095490916e-18
the pet food,-1.0367683274392636e-18
the pet,-1.0367683274392636e-18
pet,-1.0367683274392636e-18
pet food,-1.0367683274392636e-18
food,-1.0367683274392636e-18
have covered,-1.0842021724855044e-18
have run,-1.0842021724855044e-18
run,-1.0842021724855044e-18
have covered greater,-1.0842021724855044e-18
have run more,-1.0842021724855044e-18
more freely on,-1.0842021724855044e-18
run more,-1.0842021724855044e-18
run more freely,-1.0842021724855044e-18
if so it,-1.0842021724855044e-18
if so,-1.0842021724855044e-18
must have run,-1.0842021724855044e-18
would have covered,-1.0842021724855044e-18
track if,-1.0842021724855044e-18
track if so,-1.0842021724855044e-18
derby track if,-1.0842021724855044e-18
high resistance moving,-1.0977546996415732e-18
jetliner has high,-1.0977546996415732e-18
than decreased therefore,-1.1384122811097797e-18
rather than,-1.1384122811097797e-18
rather than decreased,-1.1384122811097797e-18
decreased therefore,-1.1384122811097797e-18
than decreased,-1.1384122811097797e-18
increased rather than,-1.1384122811097797e-18
increased rather,-1.1384122811097797e-18
decreased therefore the,-1.1384122811097797e-18
face increased rather,-1.1384122811097797e-18
applied,-1.1655173354219173e-18
both trucks therefore,-1.1655173354219173e-18
while the blue,-1.1655173354219173e-18
trucks therefore,-1.1655173354219173e-18
applied to,-1.1655173354219173e-18
to both,-1.1655173354219173e-18
to both trucks,-1.1655173354219173e-18
trucks therefore the,-1.1655173354219173e-18
the same force,-1.1655173354219173e-18
pull while the,-1.1655173354219173e-18
pull while,-1.1655173354219173e-18
assuming,-1.1655173354219173e-18
resistance and friction,-1.1655173354219173e-18
up faster compared,-1.1655173354219173e-18
to the blue,-1.1655173354219173e-18
it to accelerate,-1.1655173354219173e-18
is applied to,-1.1655173354219173e-18
less mass resulting,-1.1655173354219173e-18
same force is,-1.1655173354219173e-18
same force,-1.1655173354219173e-18
assuming the same,-1.1655173354219173e-18
to pull while,-1.1655173354219173e-18
up the answer,-1.1655173354219173e-18
is applied,-1.1655173354219173e-18
assuming the,-1.1655173354219173e-18
and friction,-1.1655173354219173e-18
in mass,-1.2739375526704677e-18
new road is,-1.4501204056993622e-18
road is,-1.4501204056993622e-18
in less heat,-1.4772254600114998e-18
as the strongman,-1.5178830414797062e-18
truck has less,-1.6263032587282567e-18
speed up the,-1.6263032587282567e-18
trucks,-1.6263032587282567e-18
both trucks,-1.6263032587282567e-18
length,-1.734723475976807e-18
increased therefore the,-1.8431436932253575e-18
the piece,-1.8431436932253575e-18
piece,-1.8431436932253575e-18
face increased therefore,-1.8431436932253575e-18
increased therefore,-1.8431436932253575e-18
few seconds which,-1.951563910473908e-18
few seconds,-1.951563910473908e-18
ball proximity to,-1.951563910473908e-18
after few seconds,-1.951563910473908e-18
rationale for this,-1.951563910473908e-18
seconds which suggests,-1.951563910473908e-18
seconds,-1.951563910473908e-18
ball proximity,-1.951563910473908e-18
the ball proximity,-1.951563910473908e-18
seconds which,-1.951563910473908e-18
face increased,-1.951563910473908e-18
proximity to,-1.951563910473908e-18
proximity to carrie,-1.951563910473908e-18
carrie face increased,-1.951563910473908e-18
of the ball,-2.2632720350634905e-18
roll more quickly,-2.2768245622195593e-18
the misleading,-2.2768245622195593e-18
towing the lighter,-2.3310346708438345e-18
lighter load which,-2.3310346708438345e-18
the lighter load,-2.3310346708438345e-18
than truck,-2.396573845137636e-18
require more force,-2.5478751053409354e-18
would require less,-2.5478751053409354e-18
require less,-2.5478751053409354e-18
heavier load which,-2.5478751053409354e-18
require more,-2.5478751053409354e-18
less force to,-2.5478751053409354e-18
would require more,-2.5478751053409354e-18
require less force,-2.5478751053409354e-18
the air,-2.7545511444709847e-18
assumption,-2.7647155398380363e-18
which has,-2.7850443305721395e-18
mentions,-2.8324781756183803e-18
it is less,-2.927345865710862e-18
hardwood floor this,-2.9815559743351372e-18
being the smoother,-2.9815559743351372e-18
smoother surface compared,-2.9815559743351372e-18
on the textured,-2.9815559743351372e-18
rubber mat compared,-2.9815559743351372e-18
than the hardwood,-2.9815559743351372e-18
and the ball,-3.0357660829594124e-18
carrie and,-3.0357660829594124e-18
the perspective,-3.0357660829594124e-18
and distance between,-3.0357660829594124e-18
perspective and,-3.0357660829594124e-18
between carrie,-3.0357660829594124e-18
between carrie and,-3.0357660829594124e-18
carrie and the,-3.0357660829594124e-18
to the perspective,-3.0357660829594124e-18
distance between carrie,-3.0357660829594124e-18
and distance,-3.0357660829594124e-18
the perspective and,-3.0357660829594124e-18
perspective and distance,-3.0357660829594124e-18
surface causing more,-3.2255014631443757e-18
causing more,-3.2255014631443757e-18
the heavier,-3.2526065174565133e-18
does go as,-3.2526065174565133e-18
speed up therefore,-3.2526065174565133e-18
towing the heavier,-3.2526065174565133e-18
pen does,-3.2526065174565133e-18
up therefore,-3.2526065174565133e-18
the pen does,-3.2526065174565133e-18
of the plastic,-3.2526065174565133e-18
up therefore the,-3.2526065174565133e-18
the heavier load,-3.2526065174565133e-18
pen does go,-3.2526065174565133e-18
does go,-3.2526065174565133e-18
bumpier surface the,-3.577867169202165e-18
but here the,-3.577867169202165e-18
the carpet made,-3.577867169202165e-18
move but,-3.577867169202165e-18
to move but,-3.577867169202165e-18
where bumpier,-3.577867169202165e-18
carpet made it,-3.577867169202165e-18
where bumpier surface,-3.577867169202165e-18
friction is greater,-3.577867169202165e-18
is greater making,-3.577867169202165e-18
carpet made,-3.577867169202165e-18
move but here,-3.577867169202165e-18
to roll this,-3.577867169202165e-18
but here,-3.577867169202165e-18
the friction is,-3.577867169202165e-18
for the car,-3.577867169202165e-18
bumpier,-3.577867169202165e-18
example where bumpier,-3.577867169202165e-18
surface the carpet,-3.577867169202165e-18
here the,-3.577867169202165e-18
greater making it,-3.577867169202165e-18
bumpier surface,-3.577867169202165e-18
roll this is,-3.577867169202165e-18
car to move,-3.577867169202165e-18
greater making,-3.577867169202165e-18
here the friction,-3.577867169202165e-18
roll this,-3.577867169202165e-18
decreasing additionally the,-3.686287386450715e-18
after few,-3.686287386450715e-18
ball decreasing,-3.686287386450715e-18
decreasing,-3.686287386450715e-18
ball appearing,-3.686287386450715e-18
few,-3.686287386450715e-18
appearing,-3.686287386450715e-18
appearing smaller,-3.686287386450715e-18
face after few,-3.686287386450715e-18
the ball appearing,-3.686287386450715e-18
the ball decreasing,-3.686287386450715e-18
decreasing additionally,-3.686287386450715e-18
smaller is likely,-3.686287386450715e-18
ball decreasing additionally,-3.686287386450715e-18
face after,-3.686287386450715e-18
ball appearing smaller,-3.686287386450715e-18
carrie face after,-3.686287386450715e-18
smaller is,-3.686287386450715e-18
appearing smaller is,-3.686287386450715e-18
therefore the ball,-3.686287386450715e-18
rough,-3.7947076036992655e-18
the surface which,-3.821812658011403e-18
less strong than,-3.903127820947816e-18
conversely,-3.903127820947816e-18
conversely the,-3.903127820947816e-18
strong than,-3.903127820947816e-18
mass results in,-3.916680348103885e-18
mass results,-3.916680348103885e-18
weaker gravity,-3.916680348103885e-18
table has rougher,-3.9302328752599536e-18
road is likely,-3.9607260613611084e-18
jerry car travels,-3.9607260613611084e-18
rougher which,-3.9607260613611084e-18
jerry,-3.9607260613611084e-18
travels easier,-3.9607260613611084e-18
car travels easier,-3.9607260613611084e-18
rougher which would,-3.9607260613611084e-18
than the grated,-3.9607260613611084e-18
road than on,-3.9607260613611084e-18
grated part indicating,-3.9607260613611084e-18
easier along the,-3.9607260613611084e-18
jerry car,-3.9607260613611084e-18
part indicating,-3.9607260613611084e-18
car travels,-3.9607260613611084e-18
on the grated,-3.9607260613611084e-18
road than,-3.9607260613611084e-18
part indicating that,-3.9607260613611084e-18
that jerry,-3.9607260613611084e-18
is rougher which,-3.9607260613611084e-18
easier along,-3.9607260613611084e-18
states that jerry,-3.9607260613611084e-18
therefore the new,-3.9607260613611084e-18
along the,-3.9607260613611084e-18
road is rougher,-3.9607260613611084e-18
that jerry car,-3.9607260613611084e-18
new road than,-3.9607260613611084e-18
along the new,-3.9607260613611084e-18
travels easier along,-3.9607260613611084e-18
roll therefore the,-4.0115480381963664e-18
floor which suggests,-4.0115480381963664e-18
covered greater,-4.0115480381963664e-18
covered greater distance,-4.0115480381963664e-18
slows down on,-4.038653092508504e-18
down on the,-4.038653092508504e-18
the fall,-4.065758146820642e-18
to have less,-4.119968255444917e-18
slower than the,-4.512991542970912e-18
answer because,-4.553649124439119e-18
correct answer because,-4.553649124439119e-18
it would,-4.607859233063394e-18
because the smooth,-5.008929333588305e-18
the carpet,-5.041540102057596e-18
wood floor which,-5.041540102057596e-18
roll therefore,-5.041540102057596e-18
carpet,-5.041540102057596e-18
to roll therefore,-5.041540102057596e-18
require,-5.095750210681871e-18
force to accelerate,-5.095750210681871e-18
is towing the,-5.095750210681871e-18
would require,-5.095750210681871e-18
blue truck is,-5.095750210681871e-18
meaning that,-5.1228552649940085e-18
in less,-5.204170427930421e-18
load which would,-5.312590645178972e-18
which would require,-5.312590645178972e-18
load which,-5.312590645178972e-18
when there is,-5.4616684438957286e-18
car to,-5.502326025363935e-18
the car to,-5.502326025363935e-18
sliding,-5.583641188300348e-18
sliding across,-5.583641188300348e-18
that the gravel,-5.637851296924623e-18
towing the,-5.637851296924623e-18
where the car,-5.637851296924623e-18
lot has more,-5.637851296924623e-18
example where the,-5.637851296924623e-18
is very,-5.655638988816963e-18
the relationship,-5.7462715141731735e-18
the relationship between,-5.7462715141731735e-18
the bike slows,-5.854691731421724e-18
mass but,-5.89534931288993e-18
mass but the,-5.89534931288993e-18
greater mass but,-5.89534931288993e-18
planet is directly,-5.908901840045999e-18
directly related,-5.908901840045999e-18
is directly related,-5.908901840045999e-18
related,-5.908901840045999e-18
of planet is,-5.908901840045999e-18
related to its,-5.908901840045999e-18
directly related to,-5.908901840045999e-18
planet is,-5.908901840045999e-18
related to,-5.908901840045999e-18
to its gravitational,-5.908901840045999e-18
less friction however,-5.9631119486702744e-18
floor must have,-5.9631119486702744e-18
hardwood floor must,-5.9631119486702744e-18
therefore the textured,-5.9631119486702744e-18
question is likely,-5.9631119486702744e-18
floor must,-5.9631119486702744e-18
asking for,-6.0173220572945496e-18
plate however,-6.0173220572945496e-18
plate compared to,-6.0173220572945496e-18
its smoother,-6.0173220572945496e-18
move the cherry,-6.0173220572945496e-18
required to move,-6.0173220572945496e-18
smoother and more,-6.0173220572945496e-18
second example,-6.0173220572945496e-18
cherry is,-6.0173220572945496e-18
the second example,-6.0173220572945496e-18
water plate this,-6.0173220572945496e-18
water plate however,-6.0173220572945496e-18
the cherry is,-6.0173220572945496e-18
plate compared,-6.0173220572945496e-18
as compared,-6.0173220572945496e-18
as compared to,-6.0173220572945496e-18
plate indicating,-6.0173220572945496e-18
plate indicating that,-6.0173220572945496e-18
experiencing more friction,-6.071532165918825e-18
experiencing,-6.071532165918825e-18
experiencing more,-6.071532165918825e-18
move therefore the,-6.288372600415926e-18
to move therefore,-6.288372600415926e-18
so it,-6.288372600415926e-18
move therefore,-6.288372600415926e-18
accelerate and,-6.5052130349130266e-18
to accelerate and,-6.5052130349130266e-18
accelerate and speed,-6.5052130349130266e-18
and speed up,-6.5052130349130266e-18
the lighter,-6.7220534694101275e-18
bulldozer weighs more,-6.749158523722265e-18
bulldozer will take,-6.749158523722265e-18
bulldozer weighs,-6.749158523722265e-18
heat therefore the,-6.911788849595091e-18
which is,-6.938893903907228e-18
that the selected,-6.993104012531504e-18
surface has more,-6.993104012531504e-18
selected surface has,-6.993104012531504e-18
selected surface,-6.993104012531504e-18
the selected surface,-6.993104012531504e-18
surface has,-6.993104012531504e-18
greater mass,-7.047314121155779e-18
question but,-7.115076756936123e-18
the ball was,-7.26415455565288e-18
ball was,-7.26415455565288e-18
can cause,-7.403067959002585e-18
heat therefore,-7.403067959002585e-18
therefore the wet,-7.403067959002585e-18
the temperature,-7.403067959002585e-18
temperature,-7.403067959002585e-18
generate,-7.403067959002585e-18
means that there,-7.453889935837843e-18
that the street,-7.589415207398531e-18
the most likely,-7.630072788866737e-18
used in,-7.630072788866737e-18
board,-7.630072788866737e-18
is the most,-7.630072788866737e-18
the most,-7.630072788866737e-18
choice for,-7.630072788866737e-18
go,-7.697835424647081e-18
low resistance when,-7.710117402382269e-18
high resistance when,-7.710117402382269e-18
over the red,-7.710117402382269e-18
over the blue,-7.710117402382269e-18
increases,-7.806255641895632e-18
implies that there,-7.901123331988114e-18
grated part,-7.921452122722217e-18
to travel more,-7.921452122722217e-18
travel more,-7.921452122722217e-18
grated,-7.921452122722217e-18
the grated,-7.921452122722217e-18
that the new,-7.921452122722217e-18
the grated part,-7.921452122722217e-18
car to travel,-7.921452122722217e-18
lot therefore,-7.968885967768458e-18
to the gravel,-7.968885967768458e-18
parking lot therefore,-7.968885967768458e-18
floor because it,-7.968885967768458e-18
garage floor because,-7.968885967768458e-18
lot therefore the,-7.968885967768458e-18
floor because,-7.968885967768458e-18
that the car,-7.968885967768458e-18
speed more,-7.995991022080595e-18
top speed more,-7.995991022080595e-18
means it is,-7.995991022080595e-18
the truck is,-7.995991022080595e-18
acceleration so,-7.995991022080595e-18
the truck acceleration,-7.995991022080595e-18
truck the,-7.995991022080595e-18
the truck the,-7.995991022080595e-18
truck acceleration,-7.995991022080595e-18
weight affects,-7.995991022080595e-18
to be true,-7.995991022080595e-18
lighter than the,-7.995991022080595e-18
lighter than,-7.995991022080595e-18
can be,-8.023096076392733e-18
no,-8.023096076392733e-18
of its,-8.05020113070487e-18
make the,-8.239936510889834e-18
more friction which,-8.239936510889834e-18
in the forest,-8.334804200982315e-18
was louder to,-8.34158046456035e-18
was louder,-8.34158046456035e-18
louder to me,-8.34158046456035e-18
harder for meredith,-8.38901430960659e-18
meredith can,-8.38901430960659e-18
street allows for,-8.38901430960659e-18
paved street allows,-8.38901430960659e-18
street allows,-8.38901430960659e-18
of the paved,-8.38901430960659e-18
plate this,-8.524539581167279e-18
that it will,-8.538092108323347e-18
associated with,-8.673617379884035e-18
distance this is,-8.673617379884035e-18
misconception arises,-8.673617379884035e-18
associated,-8.673617379884035e-18
arises,-8.673617379884035e-18
slows jane,-8.998878031629687e-18
slows jane down,-8.998878031629687e-18
jane down,-8.998878031629687e-18
the strongman as,-9.053088140253962e-18
describes,-9.053088140253962e-18
strongman as very,-9.053088140253962e-18
strongman as,-9.053088140253962e-18
the strongman therefore,-9.053088140253962e-18
question describes,-9.053088140253962e-18
describes the,-9.053088140253962e-18
question describes the,-9.053088140253962e-18
the question describes,-9.053088140253962e-18
describes the strongman,-9.053088140253962e-18
strongman therefore,-9.053088140253962e-18
strongman therefore the,-9.053088140253962e-18
floor than on,-9.107298248878237e-18
mat has less,-9.161508357502512e-18
the least this,-9.161508357502512e-18
least this is,-9.161508357502512e-18
least this,-9.161508357502512e-18
therefore the hardwood,-9.161508357502512e-18
mat which suggests,-9.161508357502512e-18
mat which,-9.161508357502512e-18
rubber mat which,-9.161508357502512e-18
hardwood floor has,-9.161508357502512e-18
surface like,-9.269928574751063e-18
the common misconception,-9.324138683375338e-18
further than,-9.324138683375338e-18
the common,-9.324138683375338e-18
weight means,-9.378348791999613e-18
determined that,-9.540979117872439e-18
allows for less,-9.540979117872439e-18
for less,-9.540979117872439e-18
which has less,-9.601965490074749e-18
experience less resistance,-9.601965490074749e-18
so it would,-9.75781955236954e-18
to the concrete,-9.784924606681678e-18
cardboard which,-9.812029660993815e-18
to move slower,-9.920449878242366e-18
move slower,-9.920449878242366e-18
pull therefore,-9.974659986866641e-18
gravitational pull therefore,-9.974659986866641e-18
more quickly therefore,-1.0286368111456223e-17
quickly therefore,-1.0286368111456223e-17
that make it,-1.0299920638612292e-17
irregularities on its,-1.0299920638612292e-17
while climbing steep,-1.0299920638612292e-17
very strong,-1.0299920638612292e-17
hill which,-1.0299920638612292e-17
or irregularities on,-1.0299920638612292e-17
that make,-1.0299920638612292e-17
or irregularities,-1.0299920638612292e-17
climbing steep hill,-1.0299920638612292e-17
surface that make,-1.0299920638612292e-17
climbing,-1.0299920638612292e-17
so it reasonable,-1.0299920638612292e-17
steep hill which,-1.0299920638612292e-17
while climbing,-1.0299920638612292e-17
resistance while climbing,-1.0299920638612292e-17
not the answer,-1.0299920638612292e-17
obstacles or irregularities,-1.0299920638612292e-17
on its,-1.0299920638612292e-17
on its surface,-1.0299920638612292e-17
climbing steep,-1.0299920638612292e-17
obstacles or,-1.0299920638612292e-17
more obstacles or,-1.0299920638612292e-17
its surface that,-1.0299920638612292e-17
irregularities,-1.0299920638612292e-17
make it harder,-1.0299920638612292e-17
it reasonable to,-1.0299920638612292e-17
irregularities on,-1.0299920638612292e-17
it reasonable,-1.0299920638612292e-17
because the chandelier,-1.0366836241445382e-17
the plate this,-1.0366836241445382e-17
plate this is,-1.0366836241445382e-17
chandelier is more,-1.0366836241445382e-17
it is stronger,-1.0366836241445382e-17
the table indicating,-1.0366836241445382e-17
break the table,-1.0366836241445382e-17
which would make,-1.0408340855860843e-17
make it more,-1.0408340855860843e-17
more quickly this,-1.0462550964485118e-17
while moving,-1.0462550964485118e-17
movement of objects,-1.060485249962384e-17
of objects,-1.060485249962384e-17
friction slows down,-1.060485249962384e-17
it suggests that,-1.0625181290357943e-17
the two street,-1.0679391398982219e-17
street lights,-1.0679391398982219e-17
two street lights,-1.0679391398982219e-17
two street,-1.0679391398982219e-17
lights,-1.0679391398982219e-17
suggests that it,-1.071327271687239e-17
it down,-1.0760706561918632e-17
is the wooden,-1.0782729418547243e-17
field will,-1.0787811616230769e-17
will make,-1.0787811616230769e-17
field will make,-1.0787811616230769e-17
path has,-1.0842021724855044e-17
smoother more,-1.089623183347932e-17
surface while,-1.089623183347932e-17
surface while the,-1.089623183347932e-17
to the ball,-1.089623183347932e-17
therefore the path,-1.0923336887791457e-17
that the smooth,-1.0923336887791457e-17
street therefore the,-1.0923336887791457e-17
street therefore,-1.0923336887791457e-17
pebble street therefore,-1.0923336887791457e-17
slow down more,-1.1058862159352145e-17
him to throw,-1.1058862159352145e-17
down more,-1.1058862159352145e-17
indicates that,-1.1167282376600696e-17
indicates,-1.1167282376600696e-17
phrased,-1.1167282376600696e-17
counterintuitive as one,-1.1275702593849246e-17
this is counterintuitive,-1.1275702593849246e-17
counterintuitive as,-1.1275702593849246e-17
is counterintuitive as,-1.1275702593849246e-17
is counterintuitive,-1.1275702593849246e-17
to the table,-1.1306195779950401e-17
for bicycle riding,-1.1438332919722072e-17
for bicycle,-1.1438332919722072e-17
bicycle riding,-1.1438332919722072e-17
stated,-1.145188544687814e-17
which slows down,-1.1492543028346347e-17
rationale for the,-1.1492543028346347e-17
less friction will,-1.1492543028346347e-17
friction and travel,-1.1492543028346347e-17
down more quickly,-1.1600963245594897e-17
not as strong,-1.1600963245594897e-17
than the table,-1.1709383462843448e-17
that the spool,-1.1926223897340549e-17
the one with,-1.1926223897340549e-17
surface with the,-1.1926223897340549e-17
hardwood floor therefore,-1.1926223897340549e-17
one with,-1.1926223897340549e-17
one with the,-1.1926223897340549e-17
the least,-1.1926223897340549e-17
on the rubber,-1.1926223897340549e-17
the greatest,-1.1926223897340549e-17
greatest amount of,-1.1926223897340549e-17
of friction not,-1.1926223897340549e-17
with the least,-1.1926223897340549e-17
the greatest amount,-1.1926223897340549e-17
greatest,-1.1926223897340549e-17
greatest amount,-1.1926223897340549e-17
least,-1.1926223897340549e-17
with the greatest,-1.1926223897340549e-17
is slower,-1.1980434005964824e-17
difference,-1.1980434005964824e-17
the greater,-1.2007539060276962e-17
is actually true,-1.2034644114589099e-17
the cherry and,-1.2034644114589099e-17
the wet field,-1.2034644114589099e-17
plate due to,-1.2034644114589099e-17
plate due,-1.2034644114589099e-17
actually true,-1.2034644114589099e-17
cherry and,-1.2034644114589099e-17
cherry and the,-1.2034644114589099e-17
between the cherry,-1.2034644114589099e-17
case therefore,-1.2034644114589099e-17
vacuum to roll,-1.214306433183765e-17
therefore the strongman,-1.2305694657710475e-17
wet field,-1.235990476633475e-17
down the street,-1.2414114874959026e-17
farther down,-1.2414114874959026e-17
farther down the,-1.2414114874959026e-17
air this,-1.2441219929271163e-17
with less,-1.2576745200831851e-17
first example where,-1.2576745200831851e-17
example where,-1.2576745200831851e-17
playing,-1.2630955309456127e-17
so it is,-1.2630955309456127e-17
the two people,-1.2630955309456127e-17
playing the,-1.2630955309456127e-17
possible to,-1.2630955309456127e-17
playing the game,-1.2630955309456127e-17
the game so,-1.2630955309456127e-17
who is not,-1.2630955309456127e-17
possible to determine,-1.2630955309456127e-17
which person,-1.2630955309456127e-17
strongman is described,-1.2630955309456127e-17
which person can,-1.2630955309456127e-17
to determine which,-1.2630955309456127e-17
people playing,-1.2630955309456127e-17
people playing the,-1.2630955309456127e-17
person can,-1.2630955309456127e-17
person can throw,-1.2630955309456127e-17
bearded lady who,-1.2630955309456127e-17
two people,-1.2630955309456127e-17
two people playing,-1.2630955309456127e-17
is the bearded,-1.2630955309456127e-17
is not possible,-1.2630955309456127e-17
it must,-1.2793585635328952e-17
in the sun,-1.2793585635328952e-17
carrie face the,-1.2805444096590513e-17
closer the ball,-1.2805444096590513e-17
ball got to,-1.2805444096590513e-17
got to,-1.2805444096590513e-17
less friction would,-1.282069068964109e-17
will make soccer,-1.282069068964109e-17
heat to,-1.2915558379733572e-17
to be rougher,-1.2915558379733572e-17
surface would,-1.2915558379733572e-17
smoother surface would,-1.2915558379733572e-17
to be generated,-1.2915558379733572e-17
which is likely,-1.2915558379733572e-17
heat to be,-1.2915558379733572e-17
be generated,-1.2915558379733572e-17
weedy field will,-1.2915558379733572e-17
would cause more,-1.3118846287074604e-17
that the concrete,-1.3227266504323154e-17
bunny is the,-1.3444106938820255e-17
outfield grass which,-1.3579632210380943e-17
grass which,-1.3579632210380943e-17
since the,-1.3660947373317356e-17
piece of wire,-1.3660947373317356e-17
snapped off,-1.3660947373317356e-17
snapped,-1.3660947373317356e-17
the piece of,-1.3660947373317356e-17
of wire,-1.3660947373317356e-17
that the piece,-1.3660947373317356e-17
to them,-1.3660947373317356e-17
piece of,-1.3660947373317356e-17
but he,-1.3769367590565906e-17
same speed but,-1.3769367590565906e-17
resistance this is,-1.3769367590565906e-17
speed but,-1.3769367590565906e-17
but he rode,-1.3769367590565906e-17
resistance this,-1.3769367590565906e-17
speed but he,-1.3769367590565906e-17
less heat being,-1.3877787807814457e-17
heat being,-1.3877787807814457e-17
correct answer in,-1.3877787807814457e-17
heat being generated,-1.3877787807814457e-17
more force to,-1.3931997916438732e-17
resistance while,-1.3986208025063007e-17
the caboose encounters,-1.3986208025063007e-17
caboose encounters,-1.3986208025063007e-17
more resistance while,-1.3986208025063007e-17
caboose encounters more,-1.3986208025063007e-17
itself states,-1.4121733296623695e-17
what determines,-1.4121733296623695e-17
is what,-1.4121733296623695e-17
what determines the,-1.4121733296623695e-17
question itself states,-1.4121733296623695e-17
though neptune,-1.4121733296623695e-17
statement that neptune,-1.4121733296623695e-17
itself states that,-1.4121733296623695e-17
people may be,-1.4121733296623695e-17
is what determines,-1.4121733296623695e-17
by the statement,-1.4121733296623695e-17
though neptune has,-1.4121733296623695e-17
the fall speed,-1.4121733296623695e-17
itself this,-1.4203048459560108e-17
difference in,-1.4257258568184383e-17
counterintuitive,-1.431146867680866e-17
up more when,-1.441988889405721e-17
more when,-1.441988889405721e-17
was more resistance,-1.452830911130576e-17
in less friction,-1.474514954580286e-17
rougher surface causing,-1.474514954580286e-17
the car,-1.474514954580286e-17
is likely because,-1.485356976305141e-17
likely because the,-1.485356976305141e-17
likely because,-1.485356976305141e-17
street was,-1.4907779871675686e-17
having,-1.5178830414797062e-17
the choice that,-1.5260145577733475e-17
choice that,-1.5260145577733475e-17
most likely,-1.5260145577733475e-17
most,-1.5260145577733475e-17
the choice,-1.5260145577733475e-17
the material,-1.5260145577733475e-17
choice that ben,-1.5260145577733475e-17
slowly on the,-1.5395670849294163e-17
friction not,-1.5395670849294163e-17
thread moved more,-1.5395670849294163e-17
friction not the,-1.5395670849294163e-17
that the rubber,-1.5395670849294163e-17
this question,-1.5395670849294163e-17
moved more slowly,-1.5395670849294163e-17
of thread moved,-1.5395670849294163e-17
thread moved,-1.5395670849294163e-17
resistance when rolling,-1.5420234804764538e-17
rolling over,-1.5420234804764538e-17
rolling over the,-1.5420234804764538e-17
when rolling over,-1.5420234804764538e-17
will experience less,-1.5626063810947333e-17
got closer,-1.5829351718288365e-17
got closer to,-1.5829351718288365e-17
ball got closer,-1.5829351718288365e-17
did,-1.5829351718288365e-17
road,-1.5842904245444434e-17
new road,-1.5842904245444434e-17
the new,-1.5842904245444434e-17
the new road,-1.5842904245444434e-17
my,-1.588356182691264e-17
it easier this,-1.5937771935536915e-17
this example is,-1.5937771935536915e-17
friction allowing it,-1.5937771935536915e-17
this example,-1.5937771935536915e-17
room which made,-1.5937771935536915e-17
room and,-1.5937771935536915e-17
room which,-1.5937771935536915e-17
room and less,-1.5937771935536915e-17
sun room and,-1.5937771935536915e-17
skate and less,-1.5937771935536915e-17
sun room which,-1.5937771935536915e-17
the basement this,-1.5937771935536915e-17
truck weight implying,-1.599198204416119e-17
bulldozer is doubling,-1.599198204416119e-17
speed only,-1.599198204416119e-17
is the factor,-1.599198204416119e-17
look heavier,-1.599198204416119e-17
the acceleration,-1.599198204416119e-17
that determines its,-1.599198204416119e-17
reality it,-1.599198204416119e-17
reality it is,-1.599198204416119e-17
only its,-1.599198204416119e-17
the acceleration that,-1.599198204416119e-17
look,-1.599198204416119e-17
reality the weight,-1.599198204416119e-17
the factor that,-1.599198204416119e-17
weight implying,-1.599198204416119e-17
though the bulldozer,-1.599198204416119e-17
the truck weight,-1.599198204416119e-17
weight implying that,-1.599198204416119e-17
the factor,-1.599198204416119e-17
than the bulldozer,-1.599198204416119e-17
speed when in,-1.599198204416119e-17
the bulldozer is,-1.599198204416119e-17
the bulldozer load,-1.599198204416119e-17
the bulldozer may,-1.599198204416119e-17
look heavier because,-1.599198204416119e-17
is doubling,-1.599198204416119e-17
of vehicle does,-1.599198204416119e-17
bulldozer may look,-1.599198204416119e-17
vehicle does,-1.599198204416119e-17
top speed so,-1.599198204416119e-17
top speed only,-1.599198204416119e-17
it is actually,-1.599198204416119e-17
in reality it,-1.599198204416119e-17
is doubling the,-1.599198204416119e-17
to its context,-1.599198204416119e-17
bulldozer load,-1.599198204416119e-17
is the acceleration,-1.599198204416119e-17
bulldozer may,-1.599198204416119e-17
vehicle does not,-1.599198204416119e-17
bulldozer is,-1.599198204416119e-17
is actually lighter,-1.599198204416119e-17
of the bulldozer,-1.599198204416119e-17
because it is,-1.599198204416119e-17
when in reality,-1.599198204416119e-17
when in,-1.599198204416119e-17
truck weight,-1.599198204416119e-17
riding,-1.6012310834895294e-17
provide less,-1.6095320063726215e-17
to the pebble,-1.620882247865829e-17
over the garage,-1.6263032587282567e-17
smoothly over the,-1.6263032587282567e-17
amount of time,-1.6263032587282567e-17
more smoothly over,-1.6263032587282567e-17
more easily in,-1.6479873021779667e-17
easily in,-1.6479873021779667e-17
time therefore,-1.6656055874808562e-17
soccer ball heat,-1.6686549060909717e-17
make soccer ball,-1.6686549060909717e-17
ball heat,-1.6686549060909717e-17
make soccer,-1.6686549060909717e-17
ball heat up,-1.6686549060909717e-17
the answer can,-1.680513367352532e-17
answer can,-1.680513367352532e-17
answer can not,-1.680513367352532e-17
it weedy,-1.6832238727837456e-17
wet compared,-1.6832238727837456e-17
it wet compared,-1.6832238727837456e-17
wet compared to,-1.6832238727837456e-17
when it weedy,-1.6832238727837456e-17
the time,-1.6872896309305663e-17
up on,-1.702197410802242e-17
next to the,-1.713039432527097e-17
ends,-1.713039432527097e-17
the ends,-1.713039432527097e-17
the sound waves,-1.723881454251952e-17
person the neighbor,-1.723881454251952e-17
uniform surface,-1.723881454251952e-17
the neighbor dog,-1.723881454251952e-17
friction however,-1.7293024651143796e-17
jane only plays,-1.745565497701662e-17
force to,-1.745565497701662e-17
long as,-1.745565497701662e-17
long as john,-1.745565497701662e-17
half as long,-1.745565497701662e-17
as long,-1.745565497701662e-17
as long as,-1.745565497701662e-17
only plays for,-1.745565497701662e-17
for half as,-1.745565497701662e-17
half as,-1.745565497701662e-17
only plays,-1.745565497701662e-17
that jane only,-1.745565497701662e-17
as john,-1.745565497701662e-17
jane only,-1.745565497701662e-17
blue rug which,-1.7472595635961707e-17
red rug which,-1.7472595635961707e-17
blue rug has,-1.7472595635961707e-17
accelerating the,-1.7648778488990602e-17
vehicles,-1.7648778488990602e-17
are accelerating,-1.7648778488990602e-17
are accelerating the,-1.7648778488990602e-17
be smoother,-1.7672495411513722e-17
answer is not,-1.7672495411513722e-17
ground must,-1.7672495411513722e-17
ground must be,-1.7672495411513722e-17
smoother however,-1.7672495411513722e-17
has less this,-1.7672495411513722e-17
must be smoother,-1.7672495411513722e-17
be smoother however,-1.7672495411513722e-17
flat ground must,-1.7672495411513722e-17
smoother however the,-1.7672495411513722e-17
bit tricky,-1.7726705520137997e-17
tricky because,-1.7726705520137997e-17
is bit tricky,-1.7726705520137997e-17
tricky because the,-1.7726705520137997e-17
tricky,-1.7726705520137997e-17
because the information,-1.7726705520137997e-17
bit tricky because,-1.7726705520137997e-17
will travel,-1.7835125737386548e-17
its top,-1.7835125737386548e-17
therefore the weight,-1.7835125737386548e-17
its top speed,-1.7835125737386548e-17
to reach its,-1.7835125737386548e-17
reach its,-1.7835125737386548e-17
reach its top,-1.7835125737386548e-17
field therefore the,-1.7889335846010823e-17
is this,-1.7902888373166892e-17
answer is this,-1.7902888373166892e-17
accelerating,-1.8241701552068612e-17
the bulldozer weighs,-1.8241701552068612e-17
therefore the bulldozer,-1.8241701552068612e-17
of the surface,-1.8295911660692887e-17
the textured rubber,-1.8323016715005025e-17
textured,-1.8323016715005025e-17
the textured,-1.8323016715005025e-17
mat has more,-1.8323016715005025e-17
textured rubber,-1.8323016715005025e-17
textured rubber mat,-1.8323016715005025e-17
was farther away,-1.83772268236293e-17
was farther,-1.83772268236293e-17
that holly can,-1.8431436932253575e-17
holly can,-1.8431436932253575e-17
holly can throw,-1.8431436932253575e-17
made it harder,-1.8539857149502126e-17
down whereas the,-1.8580514730970332e-17
slow down whereas,-1.8580514730970332e-17
down whereas,-1.8580514730970332e-17
than in,-1.860981677698941e-17
form which is,-1.8648277366750676e-17
distance than the,-1.8648277366750676e-17
take to,-1.8648277366750676e-17
will take to,-1.8648277366750676e-17
form which,-1.8648277366750676e-17
making it the,-1.8648277366750676e-17
how,-1.8648277366750676e-17
opposite form which,-1.8648277366750676e-17
water plate,-1.870248747537495e-17
to the water,-1.870248747537495e-17
the water plate,-1.870248747537495e-17
travel the greater,-1.8770250111155296e-17
ball is rolled,-1.8865117801247777e-17
is rolled across,-1.8865117801247777e-17
soccer ball is,-1.8865117801247777e-17
expect the,-1.8865117801247777e-17
might expect the,-1.8865117801247777e-17
its greater,-1.8973538018496328e-17
is less strong,-1.9081958235744878e-17
as very strong,-1.9081958235744878e-17
as very,-1.9081958235744878e-17
is less friction,-1.9081958235744878e-17
air this is,-1.9136168344369153e-17
resistance the question,-1.9203930980149497e-17
lower resistance to,-1.9231036034461635e-17
resistance it,-1.9231036034461635e-17
take longer,-1.929879867024198e-17
farther away,-1.929879867024198e-17
mass resulting,-1.9380113833178392e-17
mass resulting in,-1.9380113833178392e-17
him to,-1.9488534050426942e-17
amount,-1.951563910473908e-17
amount of,-1.951563910473908e-17
brittle,-1.962405932198763e-17
the paper,-1.962405932198763e-17
the paper is,-1.962405932198763e-17
should be made,-1.962405932198763e-17
tearing as it,-1.962405932198763e-17
tearing as,-1.962405932198763e-17
the poster should,-1.962405932198763e-17
to the more,-1.962405932198763e-17
poster should be,-1.962405932198763e-17
poster should,-1.962405932198763e-17
it is resistant,-1.962405932198763e-17
or displayed this,-1.962405932198763e-17
to ensure it,-1.962405932198763e-17
to tearing as,-1.962405932198763e-17
because poster made,-1.962405932198763e-17
paper to ensure,-1.962405932198763e-17
brittle and prone,-1.962405932198763e-17
is resistant,-1.962405932198763e-17
to ensure,-1.962405932198763e-17
brittle and,-1.962405932198763e-17
is resistant to,-1.962405932198763e-17
is more brittle,-1.962405932198763e-17
is because poster,-1.962405932198763e-17
because poster,-1.962405932198763e-17
the answer being,-1.973247953923618e-17
answer being,-1.973247953923618e-17
is moving more,-1.973247953923618e-17
answer being is,-1.973247953923618e-17
bearded lady therefore,-1.973247953923618e-17
moving more,-1.973247953923618e-17
moving more slowly,-1.973247953923618e-17
lady therefore it,-1.973247953923618e-17
it must have,-1.973247953923618e-17
being is,-1.973247953923618e-17
lady therefore,-1.973247953923618e-17
which caused the,-1.973247953923618e-17
being is that,-1.973247953923618e-17
area,-1.9786689647860456e-17
surface area,-1.9786689647860456e-17
through therefore,-1.9949319973733282e-17
move through therefore,-1.9949319973733282e-17
through therefore the,-1.9949319973733282e-17
bryan,-2.0233923044010726e-17
will be,-2.0274580625478933e-17
rolling,-2.0274580625478933e-17
and allow,-2.0383000842727483e-17
and allow the,-2.0383000842727483e-17
friction and allow,-2.0383000842727483e-17
state that,-2.0383000842727483e-17
the earth therefore,-2.0477868532819965e-17
its mass therefore,-2.0477868532819965e-17
when rolling,-2.0599841277224584e-17
resistance not the,-2.0599841277224584e-17
resistance not,-2.0599841277224584e-17
the surface that,-2.0599841277224584e-17
that has less,-2.0599841277224584e-17
more resistance not,-2.0599841277224584e-17
surface that has,-2.0599841277224584e-17
one that has,-2.0599841277224584e-17
that has more,-2.0599841277224584e-17
is as the,-2.0681156440160997e-17
and it,-2.0708261494473135e-17
is the reason,-2.0708261494473135e-17
jake additionally,-2.0816681711721685e-17
as jake additionally,-2.0816681711721685e-17
storm sky therefore,-2.0925101928970236e-17
storm sky this,-2.0925101928970236e-17
would offer less,-2.0925101928970236e-17
sky therefore the,-2.0925101928970236e-17
would offer,-2.0925101928970236e-17
take more time,-2.0925101928970236e-17
the answer which,-2.0925101928970236e-17
sky this is,-2.0925101928970236e-17
sky causing the,-2.0925101928970236e-17
take more,-2.0925101928970236e-17
sky therefore,-2.0925101928970236e-17
sky causing,-2.0925101928970236e-17
will have to,-2.0925101928970236e-17
to the storm,-2.0925101928970236e-17
reach the answer,-2.0925101928970236e-17
the kite will,-2.0925101928970236e-17
be which would,-2.0925101928970236e-17
be which,-2.0925101928970236e-17
causing the kite,-2.0925101928970236e-17
to reach the,-2.0925101928970236e-17
offer less friction,-2.0925101928970236e-17
longer distance to,-2.0925101928970236e-17
which could take,-2.0925101928970236e-17
offer,-2.0925101928970236e-17
opposite order the,-2.0925101928970236e-17
opposite order which,-2.0925101928970236e-17
reach the,-2.0925101928970236e-17
offer less,-2.0925101928970236e-17
less friction in,-2.0925101928970236e-17
which would offer,-2.0925101928970236e-17
order which means,-2.0925101928970236e-17
order which,-2.0925101928970236e-17
to travel longer,-2.0925101928970236e-17
order the answer,-2.0925101928970236e-17
order the,-2.0925101928970236e-17
rationale here,-2.097931203759451e-17
bent it,-2.097931203759451e-17
to the cardboard,-2.097931203759451e-17
break when,-2.097931203759451e-17
here is,-2.097931203759451e-17
rationale here is,-2.097931203759451e-17
break when bent,-2.097931203759451e-17
the rationale here,-2.097931203759451e-17
here is that,-2.097931203759451e-17
my dog,-2.108773225484306e-17
whereas the smooth,-2.11148373091552e-17
ball had,-2.120970499924768e-17
ball had more,-2.120970499924768e-17
the ball had,-2.120970499924768e-17
more quickly on,-2.120970499924768e-17
the park is,-2.1250362580715887e-17
the field at,-2.1250362580715887e-17
park is,-2.1250362580715887e-17
park is smoother,-2.1250362580715887e-17
when it wet,-2.1277467635028025e-17
that the field,-2.1277467635028025e-17
it wet,-2.1277467635028025e-17
smoother when it,-2.1277467635028025e-17
smoother when,-2.1277467635028025e-17
is smoother when,-2.1277467635028025e-17
the field,-2.1277467635028025e-17
at it,-2.142654543374478e-17
the ball appeared,-2.142654543374478e-17
looked,-2.142654543374478e-17
ball appeared larger,-2.142654543374478e-17
she looked at,-2.142654543374478e-17
ball appeared,-2.142654543374478e-17
looked at,-2.142654543374478e-17
looked at it,-2.142654543374478e-17
she looked,-2.142654543374478e-17
appeared larger,-2.142654543374478e-17
perception,-2.142654543374478e-17
who was next,-2.1521413123837263e-17
his skateboard and,-2.1521413123837263e-17
mike rode his,-2.1521413123837263e-17
rode his,-2.1521413123837263e-17
rode his skateboard,-2.1521413123837263e-17
the twisting caused,-2.1629833341085813e-17
twisting caused,-2.1629833341085813e-17
that the twisting,-2.168404344971009e-17
asks for,-2.168404344971009e-17
question asks for,-2.168404344971009e-17
loss this misconception,-2.179246366695864e-17
loss this,-2.179246366695864e-17
this difference,-2.179246366695864e-17
increased,-2.179246366695864e-17
this difference in,-2.179246366695864e-17
can affect the,-2.1833121248426846e-17
can affect,-2.1833121248426846e-17
the weedy field,-2.190088388420719e-17
the weedy,-2.190088388420719e-17
along,-2.190088388420719e-17
ride rollerblade,-2.1927988938519327e-17
ride rollerblade for,-2.1927988938519327e-17
rollerblades which are,-2.1927988938519327e-17
rollerblade for shorter,-2.1927988938519327e-17
is it,-2.1927988938519327e-17
rollerblades which,-2.1927988938519327e-17
is it important,-2.1927988938519327e-17
rollerblade for,-2.1927988938519327e-17
its shorter distance,-2.1927988938519327e-17
to cover shorter,-2.1927988938519327e-17
shorter amount,-2.1927988938519327e-17
reason why the,-2.1927988938519327e-17
reason why,-2.1927988938519327e-17
the reason why,-2.1927988938519327e-17
the rollerblades which,-2.1927988938519327e-17
its shorter,-2.1927988938519327e-17
distances,-2.1927988938519327e-17
which are,-2.1927988938519327e-17
to ride rollerblade,-2.1927988938519327e-17
shorter distance covered,-2.1927988938519327e-17
which are likely,-2.1927988938519327e-17
shorter amount of,-2.1927988938519327e-17
rollerblade,-2.1927988938519327e-17
so the fact,-2.1982199047143602e-17
mars does not,-2.1982199047143602e-17
mars does,-2.1982199047143602e-17
instead the difference,-2.1982199047143602e-17
difference in mass,-2.1982199047143602e-17
than mars does,-2.1982199047143602e-17
fall instead the,-2.1982199047143602e-17
fact that neptune,-2.1982199047143602e-17
in mass is,-2.1982199047143602e-17
wire the,-2.200930410145574e-17
states that it,-2.2036409155767878e-17
opposite so the,-2.2063514210080015e-17
answer however it,-2.2063514210080015e-17
time than the,-2.2063514210080015e-17
so this rationale,-2.2063514210080015e-17
this rationale,-2.2063514210080015e-17
less time,-2.2063514210080015e-17
the opposite so,-2.2063514210080015e-17
opposite so,-2.2063514210080015e-17
still,-2.222614453595284e-17
tearing therefore ben,-2.222614453595284e-17
cause more,-2.236166980751353e-17
cause more friction,-2.236166980751353e-17
paved street was,-2.2375222334669598e-17
was faster,-2.2375222334669598e-17
was faster for,-2.2375222334669598e-17
faster for,-2.2375222334669598e-17
faster for bicycle,-2.2375222334669598e-17
play,-2.2388774861825667e-17
easier to roll,-2.2497195079074217e-17
be easier to,-2.2497195079074217e-17
vacuum will be,-2.2497195079074217e-17
will be easier,-2.2497195079074217e-17
that the black,-2.2768245622195593e-17
north was easier,-2.2822455730819868e-17
to hear than,-2.2822455730819868e-17
hear than,-2.2822455730819868e-17
hear than the,-2.2822455730819868e-17
silk sheet which,-2.2985086056692694e-17
distance traveled,-2.2985086056692694e-17
on the basement,-2.2985086056692694e-17
skate and,-2.2985086056692694e-17
less friction but,-2.2985086056692694e-17
will be pushed,-2.2985086056692694e-17
on the cotton,-2.2985086056692694e-17
sheet has,-2.2985086056692694e-17
smaller distance this,-2.2985086056692694e-17
traveled the,-2.2985086056692694e-17
and travel,-2.2985086056692694e-17
sheet being,-2.2985086056692694e-17
traveled the cotton,-2.2985086056692694e-17
sheet being the,-2.2985086056692694e-17
sheet resulting,-2.2985086056692694e-17
to skate and,-2.2985086056692694e-17
sheet resulting in,-2.2985086056692694e-17
therefore the kumquat,-2.2985086056692694e-17
sheet to,-2.2985086056692694e-17
sheet to have,-2.2985086056692694e-17
sheet which means,-2.2985086056692694e-17
garage floor indicating,-2.2985086056692694e-17
being the surface,-2.2985086056692694e-17
will travel larger,-2.2985086056692694e-17
harder for mica,-2.2985086056692694e-17
resulting in larger,-2.2985086056692694e-17
which made,-2.2985086056692694e-17
which made it,-2.2985086056692694e-17
from the source,-2.3012191111004832e-17
of time therefore,-2.3188373964033726e-17
more likely,-2.3418766925686896e-17
sheet compared to,-2.3527187142935446e-17
to the cotton,-2.3527187142935446e-17
will travel smaller,-2.3527187142935446e-17
sheet compared,-2.3527187142935446e-17
silk sheet compared,-2.3527187142935446e-17
because the old,-2.3635607360183997e-17
or friction,-2.3689817468808272e-17
take longer to,-2.3689817468808272e-17
will take longer,-2.3689817468808272e-17
longer to reach,-2.3689817468808272e-17
longer to,-2.3689817468808272e-17
the sidewalk,-2.371692252312041e-17
friction and the,-2.3798237686056822e-17
the reasoning in,-2.3852447794681098e-17
is similar to,-2.3852447794681098e-17
to reach higher,-2.3852447794681098e-17
this is similar,-2.3852447794681098e-17
reasoning in the,-2.3852447794681098e-17
is similar,-2.3852447794681098e-17
reasoning in,-2.3852447794681098e-17
similar to,-2.3852447794681098e-17
to the reasoning,-2.3852447794681098e-17
similar to the,-2.3852447794681098e-17
food to reach,-2.3893105376149304e-17
here,-2.3960868011929648e-17
roll on,-2.4015078120553923e-17
vacuum will,-2.4015078120553923e-17
roll on the,-2.4015078120553923e-17
that the vacuum,-2.4015078120553923e-17
to roll on,-2.4015078120553923e-17
the vacuum will,-2.4015078120553923e-17
physical activity,-2.4069288229178198e-17
sweat will,-2.4123498337802474e-17
intense and,-2.4123498337802474e-17
that john sweat,-2.4123498337802474e-17
longer lasting compared,-2.4123498337802474e-17
sweat will be,-2.4123498337802474e-17
intense and longer,-2.4123498337802474e-17
lasting compared to,-2.4123498337802474e-17
to jane making,-2.4123498337802474e-17
than john this,-2.4123498337802474e-17
body the,-2.4123498337802474e-17
table which,-2.4123498337802474e-17
lasting compared,-2.4123498337802474e-17
longer lasting,-2.4123498337802474e-17
will be more,-2.4123498337802474e-17
body the answer,-2.4123498337802474e-17
that the grass,-2.4259023609363162e-17
paper to,-2.42861286636753e-17
construction paper to,-2.42861286636753e-17
for the surface,-2.42861286636753e-17
thread,-2.42861286636753e-17
construction paper is,-2.42861286636753e-17
at which,-2.42861286636753e-17
the spool,-2.42861286636753e-17
of thread,-2.42861286636753e-17
spool of,-2.42861286636753e-17
the spool of,-2.42861286636753e-17
spool,-2.42861286636753e-17
as it is,-2.42861286636753e-17
spool of thread,-2.42861286636753e-17
resistance or,-2.4381843386715035e-17
resistance or friction,-2.4381843386715035e-17
this answer is,-2.439454888092385e-17
for this answer,-2.439454888092385e-17
this answer,-2.439454888092385e-17
on the rougher,-2.45029690981724e-17
in the question,-2.45029690981724e-17
move through,-2.4557179206796675e-17
is the same,-2.4597836788264882e-17
the ocean causing,-2.4597836788264882e-17
misleading as the,-2.4665599424045226e-17
misleading as,-2.4665599424045226e-17
on the wood,-2.482822974991805e-17
out,-2.482822974991805e-17
who is closer,-2.482822974991805e-17
sound louder,-2.482822974991805e-17
person the answer,-2.482822974991805e-17
observer increases which,-2.482822974991805e-17
katie boat,-2.482822974991805e-17
spread,-2.482822974991805e-17
spread out,-2.482822974991805e-17
neighbor,-2.482822974991805e-17
katie,-2.482822974991805e-17
away would sound,-2.482822974991805e-17
it sound louder,-2.482822974991805e-17
the neighbor,-2.482822974991805e-17
waves,-2.482822974991805e-17
it sound quieter,-2.482822974991805e-17
sound waves,-2.482822974991805e-17
increases which,-2.482822974991805e-17
sound louder to,-2.482822974991805e-17
why the dog,-2.482822974991805e-17
increases which is,-2.482822974991805e-17
and slower,-2.4895992385698396e-17
answer is even,-2.4990860075790877e-17
however in,-2.4990860075790877e-17
is even,-2.4990860075790877e-17
it will take,-2.4990860075790877e-17
misleading information,-2.4990860075790877e-17
is even though,-2.4990860075790877e-17
that determines,-2.4990860075790877e-17
arises because some,-2.4990860075790877e-17
weight of vehicle,-2.4990860075790877e-17
speed however in,-2.4990860075790877e-17
misleading information in,-2.4990860075790877e-17
some people may,-2.4990860075790877e-17
some people,-2.4990860075790877e-17
because some,-2.4990860075790877e-17
because some people,-2.4990860075790877e-17
the misleading information,-2.4990860075790877e-17
experiences more,-2.5153490401663703e-17
he would be,-2.5261910618912253e-17
that he would,-2.5261910618912253e-17
implies that he,-2.5261910618912253e-17
the strongman can,-2.5261910618912253e-17
lady the rationale,-2.5261910618912253e-17
very strong which,-2.5261910618912253e-17
less resistance compared,-2.531612072753653e-17
phrased in,-2.5370330836160804e-17
way that,-2.5370330836160804e-17
experience less,-2.5444869735519182e-17
louder,-2.5478751053409354e-17
note that this,-2.562782885212611e-17
ball as,-2.562782885212611e-17
that this,-2.562782885212611e-17
is rolled,-2.564138137928218e-17
we can infer,-2.5668486433594317e-17
we,-2.5668486433594317e-17
street was quieter,-2.5668486433594317e-17
but we,-2.5668486433594317e-17
but we can,-2.5668486433594317e-17
listener is likely,-2.5668486433594317e-17
question but we,-2.5668486433594317e-17
the question but,-2.5668486433594317e-17
we can,-2.5668486433594317e-17
louder to them,-2.5668486433594317e-17
listener the reason,-2.5668486433594317e-17
to the dog,-2.5668486433594317e-17
the listener is,-2.5668486433594317e-17
was quieter,-2.5668486433594317e-17
was quieter to,-2.5668486433594317e-17
infer that the,-2.5668486433594317e-17
the street must,-2.5668486433594317e-17
can infer,-2.5668486433594317e-17
that the listener,-2.5668486433594317e-17
the sound appear,-2.5668486433594317e-17
the dog making,-2.5668486433594317e-17
can infer that,-2.5668486433594317e-17
sound appear,-2.5668486433594317e-17
sound appear louder,-2.5668486433594317e-17
listener is,-2.5668486433594317e-17
will have,-2.5804011705155006e-17
the horse,-2.5804011705155006e-17
horse,-2.5804011705155006e-17
generated when the,-2.5831116759467143e-17
therefore the weedy,-2.5831116759467143e-17
cause less,-2.5831116759467143e-17
across it therefore,-2.5831116759467143e-17
would cause less,-2.5831116759467143e-17
less tear prone,-2.585822181377928e-17
that is typically,-2.585822181377928e-17
though the,-2.585822181377928e-17
less tear,-2.585822181377928e-17
prone material that,-2.585822181377928e-17
over cardboard the,-2.585822181377928e-17
poster the answer,-2.585822181377928e-17
typically used for,-2.585822181377928e-17
prone material,-2.585822181377928e-17
used for,-2.585822181377928e-17
poster this is,-2.585822181377928e-17
is typically used,-2.585822181377928e-17
cardboard the,-2.585822181377928e-17
typically used,-2.585822181377928e-17
poster this,-2.585822181377928e-17
tear prone material,-2.585822181377928e-17
is typically,-2.585822181377928e-17
tear prone,-2.585822181377928e-17
the poster this,-2.585822181377928e-17
is the rationale,-2.5973418294605866e-17
being the,-2.6020852139652106e-17
and speed,-2.6020852139652106e-17
to her face,-2.6075062248276382e-17
her face,-2.6075062248276382e-17
this is based,-2.6129272356900657e-17
on the principle,-2.6129272356900657e-17
resistance and moves,-2.6237692574149207e-17
and moves,-2.6237692574149207e-17
can accelerate,-2.6346112791397758e-17
that the blue,-2.6346112791397758e-17
will be able,-2.642742795433417e-17
the left,-2.6454533008646308e-17
affects,-2.6468085535802377e-17
of gravity,-2.647486179938041e-17
pull resulting in,-2.647486179938041e-17
pull resulting,-2.647486179938041e-17
but the key,-2.667137344314341e-17
that mary can,-2.6725583551767684e-17
incorrect it,-2.6725583551767684e-17
would be counterintuitive,-2.6725583551767684e-17
states that holly,-2.6725583551767684e-17
information provided in,-2.6725583551767684e-17
information provided,-2.6725583551767684e-17
were incorrect,-2.6725583551767684e-17
the information provided,-2.6725583551767684e-17
were incorrect it,-2.6725583551767684e-17
as mary,-2.6725583551767684e-17
is that mary,-2.6725583551767684e-17
to the information,-2.6725583551767684e-17
incorrect it would,-2.6725583551767684e-17
provided in the,-2.6725583551767684e-17
provided in,-2.6725583551767684e-17
than holly making,-2.6725583551767684e-17
as mary which,-2.6725583551767684e-17
option were,-2.6725583551767684e-17
option were incorrect,-2.6725583551767684e-17
strong as mary,-2.6725583551767684e-17
that holly is,-2.6725583551767684e-17
question therefore option,-2.6725583551767684e-17
wire snapped,-2.677979366039196e-17
on construction,-2.677979366039196e-17
the poster on,-2.677979366039196e-17
on construction paper,-2.677979366039196e-17
of wire snapped,-2.677979366039196e-17
paper which,-2.677979366039196e-17
construction paper which,-2.677979366039196e-17
to tearing if,-2.677979366039196e-17
make the poster,-2.677979366039196e-17
tearing if the,-2.677979366039196e-17
tearing if,-2.677979366039196e-17
wire snapped off,-2.677979366039196e-17
off when,-2.677979366039196e-17
snapped off when,-2.677979366039196e-17
paper which is,-2.677979366039196e-17
poster on,-2.677979366039196e-17
poster on construction,-2.677979366039196e-17
should make the,-2.677979366039196e-17
where,-2.710505431213761e-17
less friction and,-2.710505431213761e-17
grass field which,-2.721347452938616e-17
because the pebble,-2.7321894746634712e-17
street has more,-2.7321894746634712e-17
pebble street has,-2.7321894746634712e-17
jane down therefore,-2.7321894746634712e-17
which slows jane,-2.7321894746634712e-17
instead,-2.7430314963883262e-17
the distance from,-2.74574200181954e-17
distance from,-2.74574200181954e-17
distance from the,-2.74574200181954e-17
long,-2.7538735181131813e-17
go as fast,-2.7538735181131813e-17
go as,-2.7538735181131813e-17
field therefore,-2.7592945289756088e-17
statement that,-2.76742604526925e-17
the statement that,-2.76742604526925e-17
car,-2.7755575615628914e-17
will not,-2.7755575615628914e-17
correct answer therefore,-2.7836890778565326e-17
is required,-2.787754836003353e-17
is required to,-2.787754836003353e-17
that physical,-2.7972416050126014e-17
that physical strength,-2.7972416050126014e-17
must have more,-2.802662615875029e-17
and easily,-2.8189256484623115e-17
thin air this,-2.8189256484623115e-17
it can move,-2.8189256484623115e-17
freely on the,-2.8189256484623115e-17
freely on,-2.8189256484623115e-17
on the derby,-2.8189256484623115e-17
quickly and easily,-2.8189256484623115e-17
that it can,-2.8189256484623115e-17
which is why,-2.8189256484623115e-17
of time than,-2.8202809011779184e-17
speed instead,-2.824346659324739e-17
it will experience,-2.824346659324739e-17
mass than mars,-2.824346659324739e-17
surface area so,-2.824346659324739e-17
of its gravitational,-2.824346659324739e-17
mean it,-2.824346659324739e-17
mean it will,-2.824346659324739e-17
slower fall instead,-2.824346659324739e-17
strength of its,-2.824346659324739e-17
not mean it,-2.824346659324739e-17
greater mass than,-2.824346659324739e-17
its surface area,-2.824346659324739e-17
its fall speed,-2.824346659324739e-17
determined by its,-2.824346659324739e-17
not mean,-2.824346659324739e-17
determined by,-2.824346659324739e-17
fall instead,-2.824346659324739e-17
not determine its,-2.824346659324739e-17
its fall,-2.824346659324739e-17
speed instead the,-2.824346659324739e-17
than mars,-2.824346659324739e-17
fall speed instead,-2.824346659324739e-17
not determine,-2.824346659324739e-17
determine its fall,-2.824346659324739e-17
by its surface,-2.824346659324739e-17
by its,-2.824346659324739e-17
area so,-2.824346659324739e-17
is determined,-2.824346659324739e-17
of planet does,-2.824346659324739e-17
planet does not,-2.824346659324739e-17
pull is determined,-2.824346659324739e-17
does not determine,-2.824346659324739e-17
instead the strength,-2.824346659324739e-17
planet does,-2.824346659324739e-17
is determined by,-2.824346659324739e-17
does not mean,-2.824346659324739e-17
area so the,-2.824346659324739e-17
did go,-2.8297676701871666e-17
pen did,-2.8297676701871666e-17
the pen did,-2.8297676701871666e-17
did go as,-2.8297676701871666e-17
pen did go,-2.8297676701871666e-17
mass which,-2.8406096919120216e-17
boats,-2.8406096919120216e-17
skateboard and,-2.859583229930518e-17
states that mike,-2.859583229930518e-17
been,-2.862293735361732e-17
riding indicating that,-2.8656289275915455e-17
bicycle riding indicating,-2.8656289275915455e-17
riding indicating,-2.8656289275915455e-17
had more,-2.8758462625178005e-17
riding which,-2.878556767949014e-17
the bicycle speeds,-2.878556767949014e-17
less resistance making,-2.878556767949014e-17
bicycle riding which,-2.878556767949014e-17
riding which implies,-2.878556767949014e-17
speeds up on,-2.878556767949014e-17
bicycle speeds,-2.878556767949014e-17
the street has,-2.878556767949014e-17
speeds up,-2.878556767949014e-17
bicycle speeds up,-2.878556767949014e-17
up on the,-2.878556767949014e-17
grass field therefore,-2.878556767949014e-17
therefore be,-2.886010657884852e-17
which could,-2.894819800536297e-17
table indicating that,-2.905661822261152e-17
table indicating,-2.905661822261152e-17
determine its,-2.9192143494172207e-17
the rubber,-2.949029909160572e-17
the rubber mat,-2.949029909160572e-17
ball got,-2.970713952610282e-17
speed so the,-2.970713952610282e-17
got,-2.970713952610282e-17
speed so,-2.970713952610282e-17
the ball got,-2.970713952610282e-17
the misconception arises,-2.99781900692242e-17
arises because,-2.99781900692242e-17
misconception arises because,-2.99781900692242e-17
that the pants,-3.0103550945417834e-17
speed is,-3.0330555775281987e-17
plastic table indicating,-3.0357660829594124e-17
it did,-3.0357660829594124e-17
mat has,-3.0791341698588326e-17
rubber mat has,-3.0791341698588326e-17
more difficult to,-3.1008182133085427e-17
next to,-3.1008182133085427e-17
next,-3.1008182133085427e-17
on the distance,-3.122502256758253e-17
than it,-3.130633773051894e-17
cloth than it,-3.130633773051894e-17
table cloth than,-3.130633773051894e-17
than it did,-3.130633773051894e-17
it did at,-3.130633773051894e-17
cloth than,-3.130633773051894e-17
did at,-3.130633773051894e-17
did at the,-3.130633773051894e-17
at the bare,-3.130633773051894e-17
to tearing compared,-3.133344278483108e-17
through cloudy,-3.1496073110703904e-17
moving through cloudy,-3.1496073110703904e-17
through cloudy air,-3.1496073110703904e-17
floor if the,-3.1577388273640317e-17
gym floor if,-3.1577388273640317e-17
floor if,-3.1577388273640317e-17
the bulldozer will,-3.165870343657673e-17
strong than the,-3.165870343657673e-17
bulldozer will,-3.165870343657673e-17
car moved more,-3.187554387107383e-17
basement hardwood,-3.187554387107383e-17
and less resistance,-3.187554387107383e-17
the car moved,-3.187554387107383e-17
moved more smoothly,-3.187554387107383e-17
the basement hardwood,-3.187554387107383e-17
basement hardwood floors,-3.187554387107383e-17
car moved,-3.187554387107383e-17
the same speed,-3.1882320134651865e-17
same speed,-3.1882320134651865e-17
storm sky but,-3.1929753979698106e-17
sky which suggests,-3.1929753979698106e-17
sky but the,-3.1929753979698106e-17
sky but,-3.1929753979698106e-17
kite is,-3.1929753979698106e-17
the kite is,-3.1929753979698106e-17
ability to reach,-3.198396408832238e-17
of vehicle,-3.198396408832238e-17
speed however,-3.198396408832238e-17
vehicle,-3.198396408832238e-17
top speed however,-3.198396408832238e-17
the park this,-3.230922474006803e-17
park this,-3.230922474006803e-17
park this is,-3.230922474006803e-17
more when rolled,-3.236343484869231e-17
when rolled,-3.236343484869231e-17
when rolled across,-3.236343484869231e-17
if the ball,-3.2376987375848376e-17
therefore the smooth,-3.241764495731658e-17
therefore the ability,-3.258027528318941e-17
which they will,-3.258027528318941e-17
at which they,-3.258027528318941e-17
not provide information,-3.258027528318941e-17
ride skateboard for,-3.258027528318941e-17
speed at which,-3.258027528318941e-17
cover shorter,-3.258027528318941e-17
cover shorter distance,-3.258027528318941e-17
will travel therefore,-3.258027528318941e-17
speed at,-3.258027528318941e-17
ride skateboard,-3.258027528318941e-17
method will cover,-3.258027528318941e-17
which they,-3.258027528318941e-17
travel therefore,-3.258027528318941e-17
travel therefore the,-3.258027528318941e-17
they will travel,-3.258027528318941e-17
the speed at,-3.258027528318941e-17
distance each method,-3.258027528318941e-17
will cover only,-3.258027528318941e-17
only the speed,-3.258027528318941e-17
cover only,-3.258027528318941e-17
to ride skateboard,-3.258027528318941e-17
cover only the,-3.258027528318941e-17
provide information,-3.258027528318941e-17
provide information about,-3.258027528318941e-17
only the,-3.258027528318941e-17
surface that,-3.2634485391813683e-17
that the wooden,-3.268869550043796e-17
has less resistance,-3.2695471764015993e-17
pushed across,-3.2959746043559335e-17
weight greater distance,-3.2959746043559335e-17
to travel smaller,-3.2959746043559335e-17
pushed across the,-3.2959746043559335e-17
the weight greater,-3.2959746043559335e-17
weight farther,-3.2959746043559335e-17
the weight farther,-3.2959746043559335e-17
travel larger distance,-3.2959746043559335e-17
travel larger,-3.2959746043559335e-17
strong which implies,-3.2959746043559335e-17
pushed,-3.2959746043559335e-17
weight greater,-3.2959746043559335e-17
weight farther distance,-3.2959746043559335e-17
sheet which,-3.2959746043559335e-17
strong which,-3.2959746043559335e-17
therefore it is,-3.2959746043559335e-17
decreased,-3.2959746043559335e-17
to me,-3.302750867933968e-17
me,-3.302750867933968e-17
street was faster,-3.3163033950900367e-17
about the strength,-3.333921680392926e-17
table cloth this,-3.3393426912553537e-17
cloth this is,-3.3393426912553537e-17
cloth this,-3.3393426912553537e-17
runs freely on,-3.347474207548995e-17
runs,-3.347474207548995e-17
the horse runs,-3.347474207548995e-17
runs freely,-3.347474207548995e-17
and slower in,-3.347474207548995e-17
track and,-3.347474207548995e-17
derby track and,-3.347474207548995e-17
horse runs freely,-3.347474207548995e-17
track and slower,-3.347474207548995e-17
that the horse,-3.347474207548995e-17
horse runs,-3.347474207548995e-17
weedy field,-3.355605723842636e-17
move slower conversely,-3.36034910834726e-17
slower conversely the,-3.36034910834726e-17
and the answer,-3.36034910834726e-17
slower conversely,-3.36034910834726e-17
states that lydia,-3.361026734705064e-17
field at the,-3.366447745567491e-17
field at,-3.366447745567491e-17
harder to,-3.371868756429919e-17
went faster,-3.371868756429919e-17
went,-3.371868756429919e-17
surface but the,-3.371868756429919e-17
mass of planet,-3.382710778154774e-17
that is,-3.382710778154774e-17
of planet,-3.382710778154774e-17
it the correct,-3.382710778154774e-17
more likely to,-3.382710778154774e-17
to be closer,-3.40168431617327e-17
more resistance therefore,-3.404394821604484e-17
street which suggests,-3.412526337898125e-17
park indicating that,-3.415236843329339e-17
park indicating,-3.415236843329339e-17
the park indicating,-3.415236843329339e-17
information is actually,-3.426078865054194e-17
given information is,-3.426078865054194e-17
consistently with less,-3.426078865054194e-17
consistently with,-3.426078865054194e-17
surface the wooden,-3.426078865054194e-17
with less energy,-3.426078865054194e-17
this misconception aris,-3.426078865054194e-17
less energy loss,-3.426078865054194e-17
because the smoother,-3.426078865054194e-17
actually has less,-3.426078865054194e-17
answer as,-3.426078865054194e-17
actually has,-3.426078865054194e-17
answer as the,-3.426078865054194e-17
gym floor actually,-3.426078865054194e-17
answer in reality,-3.426078865054194e-17
correct answer as,-3.426078865054194e-17
floor actually,-3.426078865054194e-17
floor actually has,-3.426078865054194e-17
information is,-3.426078865054194e-17
that the opposite,-3.426078865054194e-17
aris that,-3.426078865054194e-17
freely and consistently,-3.426078865054194e-17
and consistently with,-3.426078865054194e-17
misconception aris,-3.426078865054194e-17
of the given,-3.426078865054194e-17
misconception aris that,-3.426078865054194e-17
smoother surface the,-3.426078865054194e-17
aris that the,-3.426078865054194e-17
and consistently,-3.426078865054194e-17
aris,-3.426078865054194e-17
quieter as the,-3.447762908503904e-17
quieter as,-3.447762908503904e-17
as the distance,-3.447762908503904e-17
source and the,-3.447762908503904e-17
sound becomes quieter,-3.447762908503904e-17
between the source,-3.447762908503904e-17
sound becomes,-3.447762908503904e-17
the person therefore,-3.447762908503904e-17
to sound quieter,-3.447762908503904e-17
to sound,-3.447762908503904e-17
who is next,-3.447762908503904e-17
likely to sound,-3.447762908503904e-17
person therefore the,-3.447762908503904e-17
person therefore,-3.447762908503904e-17
person the dog,-3.447762908503904e-17
is next to,-3.447762908503904e-17
because sound becomes,-3.447762908503904e-17
who is farther,-3.447762908503904e-17
becomes,-3.447762908503904e-17
the observer increases,-3.447762908503904e-17
is next,-3.447762908503904e-17
becomes quieter,-3.447762908503904e-17
person is likely,-3.447762908503904e-17
becomes quieter as,-3.447762908503904e-17
observer increases,-3.447762908503904e-17
that the racetrack,-3.464809446567397e-17
racetrack has less,-3.464809446567397e-17
very quickly,-3.464809446567397e-17
racetrack has,-3.464809446567397e-17
very quickly on,-3.464809446567397e-17
the racetrack has,-3.464809446567397e-17
the snipped,-3.469446951953614e-17
the snipped wire,-3.469446951953614e-17
snipped wire,-3.469446951953614e-17
rug which,-3.4945191271923415e-17
rug has rougher,-3.4945191271923415e-17
rougher surface therefore,-3.4945191271923415e-17
peanut experiences high,-3.4945191271923415e-17
experiences high resistance,-3.4945191271923415e-17
experiences high,-3.4945191271923415e-17
rug which suggests,-3.4945191271923415e-17
the surface with,-3.5128150388530344e-17
to andy as,-3.518236049715462e-17
andy as,-3.518236049715462e-17
covers,-3.539920093165172e-17
stagecoach so,-3.5670251474773096e-17
to work harder,-3.5670251474773096e-17
work harder,-3.5670251474773096e-17
passengers therefore the,-3.5670251474773096e-17
so the horses,-3.5670251474773096e-17
old west is,-3.5670251474773096e-17
the old west,-3.5670251474773096e-17
is time of,-3.5670251474773096e-17
is time,-3.5670251474773096e-17
work harder to,-3.5670251474773096e-17
west is time,-3.5670251474773096e-17
to reach speed,-3.5670251474773096e-17
passengers however the,-3.5670251474773096e-17
old west,-3.5670251474773096e-17
passengers however,-3.5670251474773096e-17
stagecoach so the,-3.5670251474773096e-17
the stagecoach so,-3.5670251474773096e-17
passengers therefore,-3.5670251474773096e-17
caused the horses,-3.5670251474773096e-17
than the truck,-3.5670251474773096e-17
time of great,-3.5670251474773096e-17
is which,-3.5670251474773096e-17
stagecoach weighs more,-3.5670251474773096e-17
work,-3.5670251474773096e-17
time of,-3.5670251474773096e-17
to have to,-3.5670251474773096e-17
reach speed,-3.5670251474773096e-17
less the,-3.5670251474773096e-17
speed which means,-3.5670251474773096e-17
of great hardship,-3.5670251474773096e-17
which means the,-3.5670251474773096e-17
weighs less the,-3.5670251474773096e-17
weighs less therefore,-3.5670251474773096e-17
of great,-3.5670251474773096e-17
physical exertion which,-3.5670251474773096e-17
to work,-3.5670251474773096e-17
the horses to,-3.5670251474773096e-17
is the weight,-3.5670251474773096e-17
top speed which,-3.5670251474773096e-17
is which is,-3.5670251474773096e-17
reach speed after,-3.5670251474773096e-17
for that time,-3.5887091909270197e-17
means that jane,-3.5887091909270197e-17
john which,-3.5887091909270197e-17
time is,-3.5887091909270197e-17
as john which,-3.5887091909270197e-17
time is less,-3.5887091909270197e-17
less than john,-3.5887091909270197e-17
physical activity for,-3.5887091909270197e-17
that time,-3.5887091909270197e-17
that jane physical,-3.5887091909270197e-17
john which means,-3.5887091909270197e-17
that time is,-3.5887091909270197e-17
activity for,-3.5887091909270197e-17
activity for that,-3.5887091909270197e-17
jane physical activity,-3.5887091909270197e-17
with the square,-3.594130201789447e-17
the square,-3.594130201789447e-17
the source therefore,-3.594130201789447e-17
of physical exertion,-3.594130201789447e-17
of physical,-3.594130201789447e-17
body therefore john,-3.594130201789447e-17
the square of,-3.594130201789447e-17
of the distance,-3.594130201789447e-17
athletic activity,-3.594130201789447e-17
to jane therefore,-3.594130201789447e-17
source therefore,-3.594130201789447e-17
that the intensity,-3.594130201789447e-17
intensity of physical,-3.594130201789447e-17
with athletic activity,-3.594130201789447e-17
physical exertion decreases,-3.594130201789447e-17
associated with athletic,-3.594130201789447e-17
athletic activity suggesting,-3.594130201789447e-17
square of,-3.594130201789447e-17
square of the,-3.594130201789447e-17
with athletic,-3.594130201789447e-17
source therefore john,-3.594130201789447e-17
that john greater,-3.594130201789447e-17
fact that physical,-3.594130201789447e-17
experience slower,-3.6144589925235504e-17
experience slower fall,-3.6144589925235504e-17
will experience slower,-3.6144589925235504e-17
weight and,-3.621235256101585e-17
traction,-3.6266562669640123e-17
and traction,-3.6266562669640123e-17
less therefore,-3.63207727782644e-17
experiences more resistance,-3.6374982886888674e-17
correct answer if,-3.642919299551295e-17
answer if,-3.642919299551295e-17
that the bulldozer,-3.6591823321385775e-17
the one to,-3.664603343001005e-17
hardwood floor,-3.664603343001005e-17
one to the,-3.664603343001005e-17
one to,-3.664603343001005e-17
the hardwood floor,-3.664603343001005e-17
some,-3.707971429900425e-17
30,-3.724234462487708e-17
pounds,-3.724234462487708e-17
weighs about 30,-3.724234462487708e-17
weighs about,-3.724234462487708e-17
pounds less than,-3.724234462487708e-17
pounds less,-3.724234462487708e-17
throws farther,-3.724234462487708e-17
terry weighs about,-3.724234462487708e-17
that jane,-3.729655473350135e-17
less friction compared,-3.7513395167998453e-17
generally easier to,-3.778444571111983e-17
cardboard poster than,-3.778444571111983e-17
generally easier,-3.778444571111983e-17
its less rigid,-3.778444571111983e-17
cardboard poster,-3.778444571111983e-17
paper over,-3.778444571111983e-17
its less,-3.778444571111983e-17
over cardboard,-3.778444571111983e-17
the poster the,-3.778444571111983e-17
paper over cardboard,-3.778444571111983e-17
paper poster,-3.778444571111983e-17
paper poster due,-3.778444571111983e-17
poster due,-3.778444571111983e-17
poster due to,-3.778444571111983e-17
poster than,-3.778444571111983e-17
poster than construction,-3.778444571111983e-17
poster the,-3.778444571111983e-17
choose construction,-3.778444571111983e-17
choose construction paper,-3.778444571111983e-17
should choose construction,-3.778444571111983e-17
is generally easier,-3.778444571111983e-17
tearing nature this,-3.778444571111983e-17
tear cardboard,-3.778444571111983e-17
tearing nature,-3.778444571111983e-17
nature this,-3.778444571111983e-17
tearing and it,-3.778444571111983e-17
to tearing nature,-3.778444571111983e-17
to tearing and,-3.778444571111983e-17
tearing and,-3.778444571111983e-17
to tear cardboard,-3.778444571111983e-17
tear cardboard poster,-3.778444571111983e-17
construction paper over,-3.778444571111983e-17
construction paper poster,-3.778444571111983e-17
it is generally,-3.778444571111983e-17
than construction,-3.778444571111983e-17
than construction paper,-3.778444571111983e-17
easier to tear,-3.778444571111983e-17
suggests that ben,-3.778444571111983e-17
to its less,-3.778444571111983e-17
nature this suggests,-3.778444571111983e-17
the misconception,-3.838075690598686e-17
the street which,-3.8407861960298995e-17
more slowly through,-3.8407861960298995e-17
the bicycle moves,-3.8407861960298995e-17
field which suggests,-3.8407861960298995e-17
bicycle moves,-3.8407861960298995e-17
through the grass,-3.8407861960298995e-17
bicycle moves more,-3.8407861960298995e-17
tearing compared to,-3.843496701461113e-17
and quickly,-3.843496701461113e-17
tearing compared,-3.843496701461113e-17
stop therefore,-3.846207206892327e-17
stop therefore the,-3.846207206892327e-17
that the infield,-3.846207206892327e-17
the softball continued,-3.846207206892327e-17
to stop however,-3.846207206892327e-17
to continue,-3.846207206892327e-17
the outfield therefore,-3.846207206892327e-17
stop however the,-3.846207206892327e-17
to move once,-3.846207206892327e-17
continue,-3.846207206892327e-17
to continue moving,-3.846207206892327e-17
stop however,-3.846207206892327e-17
outfield therefore the,-3.846207206892327e-17
it reaches the,-3.846207206892327e-17
once it reaches,-3.846207206892327e-17
softball to stop,-3.846207206892327e-17
softball continued to,-3.846207206892327e-17
lower resistance compared,-3.846207206892327e-17
reaches the outfield,-3.846207206892327e-17
softball continued,-3.846207206892327e-17
it reaches,-3.846207206892327e-17
reaches the,-3.846207206892327e-17
outfield therefore,-3.846207206892327e-17
infield dirt therefore,-3.846207206892327e-17
reaches,-3.846207206892327e-17
some listeners due,-3.857049228617182e-17
noise can,-3.857049228617182e-17
quiet therefore the,-3.857049228617182e-17
quiet therefore,-3.857049228617182e-17
answer is for,-3.857049228617182e-17
noise can appear,-3.857049228617182e-17
that dog,-3.857049228617182e-17
dog which is,-3.857049228617182e-17
that dog this,-3.857049228617182e-17
my dog which,-3.857049228617182e-17
some listeners,-3.857049228617182e-17
to some,-3.857049228617182e-17
dog which,-3.857049228617182e-17
opposite of quiet,-3.857049228617182e-17
dog this,-3.857049228617182e-17
dog noise can,-3.857049228617182e-17
of quiet,-3.857049228617182e-17
proximity the,-3.857049228617182e-17
to some listeners,-3.857049228617182e-17
proximity the question,-3.857049228617182e-17
quiet,-3.857049228617182e-17
listeners due to,-3.857049228617182e-17
is for that,-3.857049228617182e-17
is for,-3.857049228617182e-17
for my,-3.857049228617182e-17
to its proximity,-3.857049228617182e-17
of quiet therefore,-3.857049228617182e-17
for my dog,-3.857049228617182e-17
states for my,-3.857049228617182e-17
its proximity the,-3.857049228617182e-17
can appear louder,-3.857049228617182e-17
listeners due,-3.857049228617182e-17
listeners,-3.857049228617182e-17
louder to some,-3.857049228617182e-17
for that dog,-3.857049228617182e-17
to move through,-3.865180744910823e-17
field which,-3.889575293791747e-17
suggesting that it,-3.8977068100853884e-17
can go faster,-3.916680348103885e-17
go faster,-3.916680348103885e-17
the path has,-3.916680348103885e-17
the path,-3.916680348103885e-17
the spot,-3.924811864397526e-17
displayed it,-3.924811864397526e-17
the spot so,-3.924811864397526e-17
displayed it is,-3.924811864397526e-17
paper would be,-3.924811864397526e-17
paper would,-3.924811864397526e-17
paper is more,-3.924811864397526e-17
so more flexible,-3.924811864397526e-17
subjected to the,-3.924811864397526e-17
so more,-3.924811864397526e-17
light weight poster,-3.924811864397526e-17
weight and stress,-3.924811864397526e-17
when subjected to,-3.924811864397526e-17
when subjected,-3.924811864397526e-17
poster is to,-3.924811864397526e-17
stress of,-3.924811864397526e-17
weight poster,-3.924811864397526e-17
spot so more,-3.924811864397526e-17
spot so,-3.924811864397526e-17
spot,-3.924811864397526e-17
which is more,-3.924811864397526e-17
sound travels more,-3.924811864397526e-17
being hung,-3.924811864397526e-17
being hung or,-3.924811864397526e-17
weight poster made,-3.924811864397526e-17
stress of being,-3.924811864397526e-17
and the fact,-3.924811864397526e-17
tearing therefore option,-3.924811864397526e-17
to tear when,-3.924811864397526e-17
or displayed it,-3.924811864397526e-17
travels more,-3.924811864397526e-17
is to be,-3.924811864397526e-17
tear on,-3.924811864397526e-17
tear on the,-3.924811864397526e-17
tear when,-3.924811864397526e-17
tear when subjected,-3.924811864397526e-17
on the spot,-3.924811864397526e-17
to the weight,-3.924811864397526e-17
to tear on,-3.924811864397526e-17
and stress of,-3.924811864397526e-17
construction paper would,-3.924811864397526e-17
would be more,-3.924811864397526e-17
be more resistant,-3.924811864397526e-17
of being,-3.924811864397526e-17
of being hung,-3.924811864397526e-17
to be hung,-3.924811864397526e-17
if the poster,-3.924811864397526e-17
be hung,-3.924811864397526e-17
be hung or,-3.924811864397526e-17
and stress,-3.924811864397526e-17
subjected,-3.924811864397526e-17
the weight and,-3.924811864397526e-17
subjected to,-3.924811864397526e-17
bearded lady the,-3.946495907847236e-17
lady the,-3.946495907847236e-17
the way,-3.9471735342050396e-17
to the way,-3.9471735342050396e-17
the actual,-3.947851160562843e-17
the wire shorter,-3.968179951296946e-17
maintain its,-3.968179951296946e-17
off more easily,-3.968179951296946e-17
is not specified,-3.968179951296946e-17
off more,-3.968179951296946e-17
snap off more,-3.968179951296946e-17
to maintain its,-3.968179951296946e-17
specified to be,-3.968179951296946e-17
to maintain,-3.968179951296946e-17
ends since,-3.968179951296946e-17
maintain its shape,-3.968179951296946e-17
snipped wire the,-3.968179951296946e-17
since the wire,-3.968179951296946e-17
as the snipped,-3.968179951296946e-17
shape and heat,-3.968179951296946e-17
ends since the,-3.968179951296946e-17
shape,-3.968179951296946e-17
ends the,-3.968179951296946e-17
specified to,-3.968179951296946e-17
it to snap,-3.968179951296946e-17
specified,-3.968179951296946e-17
easily and heat,-3.968179951296946e-17
shorter original,-3.968179951296946e-17
shorter original length,-3.968179951296946e-17
was not strong,-3.968179951296946e-17
enough to maintain,-3.968179951296946e-17
original length is,-3.968179951296946e-17
enough to,-3.968179951296946e-17
the same as,-3.968179951296946e-17
same as the,-3.968179951296946e-17
ends the answer,-3.968179951296946e-17
enough,-3.968179951296946e-17
original length was,-3.968179951296946e-17
original length would,-3.968179951296946e-17
snap off,-3.968179951296946e-17
same as,-3.968179951296946e-17
to snap off,-3.968179951296946e-17
not specified,-3.968179951296946e-17
not specified to,-3.968179951296946e-17
not strong,-3.968179951296946e-17
not strong enough,-3.968179951296946e-17
shape and,-3.968179951296946e-17
was not,-3.968179951296946e-17
length is not,-3.968179951296946e-17
the ends since,-3.968179951296946e-17
wire shorter,-3.968179951296946e-17
length is,-3.968179951296946e-17
wire the wire,-3.968179951296946e-17
its shape and,-3.968179951296946e-17
length was not,-3.968179951296946e-17
wire shorter original,-3.968179951296946e-17
the ends the,-3.968179951296946e-17
length was,-3.968179951296946e-17
length would,-3.968179951296946e-17
its shape,-3.968179951296946e-17
length would result,-3.968179951296946e-17
strong enough to,-3.968179951296946e-17
strong enough,-3.968179951296946e-17
be the same,-3.968179951296946e-17
distance than holly,-3.979021973021801e-17
less therefore the,-3.9898639947466563e-17
objects,-4.0115480381963664e-17
moving through thin,-4.0223900599212215e-17
quickly and,-4.0332320816460765e-17
more quickly and,-4.0332320816460765e-17
determined,-4.0440741033709315e-17
so she,-4.0440741033709315e-17
material,-4.0657581468206416e-17
as fast over,-4.06745221271515e-17
fast over,-4.06745221271515e-17
fast over the,-4.06745221271515e-17
weighs more than,-4.082021179407924e-17
weighs more,-4.082021179407924e-17
surface but,-4.082021179407924e-17
than john therefore,-4.095573706563993e-17
friction which slows,-4.098284211995207e-17
that has,-4.119968255444917e-17
could be,-4.1240340135917375e-17
less energy,-4.130810277169772e-17
people may assume,-4.1362312880321994e-17
caused,-4.1470733097570545e-17
provide less resistance,-4.149783815188268e-17
meredith has,-4.175533616784799e-17
meredith has hard,-4.175533616784799e-17
meredith to skate,-4.175533616784799e-17
than the paved,-4.175533616784799e-17
that meredith has,-4.175533616784799e-17
skating through the,-4.175533616784799e-17
storm sky which,-4.185020385794047e-17
the opposite order,-4.185020385794047e-17
opposite order,-4.185020385794047e-17
order,-4.185020385794047e-17
sky which,-4.185020385794047e-17
snap or,-4.195862407518902e-17
or break,-4.195862407518902e-17
likely to snap,-4.195862407518902e-17
to snap or,-4.195862407518902e-17
snap or break,-4.195862407518902e-17
slowly through the,-4.2134806928217916e-17
slowly through,-4.2134806928217916e-17
time however,-4.221612209115433e-17
of time however,-4.221612209115433e-17
on the sidewalk,-4.22296746183104e-17
ride on,-4.22296746183104e-17
ride on the,-4.22296746183104e-17
thin air therefore,-4.228388472693467e-17
air the rationale,-4.228388472693467e-17
court has less,-4.241940999849536e-17
the ball slows,-4.241940999849536e-17
ball slows down,-4.241940999849536e-17
ball slows,-4.241940999849536e-17
gym floor it,-4.241940999849536e-17
to speed,-4.26633554873046e-17
first the,-4.269068553474335e-17
but in,-4.269068553474335e-17
boat to move,-4.279888075886529e-17
boat to,-4.279888075886529e-17
other factors,-4.2825985813177425e-17
factors,-4.2825985813177425e-17
other factors such,-4.2825985813177425e-17
it harder,-4.2934406030425976e-17
soccer,-4.3456178325934625e-17
soccer ball,-4.3456178325934625e-17
riding his,-4.3517164698136934e-17
consistently,-4.358492733391728e-17
to the paved,-4.366624249685369e-17
meredith to,-4.366624249685369e-17
the pebble street,-4.369334755116583e-17
the pebble,-4.369334755116583e-17
smooth path has,-4.369334755116583e-17
pebble,-4.369334755116583e-17
greater physical,-4.369334755116583e-17
pebble street,-4.369334755116583e-17
greater physical strength,-4.369334755116583e-17
smooth the answer,-4.37069000783219e-17
more startling,-4.380176776841438e-17
the person making,-4.380176776841438e-17
when the soccer,-4.380176776841438e-17
the person is,-4.380176776841438e-17
and more startling,-4.380176776841438e-17
when the,-4.380176776841438e-17
louder and more,-4.380176776841438e-17
more startling to,-4.380176776841438e-17
the source and,-4.380176776841438e-17
the soccer ball,-4.380176776841438e-17
the soccer,-4.380176776841438e-17
source and,-4.380176776841438e-17
startling,-4.380176776841438e-17
person making it,-4.380176776841438e-17
person making,-4.380176776841438e-17
startling to the,-4.380176776841438e-17
person is,-4.380176776841438e-17
louder and,-4.380176776841438e-17
startling to,-4.380176776841438e-17
be louder and,-4.380176776841438e-17
time without stopping,-4.3855977877038654e-17
time without,-4.3855977877038654e-17
significant,-4.3855977877038654e-17
factor in its,-4.3855977877038654e-17
of time without,-4.3855977877038654e-17
is significant factor,-4.3855977877038654e-17
they will,-4.3855977877038654e-17
stopping is,-4.3855977877038654e-17
stopping,-4.3855977877038654e-17
without stopping,-4.3855977877038654e-17
significant factor,-4.3855977877038654e-17
without stopping is,-4.3855977877038654e-17
stopping is significant,-4.3855977877038654e-17
in its,-4.3855977877038654e-17
is significant,-4.3855977877038654e-17
significant factor in,-4.3855977877038654e-17
the distance each,-4.3855977877038654e-17
fall speed,-4.3964398094287205e-17
slower fall,-4.3964398094287205e-17
that neptune has,-4.3964398094287205e-17
that neptune,-4.3964398094287205e-17
caused more friction,-4.401860820291148e-17
caused more,-4.401860820291148e-17
is bit misleading,-4.412702842016003e-17
indicate,-4.412702842016003e-17
bit misleading,-4.412702842016003e-17
indicate that the,-4.412702842016003e-17
as the information,-4.412702842016003e-17
indicate that,-4.412702842016003e-17
bit misleading as,-4.412702842016003e-17
common in,-4.423544863740858e-17
is common in,-4.423544863740858e-17
information to,-4.456070928915423e-17
cover greater distance,-4.466912950640278e-17
more resistance and,-4.466912950640278e-17
should make,-4.4777549723651333e-17
ben should make,-4.4777549723651333e-17
force than,-4.5319650809894085e-17
speed which,-4.5536491244391186e-17
moved more,-4.5536491244391186e-17
about the distance,-4.597017211338539e-17
can throw the,-4.597017211338539e-17
faster through,-4.607859233063394e-17
move faster through,-4.607859233063394e-17
table the question,-4.6156519361781334e-17
the sailboat,-4.640385298237959e-17
sailboat,-4.640385298237959e-17
through it,-4.643095803669173e-17
weedy,-4.685108637852986e-17
rougher,-4.694595406862234e-17
air the,-4.705437428587089e-17
the other,-4.732542482899227e-17
being closer,-4.7379634937616544e-17
ben wants the,-4.7379634937616544e-17
wants the,-4.7379634937616544e-17
wants the poster,-4.7379634937616544e-17
the poster to,-4.7379634937616544e-17
being closer would,-4.7379634937616544e-17
poster to,-4.7379634937616544e-17
easily and therefore,-4.7379634937616544e-17
poster to be,-4.7379634937616544e-17
nature,-4.7488055154865094e-17
its surface,-4.765068548073792e-17
that the paved,-4.777265822514254e-17
when mary,-4.786752591523502e-17
when mary slid,-4.786752591523502e-17
slowly therefore the,-4.7921736023859296e-17
field the,-4.797594613248357e-17
field the question,-4.797594613248357e-17
grass field the,-4.797594613248357e-17
appeared,-4.8043708768263915e-17
rubber mat,-4.8138576458356397e-17
mat,-4.8138576458356397e-17
rubber,-4.8138576458356397e-17
more obstacles,-4.819278656698067e-17
determines,-4.824699667560495e-17
skateboard and his,-4.8518047218726323e-17
one after the,-4.8518047218726323e-17
one after,-4.8518047218726323e-17
rollerblades one,-4.8518047218726323e-17
rollerblades one after,-4.8518047218726323e-17
very slowly,-4.8626467435974874e-17
for meredith to,-4.8626467435974874e-17
states that meredith,-4.8626467435974874e-17
through the flower,-4.8626467435974874e-17
for meredith,-4.8626467435974874e-17
can only go,-4.8626467435974874e-17
paved street this,-4.8626467435974874e-17
can only,-4.8626467435974874e-17
that meredith,-4.8626467435974874e-17
only go,-4.8626467435974874e-17
only go very,-4.8626467435974874e-17
to cover greater,-4.868067754459915e-17
cherry generates less,-4.8759504548253e-17
the cherry generates,-4.8759504548253e-17
cherry generates,-4.8759504548253e-17
generates less,-4.8759504548253e-17
generates less heat,-4.8759504548253e-17
instead the,-4.8951728087720525e-17
distance each,-4.90059381963448e-17
in the ocean,-4.9195673576529764e-17
ocean has more,-4.9195673576529764e-17
that the creek,-4.9195673576529764e-17
the ocean must,-4.9195673576529764e-17
to the creek,-4.9195673576529764e-17
ocean must,-4.9195673576529764e-17
moves more quickly,-4.9195673576529764e-17
ocean must have,-4.9195673576529764e-17
can not,-4.9439619065339e-17
it sound,-4.96564594998361e-17
street,-4.96564594998361e-17
making it sound,-4.96564594998361e-17
terry and,-4.986652367075517e-17
both terry and,-4.986652367075517e-17
terry and jake,-4.986652367075517e-17
ball as far,-4.986652367075517e-17
is necessarily going,-4.986652367075517e-17
that he will,-4.986652367075517e-17
ball further the,-4.986652367075517e-17
both terry,-4.986652367075517e-17
jake are,-4.986652367075517e-17
ball further,-4.986652367075517e-17
throwing footballs so,-4.986652367075517e-17
are throwing,-4.986652367075517e-17
is an event,-4.986652367075517e-17
where both terry,-4.986652367075517e-17
where both,-4.986652367075517e-17
that this is,-4.986652367075517e-17
are throwing footballs,-4.986652367075517e-17
one is necessarily,-4.986652367075517e-17
one is,-4.986652367075517e-17
is necessarily,-4.986652367075517e-17
will not throw,-4.986652367075517e-17
jake are throwing,-4.986652367075517e-17
the ball as,-4.986652367075517e-17
assume that he,-4.986652367075517e-17
than jake so,-4.986652367075517e-17
the ball further,-4.986652367075517e-17
plays for half,-4.9981720151581754e-17
resistance moving,-4.9981720151581754e-17
half,-4.9981720151581754e-17
for half,-4.9981720151581754e-17
plays for,-4.9981720151581754e-17
plays,-4.9981720151581754e-17
resistance moving through,-4.9981720151581754e-17
friction compared,-5.0090140368830305e-17
friction compared to,-5.0090140368830305e-17
bunny,-5.0306980803327406e-17
paper is,-5.0523821237824507e-17
floor it,-5.0550926292136644e-17
that other,-5.061868892791699e-17
can move,-5.074066167232161e-17
more slowly therefore,-5.074066167232161e-17
slowly therefore,-5.074066167232161e-17
has greater mass,-5.0781319253789814e-17
than the bearded,-5.095750210681871e-17
off,-5.095750210681871e-17
it is moving,-5.117434254131581e-17
why the answer,-5.117434254131581e-17
its ability to,-5.128276275856436e-17
around and,-5.128276275856436e-17
and around,-5.128276275856436e-17
around and around,-5.128276275856436e-17
its ability,-5.128276275856436e-17
the north was,-5.13098678128765e-17
north was,-5.13098678128765e-17
dog noise,-5.1336972867188635e-17
noise,-5.1336972867188635e-17
the dog noise,-5.1336972867188635e-17
enable,-5.149960319306146e-17
enable him,-5.149960319306146e-17
enable him to,-5.149960319306146e-17
when torn whereas,-5.171644362755856e-17
is less rigid,-5.171644362755856e-17
torn therefore ben,-5.171644362755856e-17
torn whereas the,-5.171644362755856e-17
more rigid and,-5.171644362755856e-17
is more rigid,-5.171644362755856e-17
torn whereas,-5.171644362755856e-17
whereas the cardboard,-5.171644362755856e-17
when torn therefore,-5.171644362755856e-17
torn therefore,-5.171644362755856e-17
poster is less,-5.171644362755856e-17
top speed this,-5.198749417067994e-17
in storm,-5.209591438792849e-17
slower in storm,-5.209591438792849e-17
in storm sky,-5.209591438792849e-17
therefore the concrete,-5.2244992186645245e-17
may be,-5.2258544713801314e-17
time than,-5.2339859876737727e-17
rolled,-5.2353412403893795e-17
its proximity,-5.2366964931049864e-17
twisting caused by,-5.2475385148298415e-17
and around indicating,-5.2475385148298415e-17
off when twisted,-5.2475385148298415e-17
around indicating that,-5.2475385148298415e-17
by the wire,-5.2475385148298415e-17
around indicating,-5.2475385148298415e-17
not throw as,-5.2583805365546965e-17
likely that jake,-5.2583805365546965e-17
mentions that jake,-5.2583805365546965e-17
terry additionally the,-5.2583805365546965e-17
jake does not,-5.2583805365546965e-17
terry additionally,-5.2583805365546965e-17
as terry additionally,-5.2583805365546965e-17
does not throw,-5.2583805365546965e-17
contribute,-5.2583805365546965e-17
his ability to,-5.2583805365546965e-17
could contribute,-5.2583805365546965e-17
the throws however,-5.2583805365546965e-17
distance therefore it,-5.2583805365546965e-17
mass which could,-5.2583805365546965e-17
muscle mass which,-5.2583805365546965e-17
contribute to his,-5.2583805365546965e-17
throws however,-5.2583805365546965e-17
throws however the,-5.2583805365546965e-17
to his ability,-5.2583805365546965e-17
to his,-5.2583805365546965e-17
could contribute to,-5.2583805365546965e-17
his ability,-5.2583805365546965e-17
which could contribute,-5.2583805365546965e-17
ability to throw,-5.2583805365546965e-17
contribute to,-5.2583805365546965e-17
closer the,-5.2590581629125e-17
the closer the,-5.2590581629125e-17
the closer,-5.2590581629125e-17
it does not,-5.26109104198591e-17
jetliner has low,-5.2692225582795515e-17
produced,-5.2909066017292616e-17
in more sweat,-5.2909066017292616e-17
than the wooden,-5.299038118022903e-17
making it more,-5.323432666903827e-17
is that holly,-5.345116710353537e-17
mary making option,-5.345116710353537e-17
down the stagecoach,-5.345116710353537e-17
the passengers is,-5.345116710353537e-17
passengers is factor,-5.345116710353537e-17
less than when,-5.345116710353537e-17
factor that slows,-5.345116710353537e-17
weigh,-5.345116710353537e-17
weigh less,-5.345116710353537e-17
to weigh less,-5.345116710353537e-17
to weigh,-5.345116710353537e-17
than mary making,-5.345116710353537e-17
is factor that,-5.345116710353537e-17
weigh less than,-5.345116710353537e-17
stagecoach is likely,-5.345116710353537e-17
mary making,-5.345116710353537e-17
passengers is,-5.345116710353537e-17
likely to weigh,-5.345116710353537e-17
of the passengers,-5.345116710353537e-17
that slows,-5.345116710353537e-17
that slows down,-5.345116710353537e-17
when they were,-5.355958732078392e-17
does state,-5.377642775528102e-17
to the west,-5.377642775528102e-17
question does state,-5.377642775528102e-17
does state that,-5.377642775528102e-17
to reach lower,-5.388484797252957e-17
reach lower,-5.388484797252957e-17
at the same,-5.3966163135465983e-17
john is likely,-5.4047478298402396e-17
jane he,-5.4047478298402396e-17
john greater physical,-5.4047478298402396e-17
time since john,-5.4047478298402396e-17
john is,-5.4047478298402396e-17
him to have,-5.4047478298402396e-17
her body,-5.4047478298402396e-17
sweat on her,-5.4047478298402396e-17
between distance,-5.4047478298402396e-17
distance and time,-5.4047478298402396e-17
between distance and,-5.4047478298402396e-17
her body therefore,-5.4047478298402396e-17
therefore jane who,-5.4047478298402396e-17
on her,-5.4047478298402396e-17
relationship between distance,-5.4047478298402396e-17
jane he will,-5.4047478298402396e-17
since john is,-5.4047478298402396e-17
endurance will,-5.4047478298402396e-17
and endurance than,-5.4047478298402396e-17
endurance than,-5.4047478298402396e-17
have less sweat,-5.4047478298402396e-17
since john,-5.4047478298402396e-17
endurance than jane,-5.4047478298402396e-17
than jane he,-5.4047478298402396e-17
and time since,-5.4047478298402396e-17
endurance will enable,-5.4047478298402396e-17
on her body,-5.4047478298402396e-17
and endurance will,-5.4047478298402396e-17
less sweat,-5.4047478298402396e-17
than jane,-5.4047478298402396e-17
less sweat on,-5.4047478298402396e-17
will have less,-5.4047478298402396e-17
will enable him,-5.4047478298402396e-17
will enable,-5.4047478298402396e-17
john greater,-5.4047478298402396e-17
body therefore,-5.4047478298402396e-17
only mentions that,-5.4074583352714534e-17
rolled across it,-5.42643187328995e-17
white bunny is,-5.4291423787211635e-17
energy,-5.442694905877232e-17
street has less,-5.444050158592839e-17
additionally the,-5.4643789493269423e-17
additionally the question,-5.4643789493269423e-17
than the white,-5.4643789493269423e-17
to ride,-5.4752209710517974e-17
method will,-5.4752209710517974e-17
each method,-5.4752209710517974e-17
ability to ride,-5.4752209710517974e-17
each method will,-5.4752209710517974e-17
the ability to,-5.4752209710517974e-17
that the poster,-5.5077470362263625e-17
since distance is,-5.5212995633824313e-17
since distance,-5.5212995633824313e-17
way,-5.534174464180697e-17
therefore option,-5.551115123125783e-17
therefore option is,-5.551115123125783e-17
smoother surface,-5.551115123125783e-17
option is the,-5.551115123125783e-17
away from,-5.567378155713065e-17
and time,-5.57822017743792e-17
heat on the,-5.579575430153527e-17
the cherry moves,-5.579575430153527e-17
moves slower on,-5.579575430153527e-17
less heat on,-5.579575430153527e-17
heat on,-5.579575430153527e-17
slower on the,-5.579575430153527e-17
slower on,-5.579575430153527e-17
cherry moves slower,-5.579575430153527e-17
cherry moves,-5.579575430153527e-17
that the dog,-5.583641188300348e-17
when sliding,-5.594483210025203e-17
when sliding across,-5.594483210025203e-17
effort to,-5.616167253474913e-17
to the grass,-5.618877758906127e-17
air therefore the,-5.637851296924623e-17
faster through the,-5.637851296924623e-17
air therefore,-5.637851296924623e-17
can move more,-5.637851296924623e-17
of sweat,-5.640561802355837e-17
the game is,-5.640561802355837e-17
increased physical exertion,-5.640561802355837e-17
sweat production,-5.640561802355837e-17
increased physical,-5.640561802355837e-17
production,-5.640561802355837e-17
therefore jane increased,-5.640561802355837e-17
neptune has greater,-5.648693318649478e-17
to its greater,-5.65682483494312e-17
people may,-5.664956351236761e-17
that ben should,-5.670377362099188e-17
for answer is,-5.681219383824043e-17
for answer,-5.681219383824043e-17
north is closer,-5.681219383824043e-17
rationale for answer,-5.681219383824043e-17
making it harder,-5.702903427273753e-17
moving through,-5.702903427273753e-17
be resistant,-5.713745448998608e-17
be resistant to,-5.713745448998608e-17
states that ben,-5.713745448998608e-17
ben wants,-5.713745448998608e-17
to be resistant,-5.713745448998608e-17
bicycle,-5.713745448998608e-17
that ben wants,-5.713745448998608e-17
as the question,-5.724587470723463e-17
means,-5.724587470723463e-17
implying that it,-5.730008481585891e-17
low resistance moving,-5.735429492448318e-17
gravitational pull,-5.735429492448318e-17
softball to,-5.740850503310746e-17
infield dirt has,-5.740850503310746e-17
form is that,-5.740850503310746e-17
form is,-5.740850503310746e-17
causing the softball,-5.740850503310746e-17
lower resistance causing,-5.740850503310746e-17
resistance the rationale,-5.740850503310746e-17
dirt has,-5.740850503310746e-17
opposite form is,-5.740850503310746e-17
the softball to,-5.740850503310746e-17
grass has lower,-5.740850503310746e-17
resistance causing the,-5.740850503310746e-17
resistance causing,-5.740850503310746e-17
dirt has lower,-5.740850503310746e-17
it has greater,-5.748982019604387e-17
paved street must,-5.757113535898029e-17
therefore the paved,-5.757113535898029e-17
field has more,-5.757113535898029e-17
field has,-5.757113535898029e-17
bicycle to move,-5.757113535898029e-17
grass field has,-5.757113535898029e-17
bicycle to,-5.757113535898029e-17
and it is,-5.757113535898029e-17
the bicycle to,-5.757113535898029e-17
and must,-5.757113535898029e-17
and must have,-5.757113535898029e-17
for the bicycle,-5.757113535898029e-17
resistance and must,-5.757113535898029e-17
on it,-5.776087073916525e-17
that both,-5.788114941767536e-17
opposite of the,-5.811323644522304e-17
be more,-5.811323644522304e-17
friction would,-5.850964786453805e-17
is more resistant,-5.876375774871434e-17
implies,-5.898059818321144e-17
implies that,-5.898059818321144e-17
rougher surface compared,-5.919743861770854e-17
take,-5.919743861770854e-17
the question only,-5.925164872633282e-17
question only mentions,-5.925164872633282e-17
question only,-5.925164872633282e-17
only mentions,-5.925164872633282e-17
larger distance,-5.941427905220564e-17
smaller distance therefore,-5.941427905220564e-17
across it,-5.952269926945419e-17
therefore the bearded,-5.952269926945419e-17
it more likely,-6.001059024707267e-17
the question also,-6.002414277422874e-17
question also,-6.002414277422874e-17
the jetliner has,-6.01732205729455e-17
jetliner has,-6.01732205729455e-17
quickly on,-6.024098320872584e-17
quickly on the,-6.024098320872584e-17
loss,-6.028164079019405e-17
energy loss,-6.028164079019405e-17
answer in the,-6.028164079019405e-17
his skateboard,-6.042394232533277e-17
cloth has,-6.049848122469115e-17
to the bare,-6.049848122469115e-17
slowly over,-6.049848122469115e-17
pen moves more,-6.049848122469115e-17
table cloth has,-6.049848122469115e-17
the pen moves,-6.049848122469115e-17
more slowly over,-6.049848122469115e-17
cloth has rougher,-6.049848122469115e-17
pen moves,-6.049848122469115e-17
slowly over the,-6.049848122469115e-17
table the pen,-6.049848122469115e-17
barking on,-6.055269133331542e-17
was barking on,-6.055269133331542e-17
more weight,-6.064078275982987e-17
to cover,-6.071532165918825e-17
distance in the,-6.076953176781252e-17
states that terry,-6.081696561285876e-17
each,-6.098637220230962e-17
physical strength of,-6.114900252818245e-17
the person throwing,-6.114900252818245e-17
as it does,-6.114900252818245e-17
more force than,-6.114900252818245e-17
question as it,-6.114900252818245e-17
strong woman therefore,-6.114900252818245e-17
as far this,-6.114900252818245e-17
knowledge that,-6.114900252818245e-17
faster and with,-6.114900252818245e-17
faster and,-6.114900252818245e-17
of the person,-6.114900252818245e-17
knowledge that strongman,-6.114900252818245e-17
woman therefore the,-6.114900252818245e-17
woman therefore,-6.114900252818245e-17
about the physical,-6.114900252818245e-17
throwing it but,-6.114900252818245e-17
throwing it,-6.114900252818245e-17
throw weight much,-6.114900252818245e-17
force than non,-6.114900252818245e-17
throw weight,-6.114900252818245e-17
question as,-6.114900252818245e-17
far this is,-6.114900252818245e-17
can throw weight,-6.114900252818245e-17
far this,-6.114900252818245e-17
an unusual question,-6.114900252818245e-17
an unusual,-6.114900252818245e-17
common knowledge that,-6.114900252818245e-17
and with more,-6.114900252818245e-17
weight much faster,-6.114900252818245e-17
it but,-6.114900252818245e-17
but it is,-6.114900252818245e-17
it is common,-6.114900252818245e-17
unusual question as,-6.114900252818245e-17
much faster and,-6.114900252818245e-17
unusual question,-6.114900252818245e-17
is common knowledge,-6.114900252818245e-17
unusual,-6.114900252818245e-17
weight much,-6.114900252818245e-17
person throwing,-6.114900252818245e-17
person throwing it,-6.114900252818245e-17
that strongman can,-6.114900252818245e-17
it but it,-6.114900252818245e-17
and with,-6.114900252818245e-17
is an unusual,-6.114900252818245e-17
low resistance which,-6.131163285405528e-17
less heat,-6.144715812561596e-17
resistance to,-6.150136823424024e-17
have less friction,-6.158268339717665e-17
with distance,-6.158268339717665e-17
decreases with distance,-6.158268339717665e-17
likely to cover,-6.228741480929223e-17
experiences less,-6.232807239076044e-17
experiences less resistance,-6.232807239076044e-17
less resistance than,-6.243797491566668e-17
lydia which implies,-6.245004513516506e-17
than lydia,-6.245004513516506e-17
state that lydia,-6.245004513516506e-17
state that annabel,-6.245004513516506e-17
lydia which,-6.245004513516506e-17
the throws so,-6.25584653524136e-17
throws so this,-6.25584653524136e-17
throws so,-6.25584653524136e-17
the ability,-6.261267546103788e-17
equally,-6.266688556966216e-17
body additionally,-6.266688556966216e-17
is equally athletic,-6.266688556966216e-17
his body additionally,-6.266688556966216e-17
jane physical abilities,-6.266688556966216e-17
and jane,-6.266688556966216e-17
to determine who,-6.266688556966216e-17
more athletic therefore,-6.266688556966216e-17
body additionally the,-6.266688556966216e-17
determine who,-6.266688556966216e-17
about john and,-6.266688556966216e-17
determine who is,-6.266688556966216e-17
about john,-6.266688556966216e-17
athletic therefore it,-6.266688556966216e-17
athletic therefore,-6.266688556966216e-17
john and jane,-6.266688556966216e-17
abilities so,-6.266688556966216e-17
abilities so this,-6.266688556966216e-17
who is equally,-6.266688556966216e-17
equally athletic will,-6.266688556966216e-17
equally athletic,-6.266688556966216e-17
and jane physical,-6.266688556966216e-17
activity,-6.266688556966216e-17
information about john,-6.266688556966216e-17
physical abilities,-6.266688556966216e-17
physical abilities so,-6.266688556966216e-17
that john who,-6.266688556966216e-17
abilities,-6.266688556966216e-17
is equally,-6.266688556966216e-17
over construction,-6.277530578691071e-17
should choose cardboard,-6.277530578691071e-17
construction paper for,-6.277530578691071e-17
surface compared,-6.277530578691071e-17
cardboard over construction,-6.277530578691071e-17
over construction paper,-6.277530578691071e-17
paper for the,-6.277530578691071e-17
paper for,-6.277530578691071e-17
choose cardboard over,-6.277530578691071e-17
surface compared to,-6.277530578691071e-17
cardboard over,-6.277530578691071e-17
choose cardboard,-6.277530578691071e-17
more rigid,-6.277530578691071e-17
dresser suggesting that,-6.294090072809892e-17
dresser suggesting,-6.294090072809892e-17
the dresser suggesting,-6.294090072809892e-17
gravitational pull is,-6.301925127571995e-17
pull is,-6.301925127571995e-17
bit,-6.310056643865636e-17
this question is,-6.310056643865636e-17
is bit,-6.310056643865636e-17
question is bit,-6.310056643865636e-17
court therefore the,-6.315477654728063e-17
court therefore,-6.315477654728063e-17
basketball court therefore,-6.315477654728063e-17
resistance to the,-6.320898665590491e-17
resistance and can,-6.326319676452918e-17
bunny is faster,-6.331740687315346e-17
proximity,-6.342582709040201e-17
sliding across the,-6.350714225333842e-17
principle that lighter,-6.353424730765056e-17
that lighter object,-6.353424730765056e-17
that lighter,-6.353424730765056e-17
lighter object,-6.353424730765056e-17
that the forest,-6.364944378847714e-17
forest has,-6.364944378847714e-17
the forest has,-6.364944378847714e-17
forest has more,-6.364944378847714e-17
away from the,-6.383240290508407e-17
on the concrete,-6.391371806802049e-17
basketball court at,-6.396792817664476e-17
surface the,-6.396792817664476e-17
louder to the,-6.396792817664476e-17
rolled across,-6.426608377407828e-17
that holly has,-6.440160904563896e-17
mary therefore,-6.440160904563896e-17
holly has,-6.440160904563896e-17
holly which,-6.440160904563896e-17
implies that holly,-6.440160904563896e-17
holly has more,-6.440160904563896e-17
for option is,-6.440160904563896e-17
holly which implies,-6.440160904563896e-17
as holly which,-6.440160904563896e-17
than mary therefore,-6.440160904563896e-17
for option,-6.440160904563896e-17
rationale for option,-6.440160904563896e-17
mary therefore the,-6.440160904563896e-17
option is that,-6.440160904563896e-17
appear louder to,-6.452358179004358e-17
appear louder,-6.452358179004358e-17
the street farther,-6.452358179004358e-17
who was barking,-6.452358179004358e-17
barking on the,-6.452358179004358e-17
street farther down,-6.452358179004358e-17
street farther,-6.452358179004358e-17
this is an,-6.461844948013606e-17
neptune has,-6.480818486032103e-17
common knowledge,-6.483528991463317e-17
knowledge,-6.483528991463317e-17
and the observer,-6.483528991463317e-17
twisted around,-6.494371013188172e-17
the listener the,-6.494371013188172e-17
intense,-6.494371013188172e-17
them this is,-6.494371013188172e-17
when twisted,-6.494371013188172e-17
when twisted around,-6.494371013188172e-17
listener the,-6.494371013188172e-17
twisted around and,-6.494371013188172e-17
flexible and light,-6.505213034913027e-17
poster made,-6.505213034913027e-17
and light weight,-6.505213034913027e-17
light weight,-6.505213034913027e-17
and light,-6.505213034913027e-17
making it,-6.505213034913027e-17
poster made of,-6.505213034913027e-17
move faster the,-6.532318089225164e-17
stopped once,-6.581107186987012e-17
it more difficult,-6.581784813344815e-17
difficult for,-6.581784813344815e-17
more difficult for,-6.581784813344815e-17
his body compared,-6.583817692418226e-17
body compared,-6.583817692418226e-17
body compared to,-6.583817692418226e-17
the rabbit,-6.602791230436722e-17
determined that the,-6.602791230436722e-17
the rabbit community,-6.602791230436722e-17
this the,-6.602791230436722e-17
community so,-6.602791230436722e-17
community so the,-6.602791230436722e-17
this the question,-6.602791230436722e-17
bunny this misconception,-6.602791230436722e-17
common in the,-6.602791230436722e-17
rabbit community so,-6.602791230436722e-17
be definitively,-6.602791230436722e-17
bunny however it,-6.602791230436722e-17
bunny however the,-6.602791230436722e-17
be definitively determined,-6.602791230436722e-17
definitively determined,-6.602791230436722e-17
rabbit,-6.602791230436722e-17
rabbit community,-6.602791230436722e-17
in the rabbit,-6.602791230436722e-17
reflect this the,-6.602791230436722e-17
speeds so it,-6.602791230436722e-17
community,-6.602791230436722e-17
definitively,-6.602791230436722e-17
definitively determined that,-6.602791230436722e-17
not be definitively,-6.602791230436722e-17
white bunny this,-6.602791230436722e-17
hand is,-6.620409515739611e-17
other hand is,-6.620409515739611e-17
states that,-6.635317295611287e-17
will cover,-6.646159317336142e-17
gym floor than,-6.667843360785852e-17
will take,-6.667843360785852e-17
court at,-6.667843360785852e-17
court at the,-6.667843360785852e-17
when it is,-6.678685382510707e-17
factor that,-6.678685382510707e-17
it is more,-6.678685382510707e-17
weight of the,-6.678685382510707e-17
forest,-6.69494841509799e-17
the forest,-6.69494841509799e-17
creek therefore the,-6.700369425960417e-17
creek therefore,-6.700369425960417e-17
the creek therefore,-6.700369425960417e-17
to the increased,-6.715277205832093e-17
sky indicates that,-6.72069821669452e-17
between wind,-6.72069821669452e-17
storm sky while,-6.72069821669452e-17
understanding the relationship,-6.72069821669452e-17
wind and motion,-6.72069821669452e-17
away the key,-6.72069821669452e-17
storm sky making,-6.72069821669452e-17
storm sky indicates,-6.72069821669452e-17
sky making it,-6.72069821669452e-17
sky indicates,-6.72069821669452e-17
between wind and,-6.72069821669452e-17
the sky in,-6.72069821669452e-17
the sky,-6.72069821669452e-17
sky making,-6.72069821669452e-17
understanding the,-6.72069821669452e-17
sky is described,-6.72069821669452e-17
relationship between wind,-6.72069821669452e-17
in the sky,-6.72069821669452e-17
sky while the,-6.72069821669452e-17
is understanding the,-6.72069821669452e-17
case the fact,-6.72069821669452e-17
sky in,-6.72069821669452e-17
sky while,-6.72069821669452e-17
sky in this,-6.72069821669452e-17
to move while,-6.72069821669452e-17
understanding,-6.72069821669452e-17
while the wet,-6.72069821669452e-17
that lydia,-6.722053469410127e-17
that the bicycle,-6.727474480272555e-17
surface not the,-6.743737512859838e-17
pen moving slower,-6.743737512859838e-17
should have been,-6.743737512859838e-17
the surface not,-6.743737512859838e-17
pen movement over,-6.743737512859838e-17
pen moving,-6.743737512859838e-17
pen movement,-6.743737512859838e-17
the pen moving,-6.743737512859838e-17
than the bare,-6.743737512859838e-17
surface not,-6.743737512859838e-17
the pen movement,-6.743737512859838e-17
of the pen,-6.743737512859838e-17
is an illusion,-6.743737512859838e-17
resistance,-6.765421556309548e-17
additionally,-6.765421556309548e-17
but it,-6.776263578034403e-17
ball goes,-6.78168458889683e-17
ball goes faster,-6.78168458889683e-17
the ball goes,-6.78168458889683e-17
to tearing therefore,-6.787105599759258e-17
tearing therefore,-6.787105599759258e-17
weight as,-6.806079137777754e-17
the weight as,-6.806079137777754e-17
weight as far,-6.806079137777754e-17
less friction which,-6.819631664933823e-17
relationship,-6.830473686658678e-17
relationship between,-6.830473686658678e-17
ride,-6.841315708383533e-17
strength of the,-6.849447224677174e-17
must have been,-6.854190609181798e-17
barking,-6.862999751833243e-17
floor therefore,-6.862999751833243e-17
was barking,-6.862999751833243e-17
determine the,-6.895525817007808e-17
to determine the,-6.895525817007808e-17
difficult to,-6.900946827870236e-17
because it,-6.922630871319946e-17
for the poster,-6.928051882182373e-17
wants,-6.928051882182373e-17
sand,-6.929618893134794e-17
the sand,-6.929618893134794e-17
offers less resistance,-6.938893903907228e-17
smoother surface therefore,-6.989038254384683e-17
smooth the question,-6.989038254384683e-17
resistance which implies,-6.989038254384683e-17
that her,-6.991113485105456e-17
the driver sees,-6.991113485105456e-17
sees that,-6.991113485105456e-17
sees that her,-6.991113485105456e-17
sees,-6.991113485105456e-17
the driver,-6.991113485105456e-17
that the driver,-6.991113485105456e-17
that her horses,-6.991113485105456e-17
given does not,-7.009367045118786e-17
information given does,-7.009367045118786e-17
given does,-7.009367045118786e-17
does not directly,-7.009367045118786e-17
not directly,-7.009367045118786e-17
he would,-7.014788055981214e-17
more easily therefore,-7.052735132018206e-17
easily therefore the,-7.052735132018206e-17
easily therefore,-7.052735132018206e-17
it does,-7.071708670036703e-17
the horses have,-7.134050294954619e-17
thin air the,-7.134050294954619e-17
air which means,-7.134050294954619e-17
the principle of,-7.166576360129184e-17
principle of,-7.166576360129184e-17
experiences low resistance,-7.173352623707219e-17
peanut experiences low,-7.173352623707219e-17
experiences low,-7.173352623707219e-17
for the opposite,-7.177418381854039e-17
more athletic will,-7.188260403578894e-17
less athletic will,-7.188260403578894e-17
therefore john,-7.188260403578894e-17
is less athletic,-7.188260403578894e-17
less athletic,-7.188260403578894e-17
therefore john who,-7.188260403578894e-17
jane who,-7.188260403578894e-17
who is less,-7.188260403578894e-17
jane who is,-7.188260403578894e-17
was easier,-7.190293282652305e-17
was easier to,-7.190293282652305e-17
for that,-7.209944447028604e-17
is therefore,-7.22078646875346e-17
has smoother surface,-7.231628490478315e-17
pen is,-7.24247051220317e-17
the pen is,-7.24247051220317e-17
than when,-7.24247051220317e-17
fact,-7.263476929295076e-17
resistance therefore the,-7.274996577377735e-17
resistance therefore,-7.274996577377735e-17
smaller distance,-7.28583859910259e-17
that the pet,-7.323785675139582e-17
table therefore,-7.32920668600201e-17
plastic table therefore,-7.32920668600201e-17
table cloth which,-7.32920668600201e-17
table therefore the,-7.32920668600201e-17
cloth which suggests,-7.32920668600201e-17
cloth which,-7.32920668600201e-17
because the ocean,-7.357666993029754e-17
court has,-7.367153762039003e-17
basketball court has,-7.367153762039003e-17
even,-7.377995783763858e-17
fact that the,-7.39425881635114e-17
to slow down,-7.41594285980085e-17
jetliner moves slower,-7.41594285980085e-17
jetliner moves,-7.41594285980085e-17
of what,-7.41594285980085e-17
opposite of what,-7.41594285980085e-17
the jetliner moves,-7.41594285980085e-17
answer is that,-7.41594285980085e-17
cloudy air which,-7.41594285980085e-17
path has less,-7.43762690325056e-17
person the,-7.43762690325056e-17
the person the,-7.43762690325056e-17
travel smaller distance,-7.45931094670027e-17
travel smaller,-7.45931094670027e-17
for longer,-7.45931094670027e-17
distance of the,-7.48099499014998e-17
has more obstacles,-7.486416001012408e-17
is farther away,-7.491837011874836e-17
is farther,-7.491837011874836e-17
if,-7.497258022737263e-17
speed this,-7.502679033599691e-17
speed this is,-7.502679033599691e-17
suggests that the,-7.502679033599691e-17
actual,-7.508100044462118e-17
expect if,-7.535205098774256e-17
more friction making,-7.54198136235229e-17
have more physical,-7.556889142223966e-17
caused by the,-7.578573185673676e-17
caused by,-7.578573185673676e-17
principle of gravity,-7.592803339187548e-17
of gravity where,-7.592803339187548e-17
where objects with,-7.592803339187548e-17
having more,-7.592803339187548e-17
that the flower,-7.594836218260959e-17
more resistance on,-7.611099250848241e-17
distance the,-7.632783294297951e-17
easily and reach,-7.654467337747661e-17
lower top,-7.654467337747661e-17
down the pants,-7.654467337747661e-17
cause them to,-7.654467337747661e-17
them to,-7.654467337747661e-17
cause them,-7.654467337747661e-17
them to reach,-7.654467337747661e-17
and cause them,-7.654467337747661e-17
table surface offers,-7.654467337747661e-17
reach lower top,-7.654467337747661e-17
with more force,-7.654467337747661e-17
pants this is,-7.654467337747661e-17
surface which would,-7.654467337747661e-17
and reach higher,-7.654467337747661e-17
the pants this,-7.654467337747661e-17
pants this,-7.654467337747661e-17
and reach,-7.654467337747661e-17
lower top speed,-7.654467337747661e-17
would likely,-7.654467337747661e-17
pants and cause,-7.654467337747661e-17
fact that,-7.672085623050551e-17
the fact that,-7.672085623050551e-17
the fact,-7.672085623050551e-17
friction which,-7.676151381197371e-17
selected answer,-7.692414413784654e-17
lower resistance this,-7.692414413784654e-17
therefore the selected,-7.692414413784654e-17
the selected answer,-7.692414413784654e-17
selected answer is,-7.692414413784654e-17
him the answer,-7.708677446371937e-17
to snap,-7.730361489821647e-17
snap,-7.730361489821647e-17
jetliner,-7.730361489821647e-17
the jetliner,-7.730361489821647e-17
street which,-7.73307199525286e-17
increased friction,-7.734257841379016e-17
and cause,-7.741203511546502e-17
game,-7.746624522408929e-17
the game,-7.746624522408929e-17
opposes,-7.752045533271357e-17
opposes motion,-7.752045533271357e-17
the truck,-7.762887554996212e-17
note that the,-7.773729576721067e-17
listener this is,-7.795413620170777e-17
listener this,-7.795413620170777e-17
the listener this,-7.795413620170777e-17
can appear,-7.795413620170777e-17
indicates that there,-7.804900389180025e-17
white,-7.806255641895632e-17
the white,-7.806255641895632e-17
that the red,-7.818452916336094e-17
because sound travels,-7.836071201638983e-17
sound travels,-7.836071201638983e-17
that terry,-7.83742645435459e-17
likely to tear,-7.849623728795052e-17
the west which,-7.849623728795052e-17
is likely not,-7.849623728795052e-17
would appear,-7.849623728795052e-17
hung or,-7.849623728795052e-17
or displayed,-7.849623728795052e-17
hung or displayed,-7.849623728795052e-17
made of construction,-7.849623728795052e-17
west which,-7.849623728795052e-17
this conclusion the,-7.849623728795052e-17
hung,-7.849623728795052e-17
west which suggests,-7.849623728795052e-17
displayed,-7.849623728795052e-17
it would appear,-7.849623728795052e-17
as close to,-7.849623728795052e-17
likely not,-7.849623728795052e-17
than the west,-7.849623728795052e-17
likely not as,-7.849623728795052e-17
as close,-7.849623728795052e-17
resistance which,-7.8591104978043e-17
rug has smoother,-7.8591104978043e-17
indicates that the,-7.865886761382335e-17
boarded indicating,-7.890281310263259e-17
have boarded indicating,-7.890281310263259e-17
stagecoach has,-7.890281310263259e-17
the stagecoach has,-7.890281310263259e-17
boarded indicating that,-7.890281310263259e-17
stagecoach has to,-7.890281310263259e-17
weighs less this,-7.890281310263259e-17
clear,-7.892991815694472e-17
shot is,-7.894347068410079e-17
the north this,-7.894347068410079e-17
hunter to the,-7.894347068410079e-17
is to the,-7.894347068410079e-17
west is closer,-7.894347068410079e-17
second shot,-7.894347068410079e-17
the greater dispersal,-7.894347068410079e-17
sound this,-7.894347068410079e-17
to hear indicating,-7.894347068410079e-17
shot is easier,-7.894347068410079e-17
the sound this,-7.894347068410079e-17
to hear due,-7.894347068410079e-17
sound this is,-7.894347068410079e-17
that the hunter,-7.894347068410079e-17
the second shot,-7.894347068410079e-17
shot was easier,-7.894347068410079e-17
slower through,-7.914675859144182e-17
that caused,-7.936359902593892e-17
ends therefore,-7.936359902593892e-17
wire original length,-7.936359902593892e-17
ends therefore the,-7.936359902593892e-17
annabel is,-7.936359902593892e-17
that caused more,-7.936359902593892e-17
the wire original,-7.936359902593892e-17
one that caused,-7.936359902593892e-17
wire original,-7.936359902593892e-17
wire is not,-7.936359902593892e-17
the ends therefore,-7.936359902593892e-17
wire is,-7.936359902593892e-17
snipped wire is,-7.936359902593892e-17
has more physical,-7.958043946043603e-17
option the correct,-7.958043946043603e-17
the key is,-7.958043946043603e-17
and is therefore,-7.958043946043603e-17
key is,-7.958043946043603e-17
is therefore more,-7.958043946043603e-17
making option the,-7.958043946043603e-17
making option,-7.958043946043603e-17
strength and is,-7.958043946043603e-17
therefore more likely,-7.958043946043603e-17
option the,-7.958043946043603e-17
opposite form,-7.979727989493313e-17
form,-7.979727989493313e-17
the opposite form,-7.979727989493313e-17
low resistance on,-7.98514900035574e-17
increase as,-7.98514900035574e-17
encounters less resistance,-7.98514900035574e-17
to slow it,-7.98514900035574e-17
encounters less,-7.98514900035574e-17
resistance the top,-7.98514900035574e-17
will increase,-7.98514900035574e-17
will increase as,-7.98514900035574e-17
food has low,-7.98514900035574e-17
has greater,-7.98514900035574e-17
it down therefore,-7.98514900035574e-17
resistance to slow,-7.98514900035574e-17
it encounters less,-7.98514900035574e-17
increase as there,-7.98514900035574e-17
pet food will,-7.98514900035574e-17
as there is,-7.98514900035574e-17
john and,-8.044780119842443e-17
thin air which,-8.066464163292153e-17
to reach top,-8.066464163292153e-17
likely that john,-8.088148206741863e-17
floor therefore the,-8.109832250191573e-17
that john,-8.109832250191573e-17
intensity,-8.131516293641283e-17
across the dresser,-8.142358315366138e-17
speed when sliding,-8.142358315366138e-17
that the dresser,-8.142358315366138e-17
would appear larger,-8.155910842522207e-17
her it,-8.155910842522207e-17
her it would,-8.155910842522207e-17
to her it,-8.155910842522207e-17
obstacles,-8.187759281338969e-17
resistance on,-8.218252467440124e-17
of the principles,-8.227739236449372e-17
her again compared,-8.227739236449372e-17
again compared to,-8.227739236449372e-17
it is closer,-8.227739236449372e-17
this is result,-8.227739236449372e-17
face when it,-8.227739236449372e-17
her again,-8.227739236449372e-17
it was farther,-8.227739236449372e-17
face when,-8.227739236449372e-17
the principles,-8.227739236449372e-17
principles of perspective,-8.227739236449372e-17
principles of,-8.227739236449372e-17
principles,-8.227739236449372e-17
the principles of,-8.227739236449372e-17
again,-8.227739236449372e-17
to her again,-8.227739236449372e-17
result of the,-8.227739236449372e-17
carrie face when,-8.227739236449372e-17
farther away this,-8.227739236449372e-17
larger when it,-8.227739236449372e-17
again compared,-8.227739236449372e-17
distance is,-8.231804994596192e-17
this increased,-8.261620554339544e-17
that strongman,-8.272462576064399e-17
it therefore it,-8.272462576064399e-17
non,-8.272462576064399e-17
contradict it therefore,-8.272462576064399e-17
woman,-8.272462576064399e-17
information to contradict,-8.272462576064399e-17
any information to,-8.272462576064399e-17
strong woman,-8.272462576064399e-17
strongman this is,-8.272462576064399e-17
strongman this,-8.272462576064399e-17
to contradict it,-8.272462576064399e-17
contradict it,-8.272462576064399e-17
to contradict,-8.272462576064399e-17
than non strong,-8.272462576064399e-17
than non,-8.272462576064399e-17
the strongman this,-8.272462576064399e-17
than the strongman,-8.272462576064399e-17
to be able,-8.272462576064399e-17
contradict,-8.272462576064399e-17
non strong,-8.272462576064399e-17
non strong woman,-8.272462576064399e-17
air which is,-8.304988641238964e-17
of construction paper,-8.326672684688674e-17
has low,-8.326672684688674e-17
has low resistance,-8.326672684688674e-17
of construction,-8.326672684688674e-17
street must,-8.342935717275957e-17
street must have,-8.342935717275957e-17
hard time,-8.351067233569598e-17
hard time skating,-8.351067233569598e-17
time skating,-8.351067233569598e-17
has hard time,-8.351067233569598e-17
skating,-8.351067233569598e-17
skating through,-8.351067233569598e-17
time skating through,-8.351067233569598e-17
has hard,-8.351067233569598e-17
gym floor therefore,-8.420862748423352e-17
street has,-8.42425088021237e-17
the cloudy,-8.456776945386935e-17
the cloudy air,-8.456776945386935e-17
through the thin,-8.456776945386935e-17
through the cloudy,-8.456776945386935e-17
misconception is common,-8.456776945386935e-17
selected,-8.478460988836645e-17
has smoother,-8.478460988836645e-17
the selected,-8.478460988836645e-17
than the concrete,-8.483881999699072e-17
terry weighs less,-8.506243669506586e-17
cover greater,-8.521829075736065e-17
in opposite directions,-8.53813710694867e-17
in opposite,-8.53813710694867e-17
traveling at similar,-8.53813710694867e-17
the shore,-8.53813710694867e-17
to have made,-8.53813710694867e-17
opposite directions,-8.53813710694867e-17
shore,-8.53813710694867e-17
crossing,-8.53813710694867e-17
traveling at,-8.53813710694867e-17
traveling,-8.53813710694867e-17
right since the,-8.543513119185775e-17
made of,-8.543513119185775e-17
the right since,-8.543513119185775e-17
right since,-8.543513119185775e-17
her to,-8.546223624616989e-17
less resistance to,-8.559776151773058e-17
have greater,-8.604499491388085e-17
less rigid,-8.608565249534905e-17
less rigid and,-8.608565249534905e-17
travels,-8.618052018544153e-17
greater distance in,-8.636347930204846e-17
reach top speed,-8.695301423333746e-17
reach top,-8.695301423333746e-17
distance in,-8.714274961352242e-17
strongman can throw,-8.744090521095593e-17
strongman can,-8.744090521095593e-17
friction would slow,-8.754932542820448e-17
top speed when,-8.781359970774782e-17
the key,-8.803721640582296e-17
key,-8.803721640582296e-17
reflect,-8.825405684032006e-17
however it is,-8.825405684032006e-17
less overall weight,-8.825405684032006e-17
size and,-8.825405684032006e-17
black bunny may,-8.825405684032006e-17
faster due to,-8.825405684032006e-17
about their speeds,-8.825405684032006e-17
size and less,-8.825405684032006e-17
less overall,-8.825405684032006e-17
be faster,-8.825405684032006e-17
so the rationale,-8.825405684032006e-17
smaller size and,-8.825405684032006e-17
faster due,-8.825405684032006e-17
accelerate more quickly,-8.825405684032006e-17
smaller size,-8.825405684032006e-17
to accelerate more,-8.825405684032006e-17
around,-8.825405684032006e-17
overall weight allowing,-8.825405684032006e-17
be faster due,-8.825405684032006e-17
her to accelerate,-8.825405684032006e-17
about their,-8.825405684032006e-17
bunny may,-8.825405684032006e-17
may be faster,-8.825405684032006e-17
her smaller,-8.825405684032006e-17
should reflect,-8.825405684032006e-17
rationale should,-8.825405684032006e-17
due to her,-8.825405684032006e-17
information about their,-8.825405684032006e-17
weight allowing,-8.825405684032006e-17
their speeds,-8.825405684032006e-17
bunny may be,-8.825405684032006e-17
rationale should reflect,-8.825405684032006e-17
weight allowing her,-8.825405684032006e-17
the rationale should,-8.825405684032006e-17
reflect this,-8.825405684032006e-17
to her smaller,-8.825405684032006e-17
their speeds so,-8.825405684032006e-17
should reflect this,-8.825405684032006e-17
her smaller size,-8.825405684032006e-17
and less overall,-8.825405684032006e-17
pants will,-8.82811618946322e-17
the pants will,-8.82811618946322e-17
his body this,-8.836247705756861e-17
as she,-8.836247705756861e-17
to jane,-8.841668716619289e-17
compared to jane,-8.841668716619289e-17
friction and heat,-8.879615792656281e-17
the poster is,-8.890457814381136e-17
poster is,-8.890457814381136e-17
less likely,-8.901299836105991e-17
answer the rationale,-8.933825901280557e-17
that the bearded,-8.933825901280557e-17
decreases,-8.933825901280557e-17
their top speed,-8.955509944730267e-17
effort to reach,-8.955509944730267e-17
reach their,-8.955509944730267e-17
to exert more,-8.955509944730267e-17
their top,-8.955509944730267e-17
exert more,-8.955509944730267e-17
reach their top,-8.955509944730267e-17
to reach their,-8.955509944730267e-17
exert more effort,-8.955509944730267e-17
typically,-9.009720053354542e-17
means that,-9.020562075079397e-17
compared to when,-9.042246118529107e-17
to when,-9.042246118529107e-17
to when it,-9.042246118529107e-17
floor has less,-9.049700008464945e-17
annabel which implies,-9.063930161978817e-17
that annabel is,-9.063930161978817e-17
and smaller,-9.091035216290955e-17
smaller when,-9.091035216290955e-17
larger when they,-9.091035216290955e-17
are farther away,-9.091035216290955e-17
perspective where objects,-9.091035216290955e-17
are farther,-9.091035216290955e-17
are closer,-9.091035216290955e-17
and smaller when,-9.091035216290955e-17
are closer to,-9.091035216290955e-17
where objects appear,-9.091035216290955e-17
objects appear,-9.091035216290955e-17
of perspective,-9.091035216290955e-17
perspective where,-9.091035216290955e-17
they are closer,-9.091035216290955e-17
away since the,-9.091035216290955e-17
the observer and,-9.091035216290955e-17
observer and smaller,-9.091035216290955e-17
ball was closer,-9.091035216290955e-17
of perspective where,-9.091035216290955e-17
objects appear larger,-9.091035216290955e-17
observer and,-9.091035216290955e-17
smaller when they,-9.091035216290955e-17
away since,-9.091035216290955e-17
farther away since,-9.091035216290955e-17
they are farther,-9.091035216290955e-17
friction as,-9.096456227153382e-17
so neither one,-9.148633456704247e-17
so neither,-9.148633456704247e-17
neither,-9.148633456704247e-17
neither one,-9.148633456704247e-17
therefore the snipped,-9.150666335777657e-17
same amount of,-9.153376841208871e-17
same amount,-9.153376841208871e-17
the same amount,-9.153376841208871e-17
therefore ben,-9.191323917245864e-17
therefore ben should,-9.191323917245864e-17
more friction compared,-9.226560487851643e-17
quickly this is,-9.23198149871407e-17
quickly this,-9.23198149871407e-17
determine the distance,-9.237402509576498e-17
slow it,-9.242823520438925e-17
slow it down,-9.242823520438925e-17
speeds,-9.269928574751063e-17
longer distance therefore,-9.280770596475918e-17
they are both,-9.394611824586896e-17
given,-9.410874857174178e-17
more quickly,-9.410874857174178e-17
the weight of,-9.416295868036606e-17
weight of,-9.416295868036606e-17
faster therefore,-9.427137889761461e-17
faster therefore the,-9.427137889761461e-17
the source,-9.454242944073599e-17
is because friction,-9.454242944073599e-17
because friction,-9.454242944073599e-17
more force,-9.465084965798454e-17
question also states,-9.470505976660881e-17
therefore the wooden,-9.486769009248164e-17
exertion during the,-9.522005579853943e-17
during,-9.522005579853943e-17
physical exertion during,-9.522005579853943e-17
during the,-9.522005579853943e-17
exertion during,-9.522005579853943e-17
or,-9.540979117872439e-17
more resistant,-9.540979117872439e-17
more resistant to,-9.540979117872439e-17
less this,-9.551821139597294e-17
less this is,-9.551821139597294e-17
higher level therefore,-9.562663161322149e-17
level therefore the,-9.562663161322149e-17
level therefore,-9.562663161322149e-17
dog who is,-9.584347204771859e-17
stopped once it,-9.595189226496714e-17
allowing her to,-9.595189226496714e-17
allowing her,-9.595189226496714e-17
grass which suggests,-9.595189226496714e-17
softball stopped once,-9.595189226496714e-17
speed when,-9.602643116432552e-17
over the plastic,-9.606031248221569e-17
red rug has,-9.608741753652783e-17
carrie face,-9.627715291671279e-17
to carrie face,-9.627715291671279e-17
jane physical,-9.64939933512099e-17
meredith,-9.660241356845845e-17
time since,-9.709030454607692e-17
with less friction,-9.71445146547012e-17
flower garden has,-9.725293487194975e-17
garden has more,-9.725293487194975e-17
garden has,-9.725293487194975e-17
implying that,-9.768661574094395e-17
implying,-9.768661574094395e-17
therefore the pen,-9.80118763926896e-17
be moved to,-9.80118763926896e-17
surface such as,-9.80118763926896e-17
pen must,-9.80118763926896e-17
pen must be,-9.80118763926896e-17
to smoother surface,-9.80118763926896e-17
must be moved,-9.80118763926896e-17
moved to,-9.80118763926896e-17
moved to smoother,-9.80118763926896e-17
be moved,-9.80118763926896e-17
the pen must,-9.80118763926896e-17
smoother surface such,-9.80118763926896e-17
such as the,-9.80118763926896e-17
as the plastic,-9.80118763926896e-17
surface such,-9.80118763926896e-17
not throw,-9.812029660993815e-17
or but the,-9.839134715305953e-17
directions so the,-9.839134715305953e-17
could be or,-9.839134715305953e-17
or but,-9.839134715305953e-17
directions so,-9.839134715305953e-17
in both directions,-9.839134715305953e-17
answer in both,-9.839134715305953e-17
in both,-9.839134715305953e-17
both directions so,-9.839134715305953e-17
be or but,-9.839134715305953e-17
both directions,-9.839134715305953e-17
be or,-9.839134715305953e-17
closer to carrie,-9.84455572616838e-17
perspective,-9.84455572616838e-17
though they,-9.849976737030808e-17
though they are,-9.849976737030808e-17
it the,-9.86623976961809e-17
since the ball,-9.879792296774159e-17
it to move,-9.8879238130678e-17
faster the,-9.898765834792655e-17
can not be,-9.93129189996722e-17
information about the,-9.974659986866641e-17
surface which,-1.0018028073766061e-16
to the observer,-1.003158060092213e-16
that the ball,-1.0039712117215771e-16
at the park,-1.0039712117215771e-16
park,-1.0039712117215771e-16
the park,-1.0039712117215771e-16
asks for the,-1.0061396160665481e-16
more difficult,-1.0063429039738891e-16
derby track,-1.0072238182390336e-16
derby,-1.0072238182390336e-16
the derby,-1.0072238182390336e-16
the derby track,-1.0072238182390336e-16
track,-1.0072238182390336e-16
consistent,-1.0083080204115191e-16
clear wet sky,-1.0099343236702474e-16
and clear,-1.0099343236702474e-16
calm and,-1.0099343236702474e-16
the calm and,-1.0099343236702474e-16
the calm,-1.0099343236702474e-16
motion in the,-1.0099343236702474e-16
calm and clear,-1.0099343236702474e-16
clear wet,-1.0099343236702474e-16
motion in,-1.0099343236702474e-16
and clear wet,-1.0099343236702474e-16
while the calm,-1.0099343236702474e-16
wind and,-1.0099343236702474e-16
the wet sky,-1.0099343236702474e-16
goes,-1.0104764247564901e-16
rougher surface,-1.0126448291014611e-16
at,-1.0169816377914032e-16
distance between the,-1.0191500421363742e-16
decreases with,-1.0213184464813452e-16
be inferred from,-1.0213184464813452e-16
table is rougher,-1.0213184464813452e-16
opposite misconception to,-1.0213184464813452e-16
to be inferred,-1.0213184464813452e-16
error allows the,-1.0213184464813452e-16
error allows,-1.0213184464813452e-16
the opposite misconception,-1.0213184464813452e-16
and slows,-1.0213184464813452e-16
and slows down,-1.0213184464813452e-16
is rougher and,-1.0213184464813452e-16
misconception to be,-1.0213184464813452e-16
more easily the,-1.0213184464813452e-16
rougher and,-1.0213184464813452e-16
opposite misconception,-1.0213184464813452e-16
misconception to,-1.0213184464813452e-16
inferred from the,-1.0213184464813452e-16
down the pen,-1.0213184464813452e-16
slower over the,-1.0213184464813452e-16
allows the opposite,-1.0213184464813452e-16
slower over,-1.0213184464813452e-16
pen more than,-1.0213184464813452e-16
pen more,-1.0213184464813452e-16
phrasing error allows,-1.0213184464813452e-16
information which,-1.0213184464813452e-16
easily the,-1.0213184464813452e-16
given information which,-1.0213184464813452e-16
easily the question,-1.0213184464813452e-16
information which is,-1.0213184464813452e-16
rougher and slows,-1.0213184464813452e-16
inferred from,-1.0213184464813452e-16
from the given,-1.0213184464813452e-16
over the surface,-1.0213184464813452e-16
the pen more,-1.0213184464813452e-16
than john,-1.0224026486538307e-16
on the street,-1.0253333826513306e-16
he will,-1.0256552551712872e-16
than jake,-1.0257230178070675e-16
as friction,-1.02619735625753e-16
harder for,-1.0278236595162582e-16
moves slower through,-1.0278236595162582e-16
it harder for,-1.0278236595162582e-16
movement in contrast,-1.0289078616887437e-16
down the kite,-1.0289078616887437e-16
the kite movement,-1.0289078616887437e-16
kite movement,-1.0289078616887437e-16
kite movement in,-1.0289078616887437e-16
movement in,-1.0289078616887437e-16
friction as friction,-1.0289078616887437e-16
as friction would,-1.0289078616887437e-16
faster the answer,-1.0289078616887437e-16
contrast the rainy,-1.0289078616887437e-16
answer is thin,-1.0299920638612292e-16
is thin,-1.0299920638612292e-16
is thin air,-1.0299920638612292e-16
of the statement,-1.0299920638612292e-16
the thin air,-1.0299920638612292e-16
question therefore the,-1.0299920638612292e-16
the thin,-1.0299920638612292e-16
statement in,-1.0299920638612292e-16
statement in the,-1.0299920638612292e-16
the statement in,-1.0299920638612292e-16
more quickly than,-1.0321604682062002e-16
quickly than,-1.0321604682062002e-16
quickly than the,-1.0321604682062002e-16
is faster than,-1.0332446703786857e-16
fast as annabel,-1.0343288725511712e-16
ben should choose,-1.0343288725511712e-16
lydia is not,-1.0343288725511712e-16
should choose,-1.0343288725511712e-16
torn,-1.0343288725511712e-16
tearing when,-1.0343288725511712e-16
that lydia is,-1.0343288725511712e-16
to tearing when,-1.0343288725511712e-16
tearing when torn,-1.0343288725511712e-16
as annabel,-1.0343288725511712e-16
choose,-1.0343288725511712e-16
when torn,-1.0343288725511712e-16
to the listener,-1.0389367317842346e-16
motion and,-1.0397498834135988e-16
because friction opposes,-1.0397498834135988e-16
an object to,-1.0397498834135988e-16
friction allows an,-1.0397498834135988e-16
the motion of,-1.0397498834135988e-16
the motion,-1.0397498834135988e-16
higher speed therefore,-1.0397498834135988e-16
opposes motion and,-1.0397498834135988e-16
motion of,-1.0397498834135988e-16
of the pants,-1.0397498834135988e-16
friction opposes motion,-1.0397498834135988e-16
surface offers,-1.0397498834135988e-16
to the motion,-1.0397498834135988e-16
allows an,-1.0397498834135988e-16
allows an object,-1.0397498834135988e-16
object to,-1.0397498834135988e-16
higher speed,-1.0397498834135988e-16
surface which means,-1.0397498834135988e-16
reach higher speed,-1.0397498834135988e-16
and surface with,-1.0397498834135988e-16
and surface,-1.0397498834135988e-16
object to move,-1.0397498834135988e-16
surface offers less,-1.0397498834135988e-16
motion of the,-1.0397498834135988e-16
motion and surface,-1.0397498834135988e-16
friction opposes,-1.0397498834135988e-16
will experience,-1.043544591017298e-16
of light,-1.0440866921035408e-16
light decreases,-1.0440866921035408e-16
intensity of light,-1.0440866921035408e-16
of light decreases,-1.0440866921035408e-16
them this,-1.0458485206338297e-16
to them this,-1.0458485206338297e-16
is not the,-1.0462550964485118e-16
farther away making,-1.0495077029659683e-16
is more intense,-1.0495077029659683e-16
more intense conversely,-1.0495077029659683e-16
to be andy,-1.0495077029659683e-16
therefore the one,-1.0495077029659683e-16
to him,-1.0495077029659683e-16
were in the,-1.0495077029659683e-16
be andy closer,-1.0495077029659683e-16
him the,-1.0495077029659683e-16
light is more,-1.0495077029659683e-16
be andy,-1.0495077029659683e-16
left is,-1.0495077029659683e-16
left is more,-1.0495077029659683e-16
be farther away,-1.0495077029659683e-16
light is,-1.0495077029659683e-16
andy closer to,-1.0495077029659683e-16
its light is,-1.0495077029659683e-16
making it appear,-1.0495077029659683e-16
and the one,-1.0495077029659683e-16
as its light,-1.0495077029659683e-16
its light,-1.0495077029659683e-16
that the two,-1.0495077029659683e-16
andy closer,-1.0495077029659683e-16
appear dimmer,-1.0495077029659683e-16
dimmer therefore the,-1.0495077029659683e-16
andy as its,-1.0495077029659683e-16
street lights were,-1.0495077029659683e-16
closer to him,-1.0495077029659683e-16
the left is,-1.0495077029659683e-16
be farther,-1.0495077029659683e-16
to him the,-1.0495077029659683e-16
dimmer therefore,-1.0495077029659683e-16
in the distance,-1.0495077029659683e-16
intense conversely the,-1.0495077029659683e-16
intense conversely,-1.0495077029659683e-16
dimmer,-1.0495077029659683e-16
the right would,-1.0495077029659683e-16
would be closer,-1.0495077029659683e-16
appear dimmer therefore,-1.0495077029659683e-16
were in,-1.0495077029659683e-16
the distance and,-1.0495077029659683e-16
away making it,-1.0495077029659683e-16
it appear,-1.0495077029659683e-16
away making,-1.0495077029659683e-16
conversely the street,-1.0495077029659683e-16
right would,-1.0495077029659683e-16
lights were,-1.0495077029659683e-16
would be farther,-1.0495077029659683e-16
right would be,-1.0495077029659683e-16
it appear dimmer,-1.0495077029659683e-16
lights were in,-1.0495077029659683e-16
top speed therefore,-1.0516761073109393e-16
more effort,-1.0516761073109393e-16
more effort to,-1.0516761073109393e-16
also because,-1.0560129160008813e-16
also because the,-1.0560129160008813e-16
is also because,-1.0560129160008813e-16
answer is also,-1.0560129160008813e-16
the peanut,-1.0570971181733668e-16
that the peanut,-1.0570971181733668e-16
peanut,-1.0570971181733668e-16
peanut experiences,-1.0570971181733668e-16
the peanut experiences,-1.0570971181733668e-16
more friction as,-1.057910269802731e-16
greater gravitational,-1.0592655225183378e-16
is less likely,-1.0603497246908233e-16
that holly,-1.0603497246908233e-16
less likely to,-1.0603497246908233e-16
other,-1.0610273510486268e-16
physical strength,-1.0668549377257364e-16
shorter distance the,-1.0668549377257364e-16
the horses,-1.0690233420707074e-16
to the principle,-1.0690233420707074e-16
it was,-1.0798653637955624e-16
has rougher,-1.0798653637955624e-16
to tear,-1.0798653637955624e-16
has rougher surface,-1.0798653637955624e-16
body this,-1.0809495659680479e-16
body this is,-1.0809495659680479e-16
down therefore the,-1.0809495659680479e-16
down therefore,-1.0809495659680479e-16
friction than,-1.0885389811754465e-16
can throw,-1.0885389811754465e-16
is an,-1.0885389811754465e-16
moves more slowly,-1.0907073855204175e-16
to smoother,-1.0972125985553305e-16
as its,-1.098296800727816e-16
while the,-1.1015494072452725e-16
the speed of,-1.1037178115902435e-16
cloudy,-1.1037178115902435e-16
bunny this,-1.1037178115902435e-16
cloudy air,-1.1037178115902435e-16
that the white,-1.1037178115902435e-16
so the answer,-1.1058862159352145e-16
has lower,-1.1069704181077e-16
has lower resistance,-1.1069704181077e-16
to carrie,-1.1102230246251565e-16
makes,-1.1108159476882346e-16
moving away from,-1.1118493278838848e-16
moving away,-1.1118493278838848e-16
that the cherry,-1.1159150860307054e-16
is because sound,-1.117812439832555e-16
more friction and,-1.1183545409187978e-16
thin,-1.1188966420050406e-16
thin air,-1.1188966420050406e-16
resistance typically,-1.1254018550399536e-16
the wet,-1.126486057212439e-16
surface will,-1.1275702593849246e-16
slower through the,-1.1275702593849246e-16
the bicycle,-1.1329912702473521e-16
this indicates that,-1.133533371333595e-16
this indicates,-1.133533371333595e-16
sky this indicates,-1.133533371333595e-16
could,-1.1340754724198376e-16
smooth the,-1.1346175735060804e-16
rug has,-1.1346175735060804e-16
more smooth the,-1.1346175735060804e-16
however it important,-1.1362438767648086e-16
original,-1.1384122811097797e-16
this misconception is,-1.1384122811097797e-16
original length,-1.1384122811097797e-16
the strongman,-1.1416648876272362e-16
answer is lower,-1.1481701006621492e-16
is lower,-1.1481701006621492e-16
is lower resistance,-1.1481701006621492e-16
have less resistance,-1.1514227071796057e-16
surface with less,-1.1557595158695477e-16
top speed the,-1.1568437180420332e-16
speed the question,-1.1568437180420332e-16
therefore the dresser,-1.1568437180420332e-16
terry weighs,-1.1576568696713974e-16
less than jake,-1.1576568696713974e-16
that terry weighs,-1.1576568696713974e-16
less friction allows,-1.1579279202145187e-16
friction allows,-1.1579279202145187e-16
more than,-1.1590121223870042e-16
that ben,-1.1600963245594897e-16
throw the weight,-1.1600963245594897e-16
be closer,-1.1622647289044608e-16
the one on,-1.1622647289044608e-16
one on the,-1.1622647289044608e-16
one on,-1.1622647289044608e-16
be closer to,-1.1622647289044608e-16
is to,-1.1622647289044608e-16
the throws,-1.1666015375944028e-16
of the throws,-1.1666015375944028e-16
the stagecoach is,-1.1676857397668883e-16
stagecoach is,-1.1676857397668883e-16
the passengers,-1.1676857397668883e-16
the bulldozer,-1.1709383462843448e-16
house therefore the,-1.1763593571467723e-16
supports this conclusion,-1.1763593571467723e-16
house the fact,-1.1763593571467723e-16
shot further supports,-1.1763593571467723e-16
house therefore,-1.1763593571467723e-16
gun shot further,-1.1763593571467723e-16
jim house therefore,-1.1763593571467723e-16
shot further,-1.1763593571467723e-16
further supports,-1.1763593571467723e-16
conclusion,-1.1763593571467723e-16
would be harder,-1.1763593571467723e-16
this conclusion,-1.1763593571467723e-16
harder to hear,-1.1763593571467723e-16
supports this,-1.1763593571467723e-16
supports,-1.1763593571467723e-16
further supports this,-1.1763593571467723e-16
west being farther,-1.1763593571467723e-16
easily and,-1.1774435593192578e-16
difficult to hear,-1.1787310493990844e-16
the west is,-1.1787310493990844e-16
of the sound,-1.1787988120348647e-16
hunter to,-1.1787988120348647e-16
the hunter to,-1.1787988120348647e-16
plastic table the,-1.1796119636642288e-16
what,-1.1796119636642288e-16
table the,-1.1796119636642288e-16
be harder,-1.1817803680091998e-16
be harder to,-1.1817803680091998e-16
bearded lady is,-1.1904539853890839e-16
lady is,-1.1904539853890839e-16
than mary,-1.192622389734055e-16
distance than mary,-1.192622389734055e-16
gym floor has,-1.1931644908202976e-16
this can,-1.196959198423997e-16
this can not,-1.196959198423997e-16
so this can,-1.196959198423997e-16
increase,-1.1975012995102396e-16
move faster therefore,-1.2007539060276962e-16
the answer could,-1.2023802092864244e-16
answer could,-1.2023802092864244e-16
answer could be,-1.2023802092864244e-16
so the shiny,-1.205632815803881e-16
typically slows down,-1.205632815803881e-16
floor high,-1.205632815803881e-16
typically slows,-1.205632815803881e-16
shiny floor high,-1.205632815803881e-16
matte floor compared,-1.205632815803881e-16
floor high resistance,-1.205632815803881e-16
floor compared,-1.205632815803881e-16
resistance typically slows,-1.205632815803881e-16
floor compared to,-1.205632815803881e-16
movement of the,-1.205632815803881e-16
high resistance on,-1.205632815803881e-16
food so the,-1.205632815803881e-16
food so,-1.205632815803881e-16
pet food so,-1.205632815803881e-16
to the shiny,-1.205632815803881e-16
food has high,-1.205632815803881e-16
which is the,-1.209969624493823e-16
stormy sky offers,-1.2110538266663085e-16
that the stormy,-1.2110538266663085e-16
with no,-1.2128156551965974e-16
with no passengers,-1.2128156551965974e-16
passengers weighs,-1.2128156551965974e-16
stagecoach with no,-1.2128156551965974e-16
passengers weighs less,-1.2128156551965974e-16
speed the,-1.220811646218678e-16
because sound,-1.222980050563649e-16
slower when,-1.2240642527361345e-16
moves slower when,-1.2240642527361345e-16
slower when flying,-1.2240642527361345e-16
flying in the,-1.2240642527361345e-16
flying in,-1.2240642527361345e-16
flying,-1.2240642527361345e-16
when flying in,-1.2240642527361345e-16
when flying,-1.2240642527361345e-16
was brighter than,-1.22514845490862e-16
left would be,-1.22514845490862e-16
distance the street,-1.22514845490862e-16
light decreases with,-1.22514845490862e-16
the left would,-1.22514845490862e-16
was brighter,-1.22514845490862e-16
brighter,-1.22514845490862e-16
with distance the,-1.22514845490862e-16
since the intensity,-1.22514845490862e-16
brighter than,-1.22514845490862e-16
brighter than the,-1.22514845490862e-16
left would,-1.22514845490862e-16
left was brighter,-1.22514845490862e-16
friction which caused,-1.2259616065379841e-16
caused katie boat,-1.2259616065379841e-16
katie boat to,-1.2259616065379841e-16
caused katie,-1.2259616065379841e-16
which caused katie,-1.2259616065379841e-16
event,-1.2279944856113945e-16
footballs,-1.2279944856113945e-16
throwing footballs,-1.2279944856113945e-16
in the opposite,-1.231653667943533e-16
quieter to the,-1.240327285323417e-16
be inferred,-1.240327285323417e-16
inferred,-1.240327285323417e-16
high resistance typically,-1.2414114874959026e-16
tricycles or,-1.249000902703301e-16
annabel which,-1.249000902703301e-16
as annabel which,-1.249000902703301e-16
covered however,-1.249000902703301e-16
covered however the,-1.249000902703301e-16
observer so,-1.249000902703301e-16
observer so this,-1.249000902703301e-16
about the speed,-1.249000902703301e-16
the tricycles or,-1.249000902703301e-16
the observer so,-1.249000902703301e-16
distance covered however,-1.249000902703301e-16
of the tricycles,-1.249000902703301e-16
tricycles or the,-1.249000902703301e-16
or the observer,-1.249000902703301e-16
friction than the,-1.249000902703301e-16
the distance covered,-1.249000902703301e-16
resistance on the,-1.251169307048272e-16
more intense,-1.2533377113932431e-16
matte,-1.2565903179106996e-16
matte floor,-1.2565903179106996e-16
the question therefore,-1.2576745200831851e-16
question therefore,-1.2576745200831851e-16
to have more,-1.2630955309456127e-16
less friction makes,-1.2638155089507788e-16
common misconception is,-1.2638155089507788e-16
true in,-1.2638155089507788e-16
true in this,-1.2638155089507788e-16
but the opposite,-1.2638155089507788e-16
is that less,-1.2638155089507788e-16
the opposite explaining,-1.2638155089507788e-16
opposite explaining that,-1.2638155089507788e-16
away the common,-1.2638155089507788e-16
that less friction,-1.2638155089507788e-16
opposite explaining,-1.2638155089507788e-16
misconception is that,-1.2638155089507788e-16
not be used,-1.2663481374630692e-16
face,-1.2663481374630692e-16
size,-1.2674323396355547e-16
therefore the stagecoach,-1.2706849461530112e-16
and is,-1.2706849461530112e-16
used to,-1.2750217548429532e-16
used to determine,-1.2750217548429532e-16
be used to,-1.2750217548429532e-16
even though,-1.2761059570154387e-16
while,-1.2761059570154387e-16
which caused,-1.2771901591879242e-16
therefore jane,-1.2793585635328952e-16
at similar speeds,-1.280728109929487e-16
at similar,-1.280728109929487e-16
similar speeds,-1.280728109929487e-16
the rationale for,-1.2836953722228372e-16
rationale for,-1.2836953722228372e-16
but the rationale,-1.2836953722228372e-16
surface will allow,-1.2902005852577503e-16
dresser surface will,-1.2902005852577503e-16
is faster,-1.2918268885164785e-16
to determine,-1.2923689896027213e-16
on the honey,-1.2934531917752068e-16
throws,-1.2945373939476923e-16
the movement of,-1.2967057982926633e-16
down the movement,-1.2967057982926633e-16
the movement,-1.2967057982926633e-16
movement of,-1.2967057982926633e-16
jake has more,-1.2977900004651488e-16
has more muscle,-1.2977900004651488e-16
the paved,-1.3038886376853798e-16
this misconception,-1.3053794156725473e-16
which would slow,-1.30592151675879e-16
surface therefore,-1.3075478200175183e-16
surface therefore the,-1.3075478200175183e-16
john who is,-1.3118846287074604e-16
who is more,-1.3118846287074604e-16
more athletic,-1.3118846287074604e-16
john who,-1.3118846287074604e-16
is more athletic,-1.3118846287074604e-16
has high resistance,-1.3129688308799459e-16
has high,-1.3129688308799459e-16
speeds so,-1.315137235224917e-16
once,-1.315137235224917e-16
option is,-1.3183898417423734e-16
and quickly this,-1.3200161450011016e-16
slower bunny however,-1.3205582460873444e-16
bunny however,-1.3205582460873444e-16
to exert much,-1.32360756469746e-16
up to speed,-1.32360756469746e-16
to get,-1.32360756469746e-16
up to,-1.32360756469746e-16
to get the,-1.32360756469746e-16
stagecoach up,-1.32360756469746e-16
effort to get,-1.32360756469746e-16
the stagecoach up,-1.32360756469746e-16
stagecoach up to,-1.32360756469746e-16
get the,-1.32360756469746e-16
exert much more,-1.32360756469746e-16
to speed after,-1.32360756469746e-16
exert much,-1.32360756469746e-16
much more effort,-1.32360756469746e-16
get the stagecoach,-1.32360756469746e-16
being farther away,-1.325979256949772e-16
being farther,-1.325979256949772e-16
that less,-1.3265213580360147e-16
such,-1.3292318634672284e-16
moves more,-1.3292318634672284e-16
once it reached,-1.336821278674627e-16
to the rainy,-1.3373633797608697e-16
paved,-1.3430554411664186e-16
opposite allowing,-1.344139643338904e-16
the opposite allowing,-1.344139643338904e-16
calm,-1.344139643338904e-16
wind,-1.344139643338904e-16
opposite allowing the,-1.344139643338904e-16
sky is the,-1.344139643338904e-16
be used,-1.3444106938820255e-16
rigid and more,-1.3465790982269965e-16
farther distance therefore,-1.3465790982269965e-16
rigid and,-1.3465790982269965e-16
much more,-1.3501705179233547e-16
though,-1.3509159069169385e-16
it more,-1.3530843112619095e-16
answer however the,-1.354168513434395e-16
have to exert,-1.3552527156068805e-16
horses have to,-1.3552527156068805e-16
horses have,-1.3552527156068805e-16
more than the,-1.3595895242968226e-16
honey plate,-1.360673726469308e-16
the honey plate,-1.360673726469308e-16
honey,-1.360673726469308e-16
the honey,-1.360673726469308e-16
louder to,-1.3617579286417936e-16
case the question,-1.3633842319005218e-16
states that there,-1.3639263329867646e-16
the given,-1.3660947373317356e-16
given information,-1.3660947373317356e-16
the given information,-1.3660947373317356e-16
slow down the,-1.3682631416767066e-16
the grass,-1.3704315460216776e-16
the intensity of,-1.3704315460216776e-16
the intensity,-1.3704315460216776e-16
intensity of,-1.3704315460216776e-16
the grass field,-1.3704315460216776e-16
white bunny,-1.3725999503666486e-16
the white bunny,-1.3725999503666486e-16
more friction than,-1.3736163899033538e-16
source,-1.3780209612290761e-16
lower resistance the,-1.3834419720915037e-16
over the table,-1.3942839938163587e-16
slide slower in,-1.395910297075087e-16
slide slower,-1.395910297075087e-16
is also consistent,-1.395910297075087e-16
slide more quickly,-1.395910297075087e-16
quickly therefore more,-1.395910297075087e-16
to slide more,-1.395910297075087e-16
to slide slower,-1.395910297075087e-16
this is consistent,-1.395910297075087e-16
friction generates,-1.395910297075087e-16
this is also,-1.395910297075087e-16
slide more,-1.395910297075087e-16
causing the butter,-1.395910297075087e-16
is consistent with,-1.395910297075087e-16
pan has,-1.395910297075087e-16
pan has less,-1.395910297075087e-16
is consistent,-1.395910297075087e-16
increased friction generates,-1.395910297075087e-16
slower in contrast,-1.395910297075087e-16
pan this increased,-1.395910297075087e-16
low,-1.4007892068512717e-16
low resistance,-1.4007892068512717e-16
as fast as,-1.4051260155412137e-16
fast as,-1.4051260155412137e-16
not as fast,-1.4051260155412137e-16
get,-1.406752318799942e-16
tear,-1.4094628242311558e-16
larger,-1.4137996329210978e-16
slowly in,-1.4159680372660688e-16
more slowly in,-1.4159680372660688e-16
difficult,-1.4192206437835253e-16
used,-1.4224732503009818e-16
cover,-1.423286401930346e-16
harder for the,-1.4289784633358948e-16
greater gravitational pull,-1.4310028720798326e-16
distance covered,-1.4354836763708079e-16
endurance,-1.437652080715779e-16
to slow,-1.437652080715779e-16
and endurance,-1.437652080715779e-16
strength and endurance,-1.437652080715779e-16
which would,-1.4381941818020216e-16
slowly in the,-1.4409046872332354e-16
it encounters more,-1.441988889405721e-16
carrie,-1.444157293750692e-16
making the,-1.4476809508112698e-16
smaller,-1.448494102440634e-16
grass field,-1.452830911130576e-16
lady is less,-1.452830911130576e-16
ben should,-1.454999315475547e-16
away this is,-1.457167719820518e-16
away this,-1.457167719820518e-16
so this,-1.465841337200402e-16
moved,-1.465841337200402e-16
therefore the ocean,-1.471533398605951e-16
cherry,-1.472346550235315e-16
the cherry,-1.472346550235315e-16
that the pen,-1.474514954580286e-16
rainy sky this,-1.4772254600114998e-16
than the one,-1.48318857196017e-16
the pen to,-1.48318857196017e-16
pen to,-1.48318857196017e-16
allowing,-1.48318857196017e-16
weighs less than,-1.4835443257980169e-16
correct answer however,-1.485356976305141e-16
garden,-1.485356976305141e-16
the flower,-1.485356976305141e-16
flower garden,-1.485356976305141e-16
the flower garden,-1.485356976305141e-16
flower,-1.485356976305141e-16
it was closer,-1.485356976305141e-16
and therefore the,-1.4891516839088403e-16
allow the top,-1.4951147958575106e-16
speed therefore,-1.5048726154098802e-16
speedboat,-1.5048726154098802e-16
the speedboat,-1.5048726154098802e-16
rigid,-1.5113778284447932e-16
the opposite is,-1.5113778284447932e-16
opposite is,-1.5113778284447932e-16
must have less,-1.5135462327897642e-16
jake is,-1.5185606678375096e-16
pull therefore jake,-1.5185606678375096e-16
that jake is,-1.5185606678375096e-16
jake is more,-1.5185606678375096e-16
throw farther,-1.5185606678375096e-16
would likely throw,-1.5185606678375096e-16
likely throw farther,-1.5185606678375096e-16
throw farther distance,-1.5185606678375096e-16
likely throw,-1.5185606678375096e-16
the matte,-1.5189672436521917e-16
the matte floor,-1.5189672436521917e-16
therefore the shiny,-1.5200514458246772e-16
more physical strength,-1.524930355600862e-16
more physical,-1.524930355600862e-16
heat up,-1.525743507230226e-16
likely to have,-1.5265566588595902e-16
that the wood,-1.5281829621183185e-16
overall weight,-1.5298092653770468e-16
overall,-1.5298092653770468e-16
accelerate more,-1.5298092653770468e-16
and the table,-1.5308934675495323e-16
table surface which,-1.5308934675495323e-16
west is,-1.5341460740669888e-16
is the slower,-1.5352302762394743e-16
the slower,-1.5352302762394743e-16
slower bunny,-1.5352302762394743e-16
the slower bunny,-1.5352302762394743e-16
friction makes,-1.535569089418376e-16
stormy sky,-1.5368565794982025e-16
the stormy sky,-1.5368565794982025e-16
the stormy,-1.5368565794982025e-16
stormy,-1.5368565794982025e-16
less resistance and,-1.5384828827569308e-16
away would be,-1.5460722979643293e-16
similar,-1.5460722979643293e-16
were no passengers,-1.5482407023093003e-16
were no,-1.5482407023093003e-16
when there were,-1.5482407023093003e-16
there were,-1.5482407023093003e-16
there were no,-1.5482407023093003e-16
than when there,-1.5482407023093003e-16
air which,-1.5525775109992423e-16
and less,-1.560166926206641e-16
causing,-1.5655879370690684e-16
exert,-1.5677563414140394e-16
that the table,-1.5677563414140394e-16
move more slowly,-1.5677563414140394e-16
first gun,-1.5699247457590104e-16
that the second,-1.5699247457590104e-16
house the west,-1.5699247457590104e-16
distance the question,-1.5699247457590104e-16
heard in,-1.5699247457590104e-16
first gun shot,-1.5699247457590104e-16
west being,-1.5699247457590104e-16
shot was heard,-1.5699247457590104e-16
the first gun,-1.5699247457590104e-16
same location,-1.5699247457590104e-16
as the first,-1.5699247457590104e-16
therefore travel longer,-1.5699247457590104e-16
same location as,-1.5699247457590104e-16
the same location,-1.5699247457590104e-16
distance therefore lydia,-1.5699247457590104e-16
tricycles,-1.5699247457590104e-16
resistance and,-1.5699247457590104e-16
from the north,-1.5699247457590104e-16
gun from the,-1.5699247457590104e-16
gun shot was,-1.5699247457590104e-16
the west being,-1.5699247457590104e-16
location,-1.5699247457590104e-16
location as,-1.5699247457590104e-16
location as the,-1.5699247457590104e-16
implies that annabel,-1.5699247457590104e-16
hear the shot,-1.5699247457590104e-16
heard in the,-1.5699247457590104e-16
resistance the,-1.5699247457590104e-16
was heard in,-1.5699247457590104e-16
shot and,-1.5699247457590104e-16
the gun from,-1.5699247457590104e-16
heard,-1.5699247457590104e-16
shot and therefore,-1.5699247457590104e-16
the shot and,-1.5699247457590104e-16
the shot,-1.5699247457590104e-16
gun from,-1.5699247457590104e-16
the tricycles,-1.5699247457590104e-16
was heard,-1.5699247457590104e-16
friction therefore,-1.575345756621438e-16
movement,-1.5764299587939234e-16
greater distance than,-1.5785983631388945e-16
harder,-1.5785983631388945e-16
first shot,-1.5788694136820158e-16
the first shot,-1.5788694136820158e-16
that the first,-1.5788694136820158e-16
the hunter,-1.5788694136820158e-16
more friction therefore,-1.581850969656351e-16
is not as,-1.5829351718288365e-16
bare plastic table,-1.5899824859499923e-16
bare plastic,-1.5899824859499923e-16
the bare,-1.5899824859499923e-16
bare,-1.5899824859499923e-16
the bare plastic,-1.5899824859499923e-16
physical exertion,-1.5916087892087205e-16
exertion,-1.5916087892087205e-16
such as,-1.6024508109335756e-16
when there,-1.6067876196235176e-16
the creek,-1.614377034830916e-16
creek,-1.614377034830916e-16
is likely to,-1.6154612370034016e-16
the speed,-1.6197980456933436e-16
determine,-1.6219664500383146e-16
or the,-1.6241348543832856e-16
is smoother and,-1.6241348543832856e-16
closer to her,-1.6241348543832856e-16
pen to move,-1.6284716630732277e-16
that the jetliner,-1.6306400674181987e-16
however it,-1.6349768761081407e-16
moves slower in,-1.6369419925457707e-16
bulldozer,-1.6393136847980827e-16
as fast,-1.6458188978329957e-16
speed therefore the,-1.6458188978329957e-16
fast,-1.6458188978329957e-16
where objects,-1.6530017372257122e-16
is described as,-1.6544925152128798e-16
is described,-1.6544925152128798e-16
slows,-1.6555767173853653e-16
sky compared to,-1.666960840196463e-16
storm sky compared,-1.666960840196463e-16
sky compared,-1.666960840196463e-16
appear larger,-1.6683033874178611e-16
light on,-1.6696713456276768e-16
light on the,-1.6696713456276768e-16
at the,-1.6740081543176188e-16
smoother and allows,-1.6761765586625899e-16
allows the pen,-1.6761765586625899e-16
and allows,-1.6761765586625899e-16
and allows the,-1.6761765586625899e-16
table is smoother,-1.6761765586625899e-16
jane,-1.6783449630075609e-16
and heat up,-1.6805133673525319e-16
and heat,-1.6805133673525319e-16
sky this,-1.682512365108052e-16
goes shorter distance,-1.682681771697503e-16
goes shorter,-1.682681771697503e-16
will have more,-1.684850176042474e-16
move more smoothly,-1.6853922771287166e-16
smoothly and,-1.6853922771287166e-16
more smoothly and,-1.6853922771287166e-16
wet sky is,-1.6853922771287166e-16
smoothly and quickly,-1.6853922771287166e-16
allow the pants,-1.6859343782149594e-16
pants to,-1.6859343782149594e-16
the pants to,-1.6859343782149594e-16
pants to reach,-1.6859343782149594e-16
speed after,-1.6864764793012021e-16
have boarded,-1.6864764793012021e-16
after passengers,-1.6864764793012021e-16
after passengers have,-1.6864764793012021e-16
speed after passengers,-1.6864764793012021e-16
passengers have boarded,-1.6864764793012021e-16
boarded,-1.6864764793012021e-16
passengers have,-1.6864764793012021e-16
listener,-1.6889159341892945e-16
the listener,-1.6889159341892945e-16
up,-1.691355389077387e-16
resistant,-1.691355389077387e-16
resistant to tearing,-1.691355389077387e-16
person,-1.691355389077387e-16
resistant to,-1.691355389077387e-16
answer in,-1.695692197767329e-16
ability to,-1.6978606021123e-16
this increased friction,-1.6989448042847854e-16
if the,-1.7011132086297565e-16
up the ends,-1.704365815147213e-16
heat up the,-1.704365815147213e-16
up the,-1.713039432527097e-16
about,-1.715207836872068e-16
creek the correct,-1.7184604433895245e-16
that the ocean,-1.7184604433895245e-16
the creek the,-1.7184604433895245e-16
creek the,-1.7184604433895245e-16
described as being,-1.7211709488207383e-16
as being,-1.7211709488207383e-16
answer however,-1.723881454251952e-16
once it,-1.7271340607694086e-16
stagecoach weighs less,-1.730386667286865e-16
horses,-1.730386667286865e-16
encounters more resistance,-1.732555071631836e-16
this is because,-1.734723475976807e-16
they were,-1.7353333396988302e-16
it important,-1.736891880321778e-16
it important to,-1.736891880321778e-16
it is reasonable,-1.739060284666749e-16
is reasonable to,-1.739060284666749e-16
more easily and,-1.7401444868392346e-16
travel longer distance,-1.7477339020466331e-16
travel longer,-1.7477339020466331e-16
strongman,-1.7480049525897545e-16
when it was,-1.755594367797153e-16
appear larger when,-1.755594367797153e-16
therefore the rainy,-1.755594367797153e-16
only,-1.7558654183402744e-16
this suggests that,-1.7564075194265172e-16
this suggests,-1.7564075194265172e-16
sky offers more,-1.7580338226852454e-16
farther away would,-1.7694179454963432e-16
away would,-1.7694179454963432e-16
wood floor,-1.7759231585312563e-16
wood,-1.7759231585312563e-16
the wood floor,-1.7759231585312563e-16
the wood,-1.7759231585312563e-16
encounters more,-1.7824283715661693e-16
farther distance than,-1.7889335846010823e-16
smoother and,-1.7911019889460533e-16
pants and the,-1.7954387976359953e-16
between the pants,-1.7954387976359953e-16
might expect if,-1.795980898722238e-16
distance and the,-1.8084492237058214e-16
therefore lydia is,-1.8127860323957634e-16
longer period,-1.8127860323957634e-16
longer period of,-1.8127860323957634e-16
therefore lydia,-1.8127860323957634e-16
who goes,-1.8127860323957634e-16
of time and,-1.8127860323957634e-16
her speed for,-1.8127860323957634e-16
and therefore travel,-1.8127860323957634e-16
time and therefore,-1.8127860323957634e-16
can maintain her,-1.8127860323957634e-16
who goes shorter,-1.8127860323957634e-16
can maintain,-1.8127860323957634e-16
that annabel can,-1.8127860323957634e-16
period of time,-1.8127860323957634e-16
period of,-1.8127860323957634e-16
speed for longer,-1.8127860323957634e-16
for longer period,-1.8127860323957634e-16
maintain her speed,-1.8127860323957634e-16
annabel can maintain,-1.8127860323957634e-16
maintain her,-1.8127860323957634e-16
period,-1.8127860323957634e-16
annabel can,-1.8127860323957634e-16
one who goes,-1.8127860323957634e-16
therefore travel,-1.8127860323957634e-16
speed for,-1.8127860323957634e-16
lydia is the,-1.8127860323957634e-16
on the wooden,-1.813870234568249e-16
when they are,-1.818207043258191e-16
is reasonable,-1.8236280541206185e-16
important,-1.8257964584655895e-16
important to,-1.8257964584655895e-16
more smoothly,-1.831217469328017e-16
larger when,-1.835554278017959e-16
directions,-1.83772268236293e-16
an object,-1.8409752888803865e-16
to note,-1.842059491052872e-16
to note that,-1.842059491052872e-16
note that,-1.842059491052872e-16
note,-1.842059491052872e-16
important to note,-1.842059491052872e-16
bearded lady,-1.8496489062602706e-16
bearded,-1.8496489062602706e-16
lady,-1.8496489062602706e-16
this is common,-1.8518173106052416e-16
to assume,-1.8539857149502126e-16
reasonable to,-1.8539857149502126e-16
reasonable to assume,-1.8539857149502126e-16
to assume that,-1.8539857149502126e-16
prone to tearing,-1.8561541192951836e-16
the dresser surface,-1.8604909279851256e-16
dresser surface,-1.8604909279851256e-16
offers more friction,-1.863226844404757e-16
offers more,-1.863226844404757e-16
described,-1.8683513937356455e-16
described as,-1.8683513937356455e-16
indicating that there,-1.8691645453650096e-16
states that the,-1.8767539605724082e-16
her speed,-1.8865117801247777e-16
stagecoach with,-1.8892222855559915e-16
the stagecoach with,-1.8892222855559915e-16
which means that,-1.8908485888147197e-16
generates,-1.8919327909872052e-16
smoothly over it,-1.89581220188563e-16
to move smoothly,-1.89581220188563e-16
over it,-1.89581220188563e-16
vacuum to move,-1.89581220188563e-16
move smoothly over,-1.89581220188563e-16
move smoothly,-1.89581220188563e-16
over it this,-1.89581220188563e-16
allows the,-1.9038590148845458e-16
assume that the,-1.9233746539892849e-16
which implies,-1.9255430583342559e-16
which implies that,-1.9255430583342559e-16
reasonable,-1.93421667571414e-16
expect if the,-1.9456007985252377e-16
that the person,-1.9461428996114805e-16
the second gun,-1.9461428996114805e-16
second gun shot,-1.9461428996114805e-16
second gun,-1.9461428996114805e-16
that there is,-1.953732314818879e-16
experiences,-1.95590071916385e-16
explaining that,-1.958069123508821e-16
explaining that the,-1.958069123508821e-16
explaining,-1.958069123508821e-16
on the left,-1.964574336543734e-16
what they were,-1.9662006398024623e-16
if the opposite,-1.9662006398024623e-16
what they,-1.9662006398024623e-16
hunter,-1.9662006398024623e-16
hearing was,-1.9662006398024623e-16
hearing,-1.9662006398024623e-16
they were hearing,-1.9662006398024623e-16
hearing was actually,-1.9662006398024623e-16
was actually closer,-1.9662006398024623e-16
closer to them,-1.9662006398024623e-16
of what they,-1.9662006398024623e-16
were hearing,-1.9662006398024623e-16
were hearing was,-1.9662006398024623e-16
actually closer,-1.9662006398024623e-16
actually closer to,-1.9662006398024623e-16
making the creek,-1.9678269430611905e-16
floor indicating that,-1.9687756199621154e-16
floor indicating,-1.9687756199621154e-16
of time,-1.968911145233676e-16
have to,-1.968911145233676e-16
for the answer,-1.973247953923618e-16
the vacuum to,-1.975416358268589e-16
vacuum to,-1.975416358268589e-16
for the vacuum,-1.9765005604410746e-16
wood floor has,-1.9765005604410746e-16
would slow down,-1.9827347229328662e-16
opposite is actually,-1.986258379993444e-16
to exert,-1.9992688060632702e-16
ben,-2.0036056147532122e-16
athletic will have,-2.0139055353918245e-16
athletic will,-2.0139055353918245e-16
friction making it,-2.0144476364780672e-16
wet sky,-2.0198686473404948e-16
sky is,-2.0198686473404948e-16
the person,-2.0209528495129803e-16
food has,-2.0252896582029223e-16
that it encounters,-2.0252896582029223e-16
pet food has,-2.0252896582029223e-16
matte floor indicating,-2.0252896582029223e-16
level the,-2.0252896582029223e-16
higher level the,-2.0252896582029223e-16
level the answer,-2.0252896582029223e-16
object,-2.0285422647203788e-16
smoothly over,-2.0317948712378353e-16
causing the,-2.0491421059976034e-16
football farther,-2.0496842070838461e-16
more muscle mass,-2.0496842070838461e-16
football farther distance,-2.0496842070838461e-16
the football farther,-2.0496842070838461e-16
more muscle,-2.0496842070838461e-16
street light on,-2.0534789146875454e-16
the street light,-2.0534789146875454e-16
the top,-2.0664893407573715e-16
the top speed,-2.0664893407573715e-16
stagecoach weighs,-2.0686577451023425e-16
the stagecoach weighs,-2.0686577451023425e-16
the paved street,-2.0781445141115906e-16
paved street,-2.0781445141115906e-16
have less,-2.0903417885520525e-16
assume,-2.0990154059319366e-16
assume that,-2.0990154059319366e-16
the bearded,-2.1033522146218786e-16
the bearded lady,-2.1033522146218786e-16
which means,-2.1163626406917047e-16
making,-2.1250362580715887e-16
information,-2.1272046624165597e-16
sailboat must,-2.1345436735089262e-16
sailboat must have,-2.1345436735089262e-16
so the sailboat,-2.1345436735089262e-16
the sailboat must,-2.1345436735089262e-16
in the same,-2.1402150884863858e-16
that more,-2.1423834928313568e-16
friction and,-2.1445518971763278e-16
easier to hear,-2.1503794838534374e-16
moving,-2.1510571102112408e-16
the answer in,-2.1510571102112408e-16
any information about,-2.1532255145562118e-16
reach higher,-2.1684043449710089e-16
throw the football,-2.17057274931598e-16
dresser,-2.172741153660951e-16
the dresser,-2.172741153660951e-16
have more sweat,-2.183583175385806e-16
more sweat on,-2.183583175385806e-16
sweat on his,-2.183583175385806e-16
on his body,-2.183583175385806e-16
his body,-2.183583175385806e-16
air,-2.198762005800603e-16
to her,-2.207435623180487e-16
field,-2.211772431870429e-16
friction making the,-2.2128566340429145e-16
after,-2.220446049250313e-16
the vacuum,-2.2280354644577116e-16
vacuum,-2.2280354644577116e-16
wet,-2.231288070975168e-16
floor has more,-2.231288070975168e-16
cloth,-2.244298497044994e-16
the table cloth,-2.244298497044994e-16
table cloth,-2.244298497044994e-16
it encounters,-2.246466901389965e-16
not as,-2.246466901389965e-16
was actually,-2.2475511035624507e-16
there is,-2.2659825404947043e-16
top speed of,-2.2811613709095013e-16
one who,-2.2854981795994433e-16
the one who,-2.2854981795994433e-16
option,-2.2985086056692694e-16
distance and,-2.3006770100142404e-16
to move faster,-2.312603233911581e-16
it this,-2.3227168073017973e-16
it this is,-2.3227168073017973e-16
that more heat,-2.33211887301632e-16
that the stagecoach,-2.3353714795337766e-16
answer away the,-2.3489240066898454e-16
is likely closer,-2.3527187142935446e-16
likely closer,-2.3527187142935446e-16
likely closer to,-2.3527187142935446e-16
shot was,-2.3548871186385156e-16
likely to be,-2.3592239273284576e-16
surface with more,-2.377655364260711e-16
with more friction,-2.377655364260711e-16
suggesting that,-2.3830763751231387e-16
which suggests that,-2.38524477946811e-16
which suggests,-2.38524477946811e-16
offers less friction,-2.3906657903305373e-16
slow down,-2.395544700106722e-16
suggesting,-2.411265631607762e-16
physical strength and,-2.4153313897545825e-16
strength and,-2.4153313897545825e-16
the concrete,-2.416212304019727e-16
concrete,-2.416212304019727e-16
when she,-2.42861286636753e-16
to hear the,-2.430781270712501e-16
hear the,-2.430781270712501e-16
being generated,-2.432949675057472e-16
information about,-2.448128505472269e-16
is not,-2.47198095326695e-16
mass than,-2.47198095326695e-16
court,-2.476317761956892e-16
to have,-2.498001805406602e-16
does not,-2.502338614096544e-16
the weight,-2.5066754227864863e-16
concrete basketball court,-2.5110122314764283e-16
the concrete basketball,-2.5110122314764283e-16
concrete basketball,-2.5110122314764283e-16
basketball court,-2.5110122314764283e-16
misconception is,-2.5153490401663703e-16
when they,-2.518601646683827e-16
on his,-2.518601646683827e-16
the poster,-2.520770051028798e-16
floor has,-2.5261910618912253e-16
away the,-2.5299857694949246e-16
truth is,-2.5326962749261384e-16
truth,-2.5326962749261384e-16
truth is that,-2.5326962749261384e-16
the truth is,-2.5326962749261384e-16
the truth,-2.5326962749261384e-16
but the truth,-2.5326962749261384e-16
move faster,-2.54286067029319e-16
would slow,-2.5451645999097217e-16
higher top,-2.5543803183758484e-16
reach higher top,-2.5543803183758484e-16
higher top speed,-2.5543803183758484e-16
so the speedboat,-2.561456219858974e-16
construction paper,-2.5738959574805875e-16
butter to,-2.574980159653073e-16
the butter to,-2.574980159653073e-16
therefore the rationale,-2.5760643618255585e-16
sky offers less,-2.5782327661705295e-16
pants and,-2.5804011705155006e-16
the table surface,-2.5804011705155006e-16
table surface,-2.5804011705155006e-16
the pants and,-2.5804011705155006e-16
is also,-2.5825695748604716e-16
have more,-2.598832607447754e-16
encounters,-2.6064220226551527e-16
basketball,-2.6107588313450947e-16
more slowly,-2.6107588313450947e-16
that the plastic,-2.6237692574149207e-16
the kite moves,-2.6400322900022033e-16
maintain,-2.645453300864631e-16
it across,-2.654126918244515e-16
offers less,-2.673100456263011e-16
question does not,-2.675810961694225e-16
case,-2.6920739942815075e-16
shiny floor,-2.693158196453993e-16
shiny,-2.693158196453993e-16
more sweat,-2.6985792073164205e-16
construction,-2.727852665973529e-16
north is likely,-2.7300210703185e-16
jim house the,-2.7300210703185e-16
house the,-2.7300210703185e-16
paper,-2.736526283353413e-16
time and,-2.740863092043355e-16
is closer to,-2.7506209115957247e-16
is closer,-2.7506209115957247e-16
she,-2.7560419224581523e-16
slows down,-2.77528651101977e-16
no passengers,-2.7820627745978044e-16
rainy sky offers,-2.783553552584972e-16
lower,-2.785315381115261e-16
fridge than the,-2.791820594150174e-16
the answer also,-2.791820594150174e-16
an object slides,-2.791820594150174e-16
with the principle,-2.791820594150174e-16
object slides across,-2.791820594150174e-16
object slides,-2.791820594150174e-16
pan the answer,-2.791820594150174e-16
principle that more,-2.791820594150174e-16
than the frying,-2.791820594150174e-16
across surface with,-2.791820594150174e-16
is generated when,-2.791820594150174e-16
is generated,-2.791820594150174e-16
friction therefore more,-2.791820594150174e-16
slide,-2.791820594150174e-16
answer also,-2.791820594150174e-16
answer also states,-2.791820594150174e-16
across surface,-2.791820594150174e-16
slides,-2.791820594150174e-16
slides across,-2.791820594150174e-16
generated when an,-2.791820594150174e-16
slides across surface,-2.791820594150174e-16
butter to slide,-2.791820594150174e-16
more heat is,-2.791820594150174e-16
heat is,-2.791820594150174e-16
to slide,-2.791820594150174e-16
consistent with,-2.791820594150174e-16
heat is generated,-2.791820594150174e-16
consistent with the,-2.791820594150174e-16
pan this is,-2.791820594150174e-16
but the question,-2.8080836267374565e-16
that annabel,-2.8189256484623115e-16
allowing the,-2.8384412875670506e-16
likely to,-2.8449465006019636e-16
kite moves slower,-2.856872724499304e-16
over the,-2.8850619809839273e-16
with the,-2.88560408207017e-16
table is,-2.90132501357121e-16
plastic table is,-2.90132501357121e-16
the football,-2.9089144287786084e-16
football,-2.9089144287786084e-16
when it,-2.9132512374685504e-16
high,-2.9197564505034634e-16
high resistance,-2.9197564505034634e-16
observer,-2.92300905702092e-16
the observer,-2.92300905702092e-16
ocean,-2.9284300678833475e-16
the ocean,-2.9284300678833475e-16
move more easily,-2.936561584176989e-16
lydia,-2.940356291780688e-16
ocean has less,-2.943066797211902e-16
less,-2.949029909160572e-16
any,-2.9544509200229996e-16
not provide any,-2.9544509200229996e-16
provide any information,-2.9544509200229996e-16
provide any,-2.9544509200229996e-16
any information,-2.9544509200229996e-16
as,-2.96637714392034e-16
kite moves,-2.9696297504377966e-16
lydia is,-2.975050761300224e-16
move more,-2.977219165645195e-16
it,-2.983724378680108e-16
through the,-2.983724378680108e-16
speedboat must,-2.988355001923629e-16
the speedboat must,-2.988355001923629e-16
speedboat must have,-2.988355001923629e-16
misconception but the,-2.9945664004049632e-16
common misconception but,-2.9945664004049632e-16
misconception but,-2.9945664004049632e-16
when an object,-2.9967348047499343e-16
when an,-2.9967348047499343e-16
resistance will,-3.0032400177848473e-16
they are,-3.0140820395097023e-16
as terry therefore,-3.0371213356750193e-16
terry therefore jake,-3.0371213356750193e-16
terry therefore,-3.0371213356750193e-16
generated when she,-3.0379344873043834e-16
when she slid,-3.0379344873043834e-16
she slid the,-3.0379344873043834e-16
she slid,-3.0379344873043834e-16
slows down the,-3.0548751462494694e-16
that the kite,-3.0574501264091225e-16
sweat on,-3.0661237437890065e-16
from,-3.0704605524789486e-16
in this,-3.0834709785487746e-16
be,-3.1116602350333977e-16
to reach,-3.122502256758253e-16
body,-3.1235864589307383e-16
case the,-3.131175874138137e-16
therefore the person,-3.139849491518021e-16
the gun to,-3.139849491518021e-16
gun to the,-3.139849491518021e-16
gun to,-3.139849491518021e-16
athletic,-3.185385982762412e-16
slowly,-3.191891195797325e-16
lower resistance will,-3.194059600142296e-16
resistance will allow,-3.194059600142296e-16
shiny floor with,-3.194059600142296e-16
allow,-3.2016490153496946e-16
less friction making,-3.207070026212122e-16
both,-3.217912047936977e-16
is common misconception,-3.222248856626919e-16
from the,-3.225772513687497e-16
not provide,-3.251522315284028e-16
does not provide,-3.251522315284028e-16
distance than,-3.2656169435263394e-16
allow the,-3.2820155013851826e-16
the question does,-3.2873009869760494e-16
is common,-3.2873009869760494e-16
question does,-3.2873009869760494e-16
common misconception,-3.3003114130458755e-16
will allow the,-3.308713979882638e-16
will allow,-3.308713979882638e-16
is likely,-3.3089850304257595e-16
principle that,-3.3306690738754696e-16
the principle that,-3.3306690738754696e-16
the west,-3.340426893427839e-16
in this case,-3.344763702117781e-16
this case,-3.344763702117781e-16
speed of,-3.3545215216701507e-16
speed of the,-3.3545215216701507e-16
motion,-3.3671253719252947e-16
this case the,-3.384879182499745e-16
floor,-3.414694742243096e-16
the ocean has,-3.436920886779049e-16
ocean has,-3.436920886779049e-16
the shiny floor,-3.445594504158933e-16
provide,-3.445594504158933e-16
the shiny,-3.445594504158933e-16
the street,-3.465110143263672e-16
pan the,-3.480288973678469e-16
frying pan the,-3.480288973678469e-16
to tearing,-3.4976362084382373e-16
that the butter,-3.505225623645636e-16
butter slid slower,-3.505225623645636e-16
butter slid,-3.505225623645636e-16
the butter slid,-3.505225623645636e-16
was being generated,-3.505225623645636e-16
heat was,-3.505225623645636e-16
fridge than across,-3.505225623645636e-16
butter across the,-3.505225623645636e-16
than across,-3.505225623645636e-16
than across the,-3.505225623645636e-16
slid slower,-3.505225623645636e-16
butter across,-3.505225623645636e-16
slid slower in,-3.505225623645636e-16
more heat was,-3.505225623645636e-16
slid the,-3.505225623645636e-16
heat was being,-3.505225623645636e-16
slid the butter,-3.505225623645636e-16
the butter across,-3.505225623645636e-16
was being,-3.505225623645636e-16
appear,-3.5106466345080634e-16
friction allowing the,-3.5258254649228604e-16
of the pet,-3.5301622736128024e-16
with more,-3.5301622736128024e-16
annabel,-3.5475095083725705e-16
the same,-3.5597067828130324e-16
same,-3.5597067828130324e-16
that jake does,-3.566483046391067e-16
less friction allowing,-3.5822039778921066e-16
his,-3.5887091909270197e-16
first,-3.594096320471557e-16
tearing,-3.6017196169968457e-16
who is,-3.625572064791527e-16
west,-3.649424512586208e-16
physical,-3.655929725621121e-16
being generated when,-3.655929725621121e-16
pan indicating,-3.703634621210483e-16
pan indicating that,-3.703634621210483e-16
frying pan indicating,-3.703634621210483e-16
has more,-3.712308238590367e-16
smoothly,-3.7264028668326787e-16
also states that,-3.758928932007244e-16
also states,-3.758928932007244e-16
itself gives the,-3.7773603689394974e-16
answer away,-3.7773603689394974e-16
gives the answer,-3.7773603689394974e-16
gives the,-3.7773603689394974e-16
the answer away,-3.7773603689394974e-16
question itself gives,-3.7773603689394974e-16
expect but,-3.7773603689394974e-16
itself gives,-3.7773603689394974e-16
might expect but,-3.7773603689394974e-16
gives,-3.7773603689394974e-16
expect but the,-3.7773603689394974e-16
on the matte,-3.7925391993542945e-16
friction allowing,-3.8424124992886277e-16
were,-3.857591329703425e-16
through,-3.864096542738338e-16
question itself,-3.887948990533019e-16
the question itself,-3.887948990533019e-16
gun shot,-3.892285799222961e-16
to move more,-3.9245408138544047e-16
allowing the kite,-3.93348548177741e-16
slow,-3.9410748969848086e-16
therefore more heat,-3.959506333917062e-16
friction making,-3.972516759986888e-16
there is more,-3.9790219730218013e-16
surface with,-3.9833587817117433e-16
her,-4.0158848468863084e-16
the north is,-4.0310636773011055e-16
north is,-4.0310636773011055e-16
the rainy sky,-4.0383820419653826e-16
itself,-4.0419056990259605e-16
easily,-4.0424478001122033e-16
principle,-4.0440741033709315e-16
the principle,-4.0440741033709315e-16
floor with,-4.0505793164058446e-16
floor with lower,-4.0505793164058446e-16
the wooden,-4.0809369772354387e-16
wooden,-4.0809369772354387e-16
sweat,-4.0939474033052647e-16
to move,-4.1340628836872284e-16
gym floor,-4.158999533654395e-16
the wooden gym,-4.158999533654395e-16
wooden gym floor,-4.158999533654395e-16
wooden gym,-4.158999533654395e-16
jake has less,-4.163336342344337e-16
has less muscle,-4.163336342344337e-16
less muscle,-4.163336342344337e-16
less muscle mass,-4.163336342344337e-16
gym,-4.193694003173931e-16
pan this,-4.1991150140363587e-16
frying pan this,-4.1991150140363587e-16
the rationale is,-4.211041237933699e-16
rationale is that,-4.211041237933699e-16
rationale is,-4.211041237933699e-16
the rainy,-4.2313700286678024e-16
with lower,-4.2327252813834093e-16
with lower resistance,-4.2327252813834093e-16
poster,-4.2804301769727715e-16
so the,-4.2847669856627135e-16
to the north,-4.290187996525141e-16
suggests,-4.2934406030425976e-16
suggests that,-4.2934406030425976e-16
the table,-4.294524805215083e-16
sky offers,-4.310245736716123e-16
john,-4.34114549863196e-16
moves slower,-4.343313902976931e-16
across the,-4.354155924701786e-16
more easily,-4.3546980257880286e-16
weighs less,-4.4278816724308e-16
closer to jim,-4.443060502845597e-16
offers,-4.460949838691608e-16
in throwing,-4.486428589745017e-16
is factor in,-4.486428589745017e-16
factor in throwing,-4.486428589745017e-16
the plastic table,-4.51461784622964e-16
the plastic,-4.51461784622964e-16
rainy sky,-4.53223613153253e-16
away,-4.538470294024322e-16
the skateboard,-4.544975507059235e-16
are,-4.551480720094148e-16
muscle mass is,-4.55581752878409e-16
throwing ability,-4.55581752878409e-16
ability suggesting,-4.55581752878409e-16
mass is factor,-4.55581752878409e-16
suggesting that jake,-4.55581752878409e-16
that muscle,-4.55581752878409e-16
mass than terry,-4.55581752878409e-16
fact that muscle,-4.55581752878409e-16
that muscle mass,-4.55581752878409e-16
suggests that jake,-4.55581752878409e-16
as terry this,-4.55581752878409e-16
in throwing ability,-4.55581752878409e-16
therefore jake does,-4.55581752878409e-16
ability suggesting that,-4.55581752878409e-16
terry this suggests,-4.55581752878409e-16
throwing ability suggesting,-4.55581752878409e-16
muscle mass than,-4.55581752878409e-16
surface,-4.562322741819003e-16
down the,-4.562864842905245e-16
expect,-4.579669976578771e-16
mass is,-4.585633088527441e-16
to be,-4.588343593958655e-16
has more friction,-4.610027637408365e-16
further,-4.618701254788249e-16
also,-4.619785456960734e-16
generated,-4.625206467823162e-16
farther distance,-4.638216893892988e-16
has less friction,-4.644722106927901e-16
of what one,-4.649058915617843e-16
what one,-4.649058915617843e-16
but the,-4.650685218876571e-16
is more friction,-4.670742959067553e-16
water so,-4.695926307380608e-16
water so the,-4.695926307380608e-16
the water so,-4.695926307380608e-16
less friction,-4.701100619897147e-16
and therefore,-4.701100619897147e-16
fired the gun,-4.705437428587089e-16
rainy,-4.738505594847897e-16
therefore more,-4.786752591523502e-16
person who,-4.861562541425002e-16
the person who,-4.861562541425002e-16
farther,-4.907099032669393e-16
is further supported,-4.925530469601647e-16
supported by the,-4.925530469601647e-16
supported by,-4.925530469601647e-16
further supported by,-4.925530469601647e-16
by the fact,-4.925530469601647e-16
further supported,-4.925530469601647e-16
supported,-4.925530469601647e-16
hear,-4.935288289154016e-16
time,-4.935288289154016e-16
to hear,-4.935288289154016e-16
factor in,-4.937456693498987e-16
made it across,-4.980824780398407e-16
slower in the,-4.989498397778291e-16
weight,-5.017687654262915e-16
kite to move,-5.025277069470313e-16
the kite to,-5.025277069470313e-16
kite to,-5.025277069470313e-16
by the,-5.026361271642799e-16
is factor,-5.042624304230081e-16
person who fired,-5.058887336817364e-16
who fired the,-5.058887336817364e-16
fired the,-5.058887336817364e-16
the gun,-5.058887336817364e-16
must have made,-5.122912439717948e-16
first this,-5.122912439717948e-16
of fleeing in,-5.122912439717948e-16
first this is,-5.122912439717948e-16
opposite of fleeing,-5.122912439717948e-16
of fleeing,-5.122912439717948e-16
across first this,-5.122912439717948e-16
down,-5.126107871511465e-16
closer to,-5.19007579968811e-16
reach,-5.204170427930421e-16
water,-5.231275482242559e-16
made it,-5.237780695277472e-16
the storm sky,-5.294159208246718e-16
to jim,-5.32018006038637e-16
to jim house,-5.32018006038637e-16
house,-5.32018006038637e-16
jim house,-5.32018006038637e-16
jim,-5.32018006038637e-16
skateboard,-5.342948306008566e-16
weighs,-5.388484797252957e-16
in the water,-5.399868920064055e-16
jake has,-5.442965956420354e-16
in the storm,-5.445947512394689e-16
fired,-5.460042140637e-16
who fired,-5.460042140637e-16
fleeing in,-5.549856220407926e-16
fleeing in the,-5.549856220407926e-16
fleeing,-5.549856220407926e-16
might,-5.555451931815725e-16
might expect,-5.555451931815725e-16
one might expect,-5.555451931815725e-16
one might,-5.555451931815725e-16
the water,-5.57822017743792e-16
misconception,-5.620504062164855e-16
what one might,-5.629177679544739e-16
travel,-5.637851296924623e-16
the storm,-5.648693318649478e-16
this is further,-5.669293159926703e-16
is further,-5.669293159926703e-16
factor,-5.683387788169014e-16
over,-5.764702951105427e-16
the north,-5.772292366312826e-16
north,-5.772292366312826e-16
by,-5.826502474937101e-16
storm sky,-5.834091890144499e-16
that jake has,-5.845747063498719e-16
the opposite of,-5.850354922731782e-16
opposite of,-5.850354922731782e-16
they,-5.873123168353978e-16
the pants,-5.876375774871434e-16
pants,-5.876375774871434e-16
is that the,-5.880712583561376e-16
but,-5.906733435701028e-16
fridge,-5.952269926945419e-16
the fridge,-5.952269926945419e-16
have made,-5.976710003847258e-16
have made it,-5.976710003847258e-16
it across first,-5.976710003847258e-16
across first,-5.976710003847258e-16
likely,-5.984795992119984e-16
more friction in,-6.019490461639521e-16
and,-6.036837696399289e-16
than terry this,-6.074242671350039e-16
therefore jake,-6.074242671350039e-16
terry this is,-6.074242671350039e-16
than terry,-6.074242671350039e-16
plastic table,-6.097553018058477e-16
plastic,-6.097553018058477e-16
butter,-6.120321263680673e-16
the butter,-6.120321263680673e-16
storm,-6.161520946235122e-16
throwing,-6.331740687315346e-16
fridge than,-6.342582709040201e-16
the fridge than,-6.342582709040201e-16
ability,-6.377277178559737e-16
far as,-6.394624413319505e-16
as far as,-6.394624413319505e-16
being,-6.437992500218925e-16
friction in,-6.486781597980773e-16
friction in the,-6.486781597980773e-16
closer,-6.494371013188172e-16
moves,-6.557254739192331e-16
lower resistance,-6.607128039126664e-16
generated when,-6.615801656506548e-16
the rationale,-6.635317295611287e-16
greater distance,-6.672722270562037e-16
slid,-6.761084747619606e-16
must,-6.94323071259717e-16
when,-6.94323071259717e-16
slower in,-6.962746351701909e-16
across the frying,-7.010451247291272e-16
passengers,-7.012619651636243e-16
greater,-7.048398323328264e-16
rationale,-7.051650929845721e-16
does throw as,-7.3075226425523e-16
does throw,-7.3075226425523e-16
so,-7.411606051110908e-16
in the fridge,-7.485331798839923e-16
as far,-7.488042304271136e-16
the pen,-7.580741590018647e-16
pen,-7.580741590018647e-16
must have,-7.588602055769167e-16
jake does throw,-7.615978160624426e-16
far,-7.620314969314368e-16
top,-7.632783294297951e-16
top speed,-7.632783294297951e-16
more heat,-7.730361489821647e-16
throw,-7.830108089690313e-16
shot,-7.847455324450081e-16
skateboard is the,-7.8984128265569e-16
skateboard is,-7.8984128265569e-16
therefore the skateboard,-7.8984128265569e-16
the skateboard is,-7.8984128265569e-16
this is the,-7.909254848281755e-16
throw as far,-7.965091260164758e-16
throw as,-7.965091260164758e-16
far as terry,-8.150218781116658e-16
as terry,-8.150218781116658e-16
jake does,-8.150218781116658e-16
have,-8.213915658750182e-16
is that,-8.23126289350995e-16
the stagecoach,-8.36136715420821e-16
more friction,-8.396061623727746e-16
has less,-8.456776945386935e-16
gun,-8.946836327350383e-16
stagecoach,-8.959846753420209e-16
travel greater,-8.98586760555986e-16
travel greater distance,-8.98586760555986e-16
distance therefore the,-9.099166732584596e-16
who,-9.558326352632207e-16
the kite,-9.580010396081917e-16
is the opposite,-9.610368056911511e-16
to,-9.679756995950584e-16
the one that,-9.80118763926896e-16
one that,-9.80118763926896e-16
has,-9.870576578308032e-16
greater distance therefore,-9.879250195687916e-16
heat,-9.926955091277279e-16
kite,-9.958396954279358e-16
slower,-9.961649560796815e-16
that made him,-9.970323178176699e-16
him travel greater,-9.970323178176699e-16
one that made,-9.970323178176699e-16
frying pan,-1.0113437864944785e-15
pan,-1.0113437864944785e-15
frying,-1.0113437864944785e-15
the frying,-1.0113437864944785e-15
the frying pan,-1.0113437864944785e-15
made him travel,-1.0156805951844206e-15
made him,-1.0156805951844206e-15
him travel,-1.0156805951844206e-15
the opposite,-1.0206679251778539e-15
is,-1.0269562977782698e-15
that made,-1.0325941490751944e-15
table,-1.0525434690489277e-15
friction,-1.0581813203458523e-15
terry this,-1.0629518099047885e-15
opposite,-1.0763959168436088e-15
muscle,-1.0874073451579147e-15
muscle mass,-1.0874073451579147e-15
that jake,-1.0904905450859204e-15
does,-1.0946105133413653e-15
him,-1.111090386363145e-15
that the,-1.1188966420050406e-15
in,-1.132774429812855e-15
speed,-1.1726730697603216e-15
distance,-1.2160411566597418e-15
distance therefore,-1.2203779653496838e-15
is the one,-1.2242133305348513e-15
across,-1.3179561608733792e-15
therefore,-1.3183898417423734e-15
with,-1.3522169495239211e-15
the one,-1.35828848168984e-15
sky,-1.495765317161002e-15
this is,-1.5144135945277526e-15
terry,-1.515877267460608e-15
in the,-1.54303653188137e-15
is the,-1.6241348543832856e-15
made,-1.6704302871484167e-15
one,-1.7679000624548635e-15
jake,-1.8366926902990688e-15
more,-1.994931997373328e-15
this,-2.3652954594943765e-15
that,-2.9351521213527576e-15
the,-3.12944115066216e-15
