feature,importance
the,1.3791051634015616e-14
of,9.870576578308032e-15
from,5.931886926102692e-15
to,5.693362448155881e-15
more,5.546778314435841e-15
in the,5.316927453868914e-15
would,5.241466982663923e-15
but,4.92227786308419e-15
this,4.2223169405275485e-15
as,3.406996906818449e-15
be,3.4009253746525303e-15
not,3.3514857555871913e-15
process,3.3094187112947537e-15
from the,3.2942398808799567e-15
through,3.2291877505308264e-15
driving in the,3.1654366627886787e-15
driving in,3.1654366627886787e-15
to the,3.0687258290029718e-15
is,2.9698465908722937e-15
would be,2.927345865710862e-15
driving,2.927345865710862e-15
in,2.8280329467111898e-15
have,2.824563499759236e-15
choices,2.7582103268031233e-15
it is,2.7369599642224074e-15
comparison,2.6944592390609756e-15
this is,2.6875203451570684e-15
not the,2.6044704587446788e-15
but this,2.3670301829703533e-15
during the,2.235191198796116e-15
but this is,2.2258670601127406e-15
bird,2.2239154962022667e-15
accurately,2.192690473634684e-15
primary,2.1840168562548e-15
fish,2.1141942363467336e-15
state,2.091209150290041e-15
sleet,2.056731521205002e-15
fall,2.049033685780355e-15
during,2.022687572988957e-15
sleet and,2.0147186870211886e-15
nest,2.01423079604357e-15
substance,1.9892941460764035e-15
of the,1.9827889330414905e-15
while,1.966959581323202e-15
their,1.961972251329769e-15
source,1.945492378307989e-15
pelican,1.940721888749053e-15
the sky,1.9010400892360835e-15
hail,1.8993053657601067e-15
the correct,1.891715950552708e-15
from the sky,1.8785971042656335e-15
digestion,1.8728508327514604e-15
choice,1.8665624601510444e-15
sleet and hail,1.8569130608159234e-15
and hail,1.8569130608159234e-15
would likely,1.8149544367407344e-15
ice,1.8005345478466772e-15
suitable choice,1.7889335846010823e-15
winter,1.7694179454963432e-15
the choices,1.762262211157939e-15
falling,1.732338231197339e-15
solid,1.7295193055488767e-15
sky in,1.7119552303546115e-15
sky in contrast,1.7119552303546115e-15
falling from the,1.7119552303546115e-15
the sky in,1.7119552303546115e-15
the pelican,1.7119552303546115e-15
falling from,1.7119552303546115e-15
season,1.6653345369377348e-15
properties,1.6543840949956312e-15
with,1.6475536213089725e-15
precipitation that,1.6460357382674928e-15
heat,1.6445178552260131e-15
change,1.644084174357019e-15
precipitation,1.6233759128625458e-15
substance with,1.6213701388434476e-15
and hail are,1.619689625476095e-15
hail are,1.619689625476095e-15
factor,1.603318172671564e-15
is not,1.582067810090848e-15
forms of,1.5650458359828257e-15
would be that,1.5629858518551032e-15
option is,1.5629858518551032e-15
fall through,1.5610342879446293e-15
through layer of,1.5610342879446293e-15
through layer,1.5610342879446293e-15
fall through layer,1.5610342879446293e-15
to change,1.550734367306017e-15
not primary water,1.5352302762394743e-15
primary water,1.5352302762394743e-15
not primary,1.5352302762394743e-15
primary water source,1.5352302762394743e-15
is not primary,1.5352302762394743e-15
water source,1.5352302762394743e-15
new substance with,1.5279661216838214e-15
new substance,1.5279661216838214e-15
its,1.5274240205975786e-15
birds,1.5269903397285844e-15
they are,1.5105104667068048e-15
during the winter,1.5048726154098802e-15
as it is,1.5041136738891403e-15
be that,1.5029210514994062e-15
of precipitation that,1.491645348905557e-15
of precipitation,1.491645348905557e-15
more suitable,1.4888264232570947e-15
option,1.4779844015322396e-15
still,1.474514954580286e-15
occur when,1.467792901110876e-15
is not the,1.466058177634899e-15
to construct,1.4563460978616813e-15
construct,1.4563460978616813e-15
liquid,1.4536982728685643e-15
the winter,1.448494102440634e-15
winter season,1.4389531233227615e-15
the winter season,1.4389531233227615e-15
replenished,1.438085761584773e-15
food digestion,1.4314314707511433e-15
the person driving,1.4287616229013977e-15
accurate comparison,1.4235574524734673e-15
more accurate comparison,1.4235574524734673e-15
accurate comparison would,1.4235574524734673e-15
comparison would,1.4235574524734673e-15
comparison would be,1.4235574524734673e-15
pebbles,1.4103301859691442e-15
forms of precipitation,1.407728100755179e-15
be replenished,1.4068607390171906e-15
rather,1.4068607390171906e-15
layer,1.4051260155412137e-15
naturally,1.4042586538032253e-15
occur when snowflakes,1.4005723664167746e-15
contrast sleet and,1.4005723664167746e-15
snowflakes fall,1.4005723664167746e-15
when snowflakes,1.4005723664167746e-15
when snowflakes fall,1.4005723664167746e-15
in contrast sleet,1.4005723664167746e-15
contrast sleet,1.4005723664167746e-15
snowflakes,1.4005723664167746e-15
snowflakes fall through,1.4005723664167746e-15
forms,1.3981871216373065e-15
layer of,1.396886079030324e-15
the observer,1.384309333829492e-15
observer,1.384309333829492e-15
replenished naturally,1.3838756529604979e-15
be replenished naturally,1.3838756529604979e-15
appears,1.3773704399255848e-15
incorrect because,1.3752020355806138e-15
accurately describe,1.3634926521177704e-15
that the person,1.3552527156068805e-15
accurate,1.3366044382401299e-15
in the blizzard,1.3321592093329393e-15
the blizzard,1.3321592093329393e-15
the person,1.3316171082466965e-15
example,1.319690884349356e-15
describe,1.3114509478384662e-15
of the choices,1.30668045827953e-15
role in the,1.3055962561070444e-15
more accurate,1.304512053934559e-15
therefore option is,1.3040783730655647e-15
therefore option,1.3040783730655647e-15
rationale,1.300175245244617e-15
grenadine,1.297247899378906e-15
blizzard,1.2886827022162706e-15
occur,1.2882490213472764e-15
no,1.2880321809127793e-15
they are not,1.2819606487468604e-15
be that the,1.281093287008872e-15
the process,1.2776238400569184e-15
that can,1.2676491800700518e-15
in the rain,1.2646134139870924e-15
the fire,1.2559397966072083e-15
role in,1.25507243486922e-15
role,1.25507243486922e-15
sky,1.2513861474827692e-15
air indicating that,1.2459651366203417e-15
air indicating,1.2459651366203417e-15
precipitation that can,1.2459651366203417e-15
indicating that they,1.2459651366203417e-15
indicating that,1.2459651366203417e-15
indicating,1.2459651366203417e-15
not truly falling,1.2459651366203417e-15
solid forms of,1.2459651366203417e-15
truly falling from,1.2459651366203417e-15
truly falling,1.2459651366203417e-15
hail are both,1.2459651366203417e-15
truly,1.2459651366203417e-15
both solid forms,1.2459651366203417e-15
can occur when,1.2459651366203417e-15
are both solid,1.2459651366203417e-15
both solid,1.2459651366203417e-15
solid forms,1.2459651366203417e-15
not truly,1.2459651366203417e-15
are not truly,1.2459651366203417e-15
not the correct,1.233822072288504e-15
nests,1.2278047502312095e-15
they,1.2238474123016374e-15
person driving in,1.2195106036116954e-15
person driving,1.2195106036116954e-15
that they are,1.214306433183765e-15
example of,1.2030307305899157e-15
occurs,1.19522447494802e-15
two,1.1856834958301476e-15
sight,1.1814551073574542e-15
sight while driving,1.1814551073574542e-15
sight while,1.1814551073574542e-15
that can occur,1.1783109210572462e-15
northern,1.1772301070165497e-15
process of,1.1770098784502636e-15
correct comparison more,1.1685531015048767e-15
comparison more accurate,1.1685531015048767e-15
comparison more,1.1685531015048767e-15
the correct comparison,1.1685531015048767e-15
correct comparison,1.1685531015048767e-15
while driving in,1.1685531015048767e-15
the grenadine,1.1669267982461484e-15
are both,1.1666015375944028e-15
both,1.1666015375944028e-15
as it,1.1661678567254086e-15
about,1.1565184573902876e-15
material,1.1551089945660564e-15
become,1.1535911115245767e-15
fire,1.139279642847768e-15
are not,1.137111238502797e-15
can occur,1.1366775576338028e-15
the bike,1.1362438767648086e-15
bike,1.1362438767648086e-15
likely,1.1319070680748666e-15
would have,1.1297386637298956e-15
that they,1.1281123604711674e-15
the water,1.1275702593849246e-15
stored,1.1258355359089478e-15
bird nests,1.120267141313698e-15
the water to,1.1188966420050406e-15
movement,1.1084883011491797e-15
is no,1.1041514924592377e-15
there is no,1.1041514924592377e-15
of matter,1.1015494072452725e-15
state of matter,1.1015494072452725e-15
detailed,1.0989473220313073e-15
therefore,1.096345236817342e-15
than,1.089840023782429e-15
warmer,1.0862621566132269e-15
observer the,1.0846358533544986e-15
the observer the,1.0846358533544986e-15
this is not,1.0807327255335508e-15
water to,1.0802448345559323e-15
to the other,1.0797569435783139e-15
cold,1.0701075442431929e-15
person,1.065987575987748e-15
that,1.065987575987748e-15
can be replenished,1.064036012077274e-15
will,1.0477729794899915e-15
worse sight while,1.039207782327356e-15
this is still,1.039207782327356e-15
would have worse,1.039207782327356e-15
worse sight,1.039207782327356e-15
still not,1.039207782327356e-15
still not the,1.039207782327356e-15
have worse,1.039207782327356e-15
have worse sight,1.039207782327356e-15
is still not,1.039207782327356e-15
worse,1.039207782327356e-15
use,1.0335699310304314e-15
becomes,1.0260889360402814e-15
beef,1.0246794732160502e-15
brown,1.0246794732160502e-15
into,1.0243542125643046e-15
in this,1.0234868508263162e-15
of time,1.023053169957322e-15
of ice,1.019312672462247e-15
away,1.0188247814846285e-15
likely have more,1.0171984782259003e-15
have more,1.0171984782259003e-15
while driving,1.0121027280152184e-15
beak,1.0072238182390336e-15
hemisphere,1.0070069778045365e-15
is incorrect because,1.0041880521560742e-15
the rain,1.003537530852583e-15
none of the,1.0009354456386177e-15
factor in,9.913944665207453e-16
this case,9.82287168271867e-16
in this case,9.82287168271867e-16
is an example,9.818534874028728e-16
an example,9.818534874028728e-16
an example of,9.818534874028728e-16
is an,9.80118763926896e-16
be one,9.796850830579018e-16
be one that,9.796850830579018e-16
naturally over,9.796850830579018e-16
time but this,9.796850830579018e-16
would be one,9.796850830579018e-16
replenished naturally over,9.796850830579018e-16
which,9.783840404509192e-16
one that can,9.62988369601625e-16
one that,9.62988369601625e-16
no rationale for,9.626088988412551e-16
no rationale,9.626088988412551e-16
is no rationale,9.626088988412551e-16
that can be,9.60603124822157e-16
water in,9.593020822151743e-16
water in the,9.575673587391975e-16
mouse,9.571336778702033e-16
it is not,9.536642309182497e-16
its state,9.454242944073599e-16
from red to,9.447737731038686e-16
to brown,9.447737731038686e-16
beef from red,9.447737731038686e-16
red,9.447737731038686e-16
beef from,9.447737731038686e-16
red to,9.447737731038686e-16
red to brown,9.447737731038686e-16
from red,9.447737731038686e-16
is the correct,9.433643102796374e-16
state of,9.384854005034526e-16
bird would,9.324003158103777e-16
long,9.300286235580657e-16
primary factor in,9.295949426890715e-16
factor in the,9.295949426890715e-16
the primary factor,9.295949426890715e-16
primary factor,9.295949426890715e-16
of time but,9.24173931826644e-16
there,9.237402509576498e-16
correct answer,9.215718466126788e-16
the correct answer,9.215718466126788e-16
most,9.194034422677078e-16
other,9.17668718791731e-16
option is the,9.124645483638005e-16
from its,9.118817896960896e-16
is still,9.11163505756818e-16
temperatures,9.102961440188295e-16
substance with different,9.095372024980897e-16
with different properties,9.095372024980897e-16
with different,9.095372024980897e-16
different properties,9.095372024980897e-16
beak is,9.094287822808411e-16
correct,9.049428957921823e-16
all,8.968520370800093e-16
likely use,8.96211150776293e-16
tool or material,8.96211150776293e-16
surroundings,8.96211150776293e-16
its surroundings,8.96211150776293e-16
use tool,8.96211150776293e-16
tool,8.96211150776293e-16
or material from,8.96211150776293e-16
or material,8.96211150776293e-16
tool or,8.96211150776293e-16
material from,8.96211150776293e-16
material from its,8.96211150776293e-16
bird would likely,8.96211150776293e-16
use tool or,8.96211150776293e-16
would likely use,8.96211150776293e-16
from its surroundings,8.96211150776293e-16
likely use tool,8.96211150776293e-16
choice would,8.944667923005412e-16
choice would be,8.944667923005412e-16
most suitable choice,8.944667923005412e-16
suitable choice would,8.944667923005412e-16
more suitable choice,8.944667923005412e-16
in the ecosystem,8.929489092590615e-16
such,8.873110579621368e-16
the most,8.864436962241484e-16
the pebbles,8.847089727481716e-16
typically associated with,8.845463424222988e-16
typically associated,8.845463424222988e-16
from the observer,8.825405684032006e-16
the ecosystem,8.821068875342064e-16
most suitable,8.819984673169579e-16
the most suitable,8.819984673169579e-16
can not,8.81239525796218e-16
choices do,8.803721640582296e-16
would likely have,8.760353553682876e-16
options which,8.714817062438485e-16
other options which,8.714817062438485e-16
options which are,8.714817062438485e-16
drop and food,8.686627805953862e-16
drop and,8.686627805953862e-16
drop,8.686627805953862e-16
and food becomes,8.686627805953862e-16
temperatures drop,8.686627805953862e-16
and food,8.686627805953862e-16
movement usually occurs,8.686627805953862e-16
temperatures drop and,8.686627805953862e-16
movement usually,8.686627805953862e-16
usually occurs during,8.686627805953862e-16
usually occurs,8.686627805953862e-16
winter season when,8.686627805953862e-16
becomes scarce,8.686627805953862e-16
season when,8.686627805953862e-16
this movement,8.686627805953862e-16
occurs during the,8.686627805953862e-16
season when temperatures,8.686627805953862e-16
food becomes scarce,8.686627805953862e-16
occurs during,8.686627805953862e-16
food becomes,8.686627805953862e-16
this movement usually,8.686627805953862e-16
when temperatures,8.686627805953862e-16
when temperatures drop,8.686627805953862e-16
why,8.664943762504151e-16
none of,8.638922910364499e-16
none,8.638922910364499e-16
away from the,8.631333495157101e-16
away from,8.631333495157101e-16
there is,8.582544397395253e-16
but none of,8.578207588705311e-16
but none,8.578207588705311e-16
to change its,8.565197162635485e-16
change its,8.565197162635485e-16
evaporation,8.548934130048202e-16
the choices accurately,8.546664081749561e-16
choices accurately,8.546664081749561e-16
in the water,8.540802613754561e-16
not the most,8.501771335545083e-16
river,8.4893030105615e-16
come into the,8.4350929019372245e-16
the mouse,8.419914071522427e-16
choices do not,8.335346302068558e-16
appears to,8.333177897723587e-16
of the fire,8.205242041370298e-16
matter,8.196568423990414e-16
combined,8.180305391403131e-16
creating new,8.173258077281975e-16
creating new substance,8.173258077281975e-16
river that,8.164042358815848e-16
either more suitable,8.159705550125906e-16
the ecosystem as,8.159705550125906e-16
limited role in,8.159705550125906e-16
either more,8.159705550125906e-16
ecosystem as it,8.159705550125906e-16
ecosystem as,8.159705550125906e-16
more limited role,8.159705550125906e-16
that cuts through,8.159705550125906e-16
choice either,8.159705550125906e-16
that cuts,8.159705550125906e-16
more limited,8.159705550125906e-16
naturally over long,8.159705550125906e-16
suitable choice either,8.159705550125906e-16
have more limited,8.159705550125906e-16
choice either more,8.159705550125906e-16
limited role,8.159705550125906e-16
river that cuts,8.159705550125906e-16
the pelican beak,8.118505867571457e-16
ecosystem,8.118505867571457e-16
natural,8.118505867571457e-16
pelican beak,8.118505867571457e-16
pelican beak is,8.118505867571457e-16
not be,8.101158632811689e-16
into the world,8.101158632811689e-16
more suitable for,8.099532329552961e-16
and nutrients from,8.066464163292153e-16
the world,8.033938098117588e-16
or more,8.018759267702791e-16
warm,8.003580437287994e-16
available,7.96929254358314e-16
change its state,7.953707137353661e-16
either,7.912507454799211e-16
the other,7.875644580934704e-16
them,7.844609293747307e-16
nests bird,7.841891376777804e-16
bird nests bird,7.841891376777804e-16
suitable for bird,7.841891376777804e-16
birds which would,7.841891376777804e-16
associated with birds,7.841891376777804e-16
birds which,7.841891376777804e-16
nests bird would,7.841891376777804e-16
construct nest,7.841891376777804e-16
with birds,7.841891376777804e-16
to construct nest,7.841891376777804e-16
with birds which,7.841891376777804e-16
for bird nests,7.841891376777804e-16
be more suitable,7.841891376777804e-16
for bird,7.841891376777804e-16
asks,7.840950111415168e-16
accurately describe the,7.840950111415168e-16
likely have,7.827939685345342e-16
nutrients from,7.8236028766554e-16
nutrients from the,7.8236028766554e-16
layer of cold,7.805171439723146e-16
cold air,7.805171439723146e-16
of warm,7.805171439723146e-16
layer of warm,7.805171439723146e-16
of cold air,7.805171439723146e-16
of warm air,7.805171439723146e-16
migrate,7.786740002790893e-16
the question asks,7.73686670285656e-16
question asks,7.73686670285656e-16
world,7.721687872441763e-16
that the,7.714301745141705e-16
do not,7.678319785542342e-16
rather than,7.645793720367777e-16
northern habitats,7.637120102987893e-16
becomes scarce in,7.637120102987893e-16
scarce in their,7.637120102987893e-16
scarce in,7.637120102987893e-16
their northern,7.637120102987893e-16
in their northern,7.637120102987893e-16
their northern habitats,7.637120102987893e-16
asks for the,7.628446485608009e-16
cooking,7.536289300946741e-16
of cold,7.501594831427205e-16
describe the,7.494005416219807e-16
appears to change,7.435458498905589e-16
because the pelican,7.428953285870676e-16
the process of,7.424616477180734e-16
limited,7.422448072835763e-16
body to,7.420279668490792e-16
complex,7.398595625041082e-16
process therefore,7.337880303381894e-16
pelican to,7.3346276968644375e-16
answer because,7.311859451242242e-16
case the,7.298849025172416e-16
this case the,7.298849025172416e-16
warm air,7.296680620827445e-16
to catch,7.274996577377735e-16
asks for,7.259817746962938e-16
which would be,7.230544288305829e-16
be more,7.230544288305829e-16
which would,7.230544288305829e-16
would be more,7.230544288305829e-16
the context,7.227291681788373e-16
easier,7.22078646875346e-16
further away from,7.205607638338662e-16
environment to,7.195849818786293e-16
the cause,7.183923594888952e-16
the cause of,7.183923594888952e-16
question asks for,7.181755190543981e-16
the primary,7.173081573164097e-16
after evaporation,7.171963489673722e-16
available as,7.171963489673722e-16
rest,7.155734338404329e-16
in their,7.140555507989532e-16
to the cause,7.121039868884793e-16
as liquid,7.108334374675979e-16
through canyon but,7.090682208055199e-16
canyon but,7.090682208055199e-16
canyon but is,7.090682208055199e-16
but is not,7.090682208055199e-16
source would,7.090682208055199e-16
source river,7.090682208055199e-16
water source would,7.090682208055199e-16
but is,7.090682208055199e-16
water source river,7.090682208055199e-16
source would likely,7.090682208055199e-16
making,7.082008590675315e-16
dissolves in,7.031593189654739e-16
grenadine dissolves,7.031593189654739e-16
grenadine dissolves in,7.031593189654739e-16
resulting in new,7.031593189654739e-16
dissolves,7.031593189654739e-16
dissolves in the,7.031593189654739e-16
water creating new,7.031593189654739e-16
case the grenadine,7.031593189654739e-16
water creating,7.031593189654739e-16
in new substance,7.031593189654739e-16
in new,7.031593189654739e-16
distinct properties,7.031593189654739e-16
substance with distinct,7.031593189654739e-16
the grenadine dissolves,7.031593189654739e-16
the water creating,7.031593189654739e-16
properties this,7.031593189654739e-16
with distinct properties,7.031593189654739e-16
with distinct,7.031593189654739e-16
distinct,7.031593189654739e-16
cause of,7.029966886396011e-16
mixture,7.025630077706069e-16
jello,6.956800180412184e-16
the context of,6.947567521287112e-16
in the context,6.947567521287112e-16
rationale provided,6.847820921418446e-16
the rationale provided,6.847820921418446e-16
further away,6.841857809469776e-16
summer,6.81312645189891e-16
heat is,6.810415946467696e-16
cause,6.795779217139142e-16
habitats,6.782768791069316e-16
cuts through canyon,6.742111209601109e-16
cuts through,6.742111209601109e-16
cuts,6.742111209601109e-16
through canyon,6.742111209601109e-16
environment to construct,6.721610894695187e-16
on single item,6.721610894695187e-16
relying,6.721610894695187e-16
item,6.721610894695187e-16
single item from,6.721610894695187e-16
construct its,6.721610894695187e-16
construct its nest,6.721610894695187e-16
construct nest rather,6.721610894695187e-16
relying on,6.721610894695187e-16
item from the,6.721610894695187e-16
nest this is,6.721610894695187e-16
on single,6.721610894695187e-16
than relying,6.721610894695187e-16
rather than relying,6.721610894695187e-16
which are typically,6.721610894695187e-16
than relying on,6.721610894695187e-16
item from,6.721610894695187e-16
to construct its,6.721610894695187e-16
the environment to,6.721610894695187e-16
its surroundings to,6.721610894695187e-16
single item,6.721610894695187e-16
relying on single,6.721610894695187e-16
nest this,6.721610894695187e-16
nest rather than,6.721610894695187e-16
nest rather,6.721610894695187e-16
are typically associated,6.721610894695187e-16
surroundings to,6.721610894695187e-16
its nest this,6.721610894695187e-16
its nest,6.721610894695187e-16
surroundings to construct,6.721610894695187e-16
scarce,6.713379852030243e-16
fish therefore,6.711211447685272e-16
the rest of,6.670011765130823e-16
rest of the,6.670011765130823e-16
rest of,6.670011765130823e-16
the rest,6.670011765130823e-16
cause the,6.62013846519649e-16
about the,6.614446403790941e-16
panting,6.604959634781693e-16
an object,6.603875432609208e-16
the food,6.591271582354064e-16
volunteering in protected,6.583275591331983e-16
volunteering in,6.583275591331983e-16
associated,6.583004540788862e-16
associated with,6.583004540788862e-16
consume,6.546412717467476e-16
creating,6.509549843602969e-16
from the environment,6.504941984369905e-16
blizzard would,6.491118406670715e-16
blizzard would have,6.491118406670715e-16
rain but,6.491118406670715e-16
rain but this,6.491118406670715e-16
the rain but,6.491118406670715e-16
the blizzard would,6.491118406670715e-16
situation after evaporation,6.45466210862089e-16
available as liquid,6.45466210862089e-16
the situation after,6.45466210862089e-16
situation after,6.45466210862089e-16
two or,6.433655691528983e-16
two or more,6.433655691528983e-16
which are,6.421729467631643e-16
roots,6.418476861114186e-16
the roots,6.418476861114186e-16
texas,6.38378239159465e-16
contrast,6.375108774214766e-16
in contrast,6.375108774214766e-16
contrast to the,6.342582709040201e-16
the rationale,6.314393452555578e-16
an object size,6.30300932974448e-16
refers,6.275633224889221e-16
refers to,6.275633224889221e-16
substances,6.25367813089639e-16
any,6.2341624917916505e-16
cold air indicating,6.229825683101708e-16
warm air indicating,6.229825683101708e-16
is to,6.210038993453848e-16
object,6.184289191857317e-16
its state of,6.175615574477433e-16
from the roots,6.153931531027723e-16
point,6.150949975053388e-16
much,6.144173711475354e-16
usually,6.140921104957897e-16
movement of,6.108395039783332e-16
object size,6.093419497275876e-16
source river that,6.091047805023564e-16
the pelican to,6.06069014419397e-16
volunteering,6.045511313779173e-16
the more,6.040090302916745e-16
months,6.028164079019405e-16
more substances,6.021658865984492e-16
or more substances,6.021658865984492e-16
require,6.020811833037237e-16
catch,6.01732205729455e-16
time but,6.01732205729455e-16
to the rest,6.010816844259637e-16
because photosynthesis,6.000838796140981e-16
and it,5.994011710586111e-16
from their,5.95443833129039e-16
adapted to,5.928417479150738e-16
adapted,5.928417479150738e-16
period,5.880712583561376e-16
to become,5.872038966181492e-16
matter directly,5.869870561836521e-16
directly the,5.869870561836521e-16
matter directly the,5.869870561836521e-16
of matter directly,5.869870561836521e-16
distinct properties this,5.834633991230742e-16
southern hemisphere,5.82433407059213e-16
southern,5.80265002714242e-16
further,5.788148823085426e-16
case,5.776629175002768e-16
swimming,5.772766704763288e-16
after evaporation the,5.737496252839619e-16
describe that process,5.737496252839619e-16
describe the situation,5.737496252839619e-16
become available,5.737496252839619e-16
that process,5.737496252839619e-16
become available as,5.737496252839619e-16
that process therefore,5.737496252839619e-16
options accurately,5.737496252839619e-16
as liquid but,5.737496252839619e-16
describe that,5.737496252839619e-16
options accurately describe,5.737496252839619e-16
the options accurately,5.737496252839619e-16
evaporation the,5.737496252839619e-16
liquid but,5.737496252839619e-16
process therefore there,5.737496252839619e-16
liquid but none,5.737496252839619e-16
evaporation the question,5.737496252839619e-16
for the water,5.737496252839619e-16
water to become,5.737496252839619e-16
to become available,5.737496252839619e-16
accurately describe that,5.737496252839619e-16
the world through,5.702903427273753e-16
world through,5.702903427273753e-16
about the process,5.684709159566731e-16
therefore there is,5.6844719903415e-16
therefore there,5.6844719903415e-16
information,5.663872149064275e-16
seasonal,5.661703744719304e-16
seasonal movement,5.661703744719304e-16
come into,5.655198531684391e-16
weight the,5.629177679544739e-16
is in,5.603089064769307e-16
this is in,5.603089064769307e-16
cause of the,5.600988423060116e-16
is why,5.598820018715145e-16
this is why,5.596651614370174e-16
one,5.569546560058036e-16
not have,5.559788740505667e-16
does not cause,5.542441505745899e-16
the jello,5.540273101400928e-16
to come into,5.518589057951218e-16
to come,5.518589057951218e-16
period of,5.516420653606247e-16
such as,5.516420653606247e-16
food digestion process,5.506391783510756e-16
asks for factor,5.506391783510756e-16
factor that aids,5.506391783510756e-16
the food digestion,5.506391783510756e-16
for factor that,5.506391783510756e-16
that aids,5.506391783510756e-16
for factor,5.506391783510756e-16
aids,5.506391783510756e-16
periods,5.502326025363935e-16
periods of,5.502326025363935e-16
periods of time,5.502326025363935e-16
choices accurately describe,5.470240417321942e-16
of animals,5.447031714567174e-16
grounds,5.447031714567174e-16
habitats this,5.447031714567174e-16
movement of animals,5.447031714567174e-16
northern habitats this,5.447031714567174e-16
habitats this movement,5.447031714567174e-16
seasonal movement of,5.447031714567174e-16
the options,5.444863310222203e-16
oil,5.429684479807406e-16
the more detailed,5.423179266772493e-16
why an,5.423179266772493e-16
detailed its image,5.423179266772493e-16
is moved,5.423179266772493e-16
detailed its,5.423179266772493e-16
is moved further,5.423179266772493e-16
to the observer,5.423179266772493e-16
detailed and detailed,5.423179266772493e-16
why an object,5.423179266772493e-16
more detailed and,5.423179266772493e-16
to change as,5.423179266772493e-16
it is moved,5.423179266772493e-16
change as it,5.423179266772493e-16
change as,5.423179266772493e-16
its image,5.423179266772493e-16
moved further away,5.423179266772493e-16
observer the more,5.423179266772493e-16
and detailed its,5.423179266772493e-16
appears until,5.423179266772493e-16
and detailed,5.423179266772493e-16
size appears to,5.423179266772493e-16
is why an,5.423179266772493e-16
appears until it,5.423179266772493e-16
size appears,5.423179266772493e-16
the closer,5.423179266772493e-16
the closer it,5.423179266772493e-16
image appears until,5.423179266772493e-16
image appears,5.423179266772493e-16
it is to,5.423179266772493e-16
is to the,5.423179266772493e-16
object size appears,5.423179266772493e-16
moved further,5.423179266772493e-16
its image appears,5.423179266772493e-16
closer it is,5.423179266772493e-16
closer it,5.423179266772493e-16
observer the closer,5.423179266772493e-16
moved,5.423179266772493e-16
cause the water,5.41667405373758e-16
water to change,5.41667405373758e-16
the body to,5.397158414632841e-16
correct answer because,5.390653201597928e-16
is in contrast,5.384961140192379e-16
contrast to,5.384961140192379e-16
in contrast to,5.384961140192379e-16
but rather,5.360295540768334e-16
but it is,5.355958732078392e-16
reaction,5.347827215784751e-16
long periods,5.327227374507526e-16
long periods of,5.327227374507526e-16
the roots to,5.299580219109146e-16
roots to the,5.299580219109146e-16
roots to,5.299580219109146e-16
of two,5.297818390578857e-16
of heat,5.290906601729262e-16
is more,5.271390962624523e-16
chemical reaction,5.260006839813425e-16
making materials,5.254043727864754e-16
nest making,5.254043727864754e-16
nest making materials,5.254043727864754e-16
is the other,5.247538514829841e-16
or,5.230191280070073e-16
lake,5.229649178983831e-16
and consume,5.228022875725102e-16
the water in,5.225854471380131e-16
come,5.221517662690189e-16
incorrect because photosynthesis,5.21175984313782e-16
blizzard but this,5.19603891163678e-16
rain would have,5.19603891163678e-16
blizzard but,5.19603891163678e-16
the blizzard but,5.19603891163678e-16
detailed and,5.194412608378052e-16
heat is the,5.173812767100827e-16
constant flow,5.132613084546378e-16
of the plant,5.130444680201407e-16
of turning,5.123397366080251e-16
process of turning,5.123397366080251e-16
of turning beef,5.123397366080251e-16
turning beef from,5.123397366080251e-16
turning beef,5.123397366080251e-16
the principle,5.108760636751697e-16
is the,5.100087019371813e-16
bath,5.084908188957016e-16
allowing the body,5.069729358542219e-16
flow of,5.065392549852277e-16
constant flow of,5.065392549852277e-16
moon,5.056718932472393e-16
question because none,5.055905780843029e-16
question because,5.055905780843029e-16
this question because,5.055905780843029e-16
not require,5.052924224868693e-16
directly the water,5.043708506402567e-16
is adapted to,5.036119091195168e-16
beak is adapted,5.036119091195168e-16
is adapted,5.036119091195168e-16
easier for the,5.036119091195168e-16
fish making it,5.036119091195168e-16
fish making,5.036119091195168e-16
for the pelican,5.036119091195168e-16
image,5.029613878160255e-16
context of,5.017687654262915e-16
answer the,5.007929834710545e-16
the actual,4.990582599950777e-16
actual,4.990582599950777e-16
factor that,4.98929510987095e-16
source of,4.984077386915864e-16
over long,4.972151163018523e-16
each other,4.969982758673552e-16
maintain stable weight,4.952635523913784e-16
maintain stable,4.952635523913784e-16
not burned but,4.952635523913784e-16
weight the term,4.952635523913784e-16
not burned,4.952635523913784e-16
stored is,4.952635523913784e-16
is not burned,4.952635523913784e-16
the fat that,4.952635523913784e-16
stored is not,4.952635523913784e-16
fat that is,4.952635523913784e-16
fat that,4.952635523913784e-16
stored allowing the,4.952635523913784e-16
body to maintain,4.952635523913784e-16
that is stored,4.952635523913784e-16
stored allowing,4.952635523913784e-16
rather stored,4.952635523913784e-16
rather stored allowing,4.952635523913784e-16
is stored is,4.952635523913784e-16
is stored,4.952635523913784e-16
burned,4.952635523913784e-16
burned but,4.952635523913784e-16
stable weight the,4.952635523913784e-16
stable weight,4.952635523913784e-16
to maintain stable,4.952635523913784e-16
but rather stored,4.952635523913784e-16
stable,4.952635523913784e-16
burned but rather,4.952635523913784e-16
digestion process,4.9439619065339e-16
after,4.939625097843958e-16
into the,4.926614671774132e-16
sound,4.902762223979451e-16
the bath,4.868745380817718e-16
protected environment could,4.861562541425002e-16
crime,4.861562541425002e-16
environment could,4.861562541425002e-16
of ice falling,4.853431025131361e-16
ice falling,4.853431025131361e-16
of two or,4.836625891457835e-16
food,4.822531263215524e-16
related,4.822531263215524e-16
related to,4.822531263215524e-16
create,4.818194454525582e-16
composed of,4.811689241490669e-16
composed,4.811689241490669e-16
is composed of,4.811689241490669e-16
is composed,4.811689241490669e-16
period of time,4.776994771971133e-16
involve the,4.77048955893622e-16
for transporting water,4.77048955893622e-16
for transporting,4.77048955893622e-16
not involve the,4.77048955893622e-16
example of chemical,4.759376486668243e-16
of chemical,4.759376486668243e-16
essential,4.753142324176451e-16
each,4.741216100279111e-16
animals,4.731458280726741e-16
the plant which,4.727121472036799e-16
plant which,4.727121472036799e-16
plant which is,4.727121472036799e-16
the constant flow,4.724953067691828e-16
or the,4.716279450311944e-16
closer,4.714111045966973e-16
become less,4.696763811207205e-16
process is more,4.684837587309865e-16
warmer does not,4.670742959067553e-16
warmer does,4.670742959067553e-16
being warmer does,4.670742959067553e-16
being warmer,4.670742959067553e-16
bath being,4.670742959067553e-16
the bath being,4.670742959067553e-16
the moon,4.666406150377611e-16
ice falling from,4.664779847118883e-16
the composition of,4.66423774603264e-16
not chemically,4.66423774603264e-16
not chemically combined,4.66423774603264e-16
chemically combined,4.66423774603264e-16
process is an,4.66423774603264e-16
grenadine is,4.66423774603264e-16
term mixture refers,4.66423774603264e-16
mixture refers,4.66423774603264e-16
term mixture,4.66423774603264e-16
mixture refers to,4.66423774603264e-16
that is composed,4.66423774603264e-16
composition of,4.66423774603264e-16
chemically,4.66423774603264e-16
are not chemically,4.66423774603264e-16
composition of the,4.66423774603264e-16
substances that are,4.66423774603264e-16
chemical reaction where,4.66423774603264e-16
of chemical reaction,4.66423774603264e-16
combined in this,4.66423774603264e-16
properties this process,4.66423774603264e-16
refers to substance,4.66423774603264e-16
grenadine is altered,4.66423774603264e-16
combined in,4.66423774603264e-16
composition,4.66423774603264e-16
altered resulting,4.66423774603264e-16
different properties the,4.66423774603264e-16
where the composition,4.66423774603264e-16
of the grenadine,4.66423774603264e-16
reaction where,4.66423774603264e-16
to substance that,4.66423774603264e-16
to substance,4.66423774603264e-16
more substances that,4.66423774603264e-16
is altered,4.66423774603264e-16
altered,4.66423774603264e-16
the grenadine is,4.66423774603264e-16
altered resulting in,4.66423774603264e-16
the term mixture,4.66423774603264e-16
properties the,4.66423774603264e-16
chemically combined in,4.66423774603264e-16
is altered resulting,4.66423774603264e-16
composed of two,4.66423774603264e-16
properties the term,4.66423774603264e-16
reaction where the,4.66423774603264e-16
the composition,4.66423774603264e-16
correct answer the,4.654073350665588e-16
substances that,4.645264208014144e-16
shell,4.638216893892988e-16
essential for,4.614364446098307e-16
can not be,4.605690828718423e-16
easier for,4.59918561568351e-16
making it easier,4.59918561568351e-16
it easier,4.59918561568351e-16
it easier for,4.59918561568351e-16
the state,4.562322741819003e-16
the state of,4.562322741819003e-16
that is,4.562322741819003e-16
also,4.544975507059235e-16
provide any,4.534946636963744e-16
not provide any,4.534946636963744e-16
will have,4.5026916223323e-16
the southern,4.484260185400046e-16
the southern hemisphere,4.484260185400046e-16
farther away at,4.478297073451376e-16
point its,4.478297073451376e-16
much farther away,4.478297073451376e-16
much farther,4.478297073451376e-16
it is much,4.478297073451376e-16
which point its,4.478297073451376e-16
its details become,4.478297073451376e-16
details become less,4.478297073451376e-16
at which point,4.478297073451376e-16
become less noticeable,4.478297073451376e-16
details become,4.478297073451376e-16
less noticeable this,4.478297073451376e-16
away at,4.478297073451376e-16
away at which,4.478297073451376e-16
details,4.478297073451376e-16
which point,4.478297073451376e-16
less noticeable,4.478297073451376e-16
is much farther,4.478297073451376e-16
point its details,4.478297073451376e-16
its details,4.478297073451376e-16
noticeable,4.478297073451376e-16
noticeable this,4.478297073451376e-16
noticeable this is,4.478297073451376e-16
against each,4.463660344122822e-16
against each other,4.463660344122822e-16
water such,4.4297112635968694e-16
water such as,4.4297112635968694e-16
then the answer,4.427475096616118e-16
to burn energy,4.423544863740858e-16
burn,4.423544863740858e-16
to burn,4.423544863740858e-16
burn energy,4.423544863740858e-16
kittens,4.423544863740858e-16
that are not,4.411347589300396e-16
is the primary,4.4088403717765234e-16
in the food,4.4038936993645583e-16
food digestion the,4.4038936993645583e-16
digestion the,4.4038936993645583e-16
digestion but,4.4038936993645583e-16
does not require,4.3942714050837495e-16
because photosynthesis does,4.3942714050837495e-16
of water in,4.393187202911264e-16
turn,4.388850394221322e-16
or other,4.386681989876351e-16
fat,4.38451358553138e-16
of animals from,4.343313902976931e-16
animals from their,4.343313902976931e-16
to the seasonal,4.343313902976931e-16
grounds in,4.343313902976931e-16
the seasonal movement,4.343313902976931e-16
animals from,4.343313902976931e-16
the seasonal,4.343313902976931e-16
glaciers,4.3422974634402256e-16
brown the,4.320545657354735e-16
because heat,4.320545657354735e-16
to brown the,4.320545657354735e-16
answer because heat,4.320545657354735e-16
brown the other,4.320545657354735e-16
because heat is,4.320545657354735e-16
choices provide,4.314040444319822e-16
the choices provide,4.314040444319822e-16
answer would,4.3134983432335794e-16
in the bath,4.3086194334573946e-16
of nest making,4.296693209560054e-16
of nest,4.296693209560054e-16
brackish water,4.2956090073875686e-16
but the,4.2869353900076845e-16
is much,4.286257763649881e-16
friction,4.283682783490228e-16
will not be,4.2825985813177425e-16
the fire but,4.275009166110344e-16
fire but,4.275009166110344e-16
pelican to catch,4.2733828628516157e-16
resource,4.2674197509029455e-16
which are all,4.244109404194507e-16
in the process,4.242483100935779e-16
moving,4.2305568770384383e-16
crucial,4.211583339019942e-16
energy is simplified,4.185020385794047e-16
the same the,4.185020385794047e-16
principle is the,4.185020385794047e-16
describing this process,4.185020385794047e-16
the actual process,4.185020385794047e-16
complex but,4.185020385794047e-16
is simplified,4.185020385794047e-16
is simplified way,4.185020385794047e-16
term jogging to,4.185020385794047e-16
term jogging,4.185020385794047e-16
this process the,4.185020385794047e-16
the principle is,4.185020385794047e-16
actual process is,4.185020385794047e-16
actual process,4.185020385794047e-16
more complex but,4.185020385794047e-16
of describing this,4.185020385794047e-16
complex but the,4.185020385794047e-16
process the,4.185020385794047e-16
describing this,4.185020385794047e-16
but the principle,4.185020385794047e-16
simplified way,4.185020385794047e-16
simplified,4.185020385794047e-16
is more complex,4.185020385794047e-16
the term jogging,4.185020385794047e-16
is the same,4.185020385794047e-16
same the,4.185020385794047e-16
simplified way of,4.185020385794047e-16
same the fat,4.185020385794047e-16
process the actual,4.185020385794047e-16
principle is,4.185020385794047e-16
more complex,4.185020385794047e-16
potential,4.176346768414163e-16
protected environment,4.16984155537925e-16
solid to,4.161167937999366e-16
solid to liquid,4.161167937999366e-16
state from solid,4.161167937999366e-16
from solid to,4.161167937999366e-16
from solid,4.161167937999366e-16
this is an,4.156831129309424e-16
is essential,4.141652298894627e-16
is essential for,4.141652298894627e-16
to absorb,4.141652298894627e-16
absorb,4.141652298894627e-16
to warmer,4.1183419521861886e-16
until it,4.102621020685149e-16
until it is,4.102621020685149e-16
which is essential,4.0939474033052647e-16
answer and,4.086900089184109e-16
not cause the,4.0831053815804097e-16
generally,4.080394876149196e-16
them more,4.0787685728904677e-16
making them more,4.0787685728904677e-16
making them,4.0787685728904677e-16
30,4.0766001685454967e-16
behavior,4.0766001685454967e-16
other choices,4.0766001685454967e-16
the other choices,4.0766001685454967e-16
northern hemisphere,4.0679265511656126e-16
have teeth,4.0592529337857286e-16
cracking open fish,4.0592529337857286e-16
is not adapted,4.0592529337857286e-16
cracking open,4.0592529337857286e-16
cracking,4.0592529337857286e-16
to pick,4.0592529337857286e-16
pick up or,4.0592529337857286e-16
up or,4.0592529337857286e-16
to pick up,4.0592529337857286e-16
or chew fish,4.0592529337857286e-16
or chew,4.0592529337857286e-16
open fish making,4.0592529337857286e-16
teeth to,4.0592529337857286e-16
have teeth to,4.0592529337857286e-16
consume them,4.0592529337857286e-16
teeth to pick,4.0592529337857286e-16
tearing flesh,4.0592529337857286e-16
flesh,4.0592529337857286e-16
catch and consume,4.0592529337857286e-16
flesh and,4.0592529337857286e-16
tearing,4.0592529337857286e-16
catch and,4.0592529337857286e-16
chew,4.0592529337857286e-16
up or chew,4.0592529337857286e-16
open fish,4.0592529337857286e-16
not have teeth,4.0592529337857286e-16
chew fish,4.0592529337857286e-16
chew fish therefore,4.0592529337857286e-16
to cracking,4.0592529337857286e-16
fish therefore option,4.0592529337857286e-16
to tearing flesh,4.0592529337857286e-16
to tearing,4.0592529337857286e-16
to catch and,4.0592529337857286e-16
beak is not,4.0592529337857286e-16
tearing flesh and,4.0592529337857286e-16
adapted to cracking,4.0592529337857286e-16
adapted to tearing,4.0592529337857286e-16
teeth,4.0592529337857286e-16
to cracking open,4.0592529337857286e-16
flow of water,4.0527477207508156e-16
is often referred,4.0505793164058446e-16
spring,4.0505793164058446e-16
body,4.0484109120608736e-16
the mouse ability,4.0310636773011055e-16
mouse ability,4.0310636773011055e-16
mouse ability to,4.0310636773011055e-16
ability to come,4.0310636773011055e-16
rationale provided is,4.0267268686111635e-16
pose,4.0267268686111635e-16
provided is,4.0267268686111635e-16
and vast,4.0223900599212215e-16
deep and vast,4.0223900599212215e-16
support,4.0137164425413374e-16
photosynthesis does,4.0110059371101237e-16
photosynthesis does not,4.0110059371101237e-16
around,4.0050428251614534e-16
is related,3.9985376121265404e-16
option is related,3.9985376121265404e-16
is related to,3.9985376121265404e-16
question also does,3.9820035289961364e-16
question also,3.9820035289961364e-16
also does,3.9820035289961364e-16
the question also,3.9820035289961364e-16
also does not,3.9820035289961364e-16
more detailed,3.9790219730218013e-16
meet the,3.97875092247868e-16
question and,3.9605905360895477e-16
with the,3.9546274241408774e-16
slow,3.9475801100197216e-16
to their,3.942159099157294e-16
bath being warmer,3.935653886122381e-16
glaciers are,3.9326045675122656e-16
the swimming,3.927928945643422e-16
the swimming making,3.927928945643422e-16
swimming making it,3.927928945643422e-16
or organisms,3.927928945643422e-16
hence there is,3.927928945643422e-16
hence there,3.927928945643422e-16
swimming making,3.927928945643422e-16
in the swimming,3.927928945643422e-16
question and answer,3.927928945643422e-16
or organisms involved,3.927928945643422e-16
triplet as,3.927928945643422e-16
organisms involved,3.927928945643422e-16
organisms involved in,3.927928945643422e-16
this question and,3.927928945643422e-16
and answer,3.927928945643422e-16
and answer triplet,3.927928945643422e-16
the choices do,3.927928945643422e-16
answer triplet,3.927928945643422e-16
answer triplet as,3.927928945643422e-16
and light,3.916680348103885e-16
and it does,3.916138247017642e-16
the pebbles to,3.9107172361552145e-16
pebbles to,3.9107172361552145e-16
blizzard will have,3.9101751350689717e-16
blizzard will,3.9101751350689717e-16
the blizzard will,3.9101751350689717e-16
source of nest,3.903127820947816e-16
pond,3.8993331133441167e-16
sand,3.89011739487799e-16
flow,3.883612181843077e-16
transporting water,3.879275373153135e-16
transporting,3.879275373153135e-16
transporting water and,3.879275373153135e-16
responsible for transporting,3.872770160118222e-16
to maintain,3.870601755773251e-16
burn energy is,3.866264947083309e-16
jogging to burn,3.866264947083309e-16
jogging to,3.866264947083309e-16
energy is,3.866264947083309e-16
jogging,3.866264947083309e-16
of their,3.859759734048396e-16
because none,3.8524413693841186e-16
because none of,3.8524413693841186e-16
that occurs,3.841057246573021e-16
the rain would,3.8294020732188017e-16
rain would,3.8294020732188017e-16
of its,3.8250652645288596e-16
more likely,3.8250652645288596e-16
likely source,3.8238455370848135e-16
more likely source,3.8238455370848135e-16
coal is,3.8163916471489756e-16
well the question,3.801890443091982e-16
as well,3.801890443091982e-16
as well the,3.801890443091982e-16
well the,3.801890443091982e-16
chemical,3.8012128167341785e-16
not be pushed,3.7947076036992655e-16
person will not,3.7947076036992655e-16
person will,3.7947076036992655e-16
be pushed,3.7947076036992655e-16
the person will,3.7947076036992655e-16
pushed,3.7947076036992655e-16
question asks about,3.787118188491867e-16
asks about,3.787118188491867e-16
because they,3.7860339863193815e-16
provided,3.7816971776294395e-16
because sleet,3.77790247002574e-16
because sleet and,3.77790247002574e-16
birds migrate,3.7730235602495554e-16
state from,3.7643499428696714e-16
means,3.7621815385247004e-16
farther away,3.7600131341797294e-16
farther,3.7600131341797294e-16
making it impossible,3.753126756318552e-16
impossible to determine,3.753126756318552e-16
it impossible,3.753126756318552e-16
it impossible to,3.753126756318552e-16
of the options,3.7383290907300193e-16
choice is,3.7296554733501353e-16
the river rivers,3.7296554733501353e-16
river rivers,3.7296554733501353e-16
any information,3.7280037591029894e-16
provide any information,3.7280037591029894e-16
to produce,3.720981855970251e-16
to support,3.7155608451078237e-16
in the river,3.712308238590367e-16
vascular,3.699297812520541e-16
vascular system,3.699297812520541e-16
and the person,3.688455790795686e-16
long period,3.684118982105744e-16
long period of,3.684118982105744e-16
do not involve,3.6651454440872477e-16
at which,3.660266534311063e-16
squirrel,3.645087703896266e-16
air,3.642919299551295e-16
locations,3.640750895206324e-16
soda,3.627740469136498e-16
often referred to,3.623403660446556e-16
often referred,3.623403660446556e-16
due,3.614730043066672e-16
due to,3.614730043066672e-16
providing,3.607479441038175e-16
do not have,3.5930459996169617e-16
given choices,3.5865407865820487e-16
the given choices,3.5865407865820487e-16
oxygen,3.5822039778921066e-16
the spring,3.5822039778921066e-16
to the formation,3.5713619561672516e-16
fire but it,3.55726732792494e-16
in the fire,3.55726732792494e-16
ice and,3.550762114890027e-16
environmental,3.531246475785288e-16
nature,3.511730836680549e-16
compared to the,3.4889625910583533e-16
over long period,3.4827284285665616e-16
to liquid,3.48245737802344e-16
stem,3.4792047715059837e-16
requirement,3.4726995584710707e-16
therefore the rationale,3.469446951953614e-16
principle,3.462941738918701e-16
brown therefore option,3.4450524030726903e-16
baking soda,3.4450524030726903e-16
other options heat,3.4450524030726903e-16
light can,3.4450524030726903e-16
light can all,3.4450524030726903e-16
baking,3.4450524030726903e-16
of cooking,3.4450524030726903e-16
other means of,3.4450524030726903e-16
brown therefore,3.4450524030726903e-16
can all,3.4450524030726903e-16
can all be,3.4450524030726903e-16
heat sound and,3.4450524030726903e-16
all be,3.4450524030726903e-16
to brown therefore,3.4450524030726903e-16
be used indirectly,3.4450524030726903e-16
of cooking or,3.4450524030726903e-16
and light can,3.4450524030726903e-16
means of,3.4450524030726903e-16
options heat sound,3.4450524030726903e-16
options heat,3.4450524030726903e-16
as cooking oil,3.4450524030726903e-16
other means,3.4450524030726903e-16
used indirectly through,3.4450524030726903e-16
used indirectly,3.4450524030726903e-16
through other,3.4450524030726903e-16
oil or baking,3.4450524030726903e-16
as cooking,3.4450524030726903e-16
or preparation such,3.4450524030726903e-16
sound and light,3.4450524030726903e-16
sound and,3.4450524030726903e-16
cooking oil,3.4450524030726903e-16
cooking oil or,3.4450524030726903e-16
cooking or,3.4450524030726903e-16
cooking or preparation,3.4450524030726903e-16
heat sound,3.4450524030726903e-16
indirectly,3.4450524030726903e-16
indirectly through,3.4450524030726903e-16
indirectly through other,3.4450524030726903e-16
or preparation,3.4450524030726903e-16
through other means,3.4450524030726903e-16
preparation,3.4450524030726903e-16
means of cooking,3.4450524030726903e-16
or baking soda,3.4450524030726903e-16
all be used,3.4450524030726903e-16
oil or,3.4450524030726903e-16
such as cooking,3.4450524030726903e-16
preparation such as,3.4450524030726903e-16
preparation such,3.4450524030726903e-16
or baking,3.4450524030726903e-16
bike so,3.443426099813962e-16
pushed off,3.443426099813962e-16
bike so options,3.443426099813962e-16
be pushed off,3.443426099813962e-16
bike will still,3.443426099813962e-16
the bike so,3.443426099813962e-16
so options and,3.443426099813962e-16
off the bike,3.443426099813962e-16
will still,3.443426099813962e-16
bike will,3.443426099813962e-16
the bike will,3.443426099813962e-16
so options,3.443426099813962e-16
off the,3.443426099813962e-16
pushed off the,3.443426099813962e-16
changing,3.432584078089107e-16
changing the,3.432584078089107e-16
migration,3.4206578541917665e-16
the canyon deep,3.413068438984368e-16
canyon deep and,3.413068438984368e-16
and vast nature,3.413068438984368e-16
canyon deep,3.413068438984368e-16
formation of the,3.413068438984368e-16
vast nature,3.413068438984368e-16
other choices do,3.400058012914542e-16
of providing,3.3950435778667964e-16
option is incorrect,3.378373969464832e-16
melt,3.378373969464832e-16
rivers,3.37403716077489e-16
to as the,3.367531947739977e-16
to squirrel,3.365363543395006e-16
related to squirrel,3.365363543395006e-16
example of heat,3.3566899260151217e-16
vascular system is,3.3198270521506146e-16
system is,3.3198270521506146e-16
for its,3.3198270521506146e-16
essential for its,3.3198270521506146e-16
between the,3.3198270521506146e-16
mice,3.3176586478056436e-16
aid,3.314406041288187e-16
natural process,3.312237636943216e-16
does not have,3.3116955358569733e-16
in protected environment,3.3068166260807885e-16
not be replenished,3.3046482217358175e-16
direct aid to,3.3028863932055286e-16
process is incorrect,3.3028863932055286e-16
to food digestion,3.3028863932055286e-16
choices provide direct,3.3028863932055286e-16
direct aid,3.3028863932055286e-16
digestion process is,3.3028863932055286e-16
aid to food,3.3028863932055286e-16
aids food digestion,3.3028863932055286e-16
that aids food,3.3028863932055286e-16
aids food,3.3028863932055286e-16
provide direct aid,3.3028863932055286e-16
aid to,3.3028863932055286e-16
provide direct,3.3028863932055286e-16
digestion but none,3.3028863932055286e-16
food digestion but,3.3028863932055286e-16
rationale for,3.2959746043559335e-16
risk of trouble,3.2916377956659915e-16
not crime,3.2916377956659915e-16
of trouble,3.2916377956659915e-16
and it is,3.2873009869760494e-16
energy and,3.2829641782861074e-16
gas,3.2786273695961654e-16
do not meet,3.273299532357936e-16
requirement of,3.273299532357936e-16
meet the requirement,3.273299532357936e-16
triplet as well,3.273299532357936e-16
and the choices,3.273299532357936e-16
the requirement of,3.273299532357936e-16
requirement of providing,3.273299532357936e-16
accurately state,3.273299532357936e-16
state the,3.273299532357936e-16
accurately state the,3.273299532357936e-16
process or,3.273299532357936e-16
information hence there,3.273299532357936e-16
rationale the question,3.273299532357936e-16
rationale the,3.273299532357936e-16
state the answer,3.273299532357936e-16
not meet the,3.273299532357936e-16
the answer and,3.273299532357936e-16
should accurately,3.273299532357936e-16
the question should,3.273299532357936e-16
should accurately state,3.273299532357936e-16
providing rationale the,3.273299532357936e-16
answer and the,3.273299532357936e-16
of providing rationale,3.273299532357936e-16
the process or,3.273299532357936e-16
providing rationale,3.273299532357936e-16
not meet,3.273299532357936e-16
process or organisms,3.273299532357936e-16
question should accurately,3.273299532357936e-16
in short,3.271037954388767e-16
naturally in short,3.271037954388767e-16
in short period,3.271037954388767e-16
naturally in,3.271037954388767e-16
replenished naturally in,3.271037954388767e-16
triplet,3.2591117304914263e-16
the river,3.2569433261464553e-16
is natural,3.2547749218014843e-16
cave,3.253690719628999e-16
sense in the,3.2395960913866872e-16
to the mouse,3.233090878351774e-16
thick,3.233090878351774e-16
thick shell,3.233090878351774e-16
through surgical,3.233090878351774e-16
changing the state,3.2298382718343177e-16
their northernmost,3.228754069661832e-16
areas during,3.228754069661832e-16
northernmost state,3.228754069661832e-16
their northernmost state,3.228754069661832e-16
their breeding,3.228754069661832e-16
areas during the,3.228754069661832e-16
season the,3.228754069661832e-16
from their northernmost,3.228754069661832e-16
northernmost state to,3.228754069661832e-16
their breeding grounds,3.228754069661832e-16
northernmost,3.228754069661832e-16
winter season the,3.228754069661832e-16
warmer areas during,3.228754069661832e-16
breeding,3.228754069661832e-16
warmer areas,3.228754069661832e-16
state to,3.228754069661832e-16
state to texas,3.228754069661832e-16
breeding grounds,3.228754069661832e-16
to warmer areas,3.228754069661832e-16
to texas,3.217912047936977e-16
bee body,3.201106914263452e-16
steam,3.194059600142296e-16
walking,3.18890963982299e-16
are forms,3.187554387107383e-16
hail are forms,3.187554387107383e-16
are forms of,3.187554387107383e-16
renewable,3.18104917407247e-16
the requirement,3.1777965675550135e-16
have the,3.174543961037557e-16
amoebas,3.163701939312702e-16
molecules,3.1582809284502744e-16
to survive,3.150691513242876e-16
the plant stem,3.144457350751084e-16
motion,3.1322600763106223e-16
larger,3.124670661103224e-16
rationale is,3.124128560016981e-16
rapidly,3.120333852413282e-16
more rapidly,3.120333852413282e-16
its state from,3.120333852413282e-16
are large,3.114912841550854e-16
raindrops,3.114912841550854e-16
into raindrops,3.114912841550854e-16
dynamic,3.108407628515941e-16
vast nature create,3.108407628515941e-16
environment that leads,3.108407628515941e-16
dynamic environment that,3.108407628515941e-16
river rivers and,3.108407628515941e-16
that leads to,3.108407628515941e-16
the canyon the,3.108407628515941e-16
dynamic environment,3.108407628515941e-16
create dynamic,3.108407628515941e-16
that leads,3.108407628515941e-16
nature create,3.108407628515941e-16
and the canyon,3.108407628515941e-16
leads to the,3.108407628515941e-16
create dynamic environment,3.108407628515941e-16
nature create dynamic,3.108407628515941e-16
canyon the constant,3.108407628515941e-16
rivers and the,3.108407628515941e-16
squirrel behavior,3.1051550219984847e-16
heat changing the,3.0986498089635717e-16
heat changing,3.0986498089635717e-16
of heat changing,3.0986498089635717e-16
new,3.0964814046186007e-16
the earth,3.0791341698588326e-16
information about the,3.073789391961658e-16
information about,3.073789391961658e-16
any information about,3.073789391961658e-16
deep,3.0726289568239196e-16
nonrenewable,3.0531133177191805e-16
lake or sea,3.045523902511782e-16
or sea,3.045523902511782e-16
lake or,3.045523902511782e-16
change in,3.04118709382184e-16
are,3.0357660829594124e-16
and consume them,3.030345072096985e-16
flesh and it,3.030345072096985e-16
cause the pebbles,3.028176667752014e-16
stem is,3.0227556568895864e-16
pick up,3.0222135558033436e-16
pick,3.0222135558033436e-16
process for,3.01950305037213e-16
process for example,3.01950305037213e-16
is responsible for,3.0184188481996443e-16
is responsible,3.0184188481996443e-16
in protected,3.0054084221298183e-16
appropriate answer is,2.9967348047499343e-16
maintain,2.992397996059992e-16
motion during circular,2.983724378680108e-16
push the,2.983724378680108e-16
describe the bike,2.983724378680108e-16
still turn,2.983724378680108e-16
motion during,2.983724378680108e-16
still turn and,2.983724378680108e-16
will still turn,2.983724378680108e-16
turn and,2.983724378680108e-16
during circular push,2.983724378680108e-16
because they do,2.983724378680108e-16
bike motion during,2.983724378680108e-16
are all,2.983724378680108e-16
bike motion,2.983724378680108e-16
the bike motion,2.983724378680108e-16
during circular,2.983724378680108e-16
turn and the,2.983724378680108e-16
push,2.983724378680108e-16
circular push,2.983724378680108e-16
circular push the,2.983724378680108e-16
push the bike,2.983724378680108e-16
room temperature,2.976948115102074e-16
at room temperature,2.976948115102074e-16
at room,2.976948115102074e-16
not make,2.975050761300224e-16
in texas,2.975050761300224e-16
do not make,2.975050761300224e-16
way of describing,2.962040335230398e-16
of describing,2.962040335230398e-16
describing,2.962040335230398e-16
of bird,2.9587877287129416e-16
it is important,2.955535122195485e-16
is important to,2.955535122195485e-16
is important,2.955535122195485e-16
as opposed to,2.9305984722283185e-16
as opposed,2.9305984722283185e-16
opposed to,2.9305984722283185e-16
opposed,2.9305984722283185e-16
the ability,2.927345865710862e-16
the molecules,2.9252791053195615e-16
sense in,2.914335439641036e-16
not make sense,2.914335439641036e-16
make sense in,2.914335439641036e-16
make sense,2.914335439641036e-16
that none,2.9110828331235794e-16
that none of,2.9110828331235794e-16
panting is,2.9011471366522865e-16
provided does explain,2.8959040027087823e-16
does explain why,2.8959040027087823e-16
does explain,2.8959040027087823e-16
brackish,2.888314587501384e-16
the question the,2.8796409701215e-16
plant stem,2.866088442965431e-16
option refers to,2.8644621397067027e-16
option refers,2.8644621397067027e-16
making materials in,2.8557885223268187e-16
materials in,2.8557885223268187e-16
fire visibility,2.854704320154333e-16
the fire visibility,2.854704320154333e-16
to squirrel behavior,2.8536201179818477e-16
using,2.8510451378221946e-16
crucial role,2.8449465006019636e-16
crucial role in,2.8449465006019636e-16
an explanation for,2.8433201973432354e-16
an explanation,2.8433201973432354e-16
provide an,2.8433201973432354e-16
provide an explanation,2.8433201973432354e-16
subway,2.839525489739536e-16
and more,2.8384412875670506e-16
as result,2.8362728832220796e-16
not the primary,2.8341044788771086e-16
larger than,2.817841446289826e-16
the situation,2.80483102022e-16
leads,2.7994100093575724e-16
orbits,2.7994100093575724e-16
leads to,2.7994100093575724e-16
orbits the,2.7994100093575724e-16
hemisphere summer,2.7972416050126014e-16
hemisphere having,2.7972416050126014e-16
having,2.7972416050126014e-16
circular,2.7880258865464747e-16
not have the,2.7798943702528334e-16
the transformation of,2.7785391175372265e-16
transformation of,2.7785391175372265e-16
transformation,2.7785391175372265e-16
the transformation,2.7785391175372265e-16
provided does,2.7712207528729493e-16
rationale provided does,2.7712207528729493e-16
pebbles to become,2.765799742010522e-16
can fall,2.763631337665551e-16
friction between the,2.7625471354930653e-16
friction between,2.7625471354930653e-16
muscular,2.759294528975609e-16
through sand,2.759294528975609e-16
upwards,2.759294528975609e-16
upwards through,2.759294528975609e-16
upwards through sand,2.759294528975609e-16
to be measured,2.757126124630638e-16
measured,2.757126124630638e-16
be measured,2.757126124630638e-16
explain,2.747368305078268e-16
explain why,2.747368305078268e-16
resources,2.740863092043355e-16
choices are,2.727852665973529e-16
stem is often,2.7267684638010437e-16
or more accurately,2.7267684638010437e-16
for its growth,2.7267684638010437e-16
organ the plant,2.7267684638010437e-16
system is responsible,2.7267684638010437e-16
plant vascular system,2.7267684638010437e-16
the transportation system,2.7267684638010437e-16
subway or,2.7267684638010437e-16
subway or more,2.7267684638010437e-16
why the plant,2.7267684638010437e-16
or transportation organ,2.7267684638010437e-16
accurately the,2.7267684638010437e-16
accurately the transportation,2.7267684638010437e-16
metaphorical subway or,2.7267684638010437e-16
transportation organ,2.7267684638010437e-16
transportation organ the,2.7267684638010437e-16
transportation system or,2.7267684638010437e-16
system or,2.7267684638010437e-16
the metaphorical subway,2.7267684638010437e-16
the metaphorical,2.7267684638010437e-16
more accurately,2.7267684638010437e-16
more accurately the,2.7267684638010437e-16
metaphorical subway,2.7267684638010437e-16
as the metaphorical,2.7267684638010437e-16
the plant vascular,2.7267684638010437e-16
or transportation,2.7267684638010437e-16
plant vascular,2.7267684638010437e-16
system or transportation,2.7267684638010437e-16
than the,2.714842239903703e-16
as result of,2.714842239903703e-16
30 feet this,2.7115896333862466e-16
feet this is,2.7115896333862466e-16
than 30 feet,2.7115896333862466e-16
larger than 30,2.7115896333862466e-16
than 30,2.7115896333862466e-16
feet this,2.7115896333862466e-16
sea,2.70237391492012e-16
plants and fish,2.701831813833877e-16
and fish,2.701831813833877e-16
single,2.701018662204513e-16
until,2.699663409488906e-16
regions,2.6977660556870564e-16
vast,2.695326600798964e-16
form of,2.6877371855915655e-16
digestion of,2.68665298341908e-16
the fat,2.682316174729138e-16
cook,2.681774073642895e-16
to cook,2.681774073642895e-16
the northern hemisphere,2.677979366039196e-16
the northern,2.677979366039196e-16
requires,2.675810961694225e-16
fish therefore the,2.673303744170352e-16
and oxygen,2.669305748659312e-16
introducing new plant,2.662800535624399e-16
to place is,2.662800535624399e-16
place is,2.662800535624399e-16
short,2.6538558677013935e-16
room,2.6378977669751225e-16
question should,2.636779683484747e-16
born through,2.6291902682773483e-16
any of the,2.6281060661048627e-16
any of,2.6281060661048627e-16
context of the,2.624853459587406e-16
answer based,2.623227156328678e-16
answer based on,2.623227156328678e-16
while plants,2.620516650897464e-16
they can,2.6194324487249787e-16
two pebbles,2.608454901728563e-16
should,2.6020852139652106e-16
seeing,2.59801945581839e-16
seeing the,2.59801945581839e-16
seeing the road,2.59801945581839e-16
less,2.5912431922403556e-16
around the,2.5890747878953846e-16
back,2.588803737352263e-16
soda which do,2.5869063835504136e-16
baking soda which,2.5869063835504136e-16
needing,2.5869063835504136e-16
of beef from,2.5869063835504136e-16
involve the transformation,2.5869063835504136e-16
soda which,2.5869063835504136e-16
transformation of beef,2.5869063835504136e-16
of beef,2.5869063835504136e-16
is why the,2.5825695748604716e-16
meet,2.580672221058622e-16
correct answer based,2.5787748672567723e-16
is that,2.5760643618255585e-16
mammals do,2.5695591487906455e-16
substance that,2.56847494661816e-16
and can not,2.5652223401007035e-16
choices accurately answer,2.5570775889172614e-16
reasonable rationale,2.5570775889172614e-16
reasonable rationale for,2.5570775889172614e-16
accurately answer,2.5570775889172614e-16
and reasonable rationale,2.5570775889172614e-16
correct and reasonable,2.5570775889172614e-16
accurately answer the,2.5570775889172614e-16
be that none,2.5570775889172614e-16
and reasonable,2.5570775889172614e-16
pattern,2.5570775889172614e-16
while it,2.5560066216345767e-16
is that the,2.546248802082207e-16
orbits the earth,2.5457067009959644e-16
moon does not,2.5457067009959644e-16
moon does,2.5457067009959644e-16
and are still,2.5435382966509934e-16
are still,2.5435382966509934e-16
still incorrect because,2.5435382966509934e-16
rivers and,2.5435382966509934e-16
incorrect because they,2.5435382966509934e-16
still incorrect,2.5435382966509934e-16
are still incorrect,2.5435382966509934e-16
canyon the,2.5435382966509934e-16
mammals do not,2.5413698923060224e-16
removing material,2.541158134069209e-16
process that,2.5370330836160804e-16
short period of,2.5299857694949246e-16
short period,2.5299857694949246e-16
the other options,2.5153490401663703e-16
botanist,2.5110122314764283e-16
having two months,2.5066754227864863e-16
hemisphere having two,2.5066754227864863e-16
misconception,2.5066754227864863e-16
two months,2.5066754227864863e-16
having two,2.5066754227864863e-16
the summer,2.4969176032341167e-16
so,2.485533480423019e-16
possible,2.480654570646834e-16
additionally,2.476317761956892e-16
effective,2.474691458698164e-16
not possible,2.4513811119897255e-16
world through surgical,2.4513811119897255e-16
world through muscular,2.4513811119897255e-16
through surgical interference,2.4513811119897255e-16
through muscular,2.4513811119897255e-16
produce,2.45029690981724e-16
that can not,2.4492127076447545e-16
plant stem is,2.441623292437356e-16
why the,2.437286483747414e-16
becoming,2.432949675057472e-16
most reasonable,2.430781270712501e-16
of trouble therefore,2.430781270712501e-16
explain why volunteering,2.430781270712501e-16
among,2.430781270712501e-16
environment could pose,2.430781270712501e-16
most reasonable answer,2.430781270712501e-16
why volunteering,2.430781270712501e-16
pose potential,2.430781270712501e-16
potential risk,2.430781270712501e-16
answer among the,2.430781270712501e-16
generally not crime,2.430781270712501e-16
trouble therefore the,2.430781270712501e-16
pose potential risk,2.430781270712501e-16
illegal,2.430781270712501e-16
among the,2.430781270712501e-16
among the given,2.430781270712501e-16
potential risk of,2.430781270712501e-16
reasonable answer,2.430781270712501e-16
provided is the,2.430781270712501e-16
reasonable answer among,2.430781270712501e-16
could pose,2.430781270712501e-16
the most reasonable,2.430781270712501e-16
could pose potential,2.430781270712501e-16
why volunteering in,2.430781270712501e-16
that volunteering,2.430781270712501e-16
answer among,2.430781270712501e-16
trouble therefore,2.430781270712501e-16
substances are,2.4279013586918363e-16
an anemometer,2.426444462022559e-16
however in,2.423733956591345e-16
the most appropriate,2.419939248987646e-16
most appropriate answer,2.419939248987646e-16
most appropriate,2.419939248987646e-16
appropriate answer,2.419939248987646e-16
nutrients,2.415602440297704e-16
refers to the,2.4058446207453343e-16
30 feet,2.402592014227878e-16
oxygen from the,2.402592014227878e-16
oxygen from,2.402592014227878e-16
kinetic,2.396086801192965e-16
kinetic energy,2.396086801192965e-16
plays crucial,2.387413183813081e-16
plays,2.387413183813081e-16
plays crucial role,2.387413183813081e-16
information hence,2.3864560365826834e-16
given information hence,2.3864560365826834e-16
nuts,2.3830763751231387e-16
not accurately describe,2.3830763751231387e-16
then,2.3787395664331967e-16
bee,2.3787395664331967e-16
cubes,2.377248788446029e-16
ice cubes,2.377248788446029e-16
could,2.3678975447083417e-16
weathering process,2.3483819056036026e-16
the weathering,2.3483819056036026e-16
the weathering process,2.3483819056036026e-16
causes,2.3440450969136606e-16
plants and,2.34394345295999e-16
known as,2.3418766925686896e-16
combination,2.3375398838787476e-16
soil and,2.31043482956661e-16
the change in,2.3028454143592114e-16
the change,2.3028454143592114e-16
the body is,2.3028454143592114e-16
body is,2.3028454143592114e-16
survive,2.295255999151813e-16
smaller,2.2871244828581716e-16
the road,2.273571955702103e-16
mice come into,2.2724877535296173e-16
mice come,2.2724877535296173e-16
between the pebbles,2.2703193491846463e-16
protected,2.2703193491846463e-16
smoothing of,2.2703193491846463e-16
the common,2.2681509448396753e-16
are generally,2.266524641580947e-16
human,2.259477327459791e-16
of pelican,2.256089195670774e-16
during the spring,2.2475511035624507e-16
the spring season,2.2475511035624507e-16
spring season,2.2475511035624507e-16
being,2.246466901389965e-16
to be the,2.2388774861825667e-16
bottom of its,2.231288070975168e-16
back of,2.231288070975168e-16
back of its,2.231288070975168e-16
bottom of,2.231288070975168e-16
the bottom,2.231288070975168e-16
bottom,2.231288070975168e-16
the bottom of,2.231288070975168e-16
of its stomach,2.231288070975168e-16
its stomach,2.231288070975168e-16
the back of,2.231288070975168e-16
the back,2.231288070975168e-16
earth,2.229119666630197e-16
occurs when,2.226951262285226e-16
down rocks,2.216109240560371e-16
breaking down rocks,2.216109240560371e-16
the term,2.207435623180487e-16
answer because the,2.205267218835516e-16
tree,2.2041830166630305e-16
the necessary context,2.2019468496822792e-16
necessary context,2.2019468496822792e-16
necessary context for,2.2019468496822792e-16
to food,2.1990330563437244e-16
appear smaller,2.1895462873344762e-16
crystals,2.1862936808170197e-16
ice crystals,2.1862936808170197e-16
non renewable,2.185751579730777e-16
time therefore the,2.1795174172389853e-16
of time therefore,2.1795174172389853e-16
referred,2.177077962350893e-16
referred to,2.177077962350893e-16
therefore the most,2.172741153660951e-16
road,2.172741153660951e-16
of the time,2.1716569514884654e-16
pebbles together over,2.1716569514884654e-16
pebbles together,2.1716569514884654e-16
breeding grounds in,2.1716569514884654e-16
and they do,2.1698951229581764e-16
yarn is,2.1673201427985234e-16
getting,2.1673201427985234e-16
getting yarn is,2.1673201427985234e-16
getting yarn,2.1673201427985234e-16
kittens getting yarn,2.1673201427985234e-16
kittens getting,2.1673201427985234e-16
involved in the,2.1640675362810669e-16
yarn,2.1597307275911248e-16
feet,2.1510571102112408e-16
answer the question,2.1510571102112408e-16
building,2.148346604780027e-16
difficult,2.1456360993488133e-16
is because sleet,2.1432644070965012e-16
the fire in,2.137504583055172e-16
in forest,2.137504583055172e-16
will appear smaller,2.1326256732789872e-16
question the,2.1326256732789872e-16
for what that,2.1308696681002107e-16
year round pattern,2.1308696681002107e-16
for the year,2.1308696681002107e-16
round pattern,2.1308696681002107e-16
round pattern of,2.1308696681002107e-16
stars but none,2.1308696681002107e-16
that means,2.1308696681002107e-16
pattern of,2.1308696681002107e-16
what that means,2.1308696681002107e-16
pattern of stars,2.1308696681002107e-16
of stars but,2.1308696681002107e-16
what that,2.1308696681002107e-16
choices provide an,2.1308696681002107e-16
is generally,2.128830965675288e-16
play,2.1272046624165597e-16
leaves,2.124494156985346e-16
southern hemisphere having,2.1206994493816467e-16
of the southern,2.1206994493816467e-16
move,2.1152784385192192e-16
rotation around,2.1076890233118206e-16
rotation around the,2.1076890233118206e-16
earth rotation around,2.1076890233118206e-16
which have,2.104436416794364e-16
rocks,2.1033522146218786e-16
energy,2.0990154059319366e-16
texas and,2.097931203759451e-16
texas and other,2.097931203759451e-16
answer would be,2.097931203759451e-16
the answer would,2.097931203759451e-16
squirrel behavior in,2.0946785972419946e-16
behavior in,2.0946785972419946e-16
squirrels may,2.0946785972419946e-16
answer the rationale,2.085327353504307e-16
catch fish,2.0782800393831513e-16
to catch fish,2.0782800393831513e-16
day would likely,2.0708261494473135e-16
over long periods,2.0659472396711287e-16
other options,2.0643209364124004e-16
what is,2.0643209364124004e-16
is heated,2.063236734239915e-16
it is natural,2.0621525320674294e-16
nonetheless the rationale,2.0556473190325164e-16
nonetheless the,2.0556473190325164e-16
minerals,2.054563116860031e-16
rocks soil and,2.054563116860031e-16
down rocks soil,2.054563116860031e-16
soil and minerals,2.054563116860031e-16
rocks soil,2.054563116860031e-16
and minerals,2.054563116860031e-16
context for the,2.0540210157737882e-16
development this,2.0469737016526324e-16
development this is,2.0469737016526324e-16
and development this,2.0469737016526324e-16
enough to,2.0464316005663896e-16
the melting,2.0464316005663896e-16
melting,2.0464316005663896e-16
is large,2.0464316005663896e-16
large enough,2.0464316005663896e-16
large enough to,2.0464316005663896e-16
brackish water rather,2.0399263875314766e-16
brackish water such,2.0399263875314766e-16
which is not,2.0372158821002628e-16
when it,2.0339632755828063e-16
humans,2.0296264668928643e-16
and they,2.0288810778992805e-16
structure,2.0288133152635002e-16
egg,2.0252896582029223e-16
rather than the,2.0209528495129803e-16
around the sun,2.0144476364780672e-16
orbit,2.0144476364780672e-16
of sol option,2.0095687267018825e-16
require bee body,2.0095687267018825e-16
require bee,2.0095687267018825e-16
bee body to,2.0095687267018825e-16
sol option is,2.0095687267018825e-16
not require bee,2.0095687267018825e-16
sol option,2.0095687267018825e-16
sol,2.0095687267018825e-16
rays of,2.0095687267018825e-16
to absorb rays,2.0095687267018825e-16
absorb rays,2.0095687267018825e-16
rays,2.0095687267018825e-16
rays of sol,2.0095687267018825e-16
absorb rays of,2.0095687267018825e-16
of sol,2.0095687267018825e-16
body to absorb,2.0095687267018825e-16
object will,2.0039359576026414e-16
essential for the,1.986258379993444e-16
clear,1.979753166958531e-16
causing them to,1.9768393736199763e-16
causing them,1.9768393736199763e-16
natural gas,1.968911145233676e-16
the rationale is,1.9510218093876652e-16
digging upwards through,1.9502764203940814e-16
muscular canal,1.9502764203940814e-16
digging upwards,1.9502764203940814e-16
canal,1.9502764203940814e-16
digging,1.9502764203940814e-16
introducing,1.947227101783966e-16
introducing new,1.947227101783966e-16
heat from,1.9396376865765674e-16
into ice,1.9390955854903247e-16
solid and,1.9390955854903247e-16
of their species,1.9353008778866254e-16
much larger than,1.93421667571414e-16
much larger,1.93421667571414e-16
the options provided,1.9301509175673193e-16
options provided,1.9301509175673193e-16
appear,1.927711462679227e-16
eat nuts,1.927711462679227e-16
then the,1.9275759374076662e-16
digestion process therefore,1.9268983110498628e-16
weathering is,1.9255430583342559e-16
for what is,1.9212062496443139e-16
its body,1.9190378452993428e-16
oil and,1.9168694409543718e-16
oil and natural,1.9168694409543718e-16
and natural gas,1.9168694409543718e-16
and natural,1.9168694409543718e-16
freezing,1.9125326322644298e-16
converted into,1.903316913798303e-16
converted,1.903316913798303e-16
asks about the,1.9019616610826962e-16
affect,1.8962695996771473e-16
digestion of food,1.8930169931596907e-16
pool,1.8908485888147197e-16
exposure to the,1.8886801844697487e-16
the atmosphere or,1.8886801844697487e-16
atmosphere or,1.8886801844697487e-16
environmental conditions,1.8886801844697487e-16
to the atmosphere,1.8886801844697487e-16
or other environmental,1.8886801844697487e-16
of exposure,1.8886801844697487e-16
other environmental conditions,1.8886801844697487e-16
other environmental,1.8886801844697487e-16
atmosphere or other,1.8886801844697487e-16
result of exposure,1.8886801844697487e-16
of exposure to,1.8886801844697487e-16
is then,1.8843433757798067e-16
surgical,1.8831914109715409e-16
characteristics of,1.8821749714348357e-16
characteristics of the,1.8821749714348357e-16
glucose and oxygen,1.8789223649173792e-16
glucose,1.8789223649173792e-16
glucose and,1.8789223649173792e-16
appropriate,1.8778381627448937e-16
other mammals do,1.8713329497099807e-16
dogs and other,1.8713329497099807e-16
dogs and,1.8713329497099807e-16
other mammals,1.8713329497099807e-16
and other mammals,1.8713329497099807e-16
rain,1.8648277366750676e-16
the liquid,1.8648277366750676e-16
in the liquid,1.8648277366750676e-16
answer choices,1.8626593323300966e-16
organ the,1.85940672581264e-16
their species,1.8566962203814263e-16
will appear,1.848564704087785e-16
rubbed against,1.8480226030015423e-16
case the heat,1.8371805812766873e-16
the heat from,1.8371805812766873e-16
heat from the,1.8371805812766873e-16
down as,1.834741126388595e-16
way of,1.8344700758454735e-16
in that squirrels,1.822543851948133e-16
in that,1.822543851948133e-16
squirrels may eat,1.822543851948133e-16
may eat nuts,1.822543851948133e-16
of seed,1.822543851948133e-16
behavior in that,1.822543851948133e-16
eat nuts in,1.822543851948133e-16
may eat,1.822543851948133e-16
context of seed,1.822543851948133e-16
of seed dispersal,1.822543851948133e-16
that squirrels may,1.822543851948133e-16
nuts in the,1.822543851948133e-16
nuts in,1.822543851948133e-16
forest,1.8057387182746076e-16
fire in,1.8057387182746076e-16
do not produce,1.8041124150158794e-16
not play role,1.8041124150158794e-16
not play,1.8041124150158794e-16
when the body,1.8041124150158794e-16
appear larger,1.8014019095846656e-16
of pebbles,1.8008598084984229e-16
pebbles as,1.8008598084984229e-16
the smoothing of,1.8008598084984229e-16
smoothing of pebbles,1.8008598084984229e-16
the smoothing,1.8008598084984229e-16
pan,1.7986914041534519e-16
rationale for answer,1.7976072019809664e-16
involved in,1.7976072019809664e-16
given choices are,1.7976072019809664e-16
involved,1.7976072019809664e-16
escape into the,1.7932703932910243e-16
escape into,1.7932703932910243e-16
escape the,1.7932703932910243e-16
buoyancy,1.7932703932910243e-16
component of the,1.7889335846010823e-16
component of,1.7889335846010823e-16
is natural process,1.7889335846010823e-16
of stone,1.7889335846010823e-16
component,1.7889335846010823e-16
an,1.7780915628762273e-16
during the months,1.7780915628762273e-16
common misconception,1.7780915628762273e-16
of water,1.7780915628762273e-16
causes the,1.7780915628762273e-16
hemisphere experiences,1.7780915628762273e-16
confusion,1.7780915628762273e-16
the common confusion,1.7780915628762273e-16
confusion of,1.7780915628762273e-16
confusion of the,1.7780915628762273e-16
likely due to,1.7780915628762273e-16
related to its,1.7780915628762273e-16
to the common,1.7780915628762273e-16
common confusion of,1.7780915628762273e-16
the common misconception,1.7780915628762273e-16
experiences,1.7780915628762273e-16
is likely due,1.7780915628762273e-16
common confusion,1.7780915628762273e-16
likely due,1.7780915628762273e-16
december,1.7748389563587708e-16
for source of,1.7715863498413142e-16
in living,1.7715863498413142e-16
materials therefore,1.7715863498413142e-16
for source,1.7715863498413142e-16
materials in living,1.7715863498413142e-16
making materials therefore,1.7715863498413142e-16
asks for source,1.7715863498413142e-16
in living organism,1.7715863498413142e-16
because person,1.7710442487550715e-16
be correct and,1.77077319821195e-16
them to,1.7639969346339157e-16
the pool,1.7607443281164592e-16
water from,1.7585759237714882e-16
instead they,1.7585759237714882e-16
rationale for choice,1.7574917215990027e-16
for choice is,1.7574917215990027e-16
for choice,1.7574917215990027e-16
because mammals are,1.7553233172540317e-16
earth moon,1.7542391150815462e-16
orbit the,1.7542391150815462e-16
moon to,1.7542391150815462e-16
the moon to,1.7542391150815462e-16
the earth moon,1.7542391150815462e-16
causes the moon,1.7542391150815462e-16
nonrenewable resource,1.7520707107365752e-16
that panting is,1.7488181042191187e-16
that panting,1.7488181042191187e-16
addition,1.7477339020466331e-16
option while,1.7477339020466331e-16
option while it,1.7477339020466331e-16
that do not,1.7457687856090032e-16
that do,1.7457687856090032e-16
significant,1.7433970933566911e-16
renewable resource,1.7423128911842056e-16
substance that is,1.7414997395548415e-16
is because mammals,1.7396023857529919e-16
because mammals,1.7396023857529919e-16
body natural response,1.739060284666749e-16
referred to as,1.739060284666749e-16
humans do not,1.739060284666749e-16
body natural,1.739060284666749e-16
to as,1.739060284666749e-16
the body natural,1.739060284666749e-16
organisms needing,1.736891880321778e-16
is hot,1.7336392738043216e-16
the mother,1.730386667286865e-16
lead to the,1.730386667286865e-16
transform,1.7225262015363452e-16
play role in,1.721713049906981e-16
play role,1.721713049906981e-16
the kittens,1.717376241217039e-16
resource that,1.717376241217039e-16
of rubbing,1.7154788874151894e-16
two pebbles together,1.7154788874151894e-16
process of smoothing,1.7154788874151894e-16
how,1.7093802501949584e-16
selected,1.708702623837155e-16
the selected choice,1.708702623837155e-16
the selected,1.708702623837155e-16
selected choice,1.708702623837155e-16
is used to,1.7054500173196985e-16
means therefore none,1.7046967535666832e-16
that means therefore,1.7046967535666832e-16
means therefore,1.7046967535666832e-16
when they,1.7038237140609702e-16
on the given,1.700029006457271e-16
the given information,1.700029006457271e-16
are not related,1.700029006457271e-16
given information,1.700029006457271e-16
smaller and,1.6959632483104503e-16
and less,1.6959632483104503e-16
and less detailed,1.6959632483104503e-16
smaller and less,1.6959632483104503e-16
appear smaller and,1.6959632483104503e-16
natural process that,1.6952517406347567e-16
asks about removing,1.694104010991227e-16
about removing material,1.694104010991227e-16
removing material then,1.694104010991227e-16
about removing,1.694104010991227e-16
the action,1.694104010991227e-16
action of,1.694104010991227e-16
material then,1.694104010991227e-16
the action of,1.694104010991227e-16
material then the,1.694104010991227e-16
survive and,1.6907661717834531e-16
to survive and,1.6907661717834531e-16
and minerals as,1.687018580387445e-16
minerals as result,1.687018580387445e-16
minerals as,1.687018580387445e-16
is form of,1.6788870640938036e-16
is form,1.6788870640938036e-16
obtain,1.6772607608350754e-16
environment that,1.6761765586625899e-16
migrate the,1.6750923564901044e-16
it can not,1.6740081543176188e-16
the months of,1.6740081543176188e-16
months of,1.6740081543176188e-16
affect the,1.6729239521451333e-16
question the question,1.6718397499726478e-16
time therefore,1.6710265983432837e-16
reflect the,1.6653345369377348e-16
reflect,1.6653345369377348e-16
the pebbles are,1.662624031506521e-16
become smoother,1.662624031506521e-16
rubbed against each,1.662624031506521e-16
trouble,1.6599135260753073e-16
water which,1.6593714249890645e-16
catch fish therefore,1.6580161722734577e-16
fall down as,1.655305666842244e-16
fall down,1.655305666842244e-16
color,1.6523241108679088e-16
hotter,1.651782009781666e-16
survival and,1.6512399086954233e-16
the field,1.6479873021779667e-16
is non,1.6355189771943834e-16
that consist of,1.634434775021898e-16
consist of small,1.634434775021898e-16
precipitation that consist,1.634434775021898e-16
ice option,1.634434775021898e-16
of small translucent,1.634434775021898e-16
that can fall,1.634434775021898e-16
fall from,1.634434775021898e-16
translucent ice,1.634434775021898e-16
translucent,1.634434775021898e-16
consist of,1.634434775021898e-16
consist,1.634434775021898e-16
ice crystals that,1.634434775021898e-16
can fall from,1.634434775021898e-16
small translucent ice,1.634434775021898e-16
fall from the,1.634434775021898e-16
that consist,1.634434775021898e-16
crystals that can,1.634434775021898e-16
crystals that,1.634434775021898e-16
small translucent,1.634434775021898e-16
translucent ice crystals,1.634434775021898e-16
that occurs when,1.6252190565557711e-16
occurs when the,1.6252190565557711e-16
produce it,1.6252190565557711e-16
not produce it,1.6252190565557711e-16
the heat,1.6252190565557711e-16
does not accurately,1.6241348543832856e-16
environments the question,1.6208822478658291e-16
behaviors,1.6197980456933436e-16
heated,1.6181717424346154e-16
is not possible,1.616545439175887e-16
choices are correct,1.6143100662885238e-16
more food,1.6111244283134596e-16
additionally the,1.6024508109335756e-16
question would be,1.599604780230801e-16
because amoebas,1.597029800071148e-16
dermis,1.5916087892087205e-16
process therefore the,1.5894403848637495e-16
the transportation,1.586187778346293e-16
metaphorical,1.586187778346293e-16
and can,1.5785983631388945e-16
the temperature,1.5785983631388945e-16
migrate to,1.5785983631388945e-16
migrate to warmer,1.5785983631388945e-16
for the question,1.5767687719728252e-16
weathering is the,1.5742615544489524e-16
to other,1.573177352276467e-16
deep and,1.5703313215736925e-16
growing,1.5699247457590104e-16
this answer,1.5655879370690684e-16
this answer is,1.5655879370690684e-16
is gas,1.5634195327240974e-16
because photosynthesis requires,1.562335330551612e-16
bike to,1.5585406229479126e-16
the bike to,1.5585406229479126e-16
have the ability,1.5569143196891844e-16
survival of organisms,1.5569143196891844e-16
of organisms needing,1.5569143196891844e-16
the ability to,1.5569143196891844e-16
together over long,1.5563722186029416e-16
together over,1.5563722186029416e-16
defining characteristic of,1.5525775109992423e-16
species option is,1.5525775109992423e-16
not defining characteristic,1.5525775109992423e-16
dispersal but,1.5525775109992423e-16
seed dispersal but,1.5525775109992423e-16
their species option,1.5525775109992423e-16
behavior is not,1.5525775109992423e-16
is not defining,1.5525775109992423e-16
not defining,1.5525775109992423e-16
characteristic of their,1.5525775109992423e-16
dispersal but this,1.5525775109992423e-16
defining characteristic,1.5525775109992423e-16
defining,1.5525775109992423e-16
but this behavior,1.5525775109992423e-16
species option,1.5525775109992423e-16
and protozoa are,1.5439038936193583e-16
fish are,1.5439038936193583e-16
stones,1.535772377325717e-16
for example,1.5330618718945033e-16
characteristic of,1.5265566588595902e-16
characteristic,1.5265566588595902e-16
and is often,1.5254724566871047e-16
as there,1.5243882545146192e-16
for the answer,1.5243882545146192e-16
steam is,1.5222198501696482e-16
direct,1.5124620306172787e-16
choices therefore,1.5070410197548512e-16
earth and,1.5056857670392443e-16
correct and,1.5027042110649091e-16
of the given,1.5005358067199381e-16
adaptation that,1.496198998029996e-16
panting is human,1.496198998029996e-16
adaptation that occurs,1.496198998029996e-16
is human adaptation,1.496198998029996e-16
human adaptation that,1.496198998029996e-16
is human,1.496198998029996e-16
human adaptation,1.496198998029996e-16
not accurately,1.494030593685025e-16
less detailed,1.4937595431419037e-16
dioxide from,1.4929802728304298e-16
dioxide from the,1.4929802728304298e-16
carbon dioxide from,1.4929802728304298e-16
is the process,1.491862189340054e-16
as they are,1.491862189340054e-16
body temperature,1.487525380650112e-16
cool down,1.485356976305141e-16
cool,1.485356976305141e-16
and working,1.4821043697876846e-16
working,1.4821043697876846e-16
moon orbits the,1.4799359654427136e-16
orbit the earth,1.4799359654427136e-16
moon orbits,1.4799359654427136e-16
the moon does,1.4799359654427136e-16
directly affect the,1.4793938643564708e-16
not directly affect,1.4793938643564708e-16
directly affect,1.4793938643564708e-16
hunting,1.474514954580286e-16
characteristics,1.474514954580286e-16
animals that,1.4739728534940433e-16
occurs as,1.470178145890344e-16
suitable,1.470178145890344e-16
process of stone,1.465841337200402e-16
that heat,1.465841337200402e-16
weathering process of,1.465841337200402e-16
suggests that,1.462317680139824e-16
coal,1.457167719820518e-16
objects appear,1.454999315475547e-16
question therefore,1.448494102440634e-16
it would,1.4411757377763568e-16
mice to,1.4387362828882644e-16
mice to come,1.4387362828882644e-16
rationale without additional,1.4333152720258369e-16
valid rationale without,1.4333152720258369e-16
without additional,1.4333152720258369e-16
additional,1.4333152720258369e-16
rationale without,1.4333152720258369e-16
determine why the,1.4333152720258369e-16
selected choice is,1.4333152720258369e-16
releases,1.4311468676808659e-16
fish and,1.4289784633358948e-16
organism but none,1.4278942611634093e-16
not the answer,1.4278942611634093e-16
building pond,1.4278942611634093e-16
incorrect but it,1.4278942611634093e-16
the months,1.4278942611634093e-16
not incorrect but,1.4278942611634093e-16
not incorrect,1.4278942611634093e-16
in the southern,1.4278942611634093e-16
is not incorrect,1.4278942611634093e-16
organism but,1.4278942611634093e-16
provide source of,1.4278942611634093e-16
provide source,1.4278942611634093e-16
incorrect but,1.4278942611634093e-16
living organism but,1.4278942611634093e-16
materials therefore the,1.4278942611634093e-16
because wind is,1.4273521600771666e-16
for this answer,1.4268100589909238e-16
answer choices do,1.426267957904681e-16
animals migrate,1.4257258568184383e-16
the time,1.4257258568184383e-16
swim,1.4246416546459528e-16
swim in,1.4246416546459528e-16
based on the,1.4224732503009818e-16
do not directly,1.4192206437835253e-16
the sun which,1.4192206437835253e-16
sun which,1.4192206437835253e-16
impossible to,1.4159680372660688e-16
conditions,1.4137996329210978e-16
large,1.4094628242311558e-16
to determine why,1.4051260155412137e-16
determine why,1.4051260155412137e-16
process of evaporation,1.4018734090237572e-16
of evaporation,1.4018734090237572e-16
sense,1.4007892068512717e-16
no such,1.3986208025063007e-16
as southern,1.3986208025063007e-16
such thing as,1.3986208025063007e-16
such thing,1.3986208025063007e-16
as southern hemisphere,1.3986208025063007e-16
summer or,1.3986208025063007e-16
summer or northern,1.3986208025063007e-16
summer the,1.3986208025063007e-16
no such thing,1.3986208025063007e-16
ish,1.3986208025063007e-16
months as,1.3986208025063007e-16
months as there,1.3986208025063007e-16
thing as,1.3986208025063007e-16
is actually,1.3986208025063007e-16
hemisphere summer the,1.3986208025063007e-16
thing,1.3986208025063007e-16
thing as southern,1.3986208025063007e-16
northern hemisphere summer,1.3986208025063007e-16
stomach,1.3986208025063007e-16
hemisphere summer or,1.3986208025063007e-16
actually,1.3986208025063007e-16
or northern,1.3986208025063007e-16
southern hemisphere summer,1.3986208025063007e-16
or northern hemisphere,1.3986208025063007e-16
two months as,1.3986208025063007e-16
is no such,1.3986208025063007e-16
oxygen is gas,1.3942839938163587e-16
oxygen is,1.3942839938163587e-16
from various,1.3931997916438732e-16
inability to,1.3899471851264167e-16
or sweat,1.3899471851264167e-16
panting the,1.3899471851264167e-16
or sweat due,1.3899471851264167e-16
into deep,1.3899471851264167e-16
sweat,1.3899471851264167e-16
sweat due,1.3899471851264167e-16
sweat due to,1.3899471851264167e-16
deep sleep,1.3899471851264167e-16
sleep,1.3899471851264167e-16
inability,1.3899471851264167e-16
into deep sleep,1.3899471851264167e-16
needing nutrients,1.3856103764364747e-16
organisms needing nutrients,1.3856103764364747e-16
non,1.3856103764364747e-16
the other hand,1.385068275350232e-16
other hand,1.385068275350232e-16
on the other,1.385068275350232e-16
hand,1.385068275350232e-16
simply,1.3812735677465326e-16
constant friction,1.3812735677465326e-16
each other the,1.3812735677465326e-16
the natural,1.3812735677465326e-16
the constant friction,1.3812735677465326e-16
other the,1.3812735677465326e-16
constant friction between,1.3812735677465326e-16
afternoon would not,1.378563062315319e-16
still afternoon would,1.378563062315319e-16
afternoon would,1.378563062315319e-16
information to,1.3704315460216776e-16
from the leaves,1.3633842319005218e-16
heat can,1.362842130814279e-16
increase in survival,1.3595895242968226e-16
in survival,1.3595895242968226e-16
that the question,1.3495606542013316e-16
are correct,1.3492896036582103e-16
provide clear,1.3487475025719675e-16
dry,1.3460369971407538e-16
the question therefore,1.3453254894650601e-16
correct answer option,1.3449527949682683e-16
structure this,1.3449527949682683e-16
concept,1.34332649170954e-16
definitive,1.3422422895370545e-16
temperature of,1.3400738851920835e-16
breathe,1.3330265710709277e-16
response to,1.3314002678121994e-16
response,1.3314002678121994e-16
go,1.328147661294743e-16
rough,1.323810852604801e-16
but dogs and,1.3227266504323154e-16
but dogs,1.3227266504323154e-16
produce it more,1.3227266504323154e-16
it more accurate,1.3227266504323154e-16
be that panting,1.3227266504323154e-16
this behavior,1.32164244825983e-16
protozoa are,1.3205582460873444e-16
answer therefore the,1.3203570757623715e-16
century,1.3183898417423734e-16
not related,1.3183898417423734e-16
not related to,1.3183898417423734e-16
case the rationale,1.3129688308799459e-16
through various,1.3108004265349749e-16
it is too,1.3048373145863046e-16
is crucial,1.3038208750495994e-16
snow and,1.299009727909195e-16
directly relate,1.2958926466632992e-16
directly relate to,1.2958926466632992e-16
answer therefore,1.2954511307395429e-16
and protozoa,1.2945373939476923e-16
fundamental concept,1.2939952928614495e-16
fundamental concept in,1.2939952928614495e-16
is fundamental concept,1.2939952928614495e-16
example of this,1.2939952928614495e-16
concept in,1.2939952928614495e-16
gradual,1.2912847874302358e-16
which do not,1.2902005852577503e-16
which do,1.2902005852577503e-16
in the atmosphere,1.2869479787402938e-16
water therefore the,1.2847795743953228e-16
instead,1.2793585635328952e-16
for answer,1.2793585635328952e-16
for answer is,1.2793585635328952e-16
of the body,1.2793585635328952e-16
incorrect because none,1.2785387944586307e-16
food is,1.2782743613604097e-16
up and,1.27637700755856e-16
move therefore the,1.2728533504979822e-16
not orbit the,1.2728533504979822e-16
move therefore,1.2728533504979822e-16
because the earth,1.2728533504979822e-16
the earth because,1.2728533504979822e-16
sun causes,1.2728533504979822e-16
to move therefore,1.2728533504979822e-16
moon to move,1.2728533504979822e-16
earth because the,1.2728533504979822e-16
sun causes the,1.2728533504979822e-16
therefore the moon,1.2728533504979822e-16
not orbit,1.2728533504979822e-16
does not orbit,1.2728533504979822e-16
earth because,1.2728533504979822e-16
the sun causes,1.2728533504979822e-16
rubbing two pebbles,1.2705790670346044e-16
answer is likely,1.2705790670346044e-16
to infer that,1.2705790670346044e-16
to infer,1.2705790670346044e-16
rubbing two,1.2705790670346044e-16
infer that the,1.2705790670346044e-16
infer,1.2705790670346044e-16
action of rubbing,1.2705790670346044e-16
infer that,1.2705790670346044e-16
rationale would depend,1.2705790670346044e-16
of rubbing two,1.2705790670346044e-16
sufficient context to,1.2705790670346044e-16
smoothing and,1.2705790670346044e-16
of smoothing and,1.2705790670346044e-16
context to infer,1.2705790670346044e-16
be the action,1.2705790670346044e-16
smoothing and the,1.2705790670346044e-16
that the answer,1.2705790670346044e-16
become smoother and,1.2664159000988495e-16
january,1.2652639352905837e-16
and january,1.2652639352905837e-16
over shorter,1.2609271266006417e-16
shorter period of,1.2609271266006417e-16
over shorter period,1.2609271266006417e-16
shorter period,1.2609271266006417e-16
but they are,1.2587587222556706e-16
but they,1.2587587222556706e-16
thrive,1.2576745200831851e-16
lowering,1.2565903179106996e-16
the lowering of,1.2565903179106996e-16
related to any,1.2565903179106996e-16
to any,1.2565903179106996e-16
lowering of,1.2565903179106996e-16
lowering of the,1.2565903179106996e-16
to any of,1.2565903179106996e-16
the lowering,1.2565903179106996e-16
because humans,1.2522535092207576e-16
is because humans,1.2522535092207576e-16
of pelican to,1.2513048323198328e-16
options that,1.2513048323198328e-16
ability of,1.2513048323198328e-16
ability of pelican,1.2513048323198328e-16
options that are,1.2513048323198328e-16
for options,1.2513048323198328e-16
for options that,1.2513048323198328e-16
the ability of,1.2513048323198328e-16
asks for options,1.2513048323198328e-16
to the ability,1.2513048323198328e-16
not cause,1.251169307048272e-16
due to the,1.2500851048757866e-16
for this,1.249000902703301e-16
it is responsible,1.24683249835833e-16
time and,1.2426312149399488e-16
down the,1.240327285323417e-16
asks for what,1.240327285323417e-16
shell and,1.2365325777197178e-16
substances into new,1.235990476633475e-16
substances into,1.235990476633475e-16
in non,1.2349062744609896e-16
wild,1.233822072288504e-16
the wild,1.233822072288504e-16
in the wild,1.233822072288504e-16
spring morning,1.229485263598562e-16
the spring morning,1.229485263598562e-16
processes,1.229485263598562e-16
in the spring,1.229485263598562e-16
morning,1.229485263598562e-16
ice which,1.227316859253591e-16
as water,1.227316859253591e-16
occurs when water,1.227316859253591e-16
melting of ice,1.227316859253591e-16
into ice option,1.227316859253591e-16
fall to the,1.227316859253591e-16
such as water,1.227316859253591e-16
to the melting,1.227316859253591e-16
air turns,1.227316859253591e-16
as water vapor,1.227316859253591e-16
fall to,1.227316859253591e-16
melting of,1.227316859253591e-16
which occurs,1.227316859253591e-16
answer because sleet,1.227316859253591e-16
ice which occurs,1.227316859253591e-16
which occurs when,1.227316859253591e-16
not fall to,1.227316859253591e-16
not fall,1.227316859253591e-16
the melting of,1.227316859253591e-16
air turns into,1.227316859253591e-16
when water such,1.227316859253591e-16
solid and can,1.227316859253591e-16
the air turns,1.227316859253591e-16
can not fall,1.227316859253591e-16
turns into,1.227316859253591e-16
of ice which,1.227316859253591e-16
blustery day,1.22514845490862e-16
and growth,1.219456393503071e-16
effect,1.216474837528736e-16
options and are,1.212138028838794e-16
photosynthesis requires,1.209969624493823e-16
why the selected,1.209969624493823e-16
to this,1.207801220148852e-16
argon,1.2037354620020313e-16
sun which is,1.2037354620020313e-16
argon option,1.2037354620020313e-16
sunlight and,1.2037354620020313e-16
by the bee,1.2037354620020313e-16
of sunlight and,1.2037354620020313e-16
sunlight and bees,1.2037354620020313e-16
require torrential,1.2037354620020313e-16
require torrential amount,1.2037354620020313e-16
require tree,1.2037354620020313e-16
require tree to,1.2037354620020313e-16
argon option is,1.2037354620020313e-16
without the,1.2037354620020313e-16
the bee,1.2037354620020313e-16
the bee body,1.2037354620020313e-16
without the presence,1.2037354620020313e-16
consuming daffodils therefore,1.2037354620020313e-16
tree to absorb,1.2037354620020313e-16
consuming daffodils,1.2037354620020313e-16
the wild consuming,1.2037354620020313e-16
and oxygen this,1.2037354620020313e-16
bee body and,1.2037354620020313e-16
is captured,1.2037354620020313e-16
is captured by,1.2037354620020313e-16
occur without,1.2037354620020313e-16
bees,1.2037354620020313e-16
bees are,1.2037354620020313e-16
bees are not,1.2037354620020313e-16
occur without the,1.2037354620020313e-16
to absorb argon,1.2037354620020313e-16
of rainfall option,1.2037354620020313e-16
converted into chemical,1.2037354620020313e-16
light energy,1.2037354620020313e-16
chemical energy,1.2037354620020313e-16
chemical energy in,1.2037354620020313e-16
not require torrential,1.2037354620020313e-16
daffodils therefore option,1.2037354620020313e-16
daffodils therefore,1.2037354620020313e-16
daffodils,1.2037354620020313e-16
photosynthesis requires light,1.2037354620020313e-16
presence of sunlight,1.2037354620020313e-16
process can not,1.2037354620020313e-16
which is captured,1.2037354620020313e-16
into chemical energy,1.2037354620020313e-16
into chemical,1.2037354620020313e-16
absorb argon option,1.2037354620020313e-16
absorb argon,1.2037354620020313e-16
and converted into,1.2037354620020313e-16
form of glucose,1.2037354620020313e-16
and converted,1.2037354620020313e-16
captured by the,1.2037354620020313e-16
captured by,1.2037354620020313e-16
captured,1.2037354620020313e-16
not occur without,1.2037354620020313e-16
oxygen this,1.2037354620020313e-16
oxygen this process,1.2037354620020313e-16
not occur,1.2037354620020313e-16
requires light energy,1.2037354620020313e-16
requires light,1.2037354620020313e-16
of glucose and,1.2037354620020313e-16
of glucose,1.2037354620020313e-16
can not occur,1.2037354620020313e-16
light energy from,1.2037354620020313e-16
not require tree,1.2037354620020313e-16
body and converted,1.2037354620020313e-16
wild consuming daffodils,1.2037354620020313e-16
and bees,1.2037354620020313e-16
rainfall option,1.2037354620020313e-16
and bees are,1.2037354620020313e-16
rainfall option is,1.2037354620020313e-16
of sunlight,1.2037354620020313e-16
wild consuming,1.2037354620020313e-16
not fit,1.201296007113939e-16
not fit the,1.201296007113939e-16
fit,1.201296007113939e-16
do not fit,1.201296007113939e-16
fit the,1.201296007113939e-16
that occurs as,1.199127602768968e-16
not liquid,1.1923513391909335e-16
the given,1.1904539853890839e-16
provides the,1.1888276821303556e-16
of moisture,1.1861171766991419e-16
of stars,1.1850329745266563e-16
off,1.1779856604055006e-16
is what,1.1731067506293158e-16
of heat energy,1.1676857397668883e-16
transfer of,1.1676857397668883e-16
in the pool,1.1676857397668883e-16
transfer of heat,1.1676857397668883e-16
the air and,1.1668725881375241e-16
and water,1.1666015375944028e-16
with the water,1.16605943650816e-16
development and,1.1622647289044608e-16
air and,1.1605029003741718e-16
the natural process,1.1590121223870042e-16
this process can,1.1535911115245767e-16
not provide clear,1.1535911115245767e-16
of food,1.1535911115245767e-16
process that occurs,1.1525069093520912e-16
is hot but,1.1503385050071202e-16
body is hot,1.1503385050071202e-16
hot but,1.1503385050071202e-16
the climate,1.149118777563074e-16
climate,1.149118777563074e-16
is not directly,1.1438332919722072e-16
how mice come,1.137870180023537e-16
how mice,1.137870180023537e-16
of water to,1.1351596745923231e-16
pant,1.1340754724198376e-16
to pant,1.1340754724198376e-16
to panting,1.1340754724198376e-16
to their inability,1.1340754724198376e-16
due to their,1.1340754724198376e-16
their inability,1.1340754724198376e-16
response to panting,1.1340754724198376e-16
is panting,1.1340754724198376e-16
their inability to,1.1340754724198376e-16
inability to pant,1.1340754724198376e-16
option is panting,1.1340754724198376e-16
womb,1.1275702593849246e-16
of substance,1.1275702593849246e-16
process can,1.1254018550399536e-16
as weathering,1.1229624001518612e-16
wind is,1.1229624001518612e-16
occurs over,1.1229624001518612e-16
situation for example,1.122149248522497e-16
situation for,1.122149248522497e-16
the situation for,1.122149248522497e-16
humans like,1.1216071474362543e-16
wood,1.1202639384703662e-16
can fall down,1.1190999299123816e-16
ice can,1.1190999299123816e-16
generally not,1.1167282376600696e-16
is generally not,1.1167282376600696e-16
be used,1.1132045805994917e-16
december in the,1.1123914289701275e-16
maintain its,1.1123914289701275e-16
december in,1.1123914289701275e-16
of december in,1.1123914289701275e-16
states,1.1123914289701275e-16
provide definitive,1.111307226797642e-16
pebbles are,1.1107651257113993e-16
exposure to,1.1102230246251565e-16
rationale for this,1.1102230246251565e-16
exposure,1.1102230246251565e-16
of breaking down,1.1080546202801855e-16
of breaking,1.1080546202801855e-16
be other,1.1080546202801855e-16
process of breaking,1.1080546202801855e-16
breaking down,1.1080546202801855e-16
breaking,1.1080546202801855e-16
natural response,1.1058862159352145e-16
and become,1.1058862159352145e-16
natural response to,1.1058862159352145e-16
interference,1.104802013762729e-16
surgical interference,1.104802013762729e-16
example if the,1.1037178115902435e-16
example if,1.1037178115902435e-16
for example if,1.1037178115902435e-16
pelican will,1.1020915083315153e-16
will use,1.1020915083315153e-16
use the,1.1020915083315153e-16
the fish,1.1020915083315153e-16
pelican will use,1.1020915083315153e-16
the pelican will,1.1020915083315153e-16
will use the,1.1020915083315153e-16
is device,1.0974836490984519e-16
device,1.0974836490984519e-16
of time the,1.0936889414947526e-16
moss,1.091791587692903e-16
it provides,1.089623183347932e-16
as it provides,1.089623183347932e-16
it provides the,1.089623183347932e-16
triplet is,1.0863705768304754e-16
season this is,1.0858284757442327e-16
season this,1.0858284757442327e-16
winter season this,1.0858284757442327e-16
the necessary resources,1.0836600713992617e-16
resources for,1.0836600713992617e-16
necessary resources,1.0836600713992617e-16
necessary resources for,1.0836600713992617e-16
in ecology,1.0836600713992617e-16
concept in ecology,1.0836600713992617e-16
this case kittens,1.0836600713992617e-16
ecology,1.0836600713992617e-16
case kittens,1.0836600713992617e-16
case kittens getting,1.0836600713992617e-16
development,1.0831179703130189e-16
biological,1.0801364143386838e-16
what becomes,1.0762125342105282e-16
what becomes smoother,1.0762125342105282e-16
age,1.0755285551056204e-16
stone age,1.0755285551056204e-16
provided provide,1.0741733023900135e-16
their nests,1.0741733023900135e-16
pond or,1.0741733023900135e-16
in building pond,1.0741733023900135e-16
in building,1.0741733023900135e-16
materials in building,1.0741733023900135e-16
pond or cave,1.0741733023900135e-16
building pond or,1.0741733023900135e-16
options provided provide,1.0741733023900135e-16
provided provide source,1.0741733023900135e-16
or cave,1.0741733023900135e-16
application of,1.0728180496744066e-16
application,1.0728180496744066e-16
gas therefore the,1.0711917464156784e-16
gas therefore,1.0711917464156784e-16
pasta,1.0706019997261526e-16
as precipitation,1.0608918257770661e-16
misconception of,1.0603497246908233e-16
and january therefore,1.0603497246908233e-16
hemisphere is actually,1.0603497246908233e-16
and july,1.0603497246908233e-16
june,1.0603497246908233e-16
and july and,1.0603497246908233e-16
two months is,1.0603497246908233e-16
hemisphere experiences winter,1.0603497246908233e-16
is actually summer,1.0603497246908233e-16
hemisphere is,1.0603497246908233e-16
misconception of the,1.0603497246908233e-16
january therefore,1.0603497246908233e-16
january therefore the,1.0603497246908233e-16
july and,1.0603497246908233e-16
june and,1.0603497246908233e-16
months is likely,1.0603497246908233e-16
northern hemisphere experiences,1.0603497246908233e-16
june and july,1.0603497246908233e-16
july,1.0603497246908233e-16
july and the,1.0603497246908233e-16
actually summer,1.0603497246908233e-16
months is,1.0603497246908233e-16
winter during the,1.0603497246908233e-16
winter during,1.0603497246908233e-16
experiences winter during,1.0603497246908233e-16
experiences winter,1.0603497246908233e-16
common misconception of,1.0603497246908233e-16
trees to,1.0567752456534102e-16
for palm,1.0567752456534102e-16
trees to grow,1.0567752456534102e-16
palm trees to,1.0567752456534102e-16
for palm trees,1.0567752456534102e-16
of substances into,1.0560129160008813e-16
the combination,1.0560129160008813e-16
also incorrect,1.0560129160008813e-16
combination of,1.0560129160008813e-16
the combination of,1.0560129160008813e-16
is also incorrect,1.0560129160008813e-16
of substances,1.0560129160008813e-16
combination of substances,1.0560129160008813e-16
also incorrect because,1.0560129160008813e-16
it orbits,1.0538445116559103e-16
revolution when,1.0538445116559103e-16
the earth and,1.0538445116559103e-16
does not revolution,1.0538445116559103e-16
it orbits the,1.0538445116559103e-16
the earth rather,1.0538445116559103e-16
revolution when it,1.0538445116559103e-16
earth rather,1.0538445116559103e-16
not revolution,1.0538445116559103e-16
not revolution when,1.0538445116559103e-16
and the earth,1.0538445116559103e-16
earth moon does,1.0538445116559103e-16
earth and the,1.0538445116559103e-16
earth rather the,1.0538445116559103e-16
when it orbits,1.0538445116559103e-16
temperature of the,1.0516761073109393e-16
behavior is,1.0505919051384538e-16
this behavior is,1.0505919051384538e-16
takes,1.050049804052211e-16
from the food,1.0456452327264887e-16
survival of,1.0451708942760263e-16
known,1.0354130747236567e-16
history,1.0299920638612292e-16
occurrence in,1.0267394573437727e-16
common occurrence in,1.0267394573437727e-16
is common occurrence,1.0267394573437727e-16
given choices therefore,1.0256552551712872e-16
raising,1.0256552551712872e-16
temperature not the,1.0256552551712872e-16
the raising,1.0256552551712872e-16
body temperature not,1.0256552551712872e-16
raising therefore the,1.0256552551712872e-16
temperature not,1.0256552551712872e-16
raising therefore,1.0256552551712872e-16
the raising therefore,1.0256552551712872e-16
water from their,1.0256552551712872e-16
choices therefore the,1.0256552551712872e-16
not the raising,1.0256552551712872e-16
related to the,1.0234868508263162e-16
impossible,1.0213184464813452e-16
transferred,1.020505294851981e-16
transferred to,1.020505294851981e-16
typically found in,1.0199631937657383e-16
typically found,1.0199631937657383e-16
of brackish water,1.0199631937657383e-16
of these,1.0199631937657383e-16
the temperature of,1.0191500421363742e-16
we,1.0191500421363742e-16
find,1.0180658399638887e-16
water molecules in,1.0148132334464322e-16
molecules in the,1.0148132334464322e-16
molecules in,1.0148132334464322e-16
using its,1.0148132334464322e-16
rubbed,1.0148132334464322e-16
comprehensive,1.0093922225840046e-16
which can be,1.0091889346766636e-16
increased energy,1.0058685655234267e-16
provides the necessary,1.0045133128078199e-16
including,9.961107459710572e-17
hot pan,9.958396954279358e-17
removing,9.921805130957972e-17
the fishes,9.90960785651751e-17
the fishes on,9.90960785651751e-17
like other,9.904186845655083e-17
breathe and,9.904186845655083e-17
absorbing nutrients,9.8879238130678e-17
processing and absorbing,9.8879238130678e-17
capable of processing,9.8879238130678e-17
them more susceptible,9.8879238130678e-17
and absorbing,9.8879238130678e-17
effectively making them,9.8879238130678e-17
processing and,9.8879238130678e-17
absorbing nutrients effectively,9.8879238130678e-17
and absorbing nutrients,9.8879238130678e-17
this increase,9.8879238130678e-17
susceptible to this,9.8879238130678e-17
this increase in,9.8879238130678e-17
to this increase,9.8879238130678e-17
effectively making,9.8879238130678e-17
in survival the,9.8879238130678e-17
of processing,9.8879238130678e-17
nutrients effectively making,9.8879238130678e-17
of processing and,9.8879238130678e-17
absorbing,9.8879238130678e-17
based on,9.86623976961809e-17
best answer because,9.84455572616838e-17
moisture,9.831003199012311e-17
the pasta,9.812770814822663e-17
the concept of,9.790345617544105e-17
the concept,9.790345617544105e-17
concept of,9.790345617544105e-17
those,9.782214101250464e-17
in which mice,9.77950359581925e-17
which mice,9.77950359581925e-17
only way in,9.77950359581925e-17
not the only,9.77950359581925e-17
only way,9.77950359581925e-17
common way,9.77950359581925e-17
the only way,9.77950359581925e-17
way in,9.77950359581925e-17
which mice come,9.77950359581925e-17
way in which,9.77950359581925e-17
to create,9.75781955236954e-17
the original,9.73613550891983e-17
the addition,9.73613550891983e-17
original,9.73613550891983e-17
addition of,9.73613550891983e-17
involve the combination,9.73613550891983e-17
the addition of,9.73613550891983e-17
activities that,9.709030454607692e-17
protected environment however,9.709030454607692e-17
put person,9.709030454607692e-17
put,9.709030454607692e-17
put person in,9.709030454607692e-17
definitive rationale,9.69276742202041e-17
definitive rationale for,9.69276742202041e-17
provide definitive rationale,9.69276742202041e-17
against,9.627715291671279e-17
is known,9.595189226496714e-17
is known as,9.595189226496714e-17
unlikely to,9.573505183047004e-17
plants in the,9.573505183047004e-17
plants can,9.573505183047004e-17
age is,9.540979117872439e-17
stone age is,9.540979117872439e-17
that humans,9.497611030973019e-17
food through the,9.492190020110591e-17
comfortable,9.454242944073599e-17
more comfortable,9.454242944073599e-17
of the local,9.410874857174178e-17
transportation,9.389190813724468e-17
ice can fall,9.380720484251925e-17
as sleet and,9.380720484251925e-17
as sleet,9.380720484251925e-17
hot but dogs,9.356664748549903e-17
fires,9.348533232256262e-17
vital,9.324138683375338e-17
other choices are,9.280770596475918e-17
choices are not,9.280770596475918e-17
that weathering,9.272639080182277e-17
of plants,9.16692936836494e-17
water molecules,9.139824314052802e-17
the water molecules,9.139824314052802e-17
respiration process,9.107298248878237e-17
heat up,9.004299042492114e-17
grow and,9.004299042492114e-17
to heat up,9.004299042492114e-17
become smooth,9.004299042492114e-17
become smooth as,9.004299042492114e-17
correct however the,8.968597927254326e-17
the triplet,8.968597927254326e-17
however the triplet,8.968597927254326e-17
the answer therefore,8.968597927254326e-17
through weathering but,8.968597927254326e-17
weathering but none,8.968597927254326e-17
itself does,8.968597927254326e-17
not provide definitive,8.968597927254326e-17
triplet itself,8.968597927254326e-17
the triplet itself,8.968597927254326e-17
asks what becomes,8.968597927254326e-17
triplet itself does,8.968597927254326e-17
question asks what,8.968597927254326e-17
asks what,8.968597927254326e-17
are correct however,8.968597927254326e-17
itself does not,8.968597927254326e-17
correct however,8.968597927254326e-17
sharks and,8.966351966455122e-17
shape,8.966351966455122e-17
sharks and gaseous,8.966351966455122e-17
the sharks,8.966351966455122e-17
of stone while,8.944667923005412e-17
weathering typically occurs,8.944667923005412e-17
for the weathering,8.944667923005412e-17
typically occurs,8.944667923005412e-17
describe the weathering,8.944667923005412e-17
occurs over shorter,8.944667923005412e-17
which is incorrect,8.944667923005412e-17
very long time,8.944667923005412e-17
very long,8.944667923005412e-17
very,8.944667923005412e-17
incorrect as weathering,8.944667923005412e-17
weathering typically,8.944667923005412e-17
takes very long,8.944667923005412e-17
takes very,8.944667923005412e-17
typically occurs over,8.944667923005412e-17
stone while,8.944667923005412e-17
incorrect as,8.944667923005412e-17
where heat,8.944667923005412e-17
as weathering typically,8.944667923005412e-17
is incorrect as,8.944667923005412e-17
long time,8.944667923005412e-17
be correct,8.941957417574198e-17
can be correct,8.941957417574198e-17
liquid form,8.933825901280557e-17
the liquid form,8.933825901280557e-17
resulting in,8.933825901280557e-17
stove,8.920898060923088e-17
down as precipitation,8.904010341537205e-17
states that,8.890457814381136e-17
be able to,8.857931749206571e-17
be able,8.857931749206571e-17
sunlight,8.847089727481716e-17
protozoa,8.847089727481716e-17
similar to,8.825405684032006e-17
options and,8.803721640582296e-17
december and january,8.771195575407731e-17
in the northern,8.771195575407731e-17
of december and,8.771195575407731e-17
december and,8.771195575407731e-17
panting is natural,8.771195575407731e-17
rather the moon,8.771195575407731e-17
months of december,8.771195575407731e-17
the moon orbits,8.771195575407731e-17
consuming,8.765774564545303e-17
not involve,8.760353553682876e-17
are typically,8.760353553682876e-17
involve,8.760353553682876e-17
swim in the,8.760353553682876e-17
because weathering,8.738669510233166e-17
is because weathering,8.738669510233166e-17
carbon dioxide which,8.698689555122763e-17
dioxide which,8.698689555122763e-17
dioxide which is,8.698689555122763e-17
cool down the,8.695301423333746e-17
is panting the,8.695301423333746e-17
down the body,8.695301423333746e-17
deep sleep or,8.695301423333746e-17
panting humans do,8.695301423333746e-17
go into,8.695301423333746e-17
pant therefore,8.695301423333746e-17
go into deep,8.695301423333746e-17
ability to expell,8.695301423333746e-17
panting humans,8.695301423333746e-17
expell,8.695301423333746e-17
sleep or sweat,8.695301423333746e-17
expell water,8.695301423333746e-17
expell water from,8.695301423333746e-17
pant therefore the,8.695301423333746e-17
sleep or,8.695301423333746e-17
from their dermis,8.695301423333746e-17
and cool,8.695301423333746e-17
panting the term,8.695301423333746e-17
to expell,8.695301423333746e-17
to expell water,8.695301423333746e-17
to panting humans,8.695301423333746e-17
to pant therefore,8.695301423333746e-17
their dermis,8.695301423333746e-17
and cool down,8.695301423333746e-17
bricks,8.68445940160889e-17
the choices directly,8.684374698314165e-17
choices directly,8.684374698314165e-17
choices directly relate,8.684374698314165e-17
may be,8.673617379884035e-17
force that,8.613986260397333e-17
energy that can,8.612631007681726e-17
energy that,8.612631007681726e-17
the beef,8.612631007681726e-17
of energy that,8.612631007681726e-17
to cooler,8.612631007681726e-17
form of energy,8.612631007681726e-17
not living,8.59772322781005e-17
are not living,8.59772322781005e-17
not living organisms,8.59772322781005e-17
is crucial in,8.586881206085195e-17
population of,8.586881206085195e-17
positive example of,8.586881206085195e-17
crucial in,8.586881206085195e-17
maintaining the,8.586881206085195e-17
between predator,8.586881206085195e-17
crucial in maintaining,8.586881206085195e-17
maintaining the stability,8.586881206085195e-17
in kittens getting,8.586881206085195e-17
needing food this,8.586881206085195e-17
positive example,8.586881206085195e-17
the balance between,8.586881206085195e-17
thrive the,8.586881206085195e-17
this balance as,8.586881206085195e-17
amoebas needing,8.586881206085195e-17
and thrive the,8.586881206085195e-17
and prey,8.586881206085195e-17
amoebas needing food,8.586881206085195e-17
ecosystems,8.586881206085195e-17
in ecology where,8.586881206085195e-17
ecosystems in,8.586881206085195e-17
needing food,8.586881206085195e-17
predator and,8.586881206085195e-17
ecology where the,8.586881206085195e-17
predator and prey,8.586881206085195e-17
ecology where,8.586881206085195e-17
consuming more,8.586881206085195e-17
consuming more amoebas,8.586881206085195e-17
and prey is,8.586881206085195e-17
of the kittens,8.586881206085195e-17
between predator and,8.586881206085195e-17
leading to larger,8.586881206085195e-17
and thrive,8.586881206085195e-17
the stability of,8.586881206085195e-17
in maintaining the,8.586881206085195e-17
prey,8.586881206085195e-17
prey is,8.586881206085195e-17
stability,8.586881206085195e-17
stability of,8.586881206085195e-17
stability of ecosystems,8.586881206085195e-17
kittens to survive,8.586881206085195e-17
kittens to,8.586881206085195e-17
predator,8.586881206085195e-17
of amoebas,8.586881206085195e-17
is positive,8.586881206085195e-17
is positive example,8.586881206085195e-17
resources for the,8.586881206085195e-17
kittens consuming more,8.586881206085195e-17
kittens consuming,8.586881206085195e-17
survive and thrive,8.586881206085195e-17
increase in kittens,8.586881206085195e-17
for the kittens,8.586881206085195e-17
to larger,8.586881206085195e-17
to larger population,8.586881206085195e-17
balance between predator,8.586881206085195e-17
balance between,8.586881206085195e-17
balance as it,8.586881206085195e-17
the kittens consuming,8.586881206085195e-17
balance as,8.586881206085195e-17
the kittens to,8.586881206085195e-17
food this is,8.586881206085195e-17
food this,8.586881206085195e-17
population,8.586881206085195e-17
population of amoebas,8.586881206085195e-17
amoebas leading to,8.586881206085195e-17
of amoebas needing,8.586881206085195e-17
of this balance,8.586881206085195e-17
of ecosystems in,8.586881206085195e-17
prey is crucial,8.586881206085195e-17
amoebas leading,8.586881206085195e-17
where the balance,8.586881206085195e-17
the stability,8.586881206085195e-17
larger population of,8.586881206085195e-17
larger population,8.586881206085195e-17
ecosystems in this,8.586881206085195e-17
in maintaining,8.586881206085195e-17
of ecosystems,8.586881206085195e-17
more amoebas leading,8.586881206085195e-17
more amoebas,8.586881206085195e-17
in kittens,8.586881206085195e-17
yarn is direct,8.586881206085195e-17
yarn is positive,8.586881206085195e-17
addition of substance,8.543513119185775e-17
combined substance,8.543513119185775e-17
it involves the,8.543513119185775e-17
of substance with,8.543513119185775e-17
properties than the,8.543513119185775e-17
while it involves,8.543513119185775e-17
original does,8.543513119185775e-17
new combined,8.543513119185775e-17
than the original,8.543513119185775e-17
involves the addition,8.543513119185775e-17
properties than,8.543513119185775e-17
distance,8.543513119185775e-17
substance option,8.543513119185775e-17
the original does,8.543513119185775e-17
new combined substance,8.543513119185775e-17
different properties than,8.543513119185775e-17
into new combined,8.543513119185775e-17
substance option while,8.543513119185775e-17
that would,8.540802613754561e-17
options the,8.53267109746092e-17
cycle of,8.523483767833416e-17
true that,8.521829075736065e-17
is true that,8.521829075736065e-17
is true,8.521829075736065e-17
in which,8.521829075736065e-17
it is true,8.521829075736065e-17
while it is,8.521829075736065e-17
is correct,8.51098705401121e-17
not directly related,8.4893030105615e-17
therefore the third,8.407987847625087e-17
for the lowering,8.407987847625087e-17
options being,8.388336683248787e-17
stars but,8.310409652101391e-17
the year,8.310409652101391e-17
the year round,8.310409652101391e-17
to how,8.283304597789254e-17
mouse egg,8.283304597789254e-17
its weathering,8.283304597789254e-17
to its weathering,8.283304597789254e-17
weathering history,8.283304597789254e-17
is nonrenewable,8.239936510889834e-17
is nonrenewable resource,8.239936510889834e-17
on it,8.229094489164979e-17
in such,8.229094489164979e-17
australia is,8.218252467440124e-17
australia,8.218252467440124e-17
the heart,8.218252467440124e-17
heart,8.218252467440124e-17
the heart of,8.218252467440124e-17
of australia is,8.218252467440124e-17
heart of,8.218252467440124e-17
of australia,8.218252467440124e-17
heart of australia,8.218252467440124e-17
combined substance option,8.185726402265558e-17
original does not,8.185726402265558e-17
from the respiration,8.174884380540703e-17
controlled,8.174884380540703e-17
vapor that has,8.17217387510949e-17
vapor that,8.17217387510949e-17
into water,8.17217387510949e-17
water vapor that,8.17217387510949e-17
into water vapor,8.17217387510949e-17
water vapor therefore,8.17217387510949e-17
solidified,8.17217387510949e-17
vapor therefore,8.17217387510949e-17
turns into water,8.17217387510949e-17
can also,8.11601559070653e-17
plant function of,8.088148206741863e-17
it refers,8.088148206741863e-17
the plant function,8.088148206741863e-17
plant function,8.088148206741863e-17
while it refers,8.088148206741863e-17
it refers to,8.088148206741863e-17
rather about,8.082727195879436e-17
intervention which is,8.082727195879436e-17
intervention which,8.082727195879436e-17
intervention,8.082727195879436e-17
not about,8.082727195879436e-17
is not about,8.082727195879436e-17
but rather about,8.082727195879436e-17
significant factor,8.066464163292153e-17
mother,8.066464163292153e-17
significant factor in,8.066464163292153e-17
provide any context,8.063753657860939e-17
any context,8.063753657860939e-17
the stove can,8.029777048764201e-17
from the stove,8.029777048764201e-17
stove can,8.029777048764201e-17
the stove,8.029777048764201e-17
heat energy,8.017675065530305e-17
because weathering is,8.012254054667878e-17
various environments,7.979727989493313e-17
therefore they are,7.979727989493313e-17
thrive in,7.979727989493313e-17
therefore they,7.979727989493313e-17
in various environments,7.979727989493313e-17
thrive in various,7.979727989493313e-17
amoebas on the,7.925517880869037e-17
amoebas on,7.925517880869037e-17
nutrients amoebas on,7.925517880869037e-17
nutrients amoebas,7.925517880869037e-17
affect the survival,7.925517880869037e-17
hand are capable,7.925517880869037e-17
sunlight oil and,7.892991815694472e-17
sunlight oil,7.892991815694472e-17
context therefore,7.885537925758634e-17
this context therefore,7.885537925758634e-17
food into smaller,7.840136959785804e-17
food into,7.840136959785804e-17
processing,7.806255641895632e-17
molecules to,7.806255641895632e-17
nutrients and,7.806255641895632e-17
torrential,7.795413620170777e-17
of rainfall,7.795413620170777e-17
torrential amount,7.795413620170777e-17
torrential amount of,7.795413620170777e-17
amount of rainfall,7.795413620170777e-17
inside,7.752045533271357e-17
the body through,7.746624522408929e-17
body through,7.746624522408929e-17
break,7.708677446371937e-17
over week,7.696480171931475e-17
receive nutrients,7.654467337747661e-17
receive,7.654467337747661e-17
the plant this,7.611099250848241e-17
because they are,7.611099250848241e-17
down as sleet,7.59720791051327e-17
not be the,7.589415207398531e-17
option is also,7.589415207398531e-17
energy in,7.571119295737838e-17
amoebas are,7.567731163948821e-17
is an essential,7.567731163948821e-17
water which is,7.546047120499111e-17
day,7.502679033599691e-17
decade,7.48099499014998e-17
turns,7.475573979287553e-17
requires energy,7.41594285980085e-17
to brown requires,7.41594285980085e-17
brown requires,7.41594285980085e-17
requires energy from,7.41594285980085e-17
for what,7.41594285980085e-17
brown requires energy,7.41594285980085e-17
liquid state,7.39425881635114e-17
terrain,7.347756707546879e-17
grow therefore,7.347756707546879e-17
to grow therefore,7.347756707546879e-17
climate and,7.347756707546879e-17
climate and terrain,7.347756707546879e-17
and terrain,7.347756707546879e-17
the climate and,7.347756707546879e-17
to the concept,7.298035873543052e-17
we can,7.24247051220317e-17
day would,7.188260403578894e-17
living organism,7.177418381854039e-17
correct therefore the,7.17477669784979e-17
this triplet,7.17477669784979e-17
correct therefore,7.17477669784979e-17
this triplet is,7.17477669784979e-17
are correct therefore,7.17477669784979e-17
for this triplet,7.17477669784979e-17
after evaporation water,7.171870316049524e-17
ice caps,7.171870316049524e-17
is because after,7.171870316049524e-17
caps,7.171870316049524e-17
groundwater,7.171870316049524e-17
evaporation water,7.171870316049524e-17
because after,7.171870316049524e-17
because after evaporation,7.171870316049524e-17
build,7.139471305817047e-17
build their,7.139471305817047e-17
nesting,7.139471305817047e-17
to build,7.139471305817047e-17
build their nests,7.139471305817047e-17
cause the pasta,7.137512542126521e-17
the pasta to,7.137512542126521e-17
pasta to,7.137512542126521e-17
in nature,7.136760800385833e-17
force,7.128629284092192e-17
question the rationale,7.123208273229764e-17
many,7.112366251504909e-17
is speculative,7.104234735211268e-17
choice is speculative,7.104234735211268e-17
choice is incorrect,7.104234735211268e-17
speculative,7.104234735211268e-17
choices and,7.101524229780054e-17
answers the question,7.09474796620202e-17
answers the,7.09474796620202e-17
answer is that,7.068998164605489e-17
age is not,7.068998164605489e-17
body temperature therefore,7.060697241722397e-17
temperature therefore the,7.060697241722397e-17
temperature therefore,7.060697241722397e-17
trees,7.05544563744942e-17
solar,7.044603615724565e-17
needs,7.036472099430924e-17
is clear,7.017498561412427e-17
hemisphere where the,6.993104012531504e-17
is located december,6.993104012531504e-17
australia is located,6.993104012531504e-17
surface of,6.993104012531504e-17
hemisphere where,6.993104012531504e-17
located december,6.993104012531504e-17
the surface,6.993104012531504e-17
the surface of,6.993104012531504e-17
not valid,6.982261990806649e-17
seed dispersal,6.971419969081794e-17
dispersal,6.971419969081794e-17
in hot,6.963288452788152e-17
not adapted,6.960577947356938e-17
not adapted to,6.960577947356938e-17
but it,6.938893903907228e-17
on,6.922630871319946e-17
liquid form of,6.917209860457518e-17
form of water,6.917209860457518e-17
time,6.895525817007808e-17
cloudy day would,6.892815311576594e-17
rainy day would,6.892815311576594e-17
to the stars,6.873841773558098e-17
to the natural,6.857578740970816e-17
peat,6.849447224677174e-17
of the question,6.849447224677174e-17
peat moss,6.849447224677174e-17
leaves to the,6.816921159502609e-17
and development and,6.816921159502609e-17
leaves to,6.816921159502609e-17
the leaves to,6.816921159502609e-17
rather the,6.795237116052899e-17
rely,6.792526610621685e-17
rely on,6.792526610621685e-17
because when an,6.787105599759258e-17
only viable,6.765421556309548e-17
the only viable,6.765421556309548e-17
viable option is,6.765421556309548e-17
only viable option,6.765421556309548e-17
therefore the only,6.765421556309548e-17
anemometer is,6.762711050878334e-17
the form,6.754579534584693e-17
the form of,6.754579534584693e-17
in the form,6.754579534584693e-17
information to determine,6.722053469410127e-17
mean,6.678685382510707e-17
these nutrients,6.646159317336142e-17
environment however,6.624475273886432e-17
other hand are,6.602791230436722e-17
hand are,6.602791230436722e-17
becoming more,6.591949208711867e-17
not nonrenewable,6.591949208711867e-17
it is hot,6.591949208711867e-17
becoming more comfortable,6.591949208711867e-17
is not nonrenewable,6.591949208711867e-17
navigation,6.548581121812447e-17
they live,6.546177665824613e-17
they live in,6.546177665824613e-17
while humans,6.546177665824613e-17
scenario,6.506568287628633e-17
thrive the increase,6.469976464307248e-17
question provides sufficient,6.448970047215341e-17
provides sufficient context,6.448970047215341e-17
sufficient context,6.448970047215341e-17
between,6.437450399132683e-17
options therefore the,6.418476861114186e-17
options therefore,6.418476861114186e-17
are not found,6.385950795939621e-17
not found,6.385950795939621e-17
not found in,6.385950795939621e-17
clear explanation,6.375108774214766e-17
clear explanation for,6.375108774214766e-17
provide clear explanation,6.375108774214766e-17
earth moon orbits,6.364266752489911e-17
matter to,6.331740687315346e-17
not the state,6.331740687315346e-17
of matter to,6.331740687315346e-17
to move,6.320898665590491e-17
indeed,6.315477654728063e-17
weathering process over,6.304635633003208e-17
of stone the,6.304635633003208e-17
choices and do,6.304635633003208e-17
stone the,6.304635633003208e-17
stone the choices,6.304635633003208e-17
will experience,6.304635633003208e-17
will experience more,6.304635633003208e-17
stone while it,6.304635633003208e-17
week it,6.304635633003208e-17
stone will,6.304635633003208e-17
stone will experience,6.304635633003208e-17
the choices and,6.304635633003208e-17
accurately determine the,6.304635633003208e-17
long time additionally,6.304635633003208e-17
context to accurately,6.304635633003208e-17
accurately determine,6.304635633003208e-17
not the natural,6.304635633003208e-17
to accurately determine,6.304635633003208e-17
over week it,6.304635633003208e-17
weathering can,6.304635633003208e-17
determine the weathering,6.304635633003208e-17
week it is,6.304635633003208e-17
that takes very,6.304635633003208e-17
that takes,6.304635633003208e-17
weathering can occur,6.304635633003208e-17
occur over week,6.304635633003208e-17
true that weathering,6.304635633003208e-17
process over,6.304635633003208e-17
process that takes,6.304635633003208e-17
the stone will,6.304635633003208e-17
time additionally the,6.304635633003208e-17
that weathering can,6.304635633003208e-17
to accurately,6.304635633003208e-17
time additionally,6.304635633003208e-17
choice is that,6.282951589553498e-17
so we,6.266688556966216e-17
what allows it,6.256524161599164e-17
to fly and,6.256524161599164e-17
and swoop,6.256524161599164e-17
what allows,6.256524161599164e-17
the pelican ability,6.256524161599164e-17
pelican ability to,6.256524161599164e-17
pelican ability,6.256524161599164e-17
fly and,6.256524161599164e-17
swoop,6.256524161599164e-17
is what allows,6.256524161599164e-17
fly and swoop,6.256524161599164e-17
it to catch,6.256524161599164e-17
frying in,6.244676288249444e-17
change its texture,6.244676288249444e-17
texture and structure,6.244676288249444e-17
its texture and,6.244676288249444e-17
its texture,6.244676288249444e-17
frying,6.244676288249444e-17
or frying in,6.244676288249444e-17
or frying,6.244676288249444e-17
heat in the,6.244676288249444e-17
frying in this,6.244676288249444e-17
initiated,6.244676288249444e-17
stove can cause,6.244676288249444e-17
heat in,6.244676288249444e-17
the application of,6.244676288249444e-17
the application,6.244676288249444e-17
application of heat,6.244676288249444e-17
is often initiated,6.244676288249444e-17
cooking and,6.244676288249444e-17
cooking and is,6.244676288249444e-17
often initiated,6.244676288249444e-17
texture and,6.244676288249444e-17
pasta to change,6.244676288249444e-17
often initiated by,6.244676288249444e-17
initiated by,6.244676288249444e-17
boiling or frying,6.244676288249444e-17
by the application,6.244676288249444e-17
of boiling or,6.244676288249444e-17
of boiling,6.244676288249444e-17
in cooking,6.244676288249444e-17
of heat in,6.244676288249444e-17
boiling or,6.244676288249444e-17
boiling,6.244676288249444e-17
occurrence in cooking,6.244676288249444e-17
in cooking and,6.244676288249444e-17
form of boiling,6.244676288249444e-17
initiated by the,6.244676288249444e-17
is the question,6.23416249179165e-17
common way for,6.223320470066795e-17
the world but,6.223320470066795e-17
is common way,6.223320470066795e-17
world but,6.223320470066795e-17
therefore the stone,6.223320470066795e-17
world but it,6.223320470066795e-17
way for mice,6.223320470066795e-17
way for,6.223320470066795e-17
choice is common,6.223320470066795e-17
for mice,6.223320470066795e-17
for mice to,6.223320470066795e-17
such as when,6.179952383167375e-17
into smaller,6.136584296267955e-17
rainbow is,6.098298407052061e-17
will have the,6.074920297707842e-17
fit the question,6.055481222440601e-17
to regulate,6.055269133331542e-17
the dermis,6.055269133331542e-17
need,6.03900610074426e-17
is similar to,6.028164079019405e-17
is similar,6.028164079019405e-17
grow in,6.01732205729455e-17
being used,6.005802409211891e-17
through weathering,5.99563801384484e-17
becomes smoother through,5.99563801384484e-17
becomes smoother,5.99563801384484e-17
smoother through weathering,5.99563801384484e-17
smoother through,5.99563801384484e-17
choice is the,5.984795992119984e-17
storms,5.97395397039513e-17
celled organisms,5.97395397039513e-17
single celled organisms,5.97395397039513e-17
when there,5.968532959532702e-17
when there is,5.968532959532702e-17
water from the,5.941427905220564e-17
that could,5.933296388926923e-17
requirements for,5.932703465863845e-17
requirements for palm,5.932703465863845e-17
accurately reflect the,5.932703465863845e-17
and terrain requirements,5.932703465863845e-17
grow therefore it,5.932703465863845e-17
arizona,5.932703465863845e-17
accurately reflect,5.932703465863845e-17
reflect the climate,5.932703465863845e-17
requirements,5.932703465863845e-17
terrain requirements,5.932703465863845e-17
terrain requirements for,5.932703465863845e-17
is the rationale,5.925164872633282e-17
of december,5.91703335633964e-17
better,5.898059818321144e-17
placed in,5.889928302027503e-17
constantly,5.876375774871434e-17
the atmosphere,5.833007687972014e-17
therefore the selected,5.746271514173174e-17
ability to fly,5.740850503310746e-17
expelling water from,5.670377362099188e-17
expelling water,5.670377362099188e-17
expelling,5.670377362099188e-17
panting is the,5.670377362099188e-17
needing nutrients because,5.659535340374333e-17
obtain nutrients,5.659535340374333e-17
thus are,5.659535340374333e-17
thus are not,5.659535340374333e-17
needing nutrients amoebas,5.659535340374333e-17
kittens and,5.659535340374333e-17
fly,5.659535340374333e-17
and babies do,5.659535340374333e-17
and babies,5.659535340374333e-17
can not consume,5.659535340374333e-17
by the increase,5.659535340374333e-17
cars kittens,5.659535340374333e-17
cars kittens and,5.659535340374333e-17
receive nutrients and,5.659535340374333e-17
ability to receive,5.659535340374333e-17
kittens and babies,5.659535340374333e-17
in survival of,5.659535340374333e-17
babies do not,5.659535340374333e-17
organisms and can,5.659535340374333e-17
to receive nutrients,5.659535340374333e-17
to receive,5.659535340374333e-17
not directly affected,5.659535340374333e-17
directly affected,5.659535340374333e-17
directly affected by,5.659535340374333e-17
survival the other,5.659535340374333e-17
not consume or,5.659535340374333e-17
not consume,5.659535340374333e-17
babies,5.659535340374333e-17
babies do,5.659535340374333e-17
nutrients because they,5.659535340374333e-17
consume or obtain,5.659535340374333e-17
consume or,5.659535340374333e-17
to fly,5.659535340374333e-17
nutrients and thus,5.659535340374333e-17
or obtain,5.659535340374333e-17
or obtain nutrients,5.659535340374333e-17
and thus are,5.659535340374333e-17
nutrients because,5.659535340374333e-17
nutrients cars,5.659535340374333e-17
nutrients cars kittens,5.659535340374333e-17
to carry,5.648693318649478e-17
form,5.62158826433734e-17
daffodil,5.572799166575493e-17
cars,5.5402731014009277e-17
are non renewable,5.5040200912584436e-17
however it is,5.4982602672171144e-17
greater,5.49148400363908e-17
is 30,5.4860629927766524e-17
is 30 feet,5.4860629927766524e-17
amoebas are not,5.431852884152377e-17
play crucial role,5.431852884152377e-17
blood cells play,5.431852884152377e-17
cells play,5.431852884152377e-17
cells play crucial,5.431852884152377e-17
play crucial,5.431852884152377e-17
the blood supply,5.4047478298402396e-17
blood supply,5.4047478298402396e-17
to consume,5.3878389346306756e-17
undergo weathering,5.381062671052641e-17
century or decade,5.377642775528102e-17
century or,5.377642775528102e-17
it has,5.377642775528102e-17
or decade,5.377642775528102e-17
experienced,5.377642775528102e-17
its weathering history,5.377642775528102e-17
structure this is,5.353009998630763e-17
and structure this,5.353009998630763e-17
positive,5.3505377212159644e-17
cooler,5.3417285785645197e-17
can grow,5.3396956994911093e-17
is used,5.319366908757006e-17
speculative as,5.3044591288853304e-17
that ice can,5.3044591288853304e-17
that ice,5.3044591288853304e-17
speculative as well,5.3044591288853304e-17
is speculative as,5.3044591288853304e-17
ice to,5.3044591288853304e-17
states that ice,5.3044591288853304e-17
to grow palm,5.283876228267051e-17
it would be,5.283876228267051e-17
palm tree in,5.283876228267051e-17
tree in,5.283876228267051e-17
reason why it,5.283876228267051e-17
grow palm,5.283876228267051e-17
grow palm tree,5.283876228267051e-17
would be harder,5.283876228267051e-17
be harder,5.283876228267051e-17
be harder to,5.283876228267051e-17
why choice answers,5.283876228267051e-17
harder to,5.283876228267051e-17
harder to grow,5.283876228267051e-17
why it,5.283876228267051e-17
why it would,5.283876228267051e-17
choices accurately reflect,5.283876228267051e-17
environments the,5.2583805365546965e-17
reproduction,5.2258544713801314e-17
as result the,5.182486384480711e-17
result the,5.182486384480711e-17
the description of,5.139118297581291e-17
the description,5.139118297581291e-17
fit the description,5.139118297581291e-17
correct answer however,5.0903291998194433e-17
answer however,5.0903291998194433e-17
local,5.074066167232161e-17
is because amoebas,5.074066167232161e-17
the local,5.074066167232161e-17
relevant to,5.074066167232161e-17
not relevant to,5.074066167232161e-17
not relevant,5.074066167232161e-17
relevant,5.074066167232161e-17
faster and,5.0306980803327406e-17
world the,5.0306980803327406e-17
the world the,5.0306980803327406e-17
the winter months,5.0306980803327406e-17
winter months,5.0306980803327406e-17
palm trees,5.0212113113234924e-17
typically,5.0090140368830305e-17
nonrenewable resources,4.9873299934333204e-17
respiratory,4.960224939121183e-17
to ensure the,4.9229554894419936e-17
ensure the,4.9229554894419936e-17
to ensure,4.9229554894419936e-17
ensure,4.9229554894419936e-17
of the fertilization,4.889751797909625e-17
in the womb,4.889751797909625e-17
fertilization,4.889751797909625e-17
fertilization process,4.889751797909625e-17
the mouse egg,4.889751797909625e-17
develops,4.889751797909625e-17
and the mouse,4.889751797909625e-17
womb and the,4.889751797909625e-17
womb and,4.889751797909625e-17
the fertilization process,4.889751797909625e-17
the fertilization,4.889751797909625e-17
the womb and,4.889751797909625e-17
mother egg,4.889751797909625e-17
the mother egg,4.889751797909625e-17
what is being,4.87890977618477e-17
answer the other,4.846383711010205e-17
the necessary information,4.786752591523502e-17
possible for,4.786752591523502e-17
growth therefore it,4.786752591523502e-17
necessary information,4.786752591523502e-17
compared to,4.7488055154865094e-17
compared,4.7488055154865094e-17
dandelion,4.683753385137379e-17
line in,4.683753385137379e-17
dandelion growing,4.683753385137379e-17
growing thru line,4.683753385137379e-17
in asphalt,4.683753385137379e-17
thru line in,4.683753385137379e-17
thru line,4.683753385137379e-17
asphalt,4.683753385137379e-17
thru,4.683753385137379e-17
dandelion growing thru,4.683753385137379e-17
growing thru,4.683753385137379e-17
line in asphalt,4.683753385137379e-17
is cold,4.6783323742749516e-17
involuntary,4.6783323742749516e-17
body is cold,4.6783323742749516e-17
humans dogs and,4.6783323742749516e-17
humans dogs,4.6783323742749516e-17
stem does,4.672911363412524e-17
the plant option,4.672911363412524e-17
respiratory system,4.672911363412524e-17
triplet is that,4.672911363412524e-17
acting as,4.672911363412524e-17
the plant respiratory,4.672911363412524e-17
supplying,4.672911363412524e-17
acting as the,4.672911363412524e-17
plant stem does,4.672911363412524e-17
system does,4.672911363412524e-17
the lungs for,4.672911363412524e-17
acting,4.672911363412524e-17
system does not,4.672911363412524e-17
plant respiratory system,4.672911363412524e-17
lungs for,4.672911363412524e-17
plant respiratory,4.672911363412524e-17
lungs for the,4.672911363412524e-17
plant option while,4.672911363412524e-17
plant option,4.672911363412524e-17
respiratory system does,4.672911363412524e-17
as there is,4.670878484339114e-17
the leaves,4.651227319962814e-17
the digestion of,4.640385298237959e-17
the rationale would,4.6214117602194626e-17
other options such,4.5536491244391186e-17
options such as,4.5536491244391186e-17
options such,4.5536491244391186e-17
which is the,4.5211230592645535e-17
therefore the question,4.5102810375396984e-17
can,4.5102810375396984e-17
not smooth,4.502149521246057e-17
is simply,4.502149521246057e-17
rainbow,4.434386885465713e-17
depend on the,4.401860820291148e-17
would depend on,4.401860820291148e-17
depend on,4.401860820291148e-17
depend,4.401860820291148e-17
would depend,4.401860820291148e-17
when the earth,4.3855977877038654e-17
because panting is,4.3855977877038654e-17
because panting,4.3855977877038654e-17
is because panting,4.3855977877038654e-17
transported,4.336808689942018e-17
question therefore the,4.336808689942018e-17
into new,4.3151246464923076e-17
provides sufficient,4.313430580597799e-17
it takes,4.2149630004794866e-17
pores,4.2039939238125434e-17
allows the,4.2012834183813297e-17
rationale is that,4.195862407518902e-17
abundant,4.1904413966564746e-17
adaptation,4.163336342344337e-17
is being,4.163336342344337e-17
context and,4.145040430683644e-17
the context and,4.145040430683644e-17
general,4.145040430683644e-17
context and the,4.145040430683644e-17
on the context,4.145040430683644e-17
weathering during its,4.141652298894627e-17
its lifetime therefore,4.141652298894627e-17
not experienced significant,4.141652298894627e-17
weathering during,4.141652298894627e-17
significant weathering,4.141652298894627e-17
significant weathering during,4.141652298894627e-17
experienced significant weathering,4.141652298894627e-17
the stone age,4.141652298894627e-17
that stone,4.141652298894627e-17
slow geological,4.141652298894627e-17
slow geological process,4.141652298894627e-17
not experienced,4.141652298894627e-17
its lifetime,4.141652298894627e-17
it has not,4.141652298894627e-17
experienced significant,4.141652298894627e-17
as it has,4.141652298894627e-17
weathering history as,4.141652298894627e-17
lifetime therefore,4.141652298894627e-17
during its,4.141652298894627e-17
has not experienced,4.141652298894627e-17
lifetime therefore the,4.141652298894627e-17
lifetime,4.141652298894627e-17
has not,4.141652298894627e-17
geological process,4.141652298894627e-17
history as,4.141652298894627e-17
during its lifetime,4.141652298894627e-17
provided in the,4.130810277169772e-17
provided in,4.130810277169772e-17
availability,4.1009947174264205e-17
availability of,4.1009947174264205e-17
the availability,4.1009947174264205e-17
the availability of,4.1009947174264205e-17
in circular,4.100317091068617e-17
in circular motion,4.100317091068617e-17
and option,4.087442190270352e-17
liquid water,4.086086937554745e-17
are not solid,4.086086937554745e-17
not solid,4.086086937554745e-17
at all,4.073889663114283e-17
the gas,4.0549161250957866e-17
in the blood,4.0440741033709315e-17
arizona but none,4.018578411658577e-17
palm trees can,4.018578411658577e-17
climate is typically,4.018578411658577e-17
trees can,4.018578411658577e-17
idaho,4.018578411658577e-17
the climate is,4.018578411658577e-17
climate is,4.018578411658577e-17
harder for palm,4.018578411658577e-17
arizona but,4.018578411658577e-17
the only,3.9898639947466563e-17
potential cause,3.984442983884229e-17
as to why,3.962758940434519e-17
as to,3.962758940434519e-17
to why,3.962758940434519e-17
growing in,3.867891250342037e-17
is placed in,3.859759734048396e-17
is placed,3.859759734048396e-17
asking,3.854338723185968e-17
of nutrients,3.848917712323541e-17
often in,3.802839119992907e-17
for why choice,3.789286592836838e-17
is notrenewable,3.7730235602495554e-17
nonrenewable resource in,3.7730235602495554e-17
what is notrenewable,3.7730235602495554e-17
sustainably it is,3.7730235602495554e-17
sustainably it,3.7730235602495554e-17
sustainably,3.7730235602495554e-17
notrenewable,3.7730235602495554e-17
that sunlight,3.7730235602495554e-17
resource in this,3.7730235602495554e-17
not nonrenewable resource,3.7730235602495554e-17
process where the,3.767602549387128e-17
process where,3.767602549387128e-17
the balance,3.7594710330934866e-17
the specific,3.7513395167998453e-17
water therefore,3.7513395167998453e-17
risk,3.74049749507499e-17
risk of,3.74049749507499e-17
humans like all,3.71881345162528e-17
as the other,3.71881345162528e-17
mammals swim in,3.71881345162528e-17
all mammals,3.71881345162528e-17
like all,3.71881345162528e-17
like all mammals,3.71881345162528e-17
all mammals swim,3.71881345162528e-17
mammals swim,3.71881345162528e-17
celestial,3.71678057255187e-17
susceptible,3.67544536472586e-17
susceptible to,3.67544536472586e-17
more susceptible,3.67544536472586e-17
more susceptible to,3.67544536472586e-17
mice are,3.6700243538634325e-17
efficiently,3.65376132127615e-17
still afternoon,3.594130201789447e-17
afternoon,3.594130201789447e-17
rainy day,3.594130201789447e-17
rainy,3.594130201789447e-17
shade,3.5697356529085233e-17
the bird,3.5697356529085233e-17
find nest making,3.5697356529085233e-17
find nest,3.5697356529085233e-17
because birds,3.5697356529085233e-17
tree are,3.5697356529085233e-17
and tree are,3.5697356529085233e-17
back to the,3.5697356529085233e-17
back to,3.5697356529085233e-17
is because birds,3.5697356529085233e-17
caves,3.5697356529085233e-17
pond is,3.5697356529085233e-17
water that,3.5697356529085233e-17
and tree,3.5697356529085233e-17
is that none,3.550762114890027e-17
root,3.539920093165172e-17
of acting as,3.539920093165172e-17
function of acting,3.539920093165172e-17
plant cells,3.539920093165172e-17
of acting,3.539920093165172e-17
stem does not,3.539920093165172e-17
the plant does,3.539920093165172e-17
the plant cells,3.539920093165172e-17
root system,3.539920093165172e-17
able to,3.5344990823027445e-17
able,3.5344990823027445e-17
dog traveling,3.5344990823027445e-17
traveling through,3.5344990823027445e-17
dog traveling through,3.5344990823027445e-17
because the bicycle,3.5236570605778894e-17
incorrectly,3.514509104747543e-17
turning,3.5128150388530344e-17
something,3.5019730171281793e-17
because in the,3.496552006265752e-17
southern hemisphere where,3.496552006265752e-17
northern hemisphere where,3.496552006265752e-17
be the,3.491130995403324e-17
replenished and,3.469446951953614e-17
coal oil and,3.469446951953614e-17
the body temperature,3.469446951953614e-17
are not valid,3.469446951953614e-17
when used,3.469446951953614e-17
which includes,3.469446951953614e-17
coal oil,3.469446951953614e-17
not valid options,3.469446951953614e-17
not deplete when,3.469446951953614e-17
similarly while,3.469446951953614e-17
constantly replenished,3.469446951953614e-17
notrenewable which includes,3.469446951953614e-17
not deplete,3.469446951953614e-17
context similarly,3.469446951953614e-17
is notrenewable which,3.469446951953614e-17
includes,3.469446951953614e-17
natural gas therefore,3.469446951953614e-17
this context similarly,3.469446951953614e-17
notrenewable which,3.469446951953614e-17
deplete when used,3.469446951953614e-17
deplete when,3.469446951953614e-17
deplete,3.469446951953614e-17
context similarly while,3.469446951953614e-17
for the fire,3.4479746667407177e-17
nonrenewable resources are,3.447762908503904e-17
resources are,3.447762908503904e-17
rationale triplet is,3.426078865054194e-17
the survival,3.404394821604484e-17
week,3.393552799879629e-17
is not typical,3.382710778154774e-17
and the specific,3.370513503714312e-17
of small,3.361026734705064e-17
however the correct,3.3176586478056436e-17
the front,3.313592889658823e-17
front,3.313592889658823e-17
of its face,3.313592889658823e-17
front of,3.313592889658823e-17
the front of,3.313592889658823e-17
face,3.313592889658823e-17
its face,3.313592889658823e-17
front of its,3.313592889658823e-17
involuntary movement,3.3068166260807885e-17
involuntary movement that,3.3068166260807885e-17
gas and,3.2959746043559335e-17
not valid answer,3.268869550043796e-17
is not valid,3.268869550043796e-17
valid answer,3.268869550043796e-17
primary source of,3.241764495731658e-17
primary source,3.241764495731658e-17
the primary source,3.241764495731658e-17
system,3.230922474006803e-17
feet is,3.209238430557093e-17
wind and,3.198396408832238e-17
it less,3.187554387107383e-17
actions,3.165870343657673e-17
energy this is,3.12792326762068e-17
energy this,3.12792326762068e-17
viable,3.122502256758253e-17
viable option,3.122502256758253e-17
is also common,3.111660235033398e-17
lack of,3.108949729602184e-17
in the southwestern,3.083199928005653e-17
southwestern united states,3.083199928005653e-17
forming,3.083199928005653e-17
southwestern,3.083199928005653e-17
southwestern united,3.083199928005653e-17
united states,3.083199928005653e-17
the southwestern united,3.083199928005653e-17
the southwestern,3.083199928005653e-17
united,3.083199928005653e-17
nonetheless,3.0791341698588326e-17
time through various,3.003240017784847e-17
time through,3.003240017784847e-17
through various environmental,3.003240017784847e-17
environmental processes,3.003240017784847e-17
which the surface,3.003240017784847e-17
various environmental processes,3.003240017784847e-17
away over,3.003240017784847e-17
away over time,3.003240017784847e-17
worn away over,3.003240017784847e-17
various environmental,3.003240017784847e-17
by which the,3.003240017784847e-17
is worn away,3.003240017784847e-17
is worn,3.003240017784847e-17
over time through,3.003240017784847e-17
placed,2.9761349634727097e-17
texas idaho,2.9663517329319225e-17
idaho and,2.9663517329319225e-17
and arizona,2.9663517329319225e-17
in arizona,2.9663517329319225e-17
can grow in,2.9663517329319225e-17
to grow in,2.9663517329319225e-17
trees can grow,2.9663517329319225e-17
texas idaho and,2.9663517329319225e-17
in texas idaho,2.9663517329319225e-17
idaho and arizona,2.9663517329319225e-17
but the climate,2.9663517329319225e-17
growth therefore,2.962582436316641e-17
is significant,2.927345865710862e-17
feet is the,2.883977778811442e-17
weathering processes as,2.873135757086587e-17
processes as,2.873135757086587e-17
applicable,2.873135757086587e-17
applicable to,2.873135757086587e-17
weathering processes,2.873135757086587e-17
is not relevant,2.8406096919120216e-17
but rather an,2.835188681049594e-17
rather an,2.835188681049594e-17
humans can,2.835188681049594e-17
the proper functioning,2.8189256484623115e-17
to swim in,2.8189256484623115e-17
is steam the,2.8189256484623115e-17
to swim,2.8189256484623115e-17
is steam,2.8189256484623115e-17
of their vital,2.8189256484623115e-17
that humans like,2.8189256484623115e-17
is that humans,2.8189256484623115e-17
proper functioning,2.8189256484623115e-17
liquid form therefore,2.8189256484623115e-17
not allow for,2.8189256484623115e-17
not allow,2.8189256484623115e-17
allow for,2.8189256484623115e-17
their vital organs,2.8189256484623115e-17
answer is steam,2.8189256484623115e-17
their vital,2.8189256484623115e-17
body to swim,2.8189256484623115e-17
proper functioning of,2.8189256484623115e-17
allow for the,2.8189256484623115e-17
ensure the proper,2.8189256484623115e-17
vital organs,2.8189256484623115e-17
for the body,2.8189256484623115e-17
functioning of,2.8189256484623115e-17
functioning of their,2.8189256484623115e-17
water to ensure,2.8189256484623115e-17
functioning,2.8189256484623115e-17
as steam,2.8189256484623115e-17
steam the,2.8189256484623115e-17
not because,2.814521077136589e-17
most accurate answer,2.7972416050126014e-17
the most accurate,2.7972416050126014e-17
most accurate,2.7972416050126014e-17
accurate answer,2.7972416050126014e-17
ability,2.7755575615628914e-17
the survival of,2.7755575615628914e-17
is solid,2.7592945289756088e-17
water vapor in,2.7538735181131813e-17
vapor in,2.7538735181131813e-17
vapor in the,2.7538735181131813e-17
smooth,2.7484525072507537e-17
form therefore,2.7321894746634712e-17
form therefore the,2.7321894746634712e-17
brakes,2.6932259590897734e-17
than its,2.688821387764051e-17
is most,2.688821387764051e-17
it from,2.688821387764051e-17
is most likely,2.688821387764051e-17
greater than,2.688821387764051e-17
asks about what,2.6834003769016235e-17
in the pasta,2.6765049993153814e-17
choice answers,2.665782091598734e-17
choice answers the,2.665782091598734e-17
and its,2.6291902682773483e-17
warmed,2.6237692574149207e-17
squirrels primarily feed,2.6183482465524932e-17
acorns or,2.6183482465524932e-17
primarily feed,2.6183482465524932e-17
based foods therefore,2.6183482465524932e-17
foods therefore,2.6183482465524932e-17
primarily feed on,2.6183482465524932e-17
disperse,2.6183482465524932e-17
squirrels primarily,2.6183482465524932e-17
not eat nuts,2.6183482465524932e-17
variety of,2.6183482465524932e-17
variety,2.6183482465524932e-17
variety of plant,2.6183482465524932e-17
the respiration process,2.6020852139652106e-17
lack organelles such,2.6020852139652106e-17
organelles such as,2.6020852139652106e-17
organelles such,2.6020852139652106e-17
the respiration,2.6020852139652106e-17
blood cells,2.5804011705155006e-17
white,2.5804011705155006e-17
white blood,2.5804011705155006e-17
white blood cells,2.5804011705155006e-17
growth of,2.4665599424045226e-17
object and,2.4252247345785127e-17
for energy,2.3852447794681098e-17
grass,2.3479753297889205e-17
carbon dioxide through,2.336455681706262e-17
dioxide through,2.336455681706262e-17
dioxide through the,2.336455681706262e-17
for plants in,2.2985086056692694e-17
for plant growth,2.2551405187698492e-17
year which,2.236166980751353e-17
year which is,2.236166980751353e-17
is the natural,2.236166980751353e-17
earth not,2.1927988938519327e-17
sun therefore,2.1927988938519327e-17
the sun and,2.1927988938519327e-17
and the moon,2.1927988938519327e-17
29,2.1927988938519327e-17
mars,2.1927988938519327e-17
sun and,2.1927988938519327e-17
sun and the,2.1927988938519327e-17
for the earth,2.1927988938519327e-17
the earth not,2.1927988938519327e-17
it takes for,2.1927988938519327e-17
29 days,2.1927988938519327e-17
vital organs and,2.190088388420719e-17
of water therefore,2.190088388420719e-17
impact,2.190088388420719e-17
not gas,2.190088388420719e-17
not gas and,2.190088388420719e-17
humans would swim,2.190088388420719e-17
humans would,2.190088388420719e-17
steam the answer,2.190088388420719e-17
for why humans,2.190088388420719e-17
and processes the,2.190088388420719e-17
question as steam,2.190088388420719e-17
and processes,2.190088388420719e-17
would swim,2.190088388420719e-17
processes the,2.190088388420719e-17
processes the other,2.190088388420719e-17
gas and does,2.190088388420719e-17
why humans would,2.190088388420719e-17
why humans,2.190088388420719e-17
is not gas,2.190088388420719e-17
organs and processes,2.190088388420719e-17
as steam is,2.190088388420719e-17
organs and,2.190088388420719e-17
does not allow,2.190088388420719e-17
would swim in,2.190088388420719e-17
steam is not,2.190088388420719e-17
question as the,2.190088388420719e-17
increasing the,2.168404344971009e-17
if they are,2.15485181781494e-17
not part of,2.144179202679536e-17
not part,2.144179202679536e-17
larger than the,2.1141942363467336e-17
material is,2.1141942363467336e-17
other solid,2.1033522146218786e-17
rock or other,2.1033522146218786e-17
or other solid,2.1033522146218786e-17
solid material,2.1033522146218786e-17
rock or,2.1033522146218786e-17
other solid material,2.1033522146218786e-17
of the sun,2.1019969619062717e-17
from pores it,2.1019969619062717e-17
spreads from pores,2.1019969619062717e-17
from pores,2.1019969619062717e-17
when fluid,2.1019969619062717e-17
spreads from,2.1019969619062717e-17
spreads,2.1019969619062717e-17
pores it,2.1019969619062717e-17
located,2.0599841277224584e-17
is located,2.0599841277224584e-17
abrasive is,2.0111950299606107e-17
south,2.0092892058292885e-17
typically arid to,2.0092892058292885e-17
typically dry to,2.0092892058292885e-17
typically arid,2.0092892058292885e-17
climates,2.0092892058292885e-17
carolina,2.0092892058292885e-17
south carolina,2.0092892058292885e-17
far,2.0057740190981832e-17
faster,1.9949319973733282e-17
droplets that,1.9949319973733282e-17
this is common,1.9827347229328662e-17
can affect,1.9813794702172594e-17
study,1.9630835585565665e-17
the immune,1.919037845299343e-17
and reproduction,1.919037845299343e-17
the immune system,1.919037845299343e-17
relevant to the,1.9081958235744878e-17
atmosphere,1.9081958235744878e-17
sky are,1.8919327909872052e-17
resource as it,1.8865117801247777e-17
sunlight can,1.8865117801247777e-17
which includes all,1.8865117801247777e-17
are rubbed,1.883631868104113e-17
because smoothing,1.883631868104113e-17
when two,1.883631868104113e-17
pebbles are rubbed,1.883631868104113e-17
is because smoothing,1.883631868104113e-17
it is more,1.8756697583999227e-17
rationale should,1.85940672581264e-17
the rationale should,1.85940672581264e-17
proper,1.8323016715005025e-17
the proper,1.8323016715005025e-17
visible,1.8214596497756474e-17
not undergo weathering,1.7936941744624475e-17
substance or,1.7936941744624475e-17
do not undergo,1.7936941744624475e-17
not undergo,1.7936941744624475e-17
who,1.7780915628762273e-17
note this,1.776058683802817e-17
system of tubes,1.7618285302889447e-17
system of,1.7618285302889447e-17
if the question,1.7564075194265172e-17
used to create,1.7564075194265172e-17
can thrive,1.713039432527097e-17
blustery,1.691355389077387e-17
body of,1.691355389077387e-17
similarly,1.6479873021779667e-17
consists,1.6425662913155392e-17
consists of,1.6425662913155392e-17
are not relevant,1.6154612370034016e-17
however since,1.6154612370034016e-17
since,1.6154612370034016e-17
however since the,1.6154612370034016e-17
since the,1.6154612370034016e-17
formation,1.6046192152785466e-17
is gas and,1.5829351718288365e-17
about the environment,1.565316886525947e-17
other factors,1.5612511283791264e-17
transferred to the,1.555830117516699e-17
that the body,1.553119612085485e-17
supply,1.5504091066542713e-17
source for,1.5371953926771043e-17
question only,1.5368565794982025e-17
the question only,1.5368565794982025e-17
true,1.5178830414797062e-17
all therefore,1.475870207295893e-17
at all therefore,1.475870207295893e-17
does not provide,1.474514954580286e-17
because rain is,1.4690939437178585e-17
because rain,1.4690939437178585e-17
rain is,1.4690939437178585e-17
line,1.452830911130576e-17
and structure,1.441988889405721e-17
get nutrients,1.4338573731120796e-17
helps,1.431146867680866e-17
that squirrels,1.3877787807814457e-17
need to,1.3688052427629493e-17
rocks and soil,1.3444106938820255e-17
down rocks and,1.3444106938820255e-17
soil as,1.3444106938820255e-17
and soil as,1.3444106938820255e-17
and soil,1.3444106938820255e-17
soil as result,1.3444106938820255e-17
rocks and,1.3444106938820255e-17
have the best,1.3227266504323154e-17
the best sight,1.3227266504323154e-17
best sight,1.3227266504323154e-17
best sight while,1.3227266504323154e-17
to specialize,1.2793585635328952e-17
incorrect the question,1.2278589603398338e-17
why the epidermis,1.214306433183765e-17
tissues and organs,1.2007539060276962e-17
tissues and,1.2007539060276962e-17
and organs,1.2007539060276962e-17
the month,1.1709383462843448e-17
the plant through,1.168227840853131e-17
plant through the,1.168227840853131e-17
plant through,1.168227840853131e-17
so the,1.1492543028346347e-17
incorrect because the,1.1058862159352145e-17
to soda,1.0977546996415732e-17
is because adding,1.0977546996415732e-17
to the body,1.0733601507606494e-17
is being referred,1.0625181290357943e-17
as germs and,1.0625181290357943e-17
to therefore,1.0625181290357943e-17
and toxins,1.0625181290357943e-17
and toxins therefore,1.0625181290357943e-17
skin and it,1.0625181290357943e-17
the answer to,1.0625181290357943e-17
the epidermis but,1.0625181290357943e-17
epidermis but it,1.0625181290357943e-17
epidermis but,1.0625181290357943e-17
environmental factors such,1.0625181290357943e-17
as germs,1.0625181290357943e-17
specify what,1.0625181290357943e-17
specify what is,1.0625181290357943e-17
for the epidermis,1.0625181290357943e-17
such as germs,1.0625181290357943e-17
germs and,1.0625181290357943e-17
being referred,1.0625181290357943e-17
being referred to,1.0625181290357943e-17
germs and toxins,1.0625181290357943e-17
not specify what,1.0625181290357943e-17
referred to therefore,1.0625181290357943e-17
the skin and,1.0625181290357943e-17
the deep,1.0570971181733668e-17
the deep and,1.0570971181733668e-17
for their,1.0408340855860843e-17
seed,1.0272815584300155e-17
plant that,1.0245710529988017e-17
respiration,1.0191500421363742e-17
warm air is,1.0191500421363742e-17
grow in texas,1.0046446029146443e-17
grow in idaho,1.0046446029146443e-17
carolina are,1.0046446029146443e-17
in idaho,1.0046446029146443e-17
desert,1.0046446029146443e-17
south carolina are,1.0046446029146443e-17
they rise creating,9.974659986866641e-18
larger droplets,9.974659986866641e-18
absence,9.974659986866641e-18
absence of,9.974659986866641e-18
absence of moisture,9.974659986866641e-18
larger droplets as,9.974659986866641e-18
they rise,9.974659986866641e-18
are larger,9.974659986866641e-18
because warm air,9.974659986866641e-18
because warm,9.974659986866641e-18
as they rise,9.974659986866641e-18
and condense,9.974659986866641e-18
and condense into,9.974659986866641e-18
water droplets that,9.974659986866641e-18
are larger than,9.974659986866641e-18
condense,9.974659986866641e-18
that are larger,9.974659986866641e-18
into larger droplets,9.974659986866641e-18
down and condense,9.974659986866641e-18
in the absence,9.974659986866641e-18
gas in the,9.974659986866641e-18
gas in,9.974659986866641e-18
that cool,9.974659986866641e-18
that cool down,9.974659986866641e-18
condense into larger,9.974659986866641e-18
condense into,9.974659986866641e-18
is because warm,9.974659986866641e-18
creating droplets that,9.974659986866641e-18
creating droplets,9.974659986866641e-18
droplets as,9.974659986866641e-18
composed of tiny,9.974659986866641e-18
droplets as they,9.974659986866641e-18
into larger,9.974659986866641e-18
the absence,9.974659986866641e-18
the absence of,9.974659986866641e-18
cool down and,9.974659986866641e-18
droplets that cool,9.974659986866641e-18
is gas in,9.974659986866641e-18
of tiny,9.974659986866641e-18
rise creating droplets,9.974659986866641e-18
of tiny water,9.974659986866641e-18
rise,9.974659986866641e-18
rise creating,9.974659986866641e-18
droplets that are,9.974659986866641e-18
the womb,9.540979117872439e-18
designed to,9.432558900623889e-18
designed,9.432558900623889e-18
of water is,9.2970336290632e-18
not as,9.107298248878237e-18
which is why,9.107298248878237e-18
the sound waves,9.107298248878237e-18
the sound,9.107298248878237e-18
sound waves,9.107298248878237e-18
waves,9.107298248878237e-18
lemon,9.039535613097893e-18
air is composed,8.890457814381136e-18
rainfall,8.836247705756861e-18
which is gas,8.782037597132586e-18
gas and oxygen,8.782037597132586e-18
choices provide clear,8.714274961352242e-18
the earth which,8.565197162635485e-18
night sky are,8.565197162635485e-18
earth which,8.565197162635485e-18
from external environmental,8.023096076392733e-18
environmental factors,8.023096076392733e-18
from external,8.023096076392733e-18
external environmental,8.023096076392733e-18
body from external,8.023096076392733e-18
external environmental factors,8.023096076392733e-18
environment therefore,7.535205098774256e-18
palm,7.508100044462118e-18
which can make,7.37257477290143e-18
lower temperature,7.047314121155779e-18
it is constantly,6.7220534694101275e-18
is constantly,6.7220534694101275e-18
interaction between,6.5052130349130266e-18
interaction,6.5052130349130266e-18
canyon by rushing,6.427286003765631e-18
canyon by,6.427286003765631e-18
on the third,6.427286003765631e-18
grand canyon by,6.427286003765631e-18
by rushing water,6.427286003765631e-18
by rushing,6.427286003765631e-18
be warm air,6.288372600415926e-18
be warm,6.288372600415926e-18
moisture therefore the,6.288372600415926e-18
should be warm,6.288372600415926e-18
moisture therefore,6.288372600415926e-18
of moisture therefore,6.288372600415926e-18
composed of carbon,6.288372600415926e-18
surrounding environment,6.179952383167375e-18
the area,6.179952383167375e-18
surrounding,6.179952383167375e-18
maintain its internal,6.1257422745431e-18
its internal,6.1257422745431e-18
its internal temperature,6.1257422745431e-18
correct one,5.854691731421724e-18
the correct one,5.854691731421724e-18
plants in,5.095750210681871e-18
into rain,4.9873299934333204e-18
is significant factor,4.9873299934333204e-18
option is carbon,4.9873299934333204e-18
and are,4.9873299934333204e-18
other options the,4.9873299934333204e-18
options the answer,4.9873299934333204e-18
into rain or,4.9873299934333204e-18
of plant based,4.933119884809045e-18
storm,4.851804721872632e-18
size and depth,4.813264722772562e-18
definitively answer the,4.813264722772562e-18
through constant,4.813264722772562e-18
rushing water therefore,4.813264722772562e-18
through constant flow,4.813264722772562e-18
river through constant,4.813264722772562e-18
is the best,4.813264722772562e-18
best answer based,4.813264722772562e-18
the choices the,4.813264722772562e-18
third example which,4.813264722772562e-18
that the colorado,4.813264722772562e-18
choices the,4.813264722772562e-18
definitively answer,4.813264722772562e-18
and depth,4.813264722772562e-18
river through,4.813264722772562e-18
example is that,4.813264722772562e-18
colorado river through,4.813264722772562e-18
flow carved,4.813264722772562e-18
flow carved the,4.813264722772562e-18
context to definitively,4.813264722772562e-18
to definitively,4.813264722772562e-18
constant flow carved,4.813264722772562e-18
to definitively answer,4.813264722772562e-18
in the choices,4.813264722772562e-18
grand canyon size,4.813264722772562e-18
example which,4.813264722772562e-18
example which is,4.813264722772562e-18
choices the third,4.813264722772562e-18
if they,4.662069341687669e-18
determine why choice,4.391018798566293e-18
causing,4.119968255444917e-18
well,4.119968255444917e-18
be because,4.0115480381963664e-18
could be,4.0115480381963664e-18
to the object,3.686287386450715e-18
which is often,3.604972223514302e-18
is the reason,3.2136430018828155e-18
become so deep,3.2136430018828155e-18
become so,3.2136430018828155e-18
the reason,3.2136430018828155e-18
undergoing,3.0899761915836876e-18
option is not,3.0357660829594124e-18
carry,2.6020852139652106e-18
only,2.4936649967166602e-18
water for,2.4936649967166602e-18
to make,2.358139725155972e-18
however the question,2.0599841277224584e-18
such as sunlight,2.0599841277224584e-18
on the specific,1.951563910473908e-18
correct answer as,1.951563910473908e-18
tiny water,1.734723475976807e-18
tiny water droplets,1.734723475976807e-18
reason for the,1.6068215009414077e-18
similar,1.3010426069826053e-18
would likely cause,1.1926223897340549e-18
can make the,4.336808689942018e-19
is more likely,3.2526065174565133e-19
long as,2.168404344971009e-19
as long,2.168404344971009e-19
as long as,2.168404344971009e-19
snow is form,0.0
not correct answer,0.0
tree would,0.0
visible to telescope,0.0
visible to,0.0
not be observed,0.0
tree would be,0.0
situation described in,0.0
situation described,0.0
useless the only,0.0
not be blustery,0.0
view allowing users,0.0
view allowing,0.0
types of water,0.0
vibrio is not,0.0
road and,0.0
soda which is,0.0
users,0.0
typically colder,0.0
side of,0.0
shower,0.0
typically colder and,0.0
side of the,0.0
not become,0.0
undergo weathering therefore,0.0
solid materials and,0.0
solid materials,0.0
volcanic rock,0.0
undergo weathering processes,0.0
united states which,0.0
simply that,0.0
tree the,0.0
other than green,0.0
volcanic,0.0
tree the answer,0.0
retains,0.0
retains leading,0.0
retains leading to,0.0
simply that the,0.0
universe,0.0
universe vibrio,0.0
universe vibrio is,0.0
type of volcanic,0.0
not applicable,0.0
not applicable to,0.0
sense therefore there,0.0
other nutrients produced,0.0
other nutrients,0.0
not affected,0.0
using the,0.0
not about what,0.0
see by,0.0
using the materials,0.0
turns into groundwater,0.0
see by the,0.0
snow is,0.0
orbiting cycle,0.0
tubes is essential,0.0
tubes is,0.0
selected states,0.0
vapor the other,0.0
vapor the,0.0
selected states would,0.0
orbiting,0.0
not affected by,0.0
triplet the,0.0
users to,0.0
users to study,0.0
sense therefore,0.0
type of star,0.0
other than,0.0
own sound,0.0
other options sticks,0.0
other options rainbow,0.0
soda cans have,0.0
roll,0.0
roll in,0.0
shorter shower,0.0
soda cans,0.0
orbital,0.0
roll in therefore,0.0
type of liquid,0.0
type of bacteria,0.0
orbiting cycle the,0.0
orbital period,0.0
orbital period is,0.0
triplet the question,0.0
waves therefore the,0.0
own sound waves,0.0
photosynthesis from the,0.0
provides general explanation,0.0
without the aid,0.0
photosynthesis from,0.0
provides general,0.0
work but,0.0
work but none,0.0
provide specific reason,0.0
white to,0.0
photosynthesis the xylem,0.0
natural habitats,0.0
natural habitat for,0.0
provide specific,0.0
physical force,0.0
physical force that,0.0
phloem transports sugars,0.0
phloem transports,0.0
with heavy,0.0
with desert climate,0.0
with desert,0.0
phloem,0.0
phenomenon the question,0.0
question also contains,0.0
phenomenon the,0.0
why palm tree,0.0
why palm,0.0
question but,0.0
question but rather,0.0
question is simply,0.0
period is the,0.0
raindrops in,0.0
period is,0.0
provide reason for,0.0
provide enough water,0.0
produced by photosynthesis,0.0
would make the,0.0
pores it can,0.0
plants can grow,0.0
possibility,0.0
year this orbital,0.0
possibility of,0.0
year this,0.0
possibility of human,0.0
possible for giraffe,0.0
xylem transports water,0.0
xylem transports,0.0
pressure as,0.0
pressure as it,0.0
pressure the,0.0
would not make,0.0
would make it,0.0
processes therefore they,0.0
would make,0.0
plant this system,0.0
primary reason,0.0
primary reason for,0.0
naked,0.0
naked eye,0.0
process is non,0.0
would happen if,0.0
would happen,0.0
plant life,0.0
would be if,0.0
natural diet,0.0
natural diet therefore,0.0
processes therefore,0.0
white to brown,0.0
raindrops in the,0.0
non physical force,0.0
waves the,0.0
water to see,0.0
water to soda,0.0
water turns,0.0
water turns into,0.0
remaining option,0.0
water vapor the,0.0
nesting as it,0.0
people will have,0.0
nesting as,0.0
waves therefore,0.0
tree growth therefore,0.0
remaining,0.0
relevant as it,0.0
relevant as,0.0
remaining option is,0.0
new substance or,0.0
night and,0.0
night and the,0.0
water that is,0.0
palm tree would,0.0
water spreads from,0.0
water spreads,0.0
palm tree the,0.0
palm tree growth,0.0
palm tree compared,0.0
water and minerals,0.0
non energy,0.0
warm climate and,0.0
warm climate,0.0
non energy related,0.0
non physical,0.0
related transformation rather,0.0
weathering processes therefore,0.0
weathering therefore they,0.0
which is form,0.0
people will,0.0
rainfall and,0.0
while the phloem,0.0
rainfall in,0.0
rainfall in contrast,0.0
raining,0.0
which would make,0.0
rather about the,0.0
rather an explanation,0.0
which means it,0.0
rather than an,0.0
rationale triplet the,0.0
necessary information for,0.0
which is known,0.0
where the climate,0.0
related transformation in,0.0
reason why palm,0.0
reduce the heat,0.0
when fluid like,0.0
regulation,0.0
what would happen,0.0
regulation as,0.0
what would,0.0
regulation as it,0.0
what kept the,0.0
what kept,0.0
part of giraffe,0.0
related transformation,0.0
well therefore there,0.0
well therefore,0.0
sound waves the,0.0
the environment magic,0.0
tree growth,0.0
the universe vibrio,0.0
the still afternoon,0.0
of water that,0.0
of year,0.0
the sun orbits,0.0
of year this,0.0
the universe,0.0
that can affect,0.0
that soda,0.0
that best fits,0.0
the xylem transports,0.0
their labels,0.0
their labels addition,0.0
their natural,0.0
their natural habitats,0.0
the still,0.0
that soda cans,0.0
the aid of,0.0
the 29 days,0.0
of giraffe,0.0
the aid,0.0
the raindrops,0.0
the raindrops in,0.0
of evaporation therefore,0.0
of tubes is,0.0
the road and,0.0
that the dark,0.0
the 29,0.0
the selected states,0.0
the shade,0.0
of volcanic,0.0
the situation described,0.0
of volcanic rock,0.0
that best,0.0
that after evaporation,0.0
that after,0.0
this system,0.0
temperatures and,0.0
temperature this is,0.0
temperature therefore option,0.0
this orbital,0.0
this orbital period,0.0
this question but,0.0
this system of,0.0
than the 29,0.0
temperature regulation as,0.0
temperature regulation,0.0
through weathering processes,0.0
throughout the plant,0.0
temperature conditions for,0.0
temperature and the,0.0
texas arizona,0.0
texas arizona and,0.0
than an,0.0
on course but,0.0
than an energy,0.0
than green,0.0
they can not,0.0
therefore they can,0.0
than green matter,0.0
therefore the blustery,0.0
therefore the best,0.0
than its actual,0.0
therefore not part,0.0
therefore not,0.0
therefore it would,0.0
therefore it can,0.0
them the,0.0
of giraffe natural,0.0
the air the,0.0
tree compared to,0.0
the car increasing,0.0
the leaves while,0.0
of plant life,0.0
the lemon,0.0
the lemon juice,0.0
of the car,0.0
the choice they,0.0
the body retains,0.0
the information suggests,0.0
the bodies of,0.0
the materials,0.0
the bodies,0.0
the moon not,0.0
the morning,0.0
the morning can,0.0
the choices make,0.0
of the bodies,0.0
the animal state,0.0
the driver side,0.0
the environment but,0.0
the energy requirements,0.0
the fluid being,0.0
the food itself,0.0
the food molecular,0.0
the earth about,0.0
of substances to,0.0
the color to,0.0
of temperature,0.0
of temperature regulation,0.0
the gaseous,0.0
the gaseous content,0.0
the given people,0.0
the heat that,0.0
the blustery day,0.0
the blustery,0.0
the blizzard the,0.0
the phloem transports,0.0
the phenomenon,0.0
of human intervention,0.0
of human,0.0
the phenomenon the,0.0
of the shower,0.0
the phloem,0.0
of the term,0.0
the naked,0.0
the atmospheric pressure,0.0
the atmospheric,0.0
the plants in,0.0
the possibility,0.0
the possibility of,0.0
the primary reason,0.0
the bat motion,0.0
the bat on,0.0
the bat own,0.0
of its motion,0.0
the overall energy,0.0
the overall,0.0
the only remaining,0.0
of the phenomenon,0.0
the one that,0.0
the one,0.0
the object appear,0.0
the bat sound,0.0
the beef causing,0.0
the night and,0.0
the bird to,0.0
the natural habitat,0.0
the naked eye,0.0
temperate climate,0.0
one that best,0.0
observed by telescope,0.0
states which,0.0
states would be,0.0
not relevant as,0.0
states would,0.0
to the fluid,0.0
states which is,0.0
to the leaves,0.0
to the naked,0.0
options sticks algae,0.0
state with desert,0.0
the exact,0.0
not possible for,0.0
to the situation,0.0
state with,0.0
state or behavior,0.0
sticks algae cheese,0.0
to the beef,0.0
only consumes,0.0
to study and,0.0
options rainbow,0.0
not telescope,0.0
not suitable for,0.0
not suitable,0.0
not specific enough,0.0
not specific,0.0
options rainbow water,0.0
to the bat,0.0
not solid materials,0.0
options speculative,0.0
options speculative as,0.0
options sticks,0.0
to telescope,0.0
to telescope as,0.0
state or,0.0
not plant based,0.0
not plant,0.0
specific enough to,0.0
transported throughout the,0.0
transports,0.0
transports sugars,0.0
transports sugars and,0.0
not itself responsible,0.0
transports water,0.0
specific enough,0.0
or behavior,0.0
not itself,0.0
transports water and,0.0
or near,0.0
source of its,0.0
sound waves therefore,0.0
tree compared,0.0
not make it,0.0
transported throughout,0.0
not mars,0.0
specific reason,0.0
transformation rather than,0.0
not mars therefore,0.0
transformation rather,0.0
transformation in contrast,0.0
transformation in,0.0
specific reason why,0.0
or insufficient information,0.0
or insufficient,0.0
or heavy,0.0
or combination of,0.0
to work but,0.0
or combination,0.0
or behavior making,0.0
structure being,0.0
not telescope therefore,0.0
options provide the,0.0
nutrients produced,0.0
to be combined,0.0
object appear larger,0.0
object appear,0.0
to brown from,0.0
to brown involves,0.0
nutrients produced by,0.0
option is cave,0.0
supporting,0.0
to change this,0.0
to consume anything,0.0
supporting variety of,0.0
supporting variety,0.0
to grow for,0.0
supporting desert tree,0.0
telescope as,0.0
telescope in,0.0
objects into,0.0
telescope in contrast,0.0
telescope is designed,0.0
telescope therefore,0.0
only remaining option,0.0
only remaining,0.0
times in year,0.0
objects into closer,0.0
observed by,0.0
telescope therefore it,0.0
telescope would,0.0
only consumes plant,0.0
times in,0.0
telescope would make,0.0
temperate,0.0
supporting desert,0.0
sun orbits the,0.0
structure being transferred,0.0
not the sun,0.0
to palm,0.0
to palm tree,0.0
substances to be,0.0
substances to,0.0
substance or combination,0.0
study and explore,0.0
to provide specific,0.0
sun orbits,0.0
study and,0.0
to roll,0.0
to roll in,0.0
to see by,0.0
to soda which,0.0
to study,0.0
such locations therefore,0.0
sugars,0.0
to measure them,0.0
to measure the,0.0
sugars and,0.0
to make any,0.0
not visible,0.0
not visible to,0.0
sugars and other,0.0
note this is,0.0
to magnify and,0.0
to magnify,0.0
to lower temperature,0.0
suggests that they,0.0
suitable for supporting,0.0
option the gaseous,0.0
to lower,0.0
27,0.0
you,0.0
for what would,0.0
into closer view,0.0
car increasing,0.0
like water,0.0
like other animals,0.0
answer is greater,0.0
answer is pumice,0.0
into closer,0.0
answer the answer,0.0
car increasing the,0.0
cans have in,0.0
answer to be,0.0
cans have,0.0
cans,0.0
less conducive to,0.0
into groundwater,0.0
like water spreads,0.0
carolina are also,0.0
choice they,0.0
answer choice is,0.0
change this process,0.0
change this,0.0
information for,0.0
information for the,0.0
information suggests,0.0
answer choice,0.0
information suggests that,0.0
carolina are located,0.0
information to make,0.0
causing the color,0.0
insufficient,0.0
insufficient information,0.0
insufficient information to,0.0
cat are not,0.0
into groundwater because,0.0
can provide enough,0.0
anything,0.0
by sound,0.0
by sound waves,0.0
invisible,0.0
invisible to,0.0
invisible to the,0.0
are forming,0.0
are forming due,0.0
by photosynthesis from,0.0
anything other,0.0
by photosynthesis,0.0
are generally more,0.0
involves energy,0.0
larger than its,0.0
are located,0.0
are located in,0.0
by telescope in,0.0
by the driver,0.0
can affect the,0.0
can be observed,0.0
can become,0.0
can become smoother,0.0
can build,0.0
leading to lower,0.0
are also located,0.0
leaves while,0.0
leaves while the,0.0
lemon juice,0.0
lemon juice is,0.0
less conducive,0.0
applicable to the,0.0
appear larger than,0.0
anything other than,0.0
answer because when,0.0
choices make,0.0
contrast texas arizona,0.0
conducive to,0.0
consume anything,0.0
luck,0.0
in or,0.0
in or near,0.0
conducive to palm,0.0
lower temperature this,0.0
conducive,0.0
luck is non,0.0
in the area,0.0
concept of temperature,0.0
in the morning,0.0
in their labels,0.0
in their natural,0.0
in therefore,0.0
luck is,0.0
consume anything other,0.0
choices make sense,0.0
and snow is,0.0
contrast telescope is,0.0
contrast telescope,0.0
in it is,0.0
and other nutrients,0.0
contains incorrect or,0.0
contains incorrect,0.0
and south,0.0
magic,0.0
magnify and bring,0.0
magnify and,0.0
and south carolina,0.0
magnify,0.0
magic is form,0.0
magic is,0.0
in therefore none,0.0
combined and the,0.0
combined and,0.0
closer view allowing,0.0
and would not,0.0
clouds are forming,0.0
incorrect or,0.0
animal state,0.0
animal state or,0.0
incorrect or insufficient,0.0
closer view,0.0
be observed,0.0
climate which,0.0
climate and abundant,0.0
clearly without the,0.0
clearly without,0.0
live in or,0.0
clearly,0.0
and would,0.0
clouds but,0.0
clouds but none,0.0
and the sun,0.0
clouds to,0.0
clouds to roll,0.0
located in,0.0
colder,0.0
colder and,0.0
colder and less,0.0
located in the,0.0
colder environments,0.0
colder environments however,0.0
location for,0.0
color to,0.0
in year which,0.0
in year,0.0
involves energy from,0.0
is actively,0.0
but it would,0.0
bee torrential amount,0.0
it provides general,0.0
is not itself,0.0
is not specific,0.0
is not telescope,0.0
it only consumes,0.0
beef causing,0.0
bee torrential,0.0
beef from white,0.0
becomes less,0.0
become smoother through,0.0
become more reflective,0.0
become more,0.0
become groundwater,0.0
because when fluid,0.0
beef causing the,0.0
behavior making,0.0
but it provides,0.0
atmospheric pressure as,0.0
best answer is,0.0
being transferred to,0.0
it would most,0.0
being transferred,0.0
atmospheric,0.0
atmospheric pressure,0.0
atmospheric pressure the,0.0
it the answer,0.0
is more than,0.0
is non energy,0.0
behavior making all,0.0
is non physical,0.0
is not affected,0.0
is not applicable,0.0
it is exposed,0.0
is pumice,0.0
because the raindrops,0.0
be blustery day,0.0
bat own sound,0.0
bat sound,0.0
it can reduce,0.0
bat sound waves,0.0
beach bursts option,0.0
be blustery,0.0
be combined,0.0
is simply that,0.0
be combined and,0.0
be if,0.0
be if the,0.0
be the question,0.0
be the correct,0.0
is typically colder,0.0
bat own,0.0
bat on course,0.0
bat on,0.0
is the possibility,0.0
it difficult to,0.0
bat motion luck,0.0
bat motion and,0.0
bat motion,0.0
because giraffe,0.0
because giraffe is,0.0
is the one,0.0
it harder to,0.0
based and are,0.0
is that after,0.0
because squirrels do,0.0
is state with,0.0
it is day,0.0
best fits,0.0
best fits the,0.0
is known for,0.0
arizona and south,0.0
are therefore not,0.0
brown involves,0.0
arizona and,0.0
brown from white,0.0
brown from,0.0
bring distant objects,0.0
kept the bat,0.0
itself which is,0.0
bring distant,0.0
bring,0.0
brighter or clearer,0.0
brighter or,0.0
kept the,0.0
juice is,0.0
are therefore,0.0
are the primary,0.0
brown involves energy,0.0
known for,0.0
known for its,0.0
build its,0.0
labels,0.0
labels addition,0.0
labels addition of,0.0
build its nest,0.0
building materials,0.0
building materials are,0.0
are not visible,0.0
bursts option,0.0
are not plant,0.0
bursts option the,0.0
is actively transported,0.0
juice,0.0
itself which,0.0
is herbivore which,0.0
birds like,0.0
its motion the,0.0
birds like other,0.0
its motion,0.0
is designed,0.0
is designed to,0.0
asks for substance,0.0
its actual size,0.0
itself responsible for,0.0
its actual,0.0
bird to,0.0
bird nesting as,0.0
bird nesting,0.0
is greater,0.0
is greater pewee,0.0
blizzard the,0.0
blizzard the night,0.0
as well therefore,0.0
its warm,0.0
blustery day is,0.0
body retains,0.0
body retains leading,0.0
as the blizzard,0.0
as shorter shower,0.0
its warm climate,0.0
as shorter,0.0
brackish water not,0.0
bricks or,0.0
bricks or wood,0.0
itself responsible,0.0
brighter,0.0
is because giraffe,0.0
contrast texas,0.0
color to change,0.0
contrast turning,0.0
environments however option,0.0
evaporation therefore the,0.0
evaporation therefore,0.0
habitat for water,0.0
hand would not,0.0
affect the body,0.0
affect the environment,0.0
happen,0.0
affected by sound,0.0
happen if,0.0
happen if ball,0.0
aid of,0.0
air the,0.0
air the other,0.0
algae cheese,0.0
algae cheese are,0.0
evaporation water turns,0.0
grow for palm,0.0
grow for,0.0
minerals from,0.0
falls during the,0.0
falls during,0.0
falls,0.0
eye,0.0
explore the universe,0.0
minerals from the,0.0
explore the,0.0
groundwater because it,0.0
explore,0.0
explanation why the,0.0
explanation why,0.0
greater pewee,0.0
exact,0.0
groundwater because,0.0
all options,0.0
environment magic is,0.0
driver side,0.0
environment magic,0.0
energy related,0.0
energy as shorter,0.0
energy as,0.0
heat energy turning,0.0
also contains,0.0
heat that,0.0
also contains incorrect,0.0
heat that the,0.0
also located,0.0
heat this,0.0
also located in,0.0
earth not mars,0.0
earth moon orbiting,0.0
earth about 27,0.0
earth about,0.0
energy related transformation,0.0
energy requirements,0.0
energy turning,0.0
energy turning beef,0.0
environment but is,0.0
enough water to,0.0
all options speculative,0.0
and minerals from,0.0
enough water,0.0
enough to provide,0.0
measure them the,0.0
allowing users to,0.0
measure them,0.0
measure the atmospheric,0.0
measure the,0.0
allowing users,0.0
means it only,0.0
means it,0.0
addition of water,0.0
given people will,0.0
given people,0.0
actual size,0.0
morning can provide,0.0
morning can,0.0
forming due to,0.0
about 27,0.0
about 27 times,0.0
more than the,0.0
more than,0.0
for reason for,0.0
for palm tree,0.0
for its warm,0.0
for giraffe to,0.0
for giraffe,0.0
from white,0.0
from white to,0.0
about the bat,0.0
forming due,0.0
29 days of,0.0
27 times in,0.0
motion the other,0.0
for water vapor,0.0
force that can,0.0
for the dark,0.0
form of heat,0.0
for the bird,0.0
for the bat,0.0
for supporting desert,0.0
for substance,0.0
for supporting,0.0
motion luck is,0.0
motion luck,0.0
motion and snow,0.0
motion and,0.0
for substance or,0.0
about the moon,0.0
moon orbiting cycle,0.0
moon orbiting,0.0
fits the,0.0
actively,0.0
27 times,0.0
mistake that soda,0.0
fluid like water,0.0
fluid like,0.0
fits the question,0.0
fits,0.0
food itself which,0.0
giraffe natural,0.0
fit the answer,0.0
giraffe natural diet,0.0
actively transported,0.0
actively transported throughout,0.0
given choices provide,0.0
food itself,0.0
food molecular,0.0
about what kept,0.0
foods therefore it,0.0
abundant rainfall,0.0
moon not the,0.0
moon not,0.0
abundant rainfall in,0.0
for bird nesting,0.0
for answer choice,0.0
general explanation,0.0
food molecular structure,0.0
general explanation why,0.0
generally more,0.0
generally more suitable,0.0
molecular structure being,0.0
molecular structure,0.0
molecular,0.0
driver side of,0.0
be observed by,0.0
make it,0.0
make it difficult,0.0
mars therefore,0.0
designed to magnify,0.0
and bring,0.0
make sense therefore,0.0
make it impossible,0.0
mars therefore the,0.0
and are therefore,0.0
idaho is state,0.0
idaho is,0.0
make it harder,0.0
development and is,0.0
diet therefore,0.0
and abundant,0.0
in colder environments,0.0
days of year,0.0
human intervention which,0.0
in color,0.0
cycle the,0.0
make any of,0.0
human intervention,0.0
make any,0.0
course but rather,0.0
diet therefore they,0.0
however option is,0.0
in colder,0.0
and bring distant,0.0
cycle the earth,0.0
desert tree,0.0
days of,0.0
december falls,0.0
and explore the,0.0
and explore,0.0
impossible to measure,0.0
december falls during,0.0
making all options,0.0
making all,0.0
describe the process,0.0
described in,0.0
day would make,0.0
day is the,0.0
described in the,0.0
if you,0.0
day is,0.0
make the object,0.0
if the information,0.0
dark clouds to,0.0
if the context,0.0
if ball on,0.0
dark clouds but,0.0
if ball,0.0
desert climate,0.0
and abundant rainfall,0.0
important in colder,0.0
and is actively,0.0
distant objects,0.0
correct answer to,0.0
hot water,0.0
in contrast telescope,0.0
materials in their,0.0
distant objects into,0.0
difficult to measure,0.0
materials and do,0.0
materials and,0.0
contrast turning beef,0.0
an explanation of,0.0
herbivore which means,0.0
herbivore which,0.0
hot water heater,0.0
difficult to,0.0
and less conducive,0.0
however option,0.0
an energy related,0.0
an energy,0.0
and is well,0.0
course but,0.0
correct answer choice,0.0
in contrast texas,0.0
correct because squirrels,0.0
in contrast turning,0.0
to have,-1.0842021724855044e-19
organisms and,-4.336808689942018e-19
living organisms and,-4.336808689942018e-19
large rivers,-7.047314121155779e-19
resource in,-8.673617379884035e-19
reasonable,-8.673617379884035e-19
increasing,-8.673617379884035e-19
types,-1.1996104115489029e-18
types of,-1.1996104115489029e-18
the option,-1.3010426069826053e-18
explanation for why,-1.4094628242311558e-18
the given options,-1.734723475976807e-18
is the most,-1.734723475976807e-18
given options,-1.734723475976807e-18
not accurate descriptions,-2.0599841277224584e-18
not accurate,-2.0599841277224584e-18
descriptions,-2.0599841277224584e-18
descriptions of,-2.0599841277224584e-18
descriptions of the,-2.0599841277224584e-18
accurate descriptions of,-2.0599841277224584e-18
accurate descriptions,-2.0599841277224584e-18
are not accurate,-2.0599841277224584e-18
is because photosynthesis,-2.168404344971009e-18
large rivers meet,-2.3852447794681098e-18
of brackish,-2.3852447794681098e-18
rivers meet,-2.3852447794681098e-18
occurrence,-2.574980159653073e-18
onto,-2.608861477543245e-18
have in their,-3.398296184384253e-18
have in,-3.398296184384253e-18
not directly,-3.469446951953614e-18
instead the,-3.686287386450715e-18
involves the,-3.903127820947816e-18
into tiny water,-3.957337929572091e-18
tree to,-4.119968255444917e-18
of the road,-4.580754178751256e-18
third example is,-4.7704895589362195e-18
becomes arid,-4.851804721872632e-18
and thus,-4.87890977618477e-18
up,-4.9873299934333204e-18
can make,-4.9873299934333204e-18
plant does not,-5.095750210681871e-18
plant does,-5.095750210681871e-18
therefore the,-5.204170427930421e-18
break down the,-5.322755040546023e-18
additionally the question,-5.421010862427522e-18
pewee,-5.5294310796760726e-18
such as stars,-5.5294310796760726e-18
the bike wheels,-5.583641188300348e-18
bike wheels,-5.583641188300348e-18
start of the,-5.705613932704967e-18
the start of,-5.705613932704967e-18
because wind,-5.705613932704967e-18
wind can,-5.705613932704967e-18
start of,-5.705613932704967e-18
the start,-5.705613932704967e-18
develop,-5.7462715141731735e-18
this context the,-5.7462715141731735e-18
yearly donation,-5.908901840045999e-18
of this question,-5.9631119486702744e-18
context of this,-5.9631119486702744e-18
dogs,-6.071532165918825e-18
break down,-6.108801615598014e-18
scenario the,-6.213833701057547e-18
note that other,-6.667843360785852e-18
food they,-6.796592368768506e-18
context or explanation,-7.481683204419625e-18
not get,-7.481683204419625e-18
do not get,-7.481683204419625e-18
context or,-7.481683204419625e-18
the question and,-7.552145757719342e-18
question and the,-7.552145757719342e-18
process of photosynthesis,-8.131516293641283e-18
because the bat,-8.565197162635485e-18
produced by,-8.565197162635485e-18
produced,-8.565197162635485e-18
other animals,-8.565197162635485e-18
on course,-8.565197162635485e-18
kept,-8.565197162635485e-18
as it would,-8.72782748850831e-18
the plants,-8.72782748850831e-18
it would not,-8.72782748850831e-18
of the sunroof,-9.161508357502512e-18
opening of the,-9.161508357502512e-18
opening of,-9.161508357502512e-18
matter the,-9.324138683375338e-18
temperature this,-9.473216482092095e-18
is because an,-9.64939933512099e-18
individual,-9.703609443745265e-18
maintain the,-9.75781955236954e-18
is because in,-1.0110185258427329e-17
because in,-1.0110185258427329e-17
reflective,-1.0122043719688889e-17
components of,-1.015761910347357e-17
components of the,-1.015761910347357e-17
while the,-1.0191500421363742e-17
the formation,-1.0408340855860843e-17
formation of,-1.0408340855860843e-17
the formation of,-1.0408340855860843e-17
definitively,-1.0828469197698976e-17
answer option is,-1.0842021724855044e-17
answer option,-1.0842021724855044e-17
to the ground,-1.0903008097057354e-17
alcor,-1.1058862159352145e-17
alcor is,-1.1058862159352145e-17
vibrio is type,-1.1058862159352145e-17
vibrio,-1.1058862159352145e-17
vibrio is,-1.1058862159352145e-17
and its effects,-1.1058862159352145e-17
it the correct,-1.1058862159352145e-17
type of fish,-1.1058862159352145e-17
in fact,-1.1058862159352145e-17
reaction occurs the,-1.1201163694490868e-17
occurs the,-1.1201163694490868e-17
occurs the other,-1.1201163694490868e-17
reaction occurs therefore,-1.1201163694490868e-17
occurs therefore,-1.1201163694490868e-17
occurs therefore the,-1.1201163694490868e-17
than the other,-1.1438332919722072e-17
incorrect the,-1.1438332919722072e-17
physical,-1.146543797403421e-17
energy in the,-1.1872013788716274e-17
basement without windows,-1.1926223897340549e-17
without windows,-1.1926223897340549e-17
the color,-1.1926223897340549e-17
basement without,-1.1926223897340549e-17
basement,-1.1926223897340549e-17
the growth of,-1.2007539060276962e-17
will not,-1.214306433183765e-17
should be,-1.214306433183765e-17
longer,-1.214306433183765e-17
can lead to,-1.2576745200831851e-17
can lead,-1.2576745200831851e-17
carved,-1.2683471352185893e-17
orbit around,-1.3227266504323154e-17
orbit around the,-1.3227266504323154e-17
born,-1.3444106938820255e-17
telescope is,-1.3552527156068805e-17
why choice is,-1.3877787807814457e-17
tissues,-1.3877787807814457e-17
is often,-1.4203048459560108e-17
cells section more,-1.4216600986716177e-17
cells in,-1.4216600986716177e-17
cells in the,-1.4216600986716177e-17
cells section,-1.4216600986716177e-17
of the white,-1.4216600986716177e-17
blood can,-1.4216600986716177e-17
the blood can,-1.4216600986716177e-17
blood cells section,-1.4216600986716177e-17
in the white,-1.4216600986716177e-17
blood can be,-1.4216600986716177e-17
blood cells in,-1.4216600986716177e-17
rushing,-1.4535085374883794e-17
rushing water,-1.4535085374883794e-17
the impact,-1.496198998029996e-17
about the situation,-1.496336640883925e-17
is because adjusting,-1.5070410197548512e-17
question the microwave,-1.5104291515438684e-17
the microwave heats,-1.5104291515438684e-17
heated in this,-1.5104291515438684e-17
being heated in,-1.5104291515438684e-17
coffee causing,-1.5104291515438684e-17
coffee causing the,-1.5104291515438684e-17
up the coffee,-1.5104291515438684e-17
the coffee causing,-1.5104291515438684e-17
against cement,-1.5395670849294163e-17
water and cat,-1.5612511283791264e-17
rainbow water,-1.5612511283791264e-17
rainbow water and,-1.5612511283791264e-17
and cat,-1.5612511283791264e-17
and do,-1.5829351718288365e-17
and do not,-1.5829351718288365e-17
heat causes,-1.5829351718288365e-17
heat causes the,-1.5829351718288365e-17
sense in this,-1.588356182691264e-17
motion therefore,-1.588356182691264e-17
motion therefore the,-1.588356182691264e-17
movement of the,-1.588356182691264e-17
environment however it,-1.5937771935536915e-17
and heat,-1.6154612370034016e-17
because telescope is,-1.6317242695906842e-17
telescope is an,-1.6317242695906842e-17
because telescope,-1.6317242695906842e-17
that are far,-1.6317242695906842e-17
to observe,-1.6317242695906842e-17
description of something,-1.6317242695906842e-17
observe objects,-1.6317242695906842e-17
are far away,-1.6317242695906842e-17
are far,-1.6317242695906842e-17
used to observe,-1.6317242695906842e-17
observe objects that,-1.6317242695906842e-17
to observe objects,-1.6317242695906842e-17
observe,-1.6317242695906842e-17
being viewed by,-1.6317242695906842e-17
something being viewed,-1.6317242695906842e-17
of something,-1.6317242695906842e-17
is because telescope,-1.6317242695906842e-17
being viewed,-1.6317242695906842e-17
of something being,-1.6317242695906842e-17
something being,-1.6317242695906842e-17
which are generally,-1.6527306866825908e-17
formed through,-1.657474071187215e-17
likely cause,-1.713039432527097e-17
course,-1.713039432527097e-17
affect the visibility,-1.745565497701662e-17
because the other,-1.745565497701662e-17
driving so the,-1.745565497701662e-17
decreases visibility while,-1.745565497701662e-17
so the correct,-1.745565497701662e-17
increasing the visibility,-1.745565497701662e-17
the third,-1.745565497701662e-17
decreases visibility,-1.745565497701662e-17
driving so,-1.745565497701662e-17
to illuminate the,-1.745565497701662e-17
is the option,-1.745565497701662e-17
while driving so,-1.745565497701662e-17
illuminate the,-1.745565497701662e-17
asks which decreases,-1.745565497701662e-17
body of water,-1.745565497701662e-17
illuminate,-1.745565497701662e-17
to illuminate,-1.745565497701662e-17
third,-1.745565497701662e-17
which decreases,-1.745565497701662e-17
which decreases visibility,-1.745565497701662e-17
driving however it,-1.745565497701662e-17
the situation making,-1.7462431240594656e-17
situation making,-1.7462431240594656e-17
situation making it,-1.7462431240594656e-17
section more detailed,-1.7780915628762273e-17
section more,-1.7780915628762273e-17
on the road,-1.7780915628762273e-17
weathering therefore,-1.7889335846010823e-17
it the other,-1.805196617188365e-17
energy from,-1.8214596497756474e-17
the digestion,-1.8214596497756474e-17
driving however,-1.8323016715005025e-17
while driving however,-1.8323016715005025e-17
ground,-1.8431436932253575e-17
circular motion,-1.8539857149502126e-17
microwave heats up,-1.8661829893906745e-17
microwave heats,-1.8661829893906745e-17
of the components,-1.8661829893906745e-17
specific components,-1.8661829893906745e-17
specific components of,-1.8661829893906745e-17
heats up the,-1.8661829893906745e-17
heated in,-1.8661829893906745e-17
the specific components,-1.8661829893906745e-17
the components,-1.8661829893906745e-17
the components being,-1.8661829893906745e-17
components being heated,-1.8661829893906745e-17
components being,-1.8661829893906745e-17
causing the coffee,-1.8661829893906745e-17
being heated,-1.8661829893906745e-17
food through,-1.8756697583999227e-17
lead to chemical,-1.8793967033678416e-17
to chemical,-1.8793967033678416e-17
to chemical reaction,-1.8793967033678416e-17
by which,-1.8865117801247777e-17
process by which,-1.8865117801247777e-17
river which is,-1.8968455820812802e-17
colorado river which,-1.8968455820812802e-17
erosion,-1.8968455820812802e-17
river which,-1.8968455820812802e-17
of years,-1.8968455820812802e-17
the environment and,-1.9081958235744878e-17
it more,-1.919037845299343e-17
asks for reason,-1.927169361592984e-17
for reason why,-1.927169361592984e-17
for reason,-1.927169361592984e-17
answer for this,-1.929879867024198e-17
30 feet is,-1.951563910473908e-17
do not accurately,-1.951563910473908e-17
only asks for,-1.9956202116429723e-17
cause or,-1.9956202116429723e-17
not cause or,-1.9956202116429723e-17
survival not cause,-1.9956202116429723e-17
for an increase,-1.9956202116429723e-17
cause or explanation,-1.9956202116429723e-17
for an,-1.9956202116429723e-17
question only asks,-1.9956202116429723e-17
asks for an,-1.9956202116429723e-17
only asks,-1.9956202116429723e-17
in survival not,-1.9956202116429723e-17
survival not,-1.9956202116429723e-17
or explanation for,-1.9956202116429723e-17
it the question,-1.9956202116429723e-17
explanation for it,-1.9956202116429723e-17
of carbon,-2.0166160408230382e-17
of carbon dioxide,-2.0166160408230382e-17
components,-2.031523820694714e-17
undergoes,-2.054563116860031e-17
because plant stem,-2.076247160309741e-17
is because plant,-2.076247160309741e-17
plant growth and,-2.076247160309741e-17
because plant,-2.076247160309741e-17
because it is,-2.0816681711721685e-17
that decreases the,-2.1033522146218786e-17
decreases the,-2.1033522146218786e-17
option that,-2.1033522146218786e-17
option that decreases,-2.1033522146218786e-17
that decreases,-2.1033522146218786e-17
the option that,-2.1033522146218786e-17
decreases the visibility,-2.1033522146218786e-17
aquatic,-2.1033522146218786e-17
diet consists,-2.119784653798612e-17
diet consists of,-2.119784653798612e-17
nutrients effectively,-2.1250362580715887e-17
such as the,-2.1250362580715887e-17
provides sufficient rationale,-2.1351053622320742e-17
correct answer provides,-2.1351053622320742e-17
migrate the correct,-2.1351053622320742e-17
sufficient rationale,-2.1351053622320742e-17
sufficient rationale for,-2.1351053622320742e-17
example the other,-2.1351053622320742e-17
answer provides sufficient,-2.1351053622320742e-17
third example the,-2.1351053622320742e-17
out,-2.1467203015212988e-17
likely to occur,-2.1724701031178295e-17
more likely to,-2.1724701031178295e-17
to occur when,-2.1724701031178295e-17
occur when there,-2.1724701031178295e-17
properly,-2.190088388420719e-17
rationale for why,-2.200930410145574e-17
make yearly,-2.200930410145574e-17
heisenberg,-2.211772431870429e-17
and heisenberg,-2.211772431870429e-17
heisenberg is,-2.211772431870429e-17
and heisenberg is,-2.211772431870429e-17
important to,-2.222614453595284e-17
important to note,-2.222614453595284e-17
to note that,-2.222614453595284e-17
note that,-2.222614453595284e-17
to note,-2.222614453595284e-17
temperature at,-2.2402327388981735e-17
coffee molecules to,-2.2402327388981735e-17
and chemical,-2.2402327388981735e-17
reaction therefore the,-2.2402327388981735e-17
heat and chemical,-2.2402327388981735e-17
involve direct,-2.2402327388981735e-17
the coffee molecules,-2.2402327388981735e-17
molecules to move,-2.2402327388981735e-17
involve direct interaction,-2.2402327388981735e-17
not involve direct,-2.2402327388981735e-17
temperature at which,-2.2402327388981735e-17
faster and faster,-2.2402327388981735e-17
chemical reaction therefore,-2.2402327388981735e-17
reach,-2.2402327388981735e-17
reach the,-2.2402327388981735e-17
reach the temperature,-2.2402327388981735e-17
between heat,-2.2402327388981735e-17
between heat and,-2.2402327388981735e-17
faster until,-2.2402327388981735e-17
direct interaction,-2.2402327388981735e-17
they reach the,-2.2402327388981735e-17
they reach,-2.2402327388981735e-17
at which chemical,-2.2402327388981735e-17
which chemical reaction,-2.2402327388981735e-17
and faster until,-2.2402327388981735e-17
reaction occurs,-2.2402327388981735e-17
direct interaction between,-2.2402327388981735e-17
coffee molecules,-2.2402327388981735e-17
the temperature at,-2.2402327388981735e-17
which chemical,-2.2402327388981735e-17
faster until they,-2.2402327388981735e-17
until they reach,-2.2402327388981735e-17
chemical reaction occurs,-2.2402327388981735e-17
reaction therefore,-2.2402327388981735e-17
and faster,-2.2402327388981735e-17
and chemical reaction,-2.2402327388981735e-17
interaction between heat,-2.2402327388981735e-17
for it,-2.24485965637255e-17
for it the,-2.24485965637255e-17
escape,-2.2551405187698492e-17
environments but,-2.303929616531697e-17
live in trees,-2.3178209568666674e-17
in trees,-2.3178209568666674e-17
source for squirrels,-2.3178209568666674e-17
for squirrels,-2.3178209568666674e-17
effects on,-2.3635607360183997e-17
about the animal,-2.3696593732386306e-17
question the other,-2.3696593732386306e-17
explain why the,-2.3696593732386306e-17
matter the other,-2.3696593732386306e-17
describes,-2.4069288229178198e-17
visible but,-2.4340338772299575e-17
visible but it,-2.4340338772299575e-17
sufficient,-2.4530074152484538e-17
the third example,-2.4936649967166602e-17
third example,-2.4936649967166602e-17
prevent,-2.5045070184415152e-17
are capable of,-2.5153490401663703e-17
are capable,-2.5153490401663703e-17
answer as,-2.5370330836160804e-17
controls,-2.5478751053409354e-17
in straight line,-2.5587171270657905e-17
in straight,-2.5587171270657905e-17
start,-2.5804011705155006e-17
moisture in,-2.6007299612496038e-17
moisture in the,-2.6007299612496038e-17
would not be,-2.6346112791397758e-17
is typically,-2.6346112791397758e-17
answer to,-2.6454533008646308e-17
plant this,-2.6454533008646308e-17
answer to the,-2.6454533008646308e-17
appropriate answer as,-2.667137344314341e-17
greenhouse was well,-2.667137344314341e-17
greenhouse was,-2.667137344314341e-17
outdoor plant growth,-2.667137344314341e-17
outdoor plant,-2.667137344314341e-17
growth as,-2.667137344314341e-17
patio setting would,-2.667137344314341e-17
outdoor,-2.667137344314341e-17
had adequate temperature,-2.667137344314341e-17
had adequate,-2.667137344314341e-17
had,-2.667137344314341e-17
adequate temperature and,-2.667137344314341e-17
adequate temperature,-2.667137344314341e-17
adequate,-2.667137344314341e-17
windows would not,-2.667137344314341e-17
humidity controls nonetheless,-2.667137344314341e-17
long as the,-2.667137344314341e-17
the greenhouse was,-2.667137344314341e-17
was well ventilated,-2.667137344314341e-17
was well,-2.667137344314341e-17
for outdoor,-2.667137344314341e-17
for outdoor plant,-2.667137344314341e-17
and had adequate,-2.667137344314341e-17
and had,-2.667137344314341e-17
conditions for outdoor,-2.667137344314341e-17
plant growth as,-2.667137344314341e-17
as the greenhouse,-2.667137344314341e-17
still the most,-2.667137344314341e-17
controls nonetheless,-2.667137344314341e-17
ventilated and,-2.667137344314341e-17
ventilated,-2.667137344314341e-17
ventilated and had,-2.667137344314341e-17
setting would provide,-2.667137344314341e-17
well ventilated,-2.667137344314341e-17
humidity controls,-2.667137344314341e-17
well ventilated and,-2.667137344314341e-17
setting would,-2.667137344314341e-17
and humidity controls,-2.667137344314341e-17
being migrated therefore,-2.6690325805338224e-17
is being migrated,-2.6690325805338224e-17
provide clear description,-2.6690325805338224e-17
clear description of,-2.6690325805338224e-17
clear description,-2.6690325805338224e-17
description of what,-2.6690325805338224e-17
animals migrate but,-2.6690325805338224e-17
for the time,-2.6690325805338224e-17
migrated therefore the,-2.6690325805338224e-17
migrated therefore,-2.6690325805338224e-17
being migrated,-2.6690325805338224e-17
migrated,-2.6690325805338224e-17
migrate but,-2.6690325805338224e-17
of what is,-2.6690325805338224e-17
migrate the question,-2.6690325805338224e-17
migrate but none,-2.6690325805338224e-17
to maintain its,-2.677979366039196e-17
making it,-2.688821387764051e-17
introduced,-2.710505431213761e-17
is not related,-2.7321894746634712e-17
to grow but,-2.7321894746634712e-17
or explanation,-2.7434761886856347e-17
telescope but none,-2.780978572425319e-17
the options are,-2.780978572425319e-17
options are correct,-2.780978572425319e-17
telescope but,-2.780978572425319e-17
description therefore,-2.780978572425319e-17
that description therefore,-2.780978572425319e-17
that description,-2.780978572425319e-17
description therefore the,-2.780978572425319e-17
by telescope but,-2.780978572425319e-17
are correct and,-2.780978572425319e-17
be viewed by,-2.780978572425319e-17
meet that description,-2.780978572425319e-17
to be viewed,-2.780978572425319e-17
choices meet that,-2.780978572425319e-17
choices meet,-2.780978572425319e-17
the choices meet,-2.780978572425319e-17
be viewed,-2.780978572425319e-17
something to be,-2.780978572425319e-17
is not as,-2.8189256484623115e-17
not as this,-2.8189256484623115e-17
the white blood,-2.8433201973432354e-17
the white,-2.8433201973432354e-17
headlights,-2.846030702774449e-17
which can help,-2.8514517136368767e-17
windshield fluid,-2.856872724499304e-17
spraying,-2.856872724499304e-17
as the lungs,-2.859583229930518e-17
are not directly,-2.873135757086587e-17
cloudy,-2.8866882842426556e-17
cloudy day,-2.8866882842426556e-17
used to measure,-2.8866882842426556e-17
is because anemometer,-2.8866882842426556e-17
the plant growth,-2.9219248548484344e-17
of photosynthesis the,-2.927345865710862e-17
it only,-2.927345865710862e-17
the movement,-2.927345865710862e-17
the movement of,-2.927345865710862e-17
daffodil being plant,-2.927345865710862e-17
specific type,-2.927345865710862e-17
the tree,-2.927345865710862e-17
specific type of,-2.927345865710862e-17
daffodil being,-2.927345865710862e-17
but rather the,-2.927345865710862e-17
change in the,-2.938187887435717e-17
this balance,-2.949029909160572e-17
the size,-2.949029909160572e-17
droplets this process,-2.949029909160572e-17
form droplets this,-2.949029909160572e-17
species in,-2.9571614254542133e-17
answer because it,-2.992397996059992e-17
it is the,-3.0357660829594124e-17
as if,-3.036613115906667e-17
the wrong,-3.036613115906667e-17
wrong,-3.036613115906667e-17
true if,-3.036613115906667e-17
especially true if,-3.036613115906667e-17
mirrors are,-3.036613115906667e-17
the mirrors are,-3.036613115906667e-17
they are placed,-3.036613115906667e-17
or if they,-3.036613115906667e-17
or if,-3.036613115906667e-17
wrong position relative,-3.036613115906667e-17
too high,-3.036613115906667e-17
they are in,-3.036613115906667e-17
such as if,-3.036613115906667e-17
true if the,-3.036613115906667e-17
incorrectly such,-3.036613115906667e-17
position relative to,-3.036613115906667e-17
wrong position,-3.036613115906667e-17
the wrong position,-3.036613115906667e-17
angled,-3.036613115906667e-17
angled incorrectly,-3.036613115906667e-17
angled incorrectly such,-3.036613115906667e-17
incorrectly such as,-3.036613115906667e-17
too high or,-3.036613115906667e-17
to the vehicle,-3.036613115906667e-17
mirrors are angled,-3.036613115906667e-17
too low or,-3.036613115906667e-17
too low,-3.036613115906667e-17
are placed too,-3.036613115906667e-17
are placed,-3.036613115906667e-17
high or,-3.036613115906667e-17
position relative,-3.036613115906667e-17
or too low,-3.036613115906667e-17
placed too,-3.036613115906667e-17
low or,-3.036613115906667e-17
in the wrong,-3.036613115906667e-17
or too,-3.036613115906667e-17
as if they,-3.036613115906667e-17
are angled incorrectly,-3.036613115906667e-17
are angled,-3.036613115906667e-17
high or too,-3.036613115906667e-17
if the mirrors,-3.036613115906667e-17
low or if,-3.036613115906667e-17
placed too high,-3.036613115906667e-17
are non,-3.073713158996405e-17
allows it to,-3.0791341698588326e-17
allows it,-3.0791341698588326e-17
others therefore,-3.08455518072126e-17
the others therefore,-3.08455518072126e-17
because when,-3.1008182133085427e-17
is because when,-3.1008182133085427e-17
protozoa are capable,-3.1008182133085427e-17
asks which of,-3.105115912899123e-17
of them,-3.105115912899123e-17
which of,-3.105115912899123e-17
which of the,-3.105115912899123e-17
the local environment,-3.1496073110703904e-17
same amount,-3.1496073110703904e-17
same amount of,-3.1496073110703904e-17
local environment,-3.1496073110703904e-17
can reduce,-3.1496073110703904e-17
the same amount,-3.1496073110703904e-17
can reduce the,-3.1496073110703904e-17
instead it,-3.1496073110703904e-17
resulting,-3.165870343657673e-17
described,-3.176712365382528e-17
are not typically,-3.1943306506854174e-17
consider the,-3.230922474006803e-17
consider,-3.230922474006803e-17
down food,-3.241764495731658e-17
plausible,-3.252606517456513e-17
plausible answers,-3.252606517456513e-17
environments however,-3.2607380337501546e-17
present,-3.2607380337501546e-17
asks for something,-3.2634485391813683e-17
for something,-3.2634485391813683e-17
for something to,-3.2634485391813683e-17
something to,-3.2634485391813683e-17
resolution the,-3.268869550043796e-17
are known,-3.268869550043796e-17
considered,-3.298685109787147e-17
opening,-3.307324845849141e-17
plant growth,-3.3176586478056436e-17
hunting and,-3.3285006695304986e-17
their actions,-3.346118954833388e-17
observed,-3.348829460264602e-17
month of december,-3.371868756429919e-17
month of,-3.371868756429919e-17
the month of,-3.371868756429919e-17
time which,-3.4111710851825183e-17
bodies of water,-3.42336835962298e-17
bodies of,-3.42336835962298e-17
bat,-3.426078865054194e-17
the bat,-3.426078865054194e-17
mammals,-3.447762908503904e-17
away to be,-3.469446951953614e-17
away to,-3.469446951953614e-17
far away to,-3.469446951953614e-17
is too far,-3.469446951953614e-17
of the surrounding,-3.469446951953614e-17
too far,-3.469446951953614e-17
and in fact,-3.469446951953614e-17
too far away,-3.469446951953614e-17
the greenhouse,-3.491130995403324e-17
plant growth nonetheless,-3.491130995403324e-17
growth nonetheless,-3.491130995403324e-17
vehicle while driving,-3.491130995403324e-17
vehicle while,-3.491130995403324e-17
temperature and humidity,-3.491130995403324e-17
the vehicle while,-3.491130995403324e-17
and humidity,-3.491130995403324e-17
adaptation to,-3.5019730171281793e-17
common adaptation to,-3.5019730171281793e-17
is unlikely,-3.5128150388530344e-17
the best,-3.5128150388530344e-17
best,-3.5128150388530344e-17
unlikely,-3.5128150388530344e-17
it can,-3.5561831257524545e-17
the fire to,-3.572446158339737e-17
to start,-3.572446158339737e-17
fire to start,-3.572446158339737e-17
result of the,-3.5778671692021646e-17
options and do,-3.5778671692021646e-17
strength,-3.661892837569791e-17
move faster and,-3.664603343001005e-17
move faster,-3.664603343001005e-17
decreases,-3.664603343001005e-17
this can,-3.6774782437992704e-17
toxins therefore,-3.69712940817557e-17
toxins therefore the,-3.69712940817557e-17
the coffee,-3.732365978781349e-17
sunroof can decrease,-3.7513395167998453e-17
adjusted sunroof,-3.7513395167998453e-17
common practice sunroof,-3.7513395167998453e-17
adjusted sunroof can,-3.7513395167998453e-17
poorly adjusted sunroof,-3.7513395167998453e-17
practice sunroof that,-3.7513395167998453e-17
practice sunroof,-3.7513395167998453e-17
brackish water is,-3.7947076036992655e-17
ocean is,-3.7947076036992655e-17
the ocean is,-3.7947076036992655e-17
is because brackish,-3.7947076036992655e-17
is too large,-3.7947076036992655e-17
because brackish water,-3.7947076036992655e-17
too large,-3.7947076036992655e-17
because brackish,-3.7947076036992655e-17
note,-3.8272336688738307e-17
days,-3.8272336688738307e-17
person in,-3.903127820947816e-17
lower,-3.924811864397526e-17
being plant,-3.9898639947466563e-17
not grow,-3.9898639947466563e-17
bodies,-4.0115480381963664e-17
overall energy,-4.0223900599212215e-17
is different from,-4.0332320816460765e-17
from the other,-4.0332320816460765e-17
is different,-4.0332320816460765e-17
this is different,-4.0332320816460765e-17
different from,-4.0332320816460765e-17
different from the,-4.0332320816460765e-17
feed on,-4.0549161250957866e-17
feed,-4.0549161250957866e-17
not directly contribute,-4.0766001685454967e-17
directly contribute to,-4.0766001685454967e-17
directly contribute,-4.0766001685454967e-17
blood,-4.119968255444917e-17
function,-4.141652298894627e-17
humans do,-4.163336342344337e-17
starting,-4.1687573532067645e-17
starting fire,-4.1687573532067645e-17
visibility of the,-4.206704429243757e-17
of the vehicle,-4.206704429243757e-17
best answer,-4.228388472693467e-17
the best answer,-4.228388472693467e-17
damp open greenhouse,-4.2392304944183223e-17
option is still,-4.2392304944183223e-17
still the,-4.2392304944183223e-17
conditions for indoor,-4.2392304944183223e-17
nonetheless option is,-4.2392304944183223e-17
indoor,-4.2392304944183223e-17
nonetheless option,-4.2392304944183223e-17
indoor plant,-4.2392304944183223e-17
for indoor plant,-4.2392304944183223e-17
indoor plant growth,-4.2392304944183223e-17
damp open,-4.2392304944183223e-17
conditions for plant,-4.2392304944183223e-17
for indoor,-4.2392304944183223e-17
greenhouse would not,-4.2392304944183223e-17
is still the,-4.2392304944183223e-17
the information,-4.251427768858784e-17
the information given,-4.251427768858784e-17
information given,-4.251427768858784e-17
information given in,-4.251427768858784e-17
on the information,-4.251427768858784e-17
given in,-4.251427768858784e-17
given in the,-4.251427768858784e-17
phenomenon,-4.274467065024101e-17
this is because,-4.2825985813177425e-17
one the,-4.3259666682171627e-17
carved the grand,-4.33138767907959e-17
carved the,-4.33138767907959e-17
not the best,-4.369334755116583e-17
canyon,-4.412702842016003e-17
as is,-4.412702842016003e-17
viewed by telescope,-4.423544863740858e-17
viewed by,-4.423544863740858e-17
viewed,-4.423544863740858e-17
by telescope,-4.423544863740858e-17
is also not,-4.466912950640278e-17
asks which,-4.466912950640278e-17
work,-4.466912950640278e-17
be reduced,-4.466912950640278e-17
question asks which,-4.466912950640278e-17
bursts it,-4.4994390158148434e-17
beach bursts,-4.4994390158148434e-17
ball on the,-4.4994390158148434e-17
ball on,-4.4994390158148434e-17
bursts,-4.4994390158148434e-17
the beach bursts,-4.4994390158148434e-17
weather,-4.5102810375396984e-17
palm tree,-4.535353212778426e-17
plant in,-4.5428071027142636e-17
the plant in,-4.5428071027142636e-17
smoother surface,-4.5854975632558803e-17
through field,-4.5888856950448975e-17
traveling through field,-4.5888856950448975e-17
natural habitat,-4.597017211338539e-17
canyon size and,-4.629543276513104e-17
size and,-4.629543276513104e-17
however the,-4.640385298237959e-17
in this context,-4.640385298237959e-17
this context,-4.640385298237959e-17
allowing the,-4.640385298237959e-17
it difficult,-4.6458063091003865e-17
can occur over,-4.694595406862234e-17
occur over,-4.694595406862234e-17
green matter the,-4.739318746477261e-17
giraffe to,-4.739318746477261e-17
giraffe to consume,-4.739318746477261e-17
in the question,-4.739318746477261e-17
and therefore,-4.7704895589362195e-17
and does not,-4.7704895589362195e-17
and does,-4.7704895589362195e-17
they would,-4.786752591523502e-17
together,-4.7935288551015365e-17
describe the time,-4.803973830132366e-17
animals migrate the,-4.803973830132366e-17
life,-4.840962700147777e-17
open and adjusted,-4.868067754459915e-17
of liquid,-4.868067754459915e-17
and cat are,-4.868067754459915e-17
while poorly,-4.868067754459915e-17
while poorly adjusted,-4.868067754459915e-17
increase visibility while,-4.868067754459915e-17
circular motion refers,-4.868067754459915e-17
the peddles,-4.868067754459915e-17
properly can increase,-4.868067754459915e-17
cat are,-4.868067754459915e-17
line the answer,-4.868067754459915e-17
wheels therefore the,-4.868067754459915e-17
and the circular,-4.868067754459915e-17
is open and,-4.868067754459915e-17
line the,-4.868067754459915e-17
adjusted properly can,-4.868067754459915e-17
open and,-4.868067754459915e-17
that is open,-4.868067754459915e-17
adjusted properly,-4.868067754459915e-17
is open,-4.868067754459915e-17
wheels therefore,-4.868067754459915e-17
because pumice,-4.868067754459915e-17
sunroof that is,-4.868067754459915e-17
and adjusted properly,-4.868067754459915e-17
the circular motion,-4.868067754459915e-17
because the statement,-4.868067754459915e-17
visibility driver ability,-4.868067754459915e-17
straight line the,-4.868067754459915e-17
visibility driver,-4.868067754459915e-17
decrease visibility driver,-4.868067754459915e-17
visibility while poorly,-4.868067754459915e-17
and adjusted,-4.868067754459915e-17
bike wheels therefore,-4.868067754459915e-17
poorly,-4.868067754459915e-17
poorly adjusted,-4.868067754459915e-17
motion refers,-4.868067754459915e-17
motion refers to,-4.868067754459915e-17
to the movement,-4.868067754459915e-17
bike in straight,-4.868067754459915e-17
sunroof that,-4.868067754459915e-17
is because pumice,-4.868067754459915e-17
the circular,-4.868067754459915e-17
objects,-4.9439619065339e-17
context for,-4.9439619065339e-17
could potentially,-4.9439619065339e-17
explanation for what,-4.949382917396328e-17
resolve conflicts,-5.046961112920023e-17
resolve,-5.046961112920023e-17
balance of the,-5.046961112920023e-17
resolve conflicts and,-5.046961112920023e-17
yearly donations,-5.046961112920023e-17
term that,-5.046961112920023e-17
term that refers,-5.046961112920023e-17
yearly donations to,-5.046961112920023e-17
atmosphere and,-5.046961112920023e-17
of star yearly,-5.046961112920023e-17
atmosphere and structure,-5.046961112920023e-17
which helps to,-5.046961112920023e-17
of star,-5.046961112920023e-17
conflicts and maintain,-5.046961112920023e-17
conflicts and,-5.046961112920023e-17
scale star,-5.046961112920023e-17
to resolve,-5.046961112920023e-17
and structure the,-5.046961112920023e-17
scale star cluster,-5.046961112920023e-17
concept of star,-5.046961112920023e-17
earth atmosphere,-5.046961112920023e-17
earth atmosphere and,-5.046961112920023e-17
the earth atmosphere,-5.046961112920023e-17
cluster,-5.046961112920023e-17
the ursa,-5.046961112920023e-17
refers to star,-5.046961112920023e-17
star yearly donation,-5.046961112920023e-17
star cluster,-5.046961112920023e-17
minor scale star,-5.046961112920023e-17
ursa major is,-5.046961112920023e-17
ursa major and,-5.046961112920023e-17
minor scale,-5.046961112920023e-17
group of stars,-5.046961112920023e-17
scale,-5.046961112920023e-17
that refers,-5.046961112920023e-17
make yearly donations,-5.046961112920023e-17
maintain the balance,-5.046961112920023e-17
major is,-5.046961112920023e-17
major is constellation,-5.046961112920023e-17
major and,-5.046961112920023e-17
structure the other,-5.046961112920023e-17
and maintain the,-5.046961112920023e-17
that refers to,-5.046961112920023e-17
to resolve conflicts,-5.046961112920023e-17
major and minor,-5.046961112920023e-17
to star,-5.046961112920023e-17
helps to resolve,-5.046961112920023e-17
helps to,-5.046961112920023e-17
the balance of,-5.046961112920023e-17
is constellation,-5.046961112920023e-17
which helps,-5.046961112920023e-17
constellation,-5.046961112920023e-17
earth rotation,-5.0523821237824507e-17
effects,-5.0523821237824507e-17
the earth rotation,-5.0523821237824507e-17
its growth,-5.074066167232161e-17
which the,-5.074066167232161e-17
of photosynthesis,-5.074066167232161e-17
car,-5.0777931122000797e-17
the car,-5.0777931122000797e-17
the driver,-5.0777931122000797e-17
of water vapor,-5.1011712215442984e-17
far away,-5.128276275856436e-17
where they,-5.171644362755856e-17
near,-5.171644362755856e-17
difference in size,-5.2475385148298415e-17
see difference in,-5.2475385148298415e-17
see difference,-5.2475385148298415e-17
is the distance,-5.2475385148298415e-17
the biggest relative,-5.2475385148298415e-17
kilometer is,-5.2475385148298415e-17
the distance,-5.2475385148298415e-17
biggest relative,-5.2475385148298415e-17
biggest relative to,-5.2475385148298415e-17
the distance at,-5.2475385148298415e-17
person would,-5.2475385148298415e-17
closer to,-5.2475385148298415e-17
explanation for,-5.2827750854356204e-17
directly,-5.2909066017292616e-17
is natural response,-5.3017486234541167e-17
mistake,-5.309880139747758e-17
for the survival,-5.323432666903827e-17
can increase visibility,-5.334274688628682e-17
sunroof can,-5.334274688628682e-17
can increase,-5.334274688628682e-17
increase visibility,-5.334274688628682e-17
necessarily decrease visibility,-5.334274688628682e-17
function of,-5.355958732078392e-17
lungs,-5.355958732078392e-17
volunteering is,-5.364090248372033e-17
activities therefore the,-5.364090248372033e-17
activities therefore,-5.364090248372033e-17
large patio setting,-5.402714950766829e-17
large patio,-5.402714950766829e-17
damp patch,-5.4643789493269423e-17
damp patch of,-5.4643789493269423e-17
patch of earth,-5.4643789493269423e-17
patch of,-5.4643789493269423e-17
patch,-5.4643789493269423e-17
of earth,-5.4643789493269423e-17
and development,-5.49148400363908e-17
growth and development,-5.49148400363908e-17
environment nonetheless,-5.572799166575493e-17
the digestion process,-5.605325231750058e-17
but it does,-5.637851296924623e-17
the ground,-5.654114329511906e-17
though they,-5.659535340374333e-17
answer for answer,-5.659535340374333e-17
even though they,-5.659535340374333e-17
specialized functions even,-5.659535340374333e-17
plants and protozoa,-5.659535340374333e-17
though they do,-5.659535340374333e-17
ability to specialize,-5.659535340374333e-17
functions even,-5.659535340374333e-17
functions even though,-5.659535340374333e-17
different functions therefore,-5.659535340374333e-17
the plant and,-5.685285141970864e-17
can decrease visibility,-5.713745448998608e-17
can decrease,-5.713745448998608e-17
can cause the,-5.724587470723463e-17
december is,-5.724587470723463e-17
blustery day would,-5.773376568485311e-17
allow,-5.778797579347739e-17
also not,-5.789639601072594e-17
note that the,-5.800481622797449e-17
functions therefore the,-5.811323644522304e-17
easily,-5.811323644522304e-17
telescope,-5.811323644522304e-17
functions therefore,-5.811323644522304e-17
and temperature,-5.822165666247159e-17
question states that,-5.854691731421724e-17
question states,-5.854691731421724e-17
bee does,-5.854691731421724e-17
the question states,-5.854691731421724e-17
to move faster,-5.908901840045999e-17
however if,-5.968532959532702e-17
accurate answer is,-5.984795992119984e-17
accurate rationale,-6.006480035569695e-17
more accurate rationale,-6.006480035569695e-17
accurate rationale would,-6.006480035569695e-17
size of the,-6.028164079019405e-17
the size of,-6.028164079019405e-17
question provides,-6.06458649575134e-17
the question provides,-6.06458649575134e-17
though,-6.071532165918825e-17
not contribute to,-6.071532165918825e-17
not contribute,-6.071532165918825e-17
even though,-6.071532165918825e-17
or obstacles,-6.158268339717665e-17
road is,-6.158268339717665e-17
driving is not,-6.158268339717665e-17
ability to see,-6.158268339717665e-17
visibility and adjusting,-6.158268339717665e-17
the road is,-6.158268339717665e-17
common practice,-6.158268339717665e-17
obstacles on the,-6.158268339717665e-17
while driving is,-6.158268339717665e-17
not common practice,-6.158268339717665e-17
visibility and,-6.158268339717665e-17
road is significant,-6.158268339717665e-17
obstacles on,-6.158268339717665e-17
obstacles,-6.158268339717665e-17
driver ability to,-6.158268339717665e-17
factor in determining,-6.158268339717665e-17
vehicles or obstacles,-6.158268339717665e-17
or obstacles on,-6.158268339717665e-17
driving is,-6.158268339717665e-17
determining visibility,-6.158268339717665e-17
driver ability,-6.158268339717665e-17
determining visibility and,-6.158268339717665e-17
in determining visibility,-6.158268339717665e-17
and adjusting side,-6.158268339717665e-17
practice,-6.158268339717665e-17
and adjusting,-6.158268339717665e-17
straight,-6.179952383167375e-17
straight line,-6.179952383167375e-17
transfer,-6.180630009525179e-17
specialize different,-6.201636426617085e-17
still as,-6.201636426617085e-17
as mammals are,-6.201636426617085e-17
for different,-6.201636426617085e-17
still as mammals,-6.201636426617085e-17
to specialize different,-6.201636426617085e-17
for different functions,-6.201636426617085e-17
different parts,-6.201636426617085e-17
is still as,-6.201636426617085e-17
specialize different parts,-6.201636426617085e-17
the answer for,-6.201636426617085e-17
answer is still,-6.201636426617085e-17
as mammals,-6.201636426617085e-17
different parts of,-6.201636426617085e-17
functions the answer,-6.201636426617085e-17
body for different,-6.201636426617085e-17
specialized functions the,-6.201636426617085e-17
vegetation,-6.217899459204368e-17
droplets this,-6.272109567828643e-17
likely answer,-6.310056643865636e-17
likely answer is,-6.310056643865636e-17
most likely answer,-6.310056643865636e-17
view,-6.315477654728063e-17
droplets which,-6.320898665590491e-17
water droplets which,-6.320898665590491e-17
do not bury,-6.353424730765056e-17
the statement does,-6.353424730765056e-17
statement does,-6.353424730765056e-17
not bury,-6.353424730765056e-17
of the bike,-6.353424730765056e-17
statement,-6.353424730765056e-17
do not eat,-6.353424730765056e-17
not specify any,-6.353424730765056e-17
particular direction or,-6.353424730765056e-17
particular direction,-6.353424730765056e-17
or speed and,-6.353424730765056e-17
any particular,-6.353424730765056e-17
statement does not,-6.353424730765056e-17
specify any particular,-6.353424730765056e-17
seeds,-6.353424730765056e-17
direction or speed,-6.353424730765056e-17
speed and the,-6.353424730765056e-17
the statement,-6.353424730765056e-17
specify any,-6.353424730765056e-17
any particular direction,-6.353424730765056e-17
direction or,-6.353424730765056e-17
or speed,-6.353424730765056e-17
particular,-6.353424730765056e-17
the environment is,-6.394082312233262e-17
environment is,-6.394082312233262e-17
nutrients to the,-6.396792817664476e-17
question should be,-6.418476861114186e-17
this question should,-6.418476861114186e-17
is called,-6.459812068940196e-17
donations to the,-6.537739100087592e-17
donations to,-6.537739100087592e-17
donations,-6.537739100087592e-17
conflicts,-6.537739100087592e-17
structure the,-6.537739100087592e-17
star yearly,-6.537739100087592e-17
reason for,-6.543160110950019e-17
mention that,-6.548581121812447e-17
mention,-6.548581121812447e-17
should mention that,-6.548581121812447e-17
mention that the,-6.548581121812447e-17
rationale should mention,-6.548581121812447e-17
that the phrase,-6.548581121812447e-17
should mention,-6.548581121812447e-17
food but,-6.570265165262157e-17
skin and,-6.570265165262157e-17
of food but,-6.570265165262157e-17
environments,-6.591949208711867e-17
certain,-6.591949208711867e-17
food for,-6.597370219574294e-17
visibility while driving,-6.614649691698282e-17
is not used,-6.635317295611287e-17
not used,-6.635317295611287e-17
in many,-6.67326437164828e-17
which is more,-6.697658920529204e-17
gas to,-6.697658920529204e-17
often associated,-6.697658920529204e-17
gas to liquid,-6.697658920529204e-17
from gas,-6.697658920529204e-17
from gas to,-6.697658920529204e-17
often associated with,-6.697658920529204e-17
is often associated,-6.697658920529204e-17
which means,-6.70680687635955e-17
process as,-6.727474480272555e-17
choices provide reason,-6.754579534584693e-17
provide reason,-6.754579534584693e-17
provide enough information,-6.797947621484113e-17
enough information,-6.797947621484113e-17
enough information to,-6.797947621484113e-17
in bowl,-6.804723885062147e-17
the growth,-6.830473686658678e-17
the body for,-6.852157730108388e-17
mirrors while driving,-6.852157730108388e-17
body for,-6.852157730108388e-17
side mirrors while,-6.852157730108388e-17
mirrors while,-6.852157730108388e-17
motion the,-6.884683795282953e-17
not typical,-6.895525817007808e-17
typical,-6.895525817007808e-17
is especially true,-6.900946827870236e-17
especially true,-6.900946827870236e-17
question does not,-6.928051882182373e-17
the other distances,-6.938893903907228e-17
listed,-6.938893903907228e-17
would appear the,-6.938893903907228e-17
would appear,-6.938893903907228e-17
distance at,-6.938893903907228e-17
the object would,-6.938893903907228e-17
distance at which,-6.938893903907228e-17
which the object,-6.938893903907228e-17
away and,-6.938893903907228e-17
the biggest,-6.938893903907228e-17
moves farther,-6.938893903907228e-17
moves farther away,-6.938893903907228e-17
farther away and,-6.938893903907228e-17
other distances,-6.938893903907228e-17
other distances listed,-6.938893903907228e-17
at which the,-6.938893903907228e-17
distances listed,-6.938893903907228e-17
biggest,-6.938893903907228e-17
object would appear,-6.938893903907228e-17
one moves farther,-6.938893903907228e-17
object would,-6.938893903907228e-17
appear the biggest,-6.938893903907228e-17
first,-6.94702542020087e-17
do so,-6.960577947356938e-17
transportation system,-6.96870946365058e-17
its growth and,-6.96870946365058e-17
other vehicles or,-6.971419969081794e-17
vehicles or,-6.971419969081794e-17
away making it,-6.982261990806649e-17
away making,-6.982261990806649e-17
are not capable,-6.982261990806649e-17
and form,-7.039097901567412e-17
other choices sticks,-7.041893110293351e-17
not eat and,-7.041893110293351e-17
the rationale incorrect,-7.041893110293351e-17
are not what,-7.041893110293351e-17
rationale incorrect,-7.041893110293351e-17
making the,-7.041893110293351e-17
choices sticks algae,-7.041893110293351e-17
eats thus making,-7.041893110293351e-17
eat and,-7.041893110293351e-17
thus making,-7.041893110293351e-17
making the rationale,-7.041893110293351e-17
does not eat,-7.041893110293351e-17
not what an,-7.041893110293351e-17
choices sticks,-7.041893110293351e-17
eats thus,-7.041893110293351e-17
cheese are not,-7.041893110293351e-17
eat and the,-7.041893110293351e-17
thus making the,-7.041893110293351e-17
herbivore eats thus,-7.041893110293351e-17
avoid this,-7.07306392275231e-17
common mistake that,-7.07306392275231e-17
to accidents,-7.07306392275231e-17
avoid this it,-7.07306392275231e-17
lead to accidents,-7.07306392275231e-17
to accidents to,-7.07306392275231e-17
is common mistake,-7.07306392275231e-17
to avoid,-7.07306392275231e-17
common mistake,-7.07306392275231e-17
mistake that,-7.07306392275231e-17
mistake that can,-7.07306392275231e-17
to avoid this,-7.07306392275231e-17
avoid,-7.07306392275231e-17
accidents to avoid,-7.07306392275231e-17
that can lead,-7.07306392275231e-17
this it essential,-7.07306392275231e-17
this it,-7.07306392275231e-17
relative to the,-7.112366251504909e-17
can be,-7.112366251504909e-17
relative to,-7.112366251504909e-17
because mice,-7.166576360129184e-17
because mice are,-7.166576360129184e-17
is because mice,-7.166576360129184e-17
visibility of,-7.19910242530375e-17
grow but,-7.19910242530375e-17
the visibility of,-7.19910242530375e-17
bowl,-7.216720710606639e-17
other hand would,-7.284144533208081e-17
hand would,-7.284144533208081e-17
would also,-7.284144533208081e-17
are born alive,-7.3075226425523e-17
gradually,-7.31158840069912e-17
that an,-7.318364664277155e-17
difference in,-7.32920668600201e-17
difference,-7.32920668600201e-17
bowl which,-7.332256004612125e-17
fundamental,-7.37257477290143e-17
is fundamental,-7.37257477290143e-17
of energy,-7.405100838075995e-17
to grow,-7.41594285980085e-17
rate,-7.41594285980085e-17
is also,-7.41594285980085e-17
functions the,-7.41594285980085e-17
relate to the,-7.443047914112988e-17
time segment,-7.473244638682604e-17
segment,-7.473244638682604e-17
segment during,-7.473244638682604e-17
segment during which,-7.473244638682604e-17
which animals,-7.473244638682604e-17
the time segment,-7.473244638682604e-17
time segment during,-7.473244638682604e-17
which animals migrate,-7.473244638682604e-17
during which,-7.473244638682604e-17
during which animals,-7.473244638682604e-17
properly can,-7.502679033599691e-17
cellular,-7.512165802608939e-17
accurately describes,-7.524363077049401e-17
growth,-7.546047120499111e-17
the blood,-7.638204305160379e-17
affected by the,-7.676151381197371e-17
farmer,-7.684282897491013e-17
thus,-7.730361489821647e-17
this question the,-7.766275686785229e-17
in this question,-7.766275686785229e-17
however if the,-7.800834631033204e-17
useless,-7.803545136464418e-17
is effectively,-7.803545136464418e-17
for cause,-7.803545136464418e-17
for cause for,-7.803545136464418e-17
scenario the question,-7.803545136464418e-17
even plausible answers,-7.803545136464418e-17
useless the,-7.803545136464418e-17
useless the other,-7.803545136464418e-17
asks for cause,-7.803545136464418e-17
the given scenario,-7.803545136464418e-17
given scenario the,-7.803545136464418e-17
given scenario,-7.803545136464418e-17
is effectively useless,-7.803545136464418e-17
question is effectively,-7.803545136464418e-17
not even,-7.803545136464418e-17
effectively useless the,-7.803545136464418e-17
effectively useless,-7.803545136464418e-17
not even plausible,-7.803545136464418e-17
plausible answers for,-7.803545136464418e-17
are not even,-7.803545136464418e-17
even plausible,-7.803545136464418e-17
it this,-7.827939685345342e-17
the given question,-7.892991815694472e-17
given question,-7.892991815694472e-17
contribute to the,-7.892991815694472e-17
and is not,-7.914675859144182e-17
because squirrels,-7.930938891731465e-17
is because squirrels,-7.930938891731465e-17
to occur,-7.935004649878286e-17
answer is based,-7.936359902593892e-17
bike in,-7.990570011218168e-17
is pushing,-7.990570011218168e-17
the bike in,-7.990570011218168e-17
is pushing the,-7.990570011218168e-17
person is pushing,-7.990570011218168e-17
pushing the bike,-7.990570011218168e-17
effectively,-8.023096076392733e-17
and minor,-8.077306185017008e-17
and adjust the,-8.097634975751111e-17
adjust the mirrors,-8.097634975751111e-17
maintain safe,-8.097634975751111e-17
match,-8.097634975751111e-17
maintain safe driving,-8.097634975751111e-17
to maintain safe,-8.097634975751111e-17
posture,-8.097634975751111e-17
posture and adjust,-8.097634975751111e-17
safe driving posture,-8.097634975751111e-17
safe driving,-8.097634975751111e-17
match the,-8.097634975751111e-17
posture and,-8.097634975751111e-17
adjust the,-8.097634975751111e-17
and adjust,-8.097634975751111e-17
match the vehicle,-8.097634975751111e-17
to match,-8.097634975751111e-17
adjust,-8.097634975751111e-17
to match the,-8.097634975751111e-17
essential to maintain,-8.097634975751111e-17
driving posture and,-8.097634975751111e-17
driving posture,-8.097634975751111e-17
mirrors to match,-8.097634975751111e-17
as they move,-8.098990228466718e-17
they move,-8.098990228466718e-17
in humans,-8.131516293641283e-17
way,-8.196568423990414e-17
this is fundamental,-8.196568423990414e-17
reason why,-8.212831456577696e-17
mammals are capable,-8.326672684688674e-17
process is,-8.326672684688674e-17
in damp,-8.337514706413529e-17
are in,-8.348356728138384e-17
are in the,-8.348356728138384e-17
they bury,-8.407987847625087e-17
seed dispersers,-8.407987847625087e-17
they bury their,-8.407987847625087e-17
eat acorns,-8.407987847625087e-17
dispersers,-8.407987847625087e-17
for why,-8.410698353056301e-17
but not,-8.429671891074797e-17
is result,-8.447290176377686e-17
is result of,-8.447290176377686e-17
is microorganisms,-8.456776945386935e-17
and amoebas,-8.456776945386935e-17
is microorganisms that,-8.456776945386935e-17
the digestive system,-8.456776945386935e-17
the digestive,-8.456776945386935e-17
through the digestive,-8.456776945386935e-17
to pass,-8.456776945386935e-17
to pass through,-8.456776945386935e-17
walls and,-8.456776945386935e-17
walls and lack,-8.456776945386935e-17
in humans through,-8.456776945386935e-17
system intact,-8.456776945386935e-17
pass,-8.456776945386935e-17
them to pass,-8.456776945386935e-17
intact,-8.456776945386935e-17
and lack organelles,-8.456776945386935e-17
allows them to,-8.456776945386935e-17
pass through the,-8.456776945386935e-17
pass through,-8.456776945386935e-17
to the digestion,-8.456776945386935e-17
humans through,-8.456776945386935e-17
humans through the,-8.456776945386935e-17
cellular respiration and,-8.456776945386935e-17
cell walls and,-8.456776945386935e-17
digestive system intact,-8.456776945386935e-17
cellular respiration,-8.456776945386935e-17
digestive system,-8.456776945386935e-17
bacteria and amoebas,-8.456776945386935e-17
and lack,-8.456776945386935e-17
relate to,-8.4893030105615e-17
relate,-8.4893030105615e-17
for photosynthesis,-8.55435514091063e-17
not necessarily decrease,-8.565197162635485e-17
because the plant,-8.565197162635485e-17
necessarily decrease,-8.565197162635485e-17
not the largest,-8.578749689791554e-17
largest organ the,-8.578749689791554e-17
option could,-8.586881206085195e-17
as bacteria and,-8.64109131470947e-17
such as bacteria,-8.64109131470947e-17
as bacteria,-8.64109131470947e-17
should be the,-8.673617379884035e-17
mixed,-8.705635225290248e-17
ingredients,-8.705635225290248e-17
ingredients are,-8.705635225290248e-17
yearly,-8.760353553682876e-17
answer for,-8.847089727481716e-17
digestive,-8.868773770931426e-17
sudden,-8.872839529078247e-17
an organism,-8.878260539940674e-17
an organism that,-8.878260539940674e-17
not specify,-8.895878825243564e-17
does not specify,-8.895878825243564e-17
specify,-8.895878825243564e-17
is common adaptation,-8.912141857830846e-17
common adaptation,-8.912141857830846e-17
and is used,-8.944667923005412e-17
palm tree to,-8.964996713739515e-17
tree to grow,-8.964996713739515e-17
wet,-8.982614999042404e-17
sources,-8.990746515336046e-17
sharks,-8.998878031629687e-17
food sources,-9.053088140253962e-17
live in,-9.053088140253962e-17
it essential to,-9.092390469006562e-17
essential to,-9.092390469006562e-17
direction this is,-9.092390469006562e-17
accidents to,-9.092390469006562e-17
accidents,-9.092390469006562e-17
it essential,-9.092390469006562e-17
common occurrence,-9.10187723801581e-17
ability to,-9.107298248878237e-17
so it,-9.150666335777657e-17
the lungs,-9.172350379227368e-17
but lack organelles,-9.194034422677078e-17
but lack,-9.194034422677078e-17
windshield,-9.21029745526436e-17
states that the,-9.215718466126788e-17
seen,-9.234692004145284e-17
criteria therefore none,-9.248244531301353e-17
that criteria,-9.248244531301353e-17
options meet that,-9.248244531301353e-17
criteria,-9.248244531301353e-17
meet that criteria,-9.248244531301353e-17
that criteria therefore,-9.248244531301353e-17
start but,-9.248244531301353e-17
start but none,-9.248244531301353e-17
provided options meet,-9.248244531301353e-17
to start but,-9.248244531301353e-17
criteria therefore,-9.248244531301353e-17
options meet,-9.248244531301353e-17
rationale would,-9.259086553026208e-17
nonetheless taking,-9.280770596475918e-17
environment and make,-9.280770596475918e-17
live therefore the,-9.280770596475918e-17
not silver bullet,-9.280770596475918e-17
does provide rationale,-9.280770596475918e-17
does provide,-9.280770596475918e-17
why taking shorter,-9.280770596475918e-17
the impact on,-9.280770596475918e-17
nonetheless taking shorter,-9.280770596475918e-17
help reduce the,-9.280770596475918e-17
determining the,-9.280770596475918e-17
also important,-9.280770596475918e-17
determining the amount,-9.280770596475918e-17
humidity and flow,-9.280770596475918e-17
temperature fluctuations humidity,-9.280770596475918e-17
environment nonetheless taking,-9.280770596475918e-17
and that,-9.280770596475918e-17
provided does provide,-9.280770596475918e-17
why taking,-9.280770596475918e-17
and that other,-9.280770596475918e-17
not silver,-9.280770596475918e-17
silver,-9.280770596475918e-17
strain on the,-9.280770596475918e-17
important in determining,-9.280770596475918e-17
rate are,-9.280770596475918e-17
the environment nonetheless,-9.280770596475918e-17
such as temperature,-9.280770596475918e-17
live therefore,-9.280770596475918e-17
fluctuations humidity and,-9.280770596475918e-17
fluctuations humidity,-9.280770596475918e-17
flow rate,-9.280770596475918e-17
are also important,-9.280770596475918e-17
can help conserve,-9.280770596475918e-17
bullet,-9.280770596475918e-17
bullet and,-9.280770596475918e-17
bullet and that,-9.280770596475918e-17
as temperature,-9.280770596475918e-17
flow rate are,-9.280770596475918e-17
rate are also,-9.280770596475918e-17
as temperature fluctuations,-9.280770596475918e-17
help conserve water,-9.280770596475918e-17
water and make,-9.280770596475918e-17
is not silver,-9.280770596475918e-17
for why taking,-9.280770596475918e-17
also important in,-9.280770596475918e-17
used and the,-9.280770596475918e-17
in determining the,-9.280770596475918e-17
and flow,-9.280770596475918e-17
and flow rate,-9.280770596475918e-17
conserve water and,-9.280770596475918e-17
to live therefore,-9.280770596475918e-17
silver bullet and,-9.280770596475918e-17
silver bullet,-9.280770596475918e-17
and the impact,-9.280770596475918e-17
help conserve,-9.280770596475918e-17
snowfall,-9.291612618200773e-17
heavy snowfall,-9.291612618200773e-17
to wind water,-9.302454639925628e-17
to wind,-9.302454639925628e-17
complete,-9.322783430659731e-17
answer rationale triplet,-9.345822726825048e-17
answer rationale,-9.345822726825048e-17
question answer,-9.345822726825048e-17
this question answer,-9.345822726825048e-17
question answer rationale,-9.345822726825048e-17
size of,-9.367506770274758e-17
of plant,-9.400032835449323e-17
of what,-9.408164351742965e-17
are born,-9.475926987523309e-17
that an herbivore,-9.478637492954523e-17
herbaceous organisms therefore,-9.478637492954523e-17
other herbaceous,-9.478637492954523e-17
is that an,-9.478637492954523e-17
herbaceous organisms,-9.478637492954523e-17
other herbaceous organisms,-9.478637492954523e-17
herbaceous,-9.478637492954523e-17
plants and other,-9.478637492954523e-17
consuming plants and,-9.478637492954523e-17
and other herbaceous,-9.478637492954523e-17
where it,-9.519295074422729e-17
nutrients the,-9.519295074422729e-17
the sunroof,-9.530137096147584e-17
abrasive,-9.535558107010011e-17
other factors such,-9.540979117872439e-17
that other factors,-9.540979117872439e-17
plant to,-9.551821139597294e-17
the plant to,-9.551821139597294e-17
as this,-9.606031248221569e-17
as this is,-9.606031248221569e-17
photosynthesis,-9.627715291671279e-17
side mirrors,-9.64939933512099e-17
type,-9.64939933512099e-17
side,-9.64939933512099e-17
type of,-9.64939933512099e-17
adjusting side mirrors,-9.64939933512099e-17
adjusting side,-9.64939933512099e-17
adjusting,-9.64939933512099e-17
through the,-9.660241356845845e-17
determine,-9.6710833785707e-17
adjusted,-9.73613550891983e-17
harmful,-9.77950359581925e-17
hot,-9.806608650131388e-17
arid,-9.828292693581098e-17
revolution,-9.84455572616838e-17
question rationale triplet,-9.877081791342945e-17
question rationale,-9.877081791342945e-17
this question rationale,-9.877081791342945e-17
allows,-9.879792296774159e-17
affecting it,-9.912318361948724e-17
directly affecting it,-9.912318361948724e-17
affecting the environment,-9.912318361948724e-17
affecting the,-9.912318361948724e-17
directly affecting the,-9.912318361948724e-17
preserve,-9.912318361948724e-17
affecting it this,-9.912318361948724e-17
preserve the,-9.912318361948724e-17
can help preserve,-9.912318361948724e-17
preserve the environment,-9.912318361948724e-17
help preserve,-9.912318361948724e-17
help preserve the,-9.912318361948724e-17
it this balance,-9.912318361948724e-17
examples,-9.929597834072712e-17
all examples,-9.929597834072712e-17
examples of,-9.929597834072712e-17
are all examples,-9.929597834072712e-17
all examples of,-9.929597834072712e-17
an animal,-9.952975943416931e-17
month,-9.996344030316351e-17
ocean or land,-1.0018028073766061e-16
spaces therefore,-1.0018028073766061e-16
spaces therefore the,-1.0018028073766061e-16
ocean or,-1.0018028073766061e-16
areas ocean or,-1.0018028073766061e-16
oceanic,-1.0018028073766061e-16
oceanic environments,-1.0018028073766061e-16
areas the answer,-1.0018028073766061e-16
spaces,-1.0018028073766061e-16
oceanic environments the,-1.0018028073766061e-16
environments the term,-1.0018028073766061e-16
areas ocean,-1.0018028073766061e-16
environments they,-1.0018028073766061e-16
living in marshy,-1.0018028073766061e-16
environments they are,-1.0018028073766061e-16
the term land,-1.0018028073766061e-16
known to have,-1.0018028073766061e-16
living in large,-1.0018028073766061e-16
or land the,-1.0018028073766061e-16
or oceanic,-1.0018028073766061e-16
land is,-1.0018028073766061e-16
or oceanic environments,-1.0018028073766061e-16
term land,-1.0018028073766061e-16
term land is,-1.0018028073766061e-16
land is also,-1.0018028073766061e-16
been found in,-1.0018028073766061e-16
been found,-1.0018028073766061e-16
to have been,-1.0018028073766061e-16
are not known,-1.0018028073766061e-16
area as,-1.0018028073766061e-16
boggy areas,-1.0018028073766061e-16
have been found,-1.0018028073766061e-16
area as they,-1.0018028073766061e-16
boggy areas ocean,-1.0018028073766061e-16
open spaces therefore,-1.0018028073766061e-16
and other wet,-1.0018028073766061e-16
boggy or,-1.0018028073766061e-16
live in boggy,-1.0018028073766061e-16
boggy or oceanic,-1.0018028073766061e-16
open spaces,-1.0018028073766061e-16
or land,-1.0018028073766061e-16
areas and other,-1.0018028073766061e-16
land the term,-1.0018028073766061e-16
large open,-1.0018028073766061e-16
large open spaces,-1.0018028073766061e-16
land the,-1.0018028073766061e-16
areas the,-1.0018028073766061e-16
marshy areas and,-1.0018028073766061e-16
in large open,-1.0018028073766061e-16
found in boggy,-1.0018028073766061e-16
marshy areas the,-1.0018028073766061e-16
wet environments they,-1.0018028073766061e-16
other wet,-1.0018028073766061e-16
marshy area as,-1.0018028073766061e-16
wet environments,-1.0018028073766061e-16
commonly found in,-1.0018028073766061e-16
in boggy or,-1.0018028073766061e-16
not known,-1.0018028073766061e-16
in boggy areas,-1.0018028073766061e-16
found in marshy,-1.0018028073766061e-16
also not typical,-1.0018028073766061e-16
not known to,-1.0018028073766061e-16
in large,-1.0018028073766061e-16
other wet environments,-1.0018028073766061e-16
development the,-1.0023449084628488e-16
transport water,-1.0023449084628488e-16
transport water and,-1.0023449084628488e-16
used and,-1.0039712117215771e-16
are also,-1.0039712117215771e-16
droplets of,-1.0055975149803054e-16
droplets of water,-1.0055975149803054e-16
allowed in protected,-1.0072238182390336e-16
allowed in,-1.0072238182390336e-16
why choice,-1.0083080204115191e-16
ursa major,-1.0093922225840046e-16
yearly resolution,-1.0093922225840046e-16
peddles,-1.0099343236702474e-16
factors such as,-1.0104764247564901e-16
factors such,-1.0104764247564901e-16
is often the,-1.0126448291014611e-16
rivers meet creating,-1.0126448291014611e-16
brackish organisms,-1.0126448291014611e-16
brackish organisms therefore,-1.0126448291014611e-16
example is,-1.0126448291014611e-16
of water with,-1.0126448291014611e-16
found where,-1.0126448291014611e-16
found where several,-1.0126448291014611e-16
streams and,-1.0126448291014611e-16
streams and body,-1.0126448291014611e-16
high salinity this,-1.0126448291014611e-16
streams,-1.0126448291014611e-16
salinity this,-1.0126448291014611e-16
salinity this is,-1.0126448291014611e-16
of streams and,-1.0126448291014611e-16
meet creating,-1.0126448291014611e-16
meet creating confluence,-1.0126448291014611e-16
case in,-1.0126448291014611e-16
case in areas,-1.0126448291014611e-16
of streams,-1.0126448291014611e-16
and body,-1.0126448291014611e-16
survival of brackish,-1.0126448291014611e-16
and body of,-1.0126448291014611e-16
often the case,-1.0126448291014611e-16
where several,-1.0126448291014611e-16
creating confluence of,-1.0126448291014611e-16
creating confluence,-1.0126448291014611e-16
water with,-1.0126448291014611e-16
water with high,-1.0126448291014611e-16
several large,-1.0126448291014611e-16
where several large,-1.0126448291014611e-16
often found where,-1.0126448291014611e-16
confluence of streams,-1.0126448291014611e-16
of brackish organisms,-1.0126448291014611e-16
conditions for the,-1.0126448291014611e-16
several large rivers,-1.0126448291014611e-16
the case in,-1.0126448291014611e-16
confluence,-1.0126448291014611e-16
confluence of,-1.0126448291014611e-16
the mirrors to,-1.0128481170088022e-16
mirrors to,-1.0128481170088022e-16
harder,-1.0148132334464322e-16
windows would,-1.0169816377914032e-16
without windows would,-1.0169816377914032e-16
and large,-1.0191500421363742e-16
because the colorado,-1.0191500421363742e-16
deep and large,-1.0191500421363742e-16
that have,-1.0278236595162582e-16
relative,-1.0321604682062002e-16
and ready to,-1.0343288725511712e-16
and ready,-1.0343288725511712e-16
energy to,-1.0343288725511712e-16
that other,-1.0354130747236567e-16
environment and the,-1.0382591054264312e-16
of the canyon,-1.0386656812411132e-16
because the stars,-1.0442222173751015e-16
the question as,-1.0451708942760263e-16
as one moves,-1.0495077029659683e-16
correct and the,-1.0495077029659683e-16
one moves,-1.0495077029659683e-16
as one,-1.0495077029659683e-16
plant and,-1.0560129160008813e-16
can cause,-1.0581813203458523e-16
to the process,-1.0603497246908233e-16
energy from the,-1.0603497246908233e-16
driven,-1.0636023312082798e-16
example is not,-1.0646865333807654e-16
the fluid,-1.0684812409844646e-16
most likely to,-1.0692943926138287e-16
make,-1.0711917464156784e-16
direction,-1.0711917464156784e-16
appear the,-1.0733601507606494e-16
distances,-1.0733601507606494e-16
answer provides specific,-1.0766127572781059e-16
the answer provides,-1.0766127572781059e-16
living organism that,-1.0863705768304754e-16
key aspect of,-1.0890980229206343e-16
key aspect,-1.0890980229206343e-16
aspect,-1.0890980229206343e-16
aspect of,-1.0890980229206343e-16
aspect of the,-1.0890980229206343e-16
about what,-1.0907073855204175e-16
rock that,-1.094366567852556e-16
able to see,-1.0950441942103595e-16
driver,-1.0950441942103595e-16
therefore it,-1.0972125985553305e-16
respiration and,-1.0993810029003015e-16
like,-1.0993810029003015e-16
reactions so,-1.1009395435232494e-16
reactions so it,-1.1009395435232494e-16
chemical reactions so,-1.1009395435232494e-16
into the air,-1.102633609417758e-16
carbon dioxide and,-1.1037178115902435e-16
dioxide and,-1.1037178115902435e-16
is due to,-1.1053441148489718e-16
is due,-1.1053441148489718e-16
inanimate,-1.1058862159352145e-16
example the,-1.1080546202801855e-16
overall energy consumption,-1.1088677719095497e-16
food is not,-1.109138822452671e-16
decrease visibility,-1.1123914289701275e-16
the vehicle direction,-1.1141532575004165e-16
vehicle direction,-1.1141532575004165e-16
direction this,-1.1141532575004165e-16
vehicle direction this,-1.1141532575004165e-16
they do not,-1.1145598333150986e-16
the body,-1.115644035487584e-16
an instrument used,-1.1175413892894337e-16
instrument used to,-1.1175413892894337e-16
an instrument,-1.1175413892894337e-16
is an instrument,-1.1175413892894337e-16
instrument used,-1.1175413892894337e-16
lowered,-1.117812439832555e-16
used the,-1.1194387430912833e-16
conserve,-1.1232334506949826e-16
by removing,-1.124487059456919e-16
or person,-1.1319070680748666e-16
likely to be,-1.1346175735060804e-16
pushing the,-1.1351596745923231e-16
the xylem,-1.1351596745923231e-16
to be introduced,-1.1362438767648086e-16
be introduced to,-1.1362438767648086e-16
be introduced,-1.1362438767648086e-16
introduced to,-1.1362438767648086e-16
visibility while,-1.1384122811097797e-16
not directly cause,-1.1384122811097797e-16
directly cause,-1.1384122811097797e-16
tubes,-1.148712201748392e-16
plant stem contains,-1.148712201748392e-16
of tubes,-1.148712201748392e-16
stem contains,-1.148712201748392e-16
the wind,-1.1492543028346347e-16
which allows them,-1.1514227071796057e-16
molecules which,-1.1514227071796057e-16
aid in,-1.1514227071796057e-16
molecules which allows,-1.1514227071796057e-16
food molecules,-1.1514227071796057e-16
aid in the,-1.1514227071796057e-16
food molecules which,-1.1514227071796057e-16
allows them,-1.1514227071796057e-16
down food molecules,-1.1514227071796057e-16
breaking down food,-1.1514227071796057e-16
makes,-1.1549463642401836e-16
coffee,-1.1557595158695477e-16
because wind can,-1.156030566412669e-16
for why the,-1.1600963245594897e-16
and minimize,-1.163891032163189e-16
the environment in,-1.163891032163189e-16
actions and minimize,-1.163891032163189e-16
actions and,-1.163891032163189e-16
balance of options,-1.163891032163189e-16
to balance,-1.163891032163189e-16
and minimize their,-1.163891032163189e-16
to balance their,-1.163891032163189e-16
balance their,-1.163891032163189e-16
options allows the,-1.163891032163189e-16
of options allows,-1.163891032163189e-16
case the person,-1.163891032163189e-16
the person to,-1.163891032163189e-16
options allows,-1.163891032163189e-16
person can help,-1.163891032163189e-16
allows the person,-1.163891032163189e-16
this balance of,-1.163891032163189e-16
of options,-1.163891032163189e-16
their actions and,-1.163891032163189e-16
environment in this,-1.163891032163189e-16
environment in,-1.163891032163189e-16
balance their actions,-1.163891032163189e-16
person to balance,-1.163891032163189e-16
person to,-1.163891032163189e-16
the person can,-1.163891032163189e-16
common or,-1.1709383462843448e-16
event,-1.1709383462843448e-16
for the third,-1.171751497913709e-16
meet that,-1.1720225484568303e-16
nutrients primarily from,-1.1731067506293158e-16
nutrients primarily,-1.1731067506293158e-16
not what,-1.1731067506293158e-16
herbivore is,-1.1731067506293158e-16
is an organism,-1.1731067506293158e-16
its nutrients,-1.1731067506293158e-16
herbivore is an,-1.1731067506293158e-16
primarily from consuming,-1.1731067506293158e-16
that obtains its,-1.1731067506293158e-16
obtains,-1.1731067506293158e-16
obtains its,-1.1731067506293158e-16
an herbivore eats,-1.1731067506293158e-16
that obtains,-1.1731067506293158e-16
obtains its nutrients,-1.1731067506293158e-16
herbivore eats,-1.1731067506293158e-16
eats,-1.1731067506293158e-16
consuming plants,-1.1731067506293158e-16
an herbivore is,-1.1731067506293158e-16
from consuming,-1.1731067506293158e-16
organism that obtains,-1.1731067506293158e-16
from consuming plants,-1.1731067506293158e-16
primarily from,-1.1731067506293158e-16
its nutrients primarily,-1.1731067506293158e-16
squirrels,-1.17391990225868e-16
carries,-1.174529765980703e-16
protected environments,-1.179069862577986e-16
for the plant,-1.195197369893708e-16
growth and,-1.1964170973377541e-16
to the question,-1.196959198423997e-16
kilometer,-1.1980434005964824e-16
major,-1.1980434005964824e-16
driving to,-1.199127602768968e-16
driving to work,-1.199127602768968e-16
while driving to,-1.199127602768968e-16
to work,-1.199127602768968e-16
is based,-1.199127602768968e-16
is based on,-1.199127602768968e-16
sustainable,-1.199127602768968e-16
open greenhouse would,-1.2002118049414534e-16
responsible for protecting,-1.201296007113939e-16
protecting the body,-1.201296007113939e-16
for protecting,-1.201296007113939e-16
would not,-1.201296007113939e-16
for protecting the,-1.201296007113939e-16
protecting the,-1.201296007113939e-16
protecting,-1.201296007113939e-16
temperature and it,-1.2038032246378116e-16
allowed,-1.212138028838794e-16
gut,-1.2218958483911635e-16
the gut,-1.2218958483911635e-16
temperature,-1.222980050563649e-16
activities,-1.2300273646848048e-16
reduced,-1.231653667943533e-16
contrast the,-1.231653667943533e-16
in contrast the,-1.231653667943533e-16
decreasing,-1.2358549513619144e-16
can help reduce,-1.238158880978446e-16
help reduce,-1.238158880978446e-16
worn away,-1.240327285323417e-16
and carbon,-1.240327285323417e-16
moves,-1.2576745200831851e-16
strain,-1.2598429244281562e-16
food source for,-1.2598429244281562e-16
the strain on,-1.2598429244281562e-16
water used and,-1.2598429244281562e-16
conserve water,-1.2598429244281562e-16
the strain,-1.2598429244281562e-16
strain on,-1.2598429244281562e-16
reduce the strain,-1.2598429244281562e-16
cooling,-1.26255342985937e-16
until they,-1.2685165418080402e-16
bury their food,-1.2706849461530112e-16
squirrels do,-1.2706849461530112e-16
squirrels do not,-1.2706849461530112e-16
bury their,-1.2706849461530112e-16
their food,-1.2706849461530112e-16
of december is,-1.2728533504979822e-16
to determine,-1.2836953722228372e-16
cell,-1.2923689896027213e-16
weathering but,-1.2927755654174033e-16
wind water,-1.3032110113275763e-16
small carnivorous mammal,-1.3042952135000618e-16
to live in,-1.3042952135000618e-16
small carnivorous,-1.3042952135000618e-16
is commonly found,-1.3042952135000618e-16
lived in marshy,-1.3042952135000618e-16
adapted to live,-1.3042952135000618e-16
mammal that is,-1.3042952135000618e-16
marshy area,-1.3042952135000618e-16
that they lived,-1.3042952135000618e-16
commonly found,-1.3042952135000618e-16
the term bog,-1.3042952135000618e-16
of small carnivorous,-1.3042952135000618e-16
commonly,-1.3042952135000618e-16
in marshy area,-1.3042952135000618e-16
that is commonly,-1.3042952135000618e-16
type of small,-1.3042952135000618e-16
is that they,-1.3042952135000618e-16
they lived in,-1.3042952135000618e-16
they lived,-1.3042952135000618e-16
bog is not,-1.3042952135000618e-16
bog is,-1.3042952135000618e-16
term bog is,-1.3042952135000618e-16
term bog,-1.3042952135000618e-16
is commonly,-1.3042952135000618e-16
explanation of the,-1.3053794156725473e-16
the object,-1.3053794156725473e-16
process is often,-1.30592151675879e-16
the choice,-1.307276769474397e-16
annual cycle,-1.307276769474397e-16
ursa,-1.3075478200175183e-16
explanation of,-1.3075478200175183e-16
of the epidermis,-1.3108004265349749e-16
it is unlikely,-1.3108004265349749e-16
unlikely that,-1.3108004265349749e-16
is unlikely that,-1.3108004265349749e-16
second,-1.3108004265349749e-16
second largest,-1.3108004265349749e-16
second largest organ,-1.3108004265349749e-16
through the process,-1.3118846287074604e-16
vapor is,-1.3134431693304083e-16
the dark clouds,-1.3134431693304083e-16
clouds are,-1.3134431693304083e-16
the dark,-1.3134431693304083e-16
dark clouds are,-1.3134431693304083e-16
answer provides,-1.3162214373974024e-16
acorns,-1.3162214373974024e-16
too small,-1.3167635384836451e-16
it the most,-1.3167635384836451e-16
is too small,-1.3167635384836451e-16
escaping,-1.3167635384836451e-16
are inanimate objects,-1.3167635384836451e-16
inanimate objects that,-1.3167635384836451e-16
are inanimate,-1.3167635384836451e-16
minimize their impact,-1.3221845493460727e-16
minimize,-1.3221845493460727e-16
minimize their,-1.3221845493460727e-16
their impact,-1.3221845493460727e-16
water the,-1.3221845493460727e-16
their impact on,-1.3221845493460727e-16
mice are born,-1.3227266504323154e-16
the others,-1.323810852604801e-16
over the others,-1.323810852604801e-16
organism that,-1.3270634591222574e-16
known to,-1.328147661294743e-16
be lowered,-1.331129217269078e-16
describe the plant,-1.3335686721571705e-16
dioxide is,-1.3381765313902338e-16
carbon dioxide is,-1.3381765313902338e-16
was,-1.3395317841058407e-16
is necessary,-1.3403449357352049e-16
necessary for the,-1.3403449357352049e-16
being drawn from,-1.3403449357352049e-16
being drawn,-1.3403449357352049e-16
is necessary for,-1.3403449357352049e-16
caused by,-1.3403449357352049e-16
caused,-1.3403449357352049e-16
fluid being,-1.3403449357352049e-16
fluid being drawn,-1.3403449357352049e-16
which is necessary,-1.3403449357352049e-16
question is that,-1.3444106938820255e-16
wind speed and,-1.3471211993132393e-16
question does,-1.3509159069169385e-16
the question does,-1.3509159069169385e-16
question is not,-1.3509159069169385e-16
part of the,-1.3536264123481523e-16
planets,-1.356336917779366e-16
uses,-1.3564724430509267e-16
an abrasive,-1.3571500694087302e-16
process is essential,-1.3617579286417936e-16
oxygen and carbon,-1.3617579286417936e-16
of oxygen and,-1.3617579286417936e-16
and carbon dioxide,-1.3617579286417936e-16
of oxygen,-1.3617579286417936e-16
the epidermis in,-1.3682631416767066e-16
from harmful bacteria,-1.3682631416767066e-16
viruses and,-1.3682631416767066e-16
viruses,-1.3682631416767066e-16
the function of,-1.3682631416767066e-16
harmful bacteria viruses,-1.3682631416767066e-16
from harmful,-1.3682631416767066e-16
function of the,-1.3682631416767066e-16
the body the,-1.3682631416767066e-16
epidermis in,-1.3682631416767066e-16
used the second,-1.3682631416767066e-16
epidermis in the,-1.3682631416767066e-16
producing,-1.3682631416767066e-16
and is responsible,-1.3682631416767066e-16
in toxins,-1.3682631416767066e-16
viruses and other,-1.3682631416767066e-16
the second,-1.3682631416767066e-16
primary defense against,-1.3682631416767066e-16
body the,-1.3682631416767066e-16
body the answer,-1.3682631416767066e-16
the function,-1.3682631416767066e-16
to the function,-1.3682631416767066e-16
bacteria viruses and,-1.3682631416767066e-16
body from harmful,-1.3682631416767066e-16
bacteria viruses,-1.3682631416767066e-16
the second largest,-1.3682631416767066e-16
to exist sea,-1.369347343849192e-16
areas with high,-1.369347343849192e-16
salinity such,-1.369347343849192e-16
areas with,-1.369347343849192e-16
is too deep,-1.369347343849192e-16
ocean is too,-1.369347343849192e-16
to exist,-1.369347343849192e-16
oceans the,-1.369347343849192e-16
oceans the other,-1.369347343849192e-16
environment for brackish,-1.369347343849192e-16
large the ocean,-1.369347343849192e-16
salinity such as,-1.369347343849192e-16
as the pacific,-1.369347343849192e-16
pacific and atlantic,-1.369347343849192e-16
pacific and,-1.369347343849192e-16
water to exist,-1.369347343849192e-16
in areas with,-1.369347343849192e-16
water is often,-1.369347343849192e-16
brackish water to,-1.369347343849192e-16
deep and river,-1.369347343849192e-16
and river,-1.369347343849192e-16
and river cuts,-1.369347343849192e-16
and atlantic oceans,-1.369347343849192e-16
and atlantic,-1.369347343849192e-16
canyon which,-1.369347343849192e-16
canyon which do,-1.369347343849192e-16
for brackish,-1.369347343849192e-16
for brackish water,-1.369347343849192e-16
sea is too,-1.369347343849192e-16
this is often,-1.369347343849192e-16
sea is,-1.369347343849192e-16
exist sea is,-1.369347343849192e-16
exist sea,-1.369347343849192e-16
the pacific and,-1.369347343849192e-16
high salinity such,-1.369347343849192e-16
through canyon which,-1.369347343849192e-16
exist,-1.369347343849192e-16
not provide suitable,-1.369347343849192e-16
river cuts,-1.369347343849192e-16
atlantic oceans,-1.369347343849192e-16
provide suitable environment,-1.369347343849192e-16
too large the,-1.369347343849192e-16
atlantic,-1.369347343849192e-16
river cuts through,-1.369347343849192e-16
too deep,-1.369347343849192e-16
too deep and,-1.369347343849192e-16
atlantic oceans the,-1.369347343849192e-16
capable of specialized,-1.3704315460216776e-16
of this,-1.3704315460216776e-16
of specialized functions,-1.3704315460216776e-16
specialized functions,-1.3704315460216776e-16
the ocean,-1.3704315460216776e-16
of specialized,-1.3704315460216776e-16
by veterinarians,-1.3747683547116196e-16
veterinarians,-1.3747683547116196e-16
surgical interference by,-1.3747683547116196e-16
interference by,-1.3747683547116196e-16
interference by veterinarians,-1.3747683547116196e-16
as the,-1.3812735677465326e-16
balance,-1.3831709215483823e-16
maintaining,-1.3834419720915037e-16
large the,-1.3845261742639892e-16
and the question,-1.3883208818676884e-16
to perform,-1.3921155894713877e-16
is because microorganisms,-1.398891853049422e-16
what an herbivore,-1.4083786220586703e-16
what an,-1.4083786220586703e-16
contrast person driving,-1.4094628242311558e-16
night person,-1.4094628242311558e-16
good sight,-1.4094628242311558e-16
night person in,-1.4094628242311558e-16
good sight while,-1.4094628242311558e-16
contrast person,-1.4094628242311558e-16
rain would not,-1.4094628242311558e-16
spring morning or,-1.4094628242311558e-16
as good sight,-1.4094628242311558e-16
good,-1.4094628242311558e-16
the night person,-1.4094628242311558e-16
impairments making it,-1.4094628242311558e-16
as good,-1.4094628242311558e-16
impairments making,-1.4094628242311558e-16
morning or person,-1.4094628242311558e-16
or person driving,-1.4094628242311558e-16
visibility impairments making,-1.4094628242311558e-16
person in the,-1.4094628242311558e-16
have as good,-1.4094628242311558e-16
morning or,-1.4094628242311558e-16
would not have,-1.4094628242311558e-16
in contrast person,-1.4094628242311558e-16
have as,-1.4094628242311558e-16
not have as,-1.4094628242311558e-16
less energy used,-1.4116312285761268e-16
contrast the other,-1.4127154307486123e-16
from the sun,-1.4137996329210978e-16
organisms therefore the,-1.4137996329210978e-16
organisms therefore,-1.4137996329210978e-16
materials,-1.4137996329210978e-16
the mirrors,-1.414612784550462e-16
in energy,-1.4213890481284963e-16
greenhouse would,-1.4224732503009818e-16
not produce,-1.4224732503009818e-16
question would,-1.4224732503009818e-16
this question would,-1.4224732503009818e-16
are the,-1.4311468676808659e-16
pacific,-1.4354836763708079e-16
the pacific,-1.4354836763708079e-16
minor,-1.43982048506075e-16
new plant species,-1.448494102440634e-16
however it,-1.448494102440634e-16
eat,-1.4489684408910963e-16
amount of energy,-1.4490362035268767e-16
making it the,-1.4517467089580904e-16
its ability,-1.452830911130576e-16
form of light,-1.452830911130576e-16
its ability to,-1.452830911130576e-16
travel,-1.4560835176480325e-16
in humid open,-1.4568289066416162e-16
in humid,-1.4568289066416162e-16
lack,-1.459336124165489e-16
person is,-1.4647571350279165e-16
the person is,-1.4647571350279165e-16
area,-1.465841337200402e-16
but the microwave,-1.466451200922425e-16
dangerous substances but,-1.466451200922425e-16
best answer option,-1.466451200922425e-16
microwave does not,-1.466451200922425e-16
substances but the,-1.466451200922425e-16
substances but,-1.466451200922425e-16
the body from,-1.4669255393728875e-16
body from,-1.4669255393728875e-16
reason,-1.474514954580286e-16
answer over,-1.4755991567527715e-16
answer over the,-1.4755991567527715e-16
correct answer over,-1.4755991567527715e-16
often the phrase,-1.478851763270228e-16
internal,-1.4842727741326556e-16
internal temperature,-1.4842727741326556e-16
oceans,-1.485356976305141e-16
to its,-1.491862189340054e-16
mechanism,-1.494030593685025e-16
making it more,-1.5039239385089553e-16
distant object,-1.5048726154098802e-16
making it harder,-1.5048726154098802e-16
distant,-1.5048726154098802e-16
harder for,-1.5048726154098802e-16
it harder,-1.5048726154098802e-16
it harder for,-1.5048726154098802e-16
breathing organs,-1.5081252219273367e-16
deposits,-1.5081252219273367e-16
the increased,-1.5081252219273367e-16
breathing organs are,-1.5081252219273367e-16
fat deposits,-1.5081252219273367e-16
the excess,-1.5081252219273367e-16
matter such,-1.5086673230135794e-16
matter such as,-1.5086673230135794e-16
objects that are,-1.5092094240998222e-16
objects that,-1.5092094240998222e-16
environment and,-1.5113778284447932e-16
photosynthesis the,-1.5146304349622497e-16
breathing,-1.5146304349622497e-16
pumice,-1.5157146371347352e-16
use by,-1.518425142565949e-16
is released,-1.5189672436521917e-16
to heat,-1.5200514458246772e-16
options,-1.5265566588595902e-16
determining,-1.5308934675495323e-16
in determining,-1.5308934675495323e-16
field,-1.5308934675495323e-16
way to,-1.5411933881881446e-16
that is not,-1.5439038936193583e-16
and their,-1.5449880957918438e-16
maintain overall health,-1.54817293967352e-16
body internal,-1.54817293967352e-16
reducing the body,-1.54817293967352e-16
restore the,-1.54817293967352e-16
and maintain overall,-1.54817293967352e-16
the body internal,-1.54817293967352e-16
process by removing,-1.54817293967352e-16
maintain overall,-1.54817293967352e-16
body internal temperature,-1.54817293967352e-16
lowered this,-1.54817293967352e-16
health the,-1.54817293967352e-16
and it can,-1.54817293967352e-16
restore,-1.54817293967352e-16
external temperature and,-1.54817293967352e-16
response to decrease,-1.54817293967352e-16
lowered this process,-1.54817293967352e-16
body overall cooling,-1.54817293967352e-16
body metabolic,-1.54817293967352e-16
body metabolic activity,-1.54817293967352e-16
process is natural,-1.54817293967352e-16
by removing excess,-1.54817293967352e-16
the body metabolic,-1.54817293967352e-16
can also contribute,-1.54817293967352e-16
activity as,-1.54817293967352e-16
arid air,-1.54817293967352e-16
restore the body,-1.54817293967352e-16
the body overall,-1.54817293967352e-16
arid air can,-1.54817293967352e-16
decrease in external,-1.54817293967352e-16
can be lowered,-1.54817293967352e-16
and reducing,-1.54817293967352e-16
and reducing the,-1.54817293967352e-16
activity as result,-1.54817293967352e-16
result the body,-1.54817293967352e-16
body temperature can,-1.54817293967352e-16
body overall,-1.54817293967352e-16
internal temperature and,-1.54817293967352e-16
removing excess heat,-1.54817293967352e-16
temperature can be,-1.54817293967352e-16
to decrease in,-1.54817293967352e-16
to restore,-1.54817293967352e-16
in external,-1.54817293967352e-16
heat and reducing,-1.54817293967352e-16
overall cooling,-1.54817293967352e-16
in external temperature,-1.54817293967352e-16
to decrease,-1.54817293967352e-16
excess heat,-1.54817293967352e-16
overall cooling process,-1.54817293967352e-16
be lowered this,-1.54817293967352e-16
excess heat and,-1.54817293967352e-16
to restore the,-1.54817293967352e-16
also contribute,-1.54817293967352e-16
help to restore,-1.54817293967352e-16
overall health the,-1.54817293967352e-16
also contribute to,-1.54817293967352e-16
the arid,-1.54817293967352e-16
temperature can,-1.54817293967352e-16
health the arid,-1.54817293967352e-16
removing excess,-1.54817293967352e-16
it can help,-1.54817293967352e-16
the arid air,-1.54817293967352e-16
air can also,-1.54817293967352e-16
metabolic activity as,-1.54817293967352e-16
cooling process by,-1.54817293967352e-16
external temperature,-1.54817293967352e-16
temperature and maintain,-1.54817293967352e-16
cooling process,-1.54817293967352e-16
without,-1.5482407023093003e-16
inanimate objects,-1.5504091066542713e-16
more weathering over,-1.553119612085485e-16
more weathering,-1.553119612085485e-16
experience more,-1.553119612085485e-16
experience more weathering,-1.553119612085485e-16
detailed explanation of,-1.5590827240341554e-16
necessary for,-1.562335330551612e-16
do not contribute,-1.5634195327240974e-16
question as,-1.5655879370690684e-16
snow that,-1.5796148026755996e-16
and snow that,-1.5796148026755996e-16
reflected,-1.581850969656351e-16
broken down,-1.5872719805187785e-16
broken,-1.5872719805187785e-16
reduce the,-1.5872719805187785e-16
system and,-1.5916087892087205e-16
position,-1.5997403055023618e-16
with bicycles,-1.6032639625629397e-16
common action,-1.6032639625629397e-16
action associated,-1.6032639625629397e-16
the bicycle forward,-1.6032639625629397e-16
action associated with,-1.6032639625629397e-16
associated with bicycles,-1.6032639625629397e-16
is common action,-1.6032639625629397e-16
bicycles where the,-1.6032639625629397e-16
common action associated,-1.6032639625629397e-16
bicycles where,-1.6032639625629397e-16
with bicycles where,-1.6032639625629397e-16
bicycle forward,-1.6032639625629397e-16
bicycles,-1.6032639625629397e-16
shore,-1.6046192152785466e-16
fishes,-1.6046192152785466e-16
fishes on,-1.6046192152785466e-16
on the shore,-1.6046192152785466e-16
fishes on the,-1.6046192152785466e-16
the shore,-1.6046192152785466e-16
to weathering,-1.6132928326584306e-16
activity and,-1.6176296413483726e-16
immune system and,-1.6176296413483726e-16
it does not,-1.6219664500383146e-16
come together and,-1.6241348543832856e-16
molecules come together,-1.6241348543832856e-16
together and,-1.6241348543832856e-16
molecules come,-1.6241348543832856e-16
come together,-1.6241348543832856e-16
and precipitation,-1.6295558652457132e-16
help to,-1.636603179366869e-16
can help to,-1.636603179366869e-16
the visibility,-1.6371452804531117e-16
balance of,-1.6393136847980827e-16
therefore it is,-1.6393136847980827e-16
fire to,-1.643108392401782e-16
pushing,-1.6479873021779667e-16
for this question,-1.6479873021779667e-16
rationale would be,-1.6501557065229377e-16
of an object,-1.6609977282477928e-16
the future,-1.6609977282477928e-16
light and heat,-1.6609977282477928e-16
own food,-1.6653345369377348e-16
conservation,-1.666147688567099e-16
water use more,-1.666147688567099e-16
conservation section,-1.666147688567099e-16
in lower bills,-1.666147688567099e-16
manual,-1.666147688567099e-16
section of,-1.666147688567099e-16
consumption as the,-1.666147688567099e-16
section of the,-1.666147688567099e-16
conservation section of,-1.666147688567099e-16
consumption as,-1.666147688567099e-16
the energy conservation,-1.666147688567099e-16
in the energy,-1.666147688567099e-16
water heater manual,-1.666147688567099e-16
up it,-1.666147688567099e-16
energy consumption as,-1.666147688567099e-16
energy to heat,-1.666147688567099e-16
water heater the,-1.666147688567099e-16
bills this is,-1.666147688567099e-16
detailed explanation can,-1.666147688567099e-16
lower bills this,-1.666147688567099e-16
less energy to,-1.666147688567099e-16
lower bills,-1.666147688567099e-16
up it uses,-1.666147688567099e-16
the water resulting,-1.666147688567099e-16
use more,-1.666147688567099e-16
heater the answer,-1.666147688567099e-16
use more detailed,-1.666147688567099e-16
uses less,-1.666147688567099e-16
uses less energy,-1.666147688567099e-16
explanation can,-1.666147688567099e-16
explanation can be,-1.666147688567099e-16
bills,-1.666147688567099e-16
energy conservation section,-1.666147688567099e-16
to heat the,-1.666147688567099e-16
it uses,-1.666147688567099e-16
heat the,-1.666147688567099e-16
heater the,-1.666147688567099e-16
heats up it,-1.666147688567099e-16
heater manual,-1.666147688567099e-16
water resulting in,-1.666147688567099e-16
heater heats up,-1.666147688567099e-16
energy conservation,-1.666147688567099e-16
heat the water,-1.666147688567099e-16
bills this,-1.666147688567099e-16
water resulting,-1.666147688567099e-16
it uses less,-1.666147688567099e-16
that this is,-1.6675029412827058e-16
because microorganisms,-1.671297648886405e-16
because microorganisms that,-1.671297648886405e-16
condensation,-1.6753295257153356e-16
fluctuations,-1.682681771697503e-16
temperature fluctuations,-1.682681771697503e-16
of partial pressure,-1.684850176042474e-16
state of partial,-1.684850176042474e-16
partial,-1.684850176042474e-16
of partial,-1.684850176042474e-16
partial pressure,-1.684850176042474e-16
water droplets,-1.684850176042474e-16
partial pressure where,-1.684850176042474e-16
food in humans,-1.691355389077387e-16
what,-1.691355389077387e-16
of food in,-1.691355389077387e-16
in the digestion,-1.691355389077387e-16
as they,-1.691355389077387e-16
occurs often the,-1.695692197767329e-16
december is colloquialism,-1.695692197767329e-16
would be the,-1.6978606021123e-16
outermost layer,-1.700029006457271e-16
outermost,-1.700029006457271e-16
the outermost layer,-1.700029006457271e-16
the outermost,-1.700029006457271e-16
is the outermost,-1.700029006457271e-16
layer of the,-1.700029006457271e-16
of the skin,-1.700029006457271e-16
outermost layer of,-1.700029006457271e-16
not responsible for,-1.7049079162334557e-16
not responsible,-1.7049079162334557e-16
given,-1.710871028182126e-16
not typically,-1.7135815336133398e-16
living organisms,-1.715207836872068e-16
because when water,-1.7176472917601604e-16
is often found,-1.726049858596923e-16
often found,-1.726049858596923e-16
in the formation,-1.7271340607694086e-16
unlikely that plants,-1.7271340607694086e-16
not provide the,-1.728218262941894e-16
process by,-1.728218262941894e-16
of the earth,-1.7336392738043216e-16
cold weather,-1.7401444868392346e-16
algae,-1.7433970933566911e-16
sticks,-1.7433970933566911e-16
cheese are,-1.7433970933566911e-16
cheese,-1.7433970933566911e-16
and cheese are,-1.7433970933566911e-16
sticks algae,-1.7433970933566911e-16
because an herbivore,-1.7433970933566911e-16
sticks algae and,-1.7433970933566911e-16
algae and cheese,-1.7433970933566911e-16
and cheese,-1.7433970933566911e-16
algae and,-1.7433970933566911e-16
wind water and,-1.7499023063916042e-16
it will,-1.7509865085640897e-16
have cell,-1.7520707107365752e-16
lack organelles,-1.7520707107365752e-16
organelles,-1.7520707107365752e-16
responsible for the,-1.7564075194265172e-16
for plant,-1.7650811368064012e-16
after the month,-1.7694179454963432e-16
weeks,-1.7694179454963432e-16
alive,-1.7694179454963432e-16
born alive,-1.7694179454963432e-16
few,-1.7694179454963432e-16
cycle,-1.7748389563587708e-16
is part,-1.7867651802561113e-16
is part of,-1.7867651802561113e-16
to see,-1.7867651802561113e-16
harmful bacteria,-1.7889335846010823e-16
and other pathogens,-1.7889335846010823e-16
body and is,-1.7889335846010823e-16
pathogens,-1.7889335846010823e-16
other pathogens,-1.7889335846010823e-16
body and,-1.7911019889460533e-16
group,-1.7943545954635098e-16
of light and,-1.7943545954635098e-16
group of,-1.7943545954635098e-16
light and,-1.7943545954635098e-16
and gaseous content,-1.7954387976359953e-16
and gaseous,-1.7954387976359953e-16
content,-1.7954387976359953e-16
on the beach,-1.7954387976359953e-16
sharks in it,-1.7954387976359953e-16
gaseous content,-1.7954387976359953e-16
options are not,-1.7954387976359953e-16
sharks in,-1.7954387976359953e-16
rationale for the,-1.7997756063259374e-16
and development the,-1.80031770741218e-16
humidity and,-1.8041124150158794e-16
metabolic activity,-1.8067212764934226e-16
metabolic,-1.8067212764934226e-16
options provide,-1.8122439313095207e-16
law,-1.8127860323957634e-16
and potentially,-1.8157675883700986e-16
sunroof,-1.8171228410857054e-16
is fundamental principle,-1.818207043258191e-16
fundamental principle,-1.818207043258191e-16
future,-1.8220017508618902e-16
in various,-1.8236280541206185e-16
would provide,-1.826880660638075e-16
would provide the,-1.826880660638075e-16
it the,-1.8274227617243177e-16
regulated by the,-1.8279648628105605e-16
regulated by,-1.8279648628105605e-16
directly related,-1.8301332671555315e-16
directly related to,-1.8301332671555315e-16
chemical reactions option,-1.8335213989445487e-16
microwave does,-1.8335213989445487e-16
involves mixing,-1.8335213989445487e-16
it involves mixing,-1.8335213989445487e-16
involves mixing dangerous,-1.8335213989445487e-16
the microwave does,-1.8335213989445487e-16
not safe,-1.8335213989445487e-16
reactions option is,-1.8335213989445487e-16
is not safe,-1.8335213989445487e-16
not safe because,-1.8335213989445487e-16
reactions option,-1.8335213989445487e-16
is as,-1.8388068845354155e-16
harder for drivers,-1.8388068845354155e-16
as the water,-1.8480226030015423e-16
are not the,-1.855069917122698e-16
place to,-1.8561541192951836e-16
environment better,-1.8561541192951836e-16
environment better place,-1.8561541192951836e-16
the environment better,-1.8561541192951836e-16
better place,-1.8561541192951836e-16
shorter showers can,-1.8561541192951836e-16
place to live,-1.8561541192951836e-16
make the environment,-1.8561541192951836e-16
and make the,-1.8561541192951836e-16
showers can,-1.8561541192951836e-16
showers can help,-1.8561541192951836e-16
better place to,-1.8561541192951836e-16
and make,-1.8561541192951836e-16
determine the,-1.857238321467669e-16
signals in the,-1.8583225236401546e-16
impairments in,-1.8583225236401546e-16
visibility impairments in,-1.8583225236401546e-16
usually more visibility,-1.8583225236401546e-16
donation,-1.8583225236401546e-16
hence,-1.858593574183276e-16
determine the correct,-1.861575130157611e-16
and is,-1.8626593323300966e-16
heats up,-1.8675382421062814e-16
can provide,-1.8710618991668593e-16
does not directly,-1.8735013540549517e-16
decrease in,-1.8735013540549517e-16
location therefore the,-1.8770430105656587e-16
location therefore,-1.8770430105656587e-16
that location therefore,-1.8770430105656587e-16
lives in bog,-1.8770430105656587e-16
in bog,-1.8770430105656587e-16
in bog environment,-1.8770430105656587e-16
bog environment,-1.8770430105656587e-16
air can,-1.881226294533911e-16
the vehicle,-1.8908485888147197e-16
this is due,-1.8951853975046618e-16
dog,-1.8995222061946038e-16
direct result,-1.9027748127120603e-16
is direct,-1.9027748127120603e-16
direct result of,-1.9027748127120603e-16
is direct result,-1.9027748127120603e-16
transport,-1.9035879643414244e-16
of the water,-1.9110418542772623e-16
is key,-1.9222904518167994e-16
forward,-1.922832552903042e-16
reduce,-1.9255430583342559e-16
when an,-1.9260851594204986e-16
because the question,-1.9287956648517124e-16
of light,-1.9287956648517124e-16
gain,-1.9287956648517124e-16
method for plant,-1.929879867024198e-16
method for,-1.929879867024198e-16
care,-1.929879867024198e-16
introduce new plant,-1.929879867024198e-16
for new,-1.929879867024198e-16
introduce new species,-1.929879867024198e-16
species to be,-1.929879867024198e-16
likely method for,-1.929879867024198e-16
as dogs typically,-1.929879867024198e-16
for plant species,-1.929879867024198e-16
new location as,-1.929879867024198e-16
introduced to new,-1.929879867024198e-16
new species to,-1.929879867024198e-16
location as dogs,-1.929879867024198e-16
location as,-1.929879867024198e-16
dogs typically,-1.929879867024198e-16
as dogs,-1.929879867024198e-16
care for,-1.929879867024198e-16
of new species,-1.929879867024198e-16
to release,-1.9301509175673193e-16
puppigerus is type,-1.9309640691966834e-16
which allows,-1.93421667571414e-16
so it is,-1.93421667571414e-16
can result in,-1.940721888749053e-16
can result,-1.940721888749053e-16
exchange of,-1.9418060909215384e-16
exchange,-1.9418060909215384e-16
absorption,-1.9418060909215384e-16
contribute,-1.942890293094024e-16
see,-1.942890293094024e-16
contribute to,-1.942890293094024e-16
have been,-1.959424376224428e-16
body and it,-1.960237527853792e-16
and nutrients,-1.963591778324919e-16
areas and,-1.9640322354574913e-16
time this,-1.9672848419749478e-16
for water,-1.973247953923618e-16
environment but,-1.97758476261356e-16
environment but rather,-1.97758476261356e-16
used to,-1.979753166958531e-16
without directly affecting,-1.9824636723897449e-16
environment without directly,-1.9824636723897449e-16
directly affecting,-1.9824636723897449e-16
environment without,-1.9824636723897449e-16
without directly,-1.9824636723897449e-16
the environment without,-1.9824636723897449e-16
affecting,-1.9824636723897449e-16
bury,-1.9830057734759876e-16
the microwave,-1.983886687741132e-16
consumption,-1.9873425821659296e-16
energy consumption,-1.9873425821659296e-16
walls but lack,-1.9905951886833861e-16
walls but,-1.9905951886833861e-16
cell walls but,-1.9905951886833861e-16
reduces,-1.9922214919421144e-16
reduces the,-1.9922214919421144e-16
as they do,-1.9960161995458137e-16
animals as they,-2.0036056147532122e-16
adapted to living,-2.0036056147532122e-16
these animals as,-2.0036056147532122e-16
to living,-2.0036056147532122e-16
living in,-2.0036056147532122e-16
to living in,-2.0036056147532122e-16
in boggy,-2.0036056147532122e-16
animals as,-2.0036056147532122e-16
heat and,-2.0052319180119405e-16
factors that,-2.0079424234431542e-16
the heavy rain,-2.0091621508872004e-16
people to,-2.0091621508872004e-16
for people,-2.0091621508872004e-16
for people to,-2.0091621508872004e-16
occurrence for people,-2.0091621508872004e-16
of people,-2.0091621508872004e-16
people drawing rain,-2.0091621508872004e-16
result of people,-2.0091621508872004e-16
not the result,-2.0091621508872004e-16
drawing,-2.0091621508872004e-16
drawing rain,-2.0091621508872004e-16
time are not,-2.0091621508872004e-16
drawing rain or,-2.0091621508872004e-16
of rain,-2.0091621508872004e-16
formation of rain,-2.0091621508872004e-16
of people drawing,-2.0091621508872004e-16
people drawing,-2.0091621508872004e-16
with high,-2.0252896582029223e-16
they do,-2.0252896582029223e-16
term,-2.0285422647203788e-16
key,-2.0393842864452338e-16
common sense,-2.0448052973076614e-16
the law,-2.0448052973076614e-16
by the law,-2.0448052973076614e-16
provide rationale for,-2.050226308170089e-16
provide rationale,-2.050226308170089e-16
is scarce,-2.050226308170089e-16
immune system,-2.0556473190325164e-16
immune,-2.0556473190325164e-16
specific context of,-2.063236734239915e-16
the specific context,-2.063236734239915e-16
meat,-2.0708261494473135e-16
vehicle,-2.0794997668271975e-16
to indicate that,-2.0816681711721685e-16
few weeks after,-2.0816681711721685e-16
colloquialism used to,-2.0816681711721685e-16
colloquialism used,-2.0816681711721685e-16
colloquialism,-2.0816681711721685e-16
few weeks,-2.0816681711721685e-16
the phrase few,-2.0816681711721685e-16
weeks after the,-2.0816681711721685e-16
event is common,-2.0816681711721685e-16
weeks after,-2.0816681711721685e-16
occurs often,-2.0816681711721685e-16
that the event,-2.0816681711721685e-16
indicate that,-2.0816681711721685e-16
indicate that the,-2.0816681711721685e-16
event is,-2.0816681711721685e-16
used to indicate,-2.0816681711721685e-16
to indicate,-2.0816681711721685e-16
the event is,-2.0816681711721685e-16
is common or,-2.0816681711721685e-16
is colloquialism used,-2.0816681711721685e-16
or occurs,-2.0816681711721685e-16
or occurs often,-2.0816681711721685e-16
phrase few weeks,-2.0816681711721685e-16
phrase few,-2.0816681711721685e-16
is colloquialism,-2.0816681711721685e-16
the event,-2.0816681711721685e-16
common or occurs,-2.0816681711721685e-16
it,-2.0903417885520525e-16
defense against germs,-2.0925101928970236e-16
defense against,-2.0925101928970236e-16
air is,-2.1011838102769076e-16
answers for,-2.1011838102769076e-16
answers for the,-2.1011838102769076e-16
however it important,-2.1033522146218786e-16
is living,-2.104029840979682e-16
is living organism,-2.104029840979682e-16
found in the,-2.1068589310235114e-16
it does,-2.1163626406917047e-16
which can,-2.1250362580715887e-16
part,-2.146178200435056e-16
part of,-2.146178200435056e-16
is the plant,-2.1478045036937843e-16
of transporting,-2.1478045036937843e-16
of transporting water,-2.1478045036937843e-16
correct because the,-2.154038666185576e-16
several,-2.1543097167286973e-16
make the,-2.1597307275911248e-16
and maintain,-2.1662359406260379e-16
and be,-2.1803305688683494e-16
that this,-2.185751579730777e-16
note that this,-2.185751579730777e-16
food source,-2.1911725905932045e-16
weathering over,-2.1938830960244182e-16
mixing dangerous,-2.2018790870464988e-16
mixing dangerous substances,-2.2018790870464988e-16
dangerous,-2.2018790870464988e-16
hot and does,-2.2018790870464988e-16
mixing,-2.2018790870464988e-16
dangerous substances,-2.2018790870464988e-16
causing the,-2.2020146123180595e-16
of organisms,-2.203098814490545e-16
to the introduction,-2.205267218835516e-16
do,-2.207435623180487e-16
in lower,-2.2177355438190993e-16
use by taking,-2.2177355438190993e-16
increased this,-2.2177355438190993e-16
conserved and,-2.2177355438190993e-16
can be conserved,-2.2177355438190993e-16
showers the energy,-2.2177355438190993e-16
water use by,-2.2177355438190993e-16
increased this is,-2.2177355438190993e-16
showers the,-2.2177355438190993e-16
and increased,-2.2177355438190993e-16
showers reduces the,-2.2177355438190993e-16
and increased this,-2.2177355438190993e-16
shorter showers the,-2.2177355438190993e-16
showers reduces,-2.2177355438190993e-16
shorter showers reduces,-2.2177355438190993e-16
conserved and increased,-2.2177355438190993e-16
be conserved,-2.2177355438190993e-16
water heater heats,-2.2177355438190993e-16
reduces the amount,-2.2177355438190993e-16
be conserved and,-2.2177355438190993e-16
conserved,-2.2177355438190993e-16
heater can be,-2.2177355438190993e-16
heater heats,-2.2177355438190993e-16
by taking shorter,-2.2177355438190993e-16
the energy used,-2.2177355438190993e-16
by taking,-2.2177355438190993e-16
water heater can,-2.2177355438190993e-16
resulting in lower,-2.2177355438190993e-16
heater can,-2.2177355438190993e-16
of the weight,-2.218277644905342e-16
become thinner in,-2.218277644905342e-16
become thinner,-2.218277644905342e-16
size therefore,-2.218277644905342e-16
it is direct,-2.218277644905342e-16
the weight,-2.218277644905342e-16
green,-2.220446049250313e-16
live,-2.220446049250313e-16
green matter,-2.220446049250313e-16
speed and,-2.226951262285226e-16
to the plant,-2.237793284010081e-16
called,-2.239961688355052e-16
in patio setting,-2.2407748399844163e-16
more suitable environment,-2.2407748399844163e-16
however patio setting,-2.2407748399844163e-16
however humid open,-2.2407748399844163e-16
year round and,-2.2407748399844163e-16
however humid,-2.2407748399844163e-16
likely that plants,-2.2407748399844163e-16
can provide the,-2.2407748399844163e-16
undergo photosynthesis grow,-2.2407748399844163e-16
soil would,-2.2407748399844163e-16
soil would not,-2.2407748399844163e-16
however patio,-2.2407748399844163e-16
in patio,-2.2407748399844163e-16
be suitable,-2.2407748399844163e-16
with windows can,-2.2407748399844163e-16
windows however humid,-2.2407748399844163e-16
and be suitable,-2.2407748399844163e-16
windows however,-2.2407748399844163e-16
be suitable environment,-2.2407748399844163e-16
windows can provide,-2.2407748399844163e-16
for plants making,-2.2407748399844163e-16
well in patio,-2.2407748399844163e-16
photosynthesis grow,-2.2407748399844163e-16
plants making it,-2.2407748399844163e-16
damp soil would,-2.2407748399844163e-16
photosynthesis grow year,-2.2407748399844163e-16
with windows however,-2.2407748399844163e-16
round and be,-2.2407748399844163e-16
windows can,-2.2407748399844163e-16
it more suitable,-2.2407748399844163e-16
round and,-2.2407748399844163e-16
plants making,-2.2407748399844163e-16
humidity,-2.242130092700023e-16
nutrient absorption in,-2.2432142948725087e-16
healthy immune system,-2.2432142948725087e-16
and the skin,-2.2432142948725087e-16
nutrient absorption,-2.2432142948725087e-16
primarily responsible,-2.2432142948725087e-16
primarily responsible for,-2.2432142948725087e-16
nutrient,-2.2432142948725087e-16
epidermis contains specialized,-2.2432142948725087e-16
and primarily responsible,-2.2432142948725087e-16
own metabolism,-2.2432142948725087e-16
own metabolism therefore,-2.2432142948725087e-16
its own metabolism,-2.2432142948725087e-16
skin does,-2.2432142948725087e-16
vitamin,-2.2432142948725087e-16
vitamin through,-2.2432142948725087e-16
vitamin through its,-2.2432142948725087e-16
organ and primarily,-2.2432142948725087e-16
skin does not,-2.2432142948725087e-16
off and,-2.2432142948725087e-16
healthy immune,-2.2432142948725087e-16
produce vitamin,-2.2432142948725087e-16
disease,-2.2432142948725087e-16
epidermis contains,-2.2432142948725087e-16
specialized cells called,-2.2432142948725087e-16
that are responsible,-2.2432142948725087e-16
disease this,-2.2432142948725087e-16
are not involved,-2.2432142948725087e-16
essential for maintaining,-2.2432142948725087e-16
disease this process,-2.2432142948725087e-16
called keratinocytes that,-2.2432142948725087e-16
called keratinocytes,-2.2432142948725087e-16
of infection and,-2.2432142948725087e-16
keratinocytes that are,-2.2432142948725087e-16
keratinocytes that,-2.2432142948725087e-16
off and inactivating,-2.2432142948725087e-16
keratinocytes,-2.2432142948725087e-16
therefore the epidermis,-2.2432142948725087e-16
the skin does,-2.2432142948725087e-16
exchange of oxygen,-2.2432142948725087e-16
dioxide and the,-2.2432142948725087e-16
other microorganisms thereby,-2.2432142948725087e-16
other microorganisms,-2.2432142948725087e-16
system and overall,-2.2432142948725087e-16
produce vitamin through,-2.2432142948725087e-16
oxygen and nutrient,-2.2432142948725087e-16
in the exchange,-2.2432142948725087e-16
the epidermis contains,-2.2432142948725087e-16
inactivating,-2.2432142948725087e-16
and nutrient,-2.2432142948725087e-16
microorganisms thereby reducing,-2.2432142948725087e-16
for fighting,-2.2432142948725087e-16
absorption in,-2.2432142948725087e-16
absorption in the,-2.2432142948725087e-16
for maintaining healthy,-2.2432142948725087e-16
fighting,-2.2432142948725087e-16
fighting off,-2.2432142948725087e-16
for oxygen,-2.2432142948725087e-16
fighting off and,-2.2432142948725087e-16
maintaining healthy,-2.2432142948725087e-16
cells called,-2.2432142948725087e-16
cells called keratinocytes,-2.2432142948725087e-16
and nutrient absorption,-2.2432142948725087e-16
infection and disease,-2.2432142948725087e-16
infection and,-2.2432142948725087e-16
maintaining healthy immune,-2.2432142948725087e-16
and inactivating,-2.2432142948725087e-16
inactivating bacteria and,-2.2432142948725087e-16
contains specialized cells,-2.2432142948725087e-16
and inactivating bacteria,-2.2432142948725087e-16
for oxygen and,-2.2432142948725087e-16
for fighting off,-2.2432142948725087e-16
microorganisms thereby,-2.2432142948725087e-16
inactivating bacteria,-2.2432142948725087e-16
contains specialized,-2.2432142948725087e-16
for maintaining,-2.2432142948725087e-16
metabolism therefore the,-2.2432142948725087e-16
the exchange of,-2.2432142948725087e-16
and disease this,-2.2432142948725087e-16
and primarily,-2.2432142948725087e-16
not produce vitamin,-2.2432142948725087e-16
germs the epidermis,-2.2432142948725087e-16
responsible for fighting,-2.2432142948725087e-16
and overall health,-2.2432142948725087e-16
and other microorganisms,-2.2432142948725087e-16
responsible for oxygen,-2.2432142948725087e-16
and overall,-2.2432142948725087e-16
metabolism therefore,-2.2432142948725087e-16
and disease,-2.2432142948725087e-16
the exchange,-2.2432142948725087e-16
traveling,-2.244298497044994e-16
question for,-2.248635305734936e-16
question for example,-2.248635305734936e-16
section,-2.250803710079907e-16
can be found,-2.250803710079907e-16
epidermis is not,-2.25730892311482e-16
organ in the,-2.25730892311482e-16
as the epidermis,-2.25730892311482e-16
largest organ in,-2.25730892311482e-16
the body and,-2.25730892311482e-16
organ in,-2.25730892311482e-16
and snow,-2.2697772480984035e-16
fact that the,-2.2703193491846463e-16
xylem,-2.2703193491846463e-16
nutrients to,-2.2746561578745883e-16
to measure wind,-2.290919190461871e-16
to measure,-2.290919190461871e-16
the phrase,-2.2985086056692694e-16
phrase,-2.2985086056692694e-16
droplets fog is,-2.3006770100142404e-16
fog is state,-2.3006770100142404e-16
is held at,-2.3006770100142404e-16
is state,-2.3006770100142404e-16
is state of,-2.3006770100142404e-16
specific temperature,-2.3006770100142404e-16
held at,-2.3006770100142404e-16
held at specific,-2.3006770100142404e-16
air is held,-2.3006770100142404e-16
pressure where the,-2.3006770100142404e-16
held,-2.3006770100142404e-16
the air is,-2.3006770100142404e-16
specific temperature and,-2.3006770100142404e-16
pressure,-2.3006770100142404e-16
at specific temperature,-2.3006770100142404e-16
droplets fog,-2.3006770100142404e-16
at specific,-2.3006770100142404e-16
temperature and when,-2.3006770100142404e-16
form droplets fog,-2.3006770100142404e-16
is held,-2.3006770100142404e-16
pressure where,-2.3006770100142404e-16
increases,-2.3016595682330554e-16
of new plant,-2.303929616531697e-16
whereas,-2.3071822230491534e-16
remains,-2.31043482956661e-16
not eat,-2.3115190317390955e-16
the question for,-2.326562336882332e-16
if,-2.3266978621538925e-16
traffic signals in,-2.3288662664988635e-16
more visibility impairments,-2.3288662664988635e-16
signals in,-2.3288662664988635e-16
case of person,-2.3288662664988635e-16
of person driving,-2.3288662664988635e-16
case of,-2.3288662664988635e-16
of person,-2.3288662664988635e-16
the case of,-2.3288662664988635e-16
amount of water,-2.3353714795337766e-16
of water used,-2.3353714795337766e-16
water used,-2.3353714795337766e-16
these animals,-2.336455681706262e-16
for these,-2.336455681706262e-16
in marshy areas,-2.336455681706262e-16
habitat for,-2.336455681706262e-16
marshy areas,-2.336455681706262e-16
for these animals,-2.336455681706262e-16
typical habitat for,-2.336455681706262e-16
typical habitat,-2.336455681706262e-16
habitat for these,-2.336455681706262e-16
not typical habitat,-2.336455681706262e-16
cause for the,-2.3418766925686896e-16
cause for,-2.3418766925686896e-16
provides specific,-2.3440450969136606e-16
fact,-2.3462135012586316e-16
when an animal,-2.35380291646603e-16
mirrors,-2.3548871186385156e-16
be the answer,-2.3554292197247584e-16
the primary defense,-2.362612059117475e-16
to place,-2.3657291403633707e-16
species to place,-2.3657291403633707e-16
others,-2.366813342535856e-16
that are,-2.3744027577432547e-16
when the,-2.3809079707781677e-16
happens,-2.39120789141678e-16
happens when,-2.39120789141678e-16
answer,-2.393918396847994e-16
is as the,-2.409097227262791e-16
rationale triplet,-2.411265631607762e-16
fact that,-2.415602440297704e-16
the fact that,-2.415602440297704e-16
the fact,-2.415602440297704e-16
resulting in the,-2.4166866424701894e-16
contact,-2.417770844642675e-16
and in this,-2.417770844642675e-16
heats,-2.419939248987646e-16
does not necessarily,-2.424276057677588e-16
microwave,-2.4246466345920117e-16
conditions for,-2.42861286636753e-16
be found in,-2.4296970685400154e-16
food in,-2.4296970685400154e-16
be found,-2.4296970685400154e-16
of an,-2.439454888092385e-16
environment the,-2.4448758989548125e-16
and when,-2.4535495163346965e-16
may introduce new,-2.454633718507182e-16
to new location,-2.454633718507182e-16
location through,-2.454633718507182e-16
likely method,-2.454633718507182e-16
may introduce,-2.454633718507182e-16
context,-2.454633718507182e-16
most likely method,-2.454633718507182e-16
with high salinity,-2.458970527197124e-16
salinity,-2.458970527197124e-16
high salinity,-2.458970527197124e-16
new plant,-2.463307335887066e-16
is not common,-2.474149357611921e-16
not common,-2.474149357611921e-16
to determine the,-2.4779440652156204e-16
plants to grow,-2.480654570646834e-16
to provide valid,-2.480654570646834e-16
provide suitable rationale,-2.4840927303192986e-16
options directly,-2.4840927303192986e-16
given options provide,-2.4840927303192986e-16
rationale triplet therefore,-2.4840927303192986e-16
options provide suitable,-2.4840927303192986e-16
options directly answer,-2.4840927303192986e-16
triplet therefore the,-2.4840927303192986e-16
directly answer,-2.4840927303192986e-16
is because none,-2.4840927303192986e-16
directly answer the,-2.4840927303192986e-16
suitable rationale,-2.4840927303192986e-16
suitable rationale for,-2.4840927303192986e-16
the options directly,-2.4840927303192986e-16
triplet therefore,-2.4840927303192986e-16
answer is as,-2.484991379336776e-16
unlike,-2.484991379336776e-16
to live,-2.489328188026718e-16
in these,-2.4904123901992037e-16
for the location,-2.502712896780112e-16
provides specific context,-2.502712896780112e-16
marsh,-2.502712896780112e-16
for that location,-2.502712896780112e-16
for that,-2.502712896780112e-16
cat lives in,-2.502712896780112e-16
specific context for,-2.502712896780112e-16
that location,-2.502712896780112e-16
context for that,-2.502712896780112e-16
then the rationale,-2.502712896780112e-16
that the cat,-2.502712896780112e-16
because an,-2.5034228162690297e-16
the giraffe,-2.5034228162690297e-16
correct term,-2.507217523872729e-16
act,-2.507217523872729e-16
the correct term,-2.507217523872729e-16
the necessary conditions,-2.5110122314764283e-16
necessary conditions,-2.5110122314764283e-16
necessary conditions for,-2.5110122314764283e-16
impossible to provide,-2.5153490401663703e-16
to provide,-2.5153490401663703e-16
it is impossible,-2.5153490401663703e-16
is impossible to,-2.5153490401663703e-16
is impossible,-2.5153490401663703e-16
fluid,-2.544622498823479e-16
situation,-2.5500435096859064e-16
in trouble for,-2.5652223401007035e-16
canyon option,-2.5652223401007035e-16
canyon option the,-2.5652223401007035e-16
trouble for,-2.5652223401007035e-16
option the colorado,-2.5652223401007035e-16
option the,-2.5652223401007035e-16
grand canyon option,-2.5652223401007035e-16
is safe because,-2.5664420675447497e-16
option is safe,-2.5664420675447497e-16
is safe,-2.5664420675447497e-16
whereas the,-2.5673907444456745e-16
whereas the other,-2.5673907444456745e-16
quickly,-2.577148563998044e-16
not relate,-2.5804011705155006e-16
not relate to,-2.5804011705155006e-16
open,-2.5825695748604716e-16
provide valid rationale,-2.5977484052752686e-16
valid rationale,-2.5977484052752686e-16
intake and,-2.5999168096202396e-16
the act,-2.614553538948794e-16
the act of,-2.614553538948794e-16
the energy from,-2.614553538948794e-16
act of,-2.614553538948794e-16
the seasons,-2.614553538948794e-16
annual,-2.614553538948794e-16
seasons,-2.614553538948794e-16
into the atmosphere,-2.614553538948794e-16
of this rotation,-2.614553538948794e-16
animals and,-2.616179842207522e-16
to the earth,-2.616179842207522e-16
provides,-2.6172640443800077e-16
content in,-2.6335270769672903e-16
throughout,-2.6335270769672903e-16
throughout the,-2.6335270769672903e-16
content in it,-2.6335270769672903e-16
gaseous content in,-2.6335270769672903e-16
suspended,-2.636779683484747e-16
suspended in,-2.636779683484747e-16
suspended in the,-2.636779683484747e-16
high,-2.6400322900022033e-16
often the,-2.654126918244515e-16
what happens,-2.6591413532922603e-16
what happens when,-2.6591413532922603e-16
happens when an,-2.6591413532922603e-16
impact on,-2.660632131279428e-16
impact on the,-2.660632131279428e-16
the rock,-2.6646978894262485e-16
fog,-2.66496893996937e-16
the air which,-2.676217537508907e-16
dark clouds,-2.676217537508907e-16
dark,-2.676217537508907e-16
in water,-2.6786569923969994e-16
contact they form,-2.6790635682116815e-16
into contact they,-2.6790635682116815e-16
and when water,-2.6790635682116815e-16
they form,-2.6790635682116815e-16
they form droplets,-2.6790635682116815e-16
contact they,-2.6790635682116815e-16
parts,-2.680147770384167e-16
parts of,-2.680147770384167e-16
parts of the,-2.680147770384167e-16
because the rain,-2.6806898714704097e-16
snow as it,-2.6806898714704097e-16
common occurrence for,-2.6806898714704097e-16
snow as,-2.6806898714704097e-16
the rain and,-2.6806898714704097e-16
occurrence for,-2.6806898714704097e-16
heavy rain,-2.6806898714704097e-16
heavy rain and,-2.6806898714704097e-16
not common occurrence,-2.6806898714704097e-16
or snow as,-2.6806898714704097e-16
is type,-2.684484579074109e-16
is type of,-2.684484579074109e-16
reducing the risk,-2.6964108029714495e-16
thereby reducing,-2.6964108029714495e-16
thereby reducing the,-2.6964108029714495e-16
infection,-2.6964108029714495e-16
not involved in,-2.6964108029714495e-16
risk of infection,-2.6964108029714495e-16
not involved,-2.6964108029714495e-16
bacteria and other,-2.6964108029714495e-16
of infection,-2.6964108029714495e-16
not regulated,-2.701831813833877e-16
cools,-2.7311052724909857e-16
and condenses into,-2.7311052724909857e-16
is likely to,-2.7376104855258987e-16
it and,-2.7441156985608117e-16
if the,-2.7582103268031233e-16
increased,-2.76146293332058e-16
vapor cools,-2.773118106674799e-16
water being,-2.773118106674799e-16
vapor cools and,-2.773118106674799e-16
and in,-2.7755575615628914e-16
snow,-2.776641763735377e-16
therefore none,-2.7798943702528334e-16
therefore none of,-2.7798943702528334e-16
and other,-2.784366704214336e-16
the environment,-2.7885679876327174e-16
is because puppigerus,-2.789652189805203e-16
because puppigerus,-2.789652189805203e-16
puppigerus is,-2.789652189805203e-16
because puppigerus is,-2.789652189805203e-16
habitat,-2.789652189805203e-16
asks for place,-2.7945606133856436e-16
for place and,-2.7945606133856436e-16
for place,-2.7945606133856436e-16
answers can be,-2.8051020707631213e-16
the answers,-2.8051020707631213e-16
answers can,-2.8051020707631213e-16
the answers can,-2.8051020707631213e-16
of the answers,-2.8051020707631213e-16
in size,-2.8080836267374565e-16
pedestrians or traffic,-2.8189256484623115e-16
is usually more,-2.8189256484623115e-16
is usually,-2.8189256484623115e-16
vehicles pedestrians or,-2.8189256484623115e-16
pedestrians or,-2.8189256484623115e-16
usually more,-2.8189256484623115e-16
more visibility,-2.8189256484623115e-16
in the case,-2.8189256484623115e-16
or traffic signals,-2.8189256484623115e-16
or traffic,-2.8189256484623115e-16
there is usually,-2.8189256484623115e-16
hot and,-2.8224493055228894e-16
of the situation,-2.824346659324739e-16
heating,-2.832613700889941e-16
and nutrients to,-2.835188681049594e-16
does not involve,-2.8406096919120216e-16
involves,-2.8449465006019636e-16
from the air,-2.8545349135648823e-16
is carnivorous mammal,-2.8601253310167607e-16
that primarily,-2.8601253310167607e-16
is carnivorous,-2.8601253310167607e-16
mammal that primarily,-2.8601253310167607e-16
potentially,-2.8687989483966447e-16
water and nutrients,-2.870425251655373e-16
primary defense,-2.874762060345315e-16
drivers,-2.875304161431558e-16
indicates wind,-2.879098869035257e-16
condition that,-2.879098869035257e-16
condition that indicates,-2.879098869035257e-16
that indicates,-2.879098869035257e-16
that indicates wind,-2.879098869035257e-16
indicates wind speed,-2.879098869035257e-16
test the,-2.879098869035257e-16
allowing,-2.8796409701215e-16
in areas where,-2.8807251722939853e-16
areas where,-2.8807251722939853e-16
have cell walls,-2.883977778811442e-16
microorganisms that have,-2.883977778811442e-16
walls,-2.883977778811442e-16
that have cell,-2.883977778811442e-16
cell walls,-2.883977778811442e-16
would not provide,-2.888314587501384e-16
principle of,-2.8893987896738693e-16
into contact,-2.890482991846355e-16
over the,-2.9002408113987244e-16
rotation,-2.902951316829938e-16
the risk,-2.905661822261152e-16
the risk of,-2.905661822261152e-16
not capable,-2.905661822261152e-16
not capable of,-2.905661822261152e-16
star,-2.909998630951094e-16
grow year,-2.9136578132832325e-16
grow year round,-2.9136578132832325e-16
and are not,-2.914742015455718e-16
for drivers,-2.92300905702092e-16
for drivers to,-2.92300905702092e-16
drivers to,-2.92300905702092e-16
drivers to see,-2.92300905702092e-16
involve chemical reactions,-2.93290240184485e-16
is already hot,-2.93290240184485e-16
not involve chemical,-2.93290240184485e-16
involve chemical,-2.93290240184485e-16
already hot and,-2.93290240184485e-16
chemical reactions,-2.93290240184485e-16
already,-2.93290240184485e-16
involves heating,-2.93290240184485e-16
involves heating substance,-2.93290240184485e-16
that is already,-2.93290240184485e-16
heating substance,-2.93290240184485e-16
is already,-2.93290240184485e-16
heating substance that,-2.93290240184485e-16
already hot,-2.93290240184485e-16
it involves heating,-2.93290240184485e-16
correct answer is,-2.936019483090746e-16
mammals are,-2.936019483090746e-16
areas in contrast,-2.93872998852196e-16
these areas,-2.93872998852196e-16
in these areas,-2.93872998852196e-16
these areas in,-2.93872998852196e-16
areas in,-2.93872998852196e-16
despite,-2.939136564336642e-16
despite the,-2.939136564336642e-16
the rationale for,-2.949029909160572e-16
not result in,-2.951198313505543e-16
not result,-2.951198313505543e-16
the introduction,-2.953366717850514e-16
the introduction of,-2.953366717850514e-16
the heavy,-2.957703526540456e-16
light,-2.9631245374028836e-16
size,-2.96637714392034e-16
changes,-2.9739665591277387e-16
do not provide,-2.983724378680108e-16
metabolism,-2.9989032090949053e-16
co2 come into,-3.0162504438546733e-16
and co2,-3.0162504438546733e-16
and co2 come,-3.0162504438546733e-16
when water and,-3.0162504438546733e-16
come into contact,-3.0162504438546733e-16
fog is,-3.0162504438546733e-16
water and co2,-3.0162504438546733e-16
co2 come,-3.0162504438546733e-16
and none of,-3.017334646027159e-16
and none,-3.017334646027159e-16
living,-3.0205872525446154e-16
the stone,-3.030345072096985e-16
is likely that,-3.0344108302438055e-16
question would depend,-3.0401028916493544e-16
toxins,-3.045523902511782e-16
the result,-3.0558238231503942e-16
the result of,-3.0558238231503942e-16
excess,-3.0569080253228798e-16
and the plant,-3.058534328581608e-16
instrument,-3.059076429667851e-16
result of,-3.0617869350990645e-16
ocean,-3.0639553394440355e-16
visibility impairments,-3.0661237437890065e-16
impairments,-3.0661237437890065e-16
less energy,-3.0769657655138616e-16
capable,-3.0878077872387166e-16
capable of,-3.0878077872387166e-16
place and none,-3.1051200818894105e-16
place and,-3.1051200818894105e-16
provide valid,-3.1051550219984847e-16
animal food,-3.1053583099058257e-16
intake increases,-3.1053583099058257e-16
an animal food,-3.1053583099058257e-16
food intake increases,-3.1053583099058257e-16
animal food intake,-3.1053583099058257e-16
are responsible for,-3.1192496502407963e-16
are responsible,-3.1192496502407963e-16
the beach,-3.120333852413282e-16
the hive mind,-3.12196015567201e-16
mind,-3.12196015567201e-16
hive mind,-3.12196015567201e-16
amount of,-3.124670661103224e-16
amount,-3.124670661103224e-16
of the cat,-3.128416134916864e-16
asks where the,-3.128416134916864e-16
lives in,-3.128416134916864e-16
where the cat,-3.128416134916864e-16
gaseous,-3.129007469793166e-16
foods whereas,-3.1344284806555933e-16
based foods whereas,-3.1344284806555933e-16
foods whereas the,-3.1344284806555933e-16
against germs the,-3.139849491518021e-16
germs the,-3.139849491518021e-16
does not produce,-3.139849491518021e-16
often,-3.150691513242876e-16
answers,-3.150691513242876e-16
regulated,-3.161533534967731e-16
new location,-3.165870343657673e-16
the plant the,-3.1691229501751295e-16
itself is not,-3.1691229501751295e-16
plant itself,-3.1691229501751295e-16
itself is,-3.1691229501751295e-16
plant itself is,-3.1691229501751295e-16
the plant itself,-3.1691229501751295e-16
to stone,-3.169665051261372e-16
because the,-3.170207152347615e-16
regulate,-3.198396408832238e-16
grow,-3.200564813177209e-16
get,-3.20273321752218e-16
over time but,-3.2038174196946656e-16
because taking,-3.209238430557093e-16
because taking shorter,-3.209238430557093e-16
is because taking,-3.209238430557093e-16
enough,-3.217912047936977e-16
this question is,-3.217912047936977e-16
of the grand,-3.237427687041716e-16
constant,-3.2526065174565133e-16
in trouble,-3.2547749218014843e-16
land,-3.2547749218014843e-16
for doing,-3.260195932663912e-16
doing,-3.260195932663912e-16
trouble for doing,-3.260195932663912e-16
contains,-3.2612801348363973e-16
on the environment,-3.2699537522162814e-16
more detailed explanation,-3.2873009869760494e-16
detailed explanation,-3.2873009869760494e-16
after the,-3.2894693913210205e-16
specialize in different,-3.2938062000109625e-16
different tasks in,-3.2938062000109625e-16
different tasks,-3.2938062000109625e-16
in different,-3.2938062000109625e-16
in different tasks,-3.2938062000109625e-16
are formed,-3.2967877559852976e-16
factors may show,-3.29922721087339e-16
factors may experience,-3.29922721087339e-16
over period of,-3.29922721087339e-16
weathering over period,-3.29922721087339e-16
elements may,-3.29922721087339e-16
to stone that,-3.29922721087339e-16
the elements may,-3.29922721087339e-16
over period,-3.29922721087339e-16
time but it,-3.29922721087339e-16
may show signs,-3.29922721087339e-16
may show,-3.29922721087339e-16
lead,-3.301395615218361e-16
lead to,-3.301395615218361e-16
are not adapted,-3.3024798173908465e-16
found in,-3.305732423908303e-16
form droplets,-3.3068166260807885e-16
it to,-3.316574445633158e-16
healthy,-3.329584871702984e-16
or snow,-3.3328374782204406e-16
rain or,-3.3328374782204406e-16
plant species to,-3.3328374782204406e-16
rain or snow,-3.3328374782204406e-16
food intake and,-3.33663218582414e-16
weight will,-3.33663218582414e-16
animal to,-3.33663218582414e-16
cause the animal,-3.33663218582414e-16
for what happens,-3.33663218582414e-16
the animal to,-3.33663218582414e-16
animal weight will,-3.33663218582414e-16
air which,-3.343137398859053e-16
air which is,-3.343137398859053e-16
some,-3.3436794999452957e-16
time are,-3.343950550488417e-16
of time are,-3.343950550488417e-16
doing in protected,-3.3458479042902667e-16
doing in,-3.3458479042902667e-16
what person can,-3.3458479042902667e-16
what person,-3.3458479042902667e-16
for doing in,-3.3458479042902667e-16
it important to,-3.3480163086352377e-16
it important,-3.3480163086352377e-16
because the epidermis,-3.376205565119861e-16
year round,-3.382710778154774e-16
round,-3.382710778154774e-16
tiny,-3.389215991189687e-16
affected,-3.3962633053108426e-16
affected by,-3.3962633053108426e-16
weathering,-3.404394821604484e-16
studying,-3.408731630294426e-16
studying the,-3.408731630294426e-16
studying the environment,-3.408731630294426e-16
regulate its,-3.410900034639397e-16
demonstrating,-3.410900034639397e-16
that the plant,-3.410900034639397e-16
the plant ability,-3.410900034639397e-16
ability to self,-3.410900034639397e-16
plant ability to,-3.410900034639397e-16
plant ability,-3.410900034639397e-16
to self,-3.410900034639397e-16
to self regulate,-3.410900034639397e-16
self regulate,-3.410900034639397e-16
self,-3.410900034639397e-16
regulate its growth,-3.410900034639397e-16
self regulate its,-3.410900034639397e-16
living organisms that,-3.410900034639397e-16
colorado,-3.4179473487605527e-16
the colorado river,-3.4179473487605527e-16
the colorado,-3.4179473487605527e-16
colorado river,-3.4179473487605527e-16
the constant,-3.436920886779049e-16
oxygen and,-3.43908929112402e-16
condenses into,-3.4423418976414766e-16
into tiny droplets,-3.4431550492708407e-16
tiny droplets,-3.4431550492708407e-16
to new,-3.452099717193846e-16
would do,-3.454268121538817e-16
humid open greenhouse,-3.454268121538817e-16
humid open,-3.454268121538817e-16
stone may,-3.463483840004944e-16
stone may experience,-3.463483840004944e-16
thereby,-3.471615356298585e-16
condenses into tiny,-3.4835415801959257e-16
into tiny,-3.4835415801959257e-16
explanation,-3.4846257823684113e-16
person can get,-3.4889625910583533e-16
can get,-3.4889625910583533e-16
can get in,-3.4889625910583533e-16
germs,-3.49221519757581e-16
dispersed,-3.5171518475429764e-16
making it an,-3.5244702122072535e-16
it an,-3.5244702122072535e-16
weight and,-3.5435453941794204e-16
plant the,-3.5453411040275995e-16
up the,-3.5518463170625125e-16
depth,-3.552930519234998e-16
to escape,-3.5648567431323386e-16
bacteria and,-3.5663814024373963e-16
activity,-3.5756987648571936e-16
against germs,-3.5758342901287543e-16
defense,-3.5758342901287543e-16
through its,-3.5800355735471356e-16
the amount of,-3.5865407865820487e-16
the amount,-3.5865407865820487e-16
depth of,-3.589793393099505e-16
depth of the,-3.589793393099505e-16
in it,-3.5908775952719907e-16
features of the,-3.598467010479389e-16
creates are directly,-3.598467010479389e-16
powerful flow,-3.598467010479389e-16
colorado river powerful,-3.598467010479389e-16
size the,-3.598467010479389e-16
the canyon it,-3.598467010479389e-16
powerful flow and,-3.598467010479389e-16
it creates are,-3.598467010479389e-16
river powerful flow,-3.598467010479389e-16
river powerful,-3.598467010479389e-16
the depth of,-3.598467010479389e-16
the depth,-3.598467010479389e-16
it creates,-3.598467010479389e-16
creates are,-3.598467010479389e-16
describe the geological,-3.598467010479389e-16
size the other,-3.598467010479389e-16
canyon it,-3.598467010479389e-16
and the depth,-3.598467010479389e-16
canyon it creates,-3.598467010479389e-16
canyon size the,-3.598467010479389e-16
are directly,-3.598467010479389e-16
are directly related,-3.598467010479389e-16
over,-3.608224830031759e-16
marshy,-3.61039323437673e-16
in marshy,-3.61039323437673e-16
soil,-3.651592916931179e-16
where the air,-3.660266534311063e-16
decrease,-3.664603343001005e-16
examples of organisms,-3.6727348592946463e-16
of organisms that,-3.6727348592946463e-16
same way that,-3.688455790795686e-16
in the same,-3.688455790795686e-16
way that,-3.688455790795686e-16
the same way,-3.688455790795686e-16
same way,-3.688455790795686e-16
undergo photosynthesis,-3.6961807312746453e-16
greenhouse with damp,-3.6961807312746453e-16
greenhouse with,-3.6961807312746453e-16
plants to undergo,-3.6961807312746453e-16
it an unsuitable,-3.6961807312746453e-16
with damp soil,-3.6961807312746453e-16
with damp,-3.6961807312746453e-16
unsuitable,-3.6961807312746453e-16
an unsuitable,-3.6961807312746453e-16
to undergo photosynthesis,-3.6961807312746453e-16
unsuitable environment,-3.6961807312746453e-16
unsuitable environment for,-3.6961807312746453e-16
open greenhouse with,-3.6961807312746453e-16
an unsuitable environment,-3.6961807312746453e-16
other vehicles pedestrians,-3.716645047280309e-16
traffic signals,-3.716645047280309e-16
signals,-3.716645047280309e-16
vehicles pedestrians,-3.716645047280309e-16
the increase in,-3.7264028668326787e-16
the increase,-3.7264028668326787e-16
test,-3.7285712711776497e-16
therefore the correct,-3.7383290907300193e-16
flow and,-3.740090919260308e-16
other organisms,-3.7491711124548743e-16
bicycle operation where,-3.7529658200585736e-16
the bicycle when,-3.7529658200585736e-16
of bicycle operation,-3.7529658200585736e-16
fundamental principle of,-3.7529658200585736e-16
bicycle operation,-3.7529658200585736e-16
operation,-3.7529658200585736e-16
principle of bicycle,-3.7529658200585736e-16
operation where,-3.7529658200585736e-16
operation where the,-3.7529658200585736e-16
bicycle when the,-3.7529658200585736e-16
bicycle when,-3.7529658200585736e-16
location of,-3.7540860211313174e-16
question asks where,-3.7540860211313174e-16
the location of,-3.7540860211313174e-16
location of the,-3.7540860211313174e-16
asks where,-3.7540860211313174e-16
the location,-3.7540860211313174e-16
in specific,-3.7773603689394974e-16
the grand canyon,-3.778444571111983e-16
grand,-3.778444571111983e-16
the grand,-3.778444571111983e-16
grand canyon,-3.778444571111983e-16
surface over time,-3.7789866721982257e-16
surface over,-3.7789866721982257e-16
functions and,-3.780612975456954e-16
itself,-3.7838655819744105e-16
the case,-3.7860339863193815e-16
to be,-3.8077180297690916e-16
lived in,-3.813681141717762e-16
lived,-3.813681141717762e-16
health,-3.821812658011403e-16
overall health,-3.821812658011403e-16
it involves,-3.8359072862537147e-16
stop,-3.845665105806084e-16
specific,-3.8510861166685117e-16
context to,-3.853254521013483e-16
responsible,-3.86843335142828e-16
responsible for,-3.86843335142828e-16
likely that,-3.8790043226100135e-16
found,-3.89011739487799e-16
provide suitable,-3.892285799222961e-16
perform various,-3.8951657112436255e-16
indicates,-3.900417315516602e-16
because,-3.903127820947816e-16
powerful,-3.907464629637758e-16
or during times,-3.909090932896486e-16
is scarce or,-3.909090932896486e-16
especially important in,-3.909090932896486e-16
where water is,-3.909090932896486e-16
of low,-3.909090932896486e-16
low water use,-3.909090932896486e-16
scarce or during,-3.909090932896486e-16
important in areas,-3.909090932896486e-16
during times of,-3.909090932896486e-16
water use,-3.909090932896486e-16
during times,-3.909090932896486e-16
scarce or,-3.909090932896486e-16
water is scarce,-3.909090932896486e-16
times of low,-3.909090932896486e-16
or during,-3.909090932896486e-16
times,-3.909090932896486e-16
areas where water,-3.909090932896486e-16
low water,-3.909090932896486e-16
times of,-3.909090932896486e-16
of low water,-3.909090932896486e-16
creates,-3.9118014383277e-16
reasonable explanation,-3.922643460052555e-16
reasonable explanation for,-3.922643460052555e-16
provide reasonable,-3.922643460052555e-16
provide reasonable explanation,-3.922643460052555e-16
not provide reasonable,-3.922643460052555e-16
valid rationale for,-3.9249135083511966e-16
rock,-3.9280644709149826e-16
people,-3.9302328752599536e-16
is likely,-3.93348548177741e-16
undergo,-3.9345696839498956e-16
indicate,-3.935653886122381e-16
incomplete,-3.9394485937260804e-16
incomplete as,-3.9394485937260804e-16
question seems,-3.9394485937260804e-16
question seems to,-3.9394485937260804e-16
seems,-3.9394485937260804e-16
this question seems,-3.9394485937260804e-16
be incomplete,-3.9394485937260804e-16
seems to,-3.9394485937260804e-16
incomplete as it,-3.9394485937260804e-16
be incomplete as,-3.9394485937260804e-16
to be incomplete,-3.9394485937260804e-16
seems to be,-3.9394485937260804e-16
open greenhouse,-3.945682756217872e-16
in the air,-3.957880030658334e-16
plants would do,-3.959506333917062e-16
plants would,-3.959506333917062e-16
do well in,-3.959506333917062e-16
would do well,-3.959506333917062e-16
do well,-3.959506333917062e-16
well in,-3.959506333917062e-16
that plants would,-3.959506333917062e-16
pedestrians,-3.963843142607004e-16
drawn from,-3.9723812347153276e-16
drawn from the,-3.9723812347153276e-16
perform various tasks,-3.97875092247868e-16
functions and microorganisms,-3.97875092247868e-16
specific functions,-3.97875092247868e-16
unlike some other,-3.97875092247868e-16
different functions unlike,-3.97875092247868e-16
functions unlike,-3.97875092247868e-16
microorganisms that can,-3.97875092247868e-16
functions unlike some,-3.97875092247868e-16
specialize in these,-3.97875092247868e-16
plants animals that,-3.97875092247868e-16
other organisms that,-3.97875092247868e-16
plants animals,-3.97875092247868e-16
some other organisms,-3.97875092247868e-16
can perform various,-3.97875092247868e-16
specialize in specific,-3.97875092247868e-16
in contrast mammals,-3.97875092247868e-16
can perform,-3.97875092247868e-16
possess specialized,-3.97875092247868e-16
possess specialized cells,-3.97875092247868e-16
in contrast plants,-3.97875092247868e-16
animals that can,-3.97875092247868e-16
that can perform,-3.97875092247868e-16
tasks are all,-3.97875092247868e-16
tasks in,-3.97875092247868e-16
various tasks are,-3.97875092247868e-16
in specific functions,-3.97875092247868e-16
tasks in contrast,-3.97875092247868e-16
specific functions and,-3.97875092247868e-16
not possess specialized,-3.97875092247868e-16
contrast plants animals,-3.97875092247868e-16
contrast plants,-3.97875092247868e-16
contrast mammals are,-3.97875092247868e-16
contrast mammals,-3.97875092247868e-16
and microorganisms,-3.97875092247868e-16
and microorganisms that,-3.97875092247868e-16
tasks are,-3.97875092247868e-16
the canyon,-3.9893218936604136e-16
especially important,-4.0036875724458465e-16
is especially important,-4.0036875724458465e-16
clouds,-4.009515159122956e-16
valid options,-4.0115480381963664e-16
valid options for,-4.0115480381963664e-16
options for the,-4.0115480381963664e-16
options for,-4.0115480381963664e-16
celled,-4.0153427458000657e-16
single celled,-4.0153427458000657e-16
because it,-4.0354004859910475e-16
necessarily,-4.0375688903360185e-16
not necessarily,-4.0375688903360185e-16
that plants,-4.0381109914222613e-16
contents,-4.056000327268272e-16
setting,-4.0592529337857286e-16
context the,-4.0614213381306996e-16
description of,-4.0657581468206416e-16
lead to an,-4.0706370565968264e-16
canyon size,-4.0744317642005257e-16
the geological features,-4.1058736272026053e-16
features of,-4.1058736272026053e-16
geological features,-4.1058736272026053e-16
the geological,-4.1058736272026053e-16
geological features of,-4.1058736272026053e-16
to the canyon,-4.1058736272026053e-16
features,-4.1058736272026053e-16
the canyon size,-4.1058736272026053e-16
flow and the,-4.1058736272026053e-16
an herbivore,-4.137315490204685e-16
year,-4.1492417141020255e-16
some other,-4.1584574325681523e-16
geological,-4.198030811863873e-16
especially,-4.218833941048439e-16
carnivorous,-4.225406916719132e-16
carnivorous mammal that,-4.225406916719132e-16
mammal that,-4.225406916719132e-16
mammal,-4.225406916719132e-16
carnivorous mammal,-4.225406916719132e-16
in areas,-4.233267382469652e-16
reducing the,-4.235977887900866e-16
puppigerus,-4.2370620900733513e-16
hive,-4.238146292245837e-16
the hive,-4.238146292245837e-16
introduction of new,-4.2413988987632933e-16
introduction of,-4.2413988987632933e-16
of new,-4.2413988987632933e-16
where water,-4.248988313970692e-16
get in,-4.2522409204881484e-16
get in trouble,-4.2522409204881484e-16
relax and,-4.257119830264333e-16
pedals are released,-4.257119830264333e-16
released the,-4.257119830264333e-16
allowing the rider,-4.257119830264333e-16
relax,-4.257119830264333e-16
turning allowing,-4.257119830264333e-16
released the bicycle,-4.257119830264333e-16
and enjoy the,-4.257119830264333e-16
turning allowing the,-4.257119830264333e-16
the ride,-4.257119830264333e-16
wheels stop turning,-4.257119830264333e-16
and enjoy,-4.257119830264333e-16
relax and enjoy,-4.257119830264333e-16
wheels stop,-4.257119830264333e-16
to relax and,-4.257119830264333e-16
ride this,-4.257119830264333e-16
stop turning allowing,-4.257119830264333e-16
are released,-4.257119830264333e-16
are released the,-4.257119830264333e-16
ride,-4.257119830264333e-16
ride this is,-4.257119830264333e-16
enjoy the ride,-4.257119830264333e-16
to relax,-4.257119830264333e-16
rider to,-4.257119830264333e-16
enjoy,-4.257119830264333e-16
rider to relax,-4.257119830264333e-16
bicycle wheels stop,-4.257119830264333e-16
enjoy the,-4.257119830264333e-16
stop turning,-4.257119830264333e-16
the rider to,-4.257119830264333e-16
the ride this,-4.257119830264333e-16
relatively,-4.265115821286414e-16
various,-4.2934406030425976e-16
organism,-4.2977774117325396e-16
organ and,-4.298861613905025e-16
largest organ and,-4.298861613905025e-16
the skin,-4.3151246464923076e-16
help,-4.3303034769071047e-16
can help,-4.3303034769071047e-16
low,-4.3416875997182025e-16
context the question,-4.3530717225293003e-16
is the largest,-4.3612032388229416e-16
important,-4.36282954208167e-16
from the elements,-4.377466271410224e-16
shielded from,-4.377466271410224e-16
shielded,-4.377466271410224e-16
been shielded from,-4.377466271410224e-16
may experience changes,-4.377466271410224e-16
the elements,-4.377466271410224e-16
changes in,-4.377466271410224e-16
changes in its,-4.377466271410224e-16
experience changes,-4.377466271410224e-16
relatively unchanged,-4.377466271410224e-16
in its surface,-4.377466271410224e-16
elements,-4.377466271410224e-16
has been shielded,-4.377466271410224e-16
shielded from the,-4.377466271410224e-16
experience changes in,-4.377466271410224e-16
its surface over,-4.377466271410224e-16
been shielded,-4.377466271410224e-16
lives and,-4.3797934944328053e-16
cat lives and,-4.3797934944328053e-16
lives and the,-4.3797934944328053e-16
meaning it,-4.380176776841438e-16
plant species,-4.380176776841438e-16
to see other,-4.380176776841438e-16
see other,-4.380176776841438e-16
see other vehicles,-4.380176776841438e-16
it is likely,-4.413244943102246e-16
vehicles,-4.414871246360974e-16
are single celled,-4.4267974702583146e-16
are single,-4.4267974702583146e-16
the situation but,-4.4330316327501063e-16
be valid,-4.4330316327501063e-16
given situation this,-4.4330316327501063e-16
provided options satisfy,-4.4330316327501063e-16
can be valid,-4.4330316327501063e-16
answer hence it,-4.4330316327501063e-16
answer hence,-4.4330316327501063e-16
satisfy that condition,-4.4330316327501063e-16
without more,-4.4330316327501063e-16
correct answer hence,-4.4330316327501063e-16
hence it is,-4.4330316327501063e-16
that condition therefore,-4.4330316327501063e-16
for description of,-4.4330316327501063e-16
options satisfy that,-4.4330316327501063e-16
asks for description,-4.4330316327501063e-16
satisfy that,-4.4330316327501063e-16
satisfy,-4.4330316327501063e-16
for description,-4.4330316327501063e-16
that condition,-4.4330316327501063e-16
this question without,-4.4330316327501063e-16
situation but none,-4.4330316327501063e-16
hence it,-4.4330316327501063e-16
question without more,-4.4330316327501063e-16
options satisfy,-4.4330316327501063e-16
condition therefore none,-4.4330316327501063e-16
question without,-4.4330316327501063e-16
be valid options,-4.4330316327501063e-16
condition therefore,-4.4330316327501063e-16
more context the,-4.4330316327501063e-16
situation but,-4.4330316327501063e-16
more context,-4.4330316327501063e-16
without more context,-4.4330316327501063e-16
situation this,-4.4330316327501063e-16
description of the,-4.4330316327501063e-16
situation this question,-4.4330316327501063e-16
weight gain,-4.436555289810684e-16
other vehicles,-4.440892098500626e-16
of bicycle,-4.441976300673112e-16
the ball,-4.44956571588051e-16
greenhouse,-4.470165557157735e-16
patio setting with,-4.481549679968833e-16
setting with,-4.481549679968833e-16
with windows,-4.481549679968833e-16
setting with windows,-4.481549679968833e-16
for plants therefore,-4.481549679968833e-16
plants therefore,-4.481549679968833e-16
to undergo,-4.481549679968833e-16
plants therefore it,-4.481549679968833e-16
incorrect,-4.495644308211144e-16
windows,-4.499439015814843e-16
unchanged,-4.508383683737849e-16
through its own,-4.518954654919582e-16
the term its,-4.540638698369293e-16
neighbors the,-4.540638698369293e-16
term its,-4.540638698369293e-16
its neighbors,-4.540638698369293e-16
and the answer,-4.556901730956575e-16
the sun,-4.562322741819003e-16
sun,-4.562322741819003e-16
organ,-4.573164763543858e-16
release,-4.579669976578771e-16
specific context,-4.581838380923742e-16
description,-4.581838380923742e-16
the stars in,-4.59322250373484e-16
microorganisms that,-4.594848806993568e-16
organism meaning they,-4.607317131977151e-16
celled organism meaning,-4.607317131977151e-16
to differentiate,-4.607317131977151e-16
various tasks,-4.607317131977151e-16
between different,-4.607317131977151e-16
unlike some,-4.607317131977151e-16
or organs,-4.607317131977151e-16
to differentiate between,-4.607317131977151e-16
differentiate between different,-4.607317131977151e-16
differentiate,-4.607317131977151e-16
celled organism,-4.607317131977151e-16
mammals are single,-4.607317131977151e-16
cells or,-4.607317131977151e-16
organism meaning,-4.607317131977151e-16
single celled organism,-4.607317131977151e-16
meaning they,-4.607317131977151e-16
differentiate between,-4.607317131977151e-16
organs to,-4.607317131977151e-16
cells or organs,-4.607317131977151e-16
or organs to,-4.607317131977151e-16
meaning they do,-4.607317131977151e-16
organs to differentiate,-4.607317131977151e-16
specialized cells or,-4.607317131977151e-16
between different functions,-4.607317131977151e-16
introduce new,-4.631711680858075e-16
introduce,-4.631711680858075e-16
remain,-4.665321948205126e-16
enough context,-4.668574554722582e-16
provide enough context,-4.668574554722582e-16
that accumulate over,-4.69567960903472e-16
accumulate over,-4.69567960903472e-16
snow that accumulate,-4.69567960903472e-16
accumulate over long,-4.69567960903472e-16
person can,-4.705437428587089e-16
this is especially,-4.728544487388187e-16
is especially,-4.728544487388187e-16
co2,-4.75097391983148e-16
external,-4.75097391983148e-16
to accelerate,-4.759105436125122e-16
accelerate,-4.759105436125122e-16
because it involves,-4.764797497530671e-16
safe because it,-4.764797497530671e-16
safe because,-4.764797497530671e-16
energy used by,-4.766152750246277e-16
energy used,-4.766152750246277e-16
the pedals are,-4.79217360238593e-16
when the pedals,-4.79217360238593e-16
pedals are,-4.79217360238593e-16
this process,-4.805184028455756e-16
result in,-4.829036476250437e-16
to an increase,-4.84746791318269e-16
bicycle wheels,-4.849636317527661e-16
the bicycle wheels,-4.849636317527661e-16
bacteria,-4.850720519700147e-16
important in,-4.866983552287429e-16
weight,-4.8691519566324e-16
wheels,-4.875657169667313e-16
in the body,-4.887583393564654e-16
stars in,-4.896257010944538e-16
stars in the,-4.896257010944538e-16
smoothing,-4.948298715223842e-16
traffic,-4.961309141293668e-16
heavy,-4.961309141293668e-16
down,-4.961309141293668e-16
over time,-4.96564594998361e-16
patio setting,-4.973032077283668e-16
patio,-4.973032077283668e-16
from one,-4.980824780398407e-16
another,-4.980824780398407e-16
to another,-4.980824780398407e-16
in its,-4.986787892347078e-16
skin,-5.000340419503146e-16
introduction,-5.004677228193088e-16
in the night,-5.005761430365574e-16
the night,-5.005761430365574e-16
on the,-5.030698080332741e-16
is because the,-5.030698080332741e-16
to an,-5.048045315092509e-16
but it may,-5.052788699597133e-16
do not possess,-5.094530483237825e-16
not possess,-5.094530483237825e-16
possess,-5.094530483237825e-16
temperature and,-5.136678842693199e-16
enough context to,-5.141286701926262e-16
night,-5.147791914961175e-16
to the increase,-5.149960319306146e-16
rain and,-5.157007633427302e-16
its surface,-5.15863393668603e-16
damp soil,-5.169475958410885e-16
the energy,-5.182486384480711e-16
contrast giraffe is,-5.221517662690189e-16
contrast giraffe,-5.221517662690189e-16
are typically eaten,-5.221517662690189e-16
not carnivore or,-5.221517662690189e-16
consumes plant,-5.221517662690189e-16
not carnivore,-5.221517662690189e-16
is herbivore not,-5.221517662690189e-16
and or omnivores,-5.221517662690189e-16
consumes plant based,-5.221517662690189e-16
and or,-5.221517662690189e-16
giraffe is carnivore,-5.221517662690189e-16
based and,-5.221517662690189e-16
therefore its,-5.221517662690189e-16
meaning it primarily,-5.221517662690189e-16
diet does not,-5.221517662690189e-16
is carnivore meaning,-5.221517662690189e-16
based and or,-5.221517662690189e-16
omnivore,-5.221517662690189e-16
primarily consumes plant,-5.221517662690189e-16
is carnivore,-5.221517662690189e-16
plant based and,-5.221517662690189e-16
items,-5.221517662690189e-16
include items that,-5.221517662690189e-16
items that are,-5.221517662690189e-16
items that,-5.221517662690189e-16
include items,-5.221517662690189e-16
in contrast giraffe,-5.221517662690189e-16
or an omnivore,-5.221517662690189e-16
herbivore not carnivore,-5.221517662690189e-16
does not include,-5.221517662690189e-16
carnivore meaning it,-5.221517662690189e-16
that are typically,-5.221517662690189e-16
omnivores giraffe,-5.221517662690189e-16
diet does,-5.221517662690189e-16
therefore its diet,-5.221517662690189e-16
omnivores giraffe is,-5.221517662690189e-16
herbivores in contrast,-5.221517662690189e-16
carnivore or an,-5.221517662690189e-16
carnivore or,-5.221517662690189e-16
not include,-5.221517662690189e-16
an omnivore therefore,-5.221517662690189e-16
not include items,-5.221517662690189e-16
or an,-5.221517662690189e-16
it primarily consumes,-5.221517662690189e-16
carnivore meaning,-5.221517662690189e-16
by herbivores in,-5.221517662690189e-16
herbivores in,-5.221517662690189e-16
or omnivores giraffe,-5.221517662690189e-16
it primarily,-5.221517662690189e-16
options are plant,-5.221517662690189e-16
omnivores,-5.221517662690189e-16
an omnivore,-5.221517662690189e-16
or omnivores,-5.221517662690189e-16
omnivore therefore its,-5.221517662690189e-16
its diet does,-5.221517662690189e-16
herbivore not,-5.221517662690189e-16
omnivore therefore,-5.221517662690189e-16
its diet,-5.221517662690189e-16
likely to,-5.225854471380131e-16
plant based foods,-5.260548940899668e-16
foods,-5.260548940899668e-16
based foods,-5.260548940899668e-16
beach burst,-5.267054153934581e-16
burst,-5.267054153934581e-16
species to,-5.282232984349378e-16
given situation,-5.320315585657931e-16
the given situation,-5.320315585657931e-16
not provide enough,-5.325601071248798e-16
provide enough,-5.325601071248798e-16
accelerate the,-5.341322002749838e-16
pedals to accelerate,-5.341322002749838e-16
rider applies the,-5.341322002749838e-16
where the rider,-5.341322002749838e-16
rider applies,-5.341322002749838e-16
accelerate the bicycle,-5.341322002749838e-16
to accelerate the,-5.341322002749838e-16
applies,-5.341322002749838e-16
the rider applies,-5.341322002749838e-16
applies the pedals,-5.341322002749838e-16
applies the,-5.341322002749838e-16
of the provided,-5.356229782621513e-16
the provided,-5.356229782621513e-16
provided options,-5.356229782621513e-16
the provided options,-5.356229782621513e-16
resolution,-5.361379742940819e-16
rain and snow,-5.361379742940819e-16
perform,-5.364090248372033e-16
for plants to,-5.43835809718729e-16
may take years,-5.473594667793069e-16
even decades,-5.473594667793069e-16
even decades to,-5.473594667793069e-16
of weathering stone,-5.473594667793069e-16
weathering stone,-5.473594667793069e-16
take years,-5.473594667793069e-16
take years or,-5.473594667793069e-16
or even decades,-5.473594667793069e-16
it may take,-5.473594667793069e-16
may take,-5.473594667793069e-16
decades,-5.473594667793069e-16
to show signs,-5.473594667793069e-16
years or even,-5.473594667793069e-16
years or,-5.473594667793069e-16
decades to,-5.473594667793069e-16
to show,-5.473594667793069e-16
weathering stone that,-5.473594667793069e-16
decades to show,-5.473594667793069e-16
different functions,-5.48172618408671e-16
the question,-5.499073418846478e-16
pedals to,-5.507747036226363e-16
is too,-5.507747036226363e-16
the pedals to,-5.507747036226363e-16
organisms,-5.516420653606247e-16
reactions,-5.529973180762315e-16
the animal weight,-5.539188899228442e-16
animal weight,-5.539188899228442e-16
as it does,-5.587435895904047e-16
diet,-5.592314805680232e-16
new species,-5.603156827405087e-16
the necessary,-5.616167253474913e-16
specialized,-5.620504062164855e-16
at,-5.709950741394909e-16
sun is,-5.716455954429822e-16
the sun is,-5.716455954429822e-16
overall,-5.724587470723463e-16
provide the necessary,-5.759281940243e-16
context to determine,-5.791808005417565e-16
the necessary light,-5.827315626566465e-16
necessary light for,-5.827315626566465e-16
light for plants,-5.827315626566465e-16
light for,-5.827315626566465e-16
necessary light,-5.827315626566465e-16
not provide,-5.835176092316985e-16
used by the,-5.84601811404184e-16
used by,-5.84601811404184e-16
released,-5.847102316214325e-16
most likely,-5.863365348801608e-16
consumes,-5.86770215749155e-16
reducing,-5.898059818321144e-16
epidermis is the,-5.915407053080912e-16
take,-5.932822050476461e-16
suitable environment,-5.956606735635361e-16
suitable environment for,-5.956606735635361e-16
for the given,-5.997806418189811e-16
visibility,-6.054184931159057e-16
drawn,-6.062045396909577e-16
the most likely,-6.097553018058477e-16
provide the,-6.119237061508187e-16
damp,-6.178326079908647e-16
the largest organ,-6.188083899461017e-16
plants to,-6.202720628789571e-16
the night sky,-6.227657278756737e-16
night sky,-6.227657278756737e-16
shorter,-6.2363308961366215e-16
however,-6.251170913372517e-16
include,-6.258014939586332e-16
it may,-6.266146455879973e-16
are plant,-6.268856961311187e-16
is herbivore,-6.268856961311187e-16
typically eaten by,-6.268856961311187e-16
are plant based,-6.268856961311187e-16
typically eaten,-6.268856961311187e-16
by herbivores,-6.268856961311187e-16
eaten by herbivores,-6.268856961311187e-16
eaten,-6.268856961311187e-16
eaten by,-6.268856961311187e-16
giraffe is herbivore,-6.268856961311187e-16
safe,-6.307617188977543e-16
other options do,-6.359929943799969e-16
the largest,-6.428099155394995e-16
organs,-6.473229070824704e-16
accumulate,-6.505213034913027e-16
ball,-6.539907504432563e-16
these factors may,-6.59845442174678e-16
factors may,-6.59845442174678e-16
the ball is,-6.665674956440881e-16
ball is,-6.665674956440881e-16
which is,-6.670011765130823e-16
answer is not,-6.709043043340301e-16
years,-6.773010971516946e-16
valid,-6.782768791069316e-16
cells,-6.786292448129894e-16
plant neighbors,-6.821800069278794e-16
the plant neighbors,-6.821800069278794e-16
suitable for,-6.828305282313707e-16
by the water,-6.846465668702839e-16
that accumulate,-6.898778423525265e-16
specialized cells,-6.89986262569775e-16
method of,-6.907452040905149e-16
rubbing,-6.952446431063297e-16
microorganisms,-6.983617243522255e-16
other options are,-6.986598799496591e-16
used,-7.060324547225605e-16
this question,-7.181755190543981e-16
options are,-7.199102425303749e-16
answer is the,-7.199102425303749e-16
stars,-7.207776042683633e-16
herbivores,-7.246807320893112e-16
primarily consumes,-7.246807320893112e-16
species,-7.255480938272996e-16
an increase in,-7.274996577377735e-16
an increase,-7.274996577377735e-16
place,-7.281501790412648e-16
condition,-7.31348575450097e-16
taking shorter showers,-7.368237964211488e-16
taking shorter,-7.368237964211488e-16
is common method,-7.371219520185823e-16
common method,-7.371219520185823e-16
common method of,-7.371219520185823e-16
too,-7.411606051110908e-16
of smoothing,-7.419466516861428e-16
largest organ,-7.434374296733104e-16
result,-7.464731957562698e-16
and the,-7.476658181460039e-16
necessary,-7.52219467270443e-16
options do,-7.524363077049401e-16
options do not,-7.524363077049401e-16
therefore the answer,-7.528699885739343e-16
its own,-7.541710311809169e-16
own,-7.576404781328705e-16
or even,-7.669646168162458e-16
smoother,-7.732529894166618e-16
shorter showers,-7.767224363686154e-16
same,-7.782403194100951e-16
the same,-7.782403194100951e-16
time the,-7.863176255951121e-16
taking,-7.86697096355482e-16
may experience,-7.867513064641063e-16
tasks,-7.95750184495736e-16
organisms that can,-7.95750184495736e-16
largest,-8.002496235115508e-16
of weathering,-8.041256462781865e-16
method,-8.062127354602211e-16
environment for plants,-8.086792954026256e-16
the cat lives,-8.133889044684779e-16
cat lives,-8.133889044684779e-16
showers,-8.140189911021167e-16
the stars,-8.140189911021167e-16
by the,-8.198736828335385e-16
where different,-8.381424894399192e-16
areas,-8.400398432417688e-16
cement,-8.441598114972138e-16
water and,-8.45786114755942e-16
beach,-8.513155458356181e-16
for the,-8.517492267046123e-16
surface,-8.530502693115949e-16
environment for,-8.634586101674557e-16
are worn,-8.64895178045999e-16
meaning,-8.716985466783456e-16
to these,-8.754932542820448e-16
been exposed to,-8.754932542820448e-16
been exposed,-8.754932542820448e-16
has been exposed,-8.754932542820448e-16
exposed to these,-8.754932542820448e-16
to these factors,-8.754932542820448e-16
these factors,-8.754932542820448e-16
show,-8.754932542820448e-16
signs of weathering,-8.754932542820448e-16
signs,-8.754932542820448e-16
exposed,-8.754932542820448e-16
exposed to,-8.754932542820448e-16
signs of,-8.754932542820448e-16
show signs of,-8.754932542820448e-16
show signs,-8.754932542820448e-16
the cat,-8.759586988865611e-16
not formed,-8.803721640582296e-16
is not formed,-8.803721640582296e-16
experience,-8.811853156875937e-16
the cement,-8.825405684032006e-16
is incorrect,-8.912141857830846e-16
droplets,-8.91864707086576e-16
texture,-8.921899677383216e-16
where the,-8.990204414249803e-16
epidermis is,-9.018393670734426e-16
the epidermis is,-9.018393670734426e-16
even,-9.074772183703672e-16
specialize in,-9.102961440188295e-16
time the constant,-9.107569299421359e-16
functions,-9.115971866258121e-16
this process is,-9.120308674948063e-16
action,-9.175060884658581e-16
leading to,-9.240655116093954e-16
leading,-9.240655116093954e-16
because water,-9.291612618200773e-16
is because water,-9.291612618200773e-16
at the,-9.36208575941233e-16
lives,-9.38522458194895e-16
because water is,-9.410874857174178e-16
process is common,-9.410874857174178e-16
different,-9.428222091933947e-16
survival,-9.506284648352903e-16
smoothed,-9.558326352632207e-16
cement leading,-9.558326352632207e-16
the cement leading,-9.558326352632207e-16
removes,-9.558326352632207e-16
smoothing concrete,-9.558326352632207e-16
different materials,-9.558326352632207e-16
cement leading to,-9.558326352632207e-16
same time the,-9.558326352632207e-16
rubbing action removes,-9.558326352632207e-16
from the cement,-9.558326352632207e-16
method of smoothing,-9.558326352632207e-16
smoothed at the,-9.558326352632207e-16
down and smoothed,-9.558326352632207e-16
constant rubbing action,-9.558326352632207e-16
smoother texture,-9.558326352632207e-16
constant rubbing,-9.558326352632207e-16
the same time,-9.558326352632207e-16
smoothed at,-9.558326352632207e-16
removes small particles,-9.558326352632207e-16
different materials are,-9.558326352632207e-16
are worn down,-9.558326352632207e-16
removes small,-9.558326352632207e-16
rubbing action,-9.558326352632207e-16
same time,-9.558326352632207e-16
and smoothed,-9.558326352632207e-16
smoother texture this,-9.558326352632207e-16
action removes,-9.558326352632207e-16
smoothing concrete where,-9.558326352632207e-16
the constant rubbing,-9.558326352632207e-16
materials are worn,-9.558326352632207e-16
materials are,-9.558326352632207e-16
particles from the,-9.558326352632207e-16
texture this process,-9.558326352632207e-16
where different materials,-9.558326352632207e-16
to smoother,-9.558326352632207e-16
concrete,-9.558326352632207e-16
worn down,-9.558326352632207e-16
concrete where,-9.558326352632207e-16
texture this,-9.558326352632207e-16
concrete where different,-9.558326352632207e-16
of smoothing concrete,-9.558326352632207e-16
at the same,-9.558326352632207e-16
to smoother texture,-9.558326352632207e-16
worn down and,-9.558326352632207e-16
small particles from,-9.558326352632207e-16
particles from,-9.558326352632207e-16
action removes small,-9.558326352632207e-16
small particles,-9.558326352632207e-16
leading to smoother,-9.558326352632207e-16
and smoothed at,-9.558326352632207e-16
rider,-9.58434720477186e-16
the rider,-9.58434720477186e-16
dioxide freezes,-9.70469364591775e-16
water is not,-9.70469364591775e-16
not formed when,-9.70469364591775e-16
carbon dioxide freezes,-9.70469364591775e-16
dioxide freezes and,-9.70469364591775e-16
condenses the answer,-9.70469364591775e-16
the plant,-9.71445146547012e-16
cat,-9.84455572616838e-16
increase in,-9.913944665207453e-16
increase in food,-1.0007186052041206e-15
in food intake,-1.0007186052041206e-15
in food,-1.0007186052041206e-15
worn,-1.0106932651909872e-15
is common,-1.0176321590948945e-15
the air,-1.0304257447302234e-15
herbivore,-1.0312931064682118e-15
particles,-1.0319436277717031e-15
specialize,-1.0408340855860843e-15
pedals,-1.043327750582801e-15
the pedals,-1.043327750582801e-15
carnivore,-1.0443035325380379e-15
down and,-1.0560129160008813e-15
anemometer,-1.0603497246908233e-15
the water heater,-1.0719506879364182e-15
does,-1.08528637465799e-15
when,-1.0881053003064522e-15
factors,-1.0959115559483479e-15
the bicycle,-1.1000315242037928e-15
does not,-1.1035551812643707e-15
organisms that,-1.1039346520247406e-15
formed when carbon,-1.1092472426699196e-15
when carbon,-1.1092472426699196e-15
when carbon dioxide,-1.1092472426699196e-15
provide,-1.1097893437561623e-15
neighbors,-1.130606025467884e-15
primarily,-1.1310397063368782e-15
location,-1.1332081106818492e-15
common,-1.1466522176206695e-15
dioxide,-1.1466522176206695e-15
carbon dioxide,-1.1466522176206695e-15
based,-1.1505553454416173e-15
not measure,-1.1516395476141028e-15
correct because anemometer,-1.1516395476141028e-15
not measure wind,-1.1516395476141028e-15
does not measure,-1.1516395476141028e-15
because anemometer does,-1.1516395476141028e-15
anemometer does,-1.1516395476141028e-15
anemometer does not,-1.1516395476141028e-15
carbon,-1.167252058897894e-15
because anemometer,-1.1758172560605296e-15
water heater,-1.1808045860539629e-15
heater,-1.1808045860539629e-15
has,-1.1811298467057085e-15
small,-1.1835557490666448e-15
can specialize,-1.1864424373508875e-15
can specialize in,-1.1864424373508875e-15
that can specialize,-1.1864424373508875e-15
plant based,-1.1947907940790259e-15
increase,-1.2021633688519273e-15
is the answer,-1.2096443638420773e-15
survival the,-1.2179927205702157e-15
that has,-1.25507243486922e-15
suggests,-1.2570239987796938e-15
for plants,-1.261577647904133e-15
not correct,-1.2865414029256117e-15
presence of,-1.300392085679114e-15
the presence,-1.300392085679114e-15
the presence of,-1.300392085679114e-15
presence,-1.300392085679114e-15
correct because,-1.311796537280946e-15
epidermis,-1.3170887991353908e-15
the epidermis,-1.3170887991353908e-15
the animal survival,-1.3186066821768705e-15
for the animal,-1.3186066821768705e-15
animal survival,-1.3186066821768705e-15
survival the presence,-1.3186066821768705e-15
animal survival the,-1.3186066821768705e-15
suitable for the,-1.3186066821768705e-15
stone that,-1.319690884349356e-15
stone that has,-1.319690884349356e-15
is not correct,-1.329557124118974e-15
giraffe is,-1.3340023530261647e-15
speed therefore the,-1.3424591299715516e-15
not correct because,-1.3519323464536437e-15
measure wind speed,-1.3658778968972385e-15
measure wind,-1.3658778968972385e-15
measure,-1.3658778968972385e-15
suggests humid boggy,-1.4094628242311558e-15
suggests humid,-1.4094628242311558e-15
is suitable for,-1.4094628242311558e-15
presence of bog,-1.4094628242311558e-15
is suitable,-1.4094628242311558e-15
boggy environment,-1.4094628242311558e-15
which is suitable,-1.4094628242311558e-15
bog suggests,-1.4094628242311558e-15
humid boggy environment,-1.4094628242311558e-15
bog suggests humid,-1.4094628242311558e-15
boggy environment which,-1.4094628242311558e-15
of bog,-1.4094628242311558e-15
of bog suggests,-1.4094628242311558e-15
environment which is,-1.4094628242311558e-15
has been,-1.4254005961666927e-15
that has been,-1.4254005961666927e-15
environment which,-1.427026899425421e-15
question,-1.4311468676808659e-15
wind speed therefore,-1.4375436604985303e-15
speed therefore,-1.4375436604985303e-15
humid boggy,-1.4818875293531875e-15
giraffe,-1.4883927423881005e-15
bicycle,-1.5011863280234294e-15
answer is because,-1.5225451108213939e-15
these,-1.536748159280954e-15
is because,-1.5526969426448052e-15
intake,-1.5597332453376467e-15
food intake,-1.639964206101574e-15
stone,-1.648420983046961e-15
been,-1.6849585962597224e-15
where,-1.6865848995184507e-15
boggy,-1.6879943623426819e-15
plants,-1.7806936480901925e-15
humid,-1.807581861967833e-15
question is incorrect,-1.919037845299343e-15
assuming that water,-1.94093872918355e-15
that water,-1.94093872918355e-15
water is formed,-1.94093872918355e-15
that water is,-1.94093872918355e-15
condenses the question,-1.94093872918355e-15
vapor freezes and,-1.94093872918355e-15
vapor freezes,-1.94093872918355e-15
water vapor freezes,-1.94093872918355e-15
wind speed,-1.944082915483758e-15
the question is,-1.9457092187424863e-15
bog,-1.979319486089537e-15
environment,-1.9853910182554557e-15
speed,-2.0020877317117325e-15
is incorrect in,-2.0363485203622744e-15
incorrect in,-2.0363485203622744e-15
wind,-2.065188298150389e-15
assuming,-2.074512436833764e-15
incorrect in assuming,-2.074512436833764e-15
is formed,-2.074512436833764e-15
is formed when,-2.074512436833764e-15
in assuming,-2.074512436833764e-15
in assuming that,-2.074512436833764e-15
assuming that,-2.074512436833764e-15
formed when water,-2.14064876935538e-15
may,-2.2057008997045102e-15
water vapor,-2.2477001813611674e-15
vapor,-2.2477001813611674e-15
question is,-2.2658741202774557e-15
for,-2.338407245616736e-15
by,-2.3592239273284576e-15
when water vapor,-2.366162821232365e-15
the animal,-2.458563951382442e-15
when water,-2.5808348513844948e-15
the answer,-2.6341775982707816e-15
animal,-2.6382975665262265e-15
and,-2.688821387764051e-15
plant,-2.764281858969042e-15
answer is,-2.7885679876327174e-15
condenses the,-2.9004576518332215e-15
freezes and condenses,-2.9004576518332215e-15
and condenses the,-2.9004576518332215e-15
freezes,-3.043138657732314e-15
freezes and,-3.043138657732314e-15
the answer is,-3.0834709785487746e-15
water,-3.1710745140856034e-15
and condenses,-3.183434418851938e-15
condenses,-3.2014321749151975e-15
formed when,-3.245667623552606e-15
water is,-3.283831540024096e-15
formed,-3.79514128456826e-15
