feature,importance
us,4.1577852272212116e-15
last,3.932965064734617e-15
further,2.808864252301646e-15
masters,2.6201263381153696e-15
month,2.4424906541753444e-15
also,2.2842838731662595e-15
able to,2.220446049250313e-15
able,2.220446049250313e-15
but was,2.0705659409259168e-15
about,2.0095036745715335e-15
leading,1.9914625504213745e-15
john,1.870725796493389e-15
emphasized,1.8263168755083824e-15
scoring,1.787459069646502e-15
the death,1.7763568394002505e-15
won the,1.7319479184152442e-15
march,1.7097434579227411e-15
now face,1.7069679003611782e-15
still,1.6875389974302379e-15
highlighted,1.6819878823071122e-15
unable to,1.6431300764452318e-15
unable,1.6431300764452318e-15
recently,1.6292522886374173e-15
has won,1.609823385706477e-15
margin,1.582067810090848e-15
put,1.582067810090848e-15
several,1.5043521983670872e-15
said that,1.4876988529977098e-15
high,1.4849232954361469e-15
self,1.482147737874584e-15
ongoing,1.454392162258955e-15
resulted,1.454392162258955e-15
military,1.4460654895742664e-15
eighth,1.432187701766452e-15
to play,1.4210854715202005e-15
the sport,1.4099832412739487e-15
first,1.4099832412739487e-15
those,1.3988810110276972e-15
17,1.3933298959045715e-15
has announced that,1.3766765505351941e-15
is working,1.364186541508161e-15
by us,1.3544720900426909e-15
reportedly,1.3183898417423734e-15
nearly,1.2823075934420559e-15
eight,1.2823075934420559e-15
sparked,1.2712053631958042e-15
deaths of,1.2684298056342414e-15
against,1.2656542480726785e-15
the case,1.2156942119645463e-15
appearances,1.2073675392798577e-15
and then,1.1990408665951691e-15
had to,1.1990408665951691e-15
that there is,1.1990408665951691e-15
causing,1.1823875212257918e-15
case,1.1796119636642288e-15
concerned about the,1.1768364061026659e-15
militants who,1.1768364061026659e-15
information about,1.1768364061026659e-15
running,1.1712852909795402e-15
the day,1.1657341758564144e-15
were on,1.1657341758564144e-15
save,1.1601830607332885e-15
lawsuit,1.1601830607332885e-15
the former,1.1471509506200129e-15
go,1.1435297153639113e-15
caused,1.1435297153639113e-15
problem,1.1435297153639113e-15
proper,1.1324274851176596e-15
year,1.126876369994534e-15
low,1.126876369994534e-15
effort to,1.1185496973098451e-15
featuring,1.1185496973098451e-15
rafael,1.1175088632242592e-15
has since,1.1102230246251565e-15
minute,1.1102230246251565e-15
were killed,1.1102230246251565e-15
million people,1.1102230246251565e-15
has raised,1.1060596882828122e-15
the game,1.096345236817342e-15
and police are,1.0945237771675665e-15
officials,1.0935696792557792e-15
be,1.0928757898653885e-15
announced,1.0880185641326535e-15
highlights the,1.0880185641326535e-15
had been,1.0852430065710906e-15
base,1.0824674490095276e-15
scored for,1.0769163338864018e-15
33,1.0713652187632761e-15
seized,1.0602629885170246e-15
enke,1.0498546476611637e-15
to new,1.0436096431476472e-15
the incident,1.0436096431476472e-15
she is,1.0325074129013957e-15
step,1.0292114382970396e-15
many people,1.021405182655144e-15
with an estimated,1.021405182655144e-15
it will,1.0158540675320183e-15
investigation by,1.0130785099704553e-15
arguing that,1.0103029524088924e-15
been charged,9.992007221626409e-16
in 2007,9.94343496429906e-16
atlanta,9.908740494779523e-16
was arrested in,9.825473767932635e-16
he,9.797718192317006e-16
and will be,9.769962616701378e-16
struggled with,9.68669588985449e-16
the wta tour,9.658940314238861e-16
percentage,9.658940314238861e-16
party,9.658940314238861e-16
working with,9.603429163007604e-16
stand,9.603429163007604e-16
headed,9.547918011776346e-16
is reportedly,9.547918011776346e-16
become the,9.547918011776346e-16
guilty of,9.534040223968532e-16
manager of,9.530570777016578e-16
involved,9.49240686054509e-16
aid the,9.49240686054509e-16
genocide,9.46465128492946e-16
revealed,9.43689570931383e-16
to withdraw,9.43689570931383e-16
the passengers,9.402201239794294e-16
particularly,9.325873406851315e-16
remain,9.325873406851315e-16
convicted,9.270362255620057e-16
regret,9.242606680004427e-16
that,9.232198339148568e-16
venezuela,9.166278847061448e-16
previous,9.159339953157541e-16
the government has,9.159339953157541e-16
former world,9.141992718397773e-16
to do,9.103828801926283e-16
families,9.103828801926283e-16
charged with,9.103828801926283e-16
letter,9.048317650695026e-16
game,8.992806499463768e-16
up,8.992806499463768e-16
babies,8.881784197001252e-16
without,8.881784197001252e-16
that the,8.881784197001252e-16
job,8.826273045769995e-16
has had,8.826273045769995e-16
here is,8.810660534486203e-16
here is summary,8.810660534486203e-16
here,8.810660534486203e-16
to not,8.770761894538737e-16
satellite,8.743006318923108e-16
the loss of,8.680556273787942e-16
galante,8.659739592076221e-16
tour of,8.64412708079243e-16
securing,8.6319840164605925e-16
financial,8.604228440844963e-16
found guilty of,8.604228440844963e-16
the war,8.576472865229334e-16
art,8.555656183517612e-16
reported that,8.548717289613706e-16
husband,8.493206138382448e-16
decide,8.493206138382448e-16
married,8.493206138382448e-16
barcelona,8.437694987151189e-16
frontier,8.437694987151189e-16
began,8.437694987151189e-16
it to,8.437694987151189e-16
has,8.437694987151189e-16
not yet,8.437694987151189e-16
article,8.409939411535561e-16
cause,8.382183835919932e-16
feet,8.326672684688674e-16
has risen,8.326672684688674e-16
which was,8.326672684688674e-16
relations,8.326672684688674e-16
continue to,8.326672684688674e-16
far,8.326672684688674e-16
will now,8.298917109073045e-16
has killed,8.298917109073045e-16
winning,8.271161533457416e-16
expressed concerns about,8.243405957841787e-16
months,8.215650382226159e-16
trafficking,8.215650382226159e-16
authorities are investigating,8.215650382226159e-16
situation in,8.208711488322251e-16
expressed confidence in,8.187894806610529e-16
expressed confidence,8.187894806610529e-16
primarily,8.1601392309949e-16
the attack,8.1601392309949e-16
goals,8.1601392309949e-16
alongside,8.1601392309949e-16
the national,8.1601392309949e-16
seeing,8.132383655379272e-16
weekend,8.132383655379272e-16
vote,8.125444761475364e-16
with,8.10636280323962e-16
himself,8.104628079763643e-16
ordered the,8.104628079763643e-16
mentioned,8.104628079763643e-16
series of,8.104628079763643e-16
were found to,8.049116928532385e-16
hotel room,8.049116928532385e-16
on monday,8.007483565108942e-16
legal,7.993605777301127e-16
underwater,7.993605777301127e-16
tuesday,7.993605777301127e-16
fan,7.993605777301127e-16
interviewed,7.993605777301127e-16
expected,7.993605777301127e-16
prices,7.965850201685498e-16
enough,7.93809462606987e-16
has caused,7.913808497406194e-16
which has,7.896461262646426e-16
smuggling,7.882583474838611e-16
allegedly,7.882583474838611e-16
miss,7.882583474838611e-16
to concerns,7.854827899222983e-16
died at,7.854827899222983e-16
been in,7.827072323607353e-16
birth,7.827072323607353e-16
oversee,7.799316747991725e-16
democracy,7.792377854087817e-16
sanford,7.771561172376096e-16
seeking to,7.771561172376096e-16
meanwhile,7.771561172376096e-16
inspired by,7.743805596760466e-16
say,7.729927808952653e-16
there,7.716050021144838e-16
users,7.716050021144838e-16
emphasizes the,7.674416657721394e-16
that they,7.660538869913581e-16
heard,7.632783294297951e-16
patients,7.618905506490137e-16
hope that,7.53563877964325e-16
transportation,7.521760991835436e-16
that there,7.494005416219807e-16
other countries,7.494005416219807e-16
obama has,7.466249840604177e-16
boats and,7.466249840604177e-16
being,7.438494264988549e-16
crimes,7.438494264988549e-16
felt,7.438494264988549e-16
case is,7.438494264988549e-16
want to,7.438494264988549e-16
generate,7.438494264988549e-16
in recent,7.438494264988549e-16
murder the,7.424616477180734e-16
least,7.382983113757291e-16
working,7.355227538141662e-16
compete in the,7.355227538141662e-16
it is,7.355227538141662e-16
but were,7.341349750333847e-16
planning to,7.32920668600201e-16
sealed,7.327471962526033e-16
for being,7.327471962526033e-16
released on,7.327471962526033e-16
match with,7.327471962526033e-16
berlin,7.327471962526033e-16
app,7.299716386910404e-16
group,7.271960811294775e-16
outcome,7.271960811294775e-16
chen,7.271960811294775e-16
was no,7.244205235679147e-16
the un,7.244205235679147e-16
their first,7.244205235679147e-16
goal in the,7.216449660063518e-16
community,7.216449660063518e-16
times,7.188694084447888e-16
events and,7.188694084447888e-16
judges,7.169612126212144e-16
harrison,7.16093850883226e-16
magazine,7.16093850883226e-16
threatening,7.16093850883226e-16
airports,7.16093850883226e-16
the berlin,7.153999614928352e-16
also expressed,7.150530167976399e-16
the need,7.105427357601002e-16
newborn,7.105427357601002e-16
scored the,7.105427357601002e-16
violence and,7.105427357601002e-16
man,7.105427357601002e-16
assaulted,7.077671781985373e-16
factor,7.068998164605489e-16
allowing,7.049916206369744e-16
also includes,7.022160630754115e-16
at the top,6.994405055138486e-16
the case is,6.994405055138486e-16
two american,6.994405055138486e-16
to participate,6.973588373426765e-16
day,6.966649479522858e-16
relationship,6.938893903907228e-16
which have been,6.938893903907228e-16
hundreds,6.938893903907228e-16
regions,6.938893903907228e-16
is summary,6.92154666914746e-16
is summary of,6.92154666914746e-16
million the,6.911138328291599e-16
mentions that,6.883382752675971e-16
added,6.883382752675971e-16
age of,6.883382752675971e-16
the age of,6.883382752675971e-16
state,6.855627177060341e-16
severe,6.855627177060341e-16
carried,6.855627177060341e-16
time of the,6.827871601444713e-16
of red,6.827871601444713e-16
song,6.827871601444713e-16
she was,6.805320196257014e-16
claimed,6.800116025829084e-16
stores,6.800116025829084e-16
the indian,6.786238238021269e-16
renewed,6.786238238021269e-16
huckaby,6.7723604502134545e-16
bombing,6.7723604502134545e-16
schedule,6.7723604502134545e-16
was on,6.7723604502134545e-16
20,6.744604874597826e-16
incident the,6.730727086790012e-16
the english premier,6.716849298982197e-16
ashtiani,6.716849298982197e-16
out,6.702971511174382e-16
honor,6.689093723366569e-16
plea,6.661338147750939e-16
recall,6.661338147750939e-16
and they,6.661338147750939e-16
discusses the,6.661338147750939e-16
monitor,6.63358257213531e-16
world,6.63358257213531e-16
man named,6.605826996519682e-16
attributed to,6.605826996519682e-16
option,6.578071420904052e-16
watson,6.550315845288424e-16
are investigating the,6.550315845288424e-16
is set to,6.550315845288424e-16
the park,6.550315845288424e-16
medal,6.550315845288424e-16
trial,6.543376951384516e-16
every,6.522560269672795e-16
has been accused,6.494804694057165e-16
suspected of,6.494804694057165e-16
faa,6.494804694057165e-16
toyota,6.494804694057165e-16
performance in,6.494804694057165e-16
underwent,6.494804694057165e-16
ability to,6.494804694057165e-16
girl,6.467049118441537e-16
pilot,6.439293542825908e-16
album,6.439293542825908e-16
and water,6.439293542825908e-16
groups the,6.439293542825908e-16
intention,6.439293542825908e-16
syrian,6.411537967210279e-16
the aftermath of,6.397660179402465e-16
the aftermath,6.397660179402465e-16
iran,6.38378239159465e-16
in 2005,6.38378239159465e-16
to,6.38378239159465e-16
came,6.38378239159465e-16
passengers were,6.38378239159465e-16
commit,6.362965709882929e-16
ban,6.356026815979021e-16
boxer,6.342149028171207e-16
area where,6.342149028171207e-16
elizabeth,6.328271240363392e-16
and prevent,6.328271240363392e-16
drugs,6.328271240363392e-16
rivals,6.328271240363392e-16
woman who,6.328271240363392e-16
discovered,6.328271240363392e-16
djokovic in the,6.314393452555578e-16
djokovic in,6.314393452555578e-16
were rescued,6.300515664747763e-16
the province,6.300515664747763e-16
have arrested,6.272760089132135e-16
consumers,6.272760089132135e-16
suspects,6.272760089132135e-16
brought to,6.245004513516506e-16
10 000,6.242402428302541e-16
airbus,6.231126725708691e-16
been responsible for,6.231126725708691e-16
with the goal,6.231126725708691e-16
positions,6.217248937900876e-16
participate in the,6.217248937900876e-16
the event,6.217248937900876e-16
is set,6.217248937900876e-16
thunderstorm,6.217248937900876e-16
this season,6.217248937900876e-16
prime,6.217248937900876e-16
government is,6.210310043996969e-16
how,6.203371150093063e-16
medical,6.201636426617085e-16
the fifth,6.189493362285248e-16
taliban has,6.161737786669619e-16
the taliban has,6.161737786669619e-16
mayor,6.161737786669619e-16
vice president,6.161737786669619e-16
has left,6.161737786669619e-16
meeting,6.161737786669619e-16
tour,6.161737786669619e-16
the social,6.161737786669619e-16
died from,6.161737786669619e-16
to set,6.154798892765712e-16
bashir,6.13398221105399e-16
older,6.120104423246176e-16
hours,6.106226635438361e-16
michael jackson,6.106226635438361e-16
informed,6.106226635438361e-16
quake,6.106226635438361e-16
free,6.106226635438361e-16
squash,6.106226635438361e-16
served,6.106226635438361e-16
change in,6.106226635438361e-16
and that he,6.099287741534454e-16
is not,6.064593272014918e-16
hit,6.050715484207103e-16
was shot,6.050715484207103e-16
improving,6.050715484207103e-16
began after,6.050715484207103e-16
of thousands of,6.050715484207103e-16
gratitude for,6.050715484207103e-16
that while,6.050715484207103e-16
included,6.050715484207103e-16
their new,6.009082120783659e-16
after the,5.995204332975846e-16
kaka,5.995204332975846e-16
followed,5.995204332975846e-16
church,5.995204332975846e-16
ceo,5.995204332975846e-16
tendulkar,5.995204332975846e-16
killed over,5.981326545168031e-16
city with,5.967448757360216e-16
time to,5.939693181744587e-16
to combat,5.939693181744587e-16
the children,5.939693181744587e-16
sorority,5.939693181744587e-16
october,5.939693181744587e-16
various,5.884182030513329e-16
at airports,5.884182030513329e-16
opposition,5.884182030513329e-16
but the,5.884182030513329e-16
initiative,5.884182030513329e-16
part of larger,5.877243136609423e-16
titles,5.870304242705515e-16
has resulted,5.870304242705515e-16
has resulted in,5.870304242705515e-16
review,5.856426454897701e-16
sharapova,5.835609773185979e-16
nemanja vidic,5.828670879282072e-16
compete in,5.828670879282072e-16
madoff,5.828670879282072e-16
family,5.828670879282072e-16
training,5.828670879282072e-16
and using,5.828670879282072e-16
it was,5.828670879282072e-16
nemanja,5.828670879282072e-16
attempts,5.814793091474257e-16
case has,5.814793091474257e-16
of state,5.787037515858629e-16
opportunities,5.787037515858629e-16
safety,5.773159728050814e-16
also mentioned that,5.773159728050814e-16
ghana,5.773159728050814e-16
include,5.773159728050814e-16
delayed due to,5.773159728050814e-16
delayed due,5.773159728050814e-16
emphasizes the importance,5.752343046339093e-16
york city,5.745404152435185e-16
new york city,5.745404152435185e-16
the population,5.717648576819557e-16
to be,5.703770789011742e-16
uruguay,5.689893001203927e-16
chosen,5.689893001203927e-16
potentially,5.689893001203927e-16
2020,5.676015213396113e-16
of the season,5.676015213396113e-16
trial in,5.662137425588298e-16
often,5.662137425588298e-16
in the country,5.662137425588298e-16
frank,5.648259637780484e-16
hussein,5.63438184997267e-16
new coach,5.63438184997267e-16
di,5.63438184997267e-16
with at,5.60662627435704e-16
golfer,5.60662627435704e-16
photos,5.60662627435704e-16
conducting,5.60662627435704e-16
remains optimistic about,5.592748486549226e-16
five years,5.585809592645319e-16
guns,5.578870698741412e-16
for the support,5.578870698741412e-16
fight against,5.571931804837504e-16
trillanes,5.564992910933597e-16
formula one,5.551115123125783e-16
could be,5.551115123125783e-16
in his,5.551115123125783e-16
details,5.551115123125783e-16
2003 and,5.551115123125783e-16
150,5.551115123125783e-16
aim,5.551115123125783e-16
sentenced,5.551115123125783e-16
other matches,5.537237335317968e-16
dubai,5.523359547510153e-16
round,5.523359547510153e-16
80,5.523359547510153e-16
failed to,5.499940780584467e-16
louis,5.499073418846478e-16
time since,5.495603971894525e-16
fernando,5.495603971894525e-16
rogers,5.467848396278896e-16
of india,5.467848396278896e-16
of 10,5.440092820663267e-16
the launch,5.440092820663267e-16
but he,5.440092820663267e-16
43,5.440092820663267e-16
him,5.440092820663267e-16
vowed to,5.440092820663267e-16
spain,5.440092820663267e-16
acknowledging,5.440092820663267e-16
fighting,5.426215032855453e-16
sales,5.412337245047638e-16
misconduct,5.412337245047638e-16
000 by the,5.405398351143731e-16
000 by,5.405398351143731e-16
is being,5.398459457239823e-16
result in,5.384581669432009e-16
whether to,5.384581669432009e-16
federal,5.384581669432009e-16
is attributed,5.384581669432009e-16
their,5.384581669432009e-16
is attributed to,5.384581669432009e-16
espanyol,5.384581669432009e-16
in the united,5.384581669432009e-16
to win,5.384581669432009e-16
refugees,5.384581669432009e-16
effort,5.370703881624195e-16
goal for,5.3568260938163805e-16
saying that,5.3568260938163805e-16
important,5.3568260938163805e-16
the second,5.353356646864427e-16
atp,5.342948306008566e-16
naval,5.342948306008566e-16
will continue to,5.329070518200751e-16
to the united,5.329070518200751e-16
been,5.329070518200751e-16
votes,5.329070518200751e-16
manchester,5.329070518200751e-16
has received,5.329070518200751e-16
the alleged,5.329070518200751e-16
result,5.329070518200751e-16
and have,5.329070518200751e-16
professional,5.329070518200751e-16
claims he,5.329070518200751e-16
the united states,5.329070518200751e-16
united states,5.329070518200751e-16
which aims,5.301314942585123e-16
episode,5.301314942585123e-16
which aims to,5.301314942585123e-16
car bombing,5.301314942585123e-16
in april,5.292641325205239e-16
has decided,5.287437154777308e-16
neck,5.273559366969494e-16
minister of,5.273559366969494e-16
support,5.273559366969494e-16
roles,5.273559366969494e-16
emissions,5.273559366969494e-16
williams,5.273559366969494e-16
player in,5.273559366969494e-16
mexican president,5.245803791353864e-16
mexican president felipe,5.245803791353864e-16
kosovo,5.245803791353864e-16
requiring,5.238864897449957e-16
works,5.231926003546051e-16
were injured,5.218048215738236e-16
time of,5.218048215738236e-16
have increased,5.204170427930421e-16
the leader of,5.204170427930421e-16
value,5.197231534026514e-16
his actions,5.190292640122607e-16
of corruption,5.190292640122607e-16
trials,5.162537064506978e-16
awareness about,5.162537064506978e-16
wins,5.162537064506978e-16
in los,5.162537064506978e-16
to come,5.162537064506978e-16
nurse,5.162537064506978e-16
the peace,5.162537064506978e-16
in los angeles,5.162537064506978e-16
side of,5.134781488891349e-16
that he,5.134781488891349e-16
the deaths,5.134781488891349e-16
the first,5.10702591327572e-16
states the,5.10702591327572e-16
of,5.10702591327572e-16
her family,5.10702591327572e-16
off,5.10702591327572e-16
participants,5.10702591327572e-16
management,5.10702591327572e-16
move,5.10702591327572e-16
red,5.10702591327572e-16
and have been,5.10702591327572e-16
to return to,5.10702591327572e-16
director,5.10702591327572e-16
rooney,5.082739784612045e-16
has rejected,5.079270337660091e-16
above,5.079270337660091e-16
to protect,5.079270337660091e-16
to life,5.051514762044462e-16
new year,5.051514762044462e-16
played in,5.051514762044462e-16
circuit,5.051514762044462e-16
injuries to,5.037636974236647e-16
reforms,5.030698080332741e-16
the previous,5.023759186428834e-16
ended,4.996003610813204e-16
online,4.996003610813204e-16
targeted,4.996003610813204e-16
host of,4.996003610813204e-16
initially,4.996003610813204e-16
december,4.996003610813204e-16
win in,4.996003610813204e-16
due to her,4.989064716909298e-16
shot at,4.978656376053436e-16
2nd,4.968248035197575e-16
four points,4.968248035197575e-16
was also,4.968248035197575e-16
alonso,4.961309141293668e-16
total,4.954370247389761e-16
federer in,4.947431353485854e-16
ben,4.940492459581947e-16
surrounding the,4.940492459581947e-16
each,4.940492459581947e-16
people have,4.940492459581947e-16
people,4.940492459581947e-16
impact,4.940492459581947e-16
but it was,4.940492459581947e-16
was sent off,4.940492459581947e-16
selling,4.940492459581947e-16
due to his,4.940492459581947e-16
station,4.940492459581947e-16
and that,4.9127368839663175e-16
crittenton,4.9127368839663175e-16
marine,4.898859096158503e-16
stadium,4.898859096158503e-16
money,4.884981308350689e-16
personal,4.884981308350689e-16
64,4.884981308350689e-16
value of,4.884981308350689e-16
loss,4.884981308350689e-16
and emphasized,4.884981308350689e-16
and reduce,4.884981308350689e-16
the release of,4.871103520542875e-16
industry,4.836409051023338e-16
and four,4.829470157119431e-16
organization,4.829470157119431e-16
calling,4.829470157119431e-16
was not,4.829470157119431e-16
so far,4.829470157119431e-16
dealer,4.829470157119431e-16
but it is,4.829470157119431e-16
taxes,4.829470157119431e-16
president george bush,4.829470157119431e-16
embassy in,4.822531263215524e-16
andy murray,4.812122922359662e-16
world war,4.808653475407709e-16
petty,4.801714581503802e-16
completely,4.801714581503802e-16
nation,4.801714581503802e-16
destination,4.773959005888173e-16
expects,4.773959005888173e-16
executed,4.773959005888173e-16
almost,4.773959005888173e-16
ntsb,4.773959005888173e-16
decided not to,4.773959005888173e-16
decided not,4.773959005888173e-16
2010 world,4.767020111984266e-16
climate change,4.763550665032313e-16
disputed,4.760081218080358e-16
federer,4.760081218080358e-16
with the government,4.758346494604382e-16
stern,4.756611771128405e-16
transfer,4.753142324176451e-16
caused by the,4.746203430272545e-16
canceled,4.746203430272545e-16
airlines,4.746203430272545e-16
par,4.746203430272545e-16
vice,4.746203430272545e-16
no one,4.746203430272545e-16
bringing the,4.73232564246473e-16
the and,4.718447854656915e-16
adebayor,4.718447854656915e-16
coast,4.718447854656915e-16
african,4.718447854656915e-16
set to,4.718447854656915e-16
government has been,4.704570066849101e-16
puts,4.690692279041286e-16
to control,4.690692279041286e-16
to flee,4.690692279041286e-16
reports of,4.690692279041286e-16
this is the,4.690692279041286e-16
earning,4.690692279041286e-16
gold medal,4.690692279041286e-16
economic growth,4.690692279041286e-16
becoming the,4.690692279041286e-16
agent,4.690692279041286e-16
old former,4.662936703425658e-16
he is,4.662936703425658e-16
peru,4.662936703425658e-16
department of,4.662936703425658e-16
garrido,4.662936703425658e-16
investigating the incident,4.662936703425658e-16
the top of,4.662936703425658e-16
50,4.662936703425658e-16
faced,4.662936703425658e-16
year old former,4.662936703425658e-16
and stated that,4.649058915617843e-16
is seeking,4.649058915617843e-16
manuka,4.635181127810028e-16
leading to the,4.635181127810028e-16
lines,4.635181127810028e-16
egypt,4.635181127810028e-16
manuka honey,4.635181127810028e-16
emphasizing,4.635181127810028e-16
abdul,4.635181127810028e-16
electricity,4.635181127810028e-16
over 200,4.621303340002214e-16
activists,4.6074255521944e-16
providing,4.6074255521944e-16
the supreme court,4.6074255521944e-16
reasons,4.6074255521944e-16
66,4.6074255521944e-16
hamas,4.6074255521944e-16
south african,4.6074255521944e-16
members and,4.6074255521944e-16
to the hospital,4.6074255521944e-16
racial,4.6074255521944e-16
this is,4.606341350021915e-16
the university,4.600486658290492e-16
hostages,4.593547764386585e-16
raw,4.593547764386585e-16
that they will,4.586608870482678e-16
donations,4.586608870482678e-16
and held,4.579669976578771e-16
four days,4.579669976578771e-16
was the,4.579669976578771e-16
wta,4.565792188770956e-16
overturned,4.565792188770956e-16
declined,4.555383847915096e-16
in britain,4.551914400963141e-16
most of the,4.551914400963141e-16
killed in the,4.551914400963141e-16
eventually,4.551914400963141e-16
her children,4.551914400963141e-16
about their,4.538036613155328e-16
canada,4.538036613155328e-16
three,4.524158825347513e-16
computer,4.52068937839556e-16
benefits,4.510281037539698e-16
born in,4.496403249731884e-16
expressed frustration with,4.496403249731884e-16
30 years,4.496403249731884e-16
the militants,4.482525461924069e-16
scottish,4.468647674116255e-16
is seeking to,4.468647674116255e-16
days and,4.468647674116255e-16
foundation,4.454769886308441e-16
and its,4.454769886308441e-16
carrying,4.440892098500626e-16
operating,4.440892098500626e-16
adult,4.440892098500626e-16
comeback,4.440892098500626e-16
reduce the,4.440892098500626e-16
moscow,4.440892098500626e-16
band,4.440892098500626e-16
matches,4.440892098500626e-16
left the,4.433953204596719e-16
wikileaks,4.4131365228849973e-16
over million people,4.4131365228849973e-16
has the,4.4131365228849973e-16
murder in,4.4131365228849973e-16
suicide,4.4096670759330434e-16
days,4.3992587350771827e-16
stating that it,4.3992587350771827e-16
runway,4.3853809472693685e-16
south africa,4.3853809472693685e-16
martin,4.3853809472693685e-16
flights,4.3853809472693685e-16
democracy and,4.3853809472693685e-16
brought,4.3853809472693685e-16
expressed interest in,4.3853809472693685e-16
rescue,4.3853809472693685e-16
77,4.3853809472693685e-16
as result,4.3853809472693685e-16
swift,4.3853809472693685e-16
du,4.3853809472693685e-16
expressed interest,4.3853809472693685e-16
billionaire,4.3853809472693685e-16
to an,4.3853809472693685e-16
gas,4.3853809472693685e-16
time,4.3853809472693685e-16
progress in,4.371503159461554e-16
the first set,4.357625371653739e-16
meters,4.357625371653739e-16
first set,4.357625371653739e-16
americans,4.343747583845925e-16
of the french,4.3333392429900643e-16
going,4.3298697960381104e-16
cannavaro,4.3298697960381104e-16
oversee the,4.3298697960381104e-16
tensions,4.3298697960381104e-16
collision,4.3298697960381104e-16
relief,4.3298697960381104e-16
prize,4.3298697960381104e-16
and causing,4.3298697960381104e-16
reagan,4.3298697960381104e-16
expressed concern about,4.309053114326389e-16
who had been,4.305583667374435e-16
nerve,4.3021142204224816e-16
the country with,4.3021142204224816e-16
package,4.3021142204224816e-16
samuel,4.3021142204224816e-16
tevez,4.2951753265185743e-16
comic,4.2951753265185743e-16
to appear in,4.288236432614667e-16
for those,4.283032262186737e-16
cutting,4.28129753871076e-16
corruption in,4.274358644806853e-16
pay,4.274358644806853e-16
immediately,4.274358644806853e-16
and the company,4.274358644806853e-16
april,4.274358644806853e-16
suggests,4.274358644806853e-16
fake,4.274358644806853e-16
was well,4.274358644806853e-16
spot,4.274358644806853e-16
the bill,4.274358644806853e-16
that if,4.274358644806853e-16
iphone,4.274358644806853e-16
of sudan,4.270889197854899e-16
alerted,4.260480856999038e-16
charges the,4.246603069191224e-16
our,4.2361947283353627e-16
surprise,4.2327252813834093e-16
mays,4.2223169405275486e-16
of snow,4.2188474935755947e-16
will be the,4.2188474935755947e-16
success,4.2188474935755947e-16
he also mentioned,4.2188474935755947e-16
privacy,4.211908599671688e-16
fighters,4.191091917959966e-16
atalanta,4.191091917959966e-16
was given,4.191091917959966e-16
the possibility,4.191091917959966e-16
serious,4.191091917959966e-16
ancient,4.191091917959966e-16
dealing,4.191091917959966e-16
mokoena,4.191091917959966e-16
contact with,4.191091917959966e-16
been linked,4.191091917959966e-16
child abuse,4.191091917959966e-16
is no,4.163336342344337e-16
has announced,4.163336342344337e-16
is taking,4.163336342344337e-16
found that,4.163336342344337e-16
world number one,4.163336342344337e-16
appearing,4.163336342344337e-16
deadliest,4.1520606397504877e-16
limited,4.1494585545365224e-16
the injury,4.1425196606326155e-16
defended his,4.1390502136806616e-16
city of,4.135580766728708e-16
the white house,4.135580766728708e-16
as positive,4.135580766728708e-16
seen as positive,4.135580766728708e-16
heavy,4.135580766728708e-16
started,4.1251724258728475e-16
civil war,4.1217029789208936e-16
communication,4.1217029789208936e-16
they can,4.114764085016986e-16
extra,4.1078251911130794e-16
aims,4.1078251911130794e-16
and that the,4.1078251911130794e-16
and the us,4.1078251911130794e-16
measures,4.1078251911130794e-16
years,4.1078251911130794e-16
caused significant,4.1078251911130794e-16
aims to,4.1078251911130794e-16
round of,4.1078251911130794e-16
bond,4.1078251911130794e-16
marked,4.1078251911130794e-16
pakistan,4.1078251911130794e-16
line,4.1078251911130794e-16
mobile,4.1078251911130794e-16
killings,4.1078251911130794e-16
were met with,4.08006961549745e-16
the region the,4.08006961549745e-16
addressing,4.08006961549745e-16
the withdrawal,4.08006961549745e-16
managed,4.08006961549745e-16
main,4.08006961549745e-16
of these,4.0523140398818213e-16
rays,4.0523140398818213e-16
suggests that,4.0523140398818213e-16
economic,4.0523140398818213e-16
to serve,4.0523140398818213e-16
hard,4.0523140398818213e-16
expected to take,4.0523140398818213e-16
is seen,4.0523140398818213e-16
32,4.0523140398818213e-16
suspects were,4.038436252074007e-16
peacekeeping,4.038436252074007e-16
phone,4.0245584642661925e-16
is about,4.0245584642661925e-16
minus,4.013282761672343e-16
seat,4.010680676458378e-16
will join,4.010680676458378e-16
threw,4.0054765060304477e-16
amnesty,4.003741782554471e-16
is an,3.9968028886505636e-16
icc,3.9968028886505636e-16
the senate,3.9968028886505636e-16
attended by,3.9968028886505636e-16
denied,3.9968028886505636e-16
section,3.9968028886505636e-16
vulnerable,3.9968028886505636e-16
physical,3.991598718222633e-16
tiger woods,3.9846598243187257e-16
gorilla,3.982925100842749e-16
alex,3.9759862069388417e-16
transition,3.969047313034935e-16
and played,3.969047313034935e-16
score,3.969047313034935e-16
powers,3.965577866082981e-16
data,3.9621084191310275e-16
suspects are,3.95516952522712e-16
41,3.95516952522712e-16
civilian casualties,3.951700078275167e-16
with many,3.9412917374193055e-16
hilton,3.9412917374193055e-16
government,3.9412917374193055e-16
village,3.9412917374193055e-16
same sex marriage,3.9412917374193055e-16
develop,3.9412917374193055e-16
alberto,3.9412917374193055e-16
sex marriage,3.9412917374193055e-16
in boston,3.9412917374193055e-16
of the text,3.939557013943329e-16
some of the,3.9274139496114914e-16
pichushkin,3.9274139496114914e-16
newspapers,3.9274139496114914e-16
but has been,3.9274139496114914e-16
could not,3.9239445026595375e-16
president of,3.9135361618036767e-16
was one,3.9135361618036767e-16
parliament,3.9135361618036767e-16
miles,3.9135361618036767e-16
the airline,3.9005257357338507e-16
requested,3.8996583739958625e-16
the niger,3.892719480091955e-16
the niger delta,3.892719480091955e-16
troops to,3.885780586188048e-16
when,3.885780586188048e-16
mark,3.885780586188048e-16
in two,3.885780586188048e-16
marines,3.885780586188048e-16
in police,3.885780586188048e-16
lost to,3.885780586188048e-16
but did,3.885780586188048e-16
consecutive,3.885780586188048e-16
error,3.8745048835941985e-16
valencia,3.858025010572419e-16
means,3.858025010572419e-16
on december,3.858025010572419e-16
korean,3.858025010572419e-16
saleh,3.858025010572419e-16
is known,3.858025010572419e-16
northwest,3.858025010572419e-16
14,3.8441472227646044e-16
has been unable,3.8302694349567903e-16
mexico,3.8302694349567903e-16
wanted,3.8302694349567903e-16
polish,3.8302694349567903e-16
he could,3.8302694349567903e-16
scandal,3.8302694349567903e-16
her son,3.8302694349567903e-16
foreign,3.8302694349567903e-16
florida,3.8302694349567903e-16
cnn,3.8302694349567903e-16
double,3.8302694349567903e-16
that she,3.8302694349567903e-16
winners,3.8302694349567903e-16
cocaine,3.8302694349567903e-16
is likely,3.8302694349567903e-16
of million,3.8288057620239344e-16
baby,3.819861094100929e-16
in october,3.8163916471489756e-16
holocaust,3.8163916471489756e-16
draw,3.8163916471489756e-16
in jail for,3.802513859341161e-16
airport the,3.802513859341161e-16
to experience,3.802513859341161e-16
of child,3.802513859341161e-16
for an,3.802513859341161e-16
the first half,3.802513859341161e-16
expected to return,3.788636071533347e-16
decision comes,3.788636071533347e-16
combined company,3.774758283725532e-16
building,3.774758283725532e-16
victoria,3.774758283725532e-16
the combined company,3.774758283725532e-16
the lowest,3.774758283725532e-16
two days,3.774758283725532e-16
perform,3.774758283725532e-16
joining,3.774758283725532e-16
recorded,3.774758283725532e-16
required,3.760880495917718e-16
two other,3.760880495917718e-16
movement for,3.760880495917718e-16
carbon,3.760880495917718e-16
contract,3.7470027081099033e-16
lyon,3.7470027081099033e-16
was responsible,3.7470027081099033e-16
strategy,3.7470027081099033e-16
the visit,3.7470027081099033e-16
is significant,3.7470027081099033e-16
gymnasts,3.7470027081099033e-16
and several,3.7470027081099033e-16
was responsible for,3.7470027081099033e-16
era,3.7331249203020887e-16
with goal,3.7192471324942745e-16
victory over,3.7192471324942745e-16
group is,3.7192471324942745e-16
south,3.7192471324942745e-16
reaching,3.7192471324942745e-16
give,3.7192471324942745e-16
is scheduled to,3.7192471324942745e-16
throughout,3.7192471324942745e-16
measures to,3.7179460898872916e-16
the semifinals of,3.7157776855423206e-16
semifinals of,3.7157776855423206e-16
set up,3.712308238590367e-16
wednesday,3.6984304507825525e-16
the internet,3.6962620464375815e-16
to resolve,3.6914915568786457e-16
thanks,3.6914915568786457e-16
son,3.6914915568786457e-16
palestinian,3.6914915568786457e-16
him and,3.6914915568786457e-16
deal with,3.6845526629747384e-16
view,3.6672054282149703e-16
to remove,3.6637359812630164e-16
five,3.6637359812630164e-16
year and,3.6637359812630164e-16
deaths in,3.6637359812630164e-16
investigating the,3.6637359812630164e-16
still missing,3.6637359812630164e-16
united,3.6637359812630164e-16
advantage,3.6637359812630164e-16
defeating,3.6637359812630164e-16
national security,3.6637359812630164e-16
later,3.6637359812630164e-16
of mexico,3.6637359812630164e-16
goalkeeper,3.6637359812630164e-16
world number,3.6637359812630164e-16
the kenyan,3.6463887465032483e-16
or,3.6359804056473876e-16
colorado,3.6359804056473876e-16
power and,3.62904151174348e-16
release of,3.62904151174348e-16
george,3.6221026178395734e-16
the win,3.608224830031759e-16
necessary,3.608224830031759e-16
has been ongoing,3.608224830031759e-16
guinea,3.608224830031759e-16
campaign,3.608224830031759e-16
the us has,3.608224830031759e-16
his team,3.608224830031759e-16
resumed,3.608224830031759e-16
her as,3.608224830031759e-16
this move,3.608224830031759e-16
their children,3.608224830031759e-16
us has,3.608224830031759e-16
is considered,3.594347042223944e-16
complaint,3.594347042223944e-16
strength,3.5874081483200373e-16
and two,3.58046925441613e-16
simon,3.58046925441613e-16
per,3.58046925441613e-16
code,3.5665914666083153e-16
which had,3.552713678800501e-16
will face either,3.552713678800501e-16
lakers,3.552713678800501e-16
2012,3.552713678800501e-16
meet the,3.552713678800501e-16
accidentally,3.552713678800501e-16
experiencing,3.552713678800501e-16
downturn,3.552713678800501e-16
taking,3.552713678800501e-16
military and,3.5388358909926865e-16
the deaths of,3.535366444040733e-16
gaza,3.524958103184872e-16
serbia,3.524958103184872e-16
which included,3.524958103184872e-16
aggregate,3.524958103184872e-16
the president,3.524958103184872e-16
isaac,3.5197539327569417e-16
grateful for the,3.518019209280965e-16
grateful for,3.518019209280965e-16
ones,3.518019209280965e-16
inside,3.5110803153770577e-16
and has been,3.497202527569243e-16
abuse,3.497202527569243e-16
an hour,3.497202527569243e-16
of injuries,3.497202527569243e-16
wozniacki,3.497202527569243e-16
by,3.497202527569243e-16
ac,3.497202527569243e-16
ac milan,3.497202527569243e-16
he also expressed,3.4902636336653357e-16
movement,3.483324739761429e-16
project,3.483324739761429e-16
treated for,3.471181675429591e-16
date,3.469446951953614e-16
the return of,3.469446951953614e-16
in new york,3.469446951953614e-16
clan,3.469446951953614e-16
violence with,3.469446951953614e-16
known for her,3.469446951953614e-16
return of,3.469446951953614e-16
terms,3.4555691641457995e-16
highlights the ongoing,3.4486302702418927e-16
has suspended,3.4416913763379854e-16
and authorities,3.4416913763379854e-16
grow,3.4416913763379854e-16
similar,3.4416913763379854e-16
has stated,3.4416913763379854e-16
based on,3.4416913763379854e-16
lady,3.4416913763379854e-16
inches,3.4416913763379854e-16
he died,3.4416913763379854e-16
they believe,3.4416913763379854e-16
place,3.4416913763379854e-16
abu,3.4416913763379854e-16
force and,3.4416913763379854e-16
connection to,3.4416913763379854e-16
single,3.4416913763379854e-16
tested,3.4416913763379854e-16
automatic,3.4278135885301707e-16
acting,3.4208746946262634e-16
an area,3.4139358007223566e-16
failure,3.4139358007223566e-16
have fled,3.4139358007223566e-16
deputy,3.4139358007223566e-16
live,3.4139358007223566e-16
celebrity,3.410900034639397e-16
then,3.406996906818449e-16
of food,3.400058012914542e-16
millions of dollars,3.3974559277005766e-16
changes,3.3931191190106346e-16
hong,3.3861802251067273e-16
following the,3.3861802251067273e-16
acres,3.3861802251067273e-16
hong kong,3.3861802251067273e-16
homes,3.3861802251067273e-16
evening,3.3861802251067273e-16
hamilton,3.3861802251067273e-16
kong,3.3861802251067273e-16
olympic,3.3861802251067273e-16
affected,3.3861802251067273e-16
is optimistic,3.3861802251067273e-16
authorities are,3.3861802251067273e-16
still missing the,3.3835781398927624e-16
forced to,3.3792413312028204e-16
the chinese,3.3757718842508665e-16
to attend the,3.372302437298913e-16
75,3.365363543395006e-16
them to,3.365363543395006e-16
she did,3.3618940964430523e-16
with his,3.3584246494910984e-16
making,3.3584246494910984e-16
death is,3.3584246494910984e-16
district of columbia,3.3584246494910984e-16
of columbia,3.3584246494910984e-16
in 1991,3.3584246494910984e-16
presence of,3.3575572877531103e-16
to the deaths,3.351485755587191e-16
be made,3.3445468616832843e-16
focus on the,3.3445468616832843e-16
south carolina,3.3306690738754696e-16
urging,3.3306690738754696e-16
to 10,3.3306690738754696e-16
of americans,3.3306690738754696e-16
ordered to,3.3306690738754696e-16
hobbs,3.3306690738754696e-16
groups,3.3306690738754696e-16
team,3.3306690738754696e-16
member,3.3306690738754696e-16
incident,3.3306690738754696e-16
of one,3.3306690738754696e-16
technical,3.3306690738754696e-16
probation,3.3306690738754696e-16
30,3.3306690738754696e-16
kassar,3.3306690738754696e-16
al kassar,3.3306690738754696e-16
to launch,3.318526009543632e-16
satisfaction,3.316791286067655e-16
safely,3.309852392163748e-16
is hoping,3.3087681899912626e-16
facing charges,3.306382945211794e-16
pipelines,3.302913498259841e-16
dealing with,3.302913498259841e-16
mumbai,3.302913498259841e-16
layoffs,3.302913498259841e-16
setback,3.302913498259841e-16
in morelia,3.289035710452026e-16
brothers,3.275157922644212e-16
fashion,3.275157922644212e-16
pictet,3.275157922644212e-16
the 2008,3.275157922644212e-16
facing,3.275157922644212e-16
strikes,3.275157922644212e-16
death toll,3.275157922644212e-16
has proposed,3.275157922644212e-16
sheffield united,3.275157922644212e-16
mattress,3.275157922644212e-16
standoff between,3.275157922644212e-16
point,3.275157922644212e-16
was returned,3.2682190287403047e-16
investment,3.2612801348363973e-16
than,3.2612801348363973e-16
the war in,3.2612801348363973e-16
become,3.2612801348363973e-16
police are,3.2474023470285827e-16
dewani,3.2474023470285827e-16
overnight,3.2474023470285827e-16
in the first,3.2474023470285827e-16
and government,3.2474023470285827e-16
over 400,3.2474023470285827e-16
and murder,3.2474023470285827e-16
right to,3.2474023470285827e-16
withdrawn,3.2474023470285827e-16
changing,3.240463453124676e-16
the program,3.2335245592207685e-16
been married,3.2335245592207685e-16
in the previous,3.2335245592207685e-16
procedures,3.2335245592207685e-16
much,3.2335245592207685e-16
football,3.2335245592207685e-16
speech at,3.219646771412954e-16
critics,3.219646771412954e-16
cease,3.219646771412954e-16
of any,3.219646771412954e-16
fact that,3.219646771412954e-16
that she was,3.219646771412954e-16
would lead,3.219646771412954e-16
would lead to,3.219646771412954e-16
the same,3.219646771412954e-16
overturn,3.219646771412954e-16
to show,3.219646771412954e-16
prepare,3.219646771412954e-16
what,3.219646771412954e-16
to secure,3.219646771412954e-16
pregnant,3.219646771412954e-16
thousands of,3.219646771412954e-16
sustained,3.2161773244610005e-16
to save,3.2127078775090465e-16
of violence in,3.2057689836051397e-16
millions,3.191891195797325e-16
an investigation into,3.191891195797325e-16
liga,3.191891195797325e-16
his wife,3.191891195797325e-16
secretary,3.191891195797325e-16
substitute,3.191891195797325e-16
mazariego,3.191891195797325e-16
the change,3.191891195797325e-16
other states,3.191891195797325e-16
was allegedly,3.191891195797325e-16
an agreement,3.191891195797325e-16
resort,3.1849523018934177e-16
ann,3.1780134079895104e-16
for two,3.1780134079895104e-16
policy,3.1780134079895104e-16
the incident is,3.1710745140856036e-16
to play in,3.164135620181696e-16
anger,3.164135620181696e-16
announced that he,3.164135620181696e-16
the student,3.164135620181696e-16
murray has,3.164135620181696e-16
dead,3.164135620181696e-16
better,3.164135620181696e-16
prius,3.164135620181696e-16
the impact,3.164135620181696e-16
will also,3.164135620181696e-16
used by,3.164135620181696e-16
levels,3.164135620181696e-16
found guilty,3.157196726277789e-16
city which,3.1502578323738816e-16
central,3.1502578323738816e-16
airport in,3.1502578323738816e-16
is currently being,3.1502578323738816e-16
drew,3.1433189384699743e-16
massachusetts,3.142451576731986e-16
is working with,3.1363800445660674e-16
from its,3.1363800445660674e-16
19 year,3.1363800445660674e-16
met,3.1363800445660674e-16
court and,3.1363800445660674e-16
captured in,3.1363800445660674e-16
not have,3.1155633628543454e-16
natural,3.108624468950438e-16
garcia simental,3.108624468950438e-16
hiding,3.108624468950438e-16
india and,3.108624468950438e-16
simental,3.108624468950438e-16
in argentina,3.108624468950438e-16
the exact,3.108624468950438e-16
fear,3.108624468950438e-16
victory marked,3.108624468950438e-16
health,3.108624468950438e-16
restaurant,3.108624468950438e-16
dream,3.108624468950438e-16
domestic,3.1016855750465313e-16
khmer rouge,3.0878077872387166e-16
khmer,3.0878077872387166e-16
handling,3.0808688933348093e-16
granted,3.0808688933348093e-16
of us,3.0808688933348093e-16
london the,3.0808688933348093e-16
who died in,3.0808688933348093e-16
writing,3.0808688933348093e-16
that it will,3.0808688933348093e-16
the police,3.0808688933348093e-16
heenes,3.0808688933348093e-16
has affected,3.0808688933348093e-16
gunman,3.0808688933348093e-16
may have,3.0808688933348093e-16
considered the,3.0808688933348093e-16
which has seen,3.0808688933348093e-16
him to,3.073929999430902e-16
collection,3.0611364137955733e-16
shaniya,3.0531133177191805e-16
has launched,3.0531133177191805e-16
in the quarterfinals,3.0531133177191805e-16
200,3.0531133177191805e-16
his role in,3.0531133177191805e-16
ticket,3.0531133177191805e-16
venky,3.0531133177191805e-16
beat,3.049643870767227e-16
conspiring,3.046174423815273e-16
for drug,3.046174423815273e-16
for 10,3.039235529911366e-16
the number,3.039235529911366e-16
alzheimer disease,3.032296636007459e-16
plagued,3.0253577421035517e-16
in iraq,3.0253577421035517e-16
should be,3.0253577421035517e-16
surpassing,3.0253577421035517e-16
000 per,3.0253577421035517e-16
that will,3.015816762985679e-16
to gain,3.011479954295737e-16
peruvian,3.011479954295737e-16
continued,3.011479954295737e-16
referee,3.0045410603918297e-16
his own,3.0045410603918297e-16
of the situation,2.997602166487923e-16
the majority of,2.997602166487923e-16
fall,2.997602166487923e-16
second degree,2.997602166487923e-16
f1,2.997602166487923e-16
member of the,2.997602166487923e-16
close,2.997602166487923e-16
devastating,2.997602166487923e-16
remains,2.997602166487923e-16
attacking,2.997602166487923e-16
coming,2.997602166487923e-16
who have been,2.997602166487923e-16
favor,2.994132719535969e-16
investigated as,2.9906632725840155e-16
being investigated as,2.9906632725840155e-16
for personal,2.983724378680108e-16
arms,2.983724378680108e-16
equipment,2.9819896552041315e-16
removed,2.976785484776201e-16
djokovic,2.976785484776201e-16
children the,2.975918123038213e-16
ends,2.9698465908722935e-16
violation,2.9698465908722935e-16
caused widespread,2.9698465908722935e-16
memphis,2.9698465908722935e-16
sister,2.9698465908722935e-16
level,2.9698465908722935e-16
league club,2.9698465908722935e-16
hall,2.9559688030644794e-16
will not,2.9420910152566647e-16
match at,2.9420910152566647e-16
djokovic will,2.9420910152566647e-16
have also,2.9420910152566647e-16
to mexico,2.9420910152566647e-16
and tsunami,2.9420910152566647e-16
decision comes after,2.9420910152566647e-16
is accused,2.9420910152566647e-16
year he,2.9420910152566647e-16
been given,2.9420910152566647e-16
its,2.9420910152566647e-16
demanding,2.9420910152566647e-16
he believes,2.9420910152566647e-16
is accused of,2.9420910152566647e-16
remains in,2.921274333544943e-16
career,2.921274333544943e-16
the remaining,2.914335439641036e-16
of attempting to,2.914335439641036e-16
discusses,2.914335439641036e-16
the rally,2.914335439641036e-16
called for the,2.914335439641036e-16
of attempting,2.914335439641036e-16
get,2.914335439641036e-16
according,2.914335439641036e-16
according to,2.914335439641036e-16
homicide,2.914335439641036e-16
year long,2.9108659926890825e-16
to avoid,2.9091312692131053e-16
neighbor,2.9073965457371286e-16
mandelson,2.9004576518332213e-16
the investigation is,2.9004576518332213e-16
conduct,2.9004576518332213e-16
was taken,2.9004576518332213e-16
and social,2.8913503535843434e-16
name,2.886579864025407e-16
exacerbated by,2.886579864025407e-16
of new,2.886579864025407e-16
in the third,2.886579864025407e-16
expressed,2.886579864025407e-16
concert,2.886579864025407e-16
jackson,2.886579864025407e-16
the car,2.886579864025407e-16
set to begin,2.886579864025407e-16
to the us,2.886579864025407e-16
courts,2.886579864025407e-16
the lakers,2.883110417073453e-16
the public,2.883110417073453e-16
around the world,2.8761715231695464e-16
illness,2.8761715231695464e-16
the family is,2.8727020762175924e-16
eliminated,2.8727020762175924e-16
rodriguez,2.8727020762175924e-16
his next,2.8727020762175924e-16
spears,2.8727020762175924e-16
made the,2.865763182313685e-16
corporation,2.8588242884097783e-16
determine the,2.8588242884097783e-16
degrees,2.8588242884097783e-16
big ben,2.8588242884097783e-16
champions league,2.8588242884097783e-16
taylor,2.8588242884097783e-16
attack the,2.8588242884097783e-16
hosting the,2.8588242884097783e-16
handling of,2.8588242884097783e-16
union,2.8536201179818477e-16
15 000,2.8449465006019636e-16
undermine,2.8449465006019636e-16
shipping,2.8449465006019636e-16
food,2.8449465006019636e-16
who was not,2.8449465006019636e-16
seek,2.8449465006019636e-16
the couple,2.84147705365001e-16
has released,2.831068712794149e-16
security,2.831068712794149e-16
ensure that,2.831068712794149e-16
connecticut,2.831068712794149e-16
high profile,2.831068712794149e-16
grace,2.831068712794149e-16
innocence,2.831068712794149e-16
trip to,2.831068712794149e-16
be able,2.831068712794149e-16
be able to,2.831068712794149e-16
alleges,2.831068712794149e-16
cover,2.831068712794149e-16
maliki,2.831068712794149e-16
contempt,2.831068712794149e-16
director of,2.831068712794149e-16
land,2.831068712794149e-16
ships,2.820660371938288e-16
on to,2.817190924986335e-16
tuesday with,2.817190924986335e-16
sergio,2.80331313717852e-16
to begin,2.80331313717852e-16
city the,2.80331313717852e-16
georgian,2.80331313717852e-16
volunteers,2.80331313717852e-16
of hundreds,2.80331313717852e-16
competition,2.80331313717852e-16
eric,2.80331313717852e-16
employees,2.796374243274613e-16
for future,2.789435349370706e-16
raised,2.789435349370706e-16
since 2007,2.789435349370706e-16
friends and,2.789435349370706e-16
fernando torres,2.785965902418752e-16
is one of,2.7755575615628914e-16
000 people,2.7755575615628914e-16
is currently,2.7755575615628914e-16
along with,2.7755575615628914e-16
an investigation,2.7755575615628914e-16
affects,2.7755575615628914e-16
matthew,2.7755575615628914e-16
stephen,2.7755575615628914e-16
is confident,2.7755575615628914e-16
has previously,2.7755575615628914e-16
deaths,2.7755575615628914e-16
and their,2.7755575615628914e-16
the body,2.7755575615628914e-16
republic,2.7755575615628914e-16
scheme,2.7755575615628914e-16
rule,2.7755575615628914e-16
the resignation,2.768618667658984e-16
of oil,2.7616797737550767e-16
assault and,2.7616797737550767e-16
promise,2.7616797737550767e-16
pool,2.7582103268031233e-16
sentences,2.75474087985117e-16
for their,2.7530061563751927e-16
christian,2.7478019859472625e-16
48,2.7478019859472625e-16
antibiotic,2.7478019859472625e-16
medical examiner,2.7478019859472625e-16
34,2.7478019859472625e-16
for years,2.7478019859472625e-16
in which,2.7478019859472625e-16
one was injured,2.737393645091402e-16
also charged with,2.733924198139448e-16
his first,2.733924198139448e-16
use the,2.7269853042355406e-16
the mumbai,2.7269853042355406e-16
was sentenced,2.7200464103316337e-16
her,2.7200464103316337e-16
his new,2.7200464103316337e-16
winner of,2.7200464103316337e-16
save the,2.7200464103316337e-16
hijacked,2.7200464103316337e-16
was sentenced to,2.7200464103316337e-16
and local,2.7200464103316337e-16
ties,2.7200464103316337e-16
ammunition,2.7200464103316337e-16
offer,2.7200464103316337e-16
10,2.7131075164277264e-16
le,2.7131075164277264e-16
was unable,2.7096380694757725e-16
was unable to,2.7096380694757725e-16
advance,2.706168622523819e-16
the title,2.706168622523819e-16
focused on,2.706168622523819e-16
related to the,2.706168622523819e-16
his position,2.706168622523819e-16
embassy,2.706168622523819e-16
the semifinals,2.6992297286199117e-16
besiktas,2.6957602816679583e-16
in to,2.6922908347160044e-16
she will,2.6922908347160044e-16
robots,2.6922908347160044e-16
li,2.6922908347160044e-16
defeated,2.6922908347160044e-16
injuries,2.6922908347160044e-16
with its,2.6922908347160044e-16
wrongdoing and,2.6922908347160044e-16
within the,2.6922908347160044e-16
basketball,2.6784130469081903e-16
unfair,2.6784130469081903e-16
countries to,2.6784130469081903e-16
an emergency,2.6784130469081903e-16
step down,2.6749435999562363e-16
one was,2.671474153004283e-16
rescued by,2.671474153004283e-16
the prime,2.6680047060523295e-16
officials to,2.6645352591003756e-16
banks,2.6645352591003756e-16
for her,2.6645352591003756e-16
up for,2.6645352591003756e-16
by authorities,2.6645352591003756e-16
to give,2.6645352591003756e-16
surveillance,2.6645352591003756e-16
pound,2.6645352591003756e-16
responsible,2.6645352591003756e-16
command,2.6645352591003756e-16
for allegedly,2.6645352591003756e-16
ship the,2.6645352591003756e-16
ice shelf,2.6645352591003756e-16
elderly,2.6645352591003756e-16
in the area,2.6645352591003756e-16
are expected,2.6506574712925614e-16
troops in iraq,2.6506574712925614e-16
way to,2.643718577388654e-16
is expected to,2.6402491304367e-16
determine if,2.636779683484747e-16
is under investigation,2.636779683484747e-16
kasab,2.636779683484747e-16
manager,2.636779683484747e-16
rocket,2.636779683484747e-16
to search for,2.636779683484747e-16
discuss,2.636779683484747e-16
how to,2.6298407895808395e-16
jimenez,2.6298407895808395e-16
man was,2.626371342628886e-16
of civilians,2.622901895676932e-16
stating that they,2.622901895676932e-16
neighboring countries,2.609024107869118e-16
she may,2.609024107869118e-16
facebook,2.609024107869118e-16
the case has,2.609024107869118e-16
on her,2.609024107869118e-16
election in,2.609024107869118e-16
been identified,2.609024107869118e-16
office has,2.609024107869118e-16
medal in,2.609024107869118e-16
actions,2.609024107869118e-16
experienced,2.609024107869118e-16
is unclear if,2.609024107869118e-16
republican,2.609024107869118e-16
participated in,2.609024107869118e-16
fraud and,2.609024107869118e-16
until the,2.609024107869118e-16
were sent,2.609024107869118e-16
author,2.6072893843931413e-16
is urging,2.5951463200613033e-16
kandahar,2.588207426157396e-16
secret,2.588207426157396e-16
vowed,2.581268532253489e-16
summit,2.581268532253489e-16
in israel,2.581268532253489e-16
that he will,2.581268532253489e-16
hoping to,2.581268532253489e-16
indonesian,2.581268532253489e-16
snow,2.581268532253489e-16
cheney,2.581268532253489e-16
movie,2.581268532253489e-16
of 50,2.581268532253489e-16
he was previously,2.581268532253489e-16
the goal,2.581268532253489e-16
appealing,2.581268532253489e-16
130,2.577799085301535e-16
operation in,2.574329638349582e-16
rains,2.574329638349582e-16
his previous,2.5673907444456745e-16
were involved,2.5673907444456745e-16
all of,2.5673907444456745e-16
were involved in,2.5673907444456745e-16
to save the,2.563921297493721e-16
allowed to,2.55351295663786e-16
is also,2.55351295663786e-16
left,2.55351295663786e-16
rock,2.55351295663786e-16
violence in,2.55351295663786e-16
prison in,2.55351295663786e-16
appear in court,2.55351295663786e-16
murders,2.55351295663786e-16
search for,2.55351295663786e-16
cities,2.55351295663786e-16
seeking,2.55351295663786e-16
customers,2.55351295663786e-16
annual,2.55351295663786e-16
that has,2.55351295663786e-16
000 deaths and,2.55351295663786e-16
was found,2.55351295663786e-16
film,2.55351295663786e-16
dominated,2.55351295663786e-16
pounds of,2.55351295663786e-16
plan to,2.55351295663786e-16
26 year,2.5396351688300457e-16
information to,2.5396351688300457e-16
article also,2.5396351688300457e-16
the risk of,2.5326962749261384e-16
the risk,2.5326962749261384e-16
the role,2.525757381022231e-16
appearance,2.525757381022231e-16
subsidies,2.525757381022231e-16
is open to,2.525757381022231e-16
federation,2.525757381022231e-16
win in the,2.525757381022231e-16
tensions between,2.525757381022231e-16
ancelotti,2.525757381022231e-16
to protest the,2.525757381022231e-16
georgia,2.525757381022231e-16
not guilty,2.525757381022231e-16
the decision to,2.5188184871183237e-16
cultural,2.511879593214417e-16
have been ongoing,2.511879593214417e-16
peer,2.5049406993105095e-16
tens of thousands,2.502338614096544e-16
tens of,2.502338614096544e-16
tens,2.502338614096544e-16
the necessary,2.498001805406602e-16
300 000,2.498001805406602e-16
was found dead,2.498001805406602e-16
contaminated,2.498001805406602e-16
in car,2.498001805406602e-16
execution,2.498001805406602e-16
killing,2.498001805406602e-16
up with,2.498001805406602e-16
countries,2.498001805406602e-16
office,2.498001805406602e-16
the aim,2.498001805406602e-16
corruption,2.498001805406602e-16
broader,2.498001805406602e-16
his intention,2.498001805406602e-16
zimbabwean,2.498001805406602e-16
captured,2.498001805406602e-16
nba,2.498001805406602e-16
lose,2.498001805406602e-16
amorth,2.498001805406602e-16
his intention to,2.498001805406602e-16
related to,2.498001805406602e-16
the plot,2.498001805406602e-16
members of the,2.4841240175987876e-16
host,2.4841240175987876e-16
wire,2.4841240175987876e-16
steinmeier,2.4841240175987876e-16
the great,2.4841240175987876e-16
people and the,2.4841240175987876e-16
valdez,2.480654570646834e-16
the country economic,2.4702462297909734e-16
that she is,2.4702462297909734e-16
force in,2.4702462297909734e-16
won their first,2.4702462297909734e-16
compromise,2.4702462297909734e-16
and that she,2.4702462297909734e-16
lived,2.4702462297909734e-16
the women,2.4702462297909734e-16
country economic,2.4702462297909734e-16
prison term,2.4702462297909734e-16
threatening to,2.4702462297909734e-16
torture,2.4702462297909734e-16
embassy in baku,2.4667767828390195e-16
were detained,2.463307335887066e-16
due to potential,2.4598378889351127e-16
president bush,2.4563684419831587e-16
worsen,2.4523297888906503e-16
peaceful,2.4424906541753446e-16
exposed,2.4424906541753446e-16
hospital the,2.4424906541753446e-16
saying,2.4424906541753446e-16
who had,2.4424906541753446e-16
was originally,2.4424906541753446e-16
saturday the,2.4424906541753446e-16
australian open,2.4424906541753446e-16
the draw,2.4424906541753446e-16
criminal charges,2.4424906541753446e-16
cholera epidemic,2.4424906541753446e-16
for the world,2.4424906541753446e-16
london,2.4424906541753446e-16
the tsa,2.4424906541753446e-16
and killed in,2.4424906541753446e-16
to make,2.4424906541753446e-16
the taliban,2.4424906541753446e-16
may,2.432949675057472e-16
the stadium,2.431214951581495e-16
him the,2.42861286636753e-16
keeping,2.42861286636753e-16
disclose,2.42861286636753e-16
visitors,2.42861286636753e-16
officers and,2.42861286636753e-16
now,2.42861286636753e-16
home to,2.42861286636753e-16
after two,2.4251434194155765e-16
birdies,2.4216739724636226e-16
marking,2.4147350785597153e-16
women who,2.4147350785597153e-16
indonesia,2.4147350785597153e-16
personnel,2.4147350785597153e-16
the 405,2.4147350785597153e-16
doctors,2.4147350785597153e-16
manner,2.4147350785597153e-16
resignation,2.4147350785597153e-16
was accused of,2.4147350785597153e-16
was accused,2.4147350785597153e-16
and could,2.4147350785597153e-16
begun,2.4147350785597153e-16
country with,2.4147350785597153e-16
richest,2.4147350785597153e-16
not been,2.4147350785597153e-16
405,2.4147350785597153e-16
before being,2.4147350785597153e-16
unclear,2.4077961846558084e-16
country has,2.405194099441843e-16
system to,2.405194099441843e-16
the country has,2.405194099441843e-16
about the potential,2.400857290751901e-16
other,2.400857290751901e-16
boeing,2.400857290751901e-16
race relations,2.400857290751901e-16
of british,2.400857290751901e-16
its oil,2.400857290751901e-16
instead,2.400857290751901e-16
also led,2.400857290751901e-16
earn,2.393918396847994e-16
robin,2.3869795029440865e-16
the term,2.3869795029440865e-16
ray,2.3869795029440865e-16
holloway,2.3869795029440865e-16
lead the,2.3869795029440865e-16
emphasizing the,2.3869795029440865e-16
people with,2.3869795029440865e-16
attempt to,2.3869795029440865e-16
concentration,2.3869795029440865e-16
interest in,2.3869795029440865e-16
lesbian,2.3869795029440865e-16
held for,2.3869795029440865e-16
oil tanker,2.3869795029440865e-16
combat the,2.3731017151362723e-16
presence in,2.3731017151362723e-16
phillip,2.367030182970353e-16
as she,2.366162821232365e-16
withdrawal,2.3592239273284576e-16
to shut,2.3592239273284576e-16
response,2.3592239273284576e-16
bringing,2.3592239273284576e-16
unrest,2.3592239273284576e-16
to improve the,2.3592239273284576e-16
fiat,2.355754480376504e-16
and in,2.3522850334245503e-16
hate,2.3522850334245503e-16
africa cup of,2.345346139520643e-16
sentence for,2.345346139520643e-16
cup of nations,2.345346139520643e-16
opportunity to,2.345346139520643e-16
africa cup,2.345346139520643e-16
to send,2.3375398838787476e-16
charged,2.331468351712829e-16
with the exception,2.331468351712829e-16
2005,2.331468351712829e-16
protection,2.331468351712829e-16
cholera,2.331468351712829e-16
mexico the,2.331468351712829e-16
accused the,2.331468351712829e-16
texas the,2.331468351712829e-16
closer,2.331468351712829e-16
morgan tsvangirai,2.331468351712829e-16
by defeating,2.331468351712829e-16
believes that,2.331468351712829e-16
however his,2.3245294578089215e-16
head and,2.317590563905014e-16
the 2009,2.317590563905014e-16
economy,2.317590563905014e-16
abduction,2.317590563905014e-16
no,2.317590563905014e-16
she expressed,2.317590563905014e-16
shows,2.317590563905014e-16
their condolences,2.314121116953061e-16
expressed their condolences,2.314121116953061e-16
michael murphy,2.310651670001107e-16
country the,2.310651670001107e-16
the shooting,2.3037127760972e-16
tyler,2.3037127760972e-16
which started,2.3037127760972e-16
experiences,2.3037127760972e-16
expressed support,2.3037127760972e-16
suggesting,2.3037127760972e-16
ability,2.3037127760972e-16
completed,2.3037127760972e-16
diamonds,2.3037127760972e-16
expressed support for,2.3037127760972e-16
cup and,2.3037127760972e-16
claims that,2.3037127760972e-16
allow for,2.2985086056692694e-16
millions of,2.2898349882893854e-16
access to the,2.2898349882893854e-16
continuing,2.2794266474335246e-16
january,2.2759572004815707e-16
death penalty,2.2759572004815707e-16
led to the,2.2759572004815707e-16
600,2.2759572004815707e-16
of parliament,2.2759572004815707e-16
consulate,2.2759572004815707e-16
was set,2.2759572004815707e-16
disease and,2.2759572004815707e-16
loss of,2.2759572004815707e-16
he had,2.2759572004815707e-16
preparing for,2.2759572004815707e-16
order to,2.2759572004815707e-16
tried to,2.2759572004815707e-16
13,2.2759572004815707e-16
30 000,2.2759572004815707e-16
president,2.2759572004815707e-16
as well,2.2759572004815707e-16
27,2.269018306577664e-16
earlier this year,2.2651151787567157e-16
associated,2.2620794126737565e-16
cold,2.2620794126737565e-16
landed,2.2620794126737565e-16
associated with,2.2620794126737565e-16
commented on,2.2620794126737565e-16
killing of,2.2620794126737565e-16
commented,2.2620794126737565e-16
promote,2.2620794126737565e-16
war in,2.2620794126737565e-16
of president,2.248201624865942e-16
signed,2.248201624865942e-16
2008 the,2.248201624865942e-16
stem from,2.248201624865942e-16
and final,2.248201624865942e-16
the idea,2.248201624865942e-16
been able,2.248201624865942e-16
been able to,2.248201624865942e-16
three days,2.248201624865942e-16
status,2.248201624865942e-16
using,2.248201624865942e-16
herders,2.248201624865942e-16
drove,2.248201624865942e-16
comment on,2.248201624865942e-16
people killed,2.248201624865942e-16
won her,2.2412627309620346e-16
finance,2.2343238370581277e-16
custody and,2.2343238370581277e-16
parties,2.2343238370581277e-16
ferrari,2.2343238370581277e-16
fish,2.2317217518441624e-16
over 20,2.2273849431542204e-16
attend,2.22218077272629e-16
2009,2.220446049250313e-16
current world,2.220446049250313e-16
to bring,2.220446049250313e-16
muhammad,2.220446049250313e-16
while in,2.220446049250313e-16
tried,2.220446049250313e-16
by the end,2.220446049250313e-16
iraq,2.220446049250313e-16
hosts,2.220446049250313e-16
they will face,2.220446049250313e-16
the return,2.220446049250313e-16
com,2.220446049250313e-16
welcomed,2.220446049250313e-16
was injured,2.220446049250313e-16
in the uk,2.220446049250313e-16
gave,2.220446049250313e-16
person,2.220446049250313e-16
own,2.220446049250313e-16
missing on,2.2135071553464058e-16
majority of,2.208438510190036e-16
ownership,2.2065682614424987e-16
its first,2.1996293675385913e-16
in yemen,2.1961599205866377e-16
the civil,2.1926904736346843e-16
54,2.1926904736346843e-16
acts,2.1926904736346843e-16
sentenced to life,2.1926904736346843e-16
random,2.1926904736346843e-16
militants and,2.1926904736346843e-16
has been,2.1926904736346843e-16
000 tons of,2.1926904736346843e-16
38,2.1926904736346843e-16
front,2.1926904736346843e-16
of the british,2.1926904736346843e-16
fastest,2.1926904736346843e-16
that the country,2.1926904736346843e-16
scheduled for,2.1866189414687653e-16
fit,2.185751579730777e-16
pleaded,2.185751579730777e-16
was initially,2.185751579730777e-16
azerbaijan,2.1840168562548002e-16
in february,2.1822821327788233e-16
title in,2.1788126858268696e-16
enemies,2.1684043449710089e-16
woman in,2.1649348980190552e-16
average,2.1649348980190552e-16
were given,2.1649348980190552e-16
the ntsb,2.1649348980190552e-16
and won,2.1649348980190552e-16
advertising,2.1649348980190552e-16
sudanese,2.1649348980190552e-16
market,2.1649348980190552e-16
and taliban,2.1649348980190552e-16
the orphanage,2.1649348980190552e-16
real,2.1649348980190552e-16
also mentions that,2.1649348980190552e-16
of two,2.1649348980190552e-16
crisis the,2.1649348980190552e-16
boston,2.1649348980190552e-16
coverage,2.1649348980190552e-16
whom,2.1649348980190552e-16
the ability,2.1649348980190552e-16
are calling,2.1579960041151481e-16
screen,2.1545265571631945e-16
the fifa,2.1510571102112408e-16
commander,2.1510571102112408e-16
the economic,2.1475876632592871e-16
the past year,2.1371793224034264e-16
the time,2.1371793224034264e-16
support from,2.1371793224034264e-16
is looking forward,2.1371793224034264e-16
source,2.1371793224034264e-16
actors,2.1371793224034264e-16
qaeda and,2.1371793224034264e-16
samoa,2.1371793224034264e-16
blacks,2.1371793224034264e-16
learning,2.1371793224034264e-16
to develop,2.1371793224034264e-16
dzeko,2.1371793224034264e-16
all blacks,2.1371793224034264e-16
the newspaper,2.1371793224034264e-16
past year,2.1371793224034264e-16
the swat,2.1371793224034264e-16
the swat valley,2.1371793224034264e-16
administered,2.1371793224034264e-16
there are,2.1371793224034264e-16
the anti,2.1371793224034264e-16
al qaeda and,2.1371793224034264e-16
also highlighted the,2.1371793224034264e-16
melt,2.1371793224034264e-16
be held,2.1371793224034264e-16
children are,2.123301534595612e-16
families and,2.123301534595612e-16
americans to,2.123301534595612e-16
parents,2.123301534595612e-16
paul mccartney,2.123301534595612e-16
stone,2.123301534595612e-16
and crew members,2.1163626406917047e-16
half of,2.1163626406917047e-16
drive,2.1094237467877973e-16
also mentioned,2.1094237467877973e-16
maria,2.1094237467877973e-16
holding,2.1094237467877973e-16
standing,2.1094237467877973e-16
the winning,2.1094237467877973e-16
his performance,2.1094237467877973e-16
took,2.1094237467877973e-16
and million,2.1094237467877973e-16
to draw,2.1094237467877973e-16
move is,2.1094237467877973e-16
medals,2.1094237467877973e-16
by police,2.1094237467877973e-16
learn,2.1094237467877973e-16
in the swat,2.1094237467877973e-16
rescued,2.1094237467877973e-16
occurred,2.1094237467877973e-16
taiwan,2.1094237467877973e-16
possible,2.1094237467877973e-16
as the country,2.105954299835844e-16
country music,2.1024848528838902e-16
years in,2.1024848528838902e-16
hearing on,2.1024848528838902e-16
the arrests were,2.0990154059319366e-16
in other news,2.0990154059319366e-16
other news,2.0990154059319366e-16
season and,2.095545958979983e-16
caroline,2.095545958979983e-16
ethics,2.095545958979983e-16
mandela,2.095545958979983e-16
sacked,2.0886070650760758e-16
suggest,2.0851376181241222e-16
friendly,2.0816681711721685e-16
father and,2.0816681711721685e-16
moment,2.0816681711721685e-16
diagnosed with,2.0816681711721685e-16
work with the,2.0816681711721685e-16
spending,2.0816681711721685e-16
in sudan,2.0816681711721685e-16
acquitted of,2.0816681711721685e-16
la liga,2.0816681711721685e-16
importance,2.0816681711721685e-16
crisis and,2.0816681711721685e-16
called for an,2.0816681711721685e-16
to see,2.0816681711721685e-16
shelter,2.0816681711721685e-16
after being found,2.0816681711721685e-16
alone,2.0781987242202148e-16
afghanistan the,2.0712598303163078e-16
and expressed his,2.067790383364354e-16
obama also,2.067790383364354e-16
attack and,2.067790383364354e-16
the gulf of,2.0660556598883772e-16
decrease,2.0608514894604468e-16
opponents,2.0608514894604468e-16
euros,2.0608514894604468e-16
the verdict,2.05911676598447e-16
common,2.057382042508493e-16
fined,2.0539125955565397e-16
paris,2.0539125955565397e-16
rain,2.0539125955565397e-16
phelps,2.0539125955565397e-16
europa league,2.0539125955565397e-16
call,2.0539125955565397e-16
comes as,2.0539125955565397e-16
biden,2.0539125955565397e-16
highway,2.0539125955565397e-16
riot,2.0539125955565397e-16
even,2.0539125955565397e-16
the international criminal,2.0539125955565397e-16
that it,2.0539125955565397e-16
milan,2.0539125955565397e-16
petty officer,2.0539125955565397e-16
will face,2.0539125955565397e-16
topics,2.0539125955565397e-16
filed,2.0539125955565397e-16
europa,2.0539125955565397e-16
tomas berdych,2.0469737016526324e-16
lab,2.0435042547006787e-16
game in,2.0435042547006787e-16
and is now,2.040034807748725e-16
abkhazia,2.040034807748725e-16
refusing,2.033095913844818e-16
previously been,2.0261570199409106e-16
dominated the,2.0261570199409106e-16
to 20,2.0261570199409106e-16
priest,2.0261570199409106e-16
remain in,2.0261570199409106e-16
and 13,2.0261570199409106e-16
bayern munich,2.0261570199409106e-16
al mabhouh,2.0261570199409106e-16
was carrying,2.0261570199409106e-16
michael owen,2.0261570199409106e-16
mabhouh,2.0261570199409106e-16
arrested for,2.0261570199409106e-16
until the end,2.0261570199409106e-16
resources,2.0261570199409106e-16
the loss,2.0261570199409106e-16
by the government,2.0122792321330962e-16
the number of,2.0122792321330962e-16
meet,2.0122792321330962e-16
where the,2.0122792321330962e-16
cesar,2.0122792321330962e-16
of their,2.0122792321330962e-16
france,2.0122792321330962e-16
mario,2.005340338229189e-16
to its,1.9984014443252818e-16
reward for,1.9984014443252818e-16
in their first,1.9984014443252818e-16
and an,1.9984014443252818e-16
has expressed,1.9984014443252818e-16
the upcoming,1.9984014443252818e-16
locate,1.9984014443252818e-16
to address the,1.9984014443252818e-16
listed,1.9984014443252818e-16
the quake,1.9984014443252818e-16
kansas,1.9984014443252818e-16
the nba,1.9984014443252818e-16
ex,1.9984014443252818e-16
to the uk,1.9984014443252818e-16
golden,1.9984014443252818e-16
teams,1.9984014443252818e-16
tourist destination,1.9984014443252818e-16
fugitive,1.9984014443252818e-16
gunmen,1.9984014443252818e-16
only,1.9984014443252818e-16
were released,1.9984014443252818e-16
asking,1.9984014443252818e-16
in afghanistan,1.9984014443252818e-16
originally,1.9984014443252818e-16
programs and,1.9914625504213745e-16
went missing,1.9845236565174674e-16
injuries were,1.9845236565174674e-16
resulting in,1.9845236565174674e-16
and allow,1.9845236565174674e-16
condolences to,1.9845236565174674e-16
area and,1.9845236565174674e-16
republicans,1.9793194860895368e-16
having,1.97758476261356e-16
to resign,1.9741153156616064e-16
relationship with,1.973247953923618e-16
wagner,1.9706458687096528e-16
accepted,1.9706458687096528e-16
taking the,1.9706458687096528e-16
prince charles,1.9706458687096528e-16
for the first,1.9706458687096528e-16
rainfall,1.9706458687096528e-16
hampshire,1.9706458687096528e-16
developing,1.9706458687096528e-16
emphasized the,1.9706458687096528e-16
long term,1.9706458687096528e-16
atmosphere,1.9706458687096528e-16
pro,1.9706458687096528e-16
indicted,1.9706458687096528e-16
the dispute,1.9706458687096528e-16
stating that she,1.9706458687096528e-16
new hampshire,1.9706458687096528e-16
city and,1.9671764217576993e-16
somali,1.9637069748057457e-16
hate crime,1.9637069748057457e-16
the coast guard,1.9567680809018384e-16
the players,1.9567680809018384e-16
madeleine,1.9498291869979313e-16
compared,1.942890293094024e-16
and will face,1.942890293094024e-16
standoff,1.942890293094024e-16
linked,1.942890293094024e-16
were sentenced,1.942890293094024e-16
painting was,1.942890293094024e-16
the list,1.942890293094024e-16
shared,1.942890293094024e-16
calf,1.942890293094024e-16
wide,1.942890293094024e-16
bono,1.942890293094024e-16
the painting was,1.942890293094024e-16
the arrest,1.942890293094024e-16
of the country,1.942890293094024e-16
carried out the,1.942890293094024e-16
30 year,1.942890293094024e-16
million for,1.942890293094024e-16
million euros,1.942890293094024e-16
victor,1.942890293094024e-16
bodies and,1.942890293094024e-16
clay,1.9359513991901166e-16
allowing the,1.9359513991901166e-16
the killing,1.9350840374521283e-16
politicians,1.9324819522381632e-16
ruling,1.9324819522381632e-16
any of,1.9290125052862095e-16
to run,1.9290125052862095e-16
each other in,1.9290125052862095e-16
house,1.9290125052862095e-16
will return to,1.9290125052862095e-16
affected the,1.9290125052862095e-16
other in,1.9290125052862095e-16
the engine,1.9220736113823022e-16
juventus after,1.9151347174783951e-16
an alleged,1.9151347174783951e-16
engaging,1.9151347174783951e-16
of life,1.9151347174783951e-16
the 12th,1.9151347174783951e-16
voted to,1.9151347174783951e-16
argument,1.9151347174783951e-16
you,1.9151347174783951e-16
pleaded guilty to,1.9151347174783951e-16
participating,1.9151347174783951e-16
first major,1.9151347174783951e-16
murder charges,1.9151347174783951e-16
1st,1.9081958235744878e-16
with focus,1.9081958235744878e-16
district of,1.9081958235744878e-16
with focus on,1.9081958235744878e-16
government has denied,1.906461100098511e-16
vance,1.9012569296705805e-16
for him,1.9012569296705805e-16
the final of,1.9012569296705805e-16
to cause,1.9012569296705805e-16
the is,1.89605275924265e-16
to get,1.8943180357666734e-16
inspired,1.8943180357666734e-16
people the,1.8899812270767314e-16
and other,1.887379141862766e-16
the debate,1.887379141862766e-16
work in,1.887379141862766e-16
river,1.887379141862766e-16
and if,1.887379141862766e-16
income,1.887379141862766e-16
rugby,1.887379141862766e-16
aid,1.887379141862766e-16
prosecutors,1.887379141862766e-16
the death penalty,1.887379141862766e-16
of natural,1.887379141862766e-16
found to have,1.887379141862766e-16
assange,1.887379141862766e-16
aware of,1.887379141862766e-16
are scheduled to,1.887379141862766e-16
apologized for his,1.887379141862766e-16
the father,1.887379141862766e-16
are currently,1.887379141862766e-16
arguing,1.887379141862766e-16
are scheduled,1.887379141862766e-16
the spill,1.887379141862766e-16
two people,1.887379141862766e-16
were identified,1.8774044818758994e-16
tournaments,1.8735013540549517e-16
starbucks,1.8735013540549517e-16
apartheid,1.8735013540549517e-16
the location,1.8735013540549517e-16
the team is,1.8735013540549517e-16
shot in,1.8735013540549517e-16
has been in,1.8735013540549517e-16
farc,1.870031907102998e-16
to fund,1.8691645453650096e-16
revenue,1.8596235662471373e-16
flight from,1.8596235662471373e-16
have previously,1.8596235662471373e-16
to lead the,1.8596235662471373e-16
university,1.8596235662471373e-16
interstate,1.8596235662471373e-16
set new,1.8596235662471373e-16
expressed disappointment,1.8596235662471373e-16
gilbert,1.8596235662471373e-16
people including,1.8596235662471373e-16
occurred at,1.8561541192951836e-16
illinois,1.85268467234323e-16
on january,1.85268467234323e-16
sisulu,1.8457457784393228e-16
100,1.844011054963346e-16
factory,1.8388068845354155e-16
such as,1.8353374375834619e-16
shot,1.8318679906315082e-16
go to,1.8318679906315082e-16
hijackers,1.8318679906315082e-16
power sharing,1.8318679906315082e-16
to return,1.8318679906315082e-16
never,1.8318679906315082e-16
allegation,1.8318679906315082e-16
black,1.8318679906315082e-16
men and,1.8318679906315082e-16
book,1.8318679906315082e-16
oil prices,1.8318679906315082e-16
sign of,1.8318679906315082e-16
and afghanistan,1.8318679906315082e-16
coup,1.8318679906315082e-16
and ryan,1.8318679906315082e-16
next,1.8318679906315082e-16
the hijackers,1.8318679906315082e-16
lebanon,1.8318679906315082e-16
floor,1.8318679906315082e-16
explosion,1.8318679906315082e-16
to the death,1.8318679906315082e-16
believes,1.8318679906315082e-16
that the city,1.8283985436795548e-16
extended,1.824929096727601e-16
respect,1.824929096727601e-16
has promised,1.824929096727601e-16
to other,1.8214596497756474e-16
stepdaughter,1.8179902028236938e-16
publicly,1.8179902028236938e-16
father in law,1.8179902028236938e-16
cuts,1.8179902028236938e-16
negotiating,1.8179902028236938e-16
working on,1.816255479347717e-16
achieved,1.8041124150158794e-16
clubs,1.8041124150158794e-16
actor,1.8041124150158794e-16
protests,1.8041124150158794e-16
speak,1.8041124150158794e-16
doubles,1.8041124150158794e-16
and providing,1.8041124150158794e-16
the bodies of,1.8041124150158794e-16
incident occurred during,1.8041124150158794e-16
who may,1.8041124150158794e-16
the construction,1.8041124150158794e-16
praised the,1.797173521111972e-16
conflict and,1.7919693506840417e-16
soldier,1.790234627208065e-16
komorowski,1.790234627208065e-16
france in,1.790234627208065e-16
to improve,1.790234627208065e-16
with police,1.790234627208065e-16
kuwait,1.7832957333041576e-16
chancellor,1.7832957333041576e-16
and many,1.779826286352204e-16
approved,1.7763568394002506e-16
islamist,1.7763568394002506e-16
decided,1.7763568394002506e-16
four weeks,1.7763568394002506e-16
losing,1.7763568394002506e-16
president barack obama,1.7763568394002506e-16
senators,1.7763568394002506e-16
was born,1.7763568394002506e-16
president barack,1.7763568394002506e-16
viewers,1.7763568394002506e-16
will not be,1.7763568394002506e-16
officers,1.7763568394002506e-16
zoo in,1.7763568394002506e-16
was found in,1.7763568394002506e-16
continued to,1.7659484985443896e-16
in jail,1.7659484985443896e-16
marched,1.762479051592436e-16
the past month,1.762479051592436e-16
nasa,1.762479051592436e-16
past month,1.762479051592436e-16
investigated,1.762479051592436e-16
the storm,1.7607443281164592e-16
noriega,1.7520707107365752e-16
lack,1.7486012637846215e-16
airlines and,1.7486012637846215e-16
renowned,1.7486012637846215e-16
lack of,1.7486012637846215e-16
2009 and,1.7486012637846215e-16
published in,1.7486012637846215e-16
allies,1.7486012637846215e-16
development,1.7486012637846215e-16
to 100,1.7486012637846215e-16
end of,1.7451318168326678e-16
73,1.7416623698807144e-16
strained,1.7416623698807144e-16
smaller,1.739060284666749e-16
has threatened to,1.734723475976807e-16
affect,1.734723475976807e-16
the media,1.734723475976807e-16
winter,1.734723475976807e-16
to 65,1.734723475976807e-16
to remain,1.734723475976807e-16
has threatened,1.734723475976807e-16
equalizer,1.7243151351209464e-16
penalty,1.7208456881689927e-16
killed,1.7208456881689927e-16
to learn,1.7208456881689927e-16
find,1.7208456881689927e-16
size,1.7208456881689927e-16
behavior,1.7208456881689927e-16
desire to,1.7208456881689927e-16
hospitals,1.7208456881689927e-16
will be released,1.7208456881689927e-16
finishing,1.7208456881689927e-16
bob,1.7208456881689927e-16
believed,1.7208456881689927e-16
deep,1.7208456881689927e-16
if it,1.7208456881689927e-16
annually,1.7208456881689927e-16
serve,1.7208456881689927e-16
box,1.7208456881689927e-16
criticizing,1.7208456881689927e-16
considering,1.7208456881689927e-16
statue,1.7208456881689927e-16
efforts in,1.7208456881689927e-16
roosevelt,1.7208456881689927e-16
defense and,1.717376241217039e-16
that this,1.7069679003611783e-16
to qualify for,1.7069679003611783e-16
2010 world cup,1.7069679003611783e-16
announced the,1.700029006457271e-16
additionally,1.6930901125533636e-16
yemen,1.6930901125533636e-16
in london the,1.6930901125533636e-16
attempted to,1.6930901125533636e-16
participating in,1.6930901125533636e-16
semifinal,1.6930901125533636e-16
the legal,1.6930901125533636e-16
music,1.6930901125533636e-16
league with,1.6930901125533636e-16
st louis,1.6930901125533636e-16
testing,1.6930901125533636e-16
school,1.6861512186494565e-16
ranch,1.6861512186494565e-16
interview,1.6792123247455492e-16
raised concerns about,1.6792123247455492e-16
en,1.6792123247455492e-16
wife and,1.6792123247455492e-16
sexual assault,1.6792123247455492e-16
described as,1.6792123247455492e-16
dinner,1.6722734308416421e-16
by his,1.6722734308416421e-16
corps,1.6722734308416421e-16
hopes of,1.6653345369377348e-16
mississippi,1.6653345369377348e-16
also found,1.6653345369377348e-16
public,1.6653345369377348e-16
teach,1.6653345369377348e-16
68,1.6653345369377348e-16
fund,1.6653345369377348e-16
california,1.6653345369377348e-16
the protest,1.6653345369377348e-16
record in,1.6653345369377348e-16
it the,1.6653345369377348e-16
accept,1.6653345369377348e-16
credit,1.6653345369377348e-16
second and,1.6653345369377348e-16
korea,1.6653345369377348e-16
located,1.6653345369377348e-16
to take over,1.6653345369377348e-16
relations between,1.6653345369377348e-16
appeals,1.6653345369377348e-16
border,1.6653345369377348e-16
managing,1.6653345369377348e-16
cited,1.6618650899857811e-16
the film,1.6583956430338275e-16
the health,1.6514567491299204e-16
aviv,1.6514567491299204e-16
bout,1.6514567491299204e-16
messi,1.6514567491299204e-16
tel aviv,1.6514567491299204e-16
in the english,1.6514567491299204e-16
tel,1.6514567491299204e-16
to undercover,1.6514567491299204e-16
also addressed,1.6514567491299204e-16
in the city,1.644517855226013e-16
range,1.6406147274050654e-16
affecting,1.637578961322106e-16
ran,1.637578961322106e-16
immigrant,1.637578961322106e-16
related violence,1.637578961322106e-16
obligations,1.637578961322106e-16
largest,1.637578961322106e-16
and the other,1.637578961322106e-16
aircraft,1.637578961322106e-16
tuesday the,1.637578961322106e-16
and taliban militants,1.637578961322106e-16
drug related violence,1.637578961322106e-16
middle,1.637578961322106e-16
assured,1.637578961322106e-16
and more,1.637578961322106e-16
virginia,1.637578961322106e-16
scene,1.637578961322106e-16
the painting,1.6341095143701523e-16
growth,1.6306400674181987e-16
the may,1.6237011735142913e-16
against his,1.6237011735142913e-16
to pass,1.6237011735142913e-16
antibacterial,1.6237011735142913e-16
to enter,1.6237011735142913e-16
karzai,1.6237011735142913e-16
an attack on,1.6237011735142913e-16
the release,1.6237011735142913e-16
comes after the,1.6167622796103843e-16
to the french,1.6167622796103843e-16
conference in,1.6167622796103843e-16
the plane,1.6167622796103843e-16
commitment,1.609823385706477e-16
food and,1.609823385706477e-16
losses,1.609823385706477e-16
followed by,1.609823385706477e-16
media,1.609823385706477e-16
which will be,1.609823385706477e-16
the challenges,1.609823385706477e-16
interests,1.609823385706477e-16
fatal,1.609823385706477e-16
revealed that,1.609823385706477e-16
has already,1.609823385706477e-16
resolve the issue,1.609823385706477e-16
due to,1.609823385706477e-16
is unclear,1.609823385706477e-16
the crisis,1.609823385706477e-16
his father,1.609823385706477e-16
is being treated,1.609823385706477e-16
sanctions,1.609823385706477e-16
the total,1.609823385706477e-16
july 11,1.6059202578855292e-16
wall,1.6028844918025699e-16
instability,1.6028844918025699e-16
on the,1.6028844918025699e-16
to defeat,1.6028844918025699e-16
harry,1.5959455978986625e-16
incidents including,1.5890067039947552e-16
three years,1.5838025335668248e-16
safety and,1.582067810090848e-16
of being involved,1.582067810090848e-16
wild,1.582067810090848e-16
passengers and crew,1.582067810090848e-16
affair,1.582067810090848e-16
arsenal,1.582067810090848e-16
recover,1.582067810090848e-16
in 2002,1.582067810090848e-16
to break,1.582067810090848e-16
fellow,1.582067810090848e-16
in the next,1.582067810090848e-16
government will,1.582067810090848e-16
an international,1.582067810090848e-16
jose mourinho,1.582067810090848e-16
difference,1.582067810090848e-16
and israel,1.582067810090848e-16
antony,1.582067810090848e-16
also found that,1.582067810090848e-16
county,1.5803330866148712e-16
to leave the,1.5785983631388945e-16
proposal,1.5785983631388945e-16
by three,1.5785983631388945e-16
the iraqi,1.5751289161869408e-16
time in,1.5681900222830337e-16
also convicted,1.5681900222830337e-16
time in the,1.5681900222830337e-16
appointment,1.5681900222830337e-16
400,1.5681900222830337e-16
also accused of,1.5621184901171147e-16
with cnn,1.5612511283791264e-16
opponent,1.560383766641138e-16
possibility,1.554312234475219e-16
for not,1.554312234475219e-16
the european union,1.554312234475219e-16
north carolina,1.554312234475219e-16
rally,1.554312234475219e-16
excitement,1.554312234475219e-16
chief,1.554312234475219e-16
anniversary,1.554312234475219e-16
the best,1.554312234475219e-16
the first round,1.554312234475219e-16
glacier,1.554312234475219e-16
memorial service,1.554312234475219e-16
recession,1.554312234475219e-16
hawaii,1.554312234475219e-16
in the final,1.554312234475219e-16
homeschooled,1.547373340571312e-16
space,1.545638617095335e-16
homeless,1.545204936226341e-16
extend,1.5404344466674047e-16
the parliament,1.5404344466674047e-16
maximum,1.5404344466674047e-16
required to,1.5291587440735556e-16
hammam,1.5265566588595902e-16
reported to,1.5265566588595902e-16
and charged with,1.5265566588595902e-16
patient,1.5265566588595902e-16
an interview,1.5265566588595902e-16
was shot and,1.5265566588595902e-16
in federal,1.5265566588595902e-16
bin hammam,1.5265566588595902e-16
day the,1.5265566588595902e-16
ciudad juarez mexico,1.5265566588595902e-16
work on,1.5265566588595902e-16
passengers,1.5265566588595902e-16
the gay,1.5265566588595902e-16
an african,1.5265566588595902e-16
joint,1.5265566588595902e-16
just,1.5265566588595902e-16
sebastian vettel,1.5265566588595902e-16
responsibility,1.5126788710517758e-16
simple,1.5126788710517758e-16
amnesty international,1.5126788710517758e-16
was discovered,1.5126788710517758e-16
sirius,1.5126788710517758e-16
sirius star,1.5126788710517758e-16
criminal court,1.5126788710517758e-16
31,1.5126788710517758e-16
mission,1.5126788710517758e-16
international criminal court,1.5126788710517758e-16
to attack,1.5126788710517758e-16
been affected,1.5057399771478685e-16
600 000,1.5057399771478685e-16
the black,1.5040052536718918e-16
service members,1.4988010832439614e-16
bombs,1.4988010832439614e-16
part of an,1.4988010832439614e-16
demonstrations,1.4988010832439614e-16
world tour,1.4988010832439614e-16
investigating,1.4988010832439614e-16
sent,1.4988010832439614e-16
her actions,1.4988010832439614e-16
stars,1.4988010832439614e-16
confirmed that,1.4988010832439614e-16
has been arrested,1.4988010832439614e-16
and accused,1.4988010832439614e-16
release the,1.4988010832439614e-16
and money,1.4988010832439614e-16
trade,1.4988010832439614e-16
established,1.4988010832439614e-16
osama bin laden,1.4988010832439614e-16
expected to continue,1.4988010832439614e-16
mike,1.4988010832439614e-16
osama bin,1.4988010832439614e-16
osama,1.4988010832439614e-16
claimed that,1.4988010832439614e-16
and said,1.4988010832439614e-16
artist,1.4988010832439614e-16
with china,1.4988010832439614e-16
looking,1.4988010832439614e-16
in prison for,1.4988010832439614e-16
to operate,1.4988010832439614e-16
college,1.4988010832439614e-16
death,1.491862189340054e-16
has refused,1.4849232954361468e-16
shortages of,1.4849232954361468e-16
raid,1.4849232954361468e-16
period of,1.4849232954361468e-16
the islamic,1.4849232954361468e-16
charles,1.4849232954361468e-16
has passed,1.4849232954361468e-16
plot,1.4849232954361468e-16
failing to,1.4814538484841934e-16
system the,1.4779844015322397e-16
support to,1.4710455076283324e-16
helmand,1.4710455076283324e-16
modern,1.4710455076283324e-16
musicians,1.4710455076283324e-16
the sun,1.4710455076283324e-16
she,1.4710455076283324e-16
ali,1.4710455076283324e-16
talk,1.4710455076283324e-16
in the league,1.4710455076283324e-16
they will be,1.4710455076283324e-16
species,1.4710455076283324e-16
helmand province,1.4710455076283324e-16
monfils,1.4641066137244253e-16
few days,1.4641066137244253e-16
kidney,1.4641066137244253e-16
victims of,1.4606371667724716e-16
secure the,1.4606371667724716e-16
the only goal,1.457167719820518e-16
only goal,1.457167719820518e-16
handed over,1.4502288259166106e-16
challenging,1.4450246554886803e-16
pledged to,1.4432899320127036e-16
bound,1.4432899320127036e-16
took place,1.4432899320127036e-16
risk of,1.4432899320127036e-16
inter,1.4432899320127036e-16
condemned the attack,1.4432899320127036e-16
authorities to,1.4432899320127036e-16
court in,1.4432899320127036e-16
hours of,1.4432899320127036e-16
in la,1.4432899320127036e-16
the caribbean,1.4432899320127036e-16
discovered the,1.4432899320127036e-16
prosecutor office,1.4432899320127036e-16
and were,1.4432899320127036e-16
25,1.4432899320127036e-16
their match,1.4432899320127036e-16
in the team,1.4432899320127036e-16
severe storms,1.4432899320127036e-16
out in,1.4432899320127036e-16
disney,1.4432899320127036e-16
lohan,1.4432899320127036e-16
released after,1.4432899320127036e-16
medvedev,1.4415552085367266e-16
the prime minister,1.43982048506075e-16
villarreal,1.43982048506075e-16
all parties,1.4311468676808659e-16
league match,1.4294121442048891e-16
ruled that the,1.4294121442048891e-16
addition,1.4294121442048891e-16
to greece,1.4294121442048891e-16
rio,1.4294121442048891e-16
contributing,1.4294121442048891e-16
for six,1.4294121442048891e-16
of year,1.4294121442048891e-16
to police,1.4259426972529355e-16
mardy fish,1.4198711650870165e-16
mardy,1.4198711650870165e-16
their match against,1.4155343563970745e-16
his work,1.4155343563970745e-16
the final round,1.4155343563970745e-16
version of,1.4155343563970745e-16
and it is,1.4155343563970745e-16
made after,1.4155343563970745e-16
mallorca,1.4155343563970745e-16
middle class,1.4155343563970745e-16
militant,1.4155343563970745e-16
minority,1.4155343563970745e-16
britain,1.4155343563970745e-16
klose,1.4155343563970745e-16
oil industry,1.4155343563970745e-16
was made after,1.4155343563970745e-16
sale,1.4155343563970745e-16
becoming,1.4155343563970745e-16
states that,1.4155343563970745e-16
an attempt to,1.4155343563970745e-16
released in,1.4155343563970745e-16
an attempt,1.4155343563970745e-16
israeli,1.4155343563970745e-16
dancing,1.4137996329210978e-16
incident occurred at,1.4085954624931674e-16
to stop,1.4051260155412137e-16
were sentenced to,1.40165656858926e-16
chelsea,1.40165656858926e-16
information on,1.40165656858926e-16
people in the,1.40165656858926e-16
000 people and,1.40165656858926e-16
the accusations,1.40165656858926e-16
odds,1.40165656858926e-16
for the french,1.394717674685353e-16
with new,1.394717674685353e-16
the founder of,1.394717674685353e-16
faisal,1.3877787807814457e-16
damage,1.3877787807814457e-16
copa,1.3877787807814457e-16
crew,1.3877787807814457e-16
texas,1.3877787807814457e-16
to have been,1.3877787807814457e-16
led by,1.3877787807814457e-16
who died,1.3877787807814457e-16
yakovlev,1.3877787807814457e-16
that is,1.3877787807814457e-16
citing the,1.3877787807814457e-16
hospital,1.3877787807814457e-16
premier league club,1.3877787807814457e-16
the incident occurred,1.3877787807814457e-16
audiences,1.3877787807814457e-16
other women,1.3877787807814457e-16
the combined,1.3877787807814457e-16
the garridos,1.3877787807814457e-16
enforcement,1.3877787807814457e-16
estimates,1.3877787807814457e-16
of death,1.3851766955674804e-16
police have,1.3808398868775383e-16
sri,1.3739009929736313e-16
67,1.3739009929736313e-16
rules,1.3739009929736313e-16
in beijing,1.3739009929736313e-16
living in,1.3739009929736313e-16
research corp poll,1.3739009929736313e-16
research corp,1.3739009929736313e-16
bologna,1.3739009929736313e-16
to kill,1.3739009929736313e-16
sixth,1.3704315460216776e-16
on wednesday the,1.366962099069724e-16
pga,1.3617579286417936e-16
belgium,1.3600232051658169e-16
fatalities,1.3600232051658169e-16
criticized for,1.3600232051658169e-16
murphy,1.3600232051658169e-16
has provided,1.3600232051658169e-16
preparing,1.3600232051658169e-16
after being,1.3600232051658169e-16
man from,1.3600232051658169e-16
qualifying,1.3600232051658169e-16
formation,1.3600232051658169e-16
office in,1.3600232051658169e-16
chirac,1.3600232051658169e-16
off in the,1.3600232051658169e-16
ryder,1.3565537582138632e-16
infected,1.3556863964758748e-16
under house,1.3530843112619095e-16
under house arrest,1.3530843112619095e-16
the crime,1.3461454173580022e-16
and 15,1.3461454173580022e-16
suspect in the,1.3461454173580022e-16
were discovered in,1.3461454173580022e-16
century,1.3461454173580022e-16
minutes before,1.3461454173580022e-16
us military,1.3461454173580022e-16
athletes,1.3461454173580022e-16
asked for,1.3461454173580022e-16
under investigation,1.3461454173580022e-16
motivated,1.3444106938820255e-16
the law,1.3426759704060488e-16
the davis cup,1.3392065234540951e-16
the davis,1.3392065234540951e-16
expressed his desire,1.3322676295501878e-16
goals from,1.3322676295501878e-16
giggs,1.3322676295501878e-16
murder of,1.3322676295501878e-16
ambassador to,1.3322676295501878e-16
commander in,1.3322676295501878e-16
three months,1.3322676295501878e-16
youth,1.3322676295501878e-16
best of,1.3322676295501878e-16
safe and,1.3322676295501878e-16
the next,1.3322676295501878e-16
matos,1.3322676295501878e-16
spoke,1.3322676295501878e-16
threatened,1.3322676295501878e-16
julie,1.3322676295501878e-16
amman,1.3322676295501878e-16
traffic,1.3322676295501878e-16
are expected to,1.32836450172924e-16
brazilian,1.3253287356462807e-16
in 1998,1.3253287356462807e-16
steven,1.321859288694327e-16
occurred during,1.321859288694327e-16
will join the,1.3183898417423734e-16
images,1.3183898417423734e-16
bus in,1.3183898417423734e-16
the group has,1.3183898417423734e-16
forming,1.3183898417423734e-16
uk and,1.3183898417423734e-16
leftist,1.3183898417423734e-16
sharif,1.3183898417423734e-16
health and,1.3183898417423734e-16
mountain,1.313185671314443e-16
to afghanistan,1.311450947838466e-16
the us and,1.311450947838466e-16
group has,1.311450947838466e-16
that could,1.3097162243624894e-16
child,1.304512053934559e-16
aviation,1.304512053934559e-16
35,1.304512053934559e-16
withdrew from,1.304512053934559e-16
daughter,1.304512053934559e-16
he did,1.304512053934559e-16
limit,1.304512053934559e-16
impose,1.304512053934559e-16
in the upcoming,1.304512053934559e-16
off the coast,1.304512053934559e-16
at her,1.304512053934559e-16
compensation,1.304512053934559e-16
rich,1.304512053934559e-16
move forward,1.304512053934559e-16
safety board,1.304512053934559e-16
and is looking,1.304512053934559e-16
comments about,1.304512053934559e-16
cases,1.304512053934559e-16
hazing,1.2975731600306517e-16
proceedings,1.295838436554675e-16
ronaldo,1.295838436554675e-16
russian naval,1.2906342661267446e-16
signs of,1.2906342661267446e-16
lead in the,1.2906342661267446e-16
declined to comment,1.2906342661267446e-16
to represent,1.2906342661267446e-16
charged with the,1.2906342661267446e-16
the ice,1.2848879946125712e-16
has claimed,1.2836953722228372e-16
mistake,1.27675647831893e-16
new jersey,1.27675647831893e-16
are in,1.27675647831893e-16
on september,1.27675647831893e-16
the london,1.27675647831893e-16
recognized,1.27675647831893e-16
home the,1.27675647831893e-16
to travel to,1.27675647831893e-16
conviction,1.27675647831893e-16
carolina,1.27675647831893e-16
threatened to,1.27675647831893e-16
seven years,1.27675647831893e-16
school in,1.27675647831893e-16
disappointing,1.27675647831893e-16
field,1.27675647831893e-16
in indian,1.27675647831893e-16
known for,1.27675647831893e-16
match in,1.27675647831893e-16
withdrew,1.27675647831893e-16
attorneys,1.27675647831893e-16
which has resulted,1.27675647831893e-16
000 deaths,1.2750217548429532e-16
crimes and,1.2672154992010575e-16
zero,1.2650470948560865e-16
security measures,1.2646134139870925e-16
baghdad,1.2628786905111155e-16
bedbug,1.2628786905111155e-16
waiting,1.2628786905111155e-16
reunite,1.2628786905111155e-16
poor performance,1.2628786905111155e-16
togo,1.2628786905111155e-16
20 year old,1.2628786905111155e-16
the border,1.2628786905111155e-16
force is,1.2594092435591619e-16
turned,1.2559397966072084e-16
control the,1.2559397966072084e-16
president omar,1.2559397966072084e-16
also accused,1.2524703496552548e-16
kilometers,1.2524703496552548e-16
the floor,1.249000902703301e-16
the oil,1.249000902703301e-16
signing,1.249000902703301e-16
soon,1.249000902703301e-16
heene,1.249000902703301e-16
threats,1.249000902703301e-16
messages,1.249000902703301e-16
recovering,1.249000902703301e-16
an additional,1.249000902703301e-16
with her,1.249000902703301e-16
to become,1.249000902703301e-16
custody of,1.249000902703301e-16
of another,1.249000902703301e-16
deployment,1.249000902703301e-16
resolved,1.249000902703301e-16
300,1.249000902703301e-16
dozens of,1.249000902703301e-16
the beijing,1.249000902703301e-16
and over,1.2420620087993938e-16
of deaths,1.2385925618474404e-16
ali abdullah saleh,1.2351231148954867e-16
president ali abdullah,1.2351231148954867e-16
misdemeanor,1.2351231148954867e-16
international criminal,1.2351231148954867e-16
score of,1.2351231148954867e-16
choose,1.2351231148954867e-16
that killed,1.2351231148954867e-16
ali abdullah,1.2351231148954867e-16
abdullah saleh,1.2351231148954867e-16
president ali,1.2351231148954867e-16
to extend,1.2281842209915794e-16
district,1.2281842209915794e-16
religious,1.2281842209915794e-16
the bank,1.2281842209915794e-16
instead of,1.2281842209915794e-16
tension,1.2255821357776143e-16
federer in the,1.2247147740396257e-16
has begun,1.2212453270876723e-16
of over,1.2212453270876723e-16
in hong kong,1.2212453270876723e-16
production,1.2212453270876723e-16
in hong,1.2212453270876723e-16
chinese,1.2212453270876723e-16
second place,1.2212453270876723e-16
day of,1.2212453270876723e-16
decrease in,1.2212453270876723e-16
ranked,1.2212453270876723e-16
who will,1.2212453270876723e-16
to resume,1.2212453270876723e-16
antibiotics,1.2212453270876723e-16
vessel,1.2212453270876723e-16
provide,1.2212453270876723e-16
acknowledged that,1.2212453270876723e-16
success in,1.2212453270876723e-16
the 2011,1.2212453270876723e-16
of murder,1.2212453270876723e-16
went,1.2212453270876723e-16
bronze,1.2212453270876723e-16
loss to,1.2212453270876723e-16
of an,1.2212453270876723e-16
drivers,1.2212453270876723e-16
critical,1.2212453270876723e-16
to include,1.2212453270876723e-16
off in,1.2212453270876723e-16
has promised to,1.2212453270876723e-16
engine,1.2212453270876723e-16
gain,1.2212453270876723e-16
are believed to,1.2195106036116953e-16
are believed,1.2195106036116953e-16
flood,1.214306433183765e-16
24 hours,1.214306433183765e-16
swat,1.214306433183765e-16
swat valley,1.214306433183765e-16
promoting,1.2108369862318113e-16
abdullah,1.2073675392798576e-16
they will not,1.2073675392798576e-16
million to,1.2073675392798576e-16
the home,1.2073675392798576e-16
old and,1.2073675392798576e-16
confirmed the,1.2073675392798576e-16
the industry,1.2073675392798576e-16
on tuesday the,1.2073675392798576e-16
crimes against,1.2073675392798576e-16
in march,1.2051991349348866e-16
carlo ancelotti,1.2004286453759506e-16
the indian ocean,1.2004286453759506e-16
carlo,1.2004286453759506e-16
outages,1.1934897514720432e-16
for information leading,1.1934897514720432e-16
information leading to,1.1934897514720432e-16
the late,1.1934897514720432e-16
group and,1.1934897514720432e-16
and wounded,1.1934897514720432e-16
information leading,1.1934897514720432e-16
summer,1.1934897514720432e-16
insurgency,1.1934897514720432e-16
mercedes,1.1934897514720432e-16
to south,1.1934897514720432e-16
the suspect,1.1934897514720432e-16
to determine,1.1934897514720432e-16
power outages,1.1934897514720432e-16
prisoners,1.1934897514720432e-16
comic book,1.1934897514720432e-16
the embassy,1.1934897514720432e-16
his second,1.192622389734055e-16
council has,1.1874182193061245e-16
meetings,1.1874182193061245e-16
the beatles,1.1874182193061245e-16
beatles,1.1830814106161825e-16
ronaldinho,1.1830814106161825e-16
participate in,1.1796119636642288e-16
police department,1.1796119636642288e-16
houston,1.1796119636642288e-16
round with,1.1796119636642288e-16
compete,1.1796119636642288e-16
the situation in,1.1796119636642288e-16
passengers and,1.1796119636642288e-16
per year,1.1796119636642288e-16
the area and,1.1796119636642288e-16
first round,1.1796119636642288e-16
to lose,1.1796119636642288e-16
may face,1.1796119636642288e-16
reinstated,1.1761425167122752e-16
response to the,1.1726730697603215e-16
will feature,1.1657341758564144e-16
her body was,1.1657341758564144e-16
amid,1.1657341758564144e-16
the flight,1.1657341758564144e-16
defending champion,1.1657341758564144e-16
incident which,1.1657341758564144e-16
the incident which,1.1657341758564144e-16
poverty and,1.1657341758564144e-16
majeed,1.1657341758564144e-16
alcohol,1.1657341758564144e-16
focusing,1.1657341758564144e-16
focusing on,1.1657341758564144e-16
naples,1.1657341758564144e-16
population,1.1657341758564144e-16
expenses,1.1657341758564144e-16
jury,1.1657341758564144e-16
al majeed,1.1657341758564144e-16
new charges,1.1657341758564144e-16
from south,1.1657341758564144e-16
final after,1.1657341758564144e-16
terrorist,1.1657341758564144e-16
against him,1.1657341758564144e-16
pirates,1.1657341758564144e-16
the charges are,1.1657341758564144e-16
and human,1.1657341758564144e-16
not the first,1.1657341758564144e-16
investigation into,1.1657341758564144e-16
who won,1.1657341758564144e-16
pending,1.1657341758564144e-16
for several,1.1657341758564144e-16
next month,1.1657341758564144e-16
wells,1.1622647289044608e-16
cape town,1.158795281952507e-16
cape,1.158795281952507e-16
damages,1.158795281952507e-16
and david,1.1518563880486e-16
cup final,1.1518563880486e-16
beauty,1.1518563880486e-16
year old daughter,1.1518563880486e-16
in 2009,1.1518563880486e-16
old daughter,1.1518563880486e-16
german chancellor,1.1483869410966463e-16
research,1.1449174941446927e-16
access to,1.1379786002407854e-16
crops,1.1379786002407854e-16
was reported,1.1379786002407854e-16
in 2011,1.1379786002407854e-16
forward to,1.1379786002407854e-16
are investigating,1.1379786002407854e-16
but will,1.1379786002407854e-16
as the new,1.1379786002407854e-16
resign,1.1379786002407854e-16
to become the,1.1379786002407854e-16
extraterrestrial,1.1379786002407854e-16
idea,1.1379786002407854e-16
hair,1.1379786002407854e-16
officially,1.1379786002407854e-16
liberation,1.1379786002407854e-16
played,1.1379786002407854e-16
pfizer,1.1379786002407854e-16
moving them,1.1379786002407854e-16
in new jersey,1.1310397063368783e-16
crisis has,1.1310397063368783e-16
the attackers,1.1267028976469363e-16
the us government,1.124100812432971e-16
second round,1.124100812432971e-16
but that,1.124100812432971e-16
leaders of,1.124100812432971e-16
from various,1.1188966420050406e-16
ciudad juarez,1.1171619185290639e-16
ciudad,1.1171619185290639e-16
buy,1.1171619185290639e-16
years the,1.1136924715771102e-16
whereabouts,1.1102230246251565e-16
over million,1.1102230246251565e-16
connection,1.1102230246251565e-16
uk,1.1102230246251565e-16
appeals court,1.1102230246251565e-16
responsibility for the,1.1102230246251565e-16
wife of,1.1102230246251565e-16
commission,1.1102230246251565e-16
mexico and,1.1102230246251565e-16
chinese women,1.1102230246251565e-16
particularly in the,1.1102230246251565e-16
charges and,1.1102230246251565e-16
sri lankan,1.1102230246251565e-16
ambassador,1.1102230246251565e-16
notices,1.1102230246251565e-16
north korea,1.1102230246251565e-16
ongoing conflict,1.1102230246251565e-16
lankan,1.1102230246251565e-16
the full,1.1102230246251565e-16
issues,1.1102230246251565e-16
despite his,1.1102230246251565e-16
think,1.1102230246251565e-16
work the,1.1102230246251565e-16
banned from,1.1032841307212493e-16
damage the,1.1032841307212493e-16
100 000,1.0963452368173421e-16
would have,1.0963452368173421e-16
the department,1.0963452368173421e-16
brutal,1.0963452368173421e-16
guard,1.0963452368173421e-16
be returned,1.0963452368173421e-16
government for,1.0963452368173421e-16
the award,1.0928757898653885e-16
webber,1.0894063429134348e-16
to work with,1.0894063429134348e-16
prison for,1.0842021724855044e-16
hidden in,1.0824674490095276e-16
killed the,1.0824674490095276e-16
birthday,1.0824674490095276e-16
blue,1.0824674490095276e-16
secretary of state,1.0824674490095276e-16
of the team,1.0824674490095276e-16
throwing,1.0824674490095276e-16
secretary of,1.0824674490095276e-16
juarez mexico,1.0824674490095276e-16
closure of,1.0824674490095276e-16
camps,1.0824674490095276e-16
claimed he,1.0824674490095276e-16
hotel in,1.0824674490095276e-16
panel,1.0824674490095276e-16
swiss,1.0824674490095276e-16
that has been,1.0824674490095276e-16
akram,1.0824674490095276e-16
to july,1.0824674490095276e-16
armed forces,1.0824674490095276e-16
that the government,1.0824674490095276e-16
and improve,1.0824674490095276e-16
around 200,1.0824674490095276e-16
jerry,1.0824674490095276e-16
withdrawn from the,1.0824674490095276e-16
it is not,1.0824674490095276e-16
play in the,1.0824674490095276e-16
image,1.0824674490095276e-16
the proposed,1.0789980020575741e-16
program to,1.0789980020575741e-16
attack on,1.0789980020575741e-16
revenge,1.0755285551056204e-16
victory in the,1.0755285551056204e-16
tourists,1.0755285551056204e-16
abnormal,1.07032438467769e-16
to add,1.0685896612017132e-16
which would,1.0685896612017132e-16
with score of,1.0685896612017132e-16
does not,1.0685896612017132e-16
impact of,1.0685896612017132e-16
that their,1.0685896612017132e-16
presidency,1.0685896612017132e-16
to ensure the,1.0685896612017132e-16
been held in,1.0685896612017132e-16
prosecutor,1.0685896612017132e-16
supreme court has,1.0651202142497595e-16
worst,1.061650767297806e-16
goal by,1.061650767297806e-16
speech,1.0581813203458523e-16
concerns the,1.0547118733938987e-16
studios,1.0547118733938987e-16
time and,1.0547118733938987e-16
create,1.0547118733938987e-16
getting,1.0547118733938987e-16
the tamil,1.0547118733938987e-16
of foreign,1.0547118733938987e-16
incidents,1.0547118733938987e-16
caused the,1.0547118733938987e-16
assistance,1.0547118733938987e-16
activity,1.0547118733938987e-16
and potential,1.0547118733938987e-16
450,1.0547118733938987e-16
for 150,1.0547118733938987e-16
for 150 years,1.0547118733938987e-16
was involved,1.0547118733938987e-16
their support,1.0538445116559103e-16
2007 and,1.0512424264419451e-16
2008,1.0443035325380379e-16
vehicles,1.0408340855860843e-16
an american,1.0408340855860843e-16
given the,1.0408340855860843e-16
finding,1.0408340855860843e-16
the australian,1.0373646386341306e-16
tsvangirai has,1.033895191682177e-16
target,1.0306425851647205e-16
andy roddick,1.0269562977782698e-16
rafael nadal the,1.0269562977782698e-16
to perform,1.0269562977782698e-16
st,1.0269562977782698e-16
sector,1.0269562977782698e-16
the iraqi government,1.0269562977782698e-16
stimulus,1.0269562977782698e-16
items,1.0269562977782698e-16
sun,1.0269562977782698e-16
is more,1.0269562977782698e-16
is to,1.0269562977782698e-16
chairman,1.0269562977782698e-16
the tents,1.0269562977782698e-16
elsewhere,1.0269562977782698e-16
chad,1.0269562977782698e-16
the leaders,1.0269562977782698e-16
of nations,1.0200174038743625e-16
arrested the,1.016547956922409e-16
barrino,1.0148132334464322e-16
bases,1.0130785099704553e-16
tom,1.0130785099704553e-16
de la,1.0130785099704553e-16
warned that,1.0130785099704553e-16
was denied,1.0130785099704553e-16
called on,1.0061396160665481e-16
88,1.0061396160665481e-16
areas of,1.0061396160665481e-16
relations with,1.0009354456386177e-16
the fact that,9.992007221626409e-17
the fact,9.992007221626409e-17
richard,9.992007221626409e-17
he is accused,9.992007221626409e-17
aimed,9.992007221626409e-17
was,9.992007221626409e-17
the highest,9.992007221626409e-17
and his family,9.992007221626409e-17
well as,9.992007221626409e-17
withdraw,9.992007221626409e-17
as well as,9.992007221626409e-17
it could,9.992007221626409e-17
love,9.992007221626409e-17
inflation,9.992007221626409e-17
tires,9.992007221626409e-17
money from,9.992007221626409e-17
spokesman,9.992007221626409e-17
been killed,9.992007221626409e-17
death of,9.992007221626409e-17
for the past,9.992007221626409e-17
dugard,9.992007221626409e-17
incident and,9.992007221626409e-17
to the quarterfinals,9.992007221626409e-17
that it was,9.992007221626409e-17
to reduce,9.992007221626409e-17
this decision,9.992007221626409e-17
from iraq,9.992007221626409e-17
step towards,9.992007221626409e-17
defender,9.992007221626409e-17
contract with,9.974659986866641e-17
such as the,9.922618282587337e-17
shiite,9.922618282587337e-17
worked at,9.922618282587337e-17
incident comes,9.922618282587337e-17
the lack of,9.8879238130678e-17
the lack,9.8879238130678e-17
high inflation,9.853229343548264e-17
american idol,9.853229343548264e-17
in 2008 the,9.853229343548264e-17
000 in,9.853229343548264e-17
owen,9.853229343548264e-17
build,9.853229343548264e-17
wednesday and,9.853229343548264e-17
off duty,9.853229343548264e-17
anti government,9.853229343548264e-17
there was no,9.818534874028728e-17
is believed,9.818534874028728e-17
flee,9.71445146547012e-17
18 year old,9.71445146547012e-17
and she was,9.71445146547012e-17
they would,9.71445146547012e-17
uganda,9.71445146547012e-17
to create,9.71445146547012e-17
18 year,9.71445146547012e-17
home in,9.71445146547012e-17
been living in,9.71445146547012e-17
burress,9.71445146547012e-17
was seen as,9.71445146547012e-17
top seed,9.71445146547012e-17
serbian,9.71445146547012e-17
who was,9.697104230710351e-17
year prison,9.679756995950583e-17
dogs,9.662409761190816e-17
saddam hussein,9.645062526431048e-17
saddam,9.645062526431048e-17
searching for,9.575673587391976e-17
heidfeld,9.575673587391976e-17
ivory,9.575673587391976e-17
antonio,9.575673587391976e-17
graduate,9.575673587391976e-17
tony,9.575673587391976e-17
in rome,9.506284648352902e-17
refuge,9.454242944073599e-17
in the same,9.43689570931383e-17
face disciplinary action,9.43689570931383e-17
damaged,9.43689570931383e-17
surge,9.43689570931383e-17
shots,9.43689570931383e-17
with the team,9.43689570931383e-17
surge in,9.43689570931383e-17
about the future,9.43689570931383e-17
bull,9.43689570931383e-17
last seen,9.43689570931383e-17
the elections,9.43689570931383e-17
the murder,9.43689570931383e-17
red bull,9.43689570931383e-17
also won,9.43689570931383e-17
when he was,9.43689570931383e-17
war the,9.43689570931383e-17
discussing,9.43689570931383e-17
conspiracy to,9.43689570931383e-17
kill,9.43689570931383e-17
serena,9.43689570931383e-17
face disciplinary,9.43689570931383e-17
on august,9.43689570931383e-17
seed,9.43689570931383e-17
robert,9.43689570931383e-17
robot,9.43689570931383e-17
success with,9.419548474554062e-17
spots,9.367506770274758e-17
boy,9.367506770274758e-17
monday the,9.298117831235686e-17
assault,9.298117831235686e-17
us is,9.298117831235686e-17
posted,9.298117831235686e-17
the us is,9.298117831235686e-17
for at,9.246076126956381e-17
cost of,9.228728892196614e-17
constitution,9.228728892196614e-17
water the,9.228728892196614e-17
there is no,9.215718466126788e-17
peter,9.176687187917309e-17
islamic militants,9.159339953157541e-17
announced plans to,9.159339953157541e-17
fernando alonso,9.159339953157541e-17
damaging,9.159339953157541e-17
been fighting,9.159339953157541e-17
pleaded guilty,9.159339953157541e-17
done,9.159339953157541e-17
escaped,9.159339953157541e-17
is awaiting,9.159339953157541e-17
howard,9.159339953157541e-17
vakulenko,9.159339953157541e-17
tsa,9.159339953157541e-17
in spain,9.159339953157541e-17
denmark,9.159339953157541e-17
families of,9.159339953157541e-17
since 1983,9.159339953157541e-17
which will,9.159339953157541e-17
and increased,9.020562075079397e-17
which includes,9.020562075079397e-17
tamil tigers,9.020562075079397e-17
dispute over,9.020562075079397e-17
open to,9.020562075079397e-17
under the,9.020562075079397e-17
wednesday the,9.003214840319629e-17
cat,8.98586760555986e-17
for his,8.951173136040325e-17
disqualified,8.951173136040325e-17
to form,8.951173136040325e-17
is described,8.881784197001253e-17
is described as,8.881784197001253e-17
tsvangirai,8.881784197001253e-17
leader of,8.881784197001253e-17
it has,8.881784197001253e-17
faces,8.881784197001253e-17
the ruling,8.881784197001253e-17
signs,8.881784197001253e-17
number one,8.881784197001253e-17
iceberg,8.881784197001253e-17
delay,8.881784197001253e-17
to over,8.881784197001253e-17
darfur,8.881784197001253e-17
related,8.881784197001253e-17
jail the,8.881784197001253e-17
came from behind,8.881784197001253e-17
became,8.881784197001253e-17
colombia,8.881784197001253e-17
been without,8.881784197001253e-17
force,8.881784197001253e-17
has been criticized,8.881784197001253e-17
the island,8.881784197001253e-17
infant,8.878531590483796e-17
government of,8.829742492721948e-17
in south africa,8.81239525796218e-17
the worst,8.81239525796218e-17
on thursday the,8.81239525796218e-17
the investigation into,8.81239525796218e-17
yemeni,8.743006318923108e-17
the killings of,8.743006318923108e-17
used,8.743006318923108e-17
crash is,8.743006318923108e-17
for its,8.743006318923108e-17
the documents,8.743006318923108e-17
car,8.743006318923108e-17
connection with,8.708311849403572e-17
the country the,8.673617379884035e-17
honey has,8.673617379884035e-17
daughter and,8.638922910364499e-17
music industry,8.621575675604732e-17
material,8.604228440844963e-17
fantasy,8.604228440844963e-17
the possibility of,8.604228440844963e-17
the record,8.604228440844963e-17
opportunity,8.604228440844963e-17
first degree murder,8.604228440844963e-17
200 000,8.604228440844963e-17
the support,8.604228440844963e-17
was involved in,8.604228440844963e-17
against her,8.604228440844963e-17
increase,8.604228440844963e-17
immigrants in,8.604228440844963e-17
on wednesday,8.604228440844963e-17
is from,8.604228440844963e-17
lawsuit against,8.604228440844963e-17
to provide,8.604228440844963e-17
be used to,8.604228440844963e-17
san,8.604228440844963e-17
checked,8.604228440844963e-17
copa america,8.534839501805891e-17
in ciudad,8.534839501805891e-17
her and,8.534839501805891e-17
in ciudad juarez,8.534839501805891e-17
in 2003,8.465450562766818e-17
african americans,8.465450562766818e-17
awaiting,8.465450562766818e-17
ribery,8.465450562766818e-17
part of the,8.465450562766818e-17
twice,8.465450562766818e-17
per pack,8.465450562766818e-17
25 year old,8.465450562766818e-17
pack,8.465450562766818e-17
at least,8.413408858487514e-17
offices,8.396061623727746e-17
gymnastics,8.396061623727746e-17
beaten,8.396061623727746e-17
country is,8.387388006347863e-17
the country is,8.387388006347863e-17
she plans,8.326672684688674e-17
the defending,8.326672684688674e-17
temperature,8.326672684688674e-17
of the best,8.326672684688674e-17
diverted,8.326672684688674e-17
goods,8.326672684688674e-17
and is,8.326672684688674e-17
michael,8.326672684688674e-17
necessary to,8.326672684688674e-17
iranian,8.326672684688674e-17
approve,8.326672684688674e-17
terrorism,8.326672684688674e-17
she plans to,8.326672684688674e-17
appealed,8.326672684688674e-17
who was convicted,8.326672684688674e-17
paid,8.326672684688674e-17
owner of,8.326672684688674e-17
the previous record,8.326672684688674e-17
tourism,8.326672684688674e-17
the movie,8.326672684688674e-17
election,8.326672684688674e-17
retirement,8.326672684688674e-17
rights and,8.326672684688674e-17
the dutch,8.326672684688674e-17
or the,8.326672684688674e-17
tied for,8.326672684688674e-17
remain in the,8.291978215169137e-17
jonathan,8.257283745649602e-17
criticism of,8.257283745649602e-17
pledged,8.257283745649602e-17
days in,8.18789480661053e-17
unaware,8.18789480661053e-17
attempted murder,8.18789480661053e-17
next week,8.18789480661053e-17
deaths reported,8.18789480661053e-17
pre season,8.18789480661053e-17
midnight,8.18789480661053e-17
struggle,8.18789480661053e-17
bryant,8.135853102331225e-17
forces and,8.118505867571457e-17
housing,8.118505867571457e-17
radical,8.118505867571457e-17
group match,8.10115863281169e-17
12th,8.049116928532385e-17
the wta,8.049116928532385e-17
couples to,8.049116928532385e-17
spying,8.049116928532385e-17
sunderland,8.049116928532385e-17
congress to,8.049116928532385e-17
in kenya,8.049116928532385e-17
militia,8.049116928532385e-17
and sentenced to,8.049116928532385e-17
number of people,8.049116928532385e-17
satisfaction with,8.049116928532385e-17
and sentenced,8.049116928532385e-17
capital,8.049116928532385e-17
jail for,8.049116928532385e-17
the kidnapping,8.049116928532385e-17
the investigation and,7.979727989493313e-17
article highlights the,7.979727989493313e-17
the article highlights,7.979727989493313e-17
and called,7.952080834094933e-17
teenagers,7.945033519973776e-17
heritage,7.91033905045424e-17
police the,7.91033905045424e-17
dreamworks,7.91033905045424e-17
sacrifice,7.91033905045424e-17
election of,7.91033905045424e-17
process and,7.91033905045424e-17
have stated,7.91033905045424e-17
real robots,7.91033905045424e-17
entered,7.91033905045424e-17
that he is,7.91033905045424e-17
pipeline,7.91033905045424e-17
michael phelps,7.901665433074356e-17
spree,7.849623728795052e-17
electric,7.840950111415169e-17
producing,7.806255641895632e-17
dong,7.806255641895632e-17
wheelchair,7.788908407135864e-17
and will,7.771561172376095e-17
service the,7.771561172376095e-17
owner,7.771561172376095e-17
000 reward,7.771561172376095e-17
anniversary of,7.771561172376095e-17
which were,7.771561172376095e-17
match at the,7.771561172376095e-17
wal,7.771561172376095e-17
are also,7.771561172376095e-17
attributed,7.771561172376095e-17
most,7.771561172376095e-17
pre,7.771561172376095e-17
captive,7.771561172376095e-17
crews,7.771561172376095e-17
to stay,7.771561172376095e-17
won their,7.771561172376095e-17
learned,7.771561172376095e-17
points behind,7.771561172376095e-17
the good,7.771561172376095e-17
goals in,7.771561172376095e-17
water,7.771561172376095e-17
this year the,7.771561172376095e-17
series,7.771561172376095e-17
in la liga,7.771561172376095e-17
roddick,7.771561172376095e-17
techniques,7.771561172376095e-17
kercher,7.762887554996212e-17
landing in,7.706102466212284e-17
one person,7.702172233337023e-17
the tour,7.702172233337023e-17
castillo,7.702172233337023e-17
abyei,7.632783294297951e-17
attacks the,7.632783294297951e-17
tennessee,7.632783294297951e-17
over 20 years,7.632783294297951e-17
rest of the,7.632783294297951e-17
family members,7.598088824778415e-17
at the same,7.563394355258879e-17
response to,7.563394355258879e-17
safety of,7.563394355258879e-17
the safety of,7.563394355258879e-17
inter milan,7.537373503119227e-17
vessels,7.494005416219807e-17
key figure,7.494005416219807e-17
she has,7.494005416219807e-17
stated that it,7.494005416219807e-17
and staff,7.494005416219807e-17
is in the,7.494005416219807e-17
on february,7.494005416219807e-17
team performance,7.494005416219807e-17
highlight,7.494005416219807e-17
goal of,7.494005416219807e-17
rounds,7.494005416219807e-17
that it would,7.494005416219807e-17
them from,7.494005416219807e-17
expressed her,7.494005416219807e-17
nigeria is,7.494005416219807e-17
civil,7.494005416219807e-17
old girl,7.494005416219807e-17
the statue of,7.494005416219807e-17
region has,7.494005416219807e-17
challenges in,7.494005416219807e-17
year old girl,7.494005416219807e-17
east,7.494005416219807e-17
of liberty,7.494005416219807e-17
lost the,7.494005416219807e-17
attending,7.494005416219807e-17
schweinsteiger,7.494005416219807e-17
is currently in,7.424616477180734e-17
in the gulf,7.424616477180734e-17
davis cup,7.424616477180734e-17
the doctors,7.424616477180734e-17
official,7.355227538141662e-17
was seen,7.355227538141662e-17
obtain,7.355227538141662e-17
kim,7.355227538141662e-17
to obtain,7.355227538141662e-17
manage,7.355227538141662e-17
julia,7.355227538141662e-17
they are not,7.355227538141662e-17
four years,7.355227538141662e-17
ties with,7.28583859910259e-17
scientists,7.28583859910259e-17
robin soderling,7.268491364342821e-17
with information,7.216449660063518e-17
fly,7.216449660063518e-17
was sent,7.216449660063518e-17
at new,7.216449660063518e-17
venue,7.216449660063518e-17
the military,7.216449660063518e-17
and military,7.216449660063518e-17
have the,7.216449660063518e-17
was last,7.216449660063518e-17
tell,7.216449660063518e-17
creating,7.216449660063518e-17
praised,7.216449660063518e-17
the votes,7.216449660063518e-17
holes,7.216449660063518e-17
spend,7.216449660063518e-17
the city and,7.216449660063518e-17
send,7.216449660063518e-17
an attack,7.216449660063518e-17
attack,7.216449660063518e-17
couple,7.216449660063518e-17
darfur region,7.216449660063518e-17
prime minister,7.216449660063518e-17
including one,7.216449660063518e-17
pakay,7.216449660063518e-17
and is expected,7.216449660063518e-17
rassam,7.216449660063518e-17
der,7.216449660063518e-17
banned,7.216449660063518e-17
regarding the,7.216449660063518e-17
has ruled,7.173081573164098e-17
has helped,7.147060721024446e-17
the icelandic,7.147060721024446e-17
oil spill,7.112366251504909e-17
her former,7.077671781985372e-17
shatner raw nerve,7.077671781985372e-17
raw nerve,7.077671781985372e-17
heavyweight,7.077671781985372e-17
year contract,7.077671781985372e-17
founded the,7.077671781985372e-17
replacement,7.077671781985372e-17
about 10,7.077671781985372e-17
shatner raw,7.077671781985372e-17
pilots,7.0082828429463e-17
supported by,7.0082828429463e-17
laundering,7.0082828429463e-17
of trying,7.0082828429463e-17
of trying to,7.0082828429463e-17
criticized by,6.960577947356938e-17
attachment,6.938893903907228e-17
in various,6.938893903907228e-17
about his,6.938893903907228e-17
year of,6.938893903907228e-17
has been affected,6.938893903907228e-17
was scheduled,6.938893903907228e-17
20 minutes,6.938893903907228e-17
has been working,6.938893903907228e-17
corp,6.938893903907228e-17
alert,6.938893903907228e-17
the incident as,6.938893903907228e-17
health issues,6.938893903907228e-17
olympics,6.938893903907228e-17
congo,6.938893903907228e-17
the closure,6.938893903907228e-17
in violence,6.938893903907228e-17
damage to,6.938893903907228e-17
true,6.938893903907228e-17
named after,6.938893903907228e-17
been ongoing,6.938893903907228e-17
has pleaded,6.938893903907228e-17
determine the cause,6.938893903907228e-17
incident as,6.938893903907228e-17
gay rights,6.938893903907228e-17
respond,6.938893903907228e-17
juan carlos,6.938893903907228e-17
the closure of,6.938893903907228e-17
nigerian,6.904199434387692e-17
talk show,6.904199434387692e-17
was released from,6.891189008317866e-17
confident,6.869504964868156e-17
building the,6.869504964868156e-17
his departure,6.869504964868156e-17
workers in,6.869504964868156e-17
goats,6.852157730108388e-17
his decision,6.800116025829084e-17
margarito,6.800116025829084e-17
insurance,6.800116025829084e-17
citing concerns about,6.800116025829084e-17
charged with first,6.800116025829084e-17
with first,6.800116025829084e-17
with first degree,6.800116025829084e-17
in custody,6.800116025829084e-17
have expressed,6.800116025829084e-17
successfully,6.800116025829084e-17
believe the,6.800116025829084e-17
in second place,6.800116025829084e-17
al bashir,6.7914424084492e-17
the sudan,6.782768791069316e-17
made in,6.765421556309548e-17
angela,6.765421556309548e-17
head of,6.748074321549779e-17
for their support,6.730727086790011e-17
properties,6.696032617270476e-17
men were,6.661338147750939e-17
marked by,6.661338147750939e-17
successful,6.661338147750939e-17
on friday the,6.661338147750939e-17
held to,6.661338147750939e-17
operation,6.661338147750939e-17
if convicted,6.661338147750939e-17
states,6.661338147750939e-17
of all,6.661338147750939e-17
tax,6.661338147750939e-17
the movement for,6.661338147750939e-17
worth,6.661338147750939e-17
despite the challenges,6.661338147750939e-17
he would,6.661338147750939e-17
expressed concerns,6.661338147750939e-17
event,6.661338147750939e-17
been living,6.661338147750939e-17
are not,6.661338147750939e-17
association,6.661338147750939e-17
underage,6.661338147750939e-17
consumers are,6.661338147750939e-17
traveling,6.661338147750939e-17
bush has,6.661338147750939e-17
1998,6.661338147750939e-17
goal is to,6.661338147750939e-17
displaced,6.661338147750939e-17
has been given,6.661338147750939e-17
week and,6.661338147750939e-17
the increasing,6.661338147750939e-17
could potentially,6.661338147750939e-17
up to,6.661338147750939e-17
bad,6.661338147750939e-17
health insurance,6.661338147750939e-17
face charges,6.661338147750939e-17
friday the,6.661338147750939e-17
court for,6.661338147750939e-17
due to lack,6.661338147750939e-17
amount,6.661338147750939e-17
guidelines,6.609296443471635e-17
for second,6.591949208711867e-17
in negotiations,6.55725473919233e-17
warming,6.528794432164586e-17
travel to,6.522560269672795e-17
war crimes and,6.522560269672795e-17
base in,6.522560269672795e-17
the protesters who,6.522560269672795e-17
no one was,6.453171330633723e-17
administrator,6.453171330633723e-17
2009 the,6.418476861114186e-17
ryder cup,6.401129626354418e-17
tribal,6.38378239159465e-17
odierno,6.38378239159465e-17
power in,6.38378239159465e-17
to new york,6.38378239159465e-17
won the tournament,6.38378239159465e-17
estimates that,6.38378239159465e-17
to france,6.38378239159465e-17
of those,6.38378239159465e-17
in 12,6.38378239159465e-17
devices,6.38378239159465e-17
ivory coast,6.38378239159465e-17
in some,6.38378239159465e-17
table,6.38378239159465e-17
is charged with,6.38378239159465e-17
shopping,6.38378239159465e-17
its own,6.38378239159465e-17
down in the,6.38378239159465e-17
is charged,6.38378239159465e-17
financing,6.331740687315346e-17
to fight,6.314393452555578e-17
won two,6.314393452555578e-17
police officer,6.245004513516506e-17
and her family,6.245004513516506e-17
council,6.245004513516506e-17
palin,6.245004513516506e-17
to contain,6.245004513516506e-17
saved,6.245004513516506e-17
to participate in,6.245004513516506e-17
facebook and,6.245004513516506e-17
strain,6.245004513516506e-17
grammy,6.245004513516506e-17
sites,6.175615574477434e-17
on trial,6.175615574477434e-17
it may,6.175615574477434e-17
will lead to,6.175615574477434e-17
high level,6.175615574477434e-17
support for,6.123573870198129e-17
samoan,6.106226635438361e-17
noda,6.106226635438361e-17
department,6.106226635438361e-17
casalesi clan,6.106226635438361e-17
test,6.106226635438361e-17
engaged in,6.106226635438361e-17
the development,6.106226635438361e-17
the disease,6.106226635438361e-17
the city the,6.106226635438361e-17
is investigating the,6.106226635438361e-17
taliban the,6.106226635438361e-17
the taliban the,6.106226635438361e-17
to face,6.106226635438361e-17
judge ruled that,6.106226635438361e-17
judge ruled,6.106226635438361e-17
flag,6.106226635438361e-17
centers,6.106226635438361e-17
club in,6.106226635438361e-17
cargo,6.106226635438361e-17
were taken,6.106226635438361e-17
the southeast,6.106226635438361e-17
people were killed,6.106226635438361e-17
jail,6.106226635438361e-17
casalesi,6.106226635438361e-17
who is,6.106226635438361e-17
due to their,6.106226635438361e-17
13 year old,6.106226635438361e-17
claimed to have,6.106226635438361e-17
is concerned,6.106226635438361e-17
started in,6.106226635438361e-17
record with,6.106226635438361e-17
north of,6.106226635438361e-17
chiefs,6.071532165918825e-17
twitter,6.071532165918825e-17
david ferrer,6.054184931159057e-17
was found guilty,6.036837696399288e-17
the eu,6.036837696399288e-17
talks with,6.036837696399288e-17
her family and,5.967448757360216e-17
on behalf of,5.967448757360216e-17
concern,5.967448757360216e-17
on behalf,5.967448757360216e-17
the aclu,5.967448757360216e-17
been source of,5.967448757360216e-17
the academy,5.967448757360216e-17
steps,5.967448757360216e-17
anniversary of the,5.967448757360216e-17
has accused,5.967448757360216e-17
behalf of,5.967448757360216e-17
displacement of,5.967448757360216e-17
been source,5.967448757360216e-17
incident has,5.932754287840681e-17
recovered,5.898059818321144e-17
juan,5.898059818321144e-17
vehicle was,5.898059818321144e-17
visiting,5.828670879282072e-17
powered,5.828670879282072e-17
agreed,5.828670879282072e-17
home and,5.828670879282072e-17
much of,5.828670879282072e-17
boarding,5.828670879282072e-17
the top seed,5.828670879282072e-17
daniel,5.828670879282072e-17
to approve,5.828670879282072e-17
debate,5.828670879282072e-17
with score,5.828670879282072e-17
tech,5.828670879282072e-17
crimes against humanity,5.828670879282072e-17
involving,5.828670879282072e-17
straight,5.828670879282072e-17
him with,5.828670879282072e-17
hillary clinton,5.828670879282072e-17
hillary,5.828670879282072e-17
tough,5.828670879282072e-17
high tech,5.828670879282072e-17
northern ireland,5.828670879282072e-17
his body,5.828670879282072e-17
also discussed,5.828670879282072e-17
mlb,5.828670879282072e-17
july 2008,5.828670879282072e-17
there were,5.828670879282072e-17
determine,5.828670879282072e-17
the obama,5.828670879282072e-17
the fia,5.828670879282072e-17
it will be,5.828670879282072e-17
against humanity,5.828670879282072e-17
brisman was,5.828670879282072e-17
maximum sentence of,5.828670879282072e-17
in group,5.793976409762535e-17
their own,5.759281940243e-17
stalking,5.724587470723463e-17
semifinals of the,5.724587470723463e-17
record,5.724587470723463e-17
which led to,5.724587470723463e-17
which led,5.724587470723463e-17
holder,5.689893001203927e-17
the village,5.689893001203927e-17
abby,5.689893001203927e-17
welterweight,5.689893001203927e-17
1983,5.689893001203927e-17
casey,5.689893001203927e-17
to make an,5.689893001203927e-17
louisiana,5.689893001203927e-17
in recent years,5.689893001203927e-17
time on,5.689893001203927e-17
human rights groups,5.681219383824043e-17
ensure,5.620504062164855e-17
dorian,5.620504062164855e-17
killed at,5.620504062164855e-17
in the war,5.620504062164855e-17
killed at least,5.620504062164855e-17
in at,5.585809592645319e-17
bring,5.568462357885551e-17
due to its,5.551115123125783e-17
effective,5.551115123125783e-17
is the second,5.551115123125783e-17
direct,5.551115123125783e-17
the boat,5.551115123125783e-17
in power,5.551115123125783e-17
47 year old,5.551115123125783e-17
47 year,5.551115123125783e-17
muslim,5.551115123125783e-17
population of,5.551115123125783e-17
kamal,5.551115123125783e-17
to death,5.551115123125783e-17
44,5.551115123125783e-17
in response,5.551115123125783e-17
pursue,5.551115123125783e-17
leading the,5.551115123125783e-17
found to be,5.551115123125783e-17
gsk,5.551115123125783e-17
aden,5.551115123125783e-17
woods,5.551115123125783e-17
in the number,5.551115123125783e-17
madrid,5.551115123125783e-17
hope,5.551115123125783e-17
harm,5.551115123125783e-17
the deal,5.551115123125783e-17
the gold,5.551115123125783e-17
against the,5.551115123125783e-17
marks,5.551115123125783e-17
won against,5.551115123125783e-17
nobel,5.551115123125783e-17
was in,5.551115123125783e-17
despite this,5.5164206536062467e-17
was in the,5.5164206536062467e-17
military is,5.4817261840867107e-17
is the only,5.4817261840867107e-17
alan,5.4817261840867107e-17
the baby,5.4383580971872905e-17
sheikh,5.412337245047638e-17
based,5.412337245047638e-17
the free,5.412337245047638e-17
the incident has,5.412337245047638e-17
relationship between,5.412337245047638e-17
returned to the,5.412337245047638e-17
investigation and,5.412337245047638e-17
airline,5.412337245047638e-17
ancelotti has,5.412337245047638e-17
website,5.412337245047638e-17
suspect in,5.412337245047638e-17
that it is,5.342948306008566e-17
the armed,5.342948306008566e-17
the local,5.342948306008566e-17
nearby,5.3256010712487977e-17
innings,5.30825383648903e-17
of this,5.2735593669694933e-17
plans to continue,5.2735593669694933e-17
tied,5.2735593669694933e-17
area the,5.2735593669694933e-17
would,5.2735593669694933e-17
fight,5.2735593669694933e-17
to appeal,5.2735593669694933e-17
as an,5.2735593669694933e-17
native,5.2735593669694933e-17
haye,5.2735593669694933e-17
sporting,5.2735593669694933e-17
tests,5.2735593669694933e-17
marking the,5.2735593669694933e-17
charges related,5.2735593669694933e-17
of al,5.2735593669694933e-17
charges related to,5.2735593669694933e-17
directly,5.2735593669694933e-17
clashes,5.2735593669694933e-17
cotto,5.2735593669694933e-17
tickets,5.2735593669694933e-17
been criticized for,5.2735593669694933e-17
boys,5.2735593669694933e-17
is considering,5.2735593669694933e-17
the use,5.2735593669694933e-17
the use of,5.2735593669694933e-17
the author,5.2735593669694933e-17
no injuries,5.2735593669694933e-17
relations between the,5.2735593669694933e-17
of six,5.2735593669694933e-17
documentary,5.2735593669694933e-17
names,5.2735593669694933e-17
her to,5.2735593669694933e-17
the second goal,5.2735593669694933e-17
cricket world,5.204170427930421e-17
disaster,5.204170427930421e-17
cricket world cup,5.204170427930421e-17
to spread,5.186823193170653e-17
the army,5.134781488891349e-17
of south,5.134781488891349e-17
range of,5.134781488891349e-17
squad,5.134781488891349e-17
leave the,5.117434254131581e-17
was returned to,5.1000870193718126e-17
ferguson,5.082739784612045e-17
months the,5.082739784612045e-17
is believed to,5.0653925498522766e-17
lying,5.0653925498522766e-17
address the issue,5.0653925498522766e-17
to the arrest,5.0306980803327406e-17
organizations,4.9960036108132046e-17
the nigerian,4.9960036108132046e-17
attention to,4.9960036108132046e-17
fueled by,4.9960036108132046e-17
survived by,4.9960036108132046e-17
can cause,4.9960036108132046e-17
clothing,4.9960036108132046e-17
also called for,4.9960036108132046e-17
trying,4.9960036108132046e-17
to the country,4.9960036108132046e-17
over 300,4.9960036108132046e-17
trying to,4.9960036108132046e-17
have returned,4.9960036108132046e-17
close to,4.9960036108132046e-17
chemical,4.9960036108132046e-17
that he was,4.9960036108132046e-17
that people,4.9960036108132046e-17
invited,4.9960036108132046e-17
celebrities,4.9960036108132046e-17
of up,4.9960036108132046e-17
removed from,4.9960036108132046e-17
seals,4.9960036108132046e-17
for help,4.9960036108132046e-17
his son,4.9960036108132046e-17
to help her,4.9960036108132046e-17
with goals from,4.9960036108132046e-17
of up to,4.9960036108132046e-17
facility,4.9960036108132046e-17
stem,4.9960036108132046e-17
law enforcement,4.9960036108132046e-17
was found to,4.9960036108132046e-17
on various,4.9960036108132046e-17
called for,4.9960036108132046e-17
neighboring,4.9960036108132046e-17
with goals,4.9960036108132046e-17
construction,4.9960036108132046e-17
per week,4.9960036108132046e-17
identities,4.926614671774132e-17
influence,4.926614671774132e-17
greece,4.874572967494828e-17
the middle,4.85722573273506e-17
katawal,4.85722573273506e-17
and led,4.85722573273506e-17
life in,4.85722573273506e-17
can not,4.85722573273506e-17
projects,4.85722573273506e-17
reindeer herders,4.85722573273506e-17
in aid,4.787836793695988e-17
toronto,4.787836793695988e-17
the nation,4.787836793695988e-17
header,4.718447854656915e-17
too,4.718447854656915e-17
for the 2010,4.718447854656915e-17
bison,4.718447854656915e-17
statue of liberty,4.718447854656915e-17
andrews,4.718447854656915e-17
and security,4.718447854656915e-17
offenses,4.718447854656915e-17
constitutional,4.718447854656915e-17
gold medal in,4.718447854656915e-17
be on,4.718447854656915e-17
served as,4.718447854656915e-17
despite their,4.718447854656915e-17
tennis,4.718447854656915e-17
out of,4.718447854656915e-17
english premier league,4.718447854656915e-17
english premier,4.718447854656915e-17
stealing,4.7141110459669734e-17
to murder,4.683753385137379e-17
businesses to,4.6810428797061654e-17
houses,4.649058915617843e-17
competitive,4.649058915617843e-17
walter,4.631711680858075e-17
pt,4.614364446098307e-17
freeport,4.614364446098307e-17
pt freeport,4.614364446098307e-17
risks,4.5796699765787705e-17
him for,4.5796699765787705e-17
second half,4.5796699765787705e-17
chase,4.5796699765787705e-17
indian,4.5796699765787705e-17
the execution,4.5796699765787705e-17
the interior,4.5796699765787705e-17
in sydney,4.5796699765787705e-17
000 and,4.5796699765787705e-17
of planning,4.5796699765787705e-17
the second half,4.5796699765787705e-17
significant increase in,4.5796699765787705e-17
themselves,4.5796699765787705e-17
purvis,4.5796699765787705e-17
the atp world,4.5796699765787705e-17
same day,4.5449755070592345e-17
the same day,4.5449755070592345e-17
ossetia,4.5102810375396984e-17
south ossetia,4.5102810375396984e-17
columbia,4.5102810375396984e-17
the air,4.5102810375396984e-17
in their,4.5102810375396984e-17
increase the,4.5102810375396984e-17
cables,4.5102810375396984e-17
million from,4.4755865680201624e-17
prosecution,4.4408920985006264e-17
her disappearance,4.4408920985006264e-17
issue,4.4408920985006264e-17
different,4.4408920985006264e-17
spanish,4.4408920985006264e-17
closely,4.4408920985006264e-17
2004,4.4408920985006264e-17
legislation,4.4408920985006264e-17
hariri,4.4408920985006264e-17
is being held,4.4408920985006264e-17
cuba,4.4408920985006264e-17
long,4.4408920985006264e-17
investigate the,4.4408920985006264e-17
lead in,4.4408920985006264e-17
applied,4.4408920985006264e-17
be returned to,4.4408920985006264e-17
28,4.4408920985006264e-17
manchester city,4.4408920985006264e-17
among the,4.4408920985006264e-17
political parties,4.4408920985006264e-17
and is seeking,4.4408920985006264e-17
attention,4.4408920985006264e-17
discovery,4.4408920985006264e-17
being the,4.4408920985006264e-17
july and,4.4408920985006264e-17
protesters who,4.4408920985006264e-17
represent,4.4408920985006264e-17
and charged,4.4408920985006264e-17
jones,4.4408920985006264e-17
the issue and,4.40619762898109e-17
robinson,4.371503159461554e-17
ruled out,4.371503159461554e-17
and one,4.371503159461554e-17
autonomous,4.3194614551822494e-17
the statue,4.302114220422482e-17
the scene,4.302114220422482e-17
visa,4.302114220422482e-17
first goal for,4.302114220422482e-17
but has not,4.302114220422482e-17
teammates,4.302114220422482e-17
lionel messi scored,4.302114220422482e-17
orange,4.302114220422482e-17
separate,4.302114220422482e-17
messi scored,4.302114220422482e-17
discussion,4.302114220422482e-17
castro,4.302114220422482e-17
the company,4.302114220422482e-17
difference between,4.232725281383409e-17
were identified as,4.2153780466236414e-17
chinese women gymnastics,4.198030811863873e-17
the chinese women,4.198030811863873e-17
women gymnastics team,4.198030811863873e-17
women gymnastics,4.198030811863873e-17
gymnastics team,4.198030811863873e-17
died after,4.163336342344337e-17
swap,4.163336342344337e-17
identified as,4.163336342344337e-17
worked,4.163336342344337e-17
saturday night,4.163336342344337e-17
latin,4.163336342344337e-17
was scheduled to,4.163336342344337e-17
for an investigation,4.163336342344337e-17
appointed,4.163336342344337e-17
death in,4.163336342344337e-17
the medical,4.163336342344337e-17
style,4.163336342344337e-17
51,4.163336342344337e-17
offense,4.163336342344337e-17
optimism,4.163336342344337e-17
planning,4.163336342344337e-17
down the,4.163336342344337e-17
judge has ordered,4.163336342344337e-17
the southern,4.128641872824801e-17
mid,4.093947403305265e-17
flynt,4.093947403305265e-17
klitschko,4.093947403305265e-17
and claimed,4.0592529337857284e-17
comedy,4.0592529337857284e-17
blamed,4.027811070783649e-17
looking to,4.0245584642661923e-17
roger federer the,4.0245584642661923e-17
need to,4.0245584642661923e-17
for information,4.0245584642661923e-17
2007 the,4.0245584642661923e-17
of the children,4.0245584642661923e-17
has expressed concern,4.0245584642661923e-17
spread to,4.0245584642661923e-17
hand,3.9638431426070045e-17
2013,3.920475055707584e-17
returning,3.903127820947816e-17
20 years,3.8857805861880476e-17
painting,3.8857805861880476e-17
and was,3.8857805861880476e-17
has led to,3.8857805861880476e-17
000 bail,3.8857805861880476e-17
iraqi,3.8857805861880476e-17
dutch,3.8857805861880476e-17
scoring the,3.8857805861880476e-17
higher,3.8857805861880476e-17
he has also,3.8857805861880476e-17
strong,3.8857805861880476e-17
year old american,3.8857805861880476e-17
designed,3.8857805861880476e-17
maine,3.8857805861880476e-17
late goal,3.8857805861880476e-17
to iraq,3.8857805861880476e-17
the clock,3.8857805861880476e-17
position,3.8857805861880476e-17
ho,3.8857805861880476e-17
struggles,3.8857805861880476e-17
the latest in,3.8857805861880476e-17
the third,3.8857805861880476e-17
nigeria,3.8857805861880476e-17
since march,3.8857805861880476e-17
top players,3.8857805861880476e-17
goal,3.8857805861880476e-17
latest in,3.8857805861880476e-17
old american,3.8857805861880476e-17
issues including,3.86843335142828e-17
convoy,3.8510861166685116e-17
the lawyer,3.8163916471489756e-17
assistance to,3.8163916471489756e-17
crisis with,3.8163916471489756e-17
for most,3.7816971776294396e-17
and the potential,3.7470027081099036e-17
colleagues,3.7470027081099036e-17
spy,3.7470027081099036e-17
the military is,3.7470027081099036e-17
relegation,3.7470027081099036e-17
loan,3.7470027081099036e-17
hiv,3.7470027081099036e-17
producer,3.7470027081099036e-17
and one of,3.7470027081099036e-17
in san,3.7383290907300194e-17
operated,3.707971429900425e-17
has withdrawn from,3.677613769070831e-17
has withdrawn,3.677613769070831e-17
20 million,3.677613769070831e-17
destruction,3.677613769070831e-17
sudan and,3.677613769070831e-17
he also,3.642919299551295e-17
high commissioner,3.6255720647915266e-17
commissioner for,3.6255720647915266e-17
high commissioner for,3.6255720647915266e-17
in iran,3.608224830031759e-17
as it,3.608224830031759e-17
hub,3.608224830031759e-17
the africa,3.608224830031759e-17
in its,3.608224830031759e-17
successful in,3.608224830031759e-17
drug cartel,3.608224830031759e-17
in 1999,3.608224830031759e-17
head of the,3.608224830031759e-17
to finish,3.608224830031759e-17
living,3.608224830031759e-17
but later,3.608224830031759e-17
denies,3.608224830031759e-17
half of the,3.573530360512223e-17
1982,3.573530360512223e-17
near the,3.573530360512223e-17
start to,3.573530360512223e-17
defense attorney,3.538835890992686e-17
have been killed,3.538835890992686e-17
in baku,3.50414142147315e-17
baku,3.50414142147315e-17
from mexico,3.50414142147315e-17
to buy,3.469446951953614e-17
at rose,3.469446951953614e-17
in third,3.469446951953614e-17
and that they,3.469446951953614e-17
at rose medical,3.469446951953614e-17
2008 and,3.469446951953614e-17
european union,3.469446951953614e-17
sharia,3.469446951953614e-17
alerts,3.469446951953614e-17
join the,3.469446951953614e-17
division,3.469446951953614e-17
soderling,3.3653635433950055e-17
product,3.348016308635238e-17
singer,3.3306690738754695e-17
midfielder,3.3306690738754695e-17
is working to,3.3306690738754695e-17
third place,3.3306690738754695e-17
practices,3.3306690738754695e-17
supreme,3.3306690738754695e-17
diplomatic,3.3306690738754695e-17
is preparing for,3.3306690738754695e-17
case of,3.3306690738754695e-17
square,3.3306690738754695e-17
mclaren,3.3306690738754695e-17
teacher,3.3306690738754695e-17
and released,3.3306690738754695e-17
are,3.3306690738754695e-17
back and,3.3306690738754695e-17
calling for,3.3306690738754695e-17
spot in,3.3306690738754695e-17
to high,3.3306690738754695e-17
return to the,3.3306690738754695e-17
old,3.3306690738754695e-17
of the city,3.3306690738754695e-17
bill clinton,3.3306690738754695e-17
the need to,3.3306690738754695e-17
brewer,3.3306690738754695e-17
hayes,3.3306690738754695e-17
but his,3.3306690738754695e-17
in russia,3.3306690738754695e-17
his match,3.3306690738754695e-17
won his match,3.3306690738754695e-17
flight,3.3306690738754695e-17
world record in,3.3306690738754695e-17
of the table,3.313321839115702e-17
was acquitted,3.2959746043559335e-17
he will face,3.2959746043559335e-17
children and,3.2742905609062234e-17
plans to return,3.2612801348363975e-17
occurred near,3.2612801348363975e-17
occurred near the,3.2612801348363975e-17
against pakistan,3.2265856653168614e-17
in 2001,3.2265856653168614e-17
serena williams the,3.191891195797325e-17
make the,3.191891195797325e-17
in north carolina,3.191891195797325e-17
the french,3.191891195797325e-17
van der,3.191891195797325e-17
rajapaksa,3.191891195797325e-17
most wanted,3.191891195797325e-17
to lead,3.157196726277789e-17
summary of,3.157196726277789e-17
summary of the,3.157196726277789e-17
summary,3.157196726277789e-17
probe,3.1485231088979046e-17
beatrice,3.122502256758253e-17
replace the,3.122502256758253e-17
the findings,3.122502256758253e-17
may have been,3.053113317719181e-17
help her,3.053113317719181e-17
ratner,3.053113317719181e-17
negotiate,3.053113317719181e-17
obama,3.053113317719181e-17
220,3.053113317719181e-17
july,3.053113317719181e-17
the european,3.053113317719181e-17
bid,3.053113317719181e-17
has offered,3.053113317719181e-17
refused,3.053113317719181e-17
mobile home,3.053113317719181e-17
to negotiate,3.053113317719181e-17
to locate,3.053113317719181e-17
climate,3.053113317719181e-17
launched an,3.053113317719181e-17
treatment for,3.053113317719181e-17
demanded,3.018418848199644e-17
in prison the,3.018418848199644e-17
will be used,3.018418848199644e-17
league group stage,3.018418848199644e-17
expanding,2.983724378680108e-17
the department of,2.983724378680108e-17
89,2.983724378680108e-17
kenyan government,2.983724378680108e-17
arnoldo rueda medina,2.9663771439203404e-17
rueda,2.9663771439203404e-17
rueda medina,2.9663771439203404e-17
arnoldo rueda,2.9663771439203404e-17
arnoldo,2.9663771439203404e-17
medina,2.9663771439203404e-17
digital,2.914335439641036e-17
relationships,2.914335439641036e-17
pounds,2.914335439641036e-17
the bodies,2.914335439641036e-17
iran has,2.914335439641036e-17
vettel,2.914335439641036e-17
refugees and,2.914335439641036e-17
the news,2.8796409701215e-17
barrett,2.860125331016761e-17
blocked,2.8449465006019634e-17
officers the,2.8449465006019634e-17
gathered in,2.8449465006019634e-17
000 residents,2.8449465006019634e-17
unhcr,2.8449465006019634e-17
protests were,2.7755575615628914e-17
the un has,2.7755575615628914e-17
moved to,2.7755575615628914e-17
munich,2.7755575615628914e-17
consulate in,2.7755575615628914e-17
reform,2.7755575615628914e-17
turks,2.7755575615628914e-17
boat,2.7755575615628914e-17
to two,2.7755575615628914e-17
ki moon has,2.7755575615628914e-17
the dubai,2.7755575615628914e-17
first time,2.7755575615628914e-17
marijuana,2.7755575615628914e-17
replacing,2.7755575615628914e-17
in juarez,2.7755575615628914e-17
being held,2.7755575615628914e-17
demjanjuk,2.7755575615628914e-17
accounts,2.7755575615628914e-17
she also,2.7755575615628914e-17
there was,2.7755575615628914e-17
turks and,2.7755575615628914e-17
caicos,2.7755575615628914e-17
the driver,2.7755575615628914e-17
turks and caicos,2.7755575615628914e-17
by the european,2.7755575615628914e-17
do,2.7755575615628914e-17
and caicos,2.7755575615628914e-17
colombo,2.7755575615628914e-17
of 18,2.7755575615628914e-17
pride,2.7755575615628914e-17
holyfield,2.7755575615628914e-17
the report,2.7755575615628914e-17
moon has,2.7755575615628914e-17
she did not,2.7755575615628914e-17
un has,2.7755575615628914e-17
resume,2.7755575615628914e-17
accusing,2.7755575615628914e-17
scoring the winning,2.7473683050782683e-17
and set,2.7408630920433553e-17
city in,2.7321894746634712e-17
leader of the,2.723515857283587e-17
look,2.706168622523819e-17
the streets,2.706168622523819e-17
incident occurred after,2.706168622523819e-17
22 year old,2.6367796834847467e-17
myanmar,2.6367796834847467e-17
the navy,2.6367796834847467e-17
22 year,2.6367796834847467e-17
world war ii,2.6367796834847467e-17
the founder,2.6367796834847467e-17
to move,2.6367796834847467e-17
round of the,2.6367796834847467e-17
war ii,2.6367796834847467e-17
aid worker,2.6367796834847467e-17
and women,2.6020852139652106e-17
chances,2.6020852139652106e-17
merkel,2.6020852139652106e-17
turn,2.5673907444456746e-17
to assist,2.5673907444456746e-17
the victims were,2.5673907444456746e-17
homeland,2.5673907444456746e-17
the second time,2.5673907444456746e-17
questioning,2.4980018054066023e-17
claimed to,2.4980018054066023e-17
has said that,2.4980018054066023e-17
woman was,2.4980018054066023e-17
january and,2.4980018054066023e-17
two nations,2.4980018054066023e-17
calling it,2.4980018054066023e-17
navy,2.4980018054066023e-17
and pakistan,2.4980018054066023e-17
diagnosed,2.4980018054066023e-17
year contract with,2.4980018054066023e-17
medical center,2.4980018054066023e-17
be sentenced,2.4980018054066023e-17
the two nations,2.4980018054066023e-17
for his role,2.4980018054066023e-17
cell phone,2.4980018054066023e-17
diverse,2.4980018054066023e-17
lawmakers,2.4980018054066023e-17
obama administration,2.4980018054066023e-17
stay in,2.4980018054066023e-17
tomas,2.4980018054066023e-17
over 30,2.4980018054066023e-17
and worked,2.4806545706468343e-17
tylenol,2.42861286636753e-17
launch of,2.42861286636753e-17
repeal,2.42861286636753e-17
the central,2.42861286636753e-17
drew with,2.393918396847994e-17
protect the,2.393918396847994e-17
stay,2.3592239273284576e-17
runoff,2.3592239273284576e-17
bowl,2.3592239273284576e-17
to take place,2.3592239273284576e-17
neville,2.3592239273284576e-17
the past two,2.2898349882893852e-17
at home,2.2898349882893852e-17
extradited to,2.2898349882893852e-17
the arctic,2.2898349882893852e-17
past two,2.2898349882893852e-17
favors,2.2898349882893852e-17
extradited,2.2898349882893852e-17
500 000,2.2551405187698492e-17
other offenses,2.2269512622852262e-17
and other offenses,2.2269512622852262e-17
neighborhood,2.2204460492503132e-17
his alleged,2.2204460492503132e-17
were part,2.2204460492503132e-17
were part of,2.2204460492503132e-17
participate,2.2204460492503132e-17
to visit,2.2204460492503132e-17
on sunday and,2.2204460492503132e-17
users to,2.2204460492503132e-17
opened,2.2204460492503132e-17
died,2.2204460492503132e-17
sell,2.2204460492503132e-17
foreign ministry,2.2204460492503132e-17
presidential election,2.2204460492503132e-17
aged,2.2204460492503132e-17
device,2.2204460492503132e-17
the international community,2.2204460492503132e-17
criminal prosecution,2.2204460492503132e-17
737,2.2204460492503132e-17
for them,2.2204460492503132e-17
receiving,2.2204460492503132e-17
thierry henry,2.2204460492503132e-17
accused of being,2.2204460492503132e-17
in the state,2.2204460492503132e-17
report by,2.2204460492503132e-17
thierry,2.2204460492503132e-17
months and,2.2204460492503132e-17
leader in,2.2204460492503132e-17
also mentions,2.2204460492503132e-17
top of the,2.2204460492503132e-17
innocent,2.2204460492503132e-17
aclu,2.2204460492503132e-17
owned,2.2204460492503132e-17
priority,2.2204460492503132e-17
yet,2.2204460492503132e-17
stated that there,2.2204460492503132e-17
ice,2.2204460492503132e-17
cowboys,2.185751579730777e-17
cia,2.151057110211241e-17
travelers,2.151057110211241e-17
emphasized the importance,2.151057110211241e-17
out to,2.151057110211241e-17
popular,2.151057110211241e-17
evidence to,2.151057110211241e-17
chemicals,2.1380466841414146e-17
daughter caylee,2.1250362580715887e-17
25 year,2.1250362580715887e-17
supplies,2.0816681711721685e-17
undercover,2.0816681711721685e-17
decline,2.0816681711721685e-17
stations,2.0816681711721685e-17
portland,2.0816681711721685e-17
fallen,2.0816681711721685e-17
of its,2.0816681711721685e-17
from the city,2.0816681711721685e-17
kevin,2.0816681711721685e-17
new government,2.0816681711721685e-17
family is,2.0816681711721685e-17
lomu,2.0816681711721685e-17
dropped,2.0122792321330962e-17
research and,1.97758476261356e-17
south africa and,1.95590071916385e-17
somalia,1.9428902930940238e-17
staff,1.9428902930940238e-17
counts,1.9428902930940238e-17
interior,1.9428902930940238e-17
ready,1.9428902930940238e-17
the uk and,1.9428902930940238e-17
and black,1.9428902930940238e-17
bahrain,1.9428902930940238e-17
old son,1.9428902930940238e-17
the violence in,1.9428902930940238e-17
nadia,1.9428902930940238e-17
the conflict in,1.9428902930940238e-17
philadelphia,1.9428902930940238e-17
denied the,1.9428902930940238e-17
earthquake and,1.9428902930940238e-17
days of,1.9428902930940238e-17
dakar,1.9428902930940238e-17
kind,1.9428902930940238e-17
sparked by,1.9428902930940238e-17
punishment,1.9428902930940238e-17
president obama has,1.9428902930940238e-17
needs to,1.9428902930940238e-17
confidence,1.9428902930940238e-17
conspiring to,1.9081958235744878e-17
joran,1.8735013540549518e-17
joran van,1.8735013540549518e-17
soderling in,1.8735013540549518e-17
the protesters,1.8735013540549518e-17
joran van der,1.8735013540549518e-17
investment in,1.8041124150158794e-17
the resignation of,1.8041124150158794e-17
wave,1.8041124150158794e-17
odor,1.8041124150158794e-17
the rest of,1.8041124150158794e-17
resignation of,1.8041124150158794e-17
senior,1.8041124150158794e-17
rest of,1.8041124150158794e-17
and others,1.769417945496343e-17
believed to,1.734723475976807e-17
email,1.734723475976807e-17
and afghan,1.734723475976807e-17
2005 the,1.734723475976807e-17
sentence of,1.734723475976807e-17
grenades,1.734723475976807e-17
has reported,1.734723475976807e-17
the quarterfinals,1.7217130499069812e-17
player and,1.700029006457271e-17
role as,1.6826817716975028e-17
survived,1.6653345369377347e-17
suggested that,1.6653345369377347e-17
has denied the,1.6653345369377347e-17
were met,1.6653345369377347e-17
class,1.6653345369377347e-17
pirelli,1.6653345369377347e-17
optimistic about,1.6653345369377347e-17
missing in,1.6653345369377347e-17
optimistic,1.6653345369377347e-17
the federation,1.6653345369377347e-17
support the,1.6653345369377347e-17
forest,1.6653345369377347e-17
postponed,1.6653345369377347e-17
conspiracy,1.6653345369377347e-17
to pay,1.6653345369377347e-17
charges,1.6653345369377347e-17
chief of,1.6653345369377347e-17
mohammed,1.6653345369377347e-17
has condemned,1.6653345369377347e-17
zimbabwe has,1.6653345369377347e-17
supporters of,1.6653345369377347e-17
enter,1.6653345369377347e-17
tripoli,1.6653345369377347e-17
list of,1.6653345369377347e-17
dr,1.6653345369377347e-17
was due,1.6653345369377347e-17
the affair,1.6653345369377347e-17
yang,1.6653345369377347e-17
skills,1.6653345369377347e-17
cardinals,1.6653345369377347e-17
and can,1.6653345369377347e-17
julio,1.6609977282477927e-17
of 89,1.656660919557851e-17
government is working,1.645818897832996e-17
stated that,1.6306400674181987e-17
and american,1.5959455978986624e-17
displaced people,1.5959455978986624e-17
the opportunity to,1.5959455978986624e-17
fine of,1.5959455978986624e-17
carlos tevez,1.5265566588595904e-17
the fastest time,1.5265566588595904e-17
covered,1.5265566588595904e-17
the icc,1.5265566588595904e-17
owners,1.5265566588595904e-17
fastest time,1.5265566588595904e-17
new constitution,1.491862189340054e-17
explosives,1.491862189340054e-17
eye,1.457167719820518e-17
israel,1.457167719820518e-17
them the,1.4268100589909238e-17
29 year old,1.4224732503009817e-17
29 year,1.4224732503009817e-17
to replace,1.3877787807814457e-17
work with,1.3877787807814457e-17
innovative,1.3877787807814457e-17
organized by the,1.3877787807814457e-17
in series of,1.3877787807814457e-17
in series,1.3877787807814457e-17
regular,1.3877787807814457e-17
hopes to,1.3877787807814457e-17
increased security,1.3877787807814457e-17
rape,1.3877787807814457e-17
swann,1.3877787807814457e-17
and three,1.3877787807814457e-17
hospital has,1.3530843112619095e-17
security council has,1.3183898417423733e-17
citizenship,1.3183898417423733e-17
murder and,1.3183898417423733e-17
two,1.3183898417423733e-17
kim clijsters,1.3183898417423733e-17
peruvian air,1.2836953722228373e-17
mdc,1.2836953722228373e-17
peruvian air force,1.2836953722228373e-17
to escape,1.2836953722228373e-17
town of,1.2490009027033011e-17
the latest,1.2490009027033011e-17
shabaab,1.2490009027033011e-17
to last,1.2490009027033011e-17
al shabaab,1.2490009027033011e-17
warnings,1.231653667943533e-17
are searching,1.231653667943533e-17
doing,1.214306433183765e-17
forms,1.2023802092864245e-17
right,1.1796119636642288e-17
the italian,1.1102230246251566e-17
language,1.1102230246251566e-17
13 year,1.1102230246251566e-17
believe,1.1102230246251566e-17
text,1.1102230246251566e-17
president elect barack,1.1102230246251566e-17
united states and,1.1102230246251566e-17
cave,1.1102230246251566e-17
the mother,1.1102230246251566e-17
passed,1.1102230246251566e-17
fidel,1.1102230246251566e-17
fidel castro,1.1102230246251566e-17
museum,1.1102230246251566e-17
northern,1.1102230246251566e-17
unknown,1.1102230246251566e-17
the indictment,1.1102230246251566e-17
in northwest,1.1102230246251566e-17
win over,1.1102230246251566e-17
to accept,1.1102230246251566e-17
of congress,1.1102230246251566e-17
sailors,1.1102230246251566e-17
countries and,1.1102230246251566e-17
southern,1.1102230246251566e-17
shut down,1.1102230246251566e-17
which are,1.1102230246251566e-17
mother of,1.1102230246251566e-17
to recover,1.1102230246251566e-17
elect barack obama,1.1102230246251566e-17
related violence in,1.1102230246251566e-17
elect barack,1.1102230246251566e-17
become the first,1.1102230246251566e-17
with other,1.1102230246251566e-17
will have,1.1015494072452724e-17
200 million,1.0755285551056204e-17
tensions and,1.0755285551056204e-17
remembered,1.0408340855860843e-17
civil rights,1.0408340855860843e-17
injury time,1.0364972768961422e-17
condition the,1.0061396160665481e-17
years ago,1.0061396160665481e-17
chicago,9.714451465470119e-18
in good,9.714451465470119e-18
immigrants from,9.714451465470119e-18
place in the,9.714451465470119e-18
to those,9.714451465470119e-18
300 000 people,9.714451465470119e-18
third consecutive,9.714451465470119e-18
his family and,9.714451465470119e-18
disagreements,9.714451465470119e-18
with murder and,9.714451465470119e-18
began in 2003,9.714451465470119e-18
terror,9.714451465470119e-18
hundreds of people,9.367506770274759e-18
same,9.020562075079397e-18
route,9.020562075079397e-18
couples,9.020562075079397e-18
46,8.847089727481716e-18
house and,8.673617379884035e-18
distribution,8.500145032286355e-18
he has been,8.326672684688674e-18
trauma,8.326672684688674e-18
quality of life,8.326672684688674e-18
cannabis,8.326672684688674e-18
pardo,8.326672684688674e-18
iceland,8.326672684688674e-18
investing in,8.326672684688674e-18
saudi arabia,8.326672684688674e-18
arabia,8.326672684688674e-18
face either,8.326672684688674e-18
to neighboring,8.326672684688674e-18
has expressed concerns,8.326672684688674e-18
valuable,8.326672684688674e-18
olbermann,8.326672684688674e-18
his decision to,8.326672684688674e-18
are working,8.326672684688674e-18
marks the first,8.326672684688674e-18
found that the,8.153200337090994e-18
last month,7.632783294297952e-18
pushed,7.632783294297952e-18
camp in,7.632783294297952e-18
beach,7.45931094670027e-18
future of,6.938893903907228e-18
alleges that,6.938893903907228e-18
uncertain,6.938893903907228e-18
containing,6.938893903907228e-18
district court,6.938893903907228e-18
rather than,6.938893903907228e-18
the future of,6.938893903907228e-18
championship in,6.938893903907228e-18
closure,6.938893903907228e-18
hamid,6.938893903907228e-18
rumors,6.938893903907228e-18
to establish,6.938893903907228e-18
ismail,6.7654215563095475e-18
burning,5.724587470723463e-18
deaths and,5.551115123125783e-18
authorities the,5.551115123125783e-18
cross border,5.551115123125783e-18
relief efforts,5.551115123125783e-18
wrongdoing,5.551115123125783e-18
trees,5.551115123125783e-18
and had been,5.551115123125783e-18
upset,5.551115123125783e-18
with three,5.551115123125783e-18
task,5.551115123125783e-18
is on,5.551115123125783e-18
was about,5.551115123125783e-18
while others,5.551115123125783e-18
cleopatra,5.551115123125783e-18
his death,5.551115123125783e-18
however some,5.551115123125783e-18
which has led,5.551115123125783e-18
competing,5.551115123125783e-18
role of,5.551115123125783e-18
is suspected of,5.551115123125783e-18
significant damage to,5.551115123125783e-18
the violence,5.551115123125783e-18
to potential,5.551115123125783e-18
ramadan,5.551115123125783e-18
implement,5.551115123125783e-18
buildings and,5.551115123125783e-18
700,5.551115123125783e-18
behind,5.551115123125783e-18
in the death,5.551115123125783e-18
tennis player,5.551115123125783e-18
accusations,5.551115123125783e-18
event was,5.551115123125783e-18
olten was,5.551115123125783e-18
1992,5.204170427930421e-18
dominican,5.204170427930421e-18
vera zvonareva,4.8572257327350596e-18
alleged involvement,4.8572257327350596e-18
1989,4.8572257327350596e-18
alleged involvement in,4.8572257327350596e-18
petroleum,4.8572257327350596e-18
pakistani lawyer,4.8572257327350596e-18
harassment,4.163336342344337e-18
since 2003,4.163336342344337e-18
mass,4.163336342344337e-18
the police are,4.163336342344337e-18
feel,4.163336342344337e-18
came from,4.163336342344337e-18
bay,4.163336342344337e-18
has returned,4.163336342344337e-18
the project,4.163336342344337e-18
cabinet,4.163336342344337e-18
fighting the,4.163336342344337e-18
to carry,4.163336342344337e-18
cricket,3.469446951953614e-18
about the incident,3.469446951953614e-18
to the second,3.469446951953614e-18
surprised,3.469446951953614e-18
has launched an,3.469446951953614e-18
not in,3.122502256758253e-18
the year,3.122502256758253e-18
were found,2.7755575615628915e-18
mcneley,2.7755575615628915e-18
in need of,2.7755575615628915e-18
southeast,2.7755575615628915e-18
valles,2.7755575615628915e-18
experiment,2.7755575615628915e-18
groupon,2.7755575615628915e-18
form of,2.7755575615628915e-18
need of,2.7755575615628915e-18
of winning,2.7755575615628915e-18
of high,2.7755575615628915e-18
culture,2.7755575615628915e-18
22,2.7755575615628915e-18
released the,2.7755575615628915e-18
jenny,2.7755575615628915e-18
the operation is,2.7755575615628915e-18
operation is,2.7755575615628915e-18
in atlanta,2.7755575615628915e-18
engineering,2.4990860075790878e-18
rose medical,2.4286128663675298e-18
40 000,2.4286128663675298e-18
rose medical center,2.4286128663675298e-18
it is unclear,2.0816681711721684e-18
conflicts,2.0816681711721684e-18
leaks,2.0816681711721684e-18
the epidemic,2.0816681711721684e-18
the director,1.3877787807814458e-18
the eastern,1.3877787807814458e-18
blast,1.3877787807814458e-18
police are investigating,1.3877787807814458e-18
saudi,1.3877787807814458e-18
million with,1.3877787807814458e-18
heading,8.673617379884035e-19
magnitude earthquake,8.673617379884035e-19
cast,6.938893903907229e-19
on monday and,3.4694469519536144e-19
result of,3.4694469519536144e-19
two people and,3.4694469519536144e-19
the team to,0.0
not be,0.0
been working,0.0
the service,0.0
in africa,0.0
occurred on,0.0
hospital in,0.0
west,0.0
list,0.0
two men,0.0
customs,0.0
has apologized,0.0
of it,0.0
the future,0.0
reason,0.0
exhibit,0.0
future,0.0
with the taliban,0.0
machine,0.0
in game,0.0
quality of,0.0
in the caribbean,0.0
argued that,0.0
court the,0.0
to defend,0.0
robert mugabe,0.0
the space,0.0
working to,0.0
the report also,0.0
islam,0.0
us government,-6.938893903907229e-19
the ground,-8.673617379884035e-19
bodies of,-1.0408340855860842e-18
in the opening,-1.0408340855860842e-18
nasser al,-1.3877787807814458e-18
crisis,-1.3877787807814458e-18
the destruction,-1.3877787807814458e-18
england,-1.3877787807814458e-18
militant group,-1.3877787807814458e-18
the destruction of,-1.3877787807814458e-18
follow,-1.3877787807814458e-18
off for,-1.3877787807814458e-18
nasser,-1.3877787807814458e-18
death for,-1.3877787807814458e-18
artificial,-1.3877787807814458e-18
iran to,-1.474514954580286e-18
existing,-1.734723475976807e-18
been missing since,-2.0816681711721684e-18
missing since,-2.0816681711721684e-18
may not be,-2.168404344971009e-18
the night,-2.2551405187698493e-18
government in,-2.2551405187698493e-18
over an,-2.3418766925686897e-18
the most,-2.4286128663675298e-18
requirement,-2.4286128663675298e-18
has been part,-2.7755575615628915e-18
they do,-2.7755575615628915e-18
robbery,-2.7755575615628915e-18
construction of,-2.7755575615628915e-18
notes that,-2.7755575615628915e-18
since the,-2.7755575615628915e-18
change the,-2.7755575615628915e-18
lawyers,-2.7755575615628915e-18
known for its,-2.7755575615628915e-18
express,-2.7755575615628915e-18
been the,-2.7755575615628915e-18
the first day,-2.7755575615628915e-18
fraud the,-2.7755575615628915e-18
league group,-2.7755575615628915e-18
shelf,-2.7755575615628915e-18
detained,-2.7755575615628915e-18
the poll also,-3.469446951953614e-18
the missing,-3.469446951953614e-18
poll also,-3.469446951953614e-18
she was found,-3.469446951953614e-18
searching,-3.469446951953614e-18
angel,-4.163336342344337e-18
israel and,-4.163336342344337e-18
of interest,-4.163336342344337e-18
serve as,-4.163336342344337e-18
gael monfils,-4.163336342344337e-18
1988,-4.163336342344337e-18
2005 and,-4.163336342344337e-18
regime,-4.163336342344337e-18
suspected of being,-4.163336342344337e-18
honor its international,-4.163336342344337e-18
the kenyan government,-4.5428071027142634e-18
michoacan,-4.8572257327350596e-18
an average,-4.8572257327350596e-18
to discuss the,-4.8572257327350596e-18
will take place,-4.8572257327350596e-18
61,-4.8572257327350596e-18
affected by,-5.0306980803327404e-18
crescent,-5.204170427930421e-18
guardian,-5.551115123125783e-18
secretary general,-5.551115123125783e-18
and she,-5.551115123125783e-18
original,-5.551115123125783e-18
also criticized,-5.551115123125783e-18
fleeing,-5.551115123125783e-18
of several,-5.551115123125783e-18
were fired,-5.551115123125783e-18
ross,-5.551115123125783e-18
authorities have arrested,-5.551115123125783e-18
shen,-5.551115123125783e-18
adapt to,-5.551115123125783e-18
one point,-5.551115123125783e-18
the forest,-5.551115123125783e-18
unidentified,-5.551115123125783e-18
the table,-5.551115123125783e-18
expressing,-5.551115123125783e-18
adapt,-5.551115123125783e-18
one year,-5.551115123125783e-18
the emergency,-5.551115123125783e-18
power,-5.551115123125783e-18
fought,-5.551115123125783e-18
iraq the,-5.551115123125783e-18
statements,-5.551115123125783e-18
about her,-5.551115123125783e-18
the cause of,-5.551115123125783e-18
vaccines,-5.551115123125783e-18
in 2004,-5.551115123125783e-18
the event was,-5.551115123125783e-18
rise in,-5.551115123125783e-18
show the,-5.551115123125783e-18
the trial,-5.551115123125783e-18
french open,-5.551115123125783e-18
tottenham,-5.876375774871434e-18
emmanuel,-5.898059818321144e-18
workers and,-6.071532165918825e-18
aristide,-6.245004513516506e-18
against iran,-6.245004513516506e-18
parole,-6.245004513516506e-18
labor,-6.245004513516506e-18
to qualify,-6.591949208711867e-18
final of the,-6.938893903907228e-18
his third,-6.938893903907228e-18
pratchett,-6.938893903907228e-18
contributed to the,-6.938893903907228e-18
independence day,-6.938893903907228e-18
final of,-6.938893903907228e-18
and displaced,-6.938893903907228e-18
decided to,-6.938893903907228e-18
francisco,-6.938893903907228e-18
four,-6.938893903907228e-18
he was convicted,-6.938893903907228e-18
organized,-6.938893903907228e-18
new role,-6.938893903907228e-18
is calling,-6.938893903907228e-18
cup of,-6.938893903907228e-18
is calling for,-6.938893903907228e-18
affair with,-7.28583859910259e-18
the city of,-7.632783294297952e-18
in peshawar,-7.632783294297952e-18
decisions,-7.632783294297952e-18
and fine of,-7.806255641895632e-18
and fine,-7.806255641895632e-18
investigation which,-8.326672684688674e-18
were able,-8.326672684688674e-18
called the,-8.326672684688674e-18
the british,-8.326672684688674e-18
in the champions,-8.326672684688674e-18
advancing,-8.326672684688674e-18
were able to,-8.326672684688674e-18
ceasefire,-8.326672684688674e-18
to use the,-8.326672684688674e-18
semifinals with,-8.326672684688674e-18
civilians,-8.326672684688674e-18
earlier,-8.326672684688674e-18
he was arrested,-8.326672684688674e-18
wreckage,-8.326672684688674e-18
after he,-8.326672684688674e-18
office for,-8.326672684688674e-18
fill,-8.673617379884035e-18
mayumi,-8.847089727481716e-18
located in,-9.020562075079397e-18
unemployment,-9.020562075079397e-18
governments,-9.194034422677077e-18
reigning,-9.410874857174178e-18
in somalia,-9.714451465470119e-18
and is being,-9.714451465470119e-18
uncle,-9.714451465470119e-18
the tribunal,-9.714451465470119e-18
mark webber,-9.714451465470119e-18
iranian consulate in,-9.714451465470119e-18
the goal of,-9.714451465470119e-18
in the last,-9.714451465470119e-18
month the,-9.714451465470119e-18
the goal is,-9.714451465470119e-18
guantanamo,-9.8879238130678e-18
to win the,-1.0061396160665481e-17
olympic gold,-1.0061396160665481e-17
make it,-1.0408340855860843e-17
needed to,-1.0581813203458523e-17
trains,-1.0711917464156783e-17
and chad,-1.0755285551056204e-17
sudan and chad,-1.0755285551056204e-17
investigation,-1.1102230246251566e-17
criticism for,-1.1102230246251566e-17
location of,-1.1102230246251566e-17
leaves,-1.1102230246251566e-17
plant,-1.1102230246251566e-17
the high,-1.1102230246251566e-17
percent,-1.1102230246251566e-17
program which,-1.1102230246251566e-17
of 12,-1.1102230246251566e-17
headquarters,-1.1102230246251566e-17
in the case,-1.1102230246251566e-17
months of,-1.1102230246251566e-17
survey,-1.1102230246251566e-17
animals,-1.1102230246251566e-17
was killed,-1.1102230246251566e-17
titles and,-1.1102230246251566e-17
000 for,-1.1102230246251566e-17
and crew,-1.1102230246251566e-17
died in,-1.1102230246251566e-17
after defeating,-1.1102230246251566e-17
criticized the,-1.1102230246251566e-17
found with,-1.1102230246251566e-17
gabon,-1.1102230246251566e-17
anti,-1.1102230246251566e-17
concerns about,-1.1102230246251566e-17
ongoing with,-1.1102230246251566e-17
to offer,-1.1102230246251566e-17
murder,-1.1102230246251566e-17
in san francisco,-1.1188966420050406e-17
to organized,-1.1275702593849246e-17
to organized crime,-1.1275702593849246e-17
also advanced,-1.1449174941446926e-17
city has,-1.1449174941446926e-17
rate,-1.1796119636642288e-17
her year,-1.1796119636642288e-17
not confirmed,-1.1796119636642288e-17
pro democracy,-1.1796119636642288e-17
leak,-1.1796119636642288e-17
her year old,-1.1796119636642288e-17
plagued by,-1.1796119636642288e-17
meet its,-1.2099696244938229e-17
has declared,-1.2490009027033011e-17
chances of,-1.2490009027033011e-17
that the state,-1.2490009027033011e-17
joe biden,-1.3097162243624893e-17
the kidnapping of,-1.3183898417423733e-17
been involved,-1.3530843112619095e-17
brings,-1.3530843112619095e-17
and crimes against,-1.3704315460216777e-17
crimes and crimes,-1.3704315460216777e-17
and crimes,-1.3704315460216777e-17
for human rights,-1.3877787807814457e-17
accelerator,-1.3877787807814457e-17
peninsula,-1.3877787807814457e-17
the network,-1.3877787807814457e-17
to combat the,-1.3877787807814457e-17
for human,-1.3877787807814457e-17
richards,-1.3877787807814457e-17
islamic,-1.3877787807814457e-17
has been appointed,-1.3877787807814457e-17
the french government,-1.3877787807814457e-17
been appointed,-1.3877787807814457e-17
landau,-1.3877787807814457e-17
has been charged,-1.4051260155412137e-17
fraudulent,-1.448494102440634e-17
bart,-1.457167719820518e-17
house arrest,-1.457167719820518e-17
bradley,-1.457167719820518e-17
siddiqui,-1.474514954580286e-17
and is the,-1.491862189340054e-17
administration has,-1.491862189340054e-17
villages,-1.491862189340054e-17
president robert,-1.5265566588595904e-17
have led,-1.5265566588595904e-17
mexico city,-1.5265566588595904e-17
president robert mugabe,-1.5265566588595904e-17
have led to,-1.5265566588595904e-17
situation and,-1.5265566588595904e-17
permission,-1.5265566588595904e-17
earlier this,-1.5265566588595904e-17
the election,-1.5265566588595904e-17
conspiracy to murder,-1.5265566588595904e-17
were reported the,-1.5265566588595904e-17
hear,-1.5612511283791264e-17
accused,-1.5742615544489523e-17
tokyo,-1.5959455978986624e-17
confident that,-1.5959455978986624e-17
technology,-1.6002824065886045e-17
by its,-1.6219664500383146e-17
rafael nadal,-1.6306400674181987e-17
12 million,-1.656660919557851e-17
queen elizabeth,-1.6653345369377347e-17
freestyle,-1.6653345369377347e-17
crown,-1.6653345369377347e-17
to strengthen,-1.6653345369377347e-17
york,-1.6653345369377347e-17
the pakistani,-1.6653345369377347e-17
resulted in at,-1.6653345369377347e-17
hudson,-1.6653345369377347e-17
has denied,-1.6653345369377347e-17
90,-1.6653345369377347e-17
resolve the,-1.6653345369377347e-17
authenticity,-1.6653345369377347e-17
the district,-1.6653345369377347e-17
new york,-1.6653345369377347e-17
school district,-1.6653345369377347e-17
discworld,-1.6653345369377347e-17
okah,-1.6653345369377347e-17
government to,-1.6653345369377347e-17
dozens,-1.6653345369377347e-17
gael,-1.6653345369377347e-17
them with,-1.700029006457271e-17
account,-1.734723475976807e-17
nelson,-1.734723475976807e-17
that an,-1.7433970933566913e-17
in other matches,-1.769417945496343e-17
in second,-1.769417945496343e-17
improve his,-1.7954387976359953e-17
that some,-1.8041124150158794e-17
orlando,-1.8041124150158794e-17
showing,-1.8041124150158794e-17
of christians,-1.8041124150158794e-17
breach,-1.8041124150158794e-17
shops,-1.8041124150158794e-17
24 year old,-1.8041124150158794e-17
backed,-1.8041124150158794e-17
24 year,-1.8041124150158794e-17
been held,-1.8041124150158794e-17
life sentence,-1.8041124150158794e-17
past three,-1.8041124150158794e-17
event in,-1.8041124150158794e-17
warrant,-1.8041124150158794e-17
to four,-1.8041124150158794e-17
the past three,-1.8041124150158794e-17
crime in,-1.8041124150158794e-17
us to,-1.8388068845354155e-17
the us to,-1.8388068845354155e-17
lahore,-1.8735013540549518e-17
kurdistan gas city,-1.8735013540549518e-17
birmingham,-1.8735013540549518e-17
kurdistan gas,-1.8735013540549518e-17
gas city,-1.8735013540549518e-17
burglary,-1.8735013540549518e-17
in july,-1.9081958235744878e-17
knockout,-1.9081958235744878e-17
to achieve,-1.9212062496443137e-17
were in,-1.9255430583342558e-17
disciplinary action from,-1.9255430583342558e-17
in london,-1.9428902930940238e-17
team to,-1.9428902930940238e-17
assist,-1.9428902930940238e-17
re,-1.9428902930940238e-17
in front,-1.9428902930940238e-17
to be announced,-1.9428902930940238e-17
victims were,-1.9428902930940238e-17
performing,-1.9428902930940238e-17
exposure,-1.9428902930940238e-17
the civil war,-1.9428902930940238e-17
retire,-1.9428902930940238e-17
hassan,-1.9428902930940238e-17
average of,-1.9428902930940238e-17
guests,-1.9428902930940238e-17
sentencing,-1.9428902930940238e-17
to end,-1.9428902930940238e-17
hero,-1.97758476261356e-17
won the women,-1.97758476261356e-17
several other,-1.986258379993444e-17
letters,-2.0122792321330962e-17
riots,-2.0122792321330962e-17
younger,-2.0296264668928642e-17
passenger,-2.065405138584886e-17
bilbao,-2.0816681711721685e-17
journalist,-2.0816681711721685e-17
of state hillary,-2.0816681711721685e-17
displacement,-2.0816681711721685e-17
bin laden,-2.0816681711721685e-17
anyone,-2.0816681711721685e-17
to advance,-2.0816681711721685e-17
threat,-2.0816681711721685e-17
worked with,-2.0816681711721685e-17
state hillary,-2.0816681711721685e-17
from her,-2.0816681711721685e-17
state hillary clinton,-2.0816681711721685e-17
the study,-2.0816681711721685e-17
the fighting,-2.0990154059319365e-17
support and,-2.151057110211241e-17
is also accused,-2.151057110211241e-17
the city has,-2.203098814490545e-17
one shot,-2.2204460492503132e-17
camera,-2.2204460492503132e-17
unique,-2.2204460492503132e-17
sending,-2.2204460492503132e-17
cards,-2.2204460492503132e-17
bernard,-2.2204460492503132e-17
sea,-2.2204460492503132e-17
mizuno,-2.2204460492503132e-17
blackburn,-2.2204460492503132e-17
and five,-2.2204460492503132e-17
federal judge,-2.2204460492503132e-17
arrived,-2.2204460492503132e-17
39,-2.2204460492503132e-17
house of,-2.2204460492503132e-17
played for,-2.2204460492503132e-17
content,-2.2204460492503132e-17
zimbabwe,-2.2204460492503132e-17
known for his,-2.2204460492503132e-17
la cruz,-2.2204460492503132e-17
qualify for,-2.2204460492503132e-17
defending,-2.2204460492503132e-17
arrest,-2.2204460492503132e-17
duty,-2.2204460492503132e-17
hit the,-2.2204460492503132e-17
protect,-2.2204460492503132e-17
drug related,-2.2204460492503132e-17
maximum sentence,-2.2204460492503132e-17
managed to,-2.2204460492503132e-17
icelandic,-2.2204460492503132e-17
had two,-2.2204460492503132e-17
is popular,-2.2204460492503132e-17
de la cruz,-2.2204460492503132e-17
is experiencing,-2.2204460492503132e-17
possibly,-2.2204460492503132e-17
the first goal,-2.2204460492503132e-17
the fight against,-2.2204460492503132e-17
59,-2.2204460492503132e-17
conflict between,-2.2204460492503132e-17
also known,-2.2204460492503132e-17
taliban,-2.2204460492503132e-17
astronaut,-2.2204460492503132e-17
for manchester,-2.2377932840100812e-17
monday and,-2.2377932840100812e-17
order,-2.2551405187698492e-17
were taken to,-2.2724877535296172e-17
niger,-2.2898349882893852e-17
destruction of,-2.2898349882893852e-17
in office,-2.3245294578089216e-17
home park,-2.3245294578089216e-17
the end,-2.3592239273284576e-17
federer who,-2.3592239273284576e-17
in straight,-2.3592239273284576e-17
leadership,-2.3592239273284576e-17
who won the,-2.3592239273284576e-17
zaire,-2.3592239273284576e-17
of the most,-2.3592239273284576e-17
effie,-2.3592239273284576e-17
el,-2.3592239273284576e-17
and was later,-2.3592239273284576e-17
targeting,-2.3592239273284576e-17
in straight sets,-2.3592239273284576e-17
approval,-2.3592239273284576e-17
on board,-2.3852447794681098e-17
connection with the,-2.42861286636753e-17
fired,-2.463307335887066e-17
family has,-2.4980018054066023e-17
eastern,-2.4980018054066023e-17
found in,-2.4980018054066023e-17
has pledged,-2.4980018054066023e-17
reports that,-2.4980018054066023e-17
un secretary general,-2.4980018054066023e-17
the album,-2.4980018054066023e-17
the right,-2.4980018054066023e-17
been ordered,-2.4980018054066023e-17
of money,-2.4980018054066023e-17
un secretary,-2.4980018054066023e-17
rebel,-2.4980018054066023e-17
davenport,-2.4980018054066023e-17
brooks,-2.4980018054066023e-17
been ordered to,-2.4980018054066023e-17
the 100m,-2.4980018054066023e-17
who is the,-2.4980018054066023e-17
impact on,-2.4980018054066023e-17
afghanistan and,-2.4980018054066023e-17
the atp,-2.5326962749261383e-17
attorney general office,-2.5500435096859063e-17
general office,-2.5500435096859063e-17
information and,-2.5673907444456746e-17
advancing to,-2.5673907444456746e-17
advancing to the,-2.5673907444456746e-17
to compete,-2.5673907444456746e-17
not know,-2.5673907444456746e-17
johannesburg,-2.6020852139652106e-17
records,-2.6020852139652106e-17
gay and,-2.6367796834847467e-17
supreme court,-2.6367796834847467e-17
expressed concern,-2.6367796834847467e-17
region the,-2.6367796834847467e-17
educated,-2.6367796834847467e-17
establish,-2.6367796834847467e-17
hidden,-2.6367796834847467e-17
including the,-2.6367796834847467e-17
reason for,-2.6367796834847467e-17
parade,-2.6367796834847467e-17
of the death,-2.6367796834847467e-17
were the,-2.6367796834847467e-17
refugee,-2.6367796834847467e-17
coffee shop,-2.6367796834847467e-17
by violence,-2.671474153004283e-17
the pilot,-2.6855687812465944e-17
the head of,-2.688821387764051e-17
the 2005,-2.706168622523819e-17
and lesbian,-2.706168622523819e-17
the unhcr,-2.706168622523819e-17
grant,-2.706168622523819e-17
in the tournament,-2.7408630920433553e-17
his administration,-2.7755575615628914e-17
bar,-2.7755575615628914e-17
the text is,-2.7755575615628914e-17
specifically,-2.7755575615628914e-17
released,-2.7755575615628914e-17
consequences,-2.7755575615628914e-17
been experiencing,-2.7755575615628914e-17
text is,-2.7755575615628914e-17
for free,-2.7755575615628914e-17
of water,-2.7755575615628914e-17
maps,-2.7755575615628914e-17
the early,-2.7755575615628914e-17
memory,-2.7755575615628914e-17
zones,-2.7755575615628914e-17
aids,-2.7755575615628914e-17
in nigeria,-2.7755575615628914e-17
coffee,-2.7755575615628914e-17
they,-2.7755575615628914e-17
reliance,-2.7755575615628914e-17
in the past,-2.7755575615628914e-17
shapiro,-2.7755575615628914e-17
before his,-2.83627288322208e-17
journalists,-2.8449465006019634e-17
medical center in,-2.8449465006019634e-17
the girls,-2.8449465006019634e-17
she has been,-2.8449465006019634e-17
to reach,-2.914335439641036e-17
operations will,-2.914335439641036e-17
37,-2.914335439641036e-17
girls,-2.914335439641036e-17
inventory,-2.914335439641036e-17
attackers,-2.914335439641036e-17
press,-2.914335439641036e-17
firefight,-2.914335439641036e-17
62,-2.914335439641036e-17
debt,-2.914335439641036e-17
work on the,-2.914335439641036e-17
afghan,-2.914335439641036e-17
raul,-2.914335439641036e-17
terminator,-2.931682674400804e-17
in north,-2.949029909160572e-17
actions and,-2.949029909160572e-17
to appeal the,-2.949029909160572e-17
intense,-2.983724378680108e-17
fixing,-2.983724378680108e-17
profit,-2.983724378680108e-17
emmanuel adebayor,-2.983724378680108e-17
transitional government,-3.0010716134398764e-17
announcement,-3.018418848199644e-17
of which,-3.0357660829594124e-17
responded to,-3.053113317719181e-17
law that,-3.053113317719181e-17
children in,-3.053113317719181e-17
involvement in the,-3.053113317719181e-17
hostage,-3.053113317719181e-17
cuban,-3.053113317719181e-17
potential for,-3.053113317719181e-17
clean,-3.053113317719181e-17
the jury,-3.053113317719181e-17
the devil,-3.053113317719181e-17
being treated,-3.053113317719181e-17
on new,-3.053113317719181e-17
study,-3.053113317719181e-17
devil,-3.053113317719181e-17
businesses,-3.053113317719181e-17
divorce,-3.053113317719181e-17
accused of killing,-3.053113317719181e-17
may be,-3.053113317719181e-17
by the devil,-3.053113317719181e-17
the letter,-3.053113317719181e-17
group in,-3.053113317719181e-17
jet,-3.053113317719181e-17
to 15,-3.1051550219984845e-17
movies,-3.122502256758253e-17
boat carrying,-3.122502256758253e-17
been criticized,-3.122502256758253e-17
poet,-3.122502256758253e-17
slow,-3.161533534967731e-17
set the,-3.191891195797325e-17
evidence of,-3.191891195797325e-17
by the taliban,-3.191891195797325e-17
the 2007,-3.191891195797325e-17
in mumbai,-3.191891195797325e-17
the article discusses,-3.191891195797325e-17
was reportedly,-3.191891195797325e-17
article discusses,-3.191891195797325e-17
attorney general,-3.191891195797325e-17
balloon,-3.2612801348363975e-17
megi,-3.2612801348363975e-17
henry,-3.278627369596165e-17
military officers,-3.3306690738754695e-17
the sri,-3.3306690738754695e-17
aggravated,-3.3306690738754695e-17
terrorist attack,-3.3306690738754695e-17
for medical,-3.3306690738754695e-17
boats,-3.3306690738754695e-17
which has been,-3.3306690738754695e-17
lowest,-3.3306690738754695e-17
performance in the,-3.3306690738754695e-17
and mark,-3.3306690738754695e-17
and not,-3.3306690738754695e-17
and former,-3.3306690738754695e-17
juarez,-3.3306690738754695e-17
has been source,-3.3306690738754695e-17
the man,-3.3306690738754695e-17
lionel,-3.3306690738754695e-17
lionel messi,-3.3306690738754695e-17
system and,-3.3306690738754695e-17
diane,-3.3306690738754695e-17
struggled to,-3.3306690738754695e-17
emergency landing,-3.3306690738754695e-17
canadian,-3.3306690738754695e-17
were held,-3.3306690738754695e-17
has stated that,-3.3306690738754695e-17
ongoing and,-3.3306690738754695e-17
consumer,-3.3306690738754695e-17
match point,-3.3306690738754695e-17
rejected by the,-3.3306690738754695e-17
in firefight,-3.3306690738754695e-17
military has,-3.3306690738754695e-17
in eastern,-3.3653635433950055e-17
89 year old,-3.400058012914542e-17
the darfur region,-3.400058012914542e-17
89 year,-3.400058012914542e-17
one of two,-3.400058012914542e-17
academy,-3.434752482434078e-17
the vote,-3.469446951953614e-17
in front of,-3.469446951953614e-17
death and,-3.469446951953614e-17
treatment,-3.469446951953614e-17
agents,-3.469446951953614e-17
front of,-3.469446951953614e-17
male,-3.469446951953614e-17
battle with,-3.469446951953614e-17
security council,-3.469446951953614e-17
considered,-3.469446951953614e-17
two goals,-3.469446951953614e-17
incident is,-3.4889625910583534e-17
claims that the,-3.5214886562329185e-17
united airlines,-3.538835890992686e-17
quickly,-3.538835890992686e-17
attack is,-3.538835890992686e-17
growing,-3.5908775952719906e-17
not allowed to,-3.608224830031759e-17
were later,-3.608224830031759e-17
to maintain,-3.608224830031759e-17
not allowed,-3.608224830031759e-17
future of the,-3.608224830031759e-17
conflict,-3.608224830031759e-17
oklahoma,-3.608224830031759e-17
is providing,-3.608224830031759e-17
1984,-3.608224830031759e-17
acid,-3.608224830031759e-17
are searching for,-3.608224830031759e-17
police in,-3.608224830031759e-17
died at the,-3.608224830031759e-17
religion,-3.608224830031759e-17
gulf of,-3.608224830031759e-17
to implement,-3.608224830031759e-17
antarctic,-3.608224830031759e-17
by the international,-3.608224830031759e-17
solution,-3.608224830031759e-17
improved,-3.608224830031759e-17
and the united,-3.608224830031759e-17
killed by,-3.608224830031759e-17
discriminatory,-3.608224830031759e-17
kenya,-3.608224830031759e-17
triggered,-3.642919299551295e-17
the arrests,-3.642919299551295e-17
at high,-3.642919299551295e-17
was reported missing,-3.677613769070831e-17
financial crisis,-3.677613769070831e-17
differences,-3.677613769070831e-17
federer the,-3.686287386450715e-17
crimes the,-3.7166450472803093e-17
mine,-3.7253186646601935e-17
claimed responsibility,-3.7470027081099036e-17
expressing their,-3.7470027081099036e-17
expected to last,-3.7470027081099036e-17
and yang,-3.7470027081099036e-17
municipal,-3.7470027081099036e-17
ensure the,-3.7470027081099036e-17
goal is,-3.7816971776294396e-17
into his,-3.7816971776294396e-17
foster,-3.7860339863193814e-17
patrols,-3.8033812210791497e-17
of the crash,-3.833738881908744e-17
iraqi government,-3.8510861166685116e-17
over 12,-3.8510861166685116e-17
meter,-3.8640965427383376e-17
he met with,-3.877106968808164e-17
negotiations,-3.8857805861880476e-17
have announced,-3.8857805861880476e-17
16,-3.8857805861880476e-17
the workers,-3.8857805861880476e-17
funded,-3.8857805861880476e-17
marriage,-3.8857805861880476e-17
marquez,-3.8857805861880476e-17
dealership,-3.8857805861880476e-17
person to,-3.8857805861880476e-17
may not,-3.8857805861880476e-17
humanity,-3.8857805861880476e-17
emphasized the need,-3.8857805861880476e-17
the name of,-3.8857805861880476e-17
been trying,-3.8857805861880476e-17
crackdown on,-3.8857805861880476e-17
sydney,-3.8857805861880476e-17
getafe,-3.8857805861880476e-17
an increase in,-3.8857805861880476e-17
been trying to,-3.8857805861880476e-17
dollar,-3.8857805861880476e-17
short,-3.8857805861880476e-17
if she,-3.8857805861880476e-17
september,-3.8857805861880476e-17
celebration,-3.8857805861880476e-17
coalition,-3.8857805861880476e-17
in response to,-3.8857805861880476e-17
groin,-3.8857805861880476e-17
which they believe,-3.8857805861880476e-17
commissioner,-3.8857805861880476e-17
fire in,-3.8857805861880476e-17
light,-3.8857805861880476e-17
name of,-3.8857805861880476e-17
somali pirates,-3.8857805861880476e-17
simintov,-3.8857805861880476e-17
from,-3.8857805861880476e-17
from behind,-3.8857805861880476e-17
led the,-3.920475055707584e-17
in an interview,-3.950832716537178e-17
and germany,-3.95516952522712e-17
session,-3.95516952522712e-17
relations and,-4.015884846886308e-17
ship,-4.0245584642661923e-17
the incident was,-4.0245584642661923e-17
renault,-4.0245584642661923e-17
who is currently,-4.0245584642661923e-17
the conflict has,-4.0245584642661923e-17
rejected,-4.0245584642661923e-17
also been,-4.0245584642661923e-17
incident was,-4.0245584642661923e-17
between,-4.0245584642661923e-17
conflict has,-4.0245584642661923e-17
no evidence of,-4.0245584642661923e-17
mendoza,-4.0592529337857284e-17
for the next,-4.093947403305265e-17
issues the,-4.093947403305265e-17
two year,-4.1112946380650327e-17
major,-4.132978681514743e-17
demand,-4.163336342344337e-17
city,-4.163336342344337e-17
believed to have,-4.163336342344337e-17
starting,-4.163336342344337e-17
complications,-4.163336342344337e-17
dedication,-4.163336342344337e-17
hospital and,-4.163336342344337e-17
copenhagen,-4.163336342344337e-17
sentenced to death,-4.163336342344337e-17
panama,-4.163336342344337e-17
mostly,-4.163336342344337e-17
the four,-4.163336342344337e-17
building and,-4.163336342344337e-17
emergency,-4.163336342344337e-17
alzheimer,-4.163336342344337e-17
that they were,-4.163336342344337e-17
with two,-4.163336342344337e-17
talks,-4.163336342344337e-17
in brooklyn,-4.163336342344337e-17
feeling,-4.163336342344337e-17
supports,-4.163336342344337e-17
impact on the,-4.163336342344337e-17
investors,-4.163336342344337e-17
ocean,-4.163336342344337e-17
rights groups,-4.1806835771041053e-17
the san,-4.198030811863873e-17
shell,-4.2153780466236414e-17
sex couples,-4.232725281383409e-17
same sex couples,-4.232725281383409e-17
she could,-4.232725281383409e-17
venus,-4.232725281383409e-17
will,-4.232725281383409e-17
national park,-4.232725281383409e-17
difficult,-4.232725281383409e-17
minor injuries,-4.232725281383409e-17
deficit,-4.232725281383409e-17
holiday,-4.2847669856627134e-17
jaffer,-4.2847669856627134e-17
held by,-4.302114220422482e-17
been involved in,-4.302114220422482e-17
terrorists,-4.302114220422482e-17
the winner,-4.302114220422482e-17
have taken,-4.302114220422482e-17
villa,-4.302114220422482e-17
police officers,-4.302114220422482e-17
stock,-4.302114220422482e-17
pakistan to,-4.302114220422482e-17
seen,-4.302114220422482e-17
across the,-4.302114220422482e-17
robbery in,-4.302114220422482e-17
resident,-4.302114220422482e-17
democracy the,-4.302114220422482e-17
group of,-4.302114220422482e-17
cash,-4.336808689942018e-17
and robbery,-4.354155924701786e-17
murder and robbery,-4.354155924701786e-17
lord,-4.388850394221322e-17
unusual,-4.40619762898109e-17
being held in,-4.40619762898109e-17
out of the,-4.4408920985006264e-17
rose,-4.4408920985006264e-17
administration,-4.4408920985006264e-17
offers,-4.4408920985006264e-17
virtual,-4.4408920985006264e-17
world champion,-4.4408920985006264e-17
with most,-4.4408920985006264e-17
and wounding,-4.4408920985006264e-17
where he,-4.4408920985006264e-17
people to,-4.4408920985006264e-17
the financial,-4.4408920985006264e-17
london zoo,-4.4408920985006264e-17
confidence in,-4.4408920985006264e-17
have agreed,-4.4408920985006264e-17
comment,-4.4408920985006264e-17
inability,-4.4408920985006264e-17
society,-4.4408920985006264e-17
states in,-4.4408920985006264e-17
suggest that,-4.4408920985006264e-17
documents related to,-4.4408920985006264e-17
have agreed to,-4.4408920985006264e-17
issues with,-4.4408920985006264e-17
failing,-4.4408920985006264e-17
discussed the,-4.4408920985006264e-17
first half,-4.4408920985006264e-17
farm,-4.4408920985006264e-17
documents related,-4.4408920985006264e-17
contribute,-4.4408920985006264e-17
identified,-4.4408920985006264e-17
finished with,-4.4408920985006264e-17
george bush,-4.4408920985006264e-17
guards,-4.4408920985006264e-17
in the other,-4.4408920985006264e-17
threat to,-4.4408920985006264e-17
healthcare,-4.4408920985006264e-17
between the,-4.4408920985006264e-17
to address,-4.4408920985006264e-17
last week,-4.4408920985006264e-17
health care,-4.4408920985006264e-17
match against,-4.4408920985006264e-17
however the,-4.4408920985006264e-17
some,-4.4408920985006264e-17
from new,-4.4408920985006264e-17
helping,-4.4408920985006264e-17
of second,-4.4408920985006264e-17
the restaurant,-4.4408920985006264e-17
colombian,-4.4408920985006264e-17
na,-4.4408920985006264e-17
inability to,-4.4408920985006264e-17
nicolas,-4.4408920985006264e-17
butterfly,-4.4408920985006264e-17
this was,-4.5102810375396984e-17
case the,-4.5102810375396984e-17
could have,-4.5102810375396984e-17
thousands,-4.5102810375396984e-17
since october,-4.5102810375396984e-17
acquitted,-4.5449755070592345e-17
bear,-4.5796699765787705e-17
pleaded not,-4.5796699765787705e-17
joseph,-4.5796699765787705e-17
has been released,-4.5796699765787705e-17
pleaded not guilty,-4.5796699765787705e-17
contracted,-4.5796699765787705e-17
billion the,-4.5796699765787705e-17
medical grade,-4.5796699765787705e-17
the issue of,-4.614364446098307e-17
the hague,-4.614364446098307e-17
issue of,-4.614364446098307e-17
hague,-4.614364446098307e-17
article concludes by,-4.649058915617843e-17
concludes by,-4.649058915617843e-17
incident occurred on,-4.649058915617843e-17
finished,-4.718447854656915e-17
pictures,-4.718447854656915e-17
after three,-4.718447854656915e-17
android,-4.718447854656915e-17
cup qualifying,-4.718447854656915e-17
points in,-4.718447854656915e-17
after,-4.718447854656915e-17
was kidnapped,-4.718447854656915e-17
world cup qualifying,-4.718447854656915e-17
visit to,-4.718447854656915e-17
same sex,-4.718447854656915e-17
to the state,-4.718447854656915e-17
two sides,-4.718447854656915e-17
to comment on,-4.718447854656915e-17
midwest,-4.718447854656915e-17
transportation safety board,-4.718447854656915e-17
barrier,-4.718447854656915e-17
in the women,-4.718447854656915e-17
spot in the,-4.718447854656915e-17
match between,-4.718447854656915e-17
are the,-4.718447854656915e-17
jerusalem,-4.718447854656915e-17
decision to,-4.718447854656915e-17
is focusing on,-4.718447854656915e-17
which features,-4.718447854656915e-17
blues,-4.718447854656915e-17
is focusing,-4.718447854656915e-17
transportation safety,-4.718447854656915e-17
program and,-4.718447854656915e-17
in dubai,-4.718447854656915e-17
was stolen,-4.7357950894166835e-17
reputation,-4.753142324176451e-17
charged with murder,-4.753142324176451e-17
is investigating,-4.753142324176451e-17
with murder,-4.753142324176451e-17
sharia law,-4.787836793695988e-17
scored twice,-4.787836793695988e-17
officials have,-4.808978736059455e-17
basic,-4.85722573273506e-17
in the second,-4.85722573273506e-17
and died,-4.85722573273506e-17
caught,-4.85722573273506e-17
protested,-4.85722573273506e-17
bronx,-4.85722573273506e-17
to hold,-4.85722573273506e-17
aftermath,-4.85722573273506e-17
aftermath of,-4.85722573273506e-17
venus williams,-4.85722573273506e-17
tournament in,-4.85722573273506e-17
has signed,-4.85722573273506e-17
planned to,-4.85722573273506e-17
to 20 years,-4.85722573273506e-17
preliminary,-4.85722573273506e-17
and has expressed,-4.85722573273506e-17
tigers,-4.85722573273506e-17
haitian,-4.85722573273506e-17
resulting,-4.926614671774132e-17
forced,-4.926614671774132e-17
immigration and,-4.926614671774132e-17
he did not,-4.926614671774132e-17
facilities,-4.9960036108132046e-17
airport,-4.9960036108132046e-17
employee,-4.9960036108132046e-17
known,-4.9960036108132046e-17
eto,-4.9960036108132046e-17
purchase,-4.9960036108132046e-17
on sunday,-4.9960036108132046e-17
and injuring,-4.9960036108132046e-17
to resolve the,-4.9960036108132046e-17
caylee,-4.9960036108132046e-17
laws,-4.9960036108132046e-17
minute and,-4.9960036108132046e-17
race,-4.9960036108132046e-17
pacquiao,-4.9960036108132046e-17
regarding,-4.9960036108132046e-17
president elect,-4.9960036108132046e-17
crucial,-4.9960036108132046e-17
jellyfish,-4.9960036108132046e-17
injunction,-4.9960036108132046e-17
bailout,-4.9960036108132046e-17
number of,-4.9960036108132046e-17
piracy,-4.9960036108132046e-17
pair,-4.9960036108132046e-17
which began,-4.9960036108132046e-17
days after,-4.9960036108132046e-17
the recent,-4.9960036108132046e-17
came after,-4.9960036108132046e-17
the real,-4.9960036108132046e-17
the fastest,-5.0653925498522766e-17
to attend,-5.0653925498522766e-17
the university of,-5.0653925498522766e-17
others the,-5.134781488891349e-17
to drive,-5.134781488891349e-17
party the,-5.134781488891349e-17
abusing,-5.134781488891349e-17
los,-5.134781488891349e-17
and high,-5.134781488891349e-17
been found,-5.134781488891349e-17
information about the,-5.204170427930421e-17
suspicious,-5.238864897449957e-17
to be in,-5.2735593669694933e-17
conflict in,-5.2735593669694933e-17
among,-5.2735593669694933e-17
the region with,-5.2735593669694933e-17
the all blacks,-5.2735593669694933e-17
serena williams,-5.2735593669694933e-17
stable,-5.2735593669694933e-17
funding,-5.2735593669694933e-17
identify,-5.2735593669694933e-17
he was not,-5.2735593669694933e-17
air france,-5.2735593669694933e-17
unit,-5.2735593669694933e-17
the north,-5.2735593669694933e-17
twice in,-5.2735593669694933e-17
gibson,-5.2735593669694933e-17
qualify for the,-5.2735593669694933e-17
ring,-5.2735593669694933e-17
disciplinary action,-5.2735593669694933e-17
fat,-5.30825383648903e-17
her two,-5.3256010712487977e-17
halt,-5.342948306008566e-17
been delayed,-5.342948306008566e-17
to boost,-5.342948306008566e-17
the journalists,-5.3949900102878703e-17
attend the,-5.403663627667754e-17
will compete,-5.412337245047638e-17
pressure,-5.412337245047638e-17
and gas,-5.412337245047638e-17
used for,-5.412337245047638e-17
condition,-5.447031714567174e-17
longest,-5.447031714567174e-17
shuttle,-5.4817261840867107e-17
the family,-5.4817261840867107e-17
reported missing,-5.4817261840867107e-17
the iranian,-5.4817261840867107e-17
burial,-5.4817261840867107e-17
space shuttle,-5.4817261840867107e-17
minute with,-5.5164206536062467e-17
ji,-5.5164206536062467e-17
savings,-5.551115123125783e-17
are now,-5.551115123125783e-17
fair,-5.551115123125783e-17
dalai lama,-5.551115123125783e-17
dalai,-5.551115123125783e-17
incident occurred in,-5.551115123125783e-17
with their,-5.551115123125783e-17
insufficient,-5.551115123125783e-17
save the children,-5.551115123125783e-17
law,-5.551115123125783e-17
court of,-5.551115123125783e-17
to severe,-5.551115123125783e-17
responsible for the,-5.551115123125783e-17
mexican drug,-5.551115123125783e-17
rovers,-5.551115123125783e-17
prince william,-5.551115123125783e-17
man who was,-5.551115123125783e-17
people and injured,-5.551115123125783e-17
to focus on,-5.551115123125783e-17
sebastian,-5.551115123125783e-17
gates,-5.551115123125783e-17
quarterfinals with,-5.551115123125783e-17
help with,-5.551115123125783e-17
the cease fire,-5.551115123125783e-17
seats,-5.551115123125783e-17
due to the,-5.551115123125783e-17
rain and,-5.551115123125783e-17
human,-5.551115123125783e-17
the cease,-5.551115123125783e-17
to focus,-5.551115123125783e-17
the dalai,-5.551115123125783e-17
the dalai lama,-5.551115123125783e-17
risen,-5.551115123125783e-17
it was not,-5.551115123125783e-17
lama,-5.551115123125783e-17
closed,-5.551115123125783e-17
the french open,-5.551115123125783e-17
been on,-5.551115123125783e-17
troops have,-5.585809592645319e-17
the gold medal,-5.603156827405086e-17
of former,-5.620504062164855e-17
opposition leader,-5.637851296924623e-17
advisory,-5.655198531684391e-17
meeting with,-5.689893001203927e-17
trial is,-5.689893001203927e-17
crew members,-5.689893001203927e-17
scare,-5.689893001203927e-17
blood,-5.689893001203927e-17
the community,-5.689893001203927e-17
pennsylvania,-5.759281940243e-17
55,-5.759281940243e-17
representatives,-5.819997261902187e-17
felipe,-5.828670879282072e-17
crime and,-5.828670879282072e-17
was organized,-5.828670879282072e-17
interrogation,-5.828670879282072e-17
bin,-5.828670879282072e-17
correctional,-5.828670879282072e-17
florida the,-5.828670879282072e-17
governor,-5.828670879282072e-17
grade,-5.828670879282072e-17
possession,-5.828670879282072e-17
and his wife,-5.828670879282072e-17
was organized by,-5.828670879282072e-17
rights violations,-5.828670879282072e-17
intended to,-5.828670879282072e-17
au,-5.828670879282072e-17
opposed to,-5.828670879282072e-17
was convicted,-5.828670879282072e-17
villagers,-5.863365348801607e-17
verdict,-5.872038966181492e-17
to reduce the,-5.898059818321144e-17
years after,-5.898059818321144e-17
is underway,-5.898059818321144e-17
sailor,-5.915407053080912e-17
food aid,-5.958775139980333e-17
violating,-5.958775139980333e-17
registered,-5.967448757360216e-17
industries,-5.967448757360216e-17
call for,-5.967448757360216e-17
has expressed desire,-5.967448757360216e-17
condemned,-5.967448757360216e-17
history,-5.967448757360216e-17
gorillas,-5.967448757360216e-17
experts,-5.967448757360216e-17
war,-5.967448757360216e-17
progress,-5.967448757360216e-17
participated,-5.967448757360216e-17
will return,-6.002143226879753e-17
who finished,-6.002143226879753e-17
in iraq and,-6.019490461639521e-17
and are being,-6.036837696399288e-17
of attempted,-6.071532165918825e-17
the organization,-6.088879400678593e-17
down in,-6.106226635438361e-17
bullying,-6.106226635438361e-17
alleging,-6.106226635438361e-17
his role,-6.106226635438361e-17
freedom,-6.106226635438361e-17
and money laundering,-6.106226635438361e-17
injured in,-6.106226635438361e-17
independence,-6.106226635438361e-17
clash,-6.106226635438361e-17
poulter,-6.106226635438361e-17
john isner,-6.106226635438361e-17
stage,-6.106226635438361e-17
books,-6.106226635438361e-17
not the,-6.106226635438361e-17
cup in,-6.106226635438361e-17
quarterfinals,-6.106226635438361e-17
roma,-6.106226635438361e-17
they are,-6.106226635438361e-17
remained,-6.106226635438361e-17
valuev,-6.106226635438361e-17
also stated that,-6.106226635438361e-17
two weeks,-6.106226635438361e-17
tareq,-6.106226635438361e-17
fraud,-6.106226635438361e-17
also stated,-6.106226635438361e-17
of the vote,-6.106226635438361e-17
mourinho,-6.106226635438361e-17
decision is,-6.106226635438361e-17
some areas,-6.114900252818245e-17
with the us,-6.140921104957897e-17
abu dhabi,-6.175615574477434e-17
dhabi,-6.175615574477434e-17
davis,-6.175615574477434e-17
in angola,-6.175615574477434e-17
recent years,-6.210310043996969e-17
with one,-6.227657278756737e-17
grew up,-6.245004513516506e-17
the icc has,-6.245004513516506e-17
1991,-6.245004513516506e-17
christians,-6.245004513516506e-17
photo,-6.245004513516506e-17
mph,-6.245004513516506e-17
hepatitis,-6.245004513516506e-17
the growing,-6.245004513516506e-17
grew,-6.245004513516506e-17
authorities have,-6.260183343931302e-17
on monday the,-6.314393452555578e-17
injured the,-6.314393452555578e-17
draft,-6.314393452555578e-17
those responsible,-6.38378239159465e-17
lieutenant,-6.38378239159465e-17
liters,-6.38378239159465e-17
were discovered,-6.38378239159465e-17
and they will,-6.38378239159465e-17
films,-6.38378239159465e-17
has urged,-6.38378239159465e-17
his former,-6.38378239159465e-17
fire,-6.38378239159465e-17
the difference between,-6.38378239159465e-17
the difference,-6.38378239159465e-17
unaware of,-6.38378239159465e-17
gulf,-6.38378239159465e-17
groups and,-6.38378239159465e-17
on october,-6.38378239159465e-17
conflict has resulted,-6.38378239159465e-17
measures including,-6.38378239159465e-17
the announcement,-6.38378239159465e-17
toll,-6.38378239159465e-17
this victory,-6.38378239159465e-17
the agency,-6.396792817664476e-17
to share,-6.401129626354418e-17
help them,-6.453171330633723e-17
for up to,-6.522560269672795e-17
trial of,-6.522560269672795e-17
united arab,-6.522560269672795e-17
occurred after,-6.522560269672795e-17
the agreement,-6.522560269672795e-17
arab emirates,-6.522560269672795e-17
for up,-6.522560269672795e-17
united arab emirates,-6.522560269672795e-17
kick,-6.522560269672795e-17
boss,-6.55725473919233e-17
pace,-6.591949208711867e-17
education,-6.591949208711867e-17
if found guilty,-6.661338147750939e-17
sloths,-6.661338147750939e-17
transparency,-6.661338147750939e-17
rescued from,-6.661338147750939e-17
full,-6.661338147750939e-17
transferred,-6.661338147750939e-17
although,-6.661338147750939e-17
taliban militants,-6.661338147750939e-17
water and,-6.661338147750939e-17
world most,-6.661338147750939e-17
if found,-6.661338147750939e-17
concern for,-6.661338147750939e-17
that two,-6.661338147750939e-17
bodies,-6.661338147750939e-17
bice,-6.661338147750939e-17
of larger,-6.661338147750939e-17
service and,-6.661338147750939e-17
year with,-6.661338147750939e-17
fighting between,-6.661338147750939e-17
lopez,-6.661338147750939e-17
the earthquake,-6.661338147750939e-17
he and,-6.661338147750939e-17
speculation,-6.661338147750939e-17
troops in,-6.680853786855679e-17
ahead of the,-6.696032617270476e-17
in connection with,-6.713379852030244e-17
for manchester city,-6.730727086790011e-17
sustainable,-6.730727086790011e-17
national reconciliation,-6.756747938929664e-17
yellow,-6.772468870430703e-17
terry,-6.782768791069316e-17
indian ocean,-6.800116025829084e-17
set and,-6.800116025829084e-17
members were,-6.800116025829084e-17
new delhi,-6.800116025829084e-17
men,-6.800116025829084e-17
province,-6.800116025829084e-17
the charges against,-6.801742329087812e-17
investing,-6.817463260588851e-17
disease,-6.83481049534862e-17
credits,-6.852157730108388e-17
president and,-6.871673369213127e-17
ball,-6.938893903907228e-17
was charged,-6.938893903907228e-17
his daughter,-6.938893903907228e-17
italy,-6.938893903907228e-17
challenges of,-6.938893903907228e-17
small,-6.938893903907228e-17
shut,-6.938893903907228e-17
65 years,-6.938893903907228e-17
the majority,-6.938893903907228e-17
resigned,-6.938893903907228e-17
expansion,-6.938893903907228e-17
friendship,-6.938893903907228e-17
france and,-6.938893903907228e-17
roles in,-6.938893903907228e-17
to 65 years,-6.938893903907228e-17
to the ongoing,-6.938893903907228e-17
based in,-6.938893903907228e-17
the challenges of,-6.938893903907228e-17
protest,-6.938893903907228e-17
was charged with,-6.938893903907228e-17
court ruling,-6.938893903907228e-17
regional,-6.938893903907228e-17
city to,-6.938893903907228e-17
rural,-6.938893903907228e-17
estimated to be,-6.938893903907228e-17
to honor,-6.938893903907228e-17
interested,-6.938893903907228e-17
ongoing the,-6.938893903907228e-17
currently in,-6.938893903907228e-17
china has,-6.938893903907228e-17
police force,-6.938893903907228e-17
compared to,-6.938893903907228e-17
ruled,-6.956241138666997e-17
door,-6.990935608186532e-17
the 50,-7.0082828429463e-17
has found,-7.0082828429463e-17
issues in,-7.0082828429463e-17
his desire to,-7.034303695085952e-17
occurred in the,-7.077671781985372e-17
maoist government,-7.077671781985372e-17
partner,-7.077671781985372e-17
to meet,-7.077671781985372e-17
50 000,-7.077671781985372e-17
friday and,-7.077671781985372e-17
trial on,-7.077671781985372e-17
dna,-7.077671781985372e-17
tournament which,-7.077671781985372e-17
mourning,-7.077671781985372e-17
the maoist government,-7.077671781985372e-17
consulate in peshawar,-7.095019016745141e-17
was forced,-7.147060721024446e-17
detention,-7.147060721024446e-17
interpol,-7.147060721024446e-17
that many,-7.147060721024446e-17
was forced to,-7.147060721024446e-17
is located,-7.147060721024446e-17
10th,-7.147060721024446e-17
the whale,-7.147060721024446e-17
27 year old,-7.164407955784213e-17
27 year,-7.164407955784213e-17
rica,-7.181755190543981e-17
costa rica,-7.181755190543981e-17
exception,-7.216449660063518e-17
hiring,-7.216449660063518e-17
general ban ki,-7.216449660063518e-17
26,-7.216449660063518e-17
have not been,-7.216449660063518e-17
is confident that,-7.216449660063518e-17
improve,-7.216449660063518e-17
risk,-7.216449660063518e-17
general ban,-7.216449660063518e-17
in three,-7.216449660063518e-17
investigate,-7.216449660063518e-17
wounding,-7.216449660063518e-17
believes that the,-7.216449660063518e-17
officials and,-7.216449660063518e-17
semifinals,-7.216449660063518e-17
northeast,-7.216449660063518e-17
secretary general ban,-7.216449660063518e-17
body was found,-7.216449660063518e-17
benefit,-7.216449660063518e-17
carried out,-7.216449660063518e-17
lawyer,-7.216449660063518e-17
only one,-7.216449660063518e-17
money laundering,-7.216449660063518e-17
to complete,-7.216449660063518e-17
celebrate,-7.251144129583053e-17
to celebrate,-7.251144129583053e-17
johnson,-7.28583859910259e-17
the company has,-7.28583859910259e-17
achieve,-7.28583859910259e-17
civil war in,-7.355227538141662e-17
resolve,-7.355227538141662e-17
arrested and charged,-7.355227538141662e-17
has not yet,-7.355227538141662e-17
she was also,-7.424616477180734e-17
ramirez,-7.424616477180734e-17
but not,-7.424616477180734e-17
fled,-7.424616477180734e-17
picture,-7.491837011874836e-17
add,-7.494005416219807e-17
on bail,-7.494005416219807e-17
arrest of,-7.494005416219807e-17
fort,-7.494005416219807e-17
meyers,-7.494005416219807e-17
attarzadeh,-7.494005416219807e-17
is the first,-7.494005416219807e-17
maryland,-7.494005416219807e-17
118,-7.494005416219807e-17
protest against,-7.494005416219807e-17
passion for,-7.494005416219807e-17
green,-7.494005416219807e-17
tons of,-7.494005416219807e-17
the lead,-7.494005416219807e-17
creature,-7.494005416219807e-17
jersey,-7.494005416219807e-17
than the,-7.494005416219807e-17
aid to,-7.494005416219807e-17
ak,-7.563394355258879e-17
gas and,-7.563394355258879e-17
he met,-7.563394355258879e-17
million and,-7.632783294297951e-17
the killing of,-7.632783294297951e-17
will take,-7.632783294297951e-17
general,-7.632783294297951e-17
diego,-7.632783294297951e-17
interests in,-7.632783294297951e-17
period,-7.632783294297951e-17
pastor,-7.632783294297951e-17
van,-7.632783294297951e-17
political crisis,-7.684824998577255e-17
three year,-7.702172233337023e-17
three year contract,-7.702172233337023e-17
game with,-7.702172233337023e-17
lt,-7.702172233337023e-17
federer has,-7.702172233337023e-17
reported that the,-7.702172233337023e-17
published,-7.73686670285656e-17
explosions,-7.771561172376095e-17
irish,-7.771561172376095e-17
way,-7.771561172376095e-17
which have,-7.771561172376095e-17
troops,-7.771561172376095e-17
continue their,-7.771561172376095e-17
were killed in,-7.771561172376095e-17
into the,-7.771561172376095e-17
playoffs,-7.771561172376095e-17
celtics,-7.771561172376095e-17
was part,-7.771561172376095e-17
the governor,-7.771561172376095e-17
to ensure that,-7.771561172376095e-17
was part of,-7.771561172376095e-17
for nearly,-7.771561172376095e-17
as potential,-7.771561172376095e-17
bogle,-7.771561172376095e-17
sunday,-7.771561172376095e-17
news,-7.771561172376095e-17
the ivory,-7.771561172376095e-17
custody,-7.771561172376095e-17
nicholson,-7.771561172376095e-17
and injured,-7.771561172376095e-17
porto,-7.771561172376095e-17
of african,-7.771561172376095e-17
to travel,-7.771561172376095e-17
laboratory,-7.771561172376095e-17
end the,-7.771561172376095e-17
is known for,-7.771561172376095e-17
hour,-7.771561172376095e-17
title and,-7.771561172376095e-17
anthony has,-7.771561172376095e-17
buildings,-7.771561172376095e-17
apartment,-7.771561172376095e-17
is being investigated,-7.8236028766554e-17
are calling for,-7.840950111415169e-17
post election,-7.840950111415169e-17
1996,-7.875644580934704e-17
casey anthony,-7.91033905045424e-17
to move forward,-7.91033905045424e-17
berdych,-7.91033905045424e-17
to hospital,-7.91033905045424e-17
vera,-7.91033905045424e-17
energy,-7.91033905045424e-17
deported,-7.927686285214009e-17
forces the,-7.948286126491233e-17
invested,-7.979727989493313e-17
faced criticism,-8.049116928532385e-17
of war,-8.049116928532385e-17
are more,-8.049116928532385e-17
caroline wozniacki,-8.049116928532385e-17
sikes,-8.049116928532385e-17
final round,-8.049116928532385e-17
are being,-8.049116928532385e-17
mexico is,-8.049116928532385e-17
militants the,-8.049116928532385e-17
security and,-8.049116928532385e-17
parts of the,-8.049116928532385e-17
began when,-8.049116928532385e-17
military forces,-8.049116928532385e-17
to help them,-8.049116928532385e-17
galaxy,-8.049116928532385e-17
across the country,-8.049116928532385e-17
offensive,-8.049116928532385e-17
hole,-8.049116928532385e-17
are part of,-8.049116928532385e-17
contributed to,-8.049116928532385e-17
in the netherlands,-8.049116928532385e-17
the time of,-8.049116928532385e-17
shatner,-8.049116928532385e-17
services,-8.066464163292153e-17
has decreased,-8.118505867571457e-17
them in,-8.118505867571457e-17
suspect who,-8.153200337090993e-17
candidates,-8.153200337090993e-17
beating,-8.18789480661053e-17
heart disease,-8.18789480661053e-17
to meet the,-8.18789480661053e-17
her body,-8.18789480661053e-17
detect,-8.18789480661053e-17
the white,-8.18789480661053e-17
to score,-8.18789480661053e-17
mccartney,-8.18789480661053e-17
fbi is,-8.257283745649602e-17
the fbi is,-8.257283745649602e-17
shelling,-8.257283745649602e-17
libya,-8.257283745649602e-17
to improve his,-8.291978215169137e-17
will allow,-8.326672684688674e-17
her daughter,-8.326672684688674e-17
appeal the,-8.326672684688674e-17
the other,-8.326672684688674e-17
being conducted,-8.326672684688674e-17
both sides,-8.326672684688674e-17
thanks to,-8.326672684688674e-17
has expressed his,-8.326672684688674e-17
was due to,-8.326672684688674e-17
economic crisis,-8.326672684688674e-17
state the,-8.326672684688674e-17
is being conducted,-8.326672684688674e-17
deciding,-8.326672684688674e-17
address,-8.326672684688674e-17
thought,-8.326672684688674e-17
launching,-8.326672684688674e-17
idol,-8.326672684688674e-17
power plant,-8.326672684688674e-17
held,-8.326672684688674e-17
area of,-8.344019919448442e-17
motion,-8.465450562766818e-17
transitional,-8.465450562766818e-17
in court on,-8.465450562766818e-17
the conference,-8.465450562766818e-17
delta,-8.465450562766818e-17
search for the,-8.465450562766818e-17
entertainment,-8.465450562766818e-17
were reportedly,-8.517492267046123e-17
shootings,-8.534839501805891e-17
dreamworks studios,-8.534839501805891e-17
to security,-8.604228440844963e-17
29,-8.604228440844963e-17
believed to be,-8.604228440844963e-17
zoo,-8.604228440844963e-17
believe that,-8.604228440844963e-17
behind to,-8.604228440844963e-17
university has,-8.604228440844963e-17
cartel,-8.604228440844963e-17
google,-8.604228440844963e-17
committed,-8.604228440844963e-17
most of,-8.604228440844963e-17
the meeting,-8.604228440844963e-17
transit,-8.604228440844963e-17
in colombia,-8.604228440844963e-17
from behind to,-8.604228440844963e-17
72,-8.604228440844963e-17
the area,-8.604228440844963e-17
materials,-8.604228440844963e-17
found in the,-8.604228440844963e-17
father of,-8.604228440844963e-17
five people,-8.604228440844963e-17
streets,-8.604228440844963e-17
ecclestone,-8.604228440844963e-17
which the,-8.604228440844963e-17
fia,-8.604228440844963e-17
joined the,-8.604228440844963e-17
the residents,-8.604228440844963e-17
47,-8.743006318923108e-17
with victory,-8.743006318923108e-17
businessman,-8.743006318923108e-17
pope,-8.743006318923108e-17
to the top,-8.743006318923108e-17
kidnappings,-8.743006318923108e-17
diseases,-8.743006318923108e-17
donor,-8.743006318923108e-17
over the past,-8.743006318923108e-17
army and,-8.743006318923108e-17
benzema,-8.743006318923108e-17
hernandez,-8.747343127613049e-17
mentioning,-8.760353553682876e-17
and kidnapping,-8.81239525796218e-17
number,-8.81239525796218e-17
killings of,-8.81239525796218e-17
leads,-8.881784197001253e-17
team has,-8.881784197001253e-17
to 000,-8.881784197001253e-17
announced his,-8.881784197001253e-17
is not the,-8.881784197001253e-17
cemetery,-8.881784197001253e-17
serving,-8.881784197001253e-17
gadhafi,-8.881784197001253e-17
showed,-8.881784197001253e-17
desire,-8.881784197001253e-17
the global,-8.881784197001253e-17
los angeles,-8.881784197001253e-17
orphanage,-8.881784197001253e-17
angeles,-8.881784197001253e-17
controls,-8.881784197001253e-17
the five,-8.881784197001253e-17
previously stated,-8.881784197001253e-17
visited the,-8.881784197001253e-17
the judge,-8.881784197001253e-17
new,-8.881784197001253e-17
recommendations,-8.881784197001253e-17
tsunami,-8.881784197001253e-17
to make the,-8.881784197001253e-17
86,-8.89913143176102e-17
confrontation,-8.912141857830846e-17
resurgence,-8.951173136040325e-17
is optimistic about,-8.951173136040325e-17
1986,-9.020562075079397e-17
announced plans,-9.020562075079397e-17
has admitted,-9.020562075079397e-17
super bowl,-9.020562075079397e-17
bilateral,-9.020562075079397e-17
ronald,-9.034114602235466e-17
garden,-9.089951014118469e-17
crisis in,-9.089951014118469e-17
of sexual,-9.089951014118469e-17
that was,-9.128982292327947e-17
and the investigation,-9.159339953157541e-17
the us state,-9.159339953157541e-17
morocco,-9.159339953157541e-17
elizabeth ii,-9.159339953157541e-17
bmw,-9.159339953157541e-17
in 2012,-9.159339953157541e-17
the leader,-9.159339953157541e-17
queen elizabeth ii,-9.159339953157541e-17
zenani,-9.159339953157541e-17
elections in,-9.159339953157541e-17
us state department,-9.159339953157541e-17
omar al,-9.159339953157541e-17
us state,-9.159339953157541e-17
1975,-9.159339953157541e-17
brisman,-9.159339953157541e-17
schools,-9.159339953157541e-17
survival,-9.159339953157541e-17
despite the,-9.159339953157541e-17
they have,-9.159339953157541e-17
alive,-9.159339953157541e-17
piquet,-9.159339953157541e-17
president omar al,-9.159339953157541e-17
social,-9.159339953157541e-17
after their,-9.159339953157541e-17
likely,-9.159339953157541e-17
opinion,-9.194034422677078e-17
batman,-9.201623837884477e-17
africa the,-9.228728892196614e-17
europe,-9.228728892196614e-17
treatment of,-9.280770596475918e-17
he does,-9.298117831235686e-17
women,-9.298117831235686e-17
1999,-9.298117831235686e-17
where he was,-9.298117831235686e-17
attended,-9.298117831235686e-17
to speak,-9.298117831235686e-17
with no,-9.402201239794295e-17
recording,-9.419548474554062e-17
at the end,-9.430390496278917e-17
great,-9.43689570931383e-17
identity theft,-9.43689570931383e-17
been at,-9.43689570931383e-17
in the region,-9.43689570931383e-17
latest in series,-9.43689570931383e-17
to al,-9.43689570931383e-17
daily,-9.43689570931383e-17
return to,-9.43689570931383e-17
in new,-9.43689570931383e-17
is ongoing and,-9.43689570931383e-17
first degree,-9.43689570931383e-17
an emergency landing,-9.43689570931383e-17
of new york,-9.43689570931383e-17
court on,-9.43689570931383e-17
high ranking,-9.43689570931383e-17
bacteria,-9.43689570931383e-17
mosque,-9.43689570931383e-17
too much,-9.43689570931383e-17
fire to,-9.43689570931383e-17
to al qaeda,-9.43689570931383e-17
mainland,-9.506284648352902e-17
old boy,-9.506284648352902e-17
year old boy,-9.506284648352902e-17
the united nations,-9.575673587391976e-17
kenyan,-9.575673587391976e-17
the music,-9.575673587391976e-17
loved,-9.575673587391976e-17
david,-9.645062526431048e-17
the trial of,-9.71445146547012e-17
revolutionary,-9.71445146547012e-17
worth of,-9.71445146547012e-17
20 000,-9.71445146547012e-17
questioned,-9.71445146547012e-17
engaging in,-9.71445146547012e-17
aggressive,-9.71445146547012e-17
years of,-9.71445146547012e-17
the coming,-9.71445146547012e-17
peace and,-9.71445146547012e-17
1997,-9.71445146547012e-17
medals in,-9.71445146547012e-17
six months,-9.71445146547012e-17
in thailand,-9.71445146547012e-17
for president,-9.71445146547012e-17
in the coming,-9.71445146547012e-17
ambani,-9.71445146547012e-17
were also,-9.71445146547012e-17
planned,-9.71445146547012e-17
with various,-9.719872476332547e-17
the movement,-9.818534874028728e-17
red cross,-9.853229343548264e-17
rights,-9.853229343548264e-17
in islamabad,-9.853229343548264e-17
hired,-9.853229343548264e-17
roads,-9.853229343548264e-17
linked to the,-9.853229343548264e-17
10 years,-9.853229343548264e-17
is survived,-9.853229343548264e-17
is survived by,-9.853229343548264e-17
should not,-9.8879238130678e-17
sides,-9.922618282587337e-17
gratitude for the,-9.992007221626409e-17
founder of,-9.992007221626409e-17
aware,-9.992007221626409e-17
lewis,-9.992007221626409e-17
the all,-9.992007221626409e-17
denies the,-9.992007221626409e-17
return,-9.992007221626409e-17
world tour finals,-9.992007221626409e-17
companies,-9.992007221626409e-17
revealed that he,-9.992007221626409e-17
cooperation,-9.992007221626409e-17
senate,-9.992007221626409e-17
attack on the,-9.992007221626409e-17
poverty,-9.992007221626409e-17
driven,-9.992007221626409e-17
the system,-9.992007221626409e-17
damage and,-9.992007221626409e-17
attack in,-9.992007221626409e-17
the open,-9.992007221626409e-17
to protect the,-9.992007221626409e-17
the story,-9.992007221626409e-17
is based,-9.992007221626409e-17
is in,-9.992007221626409e-17
cleared,-9.992007221626409e-17
the september,-9.992007221626409e-17
leaders have,-9.992007221626409e-17
mothers,-9.992007221626409e-17
restore,-9.992007221626409e-17
of east,-1.0061396160665481e-16
designs,-1.0061396160665481e-16
of east africa,-1.0061396160665481e-16
there have,-1.0061396160665481e-16
to the semifinals,-1.0061396160665481e-16
40,-1.0061396160665481e-16
east africa,-1.0061396160665481e-16
match,-1.0087417012805133e-16
had no,-1.0130785099704553e-16
vehicle,-1.0130785099704553e-16
the crowd,-1.0130785099704553e-16
he is not,-1.0130785099704553e-16
compound,-1.0130785099704553e-16
air force,-1.0130785099704553e-16
body was,-1.0130785099704553e-16
18 and,-1.0130785099704553e-16
was held in,-1.0130785099704553e-16
weber,-1.016547956922409e-16
host the,-1.016547956922409e-16
earth,-1.0200174038743625e-16
billion in,-1.0269562977782698e-16
of supporting,-1.0269562977782698e-16
which began in,-1.0269562977782698e-16
middle east,-1.0269562977782698e-16
united nations,-1.0269562977782698e-16
also be,-1.0269562977782698e-16
final,-1.0269562977782698e-16
exercise,-1.0269562977782698e-16
his family,-1.0269562977782698e-16
territories,-1.0269562977782698e-16
be available,-1.0269562977782698e-16
drawn,-1.0269562977782698e-16
with more,-1.0269562977782698e-16
provinces,-1.0269562977782698e-16
in baghdad,-1.0269562977782698e-16
seeded,-1.0269562977782698e-16
the sri lankan,-1.0269562977782698e-16
first goal,-1.0269562977782698e-16
to dismiss,-1.0269562977782698e-16
local,-1.0269562977782698e-16
stolen,-1.0304257447302234e-16
unharmed,-1.0304257447302234e-16
zvonareva,-1.030534164947472e-16
knox,-1.033895191682177e-16
markets,-1.0373646386341306e-16
waterboarding,-1.0382320003721191e-16
calling for the,-1.0408340855860843e-16
largely,-1.0408340855860843e-16
changed,-1.0408340855860843e-16
to 12,-1.0408340855860843e-16
the original,-1.0408340855860843e-16
washington,-1.0408340855860843e-16
well known,-1.0443035325380379e-16
has strong,-1.0443035325380379e-16
his mother,-1.0512424264419451e-16
thousands of people,-1.0512424264419451e-16
civilian,-1.052977149917922e-16
17 year old,-1.0547118733938987e-16
17 year,-1.0547118733938987e-16
views,-1.0547118733938987e-16
is due to,-1.0547118733938987e-16
concern over,-1.0547118733938987e-16
symptoms,-1.0547118733938987e-16
is due,-1.0547118733938987e-16
attacks in,-1.0547118733938987e-16
as the,-1.0547118733938987e-16
injury,-1.0547118733938987e-16
being found,-1.0547118733938987e-16
created,-1.0547118733938987e-16
the group which,-1.0547118733938987e-16
overcome,-1.0547118733938987e-16
argued,-1.0547118733938987e-16
hosting,-1.0547118733938987e-16
of the group,-1.0547118733938987e-16
excitement about,-1.0547118733938987e-16
car was,-1.0547118733938987e-16
12 000,-1.0547118733938987e-16
the money,-1.0547118733938987e-16
anything,-1.0547118733938987e-16
begin,-1.0547118733938987e-16
and south,-1.0581813203458523e-16
formal,-1.061650767297806e-16
father in,-1.061650767297806e-16
the crash,-1.063819171642777e-16
first since,-1.0646865333807654e-16
have died,-1.0651202142497595e-16
could,-1.0685896612017132e-16
nationwide,-1.0685896612017132e-16
years with,-1.0685896612017132e-16
require,-1.0685896612017132e-16
of three,-1.0685896612017132e-16
wiggins,-1.0763959168436088e-16
the ice shelf,-1.0789980020575741e-16
flown,-1.0816000872715392e-16
the 2012,-1.0824674490095276e-16
week with,-1.0824674490095276e-16
1987,-1.0824674490095276e-16
been responsible,-1.0824674490095276e-16
in libya,-1.0824674490095276e-16
wing,-1.0824674490095276e-16
care,-1.0824674490095276e-16
citizen,-1.0824674490095276e-16
stopped,-1.0824674490095276e-16
up the,-1.0824674490095276e-16
involved in,-1.0824674490095276e-16
was one of,-1.0824674490095276e-16
engine failure,-1.0824674490095276e-16
statue of,-1.0824674490095276e-16
deal,-1.0824674490095276e-16
government forces,-1.0824674490095276e-16
human rights,-1.0824674490095276e-16
have not,-1.0824674490095276e-16
contain,-1.0824674490095276e-16
budget,-1.0824674490095276e-16
decade,-1.0824674490095276e-16
with four,-1.0824674490095276e-16
witt,-1.0894063429134348e-16
in south korea,-1.0928757898653885e-16
and lack of,-1.0928757898653885e-16
and lack,-1.0928757898653885e-16
his career,-1.0946105133413653e-16
deal to,-1.0954778750793537e-16
detainees,-1.0963452368173421e-16
incident in,-1.0963452368173421e-16
split,-1.0963452368173421e-16
zealand,-1.1032841307212493e-16
taiwanese,-1.1032841307212493e-16
new zealand,-1.1032841307212493e-16
approach to,-1.1032841307212493e-16
leader,-1.1032841307212493e-16
after her,-1.1032841307212493e-16
that her,-1.1093556628871682e-16
allows,-1.1102230246251565e-16
spotted,-1.1102230246251565e-16
poisons,-1.1102230246251565e-16
dexter,-1.1102230246251565e-16
raise,-1.1102230246251565e-16
weapons to,-1.1102230246251565e-16
record for,-1.1102230246251565e-16
yamamoto,-1.1102230246251565e-16
search,-1.1102230246251565e-16
made by,-1.1102230246251565e-16
danish,-1.1102230246251565e-16
sealed the,-1.1102230246251565e-16
the help,-1.1102230246251565e-16
struggling with,-1.1102230246251565e-16
who were,-1.1102230246251565e-16
boost,-1.1102230246251565e-16
deportation,-1.1102230246251565e-16
significant damage,-1.1102230246251565e-16
crude,-1.1102230246251565e-16
taken to the,-1.1102230246251565e-16
source of,-1.1102230246251565e-16
nature of,-1.1102230246251565e-16
title,-1.1102230246251565e-16
seattle,-1.1102230246251565e-16
teens,-1.1102230246251565e-16
did not,-1.1102230246251565e-16
years and,-1.1102230246251565e-16
other notable,-1.1102230246251565e-16
clashes between,-1.1102230246251565e-16
false,-1.1102230246251565e-16
help,-1.1102230246251565e-16
hitler,-1.1102230246251565e-16
recruiting,-1.1102230246251565e-16
dexter king,-1.1102230246251565e-16
resolution,-1.1102230246251565e-16
spirit,-1.115427195053087e-16
the focus,-1.1171619185290639e-16
the deal is,-1.1171619185290639e-16
group stage,-1.1188966420050406e-16
and 20,-1.124100812432971e-16
such,-1.124100812432971e-16
leaving,-1.124100812432971e-16
shop,-1.124100812432971e-16
keep,-1.1310397063368783e-16
al majeed was,-1.1353765150268203e-16
majeed was,-1.1353765150268203e-16
fleet,-1.1379786002407854e-16
disabled,-1.1379786002407854e-16
involves,-1.1379786002407854e-16
the political,-1.1379786002407854e-16
and hopes,-1.1379786002407854e-16
the government the,-1.1379786002407854e-16
tribute,-1.1379786002407854e-16
thailand,-1.1379786002407854e-16
in manhattan,-1.1379786002407854e-16
discuss the,-1.1379786002407854e-16
tribute to,-1.1379786002407854e-16
experience and,-1.1449174941446927e-16
were found in,-1.1449174941446927e-16
was attacked by,-1.1518563880486e-16
china,-1.1518563880486e-16
board,-1.1518563880486e-16
degarmo,-1.1518563880486e-16
fabio,-1.1518563880486e-16
return of the,-1.1518563880486e-16
he plans,-1.1579279202145187e-16
he plans to,-1.1579279202145187e-16
being held by,-1.158795281952507e-16
were not,-1.158795281952507e-16
and killing,-1.160530005428484e-16
players,-1.1657341758564144e-16
understand,-1.1657341758564144e-16
tour finals,-1.1657341758564144e-16
games in,-1.1657341758564144e-16
over 100,-1.1657341758564144e-16
degree murder,-1.1657341758564144e-16
fighting for,-1.1657341758564144e-16
charge,-1.1657341758564144e-16
the attack and,-1.1657341758564144e-16
effectiveness,-1.1657341758564144e-16
goal in,-1.1657341758564144e-16
watch,-1.1657341758564144e-16
ages,-1.1657341758564144e-16
the government and,-1.1657341758564144e-16
he is also,-1.1657341758564144e-16
the government to,-1.1657341758564144e-16
concern about the,-1.1657341758564144e-16
work,-1.1657341758564144e-16
the concert,-1.1657341758564144e-16
the decision was,-1.1657341758564144e-16
it would,-1.1657341758564144e-16
advised to,-1.1657341758564144e-16
atp world tour,-1.1657341758564144e-16
known as,-1.1657341758564144e-16
the book,-1.1657341758564144e-16
group the,-1.1657341758564144e-16
greater,-1.1657341758564144e-16
beijing olympics,-1.1657341758564144e-16
atp world,-1.1657341758564144e-16
stomach,-1.1657341758564144e-16
reefs,-1.1657341758564144e-16
in connection,-1.1657341758564144e-16
departure,-1.1657341758564144e-16
world no,-1.1683362610703795e-16
young,-1.169203622808368e-16
carbon emissions,-1.1709383462843448e-16
morning,-1.1726730697603215e-16
run for,-1.1726730697603215e-16
is suspected,-1.1761425167122752e-16
congressional,-1.1796119636642288e-16
operate,-1.1796119636642288e-16
show that,-1.1796119636642288e-16
with the club,-1.1796119636642288e-16
potro,-1.1796119636642288e-16
lee,-1.1796119636642288e-16
including two,-1.1796119636642288e-16
state to,-1.1796119636642288e-16
law the,-1.1804793254022172e-16
is using,-1.1830814106161825e-16
serving in,-1.1865508575681362e-16
expressed hope that,-1.1865508575681362e-16
was being,-1.1865508575681362e-16
15 year old,-1.1874182193061245e-16
and officials,-1.192622389734055e-16
women in,-1.1934897514720432e-16
banking,-1.1934897514720432e-16
properly,-1.1934897514720432e-16
in january,-1.1934897514720432e-16
in bahrain,-1.1934897514720432e-16
the bison,-1.1934897514720432e-16
were unable to,-1.1934897514720432e-16
the texas,-1.1934897514720432e-16
were unable,-1.1934897514720432e-16
km,-1.1934897514720432e-16
both from,-1.1934897514720432e-16
and the country,-1.1934897514720432e-16
storm,-1.1934897514720432e-16
in haiti,-1.1934897514720432e-16
possibility of,-1.1934897514720432e-16
africa and,-1.1934897514720432e-16
this incident,-1.1934897514720432e-16
safe,-1.1934897514720432e-16
interview with,-1.1934897514720432e-16
the attacks,-1.1934897514720432e-16
business,-1.1934897514720432e-16
in florida,-1.1934897514720432e-16
rangers,-1.1934897514720432e-16
militants in,-1.1934897514720432e-16
migrants,-1.1934897514720432e-16
internal,-1.196959198423997e-16
invasion,-1.2004286453759506e-16
playing for,-1.2004286453759506e-16
allegations and,-1.2004286453759506e-16
tents,-1.2073675392798576e-16
began on,-1.2073675392798576e-16
blast occurred,-1.2073675392798576e-16
sandra,-1.2073675392798576e-16
championships,-1.2073675392798576e-16
that resulted in,-1.2073675392798576e-16
sharapova who,-1.2073675392798576e-16
that resulted,-1.2073675392798576e-16
sold,-1.2073675392798576e-16
family and friends,-1.2073675392798576e-16
manny pacquiao,-1.2073675392798576e-16
manny,-1.2073675392798576e-16
for all,-1.207801220148852e-16
figures,-1.214306433183765e-16
the location of,-1.214306433183765e-16
the tamil tigers,-1.214306433183765e-16
which occurred,-1.2212453270876723e-16
prom,-1.2212453270876723e-16
powerful,-1.2212453270876723e-16
sheffield,-1.2212453270876723e-16
practice,-1.2212453270876723e-16
victory,-1.2212453270876723e-16
hassan al,-1.2212453270876723e-16
events,-1.2212453270876723e-16
in sri lanka,-1.2212453270876723e-16
in sri,-1.2212453270876723e-16
his desire,-1.2212453270876723e-16
requested that,-1.2212453270876723e-16
nets,-1.2212453270876723e-16
evidence,-1.2212453270876723e-16
dynamo,-1.2212453270876723e-16
2000,-1.2212453270876723e-16
the hotel,-1.2212453270876723e-16
the west,-1.2212453270876723e-16
refugee camps,-1.2212453270876723e-16
poll,-1.2212453270876723e-16
ban on,-1.2212453270876723e-16
has confirmed,-1.2212453270876723e-16
crackdown,-1.2212453270876723e-16
before the,-1.2212453270876723e-16
the government,-1.2212453270876723e-16
making it,-1.2221126888256606e-16
in separate,-1.2281842209915794e-16
that of,-1.231653667943533e-16
terrorism and,-1.2351231148954867e-16
and killed,-1.2351231148954867e-16
car bomb,-1.2351231148954867e-16
net,-1.2351231148954867e-16
audio,-1.2351231148954867e-16
straight sets,-1.2351231148954867e-16
their homes,-1.2351231148954867e-16
wolfsburg in,-1.2351231148954867e-16
the american,-1.2351231148954867e-16
analysts,-1.2351231148954867e-16
classic,-1.2351231148954867e-16
when she,-1.2351231148954867e-16
phase,-1.2351231148954867e-16
of dollars,-1.2420620087993938e-16
laffer,-1.2420620087993938e-16
and did,-1.2420620087993938e-16
territory,-1.2420620087993938e-16
island,-1.2455314557513474e-16
areas,-1.249000902703301e-16
emirates,-1.249000902703301e-16
the process,-1.249000902703301e-16
channel,-1.249000902703301e-16
allows users,-1.249000902703301e-16
allows users to,-1.249000902703301e-16
samuel eto,-1.249000902703301e-16
help of,-1.249000902703301e-16
the help of,-1.249000902703301e-16
serving as,-1.249000902703301e-16
uses,-1.249000902703301e-16
one of several,-1.249000902703301e-16
frustration,-1.249000902703301e-16
screening,-1.249000902703301e-16
of the year,-1.249000902703301e-16
season,-1.249000902703301e-16
generation,-1.249000902703301e-16
with the help,-1.249000902703301e-16
the german,-1.249000902703301e-16
secure,-1.249000902703301e-16
improve the,-1.249000902703301e-16
to report,-1.249000902703301e-16
place at,-1.249000902703301e-16
role in the,-1.249000902703301e-16
parker,-1.249000902703301e-16
clijsters,-1.2524703496552548e-16
in the deaths,-1.2559397966072084e-16
the school,-1.2559397966072084e-16
year old son,-1.2628786905111155e-16
to fly,-1.2628786905111155e-16
healthy,-1.2628786905111155e-16
inside the,-1.2628786905111155e-16
discovered in,-1.2628786905111155e-16
pga tour,-1.2663481374630692e-16
in 2009 the,-1.2663481374630692e-16
where they will,-1.2698175844150228e-16
awards,-1.2698175844150228e-16
the arrest of,-1.2698175844150228e-16
opium,-1.2706849461530112e-16
are accused of,-1.2732870313669765e-16
are accused,-1.2732870313669765e-16
on november,-1.27675647831893e-16
effect,-1.27675647831893e-16
james,-1.27675647831893e-16
african american,-1.27675647831893e-16
with the murder,-1.27675647831893e-16
need for,-1.27675647831893e-16
has not been,-1.27675647831893e-16
the water,-1.27675647831893e-16
dialogue,-1.27675647831893e-16
the government is,-1.27675647831893e-16
catholic,-1.27675647831893e-16
qualify,-1.27675647831893e-16
the series,-1.27675647831893e-16
forward,-1.27675647831893e-16
team in,-1.27675647831893e-16
watching,-1.27675647831893e-16
reporting,-1.27675647831893e-16
and authorities are,-1.27675647831893e-16
causing the,-1.27675647831893e-16
off the,-1.27675647831893e-16
air,-1.27675647831893e-16
ongoing violence,-1.27675647831893e-16
sheriff,-1.27675647831893e-16
hip,-1.27675647831893e-16
prevent,-1.27675647831893e-16
has been missing,-1.27675647831893e-16
hikers,-1.27675647831893e-16
has called for,-1.27675647831893e-16
through,-1.27675647831893e-16
community the,-1.27675647831893e-16
store,-1.27675647831893e-16
to promote,-1.2819606487468605e-16
linked to,-1.2836953722228372e-16
without parole,-1.2836953722228372e-16
natural gas,-1.285430095698814e-16
evacuated,-1.287164819174791e-16
the annual,-1.2906342661267446e-16
also called,-1.2906342661267446e-16
new law,-1.2906342661267446e-16
federal agents,-1.2906342661267446e-16
the affected,-1.2906342661267446e-16
and received,-1.2906342661267446e-16
makes,-1.2906342661267446e-16
giving,-1.3010426069826053e-16
to death in,-1.302777330458582e-16
opposed,-1.304512053934559e-16
was at,-1.304512053934559e-16
arrested and,-1.304512053934559e-16
degeneres,-1.304512053934559e-16
in the middle,-1.304512053934559e-16
card,-1.304512053934559e-16
of people,-1.304512053934559e-16
in the national,-1.311450947838466e-16
120,-1.311450947838466e-16
return to yemen,-1.3149203947904197e-16
to yemen,-1.3149203947904197e-16
effects,-1.3183898417423734e-16
oregon,-1.3183898417423734e-16
to build new,-1.3183898417423734e-16
stating that the,-1.3183898417423734e-16
has agreed,-1.3183898417423734e-16
has agreed to,-1.3183898417423734e-16
the position,-1.3183898417423734e-16
profile,-1.3183898417423734e-16
were arrested in,-1.3183898417423734e-16
build new,-1.3183898417423734e-16
second in,-1.3287981825982341e-16
to increase,-1.3322676295501878e-16
officer the,-1.3322676295501878e-16
altez,-1.3322676295501878e-16
story,-1.3322676295501878e-16
he expressed,-1.3322676295501878e-16
who played,-1.3322676295501878e-16
when the,-1.3322676295501878e-16
to go,-1.3322676295501878e-16
16th,-1.3322676295501878e-16
twice in the,-1.3322676295501878e-16
clinton,-1.3322676295501878e-16
immigration,-1.3322676295501878e-16
killer,-1.3322676295501878e-16
winning the,-1.3322676295501878e-16
netherlands,-1.3322676295501878e-16
reindeer,-1.3322676295501878e-16
controlled,-1.3322676295501878e-16
cell,-1.3322676295501878e-16
on june,-1.3322676295501878e-16
helicopter,-1.3322676295501878e-16
white,-1.3322676295501878e-16
the ongoing conflict,-1.3322676295501878e-16
recorders,-1.3322676295501878e-16
months in,-1.3322676295501878e-16
time he,-1.3322676295501878e-16
drug cartels,-1.3322676295501878e-16
to expand,-1.3322676295501878e-16
del,-1.3322676295501878e-16
supported,-1.3322676295501878e-16
my favorite,-1.3392065234540951e-16
minute the,-1.3392065234540951e-16
crew and,-1.3461454173580022e-16
ceremony,-1.3461454173580022e-16
portuguese,-1.3461454173580022e-16
the rescue,-1.3461454173580022e-16
journey,-1.3461454173580022e-16
agencies,-1.3461454173580022e-16
is exacerbated by,-1.3461454173580022e-16
is exacerbated,-1.3461454173580022e-16
television,-1.3461454173580022e-16
to ensure,-1.3461454173580022e-16
responded,-1.3530843112619095e-16
where they,-1.3530843112619095e-16
witnesses,-1.3530843112619095e-16
bail,-1.3600232051658169e-16
been part of,-1.3600232051658169e-16
humanitarian,-1.3600232051658169e-16
stating that he,-1.3600232051658169e-16
has criticized,-1.3600232051658169e-16
new york and,-1.3600232051658169e-16
to leave,-1.3600232051658169e-16
york and,-1.3600232051658169e-16
top of,-1.3600232051658169e-16
the world number,-1.3600232051658169e-16
been part,-1.3600232051658169e-16
were made,-1.3600232051658169e-16
grand,-1.3600232051658169e-16
to allow,-1.3600232051658169e-16
coast of,-1.3600232051658169e-16
presidential,-1.3600232051658169e-16
110,-1.3704315460216776e-16
radio,-1.3739009929736313e-16
no evidence,-1.3739009929736313e-16
as president,-1.3739009929736313e-16
claims to have,-1.3739009929736313e-16
counts of,-1.3739009929736313e-16
his defense,-1.3739009929736313e-16
to determine the,-1.3739009929736313e-16
complex,-1.3804062060085443e-16
money to,-1.3808398868775383e-16
article concludes,-1.386044057305469e-16
the article concludes,-1.386044057305469e-16
stating it,-1.3877787807814457e-16
missing the,-1.3877787807814457e-16
dallas,-1.3877787807814457e-16
haiti,-1.3877787807814457e-16
first time since,-1.3877787807814457e-16
not to,-1.3877787807814457e-16
plotting,-1.3877787807814457e-16
yar,-1.3877787807814457e-16
and new,-1.3877787807814457e-16
marseille,-1.3877787807814457e-16
president george,-1.3877787807814457e-16
shot and,-1.3877787807814457e-16
spent,-1.3877787807814457e-16
death was,-1.3877787807814457e-16
national team,-1.3877787807814457e-16
yar adua,-1.3877787807814457e-16
leaked,-1.3877787807814457e-16
isner,-1.3877787807814457e-16
head,-1.3877787807814457e-16
adua,-1.3877787807814457e-16
chance to,-1.3877787807814457e-16
accused of using,-1.3877787807814457e-16
hollywood,-1.3877787807814457e-16
in drug,-1.3877787807814457e-16
kidnapping of,-1.40165656858926e-16
taking place,-1.40165656858926e-16
in egypt,-1.40165656858926e-16
been released,-1.40165656858926e-16
that have,-1.40165656858926e-16
in the group,-1.40165656858926e-16
the operation,-1.40165656858926e-16
team will,-1.40165656858926e-16
to disclose,-1.40165656858926e-16
emperor,-1.404583914454971e-16
specific,-1.4051260155412137e-16
in november,-1.4051260155412137e-16
angela merkel,-1.4085954624931674e-16
being investigated,-1.4085954624931674e-16
in 2010,-1.4085954624931674e-16
conference,-1.4155343563970745e-16
it,-1.4155343563970745e-16
it not,-1.4155343563970745e-16
property,-1.4155343563970745e-16
was acquitted of,-1.4155343563970745e-16
promised to,-1.4155343563970745e-16
of the first,-1.4155343563970745e-16
temple,-1.4155343563970745e-16
jailed,-1.4155343563970745e-16
rather,-1.4155343563970745e-16
has led,-1.4155343563970745e-16
likely to,-1.4155343563970745e-16
desire for,-1.4190038033490282e-16
below,-1.4224732503009818e-16
the celtics,-1.4224732503009818e-16
expand,-1.4294121442048891e-16
people and wounded,-1.4294121442048891e-16
over 500,-1.4294121442048891e-16
is now,-1.4294121442048891e-16
include the,-1.4363510381087962e-16
further investigation,-1.43982048506075e-16
for further investigation,-1.43982048506075e-16
responsibility for,-1.43982048506075e-16
islamabad,-1.4432899320127036e-16
real valladolid,-1.4432899320127036e-16
potion,-1.4432899320127036e-16
mandatory,-1.4432899320127036e-16
initial,-1.4432899320127036e-16
security concerns,-1.4432899320127036e-16
of war crimes,-1.4432899320127036e-16
alabama,-1.4432899320127036e-16
ruled that,-1.4432899320127036e-16
cook,-1.4432899320127036e-16
denver,-1.4432899320127036e-16
argentina,-1.4432899320127036e-16
2001,-1.4432899320127036e-16
randon,-1.4432899320127036e-16
last season,-1.4432899320127036e-16
used to,-1.4432899320127036e-16
pakistan has,-1.4432899320127036e-16
in california,-1.4432899320127036e-16
appeared,-1.4432899320127036e-16
the united,-1.4432899320127036e-16
joe,-1.4432899320127036e-16
longer,-1.444157293750692e-16
question,-1.4502288259166106e-16
but rather,-1.457167719820518e-16
the town,-1.457167719820518e-16
zimbabwe government,-1.457167719820518e-16
craigslist,-1.457167719820518e-16
191,-1.457167719820518e-16
25 000,-1.4641066137244253e-16
estimated,-1.4641066137244253e-16
of violent,-1.4641066137244253e-16
state in,-1.4641066137244253e-16
take place,-1.4675760606763787e-16
with about,-1.4710455076283324e-16
weezer,-1.4710455076283324e-16
is grateful,-1.4710455076283324e-16
is grateful for,-1.4710455076283324e-16
to prevent,-1.4710455076283324e-16
iraq and,-1.4710455076283324e-16
50m,-1.4710455076283324e-16
difficult to,-1.4710455076283324e-16
residents have,-1.4710455076283324e-16
laredo,-1.4710455076283324e-16
the sentences,-1.4710455076283324e-16
voted,-1.4710455076283324e-16
export,-1.4710455076283324e-16
1990s,-1.4710455076283324e-16
national,-1.4710455076283324e-16
the cartel,-1.4710455076283324e-16
imposed,-1.4710455076283324e-16
the proposal,-1.4710455076283324e-16
speaking,-1.4779844015322397e-16
patrick,-1.4779844015322397e-16
court decision,-1.4779844015322397e-16
gen,-1.4779844015322397e-16
van der sloot,-1.4814538484841934e-16
sloot,-1.4814538484841934e-16
der sloot,-1.4814538484841934e-16
to change,-1.4849232954361468e-16
vegas,-1.4849232954361468e-16
las,-1.4849232954361468e-16
las vegas,-1.4849232954361468e-16
received over,-1.4849232954361468e-16
active,-1.491862189340054e-16
19th,-1.4953316362920078e-16
olten,-1.4988010832439614e-16
the ongoing,-1.4988010832439614e-16
wearing,-1.4988010832439614e-16
lifestyle,-1.4988010832439614e-16
protest the,-1.4988010832439614e-16
in line,-1.4988010832439614e-16
be announced,-1.4988010832439614e-16
the last four,-1.4988010832439614e-16
thornton,-1.4988010832439614e-16
bp,-1.4988010832439614e-16
leg,-1.4988010832439614e-16
last four,-1.4988010832439614e-16
private,-1.4988010832439614e-16
pain,-1.4988010832439614e-16
been arrested,-1.4988010832439614e-16
bail and,-1.4988010832439614e-16
police and,-1.4988010832439614e-16
years in prison,-1.4988010832439614e-16
plane,-1.4988010832439614e-16
described the,-1.4988010832439614e-16
will now face,-1.4988010832439614e-16
photographers,-1.4988010832439614e-16
capacity,-1.4988010832439614e-16
amount of,-1.4988010832439614e-16
file,-1.5022705301959148e-16
74,-1.5022705301959148e-16
human rights violations,-1.5057399771478685e-16
citizens to,-1.5057399771478685e-16
aid workers,-1.5074747006238455e-16
capsized off,-1.5092094240998222e-16
capsized,-1.5092094240998222e-16
promised,-1.5126788710517758e-16
alex ferguson,-1.5126788710517758e-16
new manager,-1.5126788710517758e-16
broadcast,-1.5126788710517758e-16
joked,-1.5126788710517758e-16
joked about,-1.5126788710517758e-16
group that,-1.5126788710517758e-16
up in,-1.5126788710517758e-16
admitted,-1.5126788710517758e-16
ask,-1.5126788710517758e-16
african union,-1.519617764955683e-16
prove,-1.519617764955683e-16
violence the,-1.519617764955683e-16
to open,-1.519617764955683e-16
president nicolas,-1.5265566588595902e-16
were sparked,-1.5265566588595902e-16
to south africa,-1.5265566588595902e-16
two games,-1.5265566588595902e-16
social media,-1.5265566588595902e-16
sudanese government,-1.5265566588595902e-16
president nicolas sarkozy,-1.5265566588595902e-16
evil,-1.5265566588595902e-16
won the gold,-1.5265566588595902e-16
which may,-1.5265566588595902e-16
were sparked by,-1.5265566588595902e-16
funeral,-1.5265566588595902e-16
this week,-1.5265566588595902e-16
incident occurred when,-1.5265566588595902e-16
was released on,-1.5265566588595902e-16
the sudanese government,-1.5265566588595902e-16
two countries,-1.530026105811544e-16
the two countries,-1.530026105811544e-16
was arrested and,-1.5334955527634976e-16
santa,-1.5334955527634976e-16
and at,-1.536964999715451e-16
repair,-1.5404344466674047e-16
he should,-1.5404344466674047e-16
nationals,-1.5404344466674047e-16
issue the,-1.5404344466674047e-16
the deadliest,-1.540868127536399e-16
decline in,-1.5439038936193583e-16
to run for,-1.545638617095335e-16
the los,-1.547373340571312e-16
carry out,-1.547373340571312e-16
weeks the,-1.547373340571312e-16
and only,-1.547373340571312e-16
the british army,-1.549975425785277e-16
hosted,-1.5525775109992423e-16
in the new,-1.554312234475219e-16
with at least,-1.554312234475219e-16
is offering,-1.554312234475219e-16
found to,-1.554312234475219e-16
indicates,-1.554312234475219e-16
but,-1.554312234475219e-16
spread,-1.554312234475219e-16
that they are,-1.554312234475219e-16
fight with,-1.554312234475219e-16
extradition,-1.554312234475219e-16
apologized to,-1.554312234475219e-16
the judge has,-1.554312234475219e-16
of japan,-1.554312234475219e-16
sparked outrage,-1.554312234475219e-16
loving,-1.554312234475219e-16
to work on,-1.554312234475219e-16
with win,-1.554312234475219e-16
with victory over,-1.554312234475219e-16
inquiry,-1.554312234475219e-16
big,-1.554312234475219e-16
newspaper,-1.554312234475219e-16
join,-1.554312234475219e-16
place on,-1.554312234475219e-16
of five,-1.554312234475219e-16
the race,-1.554312234475219e-16
player has,-1.554312234475219e-16
all,-1.554312234475219e-16
2007 to,-1.554312234475219e-16
already,-1.554312234475219e-16
launch,-1.554312234475219e-16
conditions,-1.554312234475219e-16
highlighted the,-1.554312234475219e-16
shown,-1.5612511283791264e-16
werder,-1.5638532135930917e-16
bremen,-1.5638532135930917e-16
debris,-1.5681900222830337e-16
february,-1.5681900222830337e-16
of the united,-1.5681900222830337e-16
20 year,-1.5681900222830337e-16
held by the,-1.5681900222830337e-16
have been fighting,-1.5681900222830337e-16
prescription,-1.5681900222830337e-16
for an independent,-1.5681900222830337e-16
us citizens,-1.573394192710964e-16
daughters,-1.5751289161869408e-16
his car,-1.5751289161869408e-16
been chosen,-1.582067810090848e-16
claims to,-1.582067810090848e-16
million displaced,-1.582067810090848e-16
yeboah,-1.582067810090848e-16
chance,-1.582067810090848e-16
due to an,-1.582067810090848e-16
vietnam,-1.582067810090848e-16
the lead in,-1.582067810090848e-16
pirate,-1.582067810090848e-16
came to,-1.582067810090848e-16
continues,-1.582067810090848e-16
victim,-1.582067810090848e-16
described her,-1.582067810090848e-16
guevara,-1.582067810090848e-16
awareness,-1.582067810090848e-16
in mexico,-1.582067810090848e-16
debut,-1.582067810090848e-16
circumstances,-1.582067810090848e-16
concludes,-1.582067810090848e-16
transplant,-1.5855372570428018e-16
changes in,-1.5872719805187785e-16
says that,-1.5959455978986625e-16
the opposition,-1.5959455978986625e-16
second time,-1.5959455978986625e-16
fabio cannavaro,-1.5959455978986625e-16
protesters are,-1.5959455978986625e-16
hands,-1.5959455978986625e-16
to appear,-1.5959455978986625e-16
the house,-1.5959455978986625e-16
the second round,-1.5959455978986625e-16
tear,-1.5959455978986625e-16
move comes,-1.5959455978986625e-16
record breaking,-1.5959455978986625e-16
center in,-1.5959455978986625e-16
team sky,-1.5972466405056452e-16
the premier,-1.5994150448506162e-16
the premier league,-1.5994150448506162e-16
focused,-1.6028844918025699e-16
gastrointestinal,-1.6063539387545233e-16
push for,-1.6089560239684886e-16
minutes,-1.609823385706477e-16
two points,-1.609823385706477e-16
status of,-1.609823385706477e-16
temperatures,-1.609823385706477e-16
oscar,-1.609823385706477e-16
and had,-1.609823385706477e-16
the cause,-1.609823385706477e-16
security in,-1.609823385706477e-16
the men,-1.609823385706477e-16
young people,-1.609823385706477e-16
defeat,-1.609823385706477e-16
the security,-1.609823385706477e-16
people are,-1.609823385706477e-16
been unable to,-1.609823385706477e-16
been unable,-1.609823385706477e-16
caused by,-1.609823385706477e-16
2003,-1.609823385706477e-16
if he,-1.609823385706477e-16
address the,-1.609823385706477e-16
bongo,-1.609823385706477e-16
expressed frustration,-1.609823385706477e-16
ghana in,-1.6167622796103843e-16
trial is expected,-1.6167622796103843e-16
ford,-1.620231726562338e-16
the safety,-1.6219664500383146e-16
the band,-1.6237011735142913e-16
on sunday the,-1.6237011735142913e-16
juan manuel,-1.6237011735142913e-16
use of,-1.6237011735142913e-16
knesset,-1.6237011735142913e-16
52,-1.6237011735142913e-16
results,-1.6237011735142913e-16
place with,-1.6237011735142913e-16
islamic law,-1.6237011735142913e-16
dismiss,-1.6237011735142913e-16
those of,-1.6306400674181987e-16
have resulted in,-1.6306400674181987e-16
believing,-1.6306400674181987e-16
have resulted,-1.6306400674181987e-16
will be held,-1.633242152632164e-16
committee,-1.637578961322106e-16
redknapp,-1.637578961322106e-16
rivalry,-1.637578961322106e-16
western,-1.637578961322106e-16
open in,-1.637578961322106e-16
the attack was,-1.637578961322106e-16
confirm,-1.637578961322106e-16
in southern,-1.637578961322106e-16
searched,-1.637578961322106e-16
she had,-1.6384463230600943e-16
that can,-1.6388800039290884e-16
in prison and,-1.6393136847980827e-16
by former,-1.6427831317500364e-16
citing his,-1.644517855226013e-16
sunni,-1.650589387391932e-16
champions league group,-1.6514567491299204e-16
by two,-1.6514567491299204e-16
imprisoned,-1.6514567491299204e-16
games and,-1.6514567491299204e-16
on saturday the,-1.6514567491299204e-16
wayne,-1.6514567491299204e-16
his apartment,-1.6514567491299204e-16
wayne rooney,-1.6514567491299204e-16
over the,-1.6514567491299204e-16
buying,-1.6514567491299204e-16
the opportunity,-1.6514567491299204e-16
is concerned about,-1.6566609195578508e-16
the opening,-1.6583956430338275e-16
18,-1.6583956430338275e-16
him in the,-1.6653345369377348e-16
maintaining,-1.6653345369377348e-16
on tuesday,-1.6653345369377348e-16
unlikely,-1.6653345369377348e-16
the state,-1.6653345369377348e-16
nepal,-1.6653345369377348e-16
the search,-1.6653345369377348e-16
the obama administration,-1.6653345369377348e-16
ministry,-1.6653345369377348e-16
chance of,-1.6653345369377348e-16
allegations,-1.6653345369377348e-16
stiefel,-1.6653345369377348e-16
joking,-1.6653345369377348e-16
to sell,-1.6653345369377348e-16
and political,-1.6653345369377348e-16
to determine if,-1.6653345369377348e-16
the crimes,-1.6653345369377348e-16
broke,-1.6653345369377348e-16
white house,-1.6653345369377348e-16
version,-1.6688039838896885e-16
connected,-1.6757428777935956e-16
in public,-1.6792123247455492e-16
in need,-1.6792123247455492e-16
with pakistan,-1.6792123247455492e-16
report on,-1.6792123247455492e-16
candidate,-1.6792123247455492e-16
the next round,-1.6865848995184506e-16
next round,-1.6865848995184506e-16
the result of,-1.6930901125533636e-16
region with,-1.6930901125533636e-16
away,-1.6930901125533636e-16
nature of the,-1.6930901125533636e-16
price,-1.6930901125533636e-16
dana gas,-1.6930901125533636e-16
but is,-1.6930901125533636e-16
previous record,-1.6930901125533636e-16
expected to lead,-1.6930901125533636e-16
dana gas and,-1.6930901125533636e-16
members of,-1.6930901125533636e-16
dana,-1.6930901125533636e-16
of four,-1.6930901125533636e-16
motor,-1.6930901125533636e-16
who previously,-1.6930901125533636e-16
cup,-1.700029006457271e-16
investigation into the,-1.700029006457271e-16
location,-1.704365815147213e-16
to release,-1.7069679003611783e-16
it difficult,-1.7069679003611783e-16
the families of,-1.7069679003611783e-16
goal from,-1.7069679003611783e-16
whale,-1.7069679003611783e-16
strict,-1.7069679003611783e-16
over to,-1.7069679003611783e-16
story of,-1.7069679003611783e-16
to regain,-1.708702623837155e-16
ncaa,-1.7208456881689927e-16
him as,-1.7208456881689927e-16
lives,-1.7208456881689927e-16
law in,-1.7208456881689927e-16
foreign aid,-1.7208456881689927e-16
the face,-1.7208456881689927e-16
allegations of,-1.7208456881689927e-16
2011,-1.7208456881689927e-16
they will,-1.7208456881689927e-16
gang,-1.7208456881689927e-16
efforts to,-1.7208456881689927e-16
her new,-1.7208456881689927e-16
the show,-1.7208456881689927e-16
in darfur,-1.7208456881689927e-16
the ncaa,-1.7208456881689927e-16
one in,-1.7208456881689927e-16
qaeda in iraq,-1.7208456881689927e-16
san francisco,-1.7208456881689927e-16
back,-1.7208456881689927e-16
attorney,-1.7208456881689927e-16
beckham,-1.7277845820728998e-16
of eight,-1.7277845820728998e-16
in at least,-1.734723475976807e-16
and for,-1.734723475976807e-16
similar to,-1.734723475976807e-16
stolen from,-1.734723475976807e-16
of whom,-1.734723475976807e-16
of military,-1.734723475976807e-16
the site,-1.734723475976807e-16
lead to,-1.734723475976807e-16
20 years in,-1.734723475976807e-16
bureau,-1.734723475976807e-16
for the,-1.7381929229287608e-16
controversial,-1.7416623698807144e-16
aimed at,-1.7416623698807144e-16
paul,-1.7416623698807144e-16
deals,-1.7416623698807144e-16
king,-1.7416623698807144e-16
remaining,-1.7416623698807144e-16
russia,-1.7451318168326678e-16
that led,-1.7486012637846215e-16
that led to,-1.7486012637846215e-16
organized crime,-1.7486012637846215e-16
crimes including,-1.7486012637846215e-16
october and,-1.7486012637846215e-16
his match against,-1.7486012637846215e-16
honey,-1.7486012637846215e-16
the helicopter,-1.7486012637846215e-16
polls,-1.7486012637846215e-16
posting,-1.7486012637846215e-16
the bear,-1.7486012637846215e-16
prison and,-1.7486012637846215e-16
deal with the,-1.7555401576885288e-16
finalized,-1.7590096046404825e-16
being held on,-1.762479051592436e-16
high school,-1.762479051592436e-16
championship,-1.762479051592436e-16
july 2007,-1.762479051592436e-16
an estimated,-1.762479051592436e-16
four year,-1.7737547541862853e-16
protesters were,-1.7763568394002506e-16
to protest,-1.7763568394002506e-16
years in jail,-1.7763568394002506e-16
the darfur,-1.7763568394002506e-16
on charges,-1.7763568394002506e-16
hat,-1.7763568394002506e-16
of zimbabwe,-1.7763568394002506e-16
members,-1.7763568394002506e-16
the games,-1.7763568394002506e-16
sentenced to,-1.7763568394002506e-16
and has not,-1.7763568394002506e-16
islands,-1.7763568394002506e-16
silver,-1.7763568394002506e-16
to join,-1.7763568394002506e-16
comments,-1.7763568394002506e-16
liu,-1.7763568394002506e-16
projects including,-1.7763568394002506e-16
cantu,-1.7763568394002506e-16
has made,-1.7763568394002506e-16
report also,-1.7763568394002506e-16
functioning,-1.7763568394002506e-16
reported in,-1.7763568394002506e-16
supporters,-1.779826286352204e-16
26 year old,-1.7832957333041576e-16
previously stated that,-1.7832957333041576e-16
the week,-1.790234627208065e-16
world championships,-1.790234627208065e-16
have to,-1.790234627208065e-16
chilean,-1.8041124150158794e-16
disrupt,-1.8041124150158794e-16
camp,-1.8041124150158794e-16
the death toll,-1.8041124150158794e-16
failure to,-1.8041124150158794e-16
called,-1.8041124150158794e-16
being involved,-1.8041124150158794e-16
that occurred,-1.8041124150158794e-16
her mother,-1.8041124150158794e-16
crowds,-1.8041124150158794e-16
being involved in,-1.8041124150158794e-16
the hospital,-1.8041124150158794e-16
it difficult to,-1.8093165854438098e-16
greatest,-1.8110513089197867e-16
britney,-1.8110513089197867e-16
handed over to,-1.81452075587174e-16
tiger,-1.81452075587174e-16
felix,-1.8179902028236938e-16
biography,-1.8179902028236938e-16
into the incident,-1.8179902028236938e-16
loud,-1.8218933306446417e-16
both,-1.824929096727601e-16
escape,-1.824929096727601e-16
werder bremen,-1.827097501072572e-16
gratitude,-1.8318679906315082e-16
recovery,-1.8318679906315082e-16
brazil,-1.8318679906315082e-16
to continue,-1.8318679906315082e-16
there have been,-1.8318679906315082e-16
bitter,-1.8318679906315082e-16
gathered,-1.8318679906315082e-16
suggested,-1.8318679906315082e-16
dates,-1.8318679906315082e-16
the museum,-1.8318679906315082e-16
liverpool,-1.8318679906315082e-16
his,-1.8318679906315082e-16
attack was,-1.8318679906315082e-16
looting,-1.8318679906315082e-16
the stimulus,-1.8318679906315082e-16
the league,-1.8318679906315082e-16
department is,-1.8318679906315082e-16
featured,-1.8318679906315082e-16
north,-1.8318679906315082e-16
attacks on,-1.8318679906315082e-16
areas the,-1.8353374375834619e-16
golf,-1.8388068845354155e-16
holds,-1.8457457784393228e-16
whether,-1.8457457784393228e-16
motive,-1.8457457784393228e-16
contacting,-1.8561541192951836e-16
andy,-1.8596235662471373e-16
between the two,-1.8596235662471373e-16
has appointed,-1.8596235662471373e-16
kidnapping,-1.8596235662471373e-16
and is currently,-1.8596235662471373e-16
states and,-1.8596235662471373e-16
and equipment,-1.8596235662471373e-16
10 days,-1.8596235662471373e-16
prison the,-1.8596235662471373e-16
the 2010 world,-1.8596235662471373e-16
iranian consulate,-1.8596235662471373e-16
nedogon,-1.8596235662471373e-16
the african,-1.8596235662471373e-16
players championship,-1.8596235662471373e-16
it in,-1.8596235662471373e-16
arthur,-1.8596235662471373e-16
the iranian consulate,-1.8596235662471373e-16
selection,-1.861358289723114e-16
of haiti,-1.863093013199091e-16
on fire,-1.870031907102998e-16
15 year,-1.8735013540549517e-16
people and injuring,-1.8735013540549517e-16
case was,-1.8735013540549517e-16
grateful,-1.8735013540549517e-16
world cup,-1.8735013540549517e-16
from the,-1.8735013540549517e-16
entire,-1.8735013540549517e-16
closing,-1.880440247958859e-16
harry potter,-1.887379141862766e-16
engaged,-1.887379141862766e-16
testimony,-1.887379141862766e-16
tamil,-1.887379141862766e-16
the amount,-1.887379141862766e-16
the app,-1.887379141862766e-16
introduced,-1.887379141862766e-16
potter,-1.887379141862766e-16
caribbean,-1.887379141862766e-16
the name,-1.887379141862766e-16
shootout,-1.887379141862766e-16
flores,-1.887379141862766e-16
known as the,-1.887379141862766e-16
aid and,-1.887379141862766e-16
bennett,-1.887379141862766e-16
weeks,-1.887379141862766e-16
temporarily,-1.887379141862766e-16
would not be,-1.887379141862766e-16
involvement in,-1.887379141862766e-16
attacked by,-1.8899812270767314e-16
use of the,-1.897787482718627e-16
bringing the total,-1.897787482718627e-16
in the face,-1.9012569296705805e-16
chose,-1.9012569296705805e-16
nuclear,-1.9012569296705805e-16
the company is,-1.9012569296705805e-16
will need to,-1.9012569296705805e-16
and did not,-1.9012569296705805e-16
sky,-1.906461100098511e-16
laden,-1.9081958235744878e-16
sclc,-1.9151347174783951e-16
lindsay,-1.9151347174783951e-16
arraigned,-1.9151347174783951e-16
purposes,-1.9151347174783951e-16
positive,-1.9151347174783951e-16
for potential,-1.9151347174783951e-16
provides,-1.9151347174783951e-16
and took,-1.9151347174783951e-16
sons,-1.9151347174783951e-16
sunday the,-1.9168694409543718e-16
know,-1.9220736113823022e-16
led to,-1.9220736113823022e-16
struggling to,-1.9220736113823022e-16
her murder,-1.9220736113823022e-16
army has,-1.9290125052862095e-16
rejected the,-1.9359513991901166e-16
article highlights,-1.9394208461420703e-16
singles,-1.942890293094024e-16
advanced to,-1.942890293094024e-16
injuries and,-1.942890293094024e-16
night,-1.942890293094024e-16
the new york,-1.942890293094024e-16
extend the,-1.942890293094024e-16
weight,-1.942890293094024e-16
are part,-1.942890293094024e-16
case against,-1.942890293094024e-16
jim,-1.942890293094024e-16
violations,-1.942890293094024e-16
the situation,-1.942890293094024e-16
the fire,-1.942890293094024e-16
hundred,-1.942890293094024e-16
has now,-1.942890293094024e-16
the poll,-1.9498291869979313e-16
lanka,-1.9567680809018384e-16
old woman,-1.9567680809018384e-16
raised concerns,-1.9567680809018384e-16
year old woman,-1.9567680809018384e-16
sri lanka,-1.9567680809018384e-16
seventh,-1.9567680809018384e-16
recalled,-1.9567680809018384e-16
scored the winning,-1.9619722513297687e-16
the administration,-1.9671764217576993e-16
team and,-1.9672848419749478e-16
who lost,-1.9706458687096528e-16
fact,-1.9706458687096528e-16
court hearing,-1.9706458687096528e-16
her death,-1.9706458687096528e-16
the conflict,-1.9706458687096528e-16
paying,-1.9706458687096528e-16
body,-1.9706458687096528e-16
distribution of,-1.9706458687096528e-16
been fighting for,-1.9706458687096528e-16
prepared,-1.9706458687096528e-16
apologized for,-1.9845236565174674e-16
win the,-1.9845236565174674e-16
icc has,-1.9845236565174674e-16
highlighting the,-1.9845236565174674e-16
approach,-1.9845236565174674e-16
when they were,-1.9845236565174674e-16
after an,-1.9879931034694208e-16
to lack,-1.9914625504213745e-16
to lack of,-1.9914625504213745e-16
is looking,-1.9931972738973515e-16
iron,-1.9984014443252818e-16
costa,-1.9984014443252818e-16
initiated,-1.9984014443252818e-16
delayed,-1.9984014443252818e-16
elect,-1.9984014443252818e-16
due,-1.9984014443252818e-16
ways,-1.9984014443252818e-16
dangerous,-1.9984014443252818e-16
reporter,-1.9984014443252818e-16
wants,-1.9984014443252818e-16
the result,-1.9984014443252818e-16
the discovery,-1.9984014443252818e-16
sent off,-1.9984014443252818e-16
appeared in,-1.9984014443252818e-16
described,-1.9984014443252818e-16
french government,-1.9984014443252818e-16
an,-1.9984014443252818e-16
in december,-1.9984014443252818e-16
failure the,-1.9984014443252818e-16
the books,-1.9984014443252818e-16
and would,-1.9984014443252818e-16
robin soderling in,-1.9984014443252818e-16
people in,-1.9984014443252818e-16
addressed,-1.9984014443252818e-16
was previously,-2.0122792321330962e-16
notes,-2.0122792321330962e-16
group was,-2.0122792321330962e-16
area,-2.0122792321330962e-16
for at least,-2.0122792321330962e-16
but her,-2.0122792321330962e-16
students,-2.0122792321330962e-16
arctic,-2.0192181260370036e-16
murray,-2.0261570199409106e-16
has faced,-2.0261570199409106e-16
65,-2.0261570199409106e-16
terrain,-2.0261570199409106e-16
the jellyfish,-2.0261570199409106e-16
missed,-2.0261570199409106e-16
consider,-2.0261570199409106e-16
21 year old,-2.0261570199409106e-16
pink,-2.0261570199409106e-16
agreed to,-2.0261570199409106e-16
plans for,-2.0261570199409106e-16
in the men,-2.0261570199409106e-16
using the,-2.0261570199409106e-16
taliban in,-2.0261570199409106e-16
the cave,-2.0261570199409106e-16
cars,-2.0261570199409106e-16
21 year,-2.0261570199409106e-16
lead at,-2.0261570199409106e-16
engage,-2.039601126879731e-16
calderon,-2.040034807748725e-16
the audience,-2.040034807748725e-16
in court,-2.0469737016526324e-16
world record,-2.050443148604586e-16
resigned after,-2.0539125955565397e-16
forces in,-2.0539125955565397e-16
over time,-2.0539125955565397e-16
gabor,-2.0539125955565397e-16
klatten,-2.0539125955565397e-16
the city,-2.0539125955565397e-16
the trial is,-2.0539125955565397e-16
armed,-2.0539125955565397e-16
to their,-2.0539125955565397e-16
filled,-2.0539125955565397e-16
hold,-2.0539125955565397e-16
as he,-2.0539125955565397e-16
contribute to,-2.0539125955565397e-16
palace,-2.057382042508493e-16
to rest,-2.0608514894604468e-16
preserve,-2.0643209364124004e-16
owned by,-2.067790383364354e-16
60 million,-2.067790383364354e-16
answers,-2.067790383364354e-16
the incident highlights,-2.0747292772682612e-16
the videos,-2.0747292772682612e-16
considers,-2.0816681711721685e-16
in row,-2.0816681711721685e-16
is preparing,-2.0816681711721685e-16
factions,-2.0816681711721685e-16
could lead to,-2.0816681711721685e-16
previously,-2.0816681711721685e-16
streak,-2.0816681711721685e-16
as possible,-2.0816681711721685e-16
delhi,-2.0816681711721685e-16
wound,-2.0816681711721685e-16
was an,-2.0816681711721685e-16
long island,-2.0816681711721685e-16
institutions,-2.0816681711721685e-16
mahmoud,-2.0816681711721685e-16
expanded,-2.0816681711721685e-16
coach,-2.0816681711721685e-16
oldest,-2.0816681711721685e-16
head of state,-2.0816681711721685e-16
could lead,-2.0816681711721685e-16
system will,-2.0816681711721685e-16
chambers,-2.095545958979983e-16
tactics,-2.095545958979983e-16
andrew,-2.0959796398489772e-16
to financial,-2.0990154059319366e-16
powell,-2.1094237467877973e-16
zone,-2.1094237467877973e-16
and plans to,-2.1094237467877973e-16
make,-2.1094237467877973e-16
back to,-2.1094237467877973e-16
and plans,-2.1094237467877973e-16
june,-2.1094237467877973e-16
tornado,-2.1094237467877973e-16
with militants,-2.1094237467877973e-16
himself in,-2.1094237467877973e-16
federer will,-2.1094237467877973e-16
her father,-2.1094237467877973e-16
the match,-2.1094237467877973e-16
help in,-2.1094237467877973e-16
my,-2.1094237467877973e-16
the us,-2.1094237467877973e-16
to be the,-2.1094237467877973e-16
two of,-2.1094237467877973e-16
earthquake,-2.1094237467877973e-16
defendants,-2.1094237467877973e-16
airways,-2.1094237467877973e-16
up to 20,-2.1094237467877973e-16
founded,-2.1094237467877973e-16
so,-2.1094237467877973e-16
partnership,-2.1094237467877973e-16
reduced,-2.1094237467877973e-16
past,-2.1094237467877973e-16
protests in,-2.1094237467877973e-16
tips,-2.123301534595612e-16
starring,-2.123301534595612e-16
the information,-2.123301534595612e-16
arrests,-2.1267709815475654e-16
were arrested,-2.1285057050235424e-16
will need,-2.130240428499519e-16
women and,-2.1337098754514727e-16
form,-2.1354445989274494e-16
fueled,-2.1371793224034264e-16
trapped,-2.1371793224034264e-16
chihuahua,-2.1371793224034264e-16
has died,-2.1371793224034264e-16
first day,-2.1371793224034264e-16
changes to,-2.1371793224034264e-16
that obama,-2.1371793224034264e-16
overseas,-2.1371793224034264e-16
yet to,-2.1371793224034264e-16
obtained,-2.1371793224034264e-16
is still,-2.1371793224034264e-16
that he would,-2.1371793224034264e-16
organized by,-2.1371793224034264e-16
son of,-2.1371793224034264e-16
out the,-2.1371793224034264e-16
and third,-2.1371793224034264e-16
argentine,-2.1371793224034264e-16
lewis hamilton,-2.1371793224034264e-16
special,-2.14064876935538e-16
urging the,-2.1441182163073335e-16
gillespie,-2.1458529397833104e-16
remains optimistic,-2.149322386735264e-16
is the,-2.1510571102112408e-16
floods,-2.1510571102112408e-16
charges in the,-2.1510571102112408e-16
in 2000,-2.1579960041151481e-16
pirates were,-2.1649348980190552e-16
in the semifinals,-2.1649348980190552e-16
and food,-2.1649348980190552e-16
adding,-2.1649348980190552e-16
additional,-2.1649348980190552e-16
lower,-2.1649348980190552e-16
shane,-2.1649348980190552e-16
he had previously,-2.1649348980190552e-16
certain,-2.1649348980190552e-16
gift,-2.1649348980190552e-16
the main,-2.1649348980190552e-16
pop,-2.1649348980190552e-16
break,-2.1788126858268696e-16
concerned that,-2.1788126858268696e-16
winds,-2.1788126858268696e-16
the shootings,-2.1788126858268696e-16
lasted,-2.1788126858268696e-16
offering,-2.1926904736346843e-16
africa,-2.1926904736346843e-16
to support,-2.1926904736346843e-16
exacerbated,-2.1926904736346843e-16
hispanic,-2.1926904736346843e-16
the royal,-2.1926904736346843e-16
take over,-2.1926904736346843e-16
region is,-2.1926904736346843e-16
with only,-2.1926904736346843e-16
the sudanese,-2.1926904736346843e-16
reef,-2.1926904736346843e-16
seconds,-2.1926904736346843e-16
container,-2.2065682614424987e-16
should,-2.2065682614424987e-16
chile,-2.2065682614424987e-16
peshawar,-2.2083029849184754e-16
high speed,-2.2148895131163249e-16
urban,-2.2169766022983594e-16
in south,-2.2169766022983594e-16
will be able,-2.220446049250313e-16
mentioned that,-2.220446049250313e-16
problems,-2.220446049250313e-16
italian,-2.220446049250313e-16
many,-2.220446049250313e-16
of them,-2.220446049250313e-16
biggest,-2.220446049250313e-16
example,-2.220446049250313e-16
blogger,-2.220446049250313e-16
cause of death,-2.220446049250313e-16
haggard,-2.220446049250313e-16
claimed responsibility for,-2.220446049250313e-16
laid,-2.220446049250313e-16
asian,-2.220446049250313e-16
because,-2.220446049250313e-16
disappearance and,-2.220446049250313e-16
to contact,-2.220446049250313e-16
since 2006,-2.220446049250313e-16
cristiano ronaldo,-2.220446049250313e-16
sarah,-2.220446049250313e-16
cristiano,-2.220446049250313e-16
convicted of,-2.220446049250313e-16
investigation the,-2.220446049250313e-16
but claimed,-2.2273849431542204e-16
many of,-2.2323451680933414e-16
000 to,-2.2343238370581277e-16
mexico has,-2.2343238370581277e-16
viktor,-2.2343238370581277e-16
nadal,-2.2343238370581277e-16
south korea,-2.2343238370581277e-16
defectors,-2.2343238370581277e-16
conservative,-2.248201624865942e-16
prosecute,-2.248201624865942e-16
youtube,-2.248201624865942e-16
withdrawn from,-2.248201624865942e-16
the court,-2.248201624865942e-16
would be,-2.248201624865942e-16
second leg,-2.248201624865942e-16
to life in,-2.248201624865942e-16
carried out by,-2.248201624865942e-16
which is expected,-2.248201624865942e-16
was taken to,-2.248201624865942e-16
paraguay,-2.248201624865942e-16
deals with,-2.255140518769849e-16
roof,-2.255140518769849e-16
not being,-2.255140518769849e-16
british troops,-2.255140518769849e-16
the champions,-2.2620794126737565e-16
of group,-2.2620794126737565e-16
cooperating with,-2.2620794126737565e-16
the champions league,-2.2620794126737565e-16
cooperating,-2.2620794126737565e-16
morelia,-2.269018306577664e-16
rival,-2.269018306577664e-16
funding for,-2.269018306577664e-16
behind the,-2.2759572004815707e-16
for more,-2.2759572004815707e-16
the district of,-2.2759572004815707e-16
he has,-2.2759572004815707e-16
accused of,-2.2759572004815707e-16
female,-2.2759572004815707e-16
removal,-2.2759572004815707e-16
violated,-2.2759572004815707e-16
wizards,-2.2759572004815707e-16
the plant,-2.2759572004815707e-16
removal of,-2.2759572004815707e-16
militants,-2.2759572004815707e-16
charges are,-2.2759572004815707e-16
increase in,-2.282896094385478e-16
park,-2.2898349882893854e-16
britain and,-2.2898349882893854e-16
by other,-2.2898349882893854e-16
was attacked,-2.293304435241339e-16
at least 20,-2.2967738821932927e-16
acknowledged the,-2.3037127760972e-16
runs,-2.3037127760972e-16
were killed and,-2.3037127760972e-16
radiation,-2.3037127760972e-16
in the 2010,-2.3037127760972e-16
coast guard,-2.3037127760972e-16
found dead in,-2.3037127760972e-16
she had been,-2.3037127760972e-16
armstrong,-2.3037127760972e-16
and is working,-2.3037127760972e-16
optimistic about the,-2.3037127760972e-16
helped,-2.3054474995731767e-16
to identify,-2.317590563905014e-16
and us,-2.317590563905014e-16
reach the,-2.317590563905014e-16
ohio,-2.3245294578089215e-16
for the second,-2.3245294578089215e-16
cost,-2.331468351712829e-16
reduce,-2.331468351712829e-16
season best,-2.331468351712829e-16
activist,-2.331468351712829e-16
marcus,-2.331468351712829e-16
the world,-2.331468351712829e-16
battle,-2.331468351712829e-16
mansoor,-2.331468351712829e-16
the south,-2.331468351712829e-16
disclosed,-2.331468351712829e-16
prison,-2.331468351712829e-16
with some,-2.331468351712829e-16
they were,-2.331468351712829e-16
count,-2.331468351712829e-16
suspected,-2.331468351712829e-16
can be,-2.331468351712829e-16
league match against,-2.345346139520643e-16
rest,-2.345346139520643e-16
presidents,-2.345346139520643e-16
of real,-2.3522850334245503e-16
players and,-2.3592239273284576e-16
anthony,-2.3592239273284576e-16
fully,-2.3592239273284576e-16
has condemned the,-2.3592239273284576e-16
condemned the,-2.3592239273284576e-16
keith,-2.3592239273284576e-16
particularly the,-2.3592239273284576e-16
the disaster,-2.3592239273284576e-16
to comment,-2.3592239273284576e-16
guilty,-2.3592239273284576e-16
state of,-2.3592239273284576e-16
aaron,-2.3592239273284576e-16
foreign minister,-2.3592239273284576e-16
standings,-2.3592239273284576e-16
admitted to,-2.3592239273284576e-16
the club,-2.362693374280411e-16
fine,-2.366162821232365e-16
star trek,-2.366162821232365e-16
trek,-2.366162821232365e-16
countries including,-2.366162821232365e-16
the has,-2.366162821232365e-16
kessel,-2.3678975447083417e-16
potential to,-2.3696322681843184e-16
walker,-2.3731017151362723e-16
have been charged,-2.3731017151362723e-16
militias,-2.3731017151362723e-16
escalated,-2.3731017151362723e-16
oil,-2.380040609040179e-16
godoy,-2.3869795029440865e-16
the incident the,-2.3869795029440865e-16
ii,-2.3869795029440865e-16
record in the,-2.3869795029440865e-16
danger,-2.3869795029440865e-16
disruptions,-2.3869795029440865e-16
train,-2.3869795029440865e-16
is seen as,-2.3869795029440865e-16
minister,-2.3869795029440865e-16
released on bail,-2.3869795029440865e-16
while the,-2.3869795029440865e-16
economic downturn,-2.3869795029440865e-16
spielberg,-2.3869795029440865e-16
wolfsburg,-2.3869795029440865e-16
yellowstone,-2.3869795029440865e-16
sought,-2.3869795029440865e-16
play in,-2.3869795029440865e-16
bush,-2.3904489498960404e-16
the northern,-2.3904489498960404e-16
was killed in,-2.3991225672759244e-16
the transition,-2.400857290751901e-16
systems,-2.400857290751901e-16
crash,-2.4043267377038545e-16
former president,-2.4043267377038545e-16
does,-2.4147350785597153e-16
third in,-2.4147350785597153e-16
disciplinary,-2.4147350785597153e-16
elena,-2.4147350785597153e-16
intel,-2.42861286636753e-16
domscheit,-2.42861286636753e-16
domscheit berg,-2.42861286636753e-16
berg,-2.42861286636753e-16
this time,-2.42861286636753e-16
transferred to,-2.42861286636753e-16
since then,-2.4320823133194833e-16
wimbledon,-2.4424906541753446e-16
soccer,-2.4424906541753446e-16
came in,-2.4424906541753446e-16
took the lead,-2.4424906541753446e-16
the text,-2.4424906541753446e-16
featured in,-2.4424906541753446e-16
dozen,-2.4424906541753446e-16
the people,-2.4424906541753446e-16
deliver,-2.4424906541753446e-16
to drug,-2.4424906541753446e-16
jean,-2.4424906541753446e-16
of nearly,-2.4424906541753446e-16
replaced,-2.4424906541753446e-16
want,-2.4424906541753446e-16
in portland,-2.4424906541753446e-16
been affected by,-2.4424906541753446e-16
the incident and,-2.4424906541753446e-16
sexual,-2.4476948246032747e-16
attempting,-2.4563684419831587e-16
attempting to,-2.4563684419831587e-16
horowitz,-2.4563684419831587e-16
leading to,-2.4598378889351127e-16
follows,-2.4702462297909734e-16
egyptian,-2.4702462297909734e-16
away from,-2.4702462297909734e-16
shooting,-2.4702462297909734e-16
thanked,-2.4702462297909734e-16
has filed,-2.4702462297909734e-16
kingdom,-2.4702462297909734e-16
when they,-2.4702462297909734e-16
the second leg,-2.4702462297909734e-16
japanese,-2.4745830384809154e-16
in the village,-2.4771851236948807e-16
may day,-2.4771851236948807e-16
prince,-2.4841240175987876e-16
incidents in,-2.4841240175987876e-16
residents are,-2.498001805406602e-16
country,-2.498001805406602e-16
reached,-2.498001805406602e-16
settlement,-2.498001805406602e-16
held in,-2.498001805406602e-16
collapse,-2.498001805406602e-16
the age,-2.498001805406602e-16
quality,-2.498001805406602e-16
replace,-2.498001805406602e-16
funds,-2.498001805406602e-16
notable,-2.498001805406602e-16
fourth,-2.498001805406602e-16
to investigate,-2.498001805406602e-16
over 000,-2.498001805406602e-16
nazi,-2.498001805406602e-16
falling,-2.498001805406602e-16
the ban,-2.498001805406602e-16
the state department,-2.498001805406602e-16
award,-2.498001805406602e-16
and anti,-2.498001805406602e-16
about potential,-2.498869167144591e-16
10 year,-2.5049406993105095e-16
mcclanahan,-2.508410146262463e-16
jewish,-2.511879593214417e-16
no longer,-2.511879593214417e-16
since 2002,-2.511879593214417e-16
denied any,-2.511879593214417e-16
oil and,-2.511879593214417e-16
nancy,-2.5188184871183237e-16
independent,-2.525757381022231e-16
ex wife,-2.525757381022231e-16
attorney office,-2.525757381022231e-16
handling of the,-2.525757381022231e-16
invest,-2.525757381022231e-16
carlos,-2.525757381022231e-16
with goal from,-2.5326962749261384e-16
government the,-2.5326962749261384e-16
brother,-2.534430998402115e-16
gone,-2.5396351688300457e-16
treating,-2.55351295663786e-16
baseball,-2.55351295663786e-16
sunday and,-2.55351295663786e-16
when he,-2.55351295663786e-16
liberty,-2.55351295663786e-16
arrest and,-2.55351295663786e-16
contact,-2.55351295663786e-16
play,-2.55351295663786e-16
warning,-2.55351295663786e-16
with president,-2.55351295663786e-16
authorities,-2.55351295663786e-16
in miami,-2.55351295663786e-16
on the issue,-2.55351295663786e-16
aim to,-2.55351295663786e-16
trouble,-2.55351295663786e-16
the prosecution,-2.55351295663786e-16
next year,-2.55351295663786e-16
reviewing,-2.560451850541767e-16
minors,-2.5673907444456745e-16
the latin,-2.5673907444456745e-16
reward,-2.5673907444456745e-16
saw,-2.569125467921651e-16
marine corps,-2.569125467921651e-16
from their,-2.569125467921651e-16
quarterfinal,-2.581268532253489e-16
brooklyn,-2.581268532253489e-16
sharing deal,-2.581268532253489e-16
conflict is,-2.581268532253489e-16
al qaeda,-2.581268532253489e-16
under par,-2.581268532253489e-16
qaeda,-2.581268532253489e-16
in one,-2.581268532253489e-16
the conflict is,-2.581268532253489e-16
and called for,-2.581268532253489e-16
power sharing deal,-2.581268532253489e-16
reviewed,-2.581268532253489e-16
situation is,-2.588207426157396e-16
information,-2.588207426157396e-16
jobs,-2.588207426157396e-16
house of representatives,-2.5951463200613033e-16
of representatives,-2.5951463200613033e-16
park in,-2.5951463200613033e-16
of the tournament,-2.5951463200613033e-16
of killing,-2.6020852139652106e-16
three men,-2.609024107869118e-16
stating they,-2.609024107869118e-16
england and,-2.609024107869118e-16
an increase,-2.609024107869118e-16
blatter,-2.609024107869118e-16
unbeaten,-2.609024107869118e-16
rape and,-2.609024107869118e-16
performed,-2.609024107869118e-16
surgery,-2.609024107869118e-16
infrastructure,-2.609024107869118e-16
shortages,-2.609024107869118e-16
to seek,-2.609024107869118e-16
unity,-2.611192512214089e-16
in denver,-2.6159630017730253e-16
identification,-2.6194324487249787e-16
sense of,-2.622901895676932e-16
her parents,-2.622901895676932e-16
charges of,-2.622901895676932e-16
the top,-2.622901895676932e-16
latest,-2.622901895676932e-16
toyoda,-2.625070300021903e-16
moon,-2.636779683484747e-16
are seeking,-2.636779683484747e-16
ki moon,-2.636779683484747e-16
those who,-2.636779683484747e-16
ki,-2.636779683484747e-16
ban ki moon,-2.636779683484747e-16
sentence and,-2.636779683484747e-16
on saturday night,-2.636779683484747e-16
ban ki,-2.636779683484747e-16
preparing for the,-2.636779683484747e-16
in france,-2.636779683484747e-16
dead in,-2.636779683484747e-16
war crimes,-2.636779683484747e-16
commitment to,-2.636779683484747e-16
confident in,-2.643718577388654e-16
on its,-2.645453300864631e-16
up on,-2.6506574712925614e-16
000 tons,-2.6506574712925614e-16
but there,-2.6506574712925614e-16
100m,-2.6506574712925614e-16
landing,-2.6506574712925614e-16
jason,-2.6506574712925614e-16
speed,-2.6506574712925614e-16
expertise,-2.6506574712925614e-16
strengthen,-2.6506574712925614e-16
rise,-2.6506574712925614e-16
multiple,-2.6645352591003756e-16
million in,-2.6645352591003756e-16
uprising,-2.6645352591003756e-16
absence,-2.6645352591003756e-16
the victory,-2.6645352591003756e-16
in washington,-2.6645352591003756e-16
advocate,-2.6645352591003756e-16
during the,-2.6645352591003756e-16
real madrid,-2.6645352591003756e-16
activities,-2.6645352591003756e-16
on an,-2.6645352591003756e-16
video,-2.6645352591003756e-16
2007,-2.6645352591003756e-16
for over,-2.6645352591003756e-16
of using,-2.6645352591003756e-16
plan,-2.6645352591003756e-16
to keep,-2.6645352591003756e-16
fukushima,-2.6645352591003756e-16
their respective,-2.671474153004283e-16
federal police,-2.6723415147422715e-16
lived in,-2.6784130469081903e-16
the los angeles,-2.6922908347160044e-16
of drug,-2.6922908347160044e-16
controversy,-2.6922908347160044e-16
caused significant damage,-2.6922908347160044e-16
patrol,-2.6922908347160044e-16
hamburg,-2.6922908347160044e-16
later found,-2.6922908347160044e-16
concern about,-2.6922908347160044e-16
keyboard,-2.706168622523819e-16
but they,-2.706168622523819e-16
wright,-2.7131075164277264e-16
leaving the,-2.7200464103316337e-16
storm is,-2.7200464103316337e-16
force to,-2.7200464103316337e-16
south korean,-2.7200464103316337e-16
the owner,-2.7200464103316337e-16
group which,-2.7200464103316337e-16
nungesser,-2.7200464103316337e-16
men who,-2.7200464103316337e-16
videos,-2.7200464103316337e-16
points,-2.7200464103316337e-16
it with,-2.7200464103316337e-16
win,-2.7200464103316337e-16
respectively,-2.7200464103316337e-16
coli,-2.7200464103316337e-16
in europe,-2.7200464103316337e-16
university of,-2.7200464103316337e-16
premier,-2.7269853042355406e-16
of thousands,-2.7269853042355406e-16
of court,-2.7269853042355406e-16
premier league,-2.7269853042355406e-16
bodies were,-2.732189474663471e-16
in favor of,-2.733924198139448e-16
the building,-2.733924198139448e-16
representative,-2.733924198139448e-16
the rest,-2.733924198139448e-16
weiner,-2.733924198139448e-16
favor of,-2.733924198139448e-16
he is currently,-2.737393645091402e-16
the church,-2.7478019859472625e-16
the situation is,-2.7478019859472625e-16
findings,-2.7478019859472625e-16
where she,-2.7478019859472625e-16
operations,-2.7478019859472625e-16
excessive,-2.7478019859472625e-16
the increase,-2.7478019859472625e-16
large,-2.7478019859472625e-16
french,-2.7478019859472625e-16
playoff,-2.7478019859472625e-16
abdulla,-2.7478019859472625e-16
her life,-2.7582103268031233e-16
to overturn,-2.7616797737550767e-16
the settlement,-2.7616797737550767e-16
pakistan and,-2.763414497231054e-16
death the,-2.7651492207070306e-16
been accused,-2.7755575615628914e-16
decision,-2.7755575615628914e-16
been accused of,-2.7755575615628914e-16
communicate,-2.7755575615628914e-16
bomb,-2.7755575615628914e-16
increased,-2.7755575615628914e-16
avoid,-2.7755575615628914e-16
out on,-2.7755575615628914e-16
key,-2.7755575615628914e-16
to marry,-2.7755575615628914e-16
bell,-2.7755575615628914e-16
american,-2.7755575615628914e-16
win was,-2.7755575615628914e-16
and family,-2.7755575615628914e-16
accident,-2.7755575615628914e-16
outbreak,-2.7755575615628914e-16
also known as,-2.7755575615628914e-16
rouge,-2.779027008514845e-16
communities,-2.7820627745978044e-16
during an,-2.789435349370706e-16
popularity,-2.789435349370706e-16
sentence,-2.789435349370706e-16
grown,-2.7998436902265667e-16
lauterbach,-2.80331313717852e-16
again,-2.80331313717852e-16
was last seen,-2.80331313717852e-16
some of,-2.80331313717852e-16
in the,-2.80331313717852e-16
is open,-2.80331313717852e-16
who had previously,-2.80331313717852e-16
tribes,-2.80331313717852e-16
beijing,-2.80331313717852e-16
from california,-2.8059152223924855e-16
has appealed,-2.806782584130474e-16
to monitor,-2.817190924986335e-16
of 15,-2.817190924986335e-16
old man,-2.817190924986335e-16
written,-2.817190924986335e-16
and human rights,-2.817190924986335e-16
year old man,-2.817190924986335e-16
the motive,-2.817190924986335e-16
could face up,-2.825864542366219e-16
investigation is ongoing,-2.831068712794149e-16
kept,-2.831068712794149e-16
currency,-2.831068712794149e-16
the team,-2.831068712794149e-16
capital of,-2.831068712794149e-16
are safe,-2.831068712794149e-16
drop,-2.831068712794149e-16
in place,-2.831068712794149e-16
in zimbabwe,-2.831068712794149e-16
decreased,-2.831068712794149e-16
the facility,-2.831068712794149e-16
fell,-2.831068712794149e-16
maria sharapova,-2.831068712794149e-16
carry,-2.8380076066980563e-16
was marked,-2.8466812240779403e-16
was marked by,-2.8466812240779403e-16
excited,-2.850740205961183e-16
in the head,-2.8579569266717897e-16
60,-2.8588242884097783e-16
set to be,-2.8588242884097783e-16
place in,-2.8588242884097783e-16
they had,-2.8588242884097783e-16
after she,-2.8588242884097783e-16
their home,-2.8761715231695464e-16
face up to,-2.8796409701215e-16
face up,-2.8796409701215e-16
was made,-2.886579864025407e-16
which could,-2.886579864025407e-16
effects of,-2.886579864025407e-16
concerns,-2.886579864025407e-16
world the,-2.886579864025407e-16
family and,-2.886579864025407e-16
two young,-2.886579864025407e-16
history of,-2.886579864025407e-16
million,-2.886579864025407e-16
the death of,-2.886579864025407e-16
substance,-2.886579864025407e-16
widespread,-2.886579864025407e-16
ended in,-2.886579864025407e-16
defended,-2.8932070498047245e-16
wedding,-2.8935187579293144e-16
movement of,-2.8935187579293144e-16
access,-2.9004576518332213e-16
discrimination,-2.9004576518332213e-16
push,-2.9004576518332213e-16
region of,-2.914335439641036e-16
authority,-2.914335439641036e-16
wickets,-2.914335439641036e-16
be used,-2.914335439641036e-16
to search,-2.914335439641036e-16
program,-2.914335439641036e-16
teenage,-2.914335439641036e-16
action,-2.914335439641036e-16
to know,-2.9282132274488506e-16
expressed concern over,-2.9282132274488506e-16
in england,-2.9282132274488506e-16
blackburn rovers,-2.9282132274488506e-16
maoist,-2.9351521213527574e-16
the maoist,-2.9351521213527574e-16
anti gay,-2.9420910152566647e-16
the protests,-2.9420910152566647e-16
girlfriend,-2.9420910152566647e-16
kidnapped,-2.9420910152566647e-16
but she,-2.9420910152566647e-16
garcia,-2.9420910152566647e-16
contributed,-2.9420910152566647e-16
after his,-2.9420910152566647e-16
cease fire,-2.9420910152566647e-16
year in,-2.9420910152566647e-16
pakistani,-2.9420910152566647e-16
pacific,-2.9420910152566647e-16
shortage,-2.9420910152566647e-16
days the,-2.9455604622086186e-16
inciting,-2.949029909160572e-16
life in prison,-2.949029909160572e-16
to discuss,-2.9559688030644794e-16
trick,-2.9559688030644794e-16
when it,-2.9559688030644794e-16
hat trick,-2.9559688030644794e-16
for further,-2.9629076969683867e-16
policies,-2.96637714392034e-16
the last,-2.9698465908722935e-16
to block,-2.9698465908722935e-16
block,-2.9698465908722935e-16
tourist,-2.9698465908722935e-16
gained,-2.9698465908722935e-16
be in,-2.9698465908722935e-16
the funeral,-2.983724378680108e-16
russia and,-2.990229591715021e-16
counter,-2.9906632725840155e-16
rejected by,-2.997602166487923e-16
it can,-2.997602166487923e-16
in over,-2.997602166487923e-16
jack,-2.997602166487923e-16
outside,-2.997602166487923e-16
the three,-2.997602166487923e-16
the coast,-2.997602166487923e-16
he will be,-2.997602166487923e-16
audit,-2.997602166487923e-16
the russian,-2.997602166487923e-16
conducted,-2.997602166487923e-16
interest,-2.997602166487923e-16
democrats,-2.997602166487923e-16
little,-2.997602166487923e-16
waters,-2.997602166487923e-16
spill,-2.997602166487923e-16
still in,-2.997602166487923e-16
elected,-2.997602166487923e-16
other top,-3.0045410603918297e-16
errors,-3.0080105073437836e-16
estimated to,-3.011479954295737e-16
place and,-3.011479954295737e-16
historic,-3.011479954295737e-16
the girl,-3.011479954295737e-16
he will,-3.011479954295737e-16
numerous,-3.014949401247691e-16
tested positive,-3.0253577421035517e-16
the zoo,-3.0253577421035517e-16
behalf,-3.0253577421035517e-16
albums,-3.0253577421035517e-16
fiorentina,-3.0253577421035517e-16
and some,-3.0253577421035517e-16
directed,-3.0253577421035517e-16
the impact of,-3.0253577421035517e-16
been reported,-3.0357660829594124e-16
first in,-3.0357660829594124e-16
fans,-3.0531133177191805e-16
unauthorized immigrants,-3.0531133177191805e-16
the need for,-3.0531133177191805e-16
available,-3.0531133177191805e-16
250,-3.0531133177191805e-16
wta tour,-3.0531133177191805e-16
which can,-3.0531133177191805e-16
one of,-3.0531133177191805e-16
survivors,-3.0531133177191805e-16
province the,-3.0531133177191805e-16
including his,-3.060052211623088e-16
assembly,-3.066991105526995e-16
reported the,-3.066991105526995e-16
is looking to,-3.0808688933348093e-16
congress,-3.0808688933348093e-16
assassination,-3.0808688933348093e-16
display,-3.0808688933348093e-16
immediate,-3.0808688933348093e-16
his health,-3.0808688933348093e-16
the outbreak,-3.094746681142624e-16
waste,-3.094746681142624e-16
gonzalez,-3.1016855750465313e-16
which she,-3.108624468950438e-16
won his,-3.108624468950438e-16
captivity,-3.108624468950438e-16
finish,-3.108624468950438e-16
actress,-3.108624468950438e-16
british,-3.108624468950438e-16
in prison,-3.108624468950438e-16
has warned,-3.108624468950438e-16
expressed hope,-3.108624468950438e-16
to use,-3.108624468950438e-16
brancato,-3.108624468950438e-16
2006,-3.108624468950438e-16
the fourth,-3.108624468950438e-16
temporary,-3.108624468950438e-16
swimming,-3.108624468950438e-16
the english,-3.1155633628543454e-16
at london,-3.1155633628543454e-16
ground,-3.116430724592334e-16
to receive,-3.122502256758253e-16
is the latest,-3.12944115066216e-16
company,-3.1329105976141135e-16
firefighters,-3.1363800445660674e-16
looking forward to,-3.1363800445660674e-16
magnitude,-3.1363800445660674e-16
as they,-3.1363800445660674e-16
looking forward,-3.1363800445660674e-16
aimed to,-3.1363800445660674e-16
ferrer,-3.1363800445660674e-16
the supreme,-3.1363800445660674e-16
deployed,-3.1433189384699743e-16
is expected,-3.1502578323738816e-16
the gulf,-3.1502578323738816e-16
payment,-3.1502578323738816e-16
the fbi,-3.157196726277789e-16
leave,-3.157196726277789e-16
tracks,-3.164135620181696e-16
for three,-3.164135620181696e-16
shot and killed,-3.164135620181696e-16
the netherlands,-3.164135620181696e-16
sgarbi,-3.164135620181696e-16
along the,-3.164135620181696e-16
ryan,-3.164135620181696e-16
state department,-3.164135620181696e-16
given,-3.164135620181696e-16
switzerland,-3.164135620181696e-16
ago,-3.164135620181696e-16
part,-3.164135620181696e-16
was convicted of,-3.164135620181696e-16
violent,-3.164135620181696e-16
was arrested,-3.164135620181696e-16
involvement,-3.164135620181696e-16
at risk,-3.1676050671336497e-16
interested in,-3.1676050671336497e-16
underway,-3.1780134079895104e-16
roger,-3.1780134079895104e-16
roger federer,-3.1780134079895104e-16
to build,-3.1780134079895104e-16
lebanese,-3.1780134079895104e-16
famous,-3.1780134079895104e-16
the lebanese,-3.183217578417441e-16
in law,-3.1849523018934177e-16
45,-3.191891195797325e-16
torres,-3.191891195797325e-16
the killings,-3.191891195797325e-16
tv,-3.191891195797325e-16
presence,-3.191891195797325e-16
two years,-3.191891195797325e-16
are still,-3.191891195797325e-16
illegal,-3.1988300897012324e-16
declared,-3.2057689836051397e-16
2006 and,-3.2057689836051397e-16
friday,-3.2057689836051397e-16
this is not,-3.2057689836051397e-16
the coast of,-3.219646771412954e-16
man who,-3.219646771412954e-16
the current,-3.219646771412954e-16
been charged with,-3.219646771412954e-16
role in,-3.219646771412954e-16
burned,-3.219646771412954e-16
in connecticut,-3.219646771412954e-16
the way,-3.219646771412954e-16
athletic,-3.219646771412954e-16
key figure in,-3.219646771412954e-16
him in,-3.219646771412954e-16
technology and,-3.219646771412954e-16
the woman,-3.219646771412954e-16
june the,-3.219646771412954e-16
platform,-3.219646771412954e-16
landfill,-3.219646771412954e-16
suffering,-3.219646771412954e-16
manuel,-3.2335245592207685e-16
like,-3.2335245592207685e-16
unauthorized,-3.2335245592207685e-16
he had been,-3.2474023470285827e-16
delays,-3.2474023470285827e-16
and he was,-3.2474023470285827e-16
the middle east,-3.2474023470285827e-16
believes the,-3.2474023470285827e-16
cross,-3.2474023470285827e-16
gratitude to,-3.2474023470285827e-16
in 1988,-3.2612801348363973e-16
winning goal,-3.2612801348363973e-16
dramatic,-3.2612801348363973e-16
the winning goal,-3.2612801348363973e-16
was later,-3.275157922644212e-16
numbers,-3.275157922644212e-16
gay,-3.275157922644212e-16
resulted in,-3.275157922644212e-16
harding,-3.275157922644212e-16
the hearing,-3.275157922644212e-16
them and,-3.275157922644212e-16
genoa,-3.282096816548119e-16
the search for,-3.289035710452026e-16
did,-3.289035710452026e-16
niger delta,-3.2938062000109625e-16
fbi,-3.302913498259841e-16
released from,-3.302913498259841e-16
concerned about,-3.302913498259841e-16
2002,-3.302913498259841e-16
the faa,-3.302913498259841e-16
thursday the,-3.302913498259841e-16
calls,-3.302913498259841e-16
face the,-3.302913498259841e-16
retired,-3.302913498259841e-16
queen,-3.309852392163748e-16
70,-3.316791286067655e-16
record of,-3.316791286067655e-16
intimidation,-3.316791286067655e-16
visit,-3.320260733019609e-16
kirkby,-3.3237301799715623e-16
defendant,-3.3280669886615043e-16
sudan,-3.3306690738754696e-16
less,-3.3306690738754696e-16
bayern,-3.3306690738754696e-16
company is,-3.3306690738754696e-16
expressed his,-3.3306690738754696e-16
and are,-3.3306690738754696e-16
angry,-3.3306690738754696e-16
to work,-3.3306690738754696e-16
surrendered,-3.3306690738754696e-16
the weekend,-3.3306690738754696e-16
could face,-3.3306690738754696e-16
in the us,-3.3306690738754696e-16
the article,-3.3306690738754696e-16
the world cup,-3.3306690738754696e-16
footage,-3.3306690738754696e-16
with 10,-3.3324037973514463e-16
guido,-3.337607967779377e-16
traveling to,-3.3445468616832843e-16
has taken,-3.3445468616832843e-16
europe and,-3.351485755587191e-16
they do not,-3.3584246494910984e-16
and friends,-3.3584246494910984e-16
the first time,-3.3584246494910984e-16
scheduled to,-3.3584246494910984e-16
the results,-3.3584246494910984e-16
urged,-3.3584246494910984e-16
of the votes,-3.3584246494910984e-16
will hold,-3.372302437298913e-16
will help,-3.372302437298913e-16
in the world,-3.3792413312028204e-16
homosexuality,-3.3861802251067273e-16
the international,-3.3861802251067273e-16
the role of,-3.3861802251067273e-16
asia,-3.3861802251067273e-16
asked to,-3.3861802251067273e-16
case and,-3.3861802251067273e-16
the head,-3.3861802251067273e-16
arrested,-3.3861802251067273e-16
match was,-3.3931191190106346e-16
the match was,-3.3931191190106346e-16
help the,-3.3965885659625885e-16
system,-3.400058012914542e-16
court has,-3.408731630294426e-16
fox,-3.4139358007223566e-16
former,-3.4139358007223566e-16
singapore,-3.4139358007223566e-16
outrage,-3.4139358007223566e-16
two years in,-3.4208746946262634e-16
street,-3.434752482434078e-16
is part of,-3.4416913763379854e-16
good,-3.4416913763379854e-16
ordered,-3.4416913763379854e-16
of violence,-3.4416913763379854e-16
jose,-3.4416913763379854e-16
commander of,-3.4416913763379854e-16
entering,-3.4416913763379854e-16
if,-3.4416913763379854e-16
environment,-3.4416913763379854e-16
taken to,-3.4416913763379854e-16
is part,-3.4416913763379854e-16
ties to,-3.4416913763379854e-16
can,-3.4416913763379854e-16
trailing,-3.4416913763379854e-16
and to,-3.4416913763379854e-16
more,-3.4416913763379854e-16
and that it,-3.4416913763379854e-16
novak,-3.4416913763379854e-16
stated that she,-3.4416913763379854e-16
novak djokovic,-3.4416913763379854e-16
declined to,-3.4416913763379854e-16
lifetime,-3.4416913763379854e-16
questions,-3.4555691641457995e-16
500,-3.4577375684907705e-16
tournament,-3.469446951953614e-16
his home,-3.469446951953614e-16
playing,-3.469446951953614e-16
locations,-3.4763858458575215e-16
european,-3.48245737802344e-16
catholic church,-3.483324739761429e-16
wok,-3.4902636336653357e-16
the south korean,-3.497202527569243e-16
argue that,-3.497202527569243e-16
argue,-3.497202527569243e-16
sharing,-3.497202527569243e-16
victory in,-3.497202527569243e-16
friends,-3.497202527569243e-16
12,-3.497202527569243e-16
has called,-3.497202527569243e-16
an independent,-3.497202527569243e-16
de,-3.497202527569243e-16
cause of the,-3.497202527569243e-16
statement,-3.497202527569243e-16
refused to,-3.497202527569243e-16
killed and,-3.497202527569243e-16
model,-3.497202527569243e-16
injuries were reported,-3.524958103184872e-16
will play,-3.524958103184872e-16
finals,-3.524958103184872e-16
in germany,-3.524958103184872e-16
relatives,-3.524958103184872e-16
passion,-3.5388358909926865e-16
to remain in,-3.5388358909926865e-16
down,-3.545774784896594e-16
latino,-3.552713678800501e-16
out by,-3.552713678800501e-16
world top,-3.552713678800501e-16
apologized,-3.552713678800501e-16
on april,-3.552713678800501e-16
benfica,-3.552713678800501e-16
excited about,-3.552713678800501e-16
week,-3.552713678800501e-16
commercial,-3.552713678800501e-16
show,-3.552713678800501e-16
his time,-3.552713678800501e-16
supporting,-3.5735303605122226e-16
which killed,-3.58046925441613e-16
needed,-3.58046925441613e-16
attacks and,-3.58046925441613e-16
the allegations,-3.58046925441613e-16
qualified,-3.58046925441613e-16
to three,-3.58046925441613e-16
has ordered,-3.58046925441613e-16
stroke,-3.5874081483200373e-16
veterans,-3.594347042223944e-16
for new,-3.608224830031759e-16
vatican,-3.608224830031759e-16
of cocaine,-3.608224830031759e-16
and his,-3.608224830031759e-16
releasing,-3.608224830031759e-16
are working to,-3.608224830031759e-16
the vatican,-3.608224830031759e-16
lost,-3.608224830031759e-16
guilty to,-3.608224830031759e-16
which he,-3.608224830031759e-16
cut,-3.608224830031759e-16
robinho,-3.615163723935666e-16
near,-3.6221026178395734e-16
bus,-3.6221026178395734e-16
seven people,-3.6221026178395734e-16
under,-3.6316435969574456e-16
in northern,-3.6359804056473876e-16
emotional,-3.6359804056473876e-16
german,-3.6359804056473876e-16
milutinovic,-3.6359804056473876e-16
to help the,-3.6437866612892835e-16
the queen,-3.6463887465032483e-16
the matter,-3.649858193455202e-16
injuries the,-3.649858193455202e-16
earthquake and tsunami,-3.6637359812630164e-16
and expressed,-3.6637359812630164e-16
individuals,-3.6637359812630164e-16
miami florida,-3.6637359812630164e-16
prevent the,-3.6637359812630164e-16
haleigh,-3.6637359812630164e-16
auction,-3.6637359812630164e-16
the hostages,-3.6637359812630164e-16
corruption and,-3.6637359812630164e-16
early,-3.6637359812630164e-16
in several,-3.6637359812630164e-16
rising,-3.6637359812630164e-16
been made,-3.668940151690947e-16
expected to be,-3.677613769070831e-16
sneijder,-3.677613769070831e-16
unveiled,-3.677613769070831e-16
and the government,-3.6810832160227845e-16
mining,-3.6845526629747384e-16
appeal,-3.6914915568786457e-16
page,-3.6914915568786457e-16
occurred when,-3.6914915568786457e-16
heroin,-3.6914915568786457e-16
nato,-3.6914915568786457e-16
ranking,-3.6914915568786457e-16
000 the,-3.6914915568786457e-16
government and,-3.6914915568786457e-16
sex,-3.6914915568786457e-16
be allowed,-3.6914915568786457e-16
be allowed to,-3.6914915568786457e-16
will remain,-3.6940936420926105e-16
module,-3.7019541078431304e-16
the end of,-3.7027672594724945e-16
an appeal,-3.70536934468646e-16
of police,-3.70536934468646e-16
stadium in,-3.70536934468646e-16
wildlife,-3.708838791638414e-16
in world,-3.7157776855423206e-16
have been,-3.7192471324942745e-16
all the,-3.7192471324942745e-16
ethnic,-3.7192471324942745e-16
he stated that,-3.7192471324942745e-16
the recall,-3.7192471324942745e-16
he stated,-3.7192471324942745e-16
challenge,-3.7192471324942745e-16
players in,-3.7192471324942745e-16
release,-3.7192471324942745e-16
mexican authorities,-3.726186026398182e-16
the suspects,-3.7331249203020887e-16
with both,-3.7470027081099033e-16
worked as,-3.7470027081099033e-16
confirmed,-3.7470027081099033e-16
zardari,-3.7470027081099033e-16
fuel,-3.7470027081099033e-16
support of,-3.7470027081099033e-16
increasing,-3.7470027081099033e-16
implemented,-3.7470027081099033e-16
citizens,-3.760880495917718e-16
district attorney,-3.7643499428696714e-16
outside the,-3.774758283725532e-16
represented,-3.774758283725532e-16
features,-3.774758283725532e-16
course,-3.774758283725532e-16
the displacement,-3.774758283725532e-16
act,-3.774758283725532e-16
zellweger,-3.774758283725532e-16
broken,-3.774758283725532e-16
in other,-3.779962454153463e-16
british government,-3.788636071533347e-16
needs,-3.788636071533347e-16
the british government,-3.788636071533347e-16
hospitalized,-3.802513859341161e-16
open final,-3.802513859341161e-16
deadline,-3.802513859341161e-16
jenson,-3.802513859341161e-16
jenson button,-3.802513859341161e-16
protecting,-3.802513859341161e-16
farmers,-3.8094527532450683e-16
eu,-3.8094527532450683e-16
registration,-3.823330541052883e-16
the california,-3.8302694349567903e-16
has issued,-3.8302694349567903e-16
at the university,-3.8302694349567903e-16
bill,-3.8302694349567903e-16
due to concerns,-3.8302694349567903e-16
advised,-3.8302694349567903e-16
ninth,-3.8302694349567903e-16
her first,-3.8302694349567903e-16
omar,-3.8302694349567903e-16
joined,-3.8302694349567903e-16
was captured,-3.8302694349567903e-16
either,-3.8302694349567903e-16
others,-3.8302694349567903e-16
foot,-3.8302694349567903e-16
the victims,-3.8302694349567903e-16
frustrated,-3.8302694349567903e-16
friend,-3.8441472227646044e-16
morgan,-3.8441472227646044e-16
suggests that the,-3.8510861166685117e-16
ignacio,-3.8569408083999336e-16
papua,-3.858025010572419e-16
ward,-3.858025010572419e-16
zinn,-3.858025010572419e-16
in 2008,-3.858025010572419e-16
plants,-3.8649639044763264e-16
provided by,-3.871902798380233e-16
to his,-3.871902798380233e-16
and faces,-3.871902798380233e-16
actions were,-3.871902798380233e-16
fabrication,-3.871902798380233e-16
programs,-3.871902798380233e-16
equalized,-3.8788416922841406e-16
house has,-3.885780586188048e-16
and later,-3.885780586188048e-16
was key,-3.885780586188048e-16
currently being,-3.885780586188048e-16
travel,-3.885780586188048e-16
particularly in,-3.885780586188048e-16
week the,-3.885780586188048e-16
button,-3.885780586188048e-16
herself,-3.885780586188048e-16
000 people have,-3.885780586188048e-16
800,-3.8996583739958625e-16
42,-3.8996583739958625e-16
hearing,-3.9135361618036767e-16
in japan,-3.9135361618036767e-16
wozniacki in,-3.9135361618036767e-16
bongiorno,-3.9135361618036767e-16
expressed their,-3.9135361618036767e-16
says,-3.9135361618036767e-16
the average,-3.9135361618036767e-16
round match,-3.9135361618036767e-16
and the need,-3.9135361618036767e-16
allowing them,-3.9274139496114914e-16
been missing,-3.9274139496114914e-16
allowing them to,-3.9274139496114914e-16
countries have,-3.930883396563445e-16
australian,-3.9412917374193055e-16
be released,-3.9412917374193055e-16
built,-3.9412917374193055e-16
the move is,-3.9412917374193055e-16
next day,-3.9412917374193055e-16
the protests which,-3.9412917374193055e-16
the fight,-3.9412917374193055e-16
the next day,-3.9412917374193055e-16
overcame,-3.9412917374193055e-16
protests which,-3.9412917374193055e-16
tons,-3.9412917374193055e-16
suffered,-3.9447611843712594e-16
stages,-3.9586389721790736e-16
wyeth,-3.9586389721790736e-16
allow,-3.9621084191310275e-16
state and,-3.969047313034935e-16
from his,-3.969047313034935e-16
reach,-3.9759862069388417e-16
wounds,-3.9968028886505636e-16
area in,-3.9968028886505636e-16
mexican,-3.9968028886505636e-16
qaeda in,-3.9968028886505636e-16
was attended,-3.9968028886505636e-16
was attended by,-3.9968028886505636e-16
personality,-3.9968028886505636e-16
since 2005,-3.9968028886505636e-16
and stated,-3.9968028886505636e-16
normal,-3.9968028886505636e-16
crowd,-3.9968028886505636e-16
take,-3.9968028886505636e-16
capture,-3.9968028886505636e-16
in may,-3.9968028886505636e-16
al qaeda in,-3.9968028886505636e-16
the equalizer,-4.010680676458378e-16
term,-4.0141501234103317e-16
hughes,-4.0245584642661925e-16
battery,-4.0245584642661925e-16
deal is,-4.0245584642661925e-16
bombings,-4.0245584642661925e-16
figure in,-4.0245584642661925e-16
basis,-4.0245584642661925e-16
sexual abuse,-4.0245584642661925e-16
have not yet,-4.0245584642661925e-16
knowledge,-4.038436252074007e-16
in serie,-4.038436252074007e-16
sees,-4.045375145977914e-16
decades,-4.0523140398818213e-16
mart,-4.0523140398818213e-16
returned to,-4.0523140398818213e-16
it does,-4.0523140398818213e-16
department has,-4.0523140398818213e-16
wal mart,-4.0523140398818213e-16
the decline,-4.0523140398818213e-16
judge,-4.0523140398818213e-16
share,-4.0523140398818213e-16
in australia,-4.0523140398818213e-16
epidemic,-4.08006961549745e-16
fifth,-4.08006961549745e-16
apple,-4.08006961549745e-16
row,-4.0870085094013574e-16
causing it,-4.0939474033052647e-16
causing it to,-4.0939474033052647e-16
pay for,-4.100886297209172e-16
costs,-4.1078251911130794e-16
dispute,-4.1078251911130794e-16
state department has,-4.1078251911130794e-16
attempt,-4.1078251911130794e-16
majority,-4.1078251911130794e-16
occurred in,-4.1078251911130794e-16
survivor,-4.1078251911130794e-16
arab,-4.1078251911130794e-16
of public,-4.1078251911130794e-16
the defense,-4.1078251911130794e-16
run,-4.1078251911130794e-16
clock,-4.1078251911130794e-16
with million,-4.1078251911130794e-16
team is,-4.1078251911130794e-16
new world,-4.114764085016986e-16
the teams,-4.1217029789208936e-16
with human,-4.1217029789208936e-16
nature,-4.1217029789208936e-16
massa,-4.135580766728708e-16
thursday,-4.135580766728708e-16
client,-4.135580766728708e-16
his client,-4.135580766728708e-16
visited,-4.135580766728708e-16
protesters,-4.135580766728708e-16
treated,-4.135580766728708e-16
the largest,-4.135580766728708e-16
back in,-4.1494585545365224e-16
her name,-4.1494585545365224e-16
best,-4.1563974484404297e-16
hormigos,-4.1598668953923836e-16
gulf of aden,-4.163336342344337e-16
announced on,-4.163336342344337e-16
been struggling,-4.163336342344337e-16
of aden,-4.163336342344337e-16
setting,-4.163336342344337e-16
freeway,-4.163336342344337e-16
post,-4.163336342344337e-16
singh,-4.163336342344337e-16
frustration with,-4.163336342344337e-16
english,-4.163336342344337e-16
on march,-4.1772141301521517e-16
pole,-4.1841530240560585e-16
tribunal,-4.1841530240560585e-16
politically,-4.191091917959966e-16
delivered,-4.191091917959966e-16
claims the,-4.191091917959966e-16
maintain,-4.191091917959966e-16
facebook page,-4.191091917959966e-16
stability,-4.203234982291804e-16
encounter,-4.2049697057677805e-16
the air force,-4.2101738761957106e-16
values,-4.211908599671688e-16
advanced to the,-4.2188474935755947e-16
defend,-4.2188474935755947e-16
the 2010,-4.2188474935755947e-16
through the,-4.2188474935755947e-16
also highlighted,-4.2188474935755947e-16
crime,-4.2188474935755947e-16
21,-4.2188474935755947e-16
reserve,-4.2188474935755947e-16
dismissed,-4.2188474935755947e-16
christmas,-4.225786387479502e-16
teenager,-4.2327252813834093e-16
iran is,-4.246603069191224e-16
year sentence,-4.246603069191224e-16
found the,-4.246603069191224e-16
and her,-4.246603069191224e-16
forces to,-4.246603069191224e-16
attendance,-4.274358644806853e-16
firm,-4.274358644806853e-16
felony,-4.274358644806853e-16
rankings,-4.274358644806853e-16
their families,-4.274358644806853e-16
seasons,-4.274358644806853e-16
worker,-4.274358644806853e-16
turkish,-4.274358644806853e-16
during his,-4.288236432614667e-16
countries the,-4.291705879566621e-16
the beijing olympics,-4.3021142204224816e-16
the remains,-4.3021142204224816e-16
voter,-4.3021142204224816e-16
of her,-4.3021142204224816e-16
abducted,-4.3021142204224816e-16
condolences,-4.317726731706273e-16
this year,-4.3298697960381104e-16
voters,-4.3298697960381104e-16
confessed,-4.3298697960381104e-16
regain,-4.3298697960381104e-16
who has,-4.3298697960381104e-16
and he,-4.3298697960381104e-16
at the age,-4.3298697960381104e-16
court,-4.3298697960381104e-16
confessed to,-4.3298697960381104e-16
surrounding,-4.3298697960381104e-16
citing,-4.3298697960381104e-16
shocked,-4.3298697960381104e-16
and provide,-4.343747583845925e-16
theft,-4.343747583845925e-16
the entire,-4.343747583845925e-16
voice,-4.343747583845925e-16
missing,-4.343747583845925e-16
charity,-4.343747583845925e-16
on charges of,-4.3515538394878205e-16
soldiers and,-4.357625371653739e-16
the documentary,-4.357625371653739e-16
highest,-4.357625371653739e-16
favorite,-4.3749726064135073e-16
combined,-4.3853809472693685e-16
highlighting,-4.3853809472693685e-16
took the,-4.3853809472693685e-16
the investigation,-4.3853809472693685e-16
port,-4.388850394221322e-16
grand slam,-4.3957892881252293e-16
slam,-4.3957892881252293e-16
to widespread,-4.3992587350771827e-16
creative,-4.3992587350771827e-16
west ham,-4.3992587350771827e-16
ham,-4.3992587350771827e-16
the discovery of,-4.40619762898109e-16
discovery of,-4.40619762898109e-16
three points,-4.4131365228849973e-16
do not,-4.4131365228849973e-16
developed,-4.4131365228849973e-16
committed to,-4.4131365228849973e-16
agency,-4.4304837576447654e-16
virgin,-4.433953204596719e-16
at the time,-4.433953204596719e-16
stated that he,-4.433953204596719e-16
alleged,-4.440892098500626e-16
the new,-4.440892098500626e-16
stated that they,-4.440892098500626e-16
police,-4.440892098500626e-16
there is,-4.440892098500626e-16
williams the,-4.440892098500626e-16
at his,-4.440892098500626e-16
on thursday,-4.440892098500626e-16
defeated the,-4.454769886308441e-16
hoax,-4.461708780212348e-16
warned,-4.468647674116255e-16
these,-4.468647674116255e-16
fc,-4.468647674116255e-16
in any,-4.479056014972116e-16
and may,-4.496403249731884e-16
remains of,-4.496403249731884e-16
involved in the,-4.496403249731884e-16
told,-4.496403249731884e-16
separatist,-4.496403249731884e-16
focus on,-4.496403249731884e-16
received,-4.496403249731884e-16
the remains of,-4.496403249731884e-16
intention to,-4.496403249731884e-16
100 people,-4.496403249731884e-16
world rankings,-4.496403249731884e-16
have caused,-4.496403249731884e-16
has admitted to,-4.510281037539698e-16
duties,-4.524158825347513e-16
us and,-4.524158825347513e-16
landscape,-4.524158825347513e-16
torture and,-4.524158825347513e-16
30th,-4.533699804465386e-16
child and,-4.551914400963141e-16
the case and,-4.551914400963141e-16
the two,-4.551914400963141e-16
currently,-4.551914400963141e-16
the ship,-4.551914400963141e-16
held at,-4.551914400963141e-16
but no,-4.551914400963141e-16
crashed,-4.551914400963141e-16
historical,-4.551914400963141e-16
report,-4.551914400963141e-16
15,-4.551914400963141e-16
each other,-4.551914400963141e-16
written by,-4.551914400963141e-16
struck,-4.555383847915096e-16
room,-4.558853294867049e-16
david beckham,-4.565792188770956e-16
ganzouri,-4.567526912246933e-16
is facing,-4.571863720936875e-16
passports,-4.572731082674864e-16
hospital where,-4.579669976578771e-16
in india,-4.579669976578771e-16
the move,-4.593547764386585e-16
top,-4.6074255521944e-16
text is about,-4.6074255521944e-16
children,-4.6074255521944e-16
un,-4.6074255521944e-16
if the,-4.6074255521944e-16
criminal,-4.6074255521944e-16
criticized,-4.6074255521944e-16
assets,-4.616099169574284e-16
billy,-4.621303340002214e-16
check,-4.635181127810028e-16
reducing,-4.635181127810028e-16
respective,-4.638650574761982e-16
will be,-4.662936703425658e-16
injured,-4.662936703425658e-16
gun,-4.662936703425658e-16
the capital,-4.662936703425658e-16
had,-4.662936703425658e-16
lead,-4.662936703425658e-16
challenges,-4.662936703425658e-16
the biggest,-4.662936703425658e-16
resulted in the,-4.662936703425658e-16
announced that,-4.662936703425658e-16
of being,-4.662936703425658e-16
who,-4.662936703425658e-16
track,-4.676814491233472e-16
experience,-4.690692279041286e-16
the library,-4.690692279041286e-16
the boston,-4.718447854656915e-16
clear,-4.718447854656915e-16
charges in,-4.718447854656915e-16
in 2006,-4.718447854656915e-16
that he has,-4.718447854656915e-16
typhoon,-4.718447854656915e-16
made,-4.718447854656915e-16
collapsed,-4.718447854656915e-16
with over,-4.718447854656915e-16
founder,-4.718447854656915e-16
has become,-4.718447854656915e-16
ahead of,-4.73232564246473e-16
attack occurred,-4.73232564246473e-16
the attack occurred,-4.73232564246473e-16
cruz,-4.739264536368637e-16
has no,-4.746203430272545e-16
the federal,-4.746203430272545e-16
traveled,-4.746203430272545e-16
resulted in over,-4.760081218080358e-16
suspension,-4.773959005888173e-16
america,-4.773959005888173e-16
expected to,-4.773959005888173e-16
formally,-4.773959005888173e-16
driving,-4.773959005888173e-16
angola,-4.773959005888173e-16
la,-4.773959005888173e-16
wounded,-4.773959005888173e-16
comes,-4.773959005888173e-16
global,-4.773959005888173e-16
seven,-4.773959005888173e-16
sports,-4.773959005888173e-16
to test,-4.777428452840126e-16
returning to,-4.780897899792081e-16
medal in the,-4.787836793695988e-16
update,-4.787836793695988e-16
has not,-4.787836793695988e-16
aiming,-4.789571517171965e-16
woman,-4.801714581503802e-16
residence,-4.801714581503802e-16
unclear if,-4.801714581503802e-16
concerned,-4.815592369311617e-16
and no,-4.815592369311617e-16
pulled,-4.829470157119431e-16
marks the,-4.829470157119431e-16
has seen,-4.829470157119431e-16
is scheduled,-4.829470157119431e-16
as his,-4.85722573273506e-16
that his,-4.85722573273506e-16
songs,-4.864164626638967e-16
start,-4.871103520542875e-16
games,-4.884981308350689e-16
combat,-4.884981308350689e-16
in pakistan,-4.884981308350689e-16
co,-4.884981308350689e-16
also led to,-4.884981308350689e-16
appear in,-4.884981308350689e-16
acknowledges,-4.891920202254596e-16
sent to,-4.898859096158503e-16
memorial,-4.9127368839663175e-16
by their,-4.9127368839663175e-16
suspended,-4.9127368839663175e-16
over,-4.9127368839663175e-16
following,-4.926614671774132e-16
not guilty of,-4.933553565678039e-16
scotland,-4.937023012629993e-16
but has,-4.937023012629993e-16
home,-4.940492459581947e-16
and found,-4.940492459581947e-16
the murder of,-4.940492459581947e-16
life,-4.940492459581947e-16
flooding,-4.940492459581947e-16
jordan,-4.940492459581947e-16
requires,-4.940492459581947e-16
month and,-4.954370247389761e-16
milestone,-4.968248035197575e-16
by her,-4.968248035197575e-16
the region,-4.968248035197575e-16
cartels,-4.968248035197575e-16
super,-4.98212582300539e-16
billion,-4.98212582300539e-16
traffickers,-4.989064716909298e-16
diary,-4.996003610813204e-16
august,-4.996003610813204e-16
action against,-4.996003610813204e-16
vidic,-4.996003610813204e-16
the red,-4.996003610813204e-16
studio,-4.996003610813204e-16
was delayed,-4.996003610813204e-16
claims,-4.996003610813204e-16
arenas,-4.996003610813204e-16
until,-5.009881398621019e-16
reconciliation,-5.009881398621019e-16
capital murder,-5.023759186428834e-16
parts of,-5.023759186428834e-16
process,-5.023759186428834e-16
significant increase,-5.023759186428834e-16
arts,-5.023759186428834e-16
sheriff office,-5.02549390990481e-16
few,-5.037636974236647e-16
will provide,-5.037636974236647e-16
over his,-5.037636974236647e-16
klingon,-5.051514762044462e-16
000,-5.051514762044462e-16
citing concerns,-5.051514762044462e-16
quarterfinals of the,-5.051514762044462e-16
overall,-5.051514762044462e-16
the quarterfinals of,-5.051514762044462e-16
fourth place,-5.051514762044462e-16
deadly,-5.051514762044462e-16
quarterfinals of,-5.051514762044462e-16
1950s,-5.065392549852277e-16
manhattan,-5.079270337660091e-16
of the victims,-5.079270337660091e-16
passing,-5.086209231563998e-16
to hear,-5.089678678515952e-16
bank,-5.096183891550865e-16
the competition,-5.096617572419859e-16
and the,-5.100087019371813e-16
ending,-5.10702591327572e-16
the pirates,-5.10702591327572e-16
marry,-5.10702591327572e-16
in june,-5.10702591327572e-16
gray,-5.10702591327572e-16
servicemen,-5.10702591327572e-16
tanker,-5.10702591327572e-16
mosley,-5.134781488891349e-16
to commit,-5.134781488891349e-16
fitness,-5.134781488891349e-16
library,-5.134781488891349e-16
defense,-5.148659276699164e-16
executive,-5.162537064506978e-16
less than,-5.162537064506978e-16
stop,-5.162537064506978e-16
of his,-5.162537064506978e-16
that all,-5.176414852314792e-16
10 million,-5.190292640122607e-16
the japanese,-5.190292640122607e-16
three people,-5.218048215738236e-16
lazio,-5.218048215738236e-16
in china,-5.218048215738236e-16
international airport,-5.218048215738236e-16
for,-5.218048215738236e-16
trend,-5.231926003546051e-16
decision was made,-5.245803791353864e-16
storms,-5.245803791353864e-16
everton,-5.259681579161679e-16
was known for,-5.259681579161679e-16
in september,-5.259681579161679e-16
design,-5.259681579161679e-16
nadal the,-5.273559366969494e-16
australia,-5.273559366969494e-16
to find,-5.273559366969494e-16
purchased,-5.273559366969494e-16
investigators,-5.273559366969494e-16
international,-5.2804982608734e-16
began in,-5.287437154777308e-16
rome,-5.301314942585123e-16
emphasizes,-5.301314942585123e-16
to concerns about,-5.301314942585123e-16
moved,-5.301314942585123e-16
from an,-5.315192730392937e-16
made to,-5.320505321038116e-16
dollars,-5.329070518200751e-16
brinkmann,-5.329070518200751e-16
town,-5.329070518200751e-16
quarter,-5.329070518200751e-16
role,-5.329070518200751e-16
expressed gratitude,-5.3568260938163805e-16
ahead,-5.3568260938163805e-16
immigrants,-5.363764987720287e-16
security forces,-5.370703881624195e-16
charges against,-5.384581669432009e-16
to do so,-5.384581669432009e-16
and another,-5.384581669432009e-16
by an,-5.384581669432009e-16
army,-5.39499001028787e-16
the economy,-5.412337245047638e-16
handed,-5.412337245047638e-16
kurdistan,-5.412337245047638e-16
victims,-5.412337245047638e-16
the project is,-5.412337245047638e-16
project is,-5.412337245047638e-16
mend,-5.412337245047638e-16
environmental,-5.440092820663267e-16
japan,-5.440092820663267e-16
the cartels,-5.440092820663267e-16
ahmed,-5.440092820663267e-16
second place in,-5.440092820663267e-16
was rejected,-5.440092820663267e-16
cao,-5.440092820663267e-16
15 years,-5.447031714567174e-16
proposed,-5.453970608471081e-16
19 year old,-5.467848396278896e-16
has said,-5.467848396278896e-16
found dead,-5.467848396278896e-16
service,-5.467848396278896e-16
shares,-5.467848396278896e-16
with high,-5.467848396278896e-16
across,-5.467848396278896e-16
wanted to,-5.474787290182804e-16
american airlines,-5.48172618408671e-16
british army,-5.48172618408671e-16
appear,-5.495603971894525e-16
her husband,-5.495603971894525e-16
homes and,-5.495603971894525e-16
in favor,-5.495603971894525e-16
restrictions,-5.495603971894525e-16
well,-5.495603971894525e-16
buried,-5.495603971894525e-16
23,-5.495603971894525e-16
that the us,-5.495603971894525e-16
planes,-5.495603971894525e-16
despite being,-5.50948175970234e-16
feature,-5.523359547510153e-16
meet with,-5.523359547510153e-16
has ordered the,-5.530298441414061e-16
incident highlights the,-5.537237335317968e-16
incident highlights,-5.537237335317968e-16
argue that the,-5.551115123125783e-16
launched,-5.551115123125783e-16
produced,-5.551115123125783e-16
demands,-5.551115123125783e-16
india,-5.55805401702969e-16
issued,-5.57453389005147e-16
must,-5.578870698741412e-16
highlights,-5.578870698741412e-16
miami,-5.60662627435704e-16
skating,-5.60662627435704e-16
concluded,-5.60662627435704e-16
felipe calderon,-5.60662627435704e-16
president felipe,-5.60662627435704e-16
president felipe calderon,-5.60662627435704e-16
brown,-5.60662627435704e-16
politics,-5.60662627435704e-16
community and,-5.620504062164855e-16
on friday,-5.63438184997267e-16
11,-5.63438184997267e-16
case has been,-5.63438184997267e-16
people have been,-5.662137425588298e-16
joining the,-5.662137425588298e-16
and aims,-5.662137425588298e-16
weapons,-5.662137425588298e-16
star,-5.662137425588298e-16
worldwide,-5.662137425588298e-16
of the world,-5.662137425588298e-16
and aims to,-5.662137425588298e-16
hopes,-5.676015213396113e-16
sign,-5.676015213396113e-16
claim that,-5.67774993687209e-16
continue,-5.689893001203927e-16
non,-5.717648576819557e-16
at an,-5.717648576819557e-16
hopes that,-5.717648576819557e-16
eve,-5.717648576819557e-16
increases,-5.717648576819557e-16
second goal,-5.73152636462737e-16
on may,-5.745404152435185e-16
provided,-5.745404152435185e-16
remove,-5.745404152435185e-16
trainer,-5.745404152435185e-16
afghanistan,-5.745404152435185e-16
internet,-5.752343046339093e-16
on his,-5.773159728050814e-16
discussed,-5.773159728050814e-16
products,-5.773159728050814e-16
victory was,-5.773159728050814e-16
if they,-5.773159728050814e-16
nine,-5.773159728050814e-16
is planning to,-5.800915303666443e-16
that he had,-5.814793091474257e-16
enough to,-5.821731985378165e-16
arguing that the,-5.828670879282072e-16
international community,-5.828670879282072e-16
that would,-5.856426454897701e-16
in an area,-5.856426454897701e-16
arrests were,-5.86770215749155e-16
he was found,-5.870304242705515e-16
present,-5.880712583561376e-16
and believes,-5.884182030513329e-16
stated that the,-5.884182030513329e-16
been on the,-5.884182030513329e-16
side,-5.884182030513329e-16
have,-5.884182030513329e-16
formula,-5.884182030513329e-16
champion,-5.884182030513329e-16
monday,-5.884182030513329e-16
end of the,-5.911937606128959e-16
concerns about the,-5.911937606128959e-16
takes,-5.925815393936773e-16
club,-5.935356373054645e-16
nurses,-5.939693181744587e-16
people who,-5.939693181744587e-16
soldiers,-5.967448757360216e-16
six,-5.967448757360216e-16
casualties,-5.977857098216078e-16
syria,-5.981326545168031e-16
knee,-5.981326545168031e-16
injuring,-5.981326545168031e-16
donnelly,-5.995204332975846e-16
researchers,-5.995204332975846e-16
honor its,-5.995204332975846e-16
arrested in,-5.995204332975846e-16
disappointment,-6.009082120783659e-16
allowed,-6.016021014687567e-16
individual,-6.050715484207103e-16
but some,-6.050715484207103e-16
control over,-6.055919654635034e-16
to cnn,-6.064593272014918e-16
estate,-6.078471059822732e-16
the lawsuit,-6.078471059822732e-16
issues and,-6.078471059822732e-16
sharrod,-6.092348847630546e-16
peace,-6.092348847630546e-16
max,-6.092348847630546e-16
which resulted in,-6.106226635438361e-16
which resulted,-6.106226635438361e-16
with win over,-6.106226635438361e-16
steve,-6.106226635438361e-16
newlove,-6.106226635438361e-16
sets,-6.106226635438361e-16
artists,-6.106226635438361e-16
violence in the,-6.161737786669619e-16
aiming to,-6.174748212739445e-16
promotion,-6.175615574477433e-16
was able to,-6.189493362285248e-16
judge has,-6.189493362285248e-16
was able,-6.189493362285248e-16
comes after,-6.217248937900876e-16
ireland,-6.217248937900876e-16
driver,-6.217248937900876e-16
trip,-6.217248937900876e-16
widely,-6.217248937900876e-16
message,-6.217248937900876e-16
once,-6.217248937900876e-16
road,-6.217248937900876e-16
his girlfriend,-6.231126725708691e-16
passed away,-6.248473960468459e-16
scheduled,-6.251943407420412e-16
hoping,-6.272760089132135e-16
19,-6.272760089132135e-16
people from,-6.272760089132135e-16
track and,-6.29704621779581e-16
placed,-6.300515664747763e-16
suspect is,-6.300515664747763e-16
forces,-6.314393452555578e-16
tie,-6.314393452555578e-16
president obama,-6.328271240363392e-16
of involvement,-6.328271240363392e-16
audience,-6.328271240363392e-16
residents,-6.328271240363392e-16
people were,-6.328271240363392e-16
to understand,-6.328271240363392e-16
is planning,-6.328271240363392e-16
along,-6.356026815979021e-16
expressed desire,-6.369904603786835e-16
will lead,-6.38378239159465e-16
decision was,-6.38378239159465e-16
has lost,-6.38378239159465e-16
will include,-6.38378239159465e-16
the final,-6.397660179402465e-16
to raise,-6.411537967210279e-16
set,-6.411537967210279e-16
struggling,-6.411537967210279e-16
barack obama,-6.411537967210279e-16
barack,-6.411537967210279e-16
which they,-6.428885201970047e-16
restaurants,-6.435607255439457e-16
in the future,-6.439293542825908e-16
current,-6.439293542825908e-16
hurricane,-6.453171330633722e-16
according to the,-6.460110224537629e-16
also charged,-6.467049118441537e-16
were reported,-6.494804694057165e-16
doctor,-6.494804694057165e-16
supply,-6.494804694057165e-16
has sparked,-6.522560269672795e-16
sweden,-6.550315845288424e-16
is one,-6.550315845288424e-16
half,-6.550315845288424e-16
royal,-6.564193633096238e-16
part of,-6.578071420904052e-16
complete,-6.578071420904052e-16
poor,-6.578071420904052e-16
reports,-6.605826996519682e-16
found,-6.605826996519682e-16
is already,-6.605826996519682e-16
mayweather,-6.605826996519682e-16
see,-6.63358257213531e-16
traditional,-6.661338147750939e-16
praising,-6.689093723366569e-16
udinese,-6.689093723366569e-16
to pursue,-6.696032617270475e-16
140,-6.702971511174382e-16
mauceri,-6.702971511174382e-16
parts,-6.716849298982197e-16
protests against,-6.716849298982197e-16
24,-6.716849298982197e-16
request,-6.716849298982197e-16
exact,-6.716849298982197e-16
time the,-6.716849298982197e-16
kashmir,-6.727257639838058e-16
last year,-6.744604874597826e-16
missouri,-6.7723604502134545e-16
plans,-6.7723604502134545e-16
claiming,-6.820932707540805e-16
born,-6.827871601444713e-16
valladolid,-6.827871601444713e-16
advanced,-6.827871601444713e-16
and it,-6.827871601444713e-16
stop the,-6.883382752675971e-16
trend of,-6.883382752675971e-16
cause of,-6.883382752675971e-16
year the,-6.883382752675971e-16
assistant,-6.883382752675971e-16
which is,-6.911138328291599e-16
on their,-6.911138328291599e-16
germany,-6.911138328291599e-16
will continue,-6.938893903907228e-16
determined,-6.95971058561895e-16
documents,-6.966649479522858e-16
the airport,-6.994405055138486e-16
of the,-6.994405055138486e-16
face,-6.994405055138486e-16
11th,-7.001343949042394e-16
site,-7.016956460326185e-16
the australian open,-7.049916206369744e-16
prominent,-7.049916206369744e-16
valley,-7.049916206369744e-16
hulk,-7.049916206369744e-16
investigation is,-7.070732888081466e-16
meat,-7.077671781985373e-16
performance,-7.077671781985373e-16
at the,-7.105427357601002e-16
has also been,-7.105427357601002e-16
and,-7.105427357601002e-16
tomb,-7.133182933216631e-16
minor,-7.16093850883226e-16
the families,-7.16093850883226e-16
agreement,-7.181755190543981e-16
luis,-7.209510766159611e-16
within,-7.216449660063518e-16
region,-7.216449660063518e-16
killed in,-7.216449660063518e-16
addressed the,-7.216449660063518e-16
where,-7.216449660063518e-16
150 years,-7.216449660063518e-16
seen as,-7.216449660063518e-16
who are,-7.258950385224949e-16
despite her,-7.271960811294775e-16
winning goal in,-7.271960811294775e-16
with an,-7.271960811294775e-16
pass,-7.271960811294775e-16
identity,-7.271960811294775e-16
people and,-7.28583859910259e-16
lane,-7.29104276953052e-16
was later found,-7.303185833862358e-16
captain,-7.306655280814311e-16
elections,-7.313594174718219e-16
third,-7.327471962526033e-16
hundreds of,-7.327471962526033e-16
mentions,-7.327471962526033e-16
derby,-7.327471962526033e-16
with the,-7.382983113757291e-16
has sentenced,-7.438494264988549e-16
returned,-7.438494264988549e-16
this,-7.438494264988549e-16
teammate,-7.466249840604177e-16
come,-7.4870665223159e-16
formed,-7.494005416219807e-16
suspect,-7.494005416219807e-16
to haiti,-7.521760991835436e-16
end,-7.605027718682322e-16
upcoming,-7.605027718682322e-16
to take,-7.605027718682322e-16
28 year,-7.639722188201858e-16
28 year old,-7.639722188201858e-16
incident occurred,-7.660538869913581e-16
failed,-7.660538869913581e-16
the potential,-7.660538869913581e-16
autopsy,-7.660538869913581e-16
acknowledged,-7.660538869913581e-16
in her,-7.660538869913581e-16
age,-7.716050021144838e-16
strike,-7.716050021144838e-16
intelligence,-7.716050021144838e-16
in august,-7.764622278472189e-16
is ongoing,-7.771561172376096e-16
juventus,-7.771561172376096e-16
years old,-7.771561172376096e-16
aftermath of the,-7.771561172376096e-16
in an,-7.771561172376096e-16
issue and,-7.772428534114084e-16
was released,-7.825337600131377e-16
the video,-7.827072323607353e-16
trust,-7.854827899222983e-16
hotel,-7.868705687030797e-16
degree,-7.882583474838611e-16
the tournament,-7.882583474838611e-16
sport,-7.882583474838611e-16
cancer,-7.882583474838611e-16
time for,-7.91033905045424e-16
the importance of,-7.91033905045424e-16
importance of,-7.91033905045424e-16
intended,-7.91033905045424e-16
the importance,-7.91033905045424e-16
us president,-7.924216838262055e-16
towards,-7.93809462606987e-16
as part of,-7.93809462606987e-16
as part,-7.93809462606987e-16
the mexican,-7.945033519973776e-16
about the,-8.049116928532385e-16
schroer,-8.049116928532385e-16
use,-8.076872504148014e-16
mazembe,-8.076872504148014e-16
workers,-8.076872504148014e-16
selected,-8.076872504148014e-16
ever,-8.076872504148014e-16
since,-8.076872504148014e-16
attacked,-8.097689185859736e-16
region and,-8.104628079763643e-16
the season,-8.132383655379272e-16
on july,-8.1601392309949e-16
manchester united,-8.271161533457416e-16
situation,-8.271161533457416e-16
control,-8.271161533457416e-16
the potential for,-8.312794896880859e-16
efforts,-8.326672684688674e-16
group with,-8.326672684688674e-16
any,-8.331876855116605e-16
serie,-8.382183835919932e-16
mother,-8.382183835919932e-16
was born in,-8.437694987151189e-16
named,-8.437694987151189e-16
saturday,-8.437694987151189e-16
to help,-8.493206138382448e-16
career in,-8.493206138382448e-16
one of the,-8.548717289613706e-16
criticism,-8.548717289613706e-16
jr,-8.604228440844963e-16
in papua,-8.6319840164605925e-16
the country,-8.659739592076221e-16
injury and,-8.659739592076221e-16
who have,-8.659739592076221e-16
taken,-8.659739592076221e-16
the attorney,-8.715250743307478e-16
as,-8.715250743307478e-16
together,-8.756884106730922e-16
more than,-8.770761894538737e-16
not,-8.770761894538737e-16
second,-8.770761894538737e-16
total of,-8.778134469311638e-16
heart,-8.805456364058273e-16
late,-8.826273045769995e-16
russian,-8.826273045769995e-16
was held,-8.838416110101832e-16
winner,-8.840150833577809e-16
can help,-8.854028621385623e-16
unmarried,-8.881784197001252e-16
drink,-8.923417560424695e-16
recent,-8.93729534823251e-16
officer,-8.93729534823251e-16
william,-8.93729534823251e-16
league,-8.93729534823251e-16
company has,-8.965050923848138e-16
attacks,-8.978928711655954e-16
the estate,-8.992806499463768e-16
the charges,-8.992806499463768e-16
legacy,-8.992806499463768e-16
not be able,-9.048317650695026e-16
network,-9.048317650695026e-16
the issue,-9.076073226310656e-16
gold,-9.103828801926283e-16
thomas,-9.103828801926283e-16
receive,-9.103828801926283e-16
moving,-9.159339953157541e-16
larger,-9.18709552877317e-16
was rescued,-9.2148511043888e-16
weather,-9.2148511043888e-16
the mother of,-9.2148511043888e-16
wife,-9.242606680004427e-16
to the,-9.270362255620057e-16
member of,-9.29117893733178e-16
to have,-9.298117831235686e-16
change,-9.298117831235686e-16
fifa,-9.325873406851315e-16
claim,-9.325873406851315e-16
occurring,-9.367506770274758e-16
1979,-9.409140133698201e-16
to prevent the,-9.409140133698201e-16
nations,-9.409140133698201e-16
36,-9.43689570931383e-16
student,-9.43689570931383e-16
do so,-9.43689570931383e-16
would not,-9.49240686054509e-16
focus,-9.547918011776346e-16
opening,-9.547918011776346e-16
justice,-9.603429163007604e-16
deemed,-9.658940314238861e-16
resulting in the,-9.74220704108575e-16
in,-9.769962616701378e-16
year old,-9.769962616701378e-16
reported,-9.825473767932635e-16
make an,-9.835014747050509e-16
the israeli,-9.83935155574045e-16
bottom,-9.908740494779523e-16
palestinians,-9.957312752106873e-16
the past,-9.992007221626409e-16
on saturday,-9.992007221626409e-16
has increased,-1.0047518372857667e-15
attributed to the,-1.0061396160665481e-15
government had,-1.0103029524088924e-15
open,-1.021405182655144e-15
led,-1.021405182655144e-15
offered,-1.021405182655144e-15
mugabe,-1.0325074129013957e-15
is under,-1.0380585280245213e-15
need,-1.0491607582707729e-15
includes,-1.0498546476611637e-15
democratic,-1.0519363158323358e-15
2010,-1.0658141036401502e-15
and there,-1.0713652187632761e-15
political,-1.0769163338864018e-15
has also,-1.0769163338864018e-15
al,-1.0769163338864018e-15
exchange,-1.0796918914479647e-15
held on,-1.0831613383999183e-15
massive,-1.0880185641326535e-15
player,-1.0880185641326535e-15
be the,-1.0880185641326535e-15
matter,-1.090447176999021e-15
another,-1.0907941216942162e-15
one,-1.092528845170193e-15
who has been,-1.0935696792557792e-15
asked,-1.1046719095020307e-15
violence,-1.121325254871408e-15
but it,-1.121325254871408e-15
government has,-1.121325254871408e-15
gotbaum,-1.1324274851176596e-15
father,-1.1324274851176596e-15
met with,-1.151335971005807e-15
figure,-1.1546319456101628e-15
responsible for,-1.1546319456101628e-15
plans to,-1.1546319456101628e-15
from international,-1.1657341758564144e-15
during,-1.1768364061026659e-15
disappearance,-1.1768364061026659e-15
control of,-1.1879386363489174e-15
and is not,-1.1879386363489174e-15
attempted,-1.189326415129699e-15
croatia,-1.1990408665951691e-15
them,-1.1990408665951691e-15
with them,-1.2045919817182948e-15
atlantic,-1.2212453270876722e-15
indictment,-1.2212453270876722e-15
han,-1.2295719997723608e-15
was known,-1.2295719997723608e-15
the group,-1.2323475573339237e-15
prix,-1.2698175844150228e-15
grand prix,-1.2698175844150228e-15
rebels,-1.2753686995381487e-15
troops from,-1.27675647831893e-15
center,-1.27675647831893e-15
the only,-1.2823075934420559e-15
by the,-1.2878587085651815e-15
he was,-1.2878587085651815e-15
arizona,-1.3378187446733137e-15
were,-1.3489209749195652e-15
around,-1.3544720900426909e-15
november,-1.3711254354120683e-15
and police,-1.3766765505351941e-15
at hospital,-1.3766765505351941e-15
stated,-1.379452108096757e-15
significant,-1.3877787807814457e-15
into,-1.4016565685892601e-15
to her,-1.4377388168895776e-15
despite,-1.4432899320127035e-15
before,-1.4432899320127035e-15
secured,-1.4460654895742664e-15
striker,-1.454392162258955e-15
struggled,-1.4932499681208355e-15
at,-1.5028993674559565e-15
however he,-1.5043521983670872e-15
champions,-1.5043521983670872e-15
sense,-1.5140666498325572e-15
significantly,-1.5404344466674047e-15
while,-1.5543122344752192e-15
rare,-1.5543122344752192e-15
the decision,-1.6708856520608607e-15
drug,-1.6986412276764896e-15
had previously,-1.7263968032921185e-15
which,-1.7319479184152442e-15
potential,-1.7319479184152442e-15
is,-1.7430501486614957e-15
footballer,-1.765254609153999e-15
the uk,-1.937339177970898e-15
breaking,-1.9768908732231692e-15
approximately,-1.9984014443252818e-15
stating that,-2.0095036745715335e-15
scored,-2.020605904817785e-15
leaders,-2.020605904817785e-15
including,-2.0872192862952944e-15
on,-2.0983215165415457e-15
won,-2.1538326677728035e-15
around the,-2.292610545850948e-15
said,-2.575717417130363e-15
the,-2.874089854998374e-15
and has,-3.093705847057038e-15
stating,-3.508304757815495e-15
however,-4.4741987892393805e-15
