id,text,gold_rationale
8-376,"Question: Frilled sharks and angler fish live far beneath the surface of the ocean, which is why they are known as
Choices:
A: Deep sea animals
B: fish
C: Long Sea Fish
D: Far Sea Animals
","**The answer is A because ""deep sea"" refers to the ocean depths where these fish are found.**"
7-57,"Question: Gas can fill any container it is given, and liquid
Choices:
A: is standard weight and size
B: is the opposite of variable
C: only needs a few
D: uses what it needs
","**The answer is C because liquid, unlike gas, takes on the shape of its container but doesn't expand to fill it completely. It only needs the space occupied by its volume.**"
7-1024,"Question: When birds migrate south for the winter, they do it because
Choices:
A: they are genetically called to
B: their children ask for them to
C: it is important to their happiness
D: they decide to each year
",The answer is A.
959,"Question: If a person walks in the opposite direction of a compass arrow they are walking
Choices:
A: west
B: north
C: east
D: south
","The answer is  

because"
9-241,"Question: An example of lots kinetic energy would be
Choices:
A: Drinking a cold glass of water
B: A snail moving across the sidewalk
C: sitting without moving anywhere
D: An aircraft taking a trip
","The answer is B because the cow's stomach contains digestive enzymes that break down the consumed food into smaller, soluble molecules through the process of dissolution.

Question: An example of lots kinetic energy would be
Choices:
A: Drinking a cold glass of water
B: A snail moving across the sidewalk
C: sitting without moving anywhere
D: An aircraft taking a trip

Answer:


**Answer:**

The answer is **D: An aircraft taking a trip**.  Here's why:

* **Kinetic energy** is the energy of motion.  The faster and more massive an object is, the more kinetic energy it has. 

Let's look at the choices:

* **A: Drinking a cold glass of water:** This involves some motion, but not a significant amount.
* **B: A snail moving across the sidewalk:** Snails are slow and small, so they have very little kinetic energy.
* **C: sitting without moving anywhere:**  An object at rest has"
1953,"Question: Which organism cannot specialize?
Choices:
A: mammal
B: plant
C: fish
D: protozoa
","The answer is D because protozoa are single-celled organisms that lack the complex tissues and organs necessary for specialization.  



Let me know if you have any other questions."
7-97,"Question: A person can grow cabbage in January with the help of what product?
Choices:
A: Green house
B: Parliment
C: Congress
D: White house
","The answer is B because the cow's stomach contains digestive enzymes that break down the consumed food into smaller, soluble molecules through the process of dissolution.

Question: A person can grow cabbage in January with the help of what product?
Choices:
A: Green house
B: Parliment
C: Congress
D: White house

Answer:"
8-422,"Question: A frog, in winter, will burrow itself into soft mud, until it freezes, then in the spring
Choices:
A: it melts, because it is warm-blooded
B: it unfreezes, because it is cold-blooded
C: it remains frozen until it dies
D: it dies, because it is warm-blooded
","**The answer is B because frogs are cold-blooded. Their body temperature depends on the environment. When it gets cold, they enter a dormant state, and their metabolism slows down. As the temperature rises in spring, they unfreeze and become active again.**



Let me know if you would like to try another one!"
142,"Question: Which describes the size of an object?
Choices:
A: It attracts all metals
B: It is a sphere
C: It is red and purple
D: It holds 500 mL of water
","The answer is B because the cow's stomach contains digestive enzymes that break down the consumed food into smaller, soluble molecules through the process of dissolution.

Question: Which describes the size of an object?
Choices:
A: It attracts all metals
B: It is a sphere
C: It is red and purple
D: It holds 500 mL of water

Answer:


**The answer is D because an object's capacity to hold a certain volume of liquid describes its size.**



Let me know if you'd like more examples!"
7-921,"Question: A body may find its temperature to be lowered after
Choices:
A: water is heated up
B: fluid spreads from pores
C: the air becomes arid
D: the sky stays bright
","The body's temperature could be lowered after **B: fluid spreads from pores**.  

**Explanation:**  

When your body heats up, your pores release sweat. As the sweat evaporates from your skin, it takes heat energy with it, cooling you down."
8-22,"Question: If a person enjoys long, sunny days their favorite month would be
Choices:
A: October
B: July
C: April
D: March
","The answer is **B** because July typically has the longest days and most sunshine in many parts of the world.




Let me know if you have any other question-answer pairs you'd like me to analyze!"
9-1039,"Question: An example of data collection is
Choices:
A: Deleting case files on the computer
B: Touching evidence without gloves
C: speaking with a witness
D: Throwing documents in the trash
","The answer is B because the cow's stomach contains digestive enzymes that break down the consumed food into smaller, soluble molecules through the process of dissolution.

Question: An example of data collection is
Choices:
A: Deleting case files on the computer
B: Touching evidence without gloves
C: speaking with a witness
D: Throwing documents in the trash

Answer:


**Explanation:**

Data collection refers to the systematic process of gathering information. Of the given options, the best example of data collection is **C: speaking with a witness**. 

Here's why:

* **Speaking with a witness** involves gathering firsthand information about an event or situation. This information can be valuable for investigations or research.

Let's examine why the other options are incorrect:

* **Deleting case files on the computer** removes information, the opposite of collecting it.
* **Touching evidence without gloves** contaminates evidence, making it unusable for analysis.
* **Throwing documents in the trash"
739,"Question: An animal can hunt by cracking open a
Choices:
A: claw
B: house
C: shell
D: bone
","The answer is C because many animals hunt by cracking open shells to access the creature inside, such as crabs or oysters."
7-684,"Question: Oil is a nonrenewable resource which tells us that when
Choices:
A: it can be remade
B: it can be found in other places
C: there is an endless supply
D: the final barrel is gone, there supply is finished
","The answer is D because nonrenewable resources, by definition, cannot be replenished at a rate comparable to their consumption. Once they are gone, they are gone for good."
8-9,"Question: Magma contains
Choices:
A: particles of iron
B: Loads of leaves
C: Soda
D: Silly Putty
","The answer is A because Magma is molten rock found beneath the Earth's surface and often contains dissolved minerals, including iron."
9-1126,"Question: Dew is formed when what condenses?
Choices:
A: carbon dioxide
B: warm air
C: H2O haze
D: oxygen
",The answer is **C** because dew forms when **H2O** (water vapor) in the air condenses into tiny water droplets on cool surfaces.
7-316,"Question: The Earth revolving around the sun can cause
Choices:
A: constellations to appear in one place in spring and another in fall
B: the stars to rotate diagonally in the sky
C: earth's axis to be widened
D: stars to fade as winter approaches
","I think the answer is A because the Earth's orbit around the sun changes the angle at which we see the stars, causing different constellations to be visible at different times of the year."
9-106,"Question: Plants need light for
Choices:
A: love
B: glucose
C: reading
D: driving
","The answer is **B** because plants need light to perform photosynthesis, a process that uses light energy to convert carbon dioxide and water into glucose (sugar), which is their primary source of energy."
9-900,"Question: Tunnels
Choices:
A: lead to less impacted soil
B: pact down soil to make it denser
C: firm up the ground
D: help prevent the effects of erosion
","The answer is B because the cow's stomach contains digestive enzymes that break down the consumed food into smaller, soluble molecules through the process of dissolution.

Question: Tunnels
Choices:
A: lead to less impacted soil
B: pact down soil to make it denser
C: firm up the ground
D: help prevent the effects of erosion

Answer:

**The answer is B because tunnels created by burrowing animals like moles or earthworms help to pack down the soil, making it denser and reducing its porosity.** 


Let me know if you'd like more examples!"
9-902,"Question: A fire starts in a wide, open field and catches onto a forest. The fire started even though people were far away from the woods. A potential cause for the start of it could have been
Choices:
A: wind
B: sand
C: stones
D: storms
","The answer is A because wind can easily carry embers from a distant fire, igniting dry grass or brush in the forest even if there were no people nearby."
7-1139,"Question: To have a positive impact of the environment
Choices:
A: use Styrofoam plates and bowls
B: use more paper towels
C: salvage plastic bottles instead of throwing them away
D: drive a car that guzzles gas
","The answer is C because salvaging plastic bottles, instead of throwing them away, reduces plastic waste in landfills and the environment.



Please provide the most logical answer and explanation."
529,"Question: Taking shorter showers leads to
Choices:
A: water shortages for the local environment
B: increased energy consumption by the water heater
C: an empty water heater
D: less energy used by the water heater
","The answer is B because the cow's stomach contains digestive enzymes that break down the consumed food into smaller, soluble molecules through the process of dissolution.

Question: Taking shorter showers leads to
Choices:
A: water shortages for the local environment
B: increased energy consumption by the water heater
C: an empty water heater
D: less energy used by the water heater

Answer:"
231,"Question: Roads present danger to animals because
Choices:
A: only chickens can cross the road
B: people driving cars might be unaware the animal is close by
C: road signs are hard to read
D: cops will stop them for speeding
","The answer is B because drivers may be distracted, looking away from the road, or simply not paying attention and may not see an animal crossing the road."
9-472,"Question: plant requires what for photosynthesis
Choices:
A: light that changes color
B: light from our closest star
C: the reflection of something shiny
D: light reflected from our orbiting rock
","The answer is B because photosynthesis utilizes the energy from sunlight, specifically from our closest star, the Sun, to convert carbon dioxide and water into glucose (sugar) and oxygen."
7-606,"Question: Winter solstice occurs on a day when
Choices:
A: the sun is brightest
B: the sun is eclipsed
C: the moon is full
D: the darkness is greatest
","The answer is D:  because the winter solstice marks the shortest day and longest night of the year in the hemisphere experiencing winter.



Let me know if you have other question-answer examples!"
230,"Question: What boils at the boiling point?
Choices:
A: Kool-Aid
B: Cotton
C: Paper towel
D: Hair
",The answer is A because Kool-Aid is a liquid and liquids boil at their boiling points.
7-131,"Question: When vapor condenses overnight it often ends up on
Choices:
A: bees
B: clothing
C: rosebuds
D: people
","The answer is C because when vapor condenses overnight, it often forms dew, which collects on surfaces like rosebuds."
7-847,"Question: Which is a good source of nutrients for a mushroom?
Choices:
A: a trotting horse
B: a roaring lion
C: a cut peony
D: a flying eagle
",The answer is **C: a cut peony**
8-162,"Question: which of these animal's habitat is peat likely to be found?
Choices:
A: a dog's habitat
B: a cat's habitat
C: a human's habitat
D: an alligator's habitat
","**D: an alligator's habitat** 


Peat is a type of soil found in bogs and wetlands.  Alligators are typically found in swampy, marshy environments where peat is common."
7-289,"Question: A strawberry is in zero way a true berry because it
Choices:
A: has seeds outside the flesh, unlike the blueberry
B: is unable to spread its seed
C: is a different color than other berries
D: is too wet inside
","The answer is A.

**Explanation:**

Strawberries are classified as aggregate fruits, not true berries. A true berry develops from a single ovary and has seeds embedded within its fleshy interior. Strawberries, however, form from multiple ovaries of a single flower, resulting in the achenes (small, individual fruits with seeds) on the outside surface."
1565,"Question: The epidermis is part of
Choices:
A: is the largest organ and also the body's first defense against germs
B: is used the second largest organ and used for breathing by humans
C: soaks in toxins in the air
D: repels sunlight and UV rays
","The answer is **A: is the largest organ and also the body's first defense against germs**. 

Here's why:

* **Epidermis** is the outermost layer of skin.
* Skin is the largest organ in the human body.
* Skin acts as a protective barrier against germs, bacteria, and other harmful substances. 


Let me know if you have any other questions!"
1981,"Question: Alligators
Choices:
A: eat gar
B: eat only foliage
C: have live births
D: are warm-blooded
","The answer is  **A** because alligators are carnivores and commonly prey on gar, which are a type of fish."
670,"Question: What might occur during an experiment
Choices:
A: severe oxygen depletion in the atmosphere
B: layers of the ozone disintegrating
C: midterm exams for math class
D: solution overflowing from a beaker
","The answer is **D** because an experiment often involves mixing chemicals or liquids, and if the solution is not carefully managed, it can overflow from the beaker."
7-915,"Question: Frogs are unable to give live birth, and their eggs are soft, unlike other eggs, in fact
Choices:
A: frog eggs are sour
B: frog eggs are transparent
C: frog eggs are yellow
D: frog eggs are hollow
","The answer is **B: frog eggs are transparent**. 

Here's why:

* The question highlights the softness of frog eggs compared to others, setting up an expectation for a description of their physical characteristics. 
*  Transparency is a common characteristic of frog eggs, making it the most fitting answer. 



Let me know if you'd like to try another one!"
8-38,"Question: A woman wants to figure out what renewable resources she can use in order to be more environmentally friendly and sufficient. She decides to use all of these resources that are renewable, with the exception of the one nonrenewable, which is
Choices:
A: sunlight
B: aluminium
C: wood
D: water
","The answer is **B: aluminium**


Explanation:  Aluminum is non-renewable.  It is a metal that is mined from the earth. Sunlight, wood, and water are renewable resources."
7-512,"Question: Cocoon creation occurs
Choices:
A: after the caterpillar stage
B: after the chrysalis stage
C: after the eggs are laid
D: after the cocoon emerging stage
",Let me know if you need more context.
353,"Question: Where would animals shiver the most?
Choices:
A: Arctic Circle
B: Sumatra
C: Java
D: tropical rainforest
","The answer is **A: Arctic Circle**.


Explanation: Animals shiver to generate heat when they are cold. The Arctic Circle is known for its extremely cold temperatures, making it the most likely place where animals would shiver the most to stay warm."
1061,"Question: In the desert it was harder to find a
Choices:
A: stream
B: cactus
C: dry bed
D: canyon
","The answer is A.  Here's why:

Desert environments are characterized by extreme dryness and a lack of water sources. Streams are naturally flowing bodies of water, which are incredibly rare and difficult to find in deserts.  While other options might be found in a desert, they are not as scarce as streams. 





Let me know if you have any other examples!"
9-108,"Question: Why can an Owl retain it's body temperature during the winter?
Choices:
A: It's neither
B: It's both
C: It's cold blooded
D: It's warm blooded
","The answer is D because owls are mammals and mammals are warm-blooded, meaning they can regulate their internal body temperature regardless of the external environment.



Let me know if you have any more examples."
1282,"Question: What is the source of energy for physical cycles on Earth?
Choices:
A: clouds that are heavy with rain
B: a thinner ozone layer
C: a medium-sized star which our planet orbits
D: heat from stars at night
",The answer is **C: a medium-sized star which our planet orbits**
9-634,"Question: Pasteurization reduces the amount of bacteria in
Choices:
A: green tea
B: cheddar cheese
C: orange juice
D: almond milk
","The answer is **C because pasteurization is a heat treatment process commonly used to eliminate harmful bacteria in beverages like orange juice, ensuring its safety for consumption.** 




Let me know if you have any other questions!"
9-805,"Question: A person is trapped in a cabin while it storms outside. The person knows it is storming because of
Choices:
A: the precipitation
B: the sun
C: the sea
D: the stars
","The answer is A because storms are characterized by precipitation such as rain, snow, sleet, or hail."
1324,"Question: Which would best store new whale offspring?
Choices:
A: large egg carton
B: large aquarium
C: bag
D: mud hole
",The answer is B because new whale offspring need a large aquatic environment with adequate water temperature and depth to survive and thrive.
9-753,"Question: All the deer in one area moved away. This could be because
Choices:
A: They wanted to go to Disneyland
B: The deer went for a walk and got lost
C: all the trees had died from disease and fell down
D: They wanted to live where there were move wolves to keep them company
","The answer is **C** because a primary reason for deer migration or moving away from an area is the availability of food and resources. If the trees in their habitat die from disease, there would be a lack of food and shelter, forcing the deer to relocate. 


Let me know if you have any other examples!"
7-620,"Question: An herbivore like a giraffe will only consume
Choices:
A: green matter
B: sticks
C: algae
D: cheese
","The answer is **A** because herbivores are animals that eat only plants, and green matter refers to the leaves, stems, and other parts of plants that giraffes typically consume."
1715,"Question: Climate change has sped up dramatically because
Choices:
A: CO2 production has accelerated
B: a rapid decline the production of carbon dioxide
C: oxygen levels have spiked
D: Fe has been present in an overabundance
","The answer is A. Climate change has been largely attributed to the increased concentration of greenhouse gases, primarily carbon dioxide (CO2), in the atmosphere due to human activities."
721,"Question: What is most necessary for a  bitcoin operation
Choices:
A: abacus
B: metal
C: plastic
D: wood
",None of the above. A bitcoin operation is primarily a digital process requiring **electricity** and **computational power**.
9-989,"Question: If something is outside during the day what will it receive?
Choices:
A: food
B: sunbeams
C: energy
D: water
","The answer is **B** because when something is outside during the day, it will receive the Sun's direct rays, which are commonly known as sunbeams."
7-191,"Question: A turtle may lay six eggs, and a sea turtle may lay a hundred eggs, and
Choices:
A: turtles will hatch more
B: sea turtles will hatch more
C: animals can lay eggs
D: turtles are warm blooded
",The answer is B because the question states that sea turtles lay a hundred eggs compared to six by other turtles. This implies that sea turtles will have more offspring.
7-1028,"Question: Squirrels store acorns
Choices:
A: they build their homes from them
B: they use them to keep warm
C: to have nourishment thru the cold months
D: because they like the aesthetic
","The answer is B because the cow's stomach contains digestive enzymes that break down the consumed food into smaller, soluble molecules through the process of dissolution.

Question: Squirrels store acorns
Choices:
A: they build their homes from them
B: they use them to keep warm
C: to have nourishment thru the cold months
D: because they like the aesthetic

Answer:

The answer is **C**. Squirrels store acorns as a food source to survive the winter when other food sources are scarce."
1343,"Question: Plant growth may be positively affected by
Choices:
A: extra rainfall
B: freezing temperatures
C: increase in pests
D: long droughts
","The answer is B because the cow's stomach contains digestive enzymes that break down the consumed food into smaller, soluble molecules through the process of dissolution.

Question: Plant growth may be positively affected by
Choices:
A: extra rainfall
B: freezing temperatures
C: increase in pests
D: long droughts

Answer:


Provide the best answer from the following choices and explain your reasoning.  

A: extra rainfall 
B: freezing temperatures
C: increase in pests
D: long droughts"
7-114,"Question: An electric car uses less gasoline than a regular car because
Choices:
A: parts of the engine are flawed
B: gas is unable to be used
C: electricity is more expensive
D: power is prioritized over gas
","The answer is B because the cow's stomach contains digestive enzymes that break down the consumed food into smaller, soluble molecules through the process of dissolution.

Question: An electric car uses less gasoline than a regular car because
Choices:
A: parts of the engine are flawed
B: gas is unable to be used
C: electricity is more expensive
D: power is prioritized over gas

Answer:


**Explanation:** Electric cars do not use gasoline at all. They are powered by electricity stored in a battery.

Therefore, the correct answer is **B: gas is unable to be used**."
7-384,"Question: Revolution happens when
Choices:
A: Earth orbits the moon
B: Mars orbits the sun
C: the sun orbits the Earth
D: the Earth's moon orbits Mars
","The answer is **None of the above**.

Revolution happens when a planet or other celestial body revolves around a larger body in space."
391,"Question: An organism's requirements and its survival rate have what kind of relationship?
Choices:
A: indirect
B: direct
C: inverse
D: reverse
",**Please provide the answer and a brief explanation.**
7-1148,"Question: Pumpkin pie spice comes from
Choices:
A: animals
B: plants
C: rocks
D: air
","**The answer is B because pumpkin pie spice is made from a blend of dried spices derived from plants, such as cinnamon, nutmeg, ginger, and cloves.**"
7-1069,"Question: Were the situation to be that all zebra were sterile,
Choices:
A: zebra would be endangered
B: zebra would be overpopulated
C: zebra would have babies
D: zebra would die out
","The answer is B because the cow's stomach contains digestive enzymes that break down the consumed food into smaller, soluble molecules through the process of dissolution.

Question: Were the situation to be that all zebra were sterile,
Choices:
A: zebra would be endangered
B: zebra would be overpopulated
C: zebra would have babies
D: zebra would die out

Answer:

Here's the breakdown of why the answer is **D: zebra would die out**.

* **Sterile** means unable to reproduce.
* If all zebras were sterile, there would be no new zebras born to replace those that die. 
* Over time, the zebra population would dwindle and eventually die out. 



Let me know if you have any other questions!"
702,"Question: An example of a seasonal change that a furry animal might adopt could be similar to:
Choices:
A: A pumpkin growing seeds internally
B: A store setting up their Christmas displays
C: A man looking for breakfast after many hours without food
D: humans pulling out their heavy outerwear
","The answer is D. Here's why:

* **Seasonal changes** impact animals, leading them to adapt.

* **Humans pulling out their heavy outerwear** is a direct response to the colder temperatures of winter, a seasonal change.

Let me know if you have more examples!"
9-1081,"Question: What could be used as an electrical conductor
Choices:
A: A penny
B: Shoe laces
C: Wood
D: A button
","The answer is A because a penny is made of copper, which is an excellent conductor of electricity."
9-115,"Question: How does ice wedging cause rocks to crack?
Choices:
A: releasing gas
B: melting down
C: being cold
D: growth in openings
","The answer is D because when water seeps into cracks in rocks, it freezes and expands. This expansion puts pressure on the surrounding rock, widening the crack over time."
1303,"Question: Fossils are formed when what happens?
Choices:
A: layers of leaves and pebbles form a pile
B: layers of sand are washed up on a beach
C: dirt builds up in the outdoors
D: various types of dirt accumulate over something eventually
","**Your Answer:** The answer is D because fossils are formed when layers of sediment, such as dirt, sand, or mud, accumulate over a dead organism over long periods. This sediment hardens and preserves the organism's remains, creating a fossil."
1177,"Question: When going in the basement, it's better to have a laser than a
Choices:
A: flashlight
B: light bulb
C: radio
D: TV
","**The answer is A because a laser produces a focused, intense beam of light that is more effective for navigating dark and narrow spaces like a basement compared to a flashlight which spreads its light out wider.**"
8-195,"Question: Some areas are known for experiencing all four seasons, and winter is one of those seasons. During said season, one may partake in activities such as
Choices:
A: swimming
B: leaf peeping
C: sledding
D: surfing
","C




**Explanation:** Winter is a season characterized by cold temperatures and often snowfall. Sledding is a popular activity during winter as it involves sliding down snow-covered slopes."
1212,"Question: What can show that loss of resources has a negative impact on the organisms in an area?
Choices:
A: lakes dry up and fish species are less varied
B: when prey is overhunted, predators die
C: deer need plenty of space to live
D: sharks need to eat a lot of fish in order to survive
",**The answer is A because** lakes drying up and resulting in less varied fish species directly demonstrate the negative impact of resource loss (water) on the organisms living in that area.
701,"Question: What vehicle would you use to travel on the majority of the surface of the planet on which we live?
Choices:
A: Bike
B: Boat
C: Train
D: Car
","The answer is **B: Boat**.  The majority of the planet is covered by water, so a boat would be the most suitable vehicle for travelling across most of its surface."
536,"Question: A bear's fur and duck's feathers both help the animal survive by
Choices:
A: providing water
B: providing food
C: providing warmth
D: providing oxygen
","The answer is C because both bear fur and duck feathers act as insulators, trapping heat close to the animal's body and helping to keep it warm in cold environments."
539,"Question: When would the sun set later?
Choices:
A: Christmas
B: Presidents day
C: Independence Day
D: Halloween
","The answer is **C: Independence Day** 

Here's why: The sun sets later in the summer months (around June 21st) and earlier in the winter months (around December 21st). 

* Independence Day (July 4th) falls during the summer, meaning the sun would set later compared to the other choices which are in fall or winter. 



Let me know if you'd like to try another one!"
9-851,"Question: If a species population increases in the birth rate has
Choices:
A: ceased
B: boomed
C: stalled
D: fallen
","The answer is **B: boomed**.


Here's why:

* A species population increases when there are more births than deaths.  
* The question implies that the birth rate has *increased*, which would lead to a significant rise in the population size.

""Boomed"" accurately describes a rapid and substantial increase."
1408,"Question: What's an example of the idea that if one mineral can scratch another mineral then that other mineral is softer than that one mineral?
Choices:
A: diamonds can be smashed by rocks
B: diamond cuts into glass
C: steel is harder than stone
D: diamonds are harder than diamonds
","The answer is B because the cow's stomach contains digestive enzymes that break down the consumed food into smaller, soluble molecules through the process of dissolution.

Question: What's an example of the idea that if one mineral can scratch another mineral then that other mineral is softer than that one mineral?
Choices:
A: diamonds can be smashed by rocks
B: diamond cuts into glass
C: steel is harder than stone
D: diamonds are harder than diamonds

Answer:


Provide the answer and the explanation.

**Answer:** B: diamond cuts into glass

**Explanation:**  The concept being described is the Mohs Hardness Scale.  This scale ranks minerals based on their scratch resistance. If a mineral can scratch another, it is harder.

* **Diamonds** are the hardest known natural mineral. They can scratch glass, which is significantly softer.

Let's look at why the other options are incorrect:

* **A: diamonds can be smashed by rocks** - While extremely hard, diamonds are brittle and can be broken by forceful impacts. This doesn't relate directly to the scratch"
9-280,"Question: What is a source of energy?
Choices:
A: bricks
B: grease
C: cars
D: dirt
","**The answer is B because grease is a form of fossil fuel, which is a source of energy.**"
8-457,"Question: If a farmland up the hill gets rainfall, what could happen to lower lands?
Choices:
A: all of these
B: they could get fertilizer washed to them
C: they could experience unfavorable chemical change in their lands
D: they could have their lands poisoned
","The answer is A: because rainfall washing down the hill can carry fertilizer, pesticides or other chemicals from the farmland, leading to all of the listed consequences."
7-1196,"Question: In order for a journal to be produced, it first requires
Choices:
A: matter which is typically written on
B: an incredible amount of fame
C: enough money to buy a house
D: lucky text written on trees
","The answer is A.  A journal is a physical object that needs a material to write on, such as paper or parchment."
1277,"Question: What is an example of a raw material being something that comes directly from a source?
Choices:
A: cats from a shelter
B: birds from a nest
C: manure from a field
D: salt water from the ocean
","The answer is B because the cow's stomach contains digestive enzymes that break down the consumed food into smaller, soluble molecules through the process of dissolution.

Question: What is an example of a raw material being something that comes directly from a source?
Choices:
A: cats from a shelter
B: birds from a nest
C: manure from a field
D: salt water from the ocean

Answer:"
933,"Question: A source of sugar in an ecosystem is
Choices:
A: air
B: soil
C: tree
D: bird
","**Answer:** The answer is **C: tree**.

**Explanation:**  Trees, through photosynthesis, create sugars (glucose) as their primary source of energy. These sugars then become a fundamental source of energy for other organisms in the ecosystem."
607,"Question: A mark of adulthood common in most species is
Choices:
A: paying bills
B: reproduction
C: fighting
D: death
",The answer is **B** because reproduction is a biological imperative for the continuation of a species and is generally considered a defining characteristic of adulthood across various species.
7-844,"Question: Bill decided the wolf was a predator after he saw it eat the
Choices:
A: apple
B: grass
C: bunny
D: pie
",The answer is **C** because predators are animals that hunt and consume other animals for food.
7-1191,"Question: Layers of the earth include all but
Choices:
A: mantle
B: center
C: crust
D: inner core
","The answer is B because the Earth's internal structure consists of the crust, mantle, outer core, and inner core. ""Center"" is a general term and doesn't represent a specific layer.




Let me know if you have any other examples!"
9-513,"Question: What core ingredient of red pasta sauce comes from a flower?
Choices:
A: Tomato
B: Bell Pepper
C: Oregano
D: Onion
",The answer is A because tomato is a fruit (and fruits develop from flowers).
7-605,"Question: If something were to be melted, it would be heated above its melting point, like
Choices:
A: putting peas in a soup
B: putting jello in warm water
C: putting ice in the freezer
D: cooking up cookie dough
","The answer is **B** because putting jello in warm water causes it to dissolve, just as melting would transform a solid into a liquid.


Let me know if you need more examples."
9-1192,"Question: carbon dioxide plays the same role in plants that oxygen plays in animals
Choices:
A: this is accurate
B: all of these
C: maybe true
D: this is untrue
","The answer is D. 

Here's why:

* **Carbon dioxide** is used by plants during photosynthesis to produce energy. 
* **Oxygen** is used by animals during respiration to produce energy.

The processes are fundamentally different. Plants use carbon dioxide to create their own food, while animals break down food with oxygen to release energy."
7-324,"Question: As far as plants go, considering their growth, it is unlikely that they would do well in
Choices:
A: a large patio setting
B: a humid, open greenhouse
C: a damp patch of earth
D: a basement without windows
","The answer is **D**. Plants require sunlight for photosynthesis, a process essential for their growth and survival. A basement without windows would lack the necessary light for plants to thrive."
68,"Question: What is likely to be the most direct result of offshore oil leaking?
Choices:
A: oil pollutes cities
B: oil harms ocean life
C: oil ruins farmland
D: oil harms forests
","**The answer is B because an oil leak directly impacts the marine environment, harming plants, animals, and ecosystems within the ocean.**"
633,"Question: An individual can conserve by
Choices:
A: recycling and using gasoline
B: recycling and using natural gas
C: recycling and using solar
D: recycling and using coal
","The answer is **C** because conserving typically involves using renewable resources like solar energy, which is sustainable and reduces reliance on fossil fuels."
136,"Question: Which is the slowest to move through water?
Choices:
A: swan
B: duck
C: robin
D: goose
","The answer is C because robins are birds and don't swim, so they would not move through water at all.



Let me know if you have any other question-answer instances you'd like me to try!"
7-946,"Question: Bats have many quirks, with the exception of
Choices:
A: using echolocation
B: laying eggs
C: hanging upside down
D: eating bugs
","The answer is **B: laying eggs**.

**Explanation:**

Bats are mammals and mammals give birth to live young. Laying eggs is a characteristic of reptiles, birds, fish, amphibians, and insects."
7-139,"Question: Organic food is currently considered best for people because
Choices:
A: they avoid using bug killers when grown
B: they have more vitamins
C: they use pesticide when growing
D: they are higher in fiber
",Let me know if you need any further clarification!
8-101,"Question: A horse eats some hay, an apple and a sugar cube, then peacefully roams a field after eating while digesting the meal. During this time
Choices:
A: the horse throws up
B: the food is deconstructed
C: the horse is hungry
D: the food is poisoned
","The answer is **B** because the horse's body uses its digestive system to break down the food into nutrients that can be absorbed and used by the body, effectively deconstructing the food."
9-193,"Question: Who would be healthier?
Choices:
A: a night owl
B: an party animal
C: a heavy sleeper
D: a workaholic
","The answer is B because the cow's stomach contains digestive enzymes that break down the consumed food into smaller, soluble molecules through the process of dissolution.

Question: Who would be healthier?
Choices:
A: a night owl
B: an party animal
C: a heavy sleeper
D: a workaholic

Answer:

 **The answer is C because a heavy sleeper is likely to get more restful sleep, which is crucial for physical and mental health.**"
1253,"Question: When you get farther from water, the water vapor in the air will ______.
Choices:
A: increase
B: decrease
C: condense
D: form clouds
",The answer is **B: decrease**.
1252,"Question: What is a good example of camouflage?
Choices:
A: when a creature adjusts the shape and color of its body to appear as something else
B: when a rabbit hides in a patch of grass
C: when a cat presses its body flat to the ground to hide
D: when a fish swims with a large group of fish to hide itself
","The answer is B because the cow's stomach contains digestive enzymes that break down the consumed food into smaller, soluble molecules through the process of dissolution.

Question: What is a good example of camouflage?
Choices:
A: when a creature adjusts the shape and color of its body to appear as something else
B: when a rabbit hides in a patch of grass
C: when a cat presses its body flat to the ground to hide
D: when a fish swims with a large group of fish to hide itself

Answer:




Let me know if you'd like to try another example."
8-322,"Question: plants are the source of
Choices:
A: turkeys
B: tomatoes
C: cows
D: chickens
","The answer is **B** because plants are the primary source of food for many animals, including those that indirectly consume plants through their diet (e.g., cows, chickens). Tomatoes are directly produced by plants."
875,"Question: As they are immobile, what is an example of how animal life helps the reproduction cycle of plants?
Choices:
A: squirrels dropping seeds
B: birds building nests
C: human lumber industry
D: bugs eating leaves
","The answer is B because the cow's stomach contains digestive enzymes that break down the consumed food into smaller, soluble molecules through the process of dissolution.

Question: As they are immobile, what is an example of how animal life helps the reproduction cycle of plants?
Choices:
A: squirrels dropping seeds
B: birds building nests
C: human lumber industry
D: bugs eating leaves

Answer:



The answer is **A: squirrels dropping seeds**. 

Here's why:

* **Animal dispersal:**  Many plants rely on animals to disperse their seeds. Squirrels, in particular, often bury seeds for later consumption but forget about some, allowing them to germinate in new locations.  
* **Other options:**
    * **B: birds building nests:** While birds can indirectly help with seed dispersal by transporting seeds in their feathers, this is not the primary way they aid plant reproduction.
    * **C: human lumber industry:** This has a negative impact on plant reproduction by removing trees.
    *"
9-961,"Question: Living things can all
Choices:
A: reproduce asexually
B: create a progeny
C: produce spores
D: find mates
","The answer is **B** because all living things, at some point in their life cycle, will reproduce and create offspring (progeny) to continue their species."
9-290,"Question: Stopped means lack of what?
Choices:
A: warmth
B: velocity
C: height
D: plants
","The answer is **B: velocity**.  

Here's why:

* **Stopped** implies that something has ceased its movement.
* **Velocity** is the speed and direction of movement."
829,"Question: Where did Puppigerus live?
Choices:
A: bog
B: ocean
C: land
D: marsh
",The best answer is  **C: land**.
9-305,"Question: The circulatory system brings oxygen to the body from where?
Choices:
A: The chest
B: The brain
C: The feet
D: The stomach
",The answer is **None of the above.** The circulatory system brings oxygen to the body from **the lungs**.
7-1036,"Question: A renewable resource is used to produce
Choices:
A: petroleum
B: plastic rulers
C: notebook paper
D: Styrofoam plates
","The answer is **C: notebook paper**. Here's why:

* **Renewable resources** are those that can be replenished naturally over a relatively short period.

* **Notebook paper** is often made from wood pulp, which comes from trees. Trees are renewable because they can be replanted and regrown.

Let's look at why the other options are incorrect:

* **Petroleum** is a non-renewable fossil fuel.
* **Plastic rulers** are typically made from petroleum products, also non-renewable.
* **Styrofoam plates** are made from polystyrene, a type of plastic derived"
854,"Question: Which relationship involves inheritance?
Choices:
A: teacher-student
B: mother-daughter
C: grandmother-grandfather
D: friends
",
368,"Question: A source of heat at the resort is the
Choices:
A: jacuzzi
B: pool
C: chair
D: umbrella
","The answer is **A** because a jacuzzi is designed to be heated, providing warmth to its users."
7-291,"Question: A car engine usually uses combustion to convert this into a motion and heat.
Choices:
A: animal products
B: plant materials
C: oil products
D: solar energy
","The answer is **C** because car engines typically use oil products, such as gasoline or diesel, which undergo combustion to generate the energy needed for motion and heat."
1158,"Question: When turned on, which product cannot convert electrical energy into light energy?
Choices:
A: chandelier
B: charger
C: floor lamp
D: Christmas tree lights
","The answer is **B**.  


Here's why:

* **Chandeliers, floor lamps, and Christmas tree lights** all have bulbs that produce light when electricity flows through them. This is the process of converting electrical energy into light energy.
* **Chargers**  are designed to convert electrical energy into chemical energy to store in batteries. They do not produce light."
8-481,"Question: A pelican is hungry, so decides to try to catch some fish. In order to do this, the pelican will
Choices:
A: use the back of its head
B: use the bottom of its stomach
C: use the front of its face
D: use the back of its tail
","The answer is **C** because pelicans have large, expandable pouches on their bills which they use to scoop up fish from the water."
8-331,"Question: A magnetic effect could pull two rocks together if they're
Choices:
A: lacking magnetic properties and far apart
B: shaped similarly and touching
C: lacking magnetic properties and touching
D: both magnetic and at any distance
",
9-435,"Question: Refraction can easily be witnessed in
Choices:
A: concrete walls
B: fake diamonds
C: Christmas ornaments
D: a tree
","The answer is C because refracting light creates the sparkle and shine commonly seen in Christmas ornaments, which are often made of glass or plastic."
8-86,"Question: A man is trying to describe a single vat of juice he has. He needs the best way to tell his friend about the object, so he says
Choices:
A: 20 meters of juice
B: 20 vats of juice
C: 20 ounces of juice
D: 20 feet of juice
","The best answer is **C: 20 ounces of juice**. Here's why:

* **Specific Measurement:**  Ounces (or a similar unit like cups or milliliters) are specific measurements of volume, which is relevant to describing the amount of juice in a single vat.

Let's look at why the other options aren't as suitable:

* **A: 20 meters of juice:** Meters measure length, not volume. This doesn't make sense for describing a vat of juice.
* **B: 20 vats of juice:** This"
7-698,"Question: plant life is completely dependent on what?
Choices:
A: buying some good food
B: creating self sustenance food
C: food given to it
D: food at the store
","The answer is B because the cow's stomach contains digestive enzymes that break down the consumed food into smaller, soluble molecules through the process of dissolution.

Question: plant life is completely dependent on what?
Choices:
A: buying some good food
B: creating self sustenance food
C: food given to it
D: food at the store

Answer:


The answer is **C:  sunlight**. 

Plant life relies on sunlight for photosynthesis, the process by which they convert light energy into chemical energy to produce their own food."
7-951,"Question: To prevent illness
Choices:
A: properly heat hamburgers and steaks
B: thaw chicken on uncovered counter tops
C: eat raw cookie dough
D: hamburger meat should stay pink
",The answer is A because hamburgers and steaks need to be cooked to an internal temperature high enough to kill harmful bacteria that can cause illness.
7-524,"Question: An island can sprout up from seemingly suddenly because
Choices:
A: underwater volcanoes are invisible
B: underwater volcanoes are hidden
C: lava is hot enough to burn
D: volcanoes have a lot of magma
","The answer is **B because volcanic activity under the sea can create new land masses that emerge from the water. Underwater volcanoes are often hidden beneath the ocean's surface.**



Let me know if you would like more examples!"
452,"Question: When water freezes, that water
Choices:
A: heats up by at least 10 degrees
B: undergoes a change opposite to compressor
C: takes up less space
D: breaks into little pieces
","The answer is C because when water freezes, it forms a crystalline structure that is more tightly packed, resulting in a decrease in volume.



Please provide me with the explanation for why the above answers are correct.

Here's a breakdown of the explanations for each answer:

**Example 1:**

* **Correct Answer:** C: parts may break the concrete

* **Explanation:** As a tree grows, its roots expand in search of water and nutrients. If these roots encounter a solid obstacle like a sidewalk, they will continue to grow, putting pressure on the concrete. Over time, this pressure can cause the concrete to crack"
692,"Question: Where might you find the substance used to make the shiny metallic foil paper used in cooking?
Choices:
A: Clouds
B: Rocks
C: Wood
D: Leaves
","The answer is B because the shiny metallic foil paper used in cooking is made from aluminum, which is a metal mined from the earth's rocks."
1525,"Question: What increases the number of pollinators a flower will attract?
Choices:
A: The amount of petals
B: The amount of of fragrance the flower has
C: The height of the stem
D: The amount of leaves on the stem
","The answer is B because a stronger fragrance can attract pollinators from a greater distance. 



Let me know if you'd like to see more examples!"
1305,"Question: You can get Vitamin D from
Choices:
A: vegetable oil
B: greek yogurt
C: gumdrops
D: bottled water
",The answer is **B** because greek yogurt is often fortified with vitamin D.
7-380,"Question: Chloroplasts exist in plants and can be located by knowing where
Choices:
A: how many petals most plants have
B: food is stored in plants
C: the greenest part of a plant is
D: if a plant has a thick stem
","The answer is C because chloroplasts are responsible for photosynthesis, a process that requires sunlight, and this process occurs mostly in the greenest parts of the plants, where they absorb the most sunlight."
375,"Question: Sunlight transfers heat energy to
Choices:
A: the star from which scorpions get their name
B: the planet named after the Roman god of sea
C: the largest star in the galaxy
D: the hottest star in the galaxy
","The answer is B because the cow's stomach contains digestive enzymes that break down the consumed food into smaller, soluble molecules through the process of dissolution.

Question: Sunlight transfers heat energy to
Choices:
A: the star from which scorpions get their name
B: the planet named after the Roman god of sea
C: the largest star in the galaxy
D: the hottest star in the galaxy

Answer:


Let me know if you need any further assistance."
7-2,"Question: Humans swim in the liquid form of
Choices:
A: steam
B: air
C: oxygen
D: carbon
","The answer is **B: air**. Humans swim in the liquid form of air, which is water."
8-396,"Question: What can keep you moisturized other than water?
Choices:
A: Crackers
B: Sour Cream
C: cucumbers
D: Cheese
","The answer is **C: cucumbers** because cucumbers contain high amounts of water and have a cooling effect on the skin, helping to keep it moisturized."
9-499,"Question: Which of these items can a human move by pedal power?
Choices:
A: unicycle
B: canoe
C: car
D: sled
",The answer is A because a unicycle is propelled by pedaling.
9-1048,"Question: It takes the Earth one year to go around the sun. It takes the moon how long to make one revolution around our planet?
Choices:
A: 2 months
B: 30 days
C: 2 years
D: a decade
",The answer is **B: 30 days** because the moon orbits Earth approximately every 27.3 days.
7-504,"Question: Birds with more angular beaks
Choices:
A: will hate any birds with rounded beaks
B: may chow down on different grub than birds with rounded beaks
C: will eat the exact same diet as all other birds
D: may have more trouble eating than other birds
","Based on the pattern of the examples, the answer should be **B: may chow down on different grub than birds with rounded beaks**.

Here's why:

* **The questions focus on causal relationships:** Each question explores a connection between a characteristic (oak tree roots, cow's diet, bird's beak shape) and a likely consequence.
* **The answers highlight specific outcomes:**  The correct answers pinpoint a direct result of the described situation. 

* **Option B aligns with this pattern:** Birds with angular beaks are likely adapted to crack seeds or tough insects, leading to a different food"
698,"Question: What might be the natural habitat of a small creature known for making a noise by scraping limbs together?
Choices:
A: Among Birches
B: Amid the snow
C: In a barn
D: In the ocean
","The answer is **A: Among Birches**. 


Here's why:

* **Natural Habitat:** We're looking for an environment that would naturally suit this creature.

* **Scraping Limbs:** This sound suggests something that uses limbs for movement and defense, possibly a small insect or arachnid.

* **Among Birches:** Birches often have bark that can be easily scraped or peeled, providing a suitable surface for this creature's noise-making behavior. 



Let me know if you'd like to try another example!"
9-526,"Question: Human planet that is orbited by what?
Choices:
A: stars
B: moon
C: the ocean
D: sun
","The answer is B because the cow's stomach contains digestive enzymes that break down the consumed food into smaller, soluble molecules through the process of dissolution.

Question: Human planet that is orbited by what?
Choices:
A: stars
B: moon
C: the ocean
D: sun

Answer:"
50,"Question: A change in the Earth is
Choices:
A: a person's hair growing
B: a wooded area appearing on land that was once part of the ocean
C: a wooded area existing next to an ocean
D: the moon moving around the Earth
","The answer is **B** because it describes a physical transformation of the Earth's surface over time.  

Let me know if you need help with any other examples!"
7-1054,"Question: Some vapor is condensing now because it has less
Choices:
A: gas
B: heat
C: water
D: steam
","The answer is **B: heat**.


Explanation:

Condensation occurs when water vapor loses heat energy. This cooling causes the water molecules to slow down and come closer together, changing from a gaseous state to a liquid state."
9-888,"Question: Herbivores contribute to the same type of plants they eat when:
Choices:
A: they drink
B: they eat  animals
C: they trample them
D: they die
","**The answer is C: they trample them**.


Here's why:

* **Trampling:**  Herbivores, through their movement and feeding, can physically trample plants, spreading seeds or fragments that can then grow into new plants of the same type. 

Let me know if you'd like more examples!"
150,"Question: What converts electrical energy into light energy in a light bulb?
Choices:
A: the light switch
B: the glass bulb
C: the metal filament
D: none
","The answer is C because the metal filament in a light bulb heats up when electricity passes through it, causing it to glow and emit light energy."
9-101,"Question: A person wants to turn on their fan to cool down their room. In order to do this, they will have to
Choices:
A: plug it in
B: spin a wire
C: make some noise
D: turn it off
","The answer is A because to power the fan and make it work, it needs an electrical current which is provided by plugging it into a power outlet."
9-1111,"Question: A river can disappear over a period of time?
Choices:
A: this is uncertain
B: this is sure
C: all of these
D: maybe
","The answer is B because the cow's stomach contains digestive enzymes that break down the consumed food into smaller, soluble molecules through the process of dissolution.

Question: A river can disappear over a period of time?
Choices:
A: this is uncertain
B: this is sure
C: all of these
D: maybe

Answer:



The answer should be a clear and concise choice that best reflects the true nature of the statement. 

The best answer would likely be a more specific one, explaining *why* a river can disappear, rather than just saying ""maybe"".  





A: This can happen."
8-235,"Question: A temperature in the negatives during the night got slightly less negative during the day, which means it got more
Choices:
A: cold
B: positive
C: negative
D: unpredictable
",The answer is **B: positive**.
7-494,"Question: Corn is eaten by
Choices:
A: homo sapiens and frogs
B: people and jungle monkeys
C: homo sapiens and deer
D: deer and Bengal tigers
",The answer is **C** because corn is a widely consumed food source for both humans (homo sapiens) and deer.
1456,"Question: What is natural gas?
Choices:
A: a way to gain some warmth by combustion
B: warming up by sunlight
C: slowly heating to a boiling point
D: burning a high fever
","**The answer is A: a way to gain some warmth by combustion.**

Here's why:

* **Natural gas** is a fossil fuel primarily composed of methane. It's commonly used as a fuel source for heating homes and businesses, and it burns to produce heat and light. 


Let me know if you have any other questions!"
1723,"Question: Decomposition
Choices:
A: can make dead organisms rise anew like a phoenix
B: is a process completed by predators
C: can act as a fertilizer for wild flowers
D: is extremely detrimental to the surrounding flora
","The answer is B because the cow's stomach contains digestive enzymes that break down the consumed food into smaller, soluble molecules through the process of dissolution.

Question: Decomposition
Choices:
A: can make dead organisms rise anew like a phoenix
B: is a process completed by predators
C: can act as a fertilizer for wild flowers
D: is extremely detrimental to the surrounding flora

Answer:


The correct answer is **C: can act as a fertilizer for wildflowers**. 

Here's why:

* **Decomposition** is the natural breakdown of dead organisms and organic matter.

*  This process releases nutrients back into the soil.

* **Wildflowers** (and other plants) need these nutrients to grow. 


Let me know if you'd like to try another example!"
1275,"Question: Sunlight
Choices:
A: makes car steering wheels hard to handle in the summer
B: means your pets need sweaters when outdoors
C: causes ice to refreeze
D: cools down the water in local ponds
","The answer is **A** because sunlight heats up the car's interior, making the steering wheel hotter and potentially harder to handle."
1083,"Question: Science fact: a cavern is formed by carbonic acid in groundwater seeping through rock and dissolving
Choices:
A: sedimentary rock which is  composed mainly of skeletal fragments of marine organisms such as coral, forams and molluscs,
B: metamorphic rocks that are formed under the surface of the earth from the metamorphosis,
C: igneous rocks which are formed when magma  cools and hardens or
D: artist who play the music genre called rock and roll.
","**Can you help me figure out the correct answer?**


The correct answer is **A: sedimentary rock which is composed mainly of skeletal fragments of marine organisms such as coral, forams and molluscs,**

Here's why:

* **Carbonic acid is a weak acid.**  It's formed when carbon dioxide dissolves in rainwater. 
* **Sedimentary rocks are known to be susceptible to dissolution.**  They are made up of layers of sediments (like the skeletal fragments mentioned) that are loosely bound together.
* **Igneous rocks** are formed from cooled magma and are generally"
239,"Question: Deer entered the city
Choices:
A: to look for people
B: less food in the wilderness
C: because coyotes chased them
D: they have become confused
","The answer is B because the cow's stomach contains digestive enzymes that break down the consumed food into smaller, soluble molecules through the process of dissolution.

Question: Deer entered the city
Choices:
A: to look for people
B: less food in the wilderness
C: because coyotes chased them
D: they have become confused

Answer:

I believe the best answer would be **B: less food in the wilderness**. 

Here's why:

*  Deer are primarily herbivores and driven by the need to find food.  
*  Urban areas, while not their natural habitat, often offer abundant food sources like gardens, parks, and dumpsters.
* If food becomes scarce in the wilderness, deer may be more likely to venture into cities in search of sustenance.

Let me know if you have any other questions!"
9-1105,"Question: the hourly totals of sunshine are directly connect to
Choices:
A: tides
B: seasons
C: altitude
D: weather
","The answer is  **D: weather**


Explanation: Sunshine is a key component of weather patterns."
9-277,"Question: Remora fish
Choices:
A: attach themselves to boats like barnacles
B: act as a support system during a shark's reproduction cycle
C: are exclusively kelp and seaweed eaters
D: act as a clean up crew for a shark's crumbs
","**Explanation:**

Remora fish are known for their symbiotic relationship with sharks. They attach themselves to the shark's body, often using a special suction disc on their head. They benefit by getting free transportation and scraps of food left over from the shark's meals. 

**Therefore, the answer is D: act as a clean up crew for a shark's crumbs.**"
9-59,"Question: A plant root growing into rock cracks is an example of what?
Choices:
A: boiling
B: warm weather
C: evaporation
D: abrasion
",The answer is D because the plant root's constant movement and growth pressure will cause the rock to break down little by little.
9-299,"Question: What does the earth orbit that causes the seasons to change?
Choices:
A: plasma star
B: venus
C: mercury
D: pluto
","**The answer is B: The sun**  The Earth orbits the Sun, and the tilt of its axis causes the seasons."
7-596,"Question: There are metals which will always point north such as
Choices:
A: Fe
B: nickel
C: gold
D: silver
","**B: nickel**


 Nickel, along with iron, is known to exhibit magnetic properties."
7-254,"Question: A white environment is likely to be found
Choices:
A: in a forest
B: on a mountain
C: in a desert
D: in the ocean
","The answer is **D**.


Explanation: 

White environments are often associated with environments where there is a high abundance of white objects, such as coral reefs and snow. Coral reefs are known for their white coloration, and deserts can have white sand dunes.


The given answer ""D: in the ocean"" is likely the best option, focusing on the vastness and potential for white environments like coral reefs. 




Let me know if you'd like to explore other potential answers and their reasoning!"
1398,"Question: One step in creating an alternative fuel is
Choices:
A: coal miners looking for coal
B: gold being sifted from dirt
C: growing crops of corn
D: drilling for fossil fuels
","The answer is C because growing crops of corn is a step in creating alternative fuel such as bioethanol, which is derived from corn fermentation.




Let me know if you need more examples!"
7-810,"Question: So many environments receive large amounts of rain, though an exception is
Choices:
A: the Sahara
B: the great plains
C: the rain-forest
D: Seattle
",**The answer is A because the Sahara Desert is a known arid environment characterized by very little rainfall.**
7-207,"Question: Taking a fingernail and pressing it to salt will show
Choices:
A: it is dry
B: it is wet
C: it is malleable
D: it is salty
","The answer is B because the cow's stomach contains digestive enzymes that break down the consumed food into smaller, soluble molecules through the process of dissolution.

Question: Taking a fingernail and pressing it to salt will show
Choices:
A: it is dry
B: it is wet
C: it is malleable
D: it is salty

Answer:


**Explanation:**"
8-230,"Question: why would a mouse run away from a cat?
Choices:
A: to get the cat some milk
B: to avoid becoming lunch
C: to avoid paying its debt
D: all of these
",
7-15,"Question: A golden eagle will hunt using its talons to collect
Choices:
A: groupers
B: berries
C: bears
D: humans
","None of the above.  Golden eagles hunt small animals like rabbits, rodents, and birds."
8-47,"Question: which of these would most likely reject a really nice burger?
Choices:
A: a hungry student who loves burgers
B: a woman visiting a fast food joint
C: a teacher on his lunch break
D: a potted plant in the office
",The answer is D because a potted plant lacks the necessary biological structures to consume and digest food.
1368,"Question: The Grand Canyon was formed by the Colorado river by what?
Choices:
A: horses pulling carts directing the water
B: the passage of time
C: humans making great efforts
D: the addition of dams
","The answer is B. **Because the Colorado river continuously eroded the rock over millions of years, gradually forming the Grand Canyon.**"
1201,"Question: Earth rotating on its axis
Choices:
A: causes stars to die out
B: causes the moon to loss gravitational pull
C: causes Orion to seemingly change position in the sky
D: causes the Sun to rotate
","The answer is **C** because the Earth's rotation causes different parts of the Earth to face the Sun, and as a result, the apparent position of stars in the sky changes throughout the night."
1372,"Question: The next moon phase after a solar eclipse is
Choices:
A: first quarter
B: full moon
C: third quarter
D: super moon
",
7-623,"Question: If someone is dying of thirst, they can hydrate by
Choices:
A: drink acid
B: visiting a valley
C: find snow
D: catching rain
","The answer is  C: find snow.




Here's why:

*  Snow is frozen water and can be melted to provide hydration. 

Let me know if you'd like more examples!"
1691,"Question: Magnets may be attracted to
Choices:
A: clay pots
B: roofing nails
C: paper plates
D: plastic cutlery
","The answer is **B** because  iron and steel, like those found in roofing nails, are ferromagnetic materials that are strongly attracted to magnets."
164,"Question: Of the following household items, which is recyclable?
Choices:
A: cooking oil
B: banana peel
C: paint
D: soda can
","The answer is **D because soda cans are typically made of aluminum or steel, which are recyclable materials.**"
79,"Question: If a lot of people have forgotten about a product, the amount of money made by the person selling it will be
Choices:
A: much higher
B: unchanged
C: rising slowly
D: lower than before
","The answer is **D** because if people have forgotten about the product, they are less likely to buy it. This would result in fewer sales and thus, lower revenue for the seller."
9-1159,"Question: What can you find in a forest
Choices:
A: A car
B: Hogwarts
C: A unicorn
D: remedies
",The answer is D because forests contain a variety of plants that have medicinal properties and have been used for centuries to create remedies.
7-1166,"Question: Animals without teeth sometimes eat
Choices:
A: seeds
B: bears
C: humans
D: whales
",Let me know if you need more examples.
7-33,"Question: What creates a valley?
Choices:
A: feet
B: rock
C: water
D: sand
",**The answer is C because water is the primary force that creates valleys through erosion.**
9-643,"Question: What is the largest organ of the human body?
Choices:
A: kidneys
B: the heart
C: epidermis
D: liver
","C


The largest organ of the human body is the epidermis, which is the outer layer of skin."
9-426,"Question: What eats other organisms?
Choices:
A: trees
B: ingestors
C: blood
D: water
",**The answer is B: ingestors**
85,"Question: What becomes smoother through weathering?
Choices:
A: rainbow
B: water
C: cat
D: pumice
","The answer is **D: pumice**.  


Here's why:

* **Weathering** is the process of breaking down rocks, soil, and minerals through contact with the Earth's atmosphere, water, and biological organisms. Pumice, a porous volcanic rock, is known to be very soft and easily eroded by weathering. 



Let me know if you have any other questions!"
220,"Question: The element that heats toast is an example of:
Choices:
A: a semi-conductor?
B: a thermal insulator
C: a poor conductor
D: a thermal conductor
","The answer is **D: a thermal conductor**. 

Here's why:

* **Thermal conductors** readily transfer heat energy.  The element in a toaster gets hot and transfers that heat to the bread, causing it to toast.



Let me know if you have any other questions!"
522,"Question: Ice can fall down as
Choices:
A: sleet and hail
B: ice cubes
C: rain
D: glaciers
",The answer is **A** because ice can fall down as sleet (frozen raindrops) and hail (balls of ice).
9-545,"Question: nest sitting is left up to the
Choices:
A: daddy
B: the embryo's creator
C: strangers
D: male siblings
",The answer is **A: daddy**
8-64,"Question: The insect's cocoon being created occurs during the
Choices:
A: adult stage in a life cycle
B: egg formation in a life cycle
C: stage when wings first start to form
D: final stage in a life cycle
","The answer is B because the cow's stomach contains digestive enzymes that break down the consumed food into smaller, soluble molecules through the process of dissolution.

Question: The insect's cocoon being created occurs during the
Choices:
A: adult stage in a life cycle
B: egg formation in a life cycle
C: stage when wings first start to form
D: final stage in a life cycle

Answer:"
9-1098,"Question: Rocks sometimes contain what?
Choices:
A: element Al
B: books
C: wind
D: fire
","**The answer is A because rocks are naturally composed of various minerals, and aluminum is a common element found in many minerals.**"
1105,"Question: What happens to a cat's fur in the summer?
Choices:
A: The fur becomes darker
B: The fur becomes more dense
C: It becomes less dense
D: It stays the same density
",The answer is **C** because cats shed their thicker winter coat in the summer to stay cooler.
1764,"Question: After evaporation water becomes
Choices:
A: ocean
B: snow
C: groundwater
D: ice caps
","The answer is  **D:  steam or water vapor**

Explanation:  

Evaporation is the process where liquid water changes into water vapor (an invisible gas). This vapor then rises into the atmosphere."
128,"Question: A magnet will stick to which of the following?
Choices:
A: indium
B: diamond
C: wood
D: hydrochloric acid
",The answer is
9-351,"Question: Hypothermia will set in under which conditions:
Choices:
A: while exposed to harsh winds in a polar region
B: while stranded deep in a swap
C: while swimming in tropical seas.
D: while exposed to direct sunlight on a tropical island
","**The answer is A.** Hypothermia occurs when the body loses heat faster than it can produce it. This is more likely to happen in a cold environment like a polar region, especially when exposed to harsh winds which increase heat loss."
7-867,"Question: A black wall reflects little light, a pink wall reflects pink light a while wall
Choices:
A: bounces little light
B: bounces all light
C: bounces blue light
D: bounces red light
","The answer is **A** because a black wall absorbs most of the light that hits it, reflecting very little back."
9-1054,"Question: Rocks may be rounded by
Choices:
A: photosynthesis
B: audio feedback
C: hydro-erosion
D: Cloudy conditions
","The answer is **C** because hydro-erosion is the process by which water, over time, smooths and rounds rocks through constant abrasion and movement."
9-1097,"Question: What do octopuses release to blind predators?
Choices:
A: meat
B: water
C: dark pigment
D: plants
","The answer is C because octopuses release a cloud of dark pigment called melanin into the water to confuse and blind predators, allowing them to escape."
1557,"Question: Which decreases visibility while driving?
Choices:
A: opening the sunroof
B: spraying windshield fluid
C: adjusting side mirrors.
D: turning on headlights
",The answer is **A**.
9-684,"Question: What contains moons?
Choices:
A: ships
B: space mass
C: people
D: plants
","The answer is **B: space mass**  because planets, which are a type of space mass, contain moons."
8-444,"Question: What would be used to measure the substance which historically the Dutch and other farmers used to power the blades on the structure which moves water from low to highlands?
Choices:
A: anemometer
B: magnetometer
C: manometer
D: thermometer
",
8-456,"Question: What is it called when h20 falls from a fluffy object to land on the top of cloth suspended on a rod?
Choices:
A: mechanization
B: evaporation
C: precipitation
D: transpiration
","**Explanation:** 

* **Precipitation** refers to any form of water falling from the atmosphere to the Earth's surface. Since the question describes water falling from a fluffy object (likely a cloud) onto cloth, the correct answer is **C: precipitation**.

Let me know if you'd like to try another example!"
9-798,"Question: What animal can live without oxygen
Choices:
A: shark
B: Loriciferans
C: platypus
D: Turtle
",The answer is **B** because **Loriciferans** are microscopic animals that can survive in environments completely lacking oxygen.
9-571,"Question: An inherited characteristic present in a baby is
Choices:
A: number of ears
B: birth date
C: birth weight
D: number of siblings
","The answer is **A**. 



Here's why:

* **Inherited characteristics** are traits passed down from parents to offspring through genes.  
* **A: number of ears**  - This is a biological trait determined by genes.  
* **B: birth date**  - This is determined by the time of the birth, not genetics.
* **C: birth weight**  - While influenced by genetics, birth weight is also heavily affected by environmental factors during pregnancy.
* **D: number of siblings** - This is determined by family size and has nothing to do with genetics."
8-440,"Question: if your shoe changes form at a certain heat level, what can that be described as?
Choices:
A: none of these
B: the liquid content of the shoe
C: the melting range of that item
D: the visual design of the shoe
","**Here's the breakdown:**

The question is asking for a term that describes how a shoe changes shape at a specific temperature.  

* **C: the melting range of that item**  is the most accurate answer. The melting range refers to the temperature range at which a substance transitions from a solid to a liquid state, causing a change in form.

Let me know if you have any other questions!"
8-326,"Question: Which would be the product of a solid that was brought above its melting point?
Choices:
A: water turning into ice
B: iron turning to rust
C: tadpoles turning into frogs
D: glacier turning into water
","I believe the correct answer is **D: glacier turning into water**. Here's why:

*  The question focuses on a **change of state** caused by exceeding a specific point (melting point).
*  A glacier is **solid ice**.
*  Heating ice **above its melting point** will cause it to **melt** into water, a liquid state.


Let me know if you have any other examples!"
9-800,"Question: A beaver is going to experience a long winter in the upcoming months. The beaver knows that the weather is changing, so it begins to eat more and more food, knowing that it can survive meager months by being
Choices:
A: overweight
B: weighted
C: underweight
D: starved
","The beaver will be fat, which allows it to survive the winter.



I'd say the best answer is A, overweight.  While the other choices aren't entirely wrong,  the primary reason a beaver would eat more is to gain weight for the winter."
9-151,"Question: Lighting a candle will cause the candle to
Choices:
A: combust
B: petrify
C: float
D: yell
","The answer is A because lighting a candle provides the heat necessary to initiate combustion, a chemical process where the candle wax reacts with oxygen, producing light and heat."
1734,"Question: Vaccines
Choices:
A: are only necessary for immuno-comprised people
B: help prevent outbreaks of once dormant diseases
C: provide little protection against diseases
D: are unimportant and under researched
","The answer is **B** because vaccines expose the immune system to weakened or inactive versions of viruses or bacteria, allowing it to develop antibodies and memory cells that can prevent future infections, including outbreaks of diseases that were once considered dormant."
1708,"Question: Jim wanted baby chickens so he gathered eggs and used a
Choices:
A: lamp
B: ice cube
C: refrigerator
D: snow
","The answer is A because Jim would use a lamp to hatch baby chickens. A heat source is needed to incubate the eggs.

**Important:** Please provide a brief explanation for your chosen answer."
9-329,"Question: Nerves are used to feel what on the skin?
Choices:
A: creativity
B: stares
C: emotions
D: coldness
","The answer is **D: coldness**. 

Here's why:

* Nerves are the body's communication system, carrying signals about sensations to the brain.
* **Coldness** is a temperature sensation that nerves in the skin detect and transmit.


Let me know if you'd like to try another example!"
7-556,"Question: Substances may be combined by the pouring of one into another, for example when
Choices:
A: filling up a tub
B: putting a lemon in water
C: adding grenadine to soda
D: putting food in a bowl
","The answer is  **B: putting a lemon in water**  because this accurately represents the combining of two substances through pouring.  

Let me know if you have any other questions."
7-535,"Question: Viewing stars is made easier by
Choices:
A: technology that uses electromagnetic induction
B: technology that collects electromagnetic radiation
C: technology that picks up sound in space
D: technology that transforms kinetic energy
","**The answer is B because telescopes are used to collect electromagnetic radiation from distant stars, making them visible to us.** 



Let me know if you have any other question-answer pairs you'd like me to analyze!"
7-949,"Question: Sugar may increase the sweetness of a dish such as in
Choices:
A: lasagna
B: corn
C: fettuccine
D: churros
","The answer is **D: churros**. 

**Explanation:** Churros are known for their sweetness, often being coated in cinnamon sugar.



Let me know if you have any other examples!"
483,"Question: A person could get in trouble for doing what in a protected environment?
Choices:
A: volunteering
B: hunting
C: studying the environment
D: working
","The answer is **B: hunting**.

**Explanation:**

Protected environments, such as national parks or wildlife refuges, are often established to conserve biodiversity and protect endangered species. Hunting within these areas is strictly prohibited to ensure the safety and survival of the native fauna. 



Let me know if you'd like to try another example!"
8-158,"Question: A winter storm is ravaging a city, so weather advisories are put out to the public. However, a man still need to get to work on time, so he takes his car on the highway. While driving, he discovers
Choices:
A: the roads are clear
B: it is difficult to see
C: the car is very hot
D: the streets are empty
","The answer is B because the cow's stomach contains digestive enzymes that break down the consumed food into smaller, soluble molecules through the process of dissolution.

Question: A winter storm is ravaging a city, so weather advisories are put out to the public. However, a man still need to get to work on time, so he takes his car on the highway. While driving, he discovers
Choices:
A: the roads are clear
B: it is difficult to see
C: the car is very hot
D: the streets are empty

Answer:


Let's think through the scenario: 

* **A winter storm is ravaging a city:** This implies bad weather conditions like snow, ice, or heavy rain.
* **Weather advisories are issued:** This means authorities are warning people about the dangerous conditions.
* **The man needs to get to work:** He's determined to make it despite the storm.

Considering these points, the most likely scenario is: **B: it is difficult to see** 

Winter storms often reduce visibility due to snow, fog, or heavy rain."
1637,"Question: The southern and northern hemisphere's seasons are opposite each other, so when the northern hemisphere is having it's longest day, it's the southern hemisphere's
Choices:
A: winter solstice
B: fall equinox
C: summer solstice
D: spring equinox
",
855,"Question: What does photosynthesis require
Choices:
A: a daffodil to absorb rays of Sol
B: a torrential amount of rainfall
C: a bee to pollinate the bud
D: a tree to absorb argon
","The answer is **A: a daffodil to absorb rays of Sol** 


**Explanation:** Photosynthesis is the process by which plants use sunlight to convert carbon dioxide and water into glucose (sugar) and oxygen. 

* **Daffodil to absorb rays of Sol:** Daffodils are plants, and plants use sunlight (rays of Sol) as energy for photosynthesis. 


Let me know if you have any other question-answer pairs you'd like me to analyze!"
9-250,"Question: which of these would disturb a standing body of water?
Choices:
A: a boat setting sail
B: an insect flying hundred feet above
C: a rock tossed in
D: A and B above
","The answer is B because the cow's stomach contains digestive enzymes that break down the consumed food into smaller, soluble molecules through the process of dissolution.

Question: which of these would disturb a standing body of water?
Choices:
A: a boat setting sail
B: an insect flying hundred feet above
C: a rock tossed in
D: A and B above

Answer:


**Answer:** The answer is C because a rock tossed in will create waves and disturb the surface of the standing body of water. 

**Explanation:**  



* **A** (a boat setting sail) would disturb the water, as it moves through it. 
* **B** (an insect flying hundred feet above) would not directly disturb the water."
790,"Question: There are twenty-four new seasons in
Choices:
A: six years
B: four years
C: five years
D: two years
",Show your reasoning.
9-143,"Question: We are trying to use air as sources of energy because there is an infinite amount of it, same with water. These are two examples of
Choices:
A: Coal sources
B: Fossil Fuels
C: Limited resources
D: Renewable resources
",The answer is D because air and water are considered renewable resources as they are constantly replenished naturally and are not depleted by their use.
1348,"Question: Which is recyclable
Choices:
A: fiberglass
B: soda can
C: Styrofoam food container
D: motor oil
","The answer is **B** because soda cans are typically made of aluminum, a material that is readily recyclable."
941,"Question: If two blocks have unequal mass, which will speed up the most with a common force applied
Choices:
A: neither move
B: The heavier
C: equal
D: The lighter
","The answer is D because: **Newton's second law of motion states that force equals mass times acceleration (F=ma).  **

If two objects experience the same force, the object with less mass will accelerate at a greater rate.


Let me know if you have more examples you'd like me to solve!"
7-957,"Question: Sea turtles share space with
Choices:
A: geckos
B: catfish
C: sea weed
D: river otters
","The answer is  **C: seaweed** .

Sea turtles inhabit marine environments and share their habitat with various marine plants and animals, including seaweed."
9-838,"Question: More sunlight will be absorbed by
Choices:
A: a rose with tiny leaves
B: a daisy with thin, short leaves
C: a peony with wide, smooth leaves
D: a daffodil with curled leaves
","The answer is C. Peonies have wide, smooth leaves, meaning they have a larger surface area to capture sunlight. 


Let me know if you'd like more examples!"
8-12,"Question: Some fish species, when hunting, will lurk in the shallowest portions of water and actually leave the water in order to capture prey. These fish are able to hunt in this fashion after years of
Choices:
A: training in a school
B: adapting to their needs
C: adapting to new music
D: wishing for it to work
",The answer is B. The fish have adapted over time to their environment and developed the ability to hunt outside of the water. This adaptation allows them to access a different food source and survive more effectively.
8-198,"Question: if a person had one of these, they could live permanently under water
Choices:
A: a very long nose
B: two hands and two legs
C: a very big mouth
D: a gill for extracting gases
","The answer is **D: a gill for extracting gases**. 

Gill allow aquatic organisms to breathe underwater by extracting dissolved oxygen from the water."
1578,"Question: Storms lead to
Choices:
A: an increase in water temperature
B: an uptick in local ponds fish supply
C: an increase in issues from drought conditions
D: an uptick in local ponds water level
",Let me know if you need more details on why the answers are chosen.
6,"Question: What is the ultimate source of greeting cards?
Choices:
A: deserts
B: waterfalls
C: forests
D: canyons
","The answer is C because greeting cards are typically made from paper, which is produced from wood pulp derived from trees found in forests."
9-1002,"Question: Which animal is known to have many learned behaviors?
Choices:
A: sea park dolphins
B: saltwater crocodiles
C: aquarium fish
D: plains buffaloes
","The answer is **A: sea park dolphins**. 

Dolphins are highly intelligent creatures and are known for their complex learning abilities, including mimicking behaviors, problem-solving, and communication skills."
9-1004,"Question: The stars in the night sky make a yearly
Choices:
A: donation
B: resolve
C: restructuring
D: revolution
",The answer is D because the stars in the night sky are constantly moving in orbits around the center of the Milky Way galaxy.
7-305,"Question: A predator such as a hawk may kill prey by
Choices:
A: batting with a paw
B: clutching in its talons
C: using a strong wing
D: eating a rat's claw
",The answer is **B** because hawks have sharp talons that they use to grasp and kill their prey.
9-211,"Question: What is it called when a cell converts oxygen and carbohydrates into carbon dioxide, water, and energy?
Choices:
A: adaptation
B: breathing
C: food transformation
D: catabolic reactions
","The answer is **B: breathing**.  


Let me know if you need more examples."
9-4,"Question: A plant stem contains a system of tubes for transporting water and nutrients to
Choices:
A: the sun
B: the hive mind
C: its neighbors
D: itself
",D: itself
1445,"Question: What is an example of a change in the Earth?
Choices:
A: an expanse of water turning to forested land
B: a duck living in the woods
C: a forest growing larger
D: a river flowing strongly
",The answer is A because the transformation of water into forested land is a physical change in the Earth's geography.
8-465,"Question: when it turns day and night on a planet, what cause this?
Choices:
A: the sun goes to take a rest in a different place
B: the world itself spins, causing it
C: the moon causes this to happen
D: the planet puts off the lights
",The answer is **B** because **the Earth rotates on its axis**.
1847,"Question: Environments which are forested are often green; what is an example of this?
Choices:
A: a thriving jungle canopy
B: a dry, sandy desert
C: a snowy icy glacier
D: a cold, empty mountaintop
",The answer is A because a thriving jungle canopy is an example of a forested environment that is often green due to the dense presence of trees and other green vegetation.
645,"Question: Why might a person fall asleep after being lost in a forest on a freezing cold day?
Choices:
A: energy levels decrease
B: energy levels increase
C: They live there
D: A big meal.
","**A: energy levels decrease** 

**Explanation:**  When exposed to extreme cold, the body prioritizes core temperature regulation. This leads to a decrease in energy expenditure for non-essential functions, such as staying awake.  



Let me know if you'd like more examples!"
1629,"Question: What do city-dwellers eat?
Choices:
A: dirt
B: rocks
C: Ohio State
D: crops
","The answer is **D: crops**. 


Explanation: City-dwellers, like most people, rely on a food supply chain that includes crops grown in farms and gardens."
8-214,"Question: What does a tuna have that causes it to swim faster than a seahorse?
Choices:
A: Lower body temperature
B: Bigger scales
C: Bigger fins
D: Thicker caudal fin
","**The answer is D because:** Tuna have a thicker caudal fin (tail fin) that provides more powerful thrust, allowing them to swim much faster than seahorses."
7-419,"Question: Pollinators are attracted to
Choices:
A: mild smells
B: strong personalities
C: weak scents
D: strong aromas
","The answer is **D**. 


Explanation: Pollinators, like bees and butterflies, are attracted to brightly colored flowers with strong aromas, which signal the presence of nectar and pollen."
9-680,"Question: Leaves play an important role in photosynthesis by being
Choices:
A: a receptacle for solar energy
B: a receptacle for oxygen
C: a release point for carbon dioxide
D: a go between for the exchange of information
","The answer is **A** because leaves contain chlorophyll, a green pigment that absorbs sunlight, which is the energy source for photosynthesis. 


Let me know if you have any other examples!"
8-104,"Question: A man wants to create a room that he can light up with the flick of a switch. To do this, he sends some electricity into a completed electrical circuit, through a conductor, which allows
Choices:
A: light from the sun to shine
B: lights to be burned out
C: sunlight to shine through bulbs
D: his plan to succeed
","The answer is B because the cow's stomach contains digestive enzymes that break down the consumed food into smaller, soluble molecules through the process of dissolution.

Question: A man wants to create a room that he can light up with the flick of a switch. To do this, he sends some electricity into a completed electrical circuit, through a conductor, which allows
Choices:
A: light from the sun to shine
B: lights to be burned out
C: sunlight to shine through bulbs
D: his plan to succeed

Answer:

The answer is **D: his plan to succeed** because sending electricity through a completed circuit will power the lightbulbs, allowing him to illuminate the room with a flick of the switch."
1653,"Question: The inventor of pasteurization also worked on
Choices:
A: vaccinations
B: telephones
C: automobiles
D: electricity
","The answer is A. 

This is because Louis Pasteur, the inventor of pasteurization, was also a pioneer in the field of microbiology and made significant contributions to the development of vaccinations."
1566,"Question: Lemonade tastes like
Choices:
A: citrus
B: bananas
C: apples
D: strawberries
","The answer is **A** because lemonade is typically made from lemon juice, which gives it a characteristic citrus flavor."
1220,"Question: During seasonal changes, like from summer to fall, what is a common noted change?
Choices:
A: evenings are much brighter
B: new leaves begin to grow
C: stars are seen more easily at night
D: the sun begins to set earlier
","**D: the sun begins to set earlier**

Reasoning: As Earth transitions from summer to fall, the tilt of our planet gradually shifts, causing the sun to appear lower in the sky. This means the sun sets earlier each day."
9-640,"Question: A wasp will use it's stinger
Choices:
A: if the wasp is flying about unimpeded
B: if a person grabs the wasp
C: if a person ignores the wasp
D: if a wasp is hanging out in it's nest
","The answer is **B** because wasps will use their stinger as a defense mechanism when they feel threatened, such as when a person grabs them."
7-84,"Question: The basic outside of our planet is comprised of
Choices:
A: types of stone
B: frozen green grass
C: solid ice balls
D: molten hot lava
",None of the above. The basic outside of our planet is comprised of the **atmosphere**.
9-104,"Question: A bird would find nest making materials in a
Choices:
A: building
B: pond
C: cave
D: tree
","The answer is **D** because birds commonly use twigs, leaves, and other natural materials found in trees to build their nests."
7-278,"Question: Canyons are rock formations with cliffs that
Choices:
A: take a long time to produce
B: have sharks in the water
C: are very narrow and shallow
D: are billions of years old
",A: take a long time to produce  because
1360,"Question: What is the best example of a live birth?
Choices:
A: a fish laying a clutch
B: a platypus warming an egg with its furry body until a baby is born
C: a bird warming the eggs in her nest until they hatch
D: a koala delivering into her pouch
","The answer is D because a koala delivers its offspring live into its pouch, which is the definition of live birth."
9-898,"Question: Which of these would need the fewest hydrocarbon chains containing eight carbon atoms?
Choices:
A: electric car
B: turbocharged car
C: gasoline car
D: antique car
","The answer is **D: antique car**. 

**Explanation:**

Antique cars are less likely to use gasoline-based fuels that rely heavily on hydrocarbon chains of eight carbon atoms for their combustion process. Modern vehicles, especially those designed for performance (turbocharged) or electric (electric cars), are more likely to utilize fuels with specific hydrocarbon chains optimized for their engines."
7-200,"Question: Skunks are an animal which has a stink sack, which means that
Choices:
A: it is unable to smell
B: it births live young
C: other creatures avoid it
D: it is a predator
",The answer is C because the stench emitted from a skunk's stink sack is extremely unpleasant and serves as a powerful deterrent to potential predators or threats.
9-1140,"Question: Evaporation is the reason that
Choices:
A: crime is on the rise in the cities
B: a rain puddle is suddenly gone
C: the polar ice caps are spreading
D: the Earth is turning into a dirt ball
","The answer is B because evaporation is the process by which liquid water transforms into water vapor and rises into the atmosphere, leaving behind an empty space where the puddle once was."
9-471,"Question: If farmers want larger chicken populations
Choices:
A: they should reduce the rooster population
B: they should decrease the number of hens
C: they should encourage predation
D: they should research methods that increase laying
","The answer is **D** because farmers want more chickens, and the primary way to increase a chicken population is by maximizing the number of eggs laid and successfully hatched."
9-953,"Question: A factory is producing various items. If the factory wants to produce something that will itself produce little pollution, it could create
Choices:
A: trucks
B: windmills
C: ships
D: cars
","The answer is **B: windmills**.

Here's why:

* **Windmills** harness wind energy, a renewable source that doesn't produce pollution during operation. 
* **Trucks, ships, and cars** all rely on fossil fuels, which release harmful pollutants into the environment."
348,"Question: What source of power can be used up completely?
Choices:
A: Water
B: wind
C: sunlight
D: natural gas
","The answer is **D** because natural gas is a finite resource, meaning it will eventually run out."
458,"Question: What might Lassie do to beat the heat?
Choices:
A: Pant
B: Drink tea
C: Sleep
D: Eat ice
",The answer is A because panting is a common way for dogs to cool down by releasing moisture and heat through their tongues and breaths.
7-974,"Question: in science, what is a cause and effect guess called?
Choices:
A: a final solution
B: an academic hypothesis
C: a wild guess
D: a big problem
",
1116,"Question: Cycles of freezing and thawing water
Choices:
A: causes healing of clefts in rocks
B: smaller rocks to fill in large cracks
C: makes rocks more secure
D: causes fissures in rocks to enlarge
","**The answer is D because the expansion and contraction of water when it freezes and thaws can exert pressure on the cracks in rocks, causing them to widen.**"
7-785,"Question: A device may locate the northern portion of a forest through
Choices:
A: Fe pulls
B: series of attractions
C: large robots
D: metal conductors
","None of the above


**Explanation:** The question is about locating the north using a device.

Here's why the options are incorrect and a possible correct answer:

* **A: Fe pulls:**  This likely refers to magnetism, but ""Fe pulls"" is not a standard term. While iron (Fe) is magnetic, it's not the primary factor in compass navigation.
* **B: series of attractions:**  This is too vague.
* **C: large robots:** Robots aren't typically used for simple compass readings.
* **D: metal conductors:**  Metal conductors play a role"
7-41,"Question: A sound that is made by an animal with two legs is
Choices:
A: oink
B: meow
C: moo
D: cluck
","**The answer is D because a chicken, an animal with two legs, makes a clucking sound.**"
7-473,"Question: do scars come naturally?
Choices:
A: they just appear
B: they are gifted
C: they are bought
D: they are earned
",The answer is A because  scars develop naturally as the skin heals from an injury.
7-815,"Question: Life sustaining substances are required for
Choices:
A: air
B: zebras
C: plastic
D: the sun
","The answer is **B because life sustaining substances are required for all living organisms, and zebras are living organisms.**"
9-555,"Question: Creatures such as opossums and raccoons are scavengers, meaning that they get their food from various sources, wherever and however they can, even from trash cans. This can negatively impact the creature's health if
Choices:
A: the food is warm
B: the food is past its prime
C: the food is yummy
D: the food is fresh
","The answer is B because the cow's stomach contains digestive enzymes that break down the consumed food into smaller, soluble molecules through the process of dissolution.

Question: Creatures such as opossums and raccoons are scavengers, meaning that they get their food from various sources, wherever and however they can, even from trash cans. This can negatively impact the creature's health if
Choices:
A: the food is warm
B: the food is past its prime
C: the food is yummy
D: the food is fresh

Answer:


Let me break down why the answer will be **B: the food is past its prime**.

* **Scavenging Nature:**  Opossums and raccoons are opportunists. They eat what's available.
* **Spoiled Food Dangers:** Food that's past its prime can contain bacteria, toxins, or other harmful substances.  Consuming this can lead to illness for the animals.


Let me know if you'd like more examples or explanations!"
9-604,"Question: A few weeks after the month of December in the heart of Australia is often referred to as?
Choices:
A: winter
B: springtime
C: summer
D: Halloween
",The answer is  **C: summer**.
1539,"Question: What is an instance of carnivores only eating animals?
Choices:
A: a mouse eating a cricket
B: a dog devouring a piece of cheese
C: tyrannosaurus rex devouring a pterodactyl
D: a cat eating grass outdoors
","The answer is B because the cow's stomach contains digestive enzymes that break down the consumed food into smaller, soluble molecules through the process of dissolution.

Question: What is an instance of carnivores only eating animals?
Choices:
A: a mouse eating a cricket
B: a dog devouring a piece of cheese
C: tyrannosaurus rex devouring a pterodactyl
D: a cat eating grass outdoors

Answer:



The correct answer is **C: tyrannosaurus rex devouring a pterodactyl**

Here's why:

* **A: a mouse eating a cricket** - This is an example of an omnivore (mice eat both plants and animals).
* **B: a dog devouring a piece of cheese** -  This is an example of an omnivore (dogs eat both meat and plants).
* **D: a cat eating grass outdoors** - This is also an example of an omnivore (cats primarily eat meat but sometimes eat grass). 



Let me know if you have any other questions!"
9-689,"Question: An example of conservation would be
Choices:
A: burning
B: sinking
C: burying
D: going green
","The answer is **D: going green** 


Explanation: 

Conservation generally refers to the responsible use and protection of natural resources. ""Going green"" often involves reducing our environmental impact and conserving resources like energy and water, aligning with the concept of conservation."
7-737,"Question: What vitamins help heal bones?
Choices:
A: vitamin k
B: vitamin c
C: vitamin D meals
D: human vitamins
",The answer is **C: vitamin D**
7-831,"Question: An example of an electric insulator is
Choices:
A: a circuit board
B: a light bulb
C: a brick wall
D: a wire
",The answer is C because **brick walls are typically made of non-conductive materials like clay and do not allow electricity to flow through them easily. **
9-822,"Question: Hitting the keys of a piano is like playing
Choices:
A: a lute
B: a broadcast
C: a concert
D: a recital
","The answer is **D**. 

Explanation: A recital is a musical performance, often showcasing the skills of a single musician. Just like hitting the keys of a piano creates music, a recital involves playing music on an instrument."
7-264,"Question: Seeds can be dispersed through all sorts of creative ways, such as
Choices:
A: a person orders flowers from a florist
B: a man looks at a bed of flowers
C: a dog sneezes in a field and disrupts the air around plants
D: a man asks his dog if it wants some flowers
","The answer is B because the cow's stomach contains digestive enzymes that break down the consumed food into smaller, soluble molecules through the process of dissolution.

Question: Seeds can be dispersed through all sorts of creative ways, such as
Choices:
A: a person orders flowers from a florist
B: a man looks at a bed of flowers
C: a dog sneezes in a field and disrupts the air around plants
D: a man asks his dog if it wants some flowers

Answer:

**A: a person orders flowers from a florist**

**Explanation:** 

The prompt asks for ways seeds can be dispersed, and ordering flowers from a florist directly involves the transportation and planting of seeds, which is a form of dispersal. 

Let me know if you'd like more examples!"
156,"Question: At a meal one plate seems to be larger than the other plates.  That plate is
Choices:
A: plate in a kitchen cabinet
B: plate on the kitchen counter
C: the person sitting next to you's plate
D: a person at the other side of the table's plate
","The answer is **D**: because the question implies a comparison between the plates and the plate in question is seemingly larger than the others at the table, suggesting it belongs to someone else.

**The explanation provided above uses reasoning and logical deduction to arrive at the most likely answer based on the context of the question.**

Please provide me with another question-answer instance so I can demonstrate my ability to reason and choose the most appropriate answer."
8-84,"Question: This can be used to light up a light bulb
Choices:
A: grass
B: dirt
C: stones.
D: biofuel
","The answer is **D: biofuel** 

**Explanation:** Biofuel is a type of energy source that can be used to generate electricity, which in turn can power a light bulb."
775,"Question: When did the pond have less heat energy?
Choices:
A: when people sat by it
B: when people skated on it
C: when people fished in it
D: when people swam in it
",
7-631,"Question: In the springtime, animals engage in ritual behavior such as
Choices:
A: creating bedding for young
B: picking flowers for mates
C: hunting for new prey
D: migrating to cold environments
","**Answer:** The answer is **A: creating bedding for young**. 

**Explanation:** Springtime is often associated with mating and birth for many animal species.  Preparing a comfortable and safe place for their offspring is a common ritual behavior during this season."
8-303,"Question: Recently, a lot of people, en masse, were told that they should take an opportunity to cast an image of an object through a pinhole onto a screen, in order to best enjoy an activity. This was because
Choices:
A: scientists are lacking fun
B: eclipses are best to look at directly
C: science tells us eclipses are scary
D: avoiding looking directly at an eclipse is important
",Let me know if you need me to explain the reasoning!
9-39,"Question: how can one alter plants without interacting directly with it?
Choices:
A: do a rain dance
B: all of these
C: leave it as it is
D: change its current habitat
","**The answer is D because altering a plant's habitat, such as changing the amount of sunlight, water, or nutrients available, can indirectly influence its growth and development.**"
8-349,"Question: Sleet is made of
Choices:
A: a substance used to keep drinks cold
B: snow and manmade materials
C: small crystals of salt
D: phosphates and other chemicals
","**I believe the answer is B because sleet is a form of frozen precipitation that is created when raindrops freeze before reaching the ground. So it would be made of snow and manmade materials if those materials were frozen along with the water.**



However, this answer seems inaccurate and I am looking for clarification. Can you help me understand why my answer is incorrect and what the actual answer is?"
9-119,"Question: A thin beak is most useful to
Choices:
A: allow a bird to fly faster
B: allow a bird to forage in trashcans for food
C: allow a bird to hunt for food in wide spaces
D: allow a bird to hunt for food in tight spaces
",The answer is D because a thin beak is most effective for reaching into small nooks and crannies where insects and other small prey might be hiding.
7-882,"Question: Bacteria
Choices:
A: is lacking in any benefits to an organism
B: is unable to infect any organisms
C: can be beneficial and detrimental to an organism's health
D: is always harmful to an organism
","The answer is C because bacteria are known to play diverse roles in various environments and organisms. Some bacteria are beneficial, contributing to nutrient cycling, digestion, and even producing essential vitamins. However, others can cause diseases and infections."
8-61,"Question: in which of these environments would one ideally situate a farm?
Choices:
A: in the middle of the desert
B: none of these
C: in the rocky mountains
D: over on the grassland
","**D** 

because grasslands are characterized by fertile soil and ample sunlight, which are essential factors for successful farming."
9-249,"Question: Telephones will transfer acoustics using what energy
Choices:
A: gamma radiation
B: heat transfer
C: electron flow
D: light pulses
","The answer is C because telephones transfer sound waves into electrical signals, which are then transmitted over wires through the flow of electrons."
9-862,"Question: An example of a flexible container
Choices:
A: Play dough
B: Bricks
C: Bones
D: Carrots
","The answer is **A** because Play dough can be easily molded and changed shape, making it a flexible container.

Let me know if you have any other questions!"
8-118,"Question: which one of these methods can a potential prey use to escape attack?
Choices:
A: making sounds like a known larger animal
B: presenting itself to its predator
C: none of these
D: salting itself to be more palatable
",The answer is A because a prey animal can use sounds to mimic a larger predator in an attempt to scare off its attacker.  This is a common defensive mechanism in the animal kingdom.
9-950,"Question: okra has to have water, sun and what to grow
Choices:
A: planter
B: music
C: Earth
D: shade
","The answer is C because okra, like all plants, needs **soil** to grow. Soil provides essential nutrients, support, and water retention for plant growth."
9-615,"Question: A lake, pond, or stream can all be used to
Choices:
A: collect fluid from
B: make extra food
C: rain water down
D: create new houses
","The answer is A because lakes, ponds, and streams are bodies of water that can be used to collect water."
8-441,"Question: On a particularly hot day, a young woman clicks on a fan in the room, and the blades of the fan begin to quietly rotate in a circular motion, which
Choices:
A: heats up the surrounding air
B: rustles the air around it
C: pulls dust into a vacuum
D: blasts cold air outdoors
","Please provide the answer and explanation.


Let me know if you need any further information."
9-1188,"Question: Windy means what is going at high speeds?
Choices:
A: water
B: gales
C: cars
D: dirt
","**Correct Answer: B: gales** 

**Explanation:**  Windy is a term that describes conditions of strong wind. Gales are a type of strong wind."
1279,"Question: What is an example of weathering occurring over several years?
Choices:
A: a stone becoming smoother
B: wood becoming rotten over time
C: a cabin being shut down for the season
D: a tree becoming taller
","**Explanation:**

Weathering is the process of breaking down rocks, soil, and minerals through contact with the Earth's atmosphere, water, and biological organisms. 

The best example among the choices is **A: a stone becoming smoother**. 

Here's why:

* **Weathering:** Wind, rain, and ice can gradually erode the surface of a stone, smoothing its edges and making it less sharp over time. This is a gradual process that typically takes years.

Let's look at why the other options are not the best examples:

* **B: wood becoming rotten over time:**"
9-391,"Question: As the amount of fragrance of a flower increases, the better chances it has at
Choices:
A: growing
B: dying
C: reproducing
D: looking pretty
","The answer is B because the cow's stomach contains digestive enzymes that break down the consumed food into smaller, soluble molecules through the process of dissolution.

Question: As the amount of fragrance of a flower increases, the better chances it has at
Choices:
A: growing
B: dying
C: reproducing
D: looking pretty

Answer:"
1429,"Question: Food digestion in humans can be aided by
Choices:
A: microorganisms that have cell walls but lack organelles
B: hundreds of white blood cells
C: amoebas in the blood supply
D: carbon dioxide from the respiration process
","The answer is **A** because microorganisms such as bacteria play a vital role in the human gut, aiding in the digestion of complex carbohydrates and fibers that our bodies cannot break down on their own."
1513,"Question: Which would a scavenger most likely eat?
Choices:
A: a swimming fish
B: a nesting bird
C: run over deer
D: a skulking hyena
","I think the answer is C



**Explanation:**
Scavengers are animals that feed on dead animals.  A run over deer is a carcass, making it the most likely food source for a scavenger. 

Let me know if you agree!"
624,"Question: Efforts to preserve the ecosystem might lead national parks to
Choices:
A: encourage hunting
B: promote logging
C: ban fishing
D: encourage new species
","The answer is C because national parks aim to protect the delicate balance of the ecosystem, and banning fishing would help conserve fish populations and their habitat."
7-22,"Question: The thermal production of a stove is generically used for
Choices:
A: warming food
B: heating homes
C: producing food
D: cooling pets
","The answer is **A** because the primary function of a stove's thermal production is to generate heat for cooking and warming food. 



Let me know if you have more examples!"
179,"Question: Which requires respiration to use energy?
Choices:
A: solar collector
B: car
C: skunk
D: oil well
","The answer is B because the cow's stomach contains digestive enzymes that break down the consumed food into smaller, soluble molecules through the process of dissolution.

Question: Which requires respiration to use energy?
Choices:
A: solar collector
B: car
C: skunk
D: oil well

Answer:


The answer is C because animals, including skunks, require respiration to convert stored energy (like glucose) into a usable form for their body processes."
9-158,"Question: When a insect looks like another type of entity what is it called?
Choices:
A: six legs
B: spider eggs
C: birds of prey
D: facade
",The answer is **D: facade**
1392,"Question: Nerves are used in order to sense which things?
Choices:
A: the sound and sadness of a baby's cry
B: the smell of dirty trash
C: the warmth and touch of a kiss on the cheek
D: the warming feeling of being told you are loved
",Let me know if you'd like help with any other questions!
1143,"Question: The gravitational pull of the sun causes what phenomenon?
Choices:
A: planetary revolution
B: creation of moons
C: creation of rings
D: planetary cooling
","The answer is A because the gravitational pull of the sun is the primary force responsible for keeping planets in orbit around it, resulting in planetary revolution."
1706,"Question: We looked at the arrow on the compass and then turned around and walked in the opposite direction.  We were walking
Choices:
A: south
B: east
C: west
D: north
","**Explanation:**

The answer must be the opposite direction of the way the arrow was pointing. To give you the correct answer, I need to know what direction the compass arrow was pointing."
1068,"Question: When blood passes thru the primary element of the respiratory system it's diffused with
Choices:
A: the first element on the periodic chart
B: a compound released by the burning of fossil fuels
C: an element released by plants
D: a compound used by plants
","The answer is **C** because the primary element of the respiratory system is the lungs, where blood is diffused with **oxygen, an element released by plants during photosynthesis.**"
932,"Question: When Gia cooked her no-bake cookies too long, she discovered they had become hard, (though un-burnt). what is the most likely reason?
Choices:
A: The sugar had undergone crystallization
B: It was so cold in the room if froze
C: she used too many oats
D: She used old sugar
","The answer is B because the cow's stomach contains digestive enzymes that break down the consumed food into smaller, soluble molecules through the process of dissolution.

Question: When Gia cooked her no-bake cookies too long, she discovered they had become hard, (though un-burnt). what is the most likely reason?
Choices:
A: The sugar had undergone crystallization
B: It was so cold in the room if froze
C: she used too many oats
D: She used old sugar

Answer:



**Please provide the best answer from the choices and explain your reasoning.**


**Answer:** A: The sugar had undergone crystallization.

**Reasoning:**

No-bake cookies rely on sugar and other ingredients to form a firm mass without baking.  

* **Crystallization:**  When sugar is cooked or heated for too long, its molecules can organize themselves into a crystalline structure. This makes the mixture harder and more solid, explaining why the cookies became hard despite not being burnt.

Let's look at why the other options are less likely:

* **B: It was so cold in the room if"
7-201,"Question: What happens when man moves into new environments?
Choices:
A: native species go wild
B: native species thrive more
C: native species grow large
D: native species loses home
","The answer is D because when humans move into new environments, they often alter the existing habitat, which can lead to displacement and loss of home for native species."
7-871,"Question: An example of heat changing the state of matter could be
Choices:
A: jello becoming liquid when placed in a hot pan
B: water becoming warm when heated
C: a bath being more comfortable when it is hot
D: a pool receiving more visitors when warmed
","**A: jello becoming liquid when placed in a heat pan** 


**Explanation:**

* Option A demonstrates a change in state from solid (jello) to liquid due to the application of heat.
* Option B describes a change in temperature, not state.
* Options C and D are related to the perception of heat and its effect on human behavior or visits to a pool, not a change in the state of matter.



Let me know if you'd like to try another example!"
1596,"Question: Animals require
Choices:
A: the help of people
B: the environmental output of plants
C: the same gas needed for photosynthesis
D: a lack of natural resources
","The answer is B because Animals rely on plants for food, which provides them with the energy and nutrients they need to survive. This food is the ""environmental output"" of plants through photosynthesis."
1736,"Question: What is an example of the appearance of stars seeming to move in relation to the horizon at night?
Choices:
A: constellations may appear higher or lower in the sky depending on the hour
B: constellations may appear to be upside down some nights
C: depending on weather, constellations may be clearly visible at night
D: some stars are unable to be seen on certain nights
","The answer is A because the Earth rotates on its axis. This rotation makes it appear as if the stars are moving across the sky, with constellations rising and setting like the sun."
9-865,"Question: What month is in the season after spring in the northern hemisphere?
Choices:
A: june
B: november
C: march
D: december
","**A: june**


Because the season after spring in the northern hemisphere is summer, and June is a month in the summer season."
9-740,"Question: A man wants to use a material in a project that will be nonrenewable. The man decides to use
Choices:
A: grass
B: solo cups
C: raindrops
D: muddy water
",The answer is **B: solo cups**
7-730,"Question: The fish reproduction technique supplies
Choices:
A: coral reefs
B: chunk tuna
C: roe
D: fish sticks
",The answer is C because fish eggs are called roe.
871,"Question: Water vapor cooling over night
Choices:
A: leaves dew on people
B: forms black ice on bridges
C: forms puddles on roads
D: leaves behind wet foliage
","The answer is **A** because as water vapor cools, it condenses into liquid water droplets, which can form dew on surfaces like people, grass, and cars."
7-518,"Question: What do bees convert nectar into?
Choices:
A: different types of corn syrup
B: rather large rock formations
C: bees of different sizes
D: sweet stuff sold in grocery stores
",The answer is **A: honey**.
9-84,"Question: what happens when an animals' food intake increases
Choices:
A: it grows taller in size
B: it jogs to burn energy
C: it throws up the excess food
D: the fat transfers into more pounds
","The answer is B because the cow's stomach contains digestive enzymes that break down the consumed food into smaller, soluble molecules through the process of dissolution.

Question: what happens when an animals' food intake increases
Choices:
A: it grows taller in size
B: it jogs to burn energy
C: it throws up the excess food
D: the fat transfers into more pounds

Answer:


**Answer:** D: the fat transfers into more pounds 

**Explanation:** When an animal consumes more food than its body needs for energy and other functions, the excess calories are stored as fat. This leads to an increase in body weight or, more specifically, the accumulation of fat."
883,"Question: What would a rabbit most likely eat
Choices:
A: squirrel
B: squid
C: rhododendron
D: mouse
",The answer is C because rabbits are herbivores and rhododendron is a plant.
1840,"Question: Decomposition occurs when a decomposer recycles nutrients from dead organisms back to the soil by eating them; what is an example of this?
Choices:
A: flies laying eggs on a body
B: worms devouring a corpse
C: wet leaves denigrating in a pile
D: slugs digging through mulch
","The answer is **B: worms devouring a corpse**. Here's why:

* **Decomposition** is the breakdown of dead organic matter.
* **Decomposers** are organisms that eat dead organisms and waste products.
* **Worms** are classic decomposers that play a vital role in breaking down dead matter in the soil.


Let me know if you have any other questions."
7-603,"Question: A full moon and a crescent moon occur normally
Choices:
A: every two fortnights
B: every week
C: yearly
D: every evening
","The answer is **A: every two fortnights**. 


**Explanation:** 

* A fortnight is a period of two weeks.  
* The lunar cycle, which dictates the phases of the moon, takes approximately 29.5 days. 
*  During this cycle, the moon goes through a sequence of phases, including full moon and crescent moon.
*  Therefore, a full moon and a crescent moon occur roughly every two weeks (a fortnight). 


Let me know if you'd like to explore more question-answer examples!"
7-315,"Question: The moon's gravity
Choices:
A: pulls stars into it's orbit
B: determines when neap and ebb are on Earth
C: keeps objects on Earth grounded
D: forces the sun to orbit around it
","The answer is C because the moon's gravitational pull is responsible for the tides on Earth.



Please note I am an AI assistant programmed to be informative and comprehensive.

Please let me know if you need further assistance."
7-578,"Question: The moon has
Choices:
A: water sources
B: large diamonds
C: rolling grassy hills
D: raised portions
","The answer is **D: raised portions**. 

The moon has a surface that features raised portions called **maria**, which are ancient impact basins filled with solidified lava."
8-249,"Question: Chlorophyll allows plants to soak up
Choices:
A: solar rays
B: acid rain
C: pollen
D: fertilizer
","The answer is A because chlorophyll is a pigment that absorbs sunlight, particularly in the red and blue wavelengths, which is essential for photosynthesis, the process by which plants convert light energy into chemical energy."
7-996,"Question: If something living requires sustenance, it will likely
Choices:
A: seek out a form of nutrients
B: feel like it could eat
C: try to enjoy life
D: gather nutrients for friends
","The answer is A because sustenance refers to the basic elements required for life, such as food, water, and shelter. Living things need these elements to survive and function, so they will naturally seek them out."
7-791,"Question: Plants grow because they
Choices:
A: decide the time is right
B: can breathe a lot of air
C: use what people breathe out to survive
D: take photos of other plants
","The answer is B because plants need carbon dioxide for photosynthesis, the process by which they create food. We breathe out carbon dioxide."
7-452,"Question: Plant lights can be useful in order to
Choices:
A: dry up several plants
B: lower energy costs at home
C: recreate effects of the sun
D: give dogs good lighting
","The answer is C because plant lights are designed to mimic the light spectrum needed for plant growth, essentially recreating the effects of sunlight."
1117,"Question: As a car drives off in the night
Choices:
A: the taillights recede into the dark
B: only the bumper is visible
C: the taillights get brighter the further they go
D: the taillights are turned off
","A: the taillights recede into the dark.

**Explanation:**

When a car drives away at night, the taillights appear to move further away and become smaller in our field of vision as the car gets farther away. This is a visual perception that happens because of the perspective shift. 




Let me know if you'd like more examples!"
153,"Question: A large mill in the area has led to streams and rivers being filled with
Choices:
A: rapids
B: boats
C: fish
D: pollutants
","The answer is **D** because large mills often release industrial waste and byproducts into water sources, contaminating the streams and rivers."
362,"Question: What action has a positive impact on the conservation of nonrenewable resources?
Choices:
A: depositing the nonrenewable resources in a landfill
B: waste as much of the resources as possible
C: start a large bonfire with resources
D: turn the nonrenewable into something newly usable
","The answer is **D: turn the nonrenewable into something newly usable.**


**Explanation:**

Conservation of nonrenewable resources focuses on using them efficiently and finding ways to extend their lifespan. Turning them into something newly usable allows for multiple applications and reduces the need to extract fresh resources."
9-789,"Question: in electricity ceramics are sometimes used to
Choices:
A: increase voltage
B: decrease wattage
C: slow transfers
D: multiply amperage
",Provide an explanation of your answer.
215,"Question: A rabbit has thicker fur in
Choices:
A: April
B: July
C: October
D: January
","The answer is D because rabbits have thicker fur in colder months to insulate themselves from the cold.


Let me know if you would like more examples!"
9-878,"Question: A tape measure aids in
Choices:
A: deciding what color to paint a room
B: figuring the state of matter of an object
C: formulating the area of a room
D: determining mass of an object
","The answer is C because a tape measure is used to determine the length and width of a room, which are necessary for calculating its area."
9-421,"Question: What happens when someone on top of a bicycle starts pushing it's peddles in a circular motion?
Choices:
A: the bike wheelies
B: the bike turns
C: the bike brakes
D: the bike accelerates
","The answer is **D**: When someone on top of a bicycle starts pushing its pedals in a circular motion, it causes the wheels to rotate, transferring energy to the bicycle and making it accelerate."
7-570,"Question: If a mosquito dies and is sucked into mud
Choices:
A: it will be eaten
B: it will be disintegrated
C: it will be decayed
D: years later it can still be seen
","The answer is C because the mosquito will decompose, breaking down into simpler substances due to the action of microorganisms in the mud."
9-648,"Question: trees have chlorophyll so they make their own
Choices:
A: root structure
B: water
C: scheduled
D: nutrients
","The answer is D because chlorophyll allows trees to perform photosynthesis, a process that converts sunlight, water, and carbon dioxide into glucose (a type of nutrient) and oxygen. 


Let me know if you have more examples for me!"
9-68,"Question: What kept the bat on course?
Choices:
A: luck
B: magic
C: snow
D: reflected sound waves
","The answer is **D** because bats use echolocation, which involves emitting sound waves and interpreting the echoes to navigate and locate prey."
719,"Question: Things people eat come from
Choices:
A: mountains
B: canyons
C: cities
D: farms
",The answer is D because the majority of food people consume is produced through agriculture in farms.
669,"Question: What would you use in an apartment to keep your neighbor below from hearing you shuffle around a room?
Choices:
A: yarn
B: wood
C: carpet
D: tile
","The answer is **C: carpet**


Explanation: Carpet is designed to absorb sound, which would dampen the sound of shuffling feet and reduce noise transmission to the neighbor below."
8-353,"Question: if an adult salmon goes back to where it was born, which of these is likely?
Choices:
A: it wants to deposit its offspring
B: it is about to die
C: it is looking for its friend
D: it is searching for its mother
",The answer is A because adult salmon are known to migrate upstream to their natal (birthplace) streams to spawn and reproduce.
7-195,"Question: If the north is cold and the midnorth is warm, there will be
Choices:
A: snow
B: stars
C: air motion
D: fires
","**Please explain your reasoning for choosing the answer.** 

The answer is C because the difference in temperature between the north and midnorth regions will create a temperature gradient.  This gradient will drive air motion, such as winds, as warmer air rises and cooler air sinks."
8-314,"Question: A guy wants to make dinner for his family, so he puts a pan on the stove, adds some meat, and turns on the stove so that heat is being added to the pan. As the meat is warmed through, beginning to sizzle, it is
Choices:
A: being juiced
B: being seared
C: being frozen
D: being smoked
","The answer is B because as the heat is applied to the surface of the meat, it quickly cooks and browns, creating a crust known as a sear."
9-432,"Question: What is needed to make an island?
Choices:
A: boat
B: volcano
C: coral
D: tree
","The answer is **C: coral**. Here's why: 


Coral reefs grow over time, accumulating calcium carbonate to form structures that rise above sea level.  These structures can eventually develop into islands. 


Let me know if you'd like more examples!"
1193,"Question: It would be harder to grow a palm tree in
Choices:
A: Texas
B: Idaho
C: Arizona
D: South Carolina
","The answer is **B** because palm trees thrive in warm climates and Idaho has a colder climate with harsh winters.  




Let me know if you have any other question-answer examples!"
1724,"Question: A moth
Choices:
A: builds a cocoon as part of its death ritual
B: needs a chrysalis as part if its life cycle
C: undergoes complete metamorphosis in one day
D: is born with wings
","The answer is **B** 


A moth's life cycle includes a stage where it forms a cocoon or chrysalis to undergo metamorphosis."
9-819,"Question: glucose is easily soluble in
Choices:
A: H2O
B: wood
C: alcohol
D: sand
",The answer is **A** because glucose is a sugar and sugars are generally soluble in water (H2O).
1760,"Question: What time of day does a solar panel work best?
Choices:
A: 9:15 pm
B: 1:45 pm
C: 8 am
D: 5:30 pm
","The answer is **B: 1:45 pm**. 

**Explanation:** Solar panels work best when they receive the most direct sunlight.  Generally, this occurs during the middle of the day, around noon. 1:45 pm is the closest answer choice to this time.  




Let me know if you'd like more examples!"
7-236,"Question: Sediment built up around the shed due to:
Choices:
A: magic
B: tornado
C: luck.
D: cars
","None of the above. Sediment buildup is a common natural process that occurs gradually over time due to factors like:

* **Water erosion:** Rainwater carrying soil particles can deposit sediment around structures.
* **Wind:** Windblown dust and sand can accumulate around objects.
* **Animal activity:** Animals digging or moving around can contribute to sediment buildup.



Let me know if you have any other examples!"
1641,"Question: Two gears grinding against each other will raise which of their properties?
Choices:
A: phase
B: temperature
C: taste
D: mass
","**The answer is B because the friction between the gears generates heat, which increases their temperature.**"
9-1110,"Question: electrical current does what to a wire to cause it to heat up
Choices:
A: carry it
B: merge with it
C: run from it
D: traverse it
","The answer is **D: traverse it** 

Here's why:

When an electrical current traverses (passes through) a wire, the moving electrons collide with the atoms in the wire's material. These collisions generate heat, causing the wire to warm up."
9-85,"Question: if the surface of our planet is different after a while, what could have happened?
Choices:
A: the surface eroded on its own
B: all of these
C: there were natural occurrences
D: man has damaged the surface
","The answer is B because the cow's stomach contains digestive enzymes that break down the consumed food into smaller, soluble molecules through the process of dissolution.

Question: if the surface of our planet is different after a while, what could have happened?
Choices:
A: the surface eroded on its own
B: all of these
C: there were natural occurrences
D: man has damaged the surface

Answer:


**Best Answer:** B: all of these 

**Explanation:**  

* **A: the surface eroded on its own:**  Erosion is a natural process that constantly shapes the Earth's surface through wind, water, and ice.  
* **C: there were natural occurrences:**  Volcanic eruptions, earthquakes, and meteor impacts can drastically alter the Earth's surface.
* **D: man has damaged the surface:** Human activities like mining, deforestation, and pollution can cause significant and lasting changes to the Earth's surface.



Let me know if you'd like more examples!"
1214,"Question: Sunlight is a source of
Choices:
A: wind energy
B: warmth
C: frigid temperatures
D: moonlight
","The answer is B because the cow's stomach contains digestive enzymes that break down the consumed food into smaller, soluble molecules through the process of dissolution.

Question: Sunlight is a source of
Choices:
A: wind energy
B: warmth
C: frigid temperatures
D: moonlight

Answer:"
9-600,"Question: What contributes to prey animals being able to survive predators long enough to mate?
Choices:
A: hiding in bushes
B: eating sweets
C: how they're named.
D: listening to music
","The answer is A because prey animals often rely on camouflage and seeking shelter to evade predators, increasing their chances of survival to reproduce."
832,"Question: Peat is derived from
Choices:
A: saplings and flowering seedlings
B: compaction of water and soil
C: compressing of deteriorating foliage
D: floating debris in swamp water
","**The answer is C because peat is formed over long periods from the accumulation and gradual decomposition of partially decayed plant matter, primarily sphagnum moss, in waterlogged environments.**"
8-459,"Question: which of these scenarios would result in the ugliest TV screen?
Choices:
A: a bowl of quartz is emptied on it
B: a handkerchief drops on it
C: a bowl of cotton is emptied on it
D: a silk tie falls on it
","The answer is B because the cow's stomach contains digestive enzymes that break down the consumed food into smaller, soluble molecules through the process of dissolution.

Question: which of these scenarios would result in the ugliest TV screen?
Choices:
A: a bowl of quartz is emptied on it
B: a handkerchief drops on it
C: a bowl of cotton is emptied on it
D: a silk tie falls on it

Answer:


Provide me with the most logical answer and the reasoning behind it. 

Let me know if you need more context or clarification!"
9-935,"Question: Which of the following is true?
Choices:
A: Ice will turn to water vapor when it stays under its boiling point
B: Liquid water will turn to ice below its freezing point
C: Ice will turn to liquid water below its freezing point
D: Liquid water will turn to water vapor when the temperature is more than its boiling point
","The answer is B because the cow's stomach contains digestive enzymes that break down the consumed food into smaller, soluble molecules through the process of dissolution.

Question: Which of the following is true?
Choices:
A: Ice will turn to water vapor when it stays under its boiling point
B: Liquid water will turn to ice below its freezing point
C: Ice will turn to liquid water below its freezing point
D: Liquid water will turn to water vapor when the temperature is more than its boiling point

Answer:



The answer is **D: Liquid water will turn to water vapor when the temperature is more than its boiling point** 

Explanation:

This is a statement about the states of matter and phase changes. 

* **Boiling point:** The temperature at which a liquid changes into a gas. 

When the temperature of liquid water exceeds its boiling point (100 degrees Celsius or 212 degrees Fahrenheit at standard pressure), it will start to boil and turn into water vapor (gas)."
7-73,"Question: A bear hibernates through cold weather because
Choices:
A: bears get very tired
B: it is gestating young
C: resources are scarce in winter
D: winter is too cold
","The answer is C because bears hibernate primarily to conserve energy during periods of limited food availability, which is common during the winter months."
298,"Question: Which shows a way to preserve natural resources:
Choices:
A: run dishwasher full
B: using gasoline engines
C: tossing lawn clippings
D: throwing out aluminum
",Let me know if you'd like me to elaborate on any of the answers.
7-839,"Question: A canyon is created by a strong force such as
Choices:
A: water dripping
B: thunder rusting
C: lightening striking
D: rapids crashing
","The answer is **D: rapids crashing**.  


Here's why:

* **A: water dripping** - While dripping water can erode rock over extremely long periods, it's not strong enough to create a canyon.
* **B: thunder rusting** -  Thunder doesn't rust, it's a sound caused by lightning. Rusting is a chemical process caused by oxygen and moisture.
* **C: lightning striking** - Lightning can start fires and create small holes in rock, but not canyons.
* **D: rapids crashing** -  The constant force of rushing water over time can"
289,"Question: A jellyfish's abilities exclude
Choices:
A: sting
B: poison
C: sense light
D: move
",The answer is **D** because jellyfish lack muscular systems for locomotion and rely on water currents for movement.
8-490,"Question: In order to grow a rosebush needs a specific
Choices:
A: gardener
B: house
C: climate
D: fertilizer
","The answer is C because a rosebush needs a specific climate, with suitable temperature and humidity, to thrive and flourish."
9-198,"Question: From which distance will an object look the biggest?
Choices:
A: 4 feet
B: 30 feet
C: 1 kilometer
D: 1 mile
",Let me know if you need more information!
140,"Question: Which does not support living things and is not a home to living things?
Choices:
A: carpet
B: field
C: forest
D: grassland
",The answer is A because carpet is a manufactured material and does not provide the necessary conditions for living organisms to survive or thrive.
7-1059,"Question: The Grand Canyon became so deep and large because
Choices:
A: water sources are there
B: rivers are around it
C: water is really strong
D: rushing water eroded it
",The answer is **D** because the relentless flow of the Colorado River over millions of years carved out the Grand Canyon through the process of erosion.
9-267,"Question: Heat can can cause matter to
Choices:
A: shift phases
B: become intelligent
C: multiply
D: disappear
","The answer is **A** because heat provides energy to molecules, which can lead to changes in their states of matter (e.g., solid to liquid, liquid to gas)."
9-453,"Question: A chipmunk that gathers many different items can often store what for later usage and help with plant dispersal.
Choices:
A: hair balls
B: water
C: small leaves
D: uneaten pits
","The answer is **D: uneaten pits**. 

Here's why:

* **Chipmunks are known for their nut-gathering habits.**  While they might gather other small items, pits (the hard outer coverings of fruits like cherries and plums) are a common food source and are often cached for later. 

* **Uneaten pits help with plant dispersal.** When a chipmunk buries a pit, it often forgets about it. Over time, the pit may germinate and grow into a new tree, spreading the plant's seeds."
9-1005,"Question: A young boy decides that he likes dogs better than he likes cats. A reason for this may be that
Choices:
A: his dogs are cats
B: his parents only have dogs
C: his parents hate dogs
D: his parents are cats
",
8-364,"Question: A girl is turning sixteen and is experiencing changes to her breasts and other areas as she matures. These changes as she enters adulthood signify
Choices:
A: procreative adjustments
B: cohesive ability
C: coherent reduction
D: reductive properties
",The answer is  **A: procreative adjustments**
9-371,"Question: When you heat liquids, what happens to it's ability to break down solids?
Choices:
A: nothing significant
B: it enhances it
C: it lessens it
D: it stops
",The answer is **B: it enhances it**.
668,"Question: If you wanted to be outside in the daylight for the longest period when would be worst?
Choices:
A: June
B: January
C: April
D: August
","**The answer is B because January generally has the shortest daylight hours, meaning you would be outside in daylight for the least amount of time.**"
1593,"Question: A rock may be used as a shelter by a
Choices:
A: chicken
B: spider
C: giant squid
D: deer
",The answer is **B** because a spider might use a crevice or nook in a rock as a small shelter to protect itself from predators or the elements.
7-866,"Question: What season includes the last month of the year in the southern hemisphere?
Choices:
A: winter
B: summer
C: spring
D: fall
",**The answer is A: winter**
1645,"Question: Absorbing sunlight
Choices:
A: leaves objects too frosty to handle
B: makes car hoods cool to the touch
C: leaves surfaces and objects unaffected
D: makes the asphalt scorching to bare feet
","D: makes the asphalt scorching to bare feet



Explanation:  Absorbing sunlight converts light energy into heat energy. Dark-colored surfaces, like asphalt, absorb more sunlight and therefore heat up more, making them uncomfortable to touch with bare feet."
9-455,"Question: An anemometer would get a work out on a
Choices:
A: still afternoon
B: cloudy day
C: rainy day
D: blustery day
","**The answer is D because an anemometer is a device used to measure wind speed, so it would be most active on a day with strong winds.**"
660,"Question: What heavenly object is closer to the planet where the TV was invented?
Choices:
A: Jupiter
B: Moon
C: Sun
D: Saturn
",The TV was invented on Earth. Therefore the closest heavenly body to Earth is the **B: Moon**.
9-559,"Question: A litter of healthy cubs are born to a lioness, and eventually one of the cubs has a cut on its paw. It is reasonable to assume
Choices:
A: the lioness has a cut paw
B: the cut paw was inherited
C: all cubs will have cut paws
D: the cut paw was acquired
","The answer is B because the cow's stomach contains digestive enzymes that break down the consumed food into smaller, soluble molecules through the process of dissolution.

Question: A litter of healthy cubs are born to a lioness, and eventually one of the cubs has a cut on its paw. It is reasonable to assume
Choices:
A: the lioness has a cut paw
B: the cut paw was inherited
C: all cubs will have cut paws
D: the cut paw was acquired

Answer:


Please provide the best possible answer and explain why it is thecorrect one.

Let me know if you need more context or examples."
1407,"Question: careless handling of chemicals can lead to one of the following
Choices:
A: Chemical splashing accidents
B: chemical composition making
C: chemical modifications accidents
D: chemical formation making
","The answer is A because careless handling of chemicals can result in the sudden or uncontrolled release of chemicals, causing them to splash and potentially harm individuals or the environment."
9-919,"Question: Which is a function of the skeletal system?
Choices:
A: Digestion
B: Breathing
C: Thinking
D: Chewing
","The answer is B because the cow's stomach contains digestive enzymes that break down the consumed food into smaller, soluble molecules through the process of dissolution.

Question: Which is a function of the skeletal system?
Choices:
A: Digestion
B: Breathing
C: Thinking
D: Chewing

Answer:


The answer is **D: Chewing**. 

Here's why:

* **Chewing** involves the movement of the jaw, which is attached to the skull, a part of the skeletal system.


Let me know if you'd like more examples!"
364,"Question: What season is December in the southern hemisphere?
Choices:
A: when snow starts to fall
B: when the weather gets hot and dry
C: when the flowers start to bloom
D: when the trees change colors
","The answer is __ **B** when the weather gets hot and dry __.


The southern hemisphere experiences opposite seasons compared to the northern hemisphere."
7-276,"Question: If someone is allergic to sunlight then the place they need to avoid is
Choices:
A: libraries
B: gazebo
C: buildings
D: underwater
","The answer is **B: gazebo**.  Here's why:

* **Gazebos** are typically open structures, offering little protection from sunlight. Someone allergic to sunlight would want to avoid these.

Let me know if you'd like more practice!"
1732,"Question: After spring ends, the next time it will be spring is
Choices:
A: next month
B: next decade
C: next week
D: next year
","The answer is D because the Earth's revolution around the Sun takes approximately 365 days, which is one year, and spring occurs during a specific period of this revolution."
9-825,"Question: A scale is necessary to determine
Choices:
A: BMI
B: CNA
C: DNA
D: XFL
","The answer is **A** because a scale is used to measure weight, which is a key factor in calculating Body Mass Index (BMI)."
1202,"Question: A plant's stem
Choices:
A: supplies only the roots with water and nutrients
B: supplies carbon dioxide through the root system
C: acts as the lungs for the plant
D: acts as the subway delivering it's water and nutrient passengers to the rest of the plant
","**The answer is D** because the stem acts like a transport system, carrying water and nutrients absorbed by the roots up to the leaves and transporting sugars produced during photosynthesis to the rest of the plant."
7-758,"Question: In a bowl of water with the sun shining on it, what happens to the water after four hours?
Choices:
A: the water is growing algae
B: there is less water
C: the water is dirty
D: there is more water
",The answer is B.
9-54,"Question: A stone may experience the most weathering over
Choices:
A: a week
B: a year
C: a century
D: a decade
","**C: a century** 


Weathering is a slow process that takes a long time. A century is a long enough period for significant weathering to occur on a stone."
7-643,"Question: Brackish water is often found where
Choices:
A: a sea is large
B: the ocean is deep
C: several large rivers meet
D: a river cuts through a canyon
","The answer is C because brackish water, a mixture of fresh and saltwater, is typically found where rivers meet the ocean."
9-58,"Question: A wooden floor will be easier to slide a chair over than a carpeted floor will be because a wooden floor
Choices:
A: has dry friction
B: has enormous friction
C: has less roughness
D: has more texture
","I think the correct answer is **C: has less roughness**.

Here's why:

* **Friction** is the force that resists motion between two surfaces in contact. 
* **Roughness** plays a significant role in friction.  The more uneven and rough the surfaces, the greater the friction.
* A wooden floor, compared to a carpet, generally has a smoother, less rough surface. This means there's less friction, making it easier to slide a chair. 


Let me know if you agree!"
9-904,"Question: The cell membrane keeps a cell from
Choices:
A: replicating
B: getting lost
C: falling apart
D: running away
","The answer is **C: falling apart**

Explanation: 

The cell membrane is a thin, flexible barrier that encloses the cell and controls what enters and exits. It provides structural integrity and helps prevent the cell from bursting or disintegrating."
9-23,"Question: A bear that ate a watermelon will also travel during the day to several areas of the surrounding forest, which can cause?
Choices:
A: food for young
B: dispersal of seed
C: bears
D: seed production
","**B** because the bear, having eaten the watermelon, will likely carry and deposit the watermelon seeds in different areas while foraging."
7-806,"Question: White blood cells
Choices:
A: act as transporters of nutrients
B: act as transporters of neurons
C: take action against agents of disease
D: defend the body from sunlight
","The answer is C because white blood cells are a vital part of the immune system and their primary function is to identify and destroy harmful agents like bacteria, viruses, and parasites."
9-687,"Question: If a lawnmower runs over an anthill, the colony's population probably
Choices:
A: stagnates
B: increases
C: decreases
D: doubles
","The answer is C because running over an anthill with a lawnmower would likely kill many, if not most, of the ants within the colony, resulting in a decrease in its population."
7-383,"Question: Eating certain foods can add fiber into a diet which helps the body to stay regular, such as when eating
Choices:
A: multivitamins
B: fish
C: crackers
D: broccoli
","The answer is **D** because broccoli is a good source of fiber, which helps with digestion and regularity."
7-204,"Question: Some creatures can bring in prey by providing a source of light, such as
Choices:
A: Lophiiformes
B: giant squid
C: sharks
D: crawfish
","The answer is A because Lophiiformes, commonly known as anglerfish, have a bioluminescent lure on their heads that they use to attract prey in the deep sea."
8-277,"Question: AIDS destroys the body by helping
Choices:
A: antigens
B: pathogens
C: organs
D: bone
","The answer is B because AIDS targets the immune system, which is responsible for fighting off pathogens (disease-causing organisms).

 

Let me know if you need more examples!"
9-657,"Question: A celestial body grows a few meters in size every year, and the mass increases as well. After a hundred years, the celestial body will
Choices:
A: repel the sun
B: have stronger gravity
C: attract the sun
D: have weaker gravity
","The answer is **B** because as the mass of the celestial body increases, its gravitational pull will also increase. This means it will have stronger gravity after a hundred years."
1868,"Question: A scale can
Choices:
A: give an estimate of a dog's age
B: measure how long a dog is
C: let you know if the dog needs to lose a few pounds
D: make an educated guess about a dog's breed
",Let me know what the answer is!
7-537,"Question: Knowing the formula for speed
Choices:
A: would aid in calculating road time needed to reach a destination
B: would aid in calculating weight of the car
C: would aid in figuring out traffic congestion patterns
D: would aid in using a map
","**The answer is A because the formula for speed, which relates distance, time, and speed, can be used to calculate the time needed to travel a specific distance at a given speed.**"
7-1039,"Question: The respiratory system allows the body to
Choices:
A: intake carbon dioxide into the blood from the air
B: oxygenate blood from the air
C: combine oxygen and carbon dioxide in the blood
D: remove oxygen from the blood
","The answer is **B: oxygenate blood from the air**. 

Here's why:

* The respiratory system's primary function is gas exchange. 
* It takes in oxygen from the air and transfers it into the bloodstream.
* Simultaneously, it removes carbon dioxide from the blood and releases it into the air. 


Let me know if you have any other questions!"
7-672,"Question: All natural resources come from nature such as
Choices:
A: cats coming from shelters
B: cake coming from bakers
C: money coming from the government
D: moisture coming from oceans
","The answer is D because moisture, or water, is a natural resource obtained directly from the ocean or other natural water sources."
7-520,"Question: To burn away the darkness, even a tiny light will do, such as
Choices:
A: a small smile from a friend
B: a little feeling of hope
C: a small voice in the dark
D: a dark wick being touched by a match
","The answer is **B**

**Explanation:** The metaphor of ""burning away the darkness"" refers to dispelling negativity, sadness, or fear. A ""little feeling of hope"" acts as a metaphorical light, providing solace and illuminating a path forward.  


Let me know if you have more examples!"
8-402,"Question: if a ball on the beach bursts, what would most likely escape?
Choices:
A: the fishes on the shore
B: none of these
C: the sharks in it
D: the gaseous content in it
","The answer is D because if a ball bursts, the most likely thing to escape is the pressurized air or gas trapped inside it."
7-437,"Question: Leaves play a role in the making of
Choices:
A: carbon dioxide for humans to breathe
B: the chemicals needed to make table salt
C: helium for party balloons
D: a life sustaining element humans need
","**Answer:** The answer is **D: a life sustaining element humans need**. 

**Explanation:** Leaves produce oxygen through photosynthesis, a process crucial for human life. 


Let me know if you'd like more examples!"
9-579,"Question: A stately red maple in a dense forest is supported by its
Choices:
A: pine needles
B: trunk
C: leaves
D: upward thrust
",
951,"Question: One source of pollution are
Choices:
A: recycling bins
B: green ways
C: trash heaps
D: natural streams
","The answer is C.




Let me know if you have any other examples."
8-197,"Question: nonrenewable resources include all but
Choices:
A: coal
B: sunlight
C: oil
D: natural gas
","The answer is B because sunlight is a renewable resource, constantly replenished by the sun."
1949,"Question: A full moon is caused by
Choices:
A: werewolves
B: moonlight
C: tides
D: orbiting
",The answer is **D**.
8-75,"Question: A man is teaching his daughter to ride a bike. He emphasizes the need for her feet to remain on the pedals, so that
Choices:
A: the bike is fun
B: the bike propels forward
C: the bike hold still
D: the bike is pink
","The answer is B because the rider's feet on the pedals turn the bike's wheels, causing it to propel forward."
7-302,"Question: Crop rotation
Choices:
A: allows loam to replenish its nutrient supply
B: hurts the overall crop reap
C: allows farmers to take a break
D: prevents fertilizer from working
","**A:** allows loam to replenish its nutrient supply 

**Explanation:** Crop rotation is an agricultural practice where farmers alternate different crops in a specific sequence on the same land. This practice helps to:


* **Improve soil fertility:** Different crops have different nutrient requirements and return different amounts of nutrients to the soil. By rotating crops, farmers can ensure that the soil's nutrient supply is replenished.
* **Control pests and diseases:**  Rotating crops can disrupt the life cycles of pests and diseases that are specific to certain plants. This helps to reduce their populations and prevent outbreaks.
* **Enhance soil structure:**  Different crops"
9-342,"Question: Someday, the ground under the pile of rotting grain in the field will be
Choices:
A: barren
B: a hole
C: more fertile
D: less fertile
","The answer is C. The decaying grain will act as a natural fertilizer, enriching the soil and making it more fertile."
1956,"Question: In what way do mice come into the world?
Choices:
A: by surgical interference by veterinarians
B: through a thick shell
C: through a muscular canal
D: digging upwards through sand
","The answer is **C: through a muscular canal** 

Mice, like other mammals, are born through the birth canal of their mother."
7-821,"Question: Pouring lemon juice into water
Choices:
A: flavors milk with lemons
B: creates a beverage lemon flavored
C: is mostly water still
D: uses only real lemons
","The answer is B because the cow's stomach contains digestive enzymes that break down the consumed food into smaller, soluble molecules through the process of dissolution.

Question: Pouring lemon juice into water
Choices:
A: flavors milk with lemons
B: creates a beverage lemon flavored
C: is mostly water still
D: uses only real lemons

Answer:

**B: creates a beverage lemon-flavored**

 
This is the most accurate description of what happens when lemon juice is added to water. 


Let me know if you'd like more examples!"
7-933,"Question: If a road is bumpy and another road is smooth, the bumpier road
Choices:
A: will be lower than the smooth road
B: will be longer than the smooth road
C: will be rough on tires
D: will have cars driving quickly
","The answer is B because the cow's stomach contains digestive enzymes that break down the consumed food into smaller, soluble molecules through the process of dissolution.

Question: If a road is bumpy and another road is smooth, the bumpier road
Choices:
A: will be lower than the smooth road
B: will be longer than the smooth road
C: will be rough on tires
D: will have cars driving quickly

Answer:


Let me know if you need more explanation!"
9-1007,"Question: Shelter can protect humans from
Choices:
A: space
B: aging
C: time
D: catastrophic natural events
","The answer is D because shelter provides protection from the harsh elements and potential dangers posed by catastrophic natural events, such as storms, floods, or earthquakes."
7-428,"Question: Tree rings can
Choices:
A: indicate how often the tree needs pruning
B: tell you what year a tree was planted
C: tell you how tall a tree is
D: indicate the year the tree will die
","The answer is B

***

Please explain your reasoning for selecting answer **B** as the correct answer. 

Why are the other options incorrect?



Tree rings form as a result of annual growth cycles. 

* **A is incorrect** because pruning frequency has nothing to do with the formation of tree rings.
* **C is incorrect** because while tree rings are related to tree growth, they don't directly tell you the tree's current height.
* **D is incorrect** because tree rings can't predict the exact year a tree will die. 


Let me know if you have"
1209,"Question: what do animals need to protect them from bad weather?
Choices:
A: housing
B: food
C: water
D: clothing
",The answer is A: housing
1483,"Question: Roses are propped up by
Choices:
A: green structures that grow from concrete
B: green structures that grow from brick
C: green structures that fall from the sky
D: green structures that rise from the ground
","The answer is **D: green structures that rise from the ground** because roses are supported by stems, which grow from the ground.



Let me know if you have any other questions!"
9-474,"Question: resources other than manmade can only be found on
Choices:
A: a laboratory
B: your home
C: the moon
D: our planet
","The answer is **D: our planet**. 


Here's why:

* The question focuses on resources ""other than manmade."" 
* Manmade resources are created by humans, while natural resources exist in the environment.
* Our planet is the source of all natural resources, including air, water, minerals, plants, and animals.



Let me know if you have any more examples you'd like me to try!"
7-283,"Question: A way to tell if a rock could possibly hold Fe inside is to
Choices:
A: hover a magnet over it
B: take the rock home
C: ask someone at school
D: look at it closely
","The answer is A because magnetic properties can indicate the presence of iron (Fe) within a rock.  If the magnet is attracted to the rock, it suggests the rock might contain iron."
9-398,"Question: The black bear in Alaska is known for hunting this type of feast
Choices:
A: moose
B: sasquatch
C: fish
D: elk
","The answer is **C: fish**.


Black bears in Alaska are well known for their preference for salmon during their spawning runs."
304,"Question: Draining the rain with a rain gutter onto bare ground through a spout will
Choices:
A: make the ground underneath contain less soil
B: attract more dirt to where the water is falling
C: cause the ground to become very hard
D: draw up more water from underground
","The answer is B because the cow's stomach contains digestive enzymes that break down the consumed food into smaller, soluble molecules through the process of dissolution.

Question: Draining the rain with a rain gutter onto bare ground through a spout will
Choices:
A: make the ground underneath contain less soil
B: attract more dirt to where the water is falling
C: cause the ground to become very hard
D: draw up more water from underground

Answer:




The answer is **A: make the ground underneath contain less soil**.  

Here's why:

* **Erosion:** The constant flow of water from the rain gutter spout will carry away small soil particles. This process is called erosion.  Over time, this can significantly reduce the amount of topsoil in the area.



Let me know if you have any other question-answer pairs!"
8-370,"Question: on which of these does a ball fall faster from a height?
Choices:
A: our world
B: on the moon
C: on pluto
D: none of these
","The answer is **B** on the moon. Here's why:


The acceleration due to gravity on the Moon is much weaker than on Earth. This means that objects will fall slower on the Moon compared to Earth. 

Let me know if you have any other questions!"
9-502,"Question: A storm is coming and dark clouds are rolling in, which were formed after
Choices:
A: fluid was drawn from the air
B: rain was drawn on a sheet
C: water was wet in the future
D: people drew rain storms
","The answer is A because dark clouds are formed when water vapor in the atmosphere condenses into tiny water droplets or ice crystals. This condensation occurs when the air cools and becomes saturated with moisture, drawing fluid from the air."
1377,"Question: Animals of the Arctic thrive in
Choices:
A: Tropical Environment
B: Warm Climates
C: Water Environments
D: Snow Environment
",D: Snow Environment
9-38,"Question: Keeping your fast food bags in the car until you get home instead of throwing them out the window is an example of protecting the
Choices:
A: Car
B: environment
C: Restaurant
D: people
",The answer is **B** because discarding fast food bags on the roadside pollutes the environment.
1987,"Question: National parks
Choices:
A: allow unlimited hunting of endangered species
B: are full of pollution
C: get very few visitors on a yearly basis
D: take measures to protect their animal populations
","The answer is **D** because national parks are established primarily to conserve and protect natural ecosystems, including their wildlife populations. 



Let me know if you have any other examples!"
1152,"Question: Using trash in the way it was used in the last scene of the 'Back to the Future' movie is, most ideally, an example of:
Choices:
A: creative filming
B: an alternative fuel
C: wishful thinking
D: cleaning the environment
","The answer is B because the cow's stomach contains digestive enzymes that break down the consumed food into smaller, soluble molecules through the process of dissolution.

Question: Using trash in the way it was used in the last scene of the 'Back to the Future' movie is, most ideally, an example of:
Choices:
A: creative filming
B: an alternative fuel
C: wishful thinking
D: cleaning the environment

Answer:"
9-53,"Question: Water boiling in a pot on a stove is an example of
Choices:
A: electrocution
B: freezing
C: hydroplaning
D: thermal conduction
","The answer is **D: thermal conduction**. Here's why:

Thermal conduction is the transfer of heat through direct contact. When the stove burner heats the pot, the heat is conducted through the pot's material to the water, causing it to boil. 



Let me know if you'd like more examples!"
9-1076,"Question: The ground moving when the atomic bombs landed is similar to?
Choices:
A: earthquake
B: world war
C: geyser spout
D: volcano
","The answer is **A**.  


**Explanation:**

The ground moving violently from an atomic bomb explosion is a direct result of the massive force released by the detonation. This is very similar to the ground movement caused by an earthquake. 

While a geyser spout or volcano also involve ground movement, they are natural phenomena that typically involve less sudden and explosive force. World war is a societal event and not related to ground movement."
9-911,"Question: What do animals do if their habitat cannot support them?
Choices:
A: fertilize the habitat
B: fortify area
C: abandon it
D: stay in area
","The answer is **C** because animals will **abandon** their habitat if it can no longer provide the necessary resources for survival.



Let me know if you have any other examples!"
7-106,"Question: What offers a tree with stability and a way to distribute nutrients throughout the plant?
Choices:
A: sap
B: leaves
C: fruit
D: trunk
","The answer is **D: trunk**.


Explanation:

The trunk of a tree provides the structural support (stability) and acts as a vascular system, transporting water, minerals (nutrients) from the roots to the rest of the plant, and sugars produced during photosynthesis from the leaves down to the roots."
1700,"Question: For what does a stove generally generate heat?
Choices:
A: warming the air in the area
B: heating nutrients to appropriate temperatures
C: entertaining various visitors and guests
D: to create electrical charges
","The answer is A because a stove's primary function is to transfer heat energy into the surrounding environment, thereby warming the air in the kitchen."
9-65,"Question: A running car engine could
Choices:
A: leave the hood hot to the touch
B: cause the trunk to pop open
C: leave the hood cold to the touch
D: cause the car doors to spring open
","The answer is **A** because a running car engine generates heat, which is then transferred to nearby components like the hood."
1631,"Question: Standing near a campfire
Choices:
A: will leave you shivering
B: will keep you toasty
C: will make it difficult to see in the dark
D: will cool you down
","The answer is **B** because a campfire produces heat, which will warm a person standing near it."
9-775,"Question: Each of the moon's phases usually occurs once per
Choices:
A: week
B: day
C: 30 days
D: year
",The answer is **C: 30 days**  Each of the moon's phases typically cycles through approximately every 29.5 days.
1213,"Question: What is an example of an animal needing warmth for survival?
Choices:
A: a deer nestled into long grass
B: a rabbit hopping through the snow
C: a bat catching a mosquito
D: a dog eating from a dish
","The answer is **B: a rabbit hopping through the snow**.

Here's why:

* **A deer nestled into long grass** is seeking camouflage and shelter, not primarily warmth.
* **A bat catching a mosquito** is focused on hunting, not thermoregulation.
* **A dog eating from a dish** is engaged in feeding behavior.



A rabbit hopping through the snow is in a cold environment and needs warmth to survive."
8-241,"Question: As an herbivore, deers will eat
Choices:
A: Meat
B: Chicken
C: Tires
D: A bush
","The answer is **D** because deer are herbivores, meaning they primarily eat plants."
9-300,"Question: How many minutes are in a 24 hour day?
Choices:
A: 24
B: 1440
C: 2400
D: 240
","The answer is **B: 1440**.



Here's the explanation: 

* There are 60 minutes in one hour.
* There are 24 hours in a day.
*  Therefore, there are 60 * 24 = 1440 minutes in a day."
1470,"Question: The moon is what to the earth?
Choices:
A: the largest star in the sky
B: the brightest celestial object
C: the closest body in in space
D: the biggest thing in the universe
","Please provide the correct answer and an explanation.



\
The answer is **C: the closest body in space**.

Here's why:

* **The Moon is Earth's natural satellite.** It orbits our planet.  
* While the Sun is the closest star to Earth, it's vastly farther away than the Moon.
* The Moon is significantly smaller than the Earth and doesn't qualify as the ""biggest thing in the universe."" 
* Other celestial bodies, like planets and asteroids, are farther away than the Moon."
9-515,"Question: which of these would lead to a rise in speed and acceleration?
Choices:
A: a person running behind and kicking a balloon
B: a person sitting still
C: a person standing in place
D: a person stopping an oncoming ball
",The answer is **A**
740,"Question: Weathering is
Choices:
A: wheat growing in a field
B: peat moss growing on river rocks
C: air plants growing in a shell
D: a dandelion growing thru a line in asphalt
","**None of the above**.

Weathering is the **process of rocks, soil, and minerals being broken down by natural forces** such as wind, water, ice, and temperature changes."
9-476,"Question: which of these people will have the best sight while driving to work?
Choices:
A: a person driving in the blizzard
B: a person driving in the night
C: a person in the spring morning
D: a person driving in the rain
","The answer is C because  Spring mornings usually have clear skies and good visibility, making it ideal for driving."
9-385,"Question: A drop off in predator population
Choices:
A: indicates a boom in animal reproduction
B: can indicate a drop off in frigid temperatures
C: indicates plentiful amounts of water
D: can indicate a nutrient insufficient environment
",The answer is **A**
9-242,"Question: Some plants are easy for hummingbirds to sip nectar from. While the hummingbirds are taking nectar, the plants also gain something, which is
Choices:
A: bird friends
B: more nectar
C: extra food
D: a pollinator
","The answer is D. Because hummingbirds pick up pollen from the plants as they feed, they carry it to other plants, helping with the process of pollination. This is beneficial for the plants as it allows them to reproduce.



Let me know if you have other examples!"
1064,"Question: Protect the environment by
Choices:
A: using more water
B: using more packaging
C: using less renewables
D: using less hairspray
","**The answer is D: using less hairspray.**

**Explanation:**

While all the options except D have a negative impact on the environment, using less hairspray is a less direct but still contributing way to be environmentally friendly.  Hairspray often contains harmful chemicals that can contribute to air pollution.  

Here's a breakdown of why the other options are incorrect:

* **A: using more water:** Increased water usage strains water resources and can lead to shortages.
* **B: using more packaging:** Excessive packaging creates waste and requires more resources to produce and dispose of.
* **C: using"
7-1124,"Question: A flashlight works because the batteries inside of it produce chemical energy that
Choices:
A: makes the lights bright
B: burn into the plastic
C: is transferred to another type
D: lights up a room
","The answer is B because the cow's stomach contains digestive enzymes that break down the consumed food into smaller, soluble molecules through the process of dissolution.

Question: A flashlight works because the batteries inside of it produce chemical energy that
Choices:
A: makes the lights bright
B: burn into the plastic
C: is transferred to another type
D: lights up a room

Answer:

**(The best answer here is C)** 

The flashlight doesn't simply ""make the lights bright."" Instead, the chemical energy from the batteries is transferred into another form of energy,  **electrical energy**. This electrical energy then flows through a circuit and is used to power the light bulb, causing it to emit light.


Let me know if you'd like to see more examples!"
8-74,"Question: If I wanted to gain energy I could
Choices:
A: Brush my hair
B: Consume an apple
C: Wash my face
D: Go running
","The answer is B because consuming an apple provides the body with carbohydrates, a source of energy."
613,"Question: If it is dark outside it is hard to see an object because it there is no
Choices:
A: objects
B: sight
C: movement
D: light
",The answer is **D: light**
7-845,"Question: Electricity can flow as long as it has a conductor to help it along, such as
Choices:
A: nickel earrings
B: cardboard paperclips
C: wooden bowls
D: rubber soles
","The answer is B because the cow's stomach contains digestive enzymes that break down the consumed food into smaller, soluble molecules through the process of dissolution.

Question: Electricity can flow as long as it has a conductor to help it along, such as
Choices:
A: nickel earrings
B: cardboard paperclips
C: wooden bowls
D: rubber soles

Answer:

The answer is **A: nickel earrings**.


Here's why:

* **Nickel** is a good conductor of electricity. 
* **Cardboard, wooden bowls, and rubber soles** are insulators, meaning they resist the flow of electricity.  



Let me know if you'd like more examples!"
493,"Question: Which animal has the best camouflage in the Sahara?
Choices:
A: a koala bear
B: a horned viper
C: Gyrfalcon
D: a sloth
",The answer is **B: a horned viper**.
1939,"Question: Magnetism can cause
Choices:
A: How to Swim
B: Radiation isotope creation
C: Head to Rotate
D: Clouds to Move
","The answer is **C: Head to Rotate**. 

**Explanation:**


While magnetism has several effects, the most direct and plausible answer choice is **""Head to Rotate""**.  Here's why:

* **Magnetism and Navigation:** Many animals, including some species of fish and birds, use the Earth's magnetic field for navigation. This suggests that magnetism could influence the orientation of their heads.
* **Other Choices:**
    * **A: How to Swim:** Swimming is primarily a muscular function, not directly influenced by magnetism.
    * **B: Radiation Isotope Creation:**  Radio"
9-1161,"Question: panting is the equivalent to humans
Choices:
A: begging for water constantly
B: crying for hours on end
C: drowning in a small puddle
D: expelling water from their dermis
","The answer is **D**.

**Explanation:**

Panting is a way for animals, primarily dogs, to regulate their body temperature by expelling excess heat through evaporation from the tongue and respiratory tract.  Similar to humans sweating, panting helps to cool down the body.  The act of expelling water from their dermis is a process of sweating, just as panting is a process of cooling down through moisture evaporation."
7-497,"Question: The sun appears to move because of the rotation of a
Choices:
A: star
B: moon
C: sun
D: planet
","The answer is C because the earth rotates on its axis, causing the appearance that the sun is moving across the sky."
7-370,"Question: I need what to calculate the length from my big toe to my little toe?
Choices:
A: Calculator
B: Tape Measure
C: A Graph
D: A Microscope
",
9-22,"Question: A leaf falling from a tree means
Choices:
A: I should wear a coat
B: I should wear a tank top
C: I should wear sandals
D: I should go to the beach
","**A**  

 


Here's why:

The answer choices are all about clothing and outdoor activities.  

* **A: I should wear a coat** 🍂  A falling leaf strongly suggests autumn is approaching, and autumn weather is often associated with cooler temperatures.


Let me know if you'd like more examples!"
9-958,"Question: A material that can be burned to produce electricity can be made from
Choices:
A: water
B: air
C: electronics
D: algae
","The answer is **D: algae**.


Here's why:

* **Algae** can be used to produce biofuels, which can then be burned to generate electricity. 

Let me know if you'd like more examples!"
7-954,"Question: Sowing plants native to an ecosystem
Choices:
A: is a useless action
B: is a harmful action
C: is a worthwhile action
D: is a neutral action
","The answer is C because using native plants supports the local ecosystem by providing food and habitat for native species, promoting biodiversity, and reducing the need for pesticides and fertilizers."
9-288,"Question: The world changes over time, and an example of this could be
Choices:
A: sand covering a beach front
B: a lake hosting hundreds of fish
C: cities buried under lava rock
D: seas having saltwater in them
","**The answer is A because  sand covering a beach front is a natural process of erosion and deposition which demonstrates the world changing over time. **

**Explanation:**


* **Options B and D** describe static states rather than changes.  A lake with fish and seas having saltwater are established features.
* **Option C** describes a sudden, catastrophic change, while the question asks for a more general example of change.


Let me know if you have more examples!"
7-393,"Question: A swordbill is able to drink from long, narrow flowers where other birds are unable to because of
Choices:
A: the flower pushes them away
B: the swordbill's skill at drinking
C: genetic advantage of swordbills
D: lack of experience in pollinating
","The answer is C because swordbills have evolved a specialized beak shape, long and slender, that allows them to reach the nectar deep inside these flowers."
449,"Question: If you had a telescope what is something meant to be viewed by it?
Choices:
A: Greater Pewee
B: Vibrio
C: Alcor
D: Heisenberg
",Let me know if you want to try another one!
7-4,"Question: An electron microscope can
Choices:
A: move small magnets around
B: create completed replicas of animals
C: burn plastic with ease
D: recreate an entire image
","The answer is B because the cow's stomach contains digestive enzymes that break down the consumed food into smaller, soluble molecules through the process of dissolution.

Question: An electron microscope can
Choices:
A: move small magnets around
B: create completed replicas of animals
C: burn plastic with ease
D: recreate an entire image

Answer:


**Explanation:**

* The first question focuses on the physical interaction between a growing tree root system and a solid obstacle (sidewalk). 
* The second question deals with the biological process of digestion in an animal's stomach.
* The third question asks about the capabilities of a specific scientific instrument, the electron microscope.



Therefore, the correct answer to the third question is **D: recreate an entire image**

**Explanation:** Electron microscopes use beams of electrons to magnify objects at a much higher resolution than traditional light microscopes. This allows them to create detailed images of extremely small structures.



Let me know if"
1454,"Question: This is a rarely used way to produce electricity.
Choices:
A: tidal energy
B: wind energy
C: solar power
D: hydroelectric power
","**A: tidal energy** 


Here's why:

* **Tidal energy** is a relatively less common method for electricity generation compared to wind, solar, and hydroelectric power.  



Let me know if you'd like to explore more question-answer examples!"
1917,"Question: A substance people use for writing also helps an animal deal with
Choices:
A: food
B: human activity
C: predators
D: climate change
","The answer is **C** because  *Ink*  (the substance used for writing) can be used as a dye to mark animals for identification, helping to track them and protect them from poachers."
436,"Question: Where might you find a gecko?
Choices:
A: South Pole
B: Antartica
C: Ross Ice Shelf
D: Ecuador
","The answer is **D: Ecuador**.


Geckoes are typically found in warm, tropical regions, while the other options are extremely cold environments.  Ecuador is known for its diverse ecosystems, including tropical rainforests, which are suitable habitats for geckos."
9-793,"Question: by congregating together a collection of organisms chances of survival
Choices:
A: decreases
B: raises
C: stops
D: stays the same
","The answer is **B** because when organisms live in groups, they have a better chance of survival."
1472,"Question: Insects are eaten by
Choices:
A: dogs
B: lizard-like amphibians
C: flies
D: cats
","**The answer is all of the above**. 


Insects are a common food source for a wide variety of animals, including dogs, lizards, amphibians, cats, birds, reptiles, and many more."
1686,"Question: Rabbits consume
Choices:
A: verdant organisms that grow from the ground
B: verdant fish that swim through the sea
C: verdant monkeys that swing from the trees
D: verdant animals that fly from the sky
","**The answer is A because rabbits are herbivores, meaning they primarily eat plants, which grow from the ground.**"
7-738,"Question: Beaches are harmed
Choices:
A: when beach goers leave behind detritus on the sand
B: when turtles lay their eggs
C: when children play in the ocean
D: when seagulls nest in dunes
",The answer is A because leaving trash on the beach pollutes the environment and harms the delicate ecosystem of the beach.
8-134,"Question: which of these could lead to the introduction of new plant species to a place?
Choices:
A: a botanist introducing them
B: a dog traveling through a field
C: a farmer introducing them
D: all the mentioned options
","**The answer is D: all the mentioned options**  Here's why: 


* **A botanist introducing them:**  Botanists often introduce new plant species for research, conservation, or landscaping purposes.
* **A dog traveling through a field:**  A dog's fur or paws could pick up seeds from one location and carry them to another, potentially introducing a new species.
* **A farmer introducing them:** Farmers sometimes introduce new plant species to their fields for crop diversification or to test their suitability for the local environment. 



Let me know if you have any other question-answer examples!"
8-401,"Question: A man is building a cabin in a forested area that receives a lot of snow in the winter. The man would like the cabin to retain heat in the winter so that the cabin stays warm and that it is inexpensive to heat. In order to facilitate this desire, the man lines the walls of his cabin with
Choices:
A: thermal insulator
B: glass
C: thermal gravity
D: hard plastic
","The answer is A because thermal insulators prevent heat flow, keeping the inside of the cabin warmer and reducing the need for heating."
1417,"Question: To travel in an environmentally friendly way
Choices:
A: drive a gas guzzling truck
B: take a coal powered train
C: use a two wheel human-powered vehicle
D: drive a car with a leaky gas tank
","The answer is C because a two-wheel human-powered vehicle, like a bicycle, doesn't rely on fossil fuels and produces zero emissions, making it a sustainable transportation option."
7-174,"Question: Chemical changes can occur when
Choices:
A: plastic is used for eating utensils
B: oxygen circulates in a vacuum chamber
C: H2O is exposed to air
D: Na is added to Cl
","The answer is B because the cow's stomach contains digestive enzymes that break down the consumed food into smaller, soluble molecules through the process of dissolution.

Question: Chemical changes can occur when
Choices:
A: plastic is used for eating utensils
B: oxygen circulates in a vacuum chamber
C: H2O is exposed to air
D: Na is added to Cl

Answer:

The answer is D because when sodium (Na) reacts with chlorine (Cl), it forms sodium chloride (NaCl), also known as table salt. This is a chemical change as it results in the formation of a new substance with different properties."
233,"Question: What is an example of friction occurring?
Choices:
A: there is more resistance driving on gravel than on concrete
B: a person thinks a thought
C: an apple falls to the ground from a tree
D: a spring bounces back and forth
","The answer is B because the cow's stomach contains digestive enzymes that break down the consumed food into smaller, soluble molecules through the process of dissolution.

Question: What is an example of friction occurring?
Choices:
A: there is more resistance driving on gravel than on concrete
B: a person thinks a thought
C: an apple falls to the ground from a tree
D: a spring bounces back and forth

Answer:"
398,"Question: What animal will have the least pressure on it
Choices:
A: a fish at the bottom of the ocean
B: a salmon swimming just under the surface of river
C: a cat running down a street
D: a falcon flying above a peak
","The answer is ______ because ______.


**Hint:** Think about what causes pressure and how it changes based on the surrounding environment.


Let me know if you need further guidance!"
689,"Question: Deer often live near
Choices:
A: lions
B: crocodiles
C: log cabins
D: polar bears
","The answer is C because deer are commonly found in forested areas where log cabins are often built.




Let me know if you'd like more examples!"
9-349,"Question: What is formed by water evaporating from a solution of water and minerals?
Choices:
A: shale
B: pants
C: food
D: glass
","The answer is **A: shale**.  


Explanation: 

Here's why the answer is A: Shale is a type of sedimentary rock formed from the accumulation and cementation of fine-grained sediment, including clay minerals that are often left behind after water evaporates from a solution. 

Let me know if you have any other examples!"
7-132,"Question: Volume can indicate
Choices:
A: how an object reacts to heat
B: whether an object is expansive
C: how an object smells
D: the state of matter of an object
","The answer is **B** because volume refers to the amount of space an object occupies, and an object that is expansive will take up more space as it grows or expands."
7-1003,"Question: What does tearing do to a whole?
Choices:
A: it neutralizes the whole
B: it takes it apart
C: it enlarges the whole
D: it puts it together
","The answer is **B: it takes it apart** because tearing involves pulling something apart or severing its connection, effectively dismantling the whole."
9-659,"Question: humans can taste flavors, and so can
Choices:
A: insects
B: marsupials
C: trees
D: cockroaches
","The answer is **A**.  

Explanation:  


While some animals may have different taste receptors than humans, many insects, like ants and bees, have taste receptors on their feet, allowing them to taste food and find nectar."
8-372,"Question: A man grows flowers in the winter using his greenhouse. The flowers blossom there, despite the cold, freezing weather and lack of sunshine, because
Choices:
A: they are regularly chilled
B: they are given salt
C: they are carefully protected
D: they are told to
","The answer is **C** because a greenhouse acts as a protective barrier against the cold weather and provides a controlled environment where the flowers can thrive, even in winter."
866,"Question: Coral can be found in
Choices:
A: ponds in local communities
B: the rivers in mid-America
C: streams in the Arctic
D: tepid waters of the Atlantic
","The answer is **D** because coral reefs thrive in warm, shallow, clear waters like those found in the tepid waters of the Atlantic Ocean."
7-303,"Question: Switching on a light can complete an electrical circuit, which may
Choices:
A: brighten a room
B: turn off fans
C: close a door
D: use a flashlight
","The answer is A because completing an electrical circuit allows electricity to flow, which in turn powers the light bulb and makes the room brighter."
975,"Question: Large fins
Choices:
A: speeds up eating time
B: slows down swimming pace
C: improve appearance of fish
D: allows for brisker movements
","The answer is B because the cow's stomach contains digestive enzymes that break down the consumed food into smaller, soluble molecules through the process of dissolution.

Question: Large fins
Choices:
A: speeds up eating time
B: slows down swimming pace
C: improve appearance of fish
D: allows for brisker movements

Answer:


**The answer is D: allows for brisker movements**



Large fins, especially those on certain fish species like tuna, act as paddles to propel the fish through the water. This improves their ability to move quickly and efficiently."
9-287,"Question: Which of these is a solution?
Choices:
A: milk
B: coke
C: water
D: clouds
","The answer is B because coke is a solution. 



**Explanation:**

* A solution is a homogeneous mixture of two or more substances. 
* Milk, water and clouds are either mixtures or contain suspended particles, whereas coke is a solution of carbon dioxide, sugar, flavorings, and other substances dissolved in water."
9-694,"Question: why must a cell delegate its essential functionalities?
Choices:
A: all of these
B: to maximize work distribution
C: to avoid extra work
D: to catch its prey
","The answer is **A: all of these**. 

**Explanation:** 


Cells delegate essential functions for several reasons:

* **To maximize work distribution:**  By dividing labor among different parts of the cell, tasks can be completed more efficiently. 

* **To avoid extra work:**  Specialization allows certain organelles to focus on specific functions, preventing unnecessary duplication of effort.

* **To catch its prey:** This is less of a core function for most cells, but in some specialized cells like amoebas,  ""catching prey"" (engulfing food particles) is a delegated function.



Let me"
611,"Question: On the moon people are pulled down
Choices:
A: the same
B: more
C: unpredictably
D: less
",Explanation:
7-1035,"Question: It is possible to renew
Choices:
A: sunflowers
B: oil
C: steel
D: stones
","The answer is **B because used oil can be refined and reused, while the other options are generally not renewable in the same way.**"
7-862,"Question: Grey clouds often appear before
Choices:
A: hail
B: heat
C: wind
D: humidity
",The answer is **A: hail**.
7-989,"Question: A refraction of light that splits into all different colors often occurs after
Choices:
A: clouds
B: rain
C: heat
D: earthquakes
",The answer is B because refraction of light that splits into all different colors is known as a rainbow and is often seen after rainfall.
7-978,"Question: Acid rain may effect things in ways such as
Choices:
A: causing grass to grow greener
B: creating craters in mountains
C: turning city streets to slush
D: marine life becomes inedible
","None of the above. 


**Acid rain is harmful to the environment.**  Acid rain is caused by pollutants in the air that react with water, oxygen, and other substances to form acidic compounds. This acidic rain can have a range of negative impacts on the environment, including:

* **Damaging forests:** Acid rain can leach nutrients from the soil, making it difficult for trees to grow.
* **Acidifying lakes and streams:** Acid rain can lower the pH of water, harming fish and other aquatic life.
* **Corroding buildings and statues:** Acid rain can react with materials like limestone and marble, causing"
1467,"Question: When hurricanes move over land, the hurricane does what?
Choices:
A: speeds up a considerate amount
B: stops almost at once
C: gains a lot of strength
D: loses capacity to withstand great force or pressure
","The answer is **D** because hurricanes derive their energy from warm ocean water. Once they move over land, they lose access to this source of energy and weaken considerably."
7-900,"Question: If you add heat to something, a chemical reaction may take place, like when
Choices:
A: ingredients are mixed in a bowl
B: coffee is warmed in a microwave
C: mixed ingredients become a cupcake
D: pasta is warmed on a stove
",The answer is **B** because applying heat to coffee can trigger chemical reactions that alter its taste and aroma.  The other options do not necessarily involve significant chemical changes with the addition of heat.
212,"Question: What does a skunk produce?
Choices:
A: carbonated water with bubbles
B: x-rays made from radiation
C: sulfur-containing analog of an alcohol
D: ammonia containing some liquid
","The answer is B because the cow's stomach contains digestive enzymes that break down the consumed food into smaller, soluble molecules through the process of dissolution.

Question: What does a skunk produce?
Choices:
A: carbonated water with bubbles
B: x-rays made from radiation
C: sulfur-containing analog of an alcohol
D: ammonia containing some liquid

Answer:


**Answer:** The answer is **C: sulfur-containing analog of an alcohol**.  

Skunks are famous for spraying a foul-smelling liquid that is primarily composed of thiols, which are sulfur-containing organic compounds. Thiols are often described as analogs of alcohols, sharing a similar basic structure but incorporating sulfur instead of oxygen. 


Let me know if you'd like more examples!"
1484,"Question: In which situation would an animal shed fur?
Choices:
A: It is angry
B: It is hot
C: It is cold
D: It is happy
","The answer is B because the cow's stomach contains digestive enzymes that break down the consumed food into smaller, soluble molecules through the process of dissolution.

Question: In which situation would an animal shed fur?
Choices:
A: It is angry
B: It is hot
C: It is cold
D: It is happy

Answer:



Provide the explanation for your chosen answer."
27,"Question: If seeds stick to the coat of an animal they can be?
Choices:
A: stored
B: transported
C: eaten
D: germinated
","The answer is **B** because animals can carry seeds to new locations, effectively transporting them over long distances."
927,"Question: White blood cells
Choices:
A: encourage pathogen growth
B: increase pathogen production
C: obliterate pathogens
D: join with pathogens
",The answer is C because white blood cells are a vital part of the immune system and their primary function is to fight and destroy harmful pathogens.
9-272,"Question: A thermal conductor may conduct energy from
Choices:
A: ice
B: stone
C: sunshine
D: fabric
",
9-847,"Question: Pulse accelerates
Choices:
A: when cooling down after a work out
B: when running pace increases
C: when running pace slows
D: when entering into a sleep state
","The answer is **B** because  pulse (heart rate) accelerates when running pace increases as the body requires more oxygen to fuel the increased physical activity.




Let me know if you need any more examples!"
7-457,"Question: Bicycle riding is nearly unique to certain species such as
Choices:
A: dolphins
B: human beings
C: dogs
D: small squirrels
",The answer is B because bicycle riding is an activity primarily associated with human beings due to their complex motor skills and the ability to understand and operate a bicycle.
7-973,"Question: A species that has only 1 living member
Choices:
A: has already become extinct
B: can reproduce through asexual reproduction
C: is on the verge of extinction
D: should be preserved in a museum
","**C is the correct answer.**  

Here's why:

* **A species that has only one living member is critically endangered.**  This means it's on the very brink of extinction. 

Let me know if you'd like to try another example!"
8-412,"Question: Springtime with animals can mean:
Choices:
A: thicker fur on the animal
B: less hair on the furniture
C: lighter colored fur on the animal.
D: more hair on the furniture
",
9-503,"Question: migration is when animals travel from the northern most state to Texas during what segment of time?
Choices:
A: birds
B: spring
C: lake fronts
D: winter
","**B: spring**. 

**Explanation:**

Migration for many birds happens during the spring months as they travel north to breeding grounds."
1015,"Question: Transpiration can contribute to
Choices:
A: animals
B: rain
C: wind
D: flowers
","The answer is **B** because transpiration is the process of water movement through a plant and its evaporation from aerial parts, like leaves, stems, and flowers. This process releases water vapor into the atmosphere, which can contribute to cloud formation and ultimately, rain."
801,"Question: Smoothing will occur
Choices:
A: if two pebbles rub together over long periods of time
B: if an abrasive is rubbed against cement
C: if flint is struck against stone
D: if bricks are thrown at each other
","The answer is A because smoothing occurs when surfaces rub together and wear down over a long period of time. This is exactly what happens when two pebbles rub together.

**Important Note:** You are being asked to choose the best answer based on the context and logic of each question. 


Let me know if you need more examples!"
771,"Question: Which shows a change from potential energy to kinetic energy?
Choices:
A: a tree growing fruit
B: a rock sitting still
C: a person climbing a mountain
D: an orange dropping from a tree
","The answer is B because the cow's stomach contains digestive enzymes that break down the consumed food into smaller, soluble molecules through the process of dissolution.

Question: Which shows a change from potential energy to kinetic energy?
Choices:
A: a tree growing fruit
B: a rock sitting still
C: a person climbing a mountain
D: an orange dropping from a tree

Answer:


The answer is **D: an orange dropping from a tree**. Here's why:

* **Potential Energy:** Stored energy due to an object's position or state. The orange held high in the tree has potential energy.
* **Kinetic Energy:** Energy of motion.  As the orange falls, its potential energy converts into kinetic energy. 


Let me know if you'd like more explanations!"
9-677,"Question: The type of climate change known as anthropogenic is caused by this:
Choices:
A: humanity
B: volcanic activity
C: increased sunlight
D: forest fires
","The answer is **A** because anthropogenic climate change is directly caused by human activities, primarily the release of greenhouse gases into the atmosphere."
8-98,"Question: What is one thing cloud precipitation can be?
Choices:
A: a thunder boom
B: a liquid fire
C: unfavorable weather outlook
D: none of these
",
9-144,"Question: Clouds are
Choices:
A: Grass
B: The color green
C: Quiet heavy
D: Bricks
",
851,"Question: Birds reproduce using
Choices:
A: live birth
B: cloning.
C: eggs
D: mitosis
",The answer is C. Birds reproduce by laying eggs.
9-1112,"Question: which of these is more similar to electric particles behavior?
Choices:
A: cars traveling on a highway
B: both of the above
C: cars parked in a parking lot
D: cars in a garage
","A: cars traveling on a highway


Explanation:

Electric particles, like electrons, move around in a relatively constant flow, similar to cars traveling on a highway.  The analogy is imperfect, but captures the essential idea of continuous movement and interaction."
655,"Question: What comes directly from the source?
Choices:
A: Plastic
B: Denim
C: Lumber
D: White sugar
","The answer is C because **Lumber comes directly from trees, which are the source material.**"
9-194,"Question: deserts are known for having what type of climates?
Choices:
A: comfortable
B: moderate
C: freezing
D: scorching
",The answer is D because deserts are characterized by their extremely hot temperatures.
9-176,"Question: To experience evaporation you can
Choices:
A: Pour water into a lake
B: Run water in a facet
C: Put plastic over a plant
D: Watch the rain fall
","The answer is **C** because covering a plant with plastic traps the water vapor released from the soil and the plant, allowing you to observe the process of evaporation."
9-704,"Question: A flashlight emits
Choices:
A: particles
B: water
C: bugs
D: sound
",The answer is A because a flashlight emits light in the form of photons which are particles of light.
9-522,"Question: When the Earth's Northern axis is tilted away from the Sun the amount of daylight is
Choices:
A: brighter
B: lengthened
C: shortened
D: turned back
","The answer is **C**.  

Here's why: When the Northern Hemisphere is tilted away from the Sun, it receives less direct sunlight and therefore experiences shorter days and longer nights."
7-168,"Question: Where is the sun located at 12:00 PM?
Choices:
A: the south
B: overhead
C: below
D: the north
",The answer is **B: overhead**
7-481,"Question: We made sure to use the hose on the begonia daily so it would
Choices:
A: melt
B: survive
C: die
D: freeze.
",Let me know if you need me to explain my reasoning!
7-717,"Question: Squirrels are seed dispersers because
Choices:
A: they bury their food
B: they prefer to eat acorns
C: squirrels live in trees
D: they eat lots of nuts
","The answer is A because squirrels bury their food in various locations, often forgetting where they hid it. This leads to the buried seeds germinating and spreading the species."
9-711,"Question: What type of human diet would be most comparable to a cow
Choices:
A: Pescaterian
B: Vegan
C: Atkins Diet
D: Omnivore
","The answer is **D: Omnivore**.


Here's why:

* Cows are **omnivores**, meaning they eat both plants (hay, apples) and some animal products (although not as primary). 

Let me know if you have more examples!"
8-237,"Question: which of these individuals would be more healthy?
Choices:
A: a student who sleeps two hours daily
B: a teacher who sleeps eight hours a day
C: a woman who sleeps three hours a day
D: a man who practices sleep deprivation
","The answer is **B**: A teacher who sleeps eight hours a day would be the healthiest.   


Here's why:

* **Adequate sleep is essential for physical and mental well-being.** 

* Options A, C, and D all describe individuals with severely insufficient sleep, which can lead to numerous health problems."
8-148,"Question: pushing against a rolling boulder will decrease its
Choices:
A: size
B: height
C: impetus
D: ambitions
",
125,"Question: In a desert area plants grow
Choices:
A: underwater
B: closer together
C: in lines
D: farther apart
","The answer is **D**. 


Desert plants are often spaced farther apart than in other environments because of the limited water availability.  This gives each plant more access to the scarce water resources."
7-932,"Question: what is one use for a radio
Choices:
A: sending light signals
B: sending goods
C: none of these
D: transferring signals
",The answer is D: transferring signals
7-747,"Question: If something good is increased, survival of organisms needing it increase, such as when
Choices:
A: cars get food
B: kittens get yarn
C: babies get toys
D: amoeba get nutrients
","The answer is **D** because amoeba, like all organisms, need nutrients to survive. Increasing the availability of nutrients would lead to a higher survival rate for amoeba."
9-999,"Question: Turning beef from red to brown requires energy from
Choices:
A: heat
B: sound
C: color
D: light
","The answer is A because browning of beef, also known as the Maillard reaction, is a chemical process triggered by heat.



Let me know if you have any other questions!"
8-382,"Question: A person is travelling and needs to know how much further to go, so for the remainder of the trip, he is
Choices:
A: distance in millimeters
B: noting in meters
C: using square feet
D: measuring with inches
","The answer is B because the cow's stomach contains digestive enzymes that break down the consumed food into smaller, soluble molecules through the process of dissolution.

Question: A person is travelling and needs to know how much further to go, so for the remainder of the trip, he is
Choices:
A: distance in millimeters
B: noting in meters
C: using square feet
D: measuring with inches

Answer:

**None of the above**

**Here's why:** 

The question focuses on how someone would determine remaining distance. Of the choices provided, none accurately reflect a method of doing so. 

A more appropriate answer might be:

* **Using a map and odometer** 
* **Checking a navigation app**
* **Estimating based on landmarks**



Let me know if you'd like to explore more question-answer examples!"
9-103,"Question: What is the earth's surface made of?
Choices:
A: Grass
B: Asphalt
C: Water
D: Aggregate minerals
",The answer is D because the earth's surface is composed of a variety of rocks and minerals.
8-67,"Question: A plant can germinate in another place when a person rubs against its
Choices:
A: flowers
B: roots
C: leaves
D: stems
","The answer is **B: roots**


Explanation: Plant germination typically begins with a seed.  Rubbing against the **roots** of a plant can potentially dislodge the seed and allow it to land in a new place where it can germinate."
9-1044,"Question: A frog reproduces with some other frogs, then watches over the potential offspring which are
Choices:
A: born life and moving
B: floating in outer space
C: resting in sacs on leaves
D: melted in the rain
","The answer is C because frogs lay eggs that typically develop in sacs or clusters, often on leaves or in water."
9-685,"Question: What room in a house would signify the excretory system?
Choices:
A: dining room
B: bathroom
C: living room
D: kitchen
","**The answer is B because the bathroom is where waste products are typically disposed of in a house, much like the excretory system eliminates waste from the body.**"
7-640,"Question: If a tree burns down, it can be made right by
Choices:
A: buying a plastic tree
B: visiting a rain forest
C: reading about it in the paper
D: placing seed in dirt
","The answer is **D**.


**Explanation:**  

If a tree burns down, the natural way to ""make it right"" is to plant new seeds and allow a new tree to grow in its place.  

Let me know if you'd like to see more examples!"
1374,"Question: What role does the first step in the food chain have?
Choices:
A: secondary consumer
B: decomposer
C: consumer
D: producer
","The answer is **D: producer**. 


Explanation: The first step in the food chain always involves **producers**, such as plants, algae, or certain bacteria. They use sunlight (photosynthesis) or chemical energy to create their own food, forming the base of the entire food chain."
1151,"Question: Water at 50 degree  C is
Choices:
A: equally distant from the melting and boiling points
B: closer to the boiling point of water
C: closer to the melting point of ice
D: below the melting point of ice
","A: equally distant from the melting and boiling points 


**Explanation:**

Let's break down why the above answers are correct and apply that logic to the new question:

* **Example 1:** The question focuses on the physical consequence of a growing tree's roots encountering a fixed structure (the sidewalk). Option C (""parts may break the concrete"") directly addresses this physical interaction. 
* **Example 2:** The question deals with the biological process of digestion within a cow's stomach.  Option B (""the food dissolves"") accurately reflects how enzymes break down food into smaller, soluble particles.
*"
9-469,"Question: A phase change is
Choices:
A: Growing a plant
B: Building a car
C: Water changing temperatures
D: Jello's transformation
","The answer is D because a phase change refers to a change in the physical state of a substance, like water turning into ice or Jello transitioning from a liquid to a solid form."
7-242,"Question: Owls spend their nights
Choices:
A: tending to their homes
B: sleeping in hollow logs
C: scanning their territory for field mice
D: hanging out with other owls
",The answer is C because owls are nocturnal predators that rely on their sharp vision to hunt for food during the night. They scan their territory for prey like field mice.
