id,text,rationale
8-376,"Question: Frilled sharks and angler fish live far beneath the surface of the ocean, which is why they are known as
Choices:
A: Deep sea animals
B: fish
C: Long Sea Fish
D: Far Sea Animals
","The answer is A because frilled sharks and anglerfish are animals that live in water, which is beneath the surface of the ocean.  Their bodies are covered in scales, which allow them to move around effectively."
7-57,"Question: Gas can fill any container it is given, and liquid
Choices:
A: is standard weight and size
B: is the opposite of variable
C: only needs a few
D: uses what it needs
",[Your Answer Here]
7-1024,"Question: When birds migrate south for the winter, they do it because
Choices:
A: they are genetically called to
B: their children ask for them to
C: it is important to their happiness
D: they decide to each year
",**Rationale:** The answer is A because birds migrate primarily to warmer climates to find food and better living conditions.  Their journey south helps them to reach these goals.
959,"Question: If a person walks in the opposite direction of a compass arrow they are walking
Choices:
A: west
B: north
C: east
D: south
",**Rationale: The answer is B because north is opposite to west in the compass system.**  Walking in the opposite direction of a compass arrow is directly opposite to the direction the arrow is pointing.
9-241,"Question: An example of lots kinetic energy would be
Choices:
A: Drinking a cold glass of water
B: A snail moving across the sidewalk
C: sitting without moving anywhere
D: An aircraft taking a trip
",## Rationale:
1953,"Question: Which organism cannot specialize?
Choices:
A: mammal
B: plant
C: fish
D: protozoa
","The answer is A because mammals, like all living organisms, are capable of producing and using specialized organs for various purposes, such as eyes, which allow them to perceive and record visual information. However, these organs are not designed to perform any specific function, and thus, cannot be used to produce a specialized product, such as a microscope or a compass, requiring further development."
7-97,"Question: A person can grow cabbage in January with the help of what product?
Choices:
A: Green house
B: Parliment
C: Congress
D: White house
",The answer is A because a greenhouse provides a controlled environment that can be used to grow vegetables like cabbage.
8-422,"Question: A frog, in winter, will burrow itself into soft mud, until it freezes, then in the spring
Choices:
A: it melts, because it is warm-blooded
B: it unfreezes, because it is cold-blooded
C: it remains frozen until it dies
D: it dies, because it is warm-blooded
","The answer is A because frogs are ectothermic, meaning they rely on external sources like the sun to regulate their body temperature.  When they burrow into mud, they are essentially trying to create a body of warm water that will freeze instantly."
142,"Question: Which describes the size of an object?
Choices:
A: It attracts all metals
B: It is a sphere
C: It is red and purple
D: It holds 500 mL of water
","The answer is A because an object that is described in terms of mass, size, and material composition is likely made of a solid, dense material like iron or steel.  These materials are typically made of metal, giving them enhanced strength and hardness."
7-921,"Question: A body may find its temperature to be lowered after
Choices:
A: water is heated up
B: fluid spreads from pores
C: the air becomes arid
D: the sky stays bright
",[Your Rationale Here]
8-22,"Question: If a person enjoys long, sunny days their favorite month would be
Choices:
A: October
B: July
C: April
D: March
",Let me know if you'd like me to try and answer the rationale for the third example. I'll need to consider factors like the Earth's tilt and revolution around the sun to give a precise answer.
9-1039,"Question: An example of data collection is
Choices:
A: Deleting case files on the computer
B: Touching evidence without gloves
C: speaking with a witness
D: Throwing documents in the trash
",Let me know if you'd like to explore more examples!
739,"Question: An animal can hunt by cracking open a
Choices:
A: claw
B: house
C: shell
D: bone
","The answer is A because animals can hunt by cracking open a claw, which is a part of their body.  This allows the animal to access the food inside the claw."
7-684,"Question: Oil is a nonrenewable resource which tells us that when
Choices:
A: it can be remade
B: it can be found in other places
C: there is an endless supply
D: the final barrel is gone, there supply is finished
","**Rationale: The answer is A because nonrenewable resources are those that cannot be replenished at a rate comparable to their consumption. Oil is formed from the remains of ancient organisms over millions of years, this process takes a long time and cannot be replenished at a rate comparable to its consumption.**"
8-9,"Question: Magma contains
Choices:
A: particles of iron
B: Loads of leaves
C: Soda
D: Silly Putty
","**Rationale: The answer is A because magma is molten rock with extremely high temperatures, which are primarily caused by the presence of iron particles.**"
9-1126,"Question: Dew is formed when what condenses?
Choices:
A: carbon dioxide
B: warm air
C: H2O haze
D: oxygen
","**Rationale: The answer is C because water vapor in the **air**, also known as ""haze,"" can lead to the formation of water droplets when it evaporates from the air.**"
7-316,"Question: The Earth revolving around the sun can cause
Choices:
A: constellations to appear in one place in spring and another in fall
B: the stars to rotate diagonally in the sky
C: earth's axis to be widened
D: stars to fade as winter approaches
","The answer is D because as the Earth spins, it receives varying amounts of sunlight throughout the year, causing the stars to appear in different parts of the sky throughout the year. This is similar to how a camera lens captures different angles of light from different angles, creating a consistent source of light and image."
9-106,"Question: Plants need light for
Choices:
A: love
B: glucose
C: reading
D: driving
","**Rationale: The answer is B because plants need light for photosynthesis, which is the process by which they convert light energy into chemical energy.**"
9-900,"Question: Tunnels
Choices:
A: lead to less impacted soil
B: pact down soil to make it denser
C: firm up the ground
D: help prevent the effects of erosion
",Let me know if you'd like me to help with more examples!
9-902,"Question: A fire starts in a wide, open field and catches onto a forest. The fire started even though people were far away from the woods. A potential cause for the start of it could have been
Choices:
A: wind
B: sand
C: stones
D: storms
",Let me know if you'd like help with more examples!
7-1139,"Question: To have a positive impact of the environment
Choices:
A: use Styrofoam plates and bowls
B: use more paper towels
C: salvage plastic bottles instead of throwing them away
D: drive a car that guzzles gas
",Let me know if you need help with more examples!
529,"Question: Taking shorter showers leads to
Choices:
A: water shortages for the local environment
B: increased energy consumption by the water heater
C: an empty water heater
D: less energy used by the water heater
",**Rationale: The answer is B because shorter showers require more water from the water heater to power the heater and keep the water heater running.**
231,"Question: Roads present danger to animals because
Choices:
A: only chickens can cross the road
B: people driving cars might be unaware the animal is close by
C: road signs are hard to read
D: cops will stop them for speeding
","The answer is D because cops will often ticket drivers for exceeding the legal speed limit, which is the basis for a potential police intervention to prevent animals from being hit by vehicles."
9-472,"Question: plant requires what for photosynthesis
Choices:
A: light that changes color
B: light from our closest star
C: the reflection of something shiny
D: light reflected from our orbiting rock
","The answer is B because photosynthesis requires light from the Sun, which is a star.  The closest star, the Sun, is classified as a white dwarf star, and therefore, reflects light in a uniform color."
7-606,"Question: Winter solstice occurs on a day when
Choices:
A: the sun is brightest
B: the sun is eclipsed
C: the moon is full
D: the darkness is greatest
","The answer is B because the winter solstice marks the day with the least amount of daylight in the northern hemisphere. This is due to the Earth's tilt and its revolution around the sun, which causes the sun to appear smaller in the sky. This results in less sunshine reaching the ground and therefore, a smaller amount of sunlight reaching the moon's surface, leading to a smaller amount of sunlight reaching the ground and therefore, a smaller amount of sunlight reaching the moon's surface. This results in a smaller amount of sunlight reaching the moon's surface, resulting in a smaller amount of sunlight reaching the moon's surface, resulting in a smaller amount of sunlight reaching the moon's surface, resulting in a smaller amount of sunlight reaching the moon's surface. This is why the moon is ""full""."
230,"Question: What boils at the boiling point?
Choices:
A: Kool-Aid
B: Cotton
C: Paper towel
D: Hair
","The answer is C because paper towels are made from materials that undergo thermal decomposition at the boiling point, meaning they lose heat and become liquid."
7-131,"Question: When vapor condenses overnight it often ends up on
Choices:
A: bees
B: clothing
C: rosebuds
D: people
","The answer is D because when vapor in the **air** coalesces into water droplets, it often ends up on people's skin, which is a common place for people to find vapor."
7-847,"Question: Which is a good source of nutrients for a mushroom?
Choices:
A: a trotting horse
B: a roaring lion
C: a cut peony
D: a flying eagle
","The answer is C because a flying eagle is known to eat and digest plants, including those with seeds. This ability allows the eagle to obtain the nutrients it needs to grow and thrive."
8-162,"Question: which of these animal's habitat is peat likely to be found?
Choices:
A: a dog's habitat
B: a cat's habitat
C: a human's habitat
D: an alligator's habitat
","The answer is B because cat's habitats are typically characterized by a mixture of different types of animals living in close proximity to one another. Peat is a type of soil often composed of different types of plants and animals. Therefore, it is a natural part of a cat's habitat."
7-289,"Question: A strawberry is in zero way a true berry because it
Choices:
A: has seeds outside the flesh, unlike the blueberry
B: is unable to spread its seed
C: is a different color than other berries
D: is too wet inside
",Let me know if you need help with more examples!
1565,"Question: The epidermis is part of
Choices:
A: is the largest organ and also the body's first defense against germs
B: is used the second largest organ and used for breathing by humans
C: soaks in toxins in the air
D: repels sunlight and UV rays
",**Rationale: The answer is A because the epidermis is the layer of skin beneath the epidermis and is responsible for protecting the body from infection.**
1981,"Question: Alligators
Choices:
A: eat gar
B: eat only foliage
C: have live births
D: are warm-blooded
","Alligators are reptiles that primarily consume fish and other marine animals, such as algae and some bacteria.  They are not typically herbivores and therefore do not primarily consume plants."
670,"Question: What might occur during an experiment
Choices:
A: severe oxygen depletion in the atmosphere
B: layers of the ozone disintegrating
C: midterm exams for math class
D: solution overflowing from a beaker
","**The answer is A because during an experiment, oxygen in the atmosphere can react with water vapor in the liquid water, forming carbon dioxide and water vapor, resulting in the production of heat, which is what we see as the bubbles rising from the beaker.**"
7-915,"Question: Frogs are unable to give live birth, and their eggs are soft, unlike other eggs, in fact
Choices:
A: frog eggs are sour
B: frog eggs are transparent
C: frog eggs are yellow
D: frog eggs are hollow
","The answer is A because frogs are amphibians that lay eggs that develop externally (outside the mother's body), and frog eggs are typically made of materials like algae or other aquatic plants that cannot develop into live young.  Their eggs, therefore, are not formed by the fusion of eggs and other components that would be necessary to give birth to live young."
8-38,"Question: A woman wants to figure out what renewable resources she can use in order to be more environmentally friendly and sufficient. She decides to use all of these resources that are renewable, with the exception of the one nonrenewable, which is
Choices:
A: sunlight
B: aluminium
C: wood
D: water
",Let me know if you'd like more examples!
7-512,"Question: Cocoon creation occurs
Choices:
A: after the caterpillar stage
B: after the chrysalis stage
C: after the eggs are laid
D: after the cocoon emerging stage
","The answer is A because the process of creating a cocoon involves the transformation of a single cell into a complex mature form. This involves a change in the composition of the cell's outer membrane, indicating a stage change."
353,"Question: Where would animals shiver the most?
Choices:
A: Arctic Circle
B: Sumatra
C: Java
D: tropical rainforest
","The answer is A because the Arctic Circle is known for its extremely cold temperatures, which cause animals to shiver the most because they are most susceptible to heat stroke and death during these temperatures."
1061,"Question: In the desert it was harder to find a
Choices:
A: stream
B: cactus
C: dry bed
D: canyon
",**Rationale:** The answer is **C** because the desert is known for its arid climates and low rainfall amounts.  Deserts are known for their arid climates and low rainfall amounts.
9-108,"Question: Why can an Owl retain it's body temperature during the winter?
Choices:
A: It's neither
B: It's both
C: It's cold blooded
D: It's warm blooded
","**Rationale:** The answer is A because owls are ectothermic, meaning they rely on external sources like the sun to regulate their body temperature. Their body temperature will therefore remain stable until the sun is again visible in the sky."
1282,"Question: What is the source of energy for physical cycles on Earth?
Choices:
A: clouds that are heavy with rain
B: a thinner ozone layer
C: a medium-sized star which our planet orbits
D: heat from stars at night
","The answer is B because the Earth, like all planets, revolves around the Sun. The Sun is the primary source of energy for our physical cycles."
9-634,"Question: Pasteurization reduces the amount of bacteria in
Choices:
A: green tea
B: cheddar cheese
C: orange juice
D: almond milk
","The answer is C because orange juice is typically made from oranges, which are a type of bacteria-friendly food.  Pasteurization kills harmful bacteria that may be present in the food."
9-805,"Question: A person is trapped in a cabin while it storms outside. The person knows it is storming because of
Choices:
A: the precipitation
B: the sun
C: the sea
D: the stars
",Let me know if you'd like me to help with more examples!
1324,"Question: Which would best store new whale offspring?
Choices:
A: large egg carton
B: large aquarium
C: bag
D: mud hole
","The answer is A because a large egg carton provides a secure and protected environment for the young whales to live in, ensuring they have a safe and suitable place to live."
9-753,"Question: All the deer in one area moved away. This could be because
Choices:
A: They wanted to go to Disneyland
B: The deer went for a walk and got lost
C: all the trees had died from disease and fell down
D: They wanted to live where there were move wolves to keep them company
","The answer is C because if all the trees in an area have died from disease and fallen down, the deer will not have enough food sources and will be unable to survive. This will lead to them moving to find a new area to live."
7-620,"Question: An herbivore like a giraffe will only consume
Choices:
A: green matter
B: sticks
C: algae
D: cheese
","**Rationale: The answer is C because giraffes are herbivores, meaning they primarily consume plants, and algae are a type of plant.**"
1715,"Question: Climate change has sped up dramatically because
Choices:
A: CO2 production has accelerated
B: a rapid decline the production of carbon dioxide
C: oxygen levels have spiked
D: Fe has been present in an overabundance
","The answer is A because climate change is primarily caused by the increase in greenhouse gas emissions, which are the primary driver of rapid changes in the Earth's surface.  CO2 production has accelerated due to the Earth's tilt and its revolution around the sun, leading to an increase in greenhouse gas emissions."
721,"Question: What is most necessary for a  bitcoin operation
Choices:
A: abacus
B: metal
C: plastic
D: wood
","The answer is B because metal is a good conductor of electricity, making it essential for a bitcoin operation."
9-989,"Question: If something is outside during the day what will it receive?
Choices:
A: food
B: sunbeams
C: energy
D: water
",**Rationale: **
7-191,"Question: A turtle may lay six eggs, and a sea turtle may lay a hundred eggs, and
Choices:
A: turtles will hatch more
B: sea turtles will hatch more
C: animals can lay eggs
D: turtles are warm blooded
",[YOUR ANSWER]
7-1028,"Question: Squirrels store acorns
Choices:
A: they build their homes from them
B: they use them to keep warm
C: to have nourishment thru the cold months
D: because they like the aesthetic
",The answer is B because squirrels use acorns as a food source for their young when they are in the cold months. This helps the young squirrels have a consistent source of food when they are scarce.
1343,"Question: Plant growth may be positively affected by
Choices:
A: extra rainfall
B: freezing temperatures
C: increase in pests
D: long droughts
","The answer is A because plants need water for photosynthesis, nutrient uptake, and other essential biological processes.  When water levels are higher, plant growth is generally better."
7-114,"Question: An electric car uses less gasoline than a regular car because
Choices:
A: parts of the engine are flawed
B: gas is unable to be used
C: electricity is more expensive
D: power is prioritized over gas
","The answer is D because electric cars produce their energy from electricity, which is more expensive than gasoline. This means that power is prioritized over gas consumption, resulting in less fuel being burned to produce energy."
7-384,"Question: Revolution happens when
Choices:
A: Earth orbits the moon
B: Mars orbits the sun
C: the sun orbits the Earth
D: the Earth's moon orbits Mars
","The answer is C because the moon completes approximately one revolution around the Earth every 27.3 days. This is regardless of the season, so the moon completes approximately one revolution around the Earth regardless of the season."
391,"Question: An organism's requirements and its survival rate have what kind of relationship?
Choices:
A: indirect
B: direct
C: inverse
D: reverse
","The answer is A because organisms with more requirements (e.g., more energy, more complex structures, etc.) are more likely to survive and reproduce."
7-1148,"Question: Pumpkin pie spice comes from
Choices:
A: animals
B: plants
C: rocks
D: air
","The answer is D because pumpkin pie spice is derived from the dried, roasted seeds of a plant, which are processed into a substance that has the taste and texture of a pie.**"
7-1069,"Question: Were the situation to be that all zebra were sterile,
Choices:
A: zebra would be endangered
B: zebra would be overpopulated
C: zebra would have babies
D: zebra would die out
",Let's break down why the answer is A:
702,"Question: An example of a seasonal change that a furry animal might adopt could be similar to:
Choices:
A: A pumpkin growing seeds internally
B: A store setting up their Christmas displays
C: A man looking for breakfast after many hours without food
D: humans pulling out their heavy outerwear
","The answer is A because some animals, like rabbits, have the ability to produce seeds inside their bodies through a process called **metamorphosis**. This involves the transformation of a plant's seeds into a new form, often resembling a pumpkin."
9-1081,"Question: What could be used as an electrical conductor
Choices:
A: A penny
B: Shoe laces
C: Wood
D: A button
","The answer is B because shoe laces are made from materials that allow electricity to flow through them, making them good conductors of electricity."
9-115,"Question: How does ice wedging cause rocks to crack?
Choices:
A: releasing gas
B: melting down
C: being cold
D: growth in openings
","The answer is C because when water freezes, it expands. In the case of ice, this expansion can put pressure on the rock, eventually causing the rock to crack."
1303,"Question: Fossils are formed when what happens?
Choices:
A: layers of leaves and pebbles form a pile
B: layers of sand are washed up on a beach
C: dirt builds up in the outdoors
D: various types of dirt accumulate over something eventually
","**The answer is A because fossils are formed when organic remains, like leaves and pebbles, are gradually replaced by minerals over millions of years. This process is called sedimentation.**"
1177,"Question: When going in the basement, it's better to have a laser than a
Choices:
A: flashlight
B: light bulb
C: radio
D: TV
",Let me know if you'd like me to help with more examples!
8-195,"Question: Some areas are known for experiencing all four seasons, and winter is one of those seasons. During said season, one may partake in activities such as
Choices:
A: swimming
B: leaf peeping
C: sledding
D: surfing
",Let me know if you'd like to explore more examples!
1212,"Question: What can show that loss of resources has a negative impact on the organisms in an area?
Choices:
A: lakes dry up and fish species are less varied
B: when prey is overhunted, predators die
C: deer need plenty of space to live
D: sharks need to eat a lot of fish in order to survive
","The answer is C because when prey is overhunted, predators die. This means the area loses its natural predators and the population of fish in that area decreases. This is a direct result of resource loss."
701,"Question: What vehicle would you use to travel on the majority of the surface of the planet on which we live?
Choices:
A: Bike
B: Boat
C: Train
D: Car
","The answer is C because cars are commonly used to transport people and goods, especially in urban areas.  They are often used to power heavy machinery, such as buses, that travel on the majority of the planet's surface."
536,"Question: A bear's fur and duck's feathers both help the animal survive by
Choices:
A: providing water
B: providing food
C: providing warmth
D: providing oxygen
","Answer: B because both bear's and duck's feathers are used to create barriers that repel water and trap heat, ensuring the animal's survival and ensuring its body heat doesn't build up."
539,"Question: When would the sun set later?
Choices:
A: Christmas
B: Presidents day
C: Independence Day
D: Halloween
","**Rationale:** The answer is D because Halloween is a winter holiday that occurs in the summer months.  It is the shortest day of the year and occurs on a Friday or Saturday night. The sun sets earlier on cooler days, so the sun is more likely to set earlier on Halloween."
9-851,"Question: If a species population increases in the birth rate has
Choices:
A: ceased
B: boomed
C: stalled
D: fallen
","The answer is A because if a species population increases in the birth rate, it means that it is growing. This growth is primarily due to increased reproduction, which is the process of creating new offspring.  If the population increases, it means that there are more of these offspring.  If the population falls, it means that there are fewer of these offspring."
1408,"Question: What's an example of the idea that if one mineral can scratch another mineral then that other mineral is softer than that one mineral?
Choices:
A: diamonds can be smashed by rocks
B: diamond cuts into glass
C: steel is harder than stone
D: diamonds are harder than diamonds
","The answer is D because diamonds are naturally harder than diamonds, meaning they are made of a harder material called stone.  This hardness makes them more resistant to scratching, making them harder to break."
9-280,"Question: What is a source of energy?
Choices:
A: bricks
B: grease
C: cars
D: dirt
",The answer is D because dirt is a form of energy that can be harnessed from the Earth's surface through geological processes to produce electricity.
8-457,"Question: If a farmland up the hill gets rainfall, what could happen to lower lands?
Choices:
A: all of these
B: they could get fertilizer washed to them
C: they could experience unfavorable chemical change in their lands
D: they could have their lands poisoned
",Let me know if you need help with any other rationales!
7-1196,"Question: In order for a journal to be produced, it first requires
Choices:
A: matter which is typically written on
B: an incredible amount of fame
C: enough money to buy a house
D: lucky text written on trees
","Let me know if you'd like me to help explain why ""A: matter which is typically written on"" is the best answer!"
1277,"Question: What is an example of a raw material being something that comes directly from a source?
Choices:
A: cats from a shelter
B: birds from a nest
C: manure from a field
D: salt water from the ocean
","The answer is C because raw materials derived from organic matter, such as manure, are considered organic matter and do not require cooking or processing to change their chemical composition.  They can be used directly as a source of nutrients or as a component in chemical reactions."
933,"Question: A source of sugar in an ecosystem is
Choices:
A: air
B: soil
C: tree
D: bird
","[YOUR ANSWER] The answer is C because trees, like all plants, produce sugar as a byproduct of photosynthesis. This sugar is then processed by the digestive system and excreted as waste into the environment."
607,"Question: A mark of adulthood common in most species is
Choices:
A: paying bills
B: reproduction
C: fighting
D: death
","The answer is **B** because reproduction is a function of sexual maturity in animals, and animals generally reach adulthood by developing traits that allow them to reproduce.  The mark of adulthood is a physical characteristic that can be passed down from parents to offspring through genes."
7-844,"Question: Bill decided the wolf was a predator after he saw it eat the
Choices:
A: apple
B: grass
C: bunny
D: pie
",[Your Rationale Here]
7-1191,"Question: Layers of the earth include all but
Choices:
A: mantle
B: center
C: crust
D: inner core
","**Rationale:** The answer is **A** because the Earth's interior is primarily composed of rocks and metals, forming a solid, dense core and mantle.  These layers are not directly related to the concept of layers."
9-513,"Question: What core ingredient of red pasta sauce comes from a flower?
Choices:
A: Tomato
B: Bell Pepper
C: Oregano
D: Onion
","The answer is C because red pasta sauce is primarily made from tomatoes, which are plants, not flowers."
7-605,"Question: If something were to be melted, it would be heated above its melting point, like
Choices:
A: putting peas in a soup
B: putting jello in warm water
C: putting ice in the freezer
D: cooking up cookie dough
",Let me know if you'd like to see more examples!
9-1192,"Question: carbon dioxide plays the same role in plants that oxygen plays in animals
Choices:
A: this is accurate
B: all of these
C: maybe true
D: this is untrue
","The answer is A because carbon dioxide is the gas that plants produce, and plants need oxygen to produce glucose (a type of sugar) and other nutrients.**"
7-324,"Question: As far as plants go, considering their growth, it is unlikely that they would do well in
Choices:
A: a large patio setting
B: a humid, open greenhouse
C: a damp patch of earth
D: a basement without windows
","The rationale is that plants need sunlight to produce glucose (a type of sugar) and other nutrients to fuel their growth.  A patio setting provides the necessary sunlight, but it is not a typical or optimal environment for plant growth."
68,"Question: What is likely to be the most direct result of offshore oil leaking?
Choices:
A: oil pollutes cities
B: oil harms ocean life
C: oil ruins farmland
D: oil harms forests
","The answer is B because offshore oil is extracted from the ocean, which is a part of the Earth's atmosphere and therefore can harm ocean life through direct contamination."
633,"Question: An individual can conserve by
Choices:
A: recycling and using gasoline
B: recycling and using natural gas
C: recycling and using solar
D: recycling and using coal
","The answer is D because recycling and using coal, a fossil fuel, is a natural and renewable resource that can be harnessed to generate electricity and other energy. This process is considered renewable because it produces no greenhouse gases or other pollutants."
136,"Question: Which is the slowest to move through water?
Choices:
A: swan
B: duck
C: robin
D: goose
","The answer is C because robins are birds, and birds are known for their inability to move quickly through water.  Their wings are too heavy and they need to move quickly through the water to reach food."
7-946,"Question: Bats have many quirks, with the exception of
Choices:
A: using echolocation
B: laying eggs
C: hanging upside down
D: eating bugs
","**Rationale:** The answer is A because bats are known for their ability to navigate and hunt by emitting sound waves and interpreting the returning echoes to determine the location, size, and movement of objects around them, such as insects.  They are also known for their unique feeding behavior: bats consume insects and other small animals, such as insects and other animals, while they are still alive."
7-139,"Question: Organic food is currently considered best for people because
Choices:
A: they avoid using bug killers when grown
B: they have more vitamins
C: they use pesticide when growing
D: they are higher in fiber
","The answer is C because organic food is produced using organic methods, which do not use pesticides or other chemicals to kill bugs.  They rely on natural pest control methods, such as insects and fungi, for pest control."
8-101,"Question: A horse eats some hay, an apple and a sugar cube, then peacefully roams a field after eating while digesting the meal. During this time
Choices:
A: the horse throws up
B: the food is deconstructed
C: the horse is hungry
D: the food is poisoned
","**Rationale:** The answer is B because the horse's stomach and intestines are still working, and the sugar cube is likely made up of carbohydrates that the horse cannot break down. This is why the horse is ""hungry""."
9-193,"Question: Who would be healthier?
Choices:
A: a night owl
B: an party animal
C: a heavy sleeper
D: a workaholic
",Here's the rationale for the third example:
1253,"Question: When you get farther from water, the water vapor in the air will ______.
Choices:
A: increase
B: decrease
C: condense
D: form clouds
","**Rationale: The answer is A because as you get further from water, the water vapor in the air will decrease in volume, forming clouds.**"
1252,"Question: What is a good example of camouflage?
Choices:
A: when a creature adjusts the shape and color of its body to appear as something else
B: when a rabbit hides in a patch of grass
C: when a cat presses its body flat to the ground to hide
D: when a fish swims with a large group of fish to hide itself
","The answer is C because when a fish swims with a large group of fish, it is trying to camouflage itself by blending in with its surroundings. This is similar to how a rabbit adjusts the shape of its body to appear as something else."
8-322,"Question: plants are the source of
Choices:
A: turkeys
B: tomatoes
C: cows
D: chickens
","The answer is D because plants are the primary producers in most ecosystems, including those with chickens. Chickens are known to eat plants, including tomatoes."
875,"Question: As they are immobile, what is an example of how animal life helps the reproduction cycle of plants?
Choices:
A: squirrels dropping seeds
B: birds building nests
C: human lumber industry
D: bugs eating leaves
","The answer is B because birds building nests helps to disperse seeds over longer distances, ensuring they can be dispersed and passed down the generations. This helps the reproduction cycle of plants."
9-961,"Question: Living things can all
Choices:
A: reproduce asexually
B: create a progeny
C: produce spores
D: find mates
",Let me know if you need more examples!
9-290,"Question: Stopped means lack of what?
Choices:
A: warmth
B: velocity
C: height
D: plants
",Let me know if you need more examples!
829,"Question: Where did Puppigerus live?
Choices:
A: bog
B: ocean
C: land
D: marsh
","The answer is D because marsh is a coastal body of water, and coastal animals often live in close proximity to water.  Puppigerus is a type of animal that typically lives in water, and therefore might have lived in marsh."
9-305,"Question: The circulatory system brings oxygen to the body from where?
Choices:
A: The chest
B: The brain
C: The feet
D: The stomach
","The answer is D because the stomach is where the digestive system is located, and the digestive system is responsible for breaking down food (stomach contents) and delivering oxygen to the body."
7-1036,"Question: A renewable resource is used to produce
Choices:
A: petroleum
B: plastic rulers
C: notebook paper
D: Styrofoam plates
","The answer is C because notebook paper is derived from plant materials like wood, which are processed into a substance called Styrofoam. This process produces a product, not necessarily a renewable resource."
854,"Question: Which relationship involves inheritance?
Choices:
A: teacher-student
B: mother-daughter
C: grandmother-grandfather
D: friends
",Let me know if you need more examples!
368,"Question: A source of heat at the resort is the
Choices:
A: jacuzzi
B: pool
C: chair
D: umbrella
",Let me know if you need more examples!
7-291,"Question: A car engine usually uses combustion to convert this into a motion and heat.
Choices:
A: animal products
B: plant materials
C: oil products
D: solar energy
",Let me know if you need help with more examples!
1158,"Question: When turned on, which product cannot convert electrical energy into light energy?
Choices:
A: chandelier
B: charger
C: floor lamp
D: Christmas tree lights
","The answer is A because a chandelier is designed to produce light energy from electrical energy, not light energy from light energy.  It relies on converting electrical energy into light energy, which is what light energy is."
8-481,"Question: A pelican is hungry, so decides to try to catch some fish. In order to do this, the pelican will
Choices:
A: use the back of its head
B: use the bottom of its stomach
C: use the front of its face
D: use the back of its tail
","The answer is A because the pelican will use its beak to reach into its stomach and extract fish food, essentially using its nose to fish.  This is called siphoning. The rationale is that the pelican can use its beak to reach into its stomach and extract fish food because it has a siphon located in its head."
8-331,"Question: A magnetic effect could pull two rocks together if they're
Choices:
A: lacking magnetic properties and far apart
B: shaped similarly and touching
C: lacking magnetic properties and touching
D: both magnetic and at any distance
",The answer is D because both the magnetic field and the force of attraction between the rocks are defined by the force of gravity. This force acts over a distance without requiring physical contact between the rocks.
9-435,"Question: Refraction can easily be witnessed in
Choices:
A: concrete walls
B: fake diamonds
C: Christmas ornaments
D: a tree
","The answer is C because trees, like all plants, are typically made of materials with varying refractive indices, which means they bend light as it passes through them. This phenomenon is known as refraction."
8-86,"Question: A man is trying to describe a single vat of juice he has. He needs the best way to tell his friend about the object, so he says
Choices:
A: 20 meters of juice
B: 20 vats of juice
C: 20 ounces of juice
D: 20 feet of juice
",The answer is A because 20 meters of juice represents one vat of juice.  It is approximately equal to 20 ounces.
7-698,"Question: plant life is completely dependent on what?
Choices:
A: buying some good food
B: creating self sustenance food
C: food given to it
D: food at the store
","The answer is B because plants, like all living organisms, require food from the sun to produce their own energy and survive. This food is stored in the form of photosynthetic organisms called ""self-sustenance"" which are then consumed by the rest of the world."
7-951,"Question: To prevent illness
Choices:
A: properly heat hamburgers and steaks
B: thaw chicken on uncovered counter tops
C: eat raw cookie dough
D: hamburger meat should stay pink
",The answer is A because heating hamburgers and steaks to a safe internal temperature kills harmful bacteria that can cause food poisoning.
7-524,"Question: An island can sprout up from seemingly suddenly because
Choices:
A: underwater volcanoes are invisible
B: underwater volcanoes are hidden
C: lava is hot enough to burn
D: volcanoes have a lot of magma
","The answer is C because lava is molten rock with extremely high temperatures, capable of forming islands."
452,"Question: When water freezes, that water
Choices:
A: heats up by at least 10 degrees
B: undergoes a change opposite to compressor
C: takes up less space
D: breaks into little pieces
","**Rationale: The answer is D because when water freezes, it expands. In the case of ice, this expansion can put significant pressure on the walls of the container, eventually causing the water to break into little pieces.**"
692,"Question: Where might you find the substance used to make the shiny metallic foil paper used in cooking?
Choices:
A: Clouds
B: Rocks
C: Wood
D: Leaves
","**Rationale:** The answer is C because leaves are often made from plant materials like aluminum or steel, which are processed into a substance called ""aluminum foil"" to make them shiny and cookable."
1525,"Question: What increases the number of pollinators a flower will attract?
Choices:
A: The amount of petals
B: The amount of of fragrance the flower has
C: The height of the stem
D: The amount of leaves on the stem
","The answer is C because flowers with more leaves on the stem will have more nectar, which is essential for pollinators."
1305,"Question: You can get Vitamin D from
Choices:
A: vegetable oil
B: greek yogurt
C: gumdrops
D: bottled water
","**Rationale: The answer is A because greek yogurt is a dairy product, and dairy products are often fortified with vitamins like D and E.**"
7-380,"Question: Chloroplasts exist in plants and can be located by knowing where
Choices:
A: how many petals most plants have
B: food is stored in plants
C: the greenest part of a plant is
D: if a plant has a thick stem
","**Rationale: The answer is A because chloroplasts are the organelles responsible for photosynthesis, the process by which plants produce their own food and grow. This organelles are typically found in the green part of a plant, which is the stem and branches.**"
375,"Question: Sunlight transfers heat energy to
Choices:
A: the star from which scorpions get their name
B: the planet named after the Roman god of sea
C: the largest star in the galaxy
D: the hottest star in the galaxy
","The answer is B because scorpions are known to inhabit the frigid, icy planet Neptune, which is the largest star in the galaxy. Neptune is the primary source of sunlight and heat for Earth."
7-2,"Question: Humans swim in the liquid form of
Choices:
A: steam
B: air
C: oxygen
D: carbon
",The answer is D because humans breathe out carbon dioxide as a byproduct of cellular respiration.
8-396,"Question: What can keep you moisturized other than water?
Choices:
A: Crackers
B: Sour Cream
C: cucumbers
D: Cheese
","The answer is C because cucumbers are plants, and plants are known for their ability to produce moisture-rich seeds. This ability to produce moisture is what allows you to maintain your moisture and prevent dehydration."
9-499,"Question: Which of these items can a human move by pedal power?
Choices:
A: unicycle
B: canoe
C: car
D: sled
","The answer is A because a unicycle can be moved by pedal power, allowing the rider to change the direction of the bicycle."
9-1048,"Question: It takes the Earth one year to go around the sun. It takes the moon how long to make one revolution around our planet?
Choices:
A: 2 months
B: 30 days
C: 2 years
D: a decade
","The answer is A because it takes the Earth approximately one year to complete one full orbit around the Sun, which is the definition of a revolution. The moon, being much smaller than the Earth, completes approximately half of its journey around the Sun in a year. This is regardless of the season, so it takes the moon approximately 30 days to complete one full orbit around the Sun."
7-504,"Question: Birds with more angular beaks
Choices:
A: will hate any birds with rounded beaks
B: may chow down on different grub than birds with rounded beaks
C: will eat the exact same diet as all other birds
D: may have more trouble eating than other birds
","**Rationale:** The answer is D because birds with more angular beaks are likely to have a different diet than birds with rounded beaks.  Their primary food source is insects and other small animals, such as grubs."
698,"Question: What might be the natural habitat of a small creature known for making a noise by scraping limbs together?
Choices:
A: Among Birches
B: Amid the snow
C: In a barn
D: In the ocean
","The answer is **A** because scraped limbs together creates a sound wave, which is a characteristic sound of birds."
9-526,"Question: Human planet that is orbited by what?
Choices:
A: stars
B: moon
C: the ocean
D: sun
","The answer is A because the moon is Earth's natural satellite and orbits our planet at a relatively close distance. Stars, while not as massive as the moon, are often much closer and thus appear larger when seen from Earth."
50,"Question: A change in the Earth is
Choices:
A: a person's hair growing
B: a wooded area appearing on land that was once part of the ocean
C: a wooded area existing next to an ocean
D: the moon moving around the Earth
","The answer is C because a wooded area appearing on land that was once part of the ocean is now landlocked, meaning it is not accessible to humans unless they travel to the ocean."
7-1054,"Question: Some vapor is condensing now because it has less
Choices:
A: gas
B: heat
C: water
D: steam
","**Answer: D because as steam evaporates from the Earth's surface, it loses heat energy and changes into a liquid state, water.**"
9-888,"Question: Herbivores contribute to the same type of plants they eat when:
Choices:
A: they drink
B: they eat  animals
C: they trample them
D: they die
","The answer is C because herbivores often eat fruits and berries, which are plants, not animals. When herbivores trample these plants, they often inadvertently pick up seeds that can be transported to new areas and lead to new plant growth, contributing to the same type of plants."
150,"Question: What converts electrical energy into light energy in a light bulb?
Choices:
A: the light switch
B: the glass bulb
C: the metal filament
D: none
","The answer is D because the metal filament in a light bulb heats up, converting electrical energy into light energy."
9-101,"Question: A person wants to turn on their fan to cool down their room. In order to do this, they will have to
Choices:
A: plug it in
B: spin a wire
C: make some noise
D: turn it off
",Let me know if you'd like me to help you out with any other examples!
9-1111,"Question: A river can disappear over a period of time?
Choices:
A: this is uncertain
B: this is sure
C: all of these
D: maybe
",---
8-235,"Question: A temperature in the negatives during the night got slightly less negative during the day, which means it got more
Choices:
A: cold
B: positive
C: negative
D: unpredictable
","**Rationale:** The answer is A because the temperature in the negatives during the night is likely to be lower than during the day. This is due to the Earth's tilt and its revolution around the sun, which causes different parts of the planet to receive varying amounts of sunlight throughout the night."
7-494,"Question: Corn is eaten by
Choices:
A: homo sapiens and frogs
B: people and jungle monkeys
C: homo sapiens and deer
D: deer and Bengal tigers
","The answer is A because corn is a plant-based food that humans primarily consume through the consumption of animals, such as frogs.  Corn is a common part of their diet."
1456,"Question: What is natural gas?
Choices:
A: a way to gain some warmth by combustion
B: warming up by sunlight
C: slowly heating to a boiling point
D: burning a high fever
","The answer is C because natural gas is a liquid that has a relatively low boiling point, meaning it will not heat up to a high fever.  It is therefore used as a fuel for cooking and heating purposes."
1723,"Question: Decomposition
Choices:
A: can make dead organisms rise anew like a phoenix
B: is a process completed by predators
C: can act as a fertilizer for wild flowers
D: is extremely detrimental to the surrounding flora
","**Answer:** A because decomposition is the process by which dead organisms can be broken down by microorganisms and other natural forces. This decomposition can be aided by the activity of predators, which can often find and consume dead organisms as a source of nutrients.**"
1275,"Question: Sunlight
Choices:
A: makes car steering wheels hard to handle in the summer
B: means your pets need sweaters when outdoors
C: causes ice to refreeze
D: cools down the water in local ponds
",Let me know if you need help with more examples!
1083,"Question: Science fact: a cavern is formed by carbonic acid in groundwater seeping through rock and dissolving
Choices:
A: sedimentary rock which is  composed mainly of skeletal fragments of marine organisms such as coral, forams and molluscs,
B: metamorphic rocks that are formed under the surface of the earth from the metamorphosis,
C: igneous rocks which are formed when magma  cools and hardens or
D: artist who play the music genre called rock and roll.
",Let me know if you'd like to explore more question-answer-rationale examples!
239,"Question: Deer entered the city
Choices:
A: to look for people
B: less food in the wilderness
C: because coyotes chased them
D: they have become confused
","The answer is C because deer often eat fruits and berries in the wilderness, which are not available to humans in the city. This is a natural predator-prey relationship."
9-1105,"Question: the hourly totals of sunshine are directly connect to
Choices:
A: tides
B: seasons
C: altitude
D: weather
","**Rationale:** The answer is B because the sun's energy is directly proportional to the Earth's tilt and revolution around the sun, which directly relates to the amount of sunlight reaching the Earth."
9-277,"Question: Remora fish
Choices:
A: attach themselves to boats like barnacles
B: act as a support system during a shark's reproduction cycle
C: are exclusively kelp and seaweed eaters
D: act as a clean up crew for a shark's crumbs
",Let me know if you need help with the rationale for the third example.
9-59,"Question: A plant root growing into rock cracks is an example of what?
Choices:
A: boiling
B: warm weather
C: evaporation
D: abrasion
",The answer is C because boiling water can cause plant roots to grow and form rock cracks through the process of evaporation.
9-299,"Question: What does the earth orbit that causes the seasons to change?
Choices:
A: plasma star
B: venus
C: mercury
D: pluto
","**Rationale:** The answer is D because the Earth orbits around the sun, which is a plasma star. The tilt of the Earth's axis as it orbits around the sun causes the changing seasons."
7-596,"Question: There are metals which will always point north such as
Choices:
A: Fe
B: nickel
C: gold
D: silver
","The answer is D because silver is a metal with a magnetic field that always points north.  This field has magnetic poles, and nickel is a metal with a magnetic field that always points south."
7-254,"Question: A white environment is likely to be found
Choices:
A: in a forest
B: on a mountain
C: in a desert
D: in the ocean
",Let me know if you'd like more examples!
1398,"Question: One step in creating an alternative fuel is
Choices:
A: coal miners looking for coal
B: gold being sifted from dirt
C: growing crops of corn
D: drilling for fossil fuels
",Let me know if you'd like more examples!
7-810,"Question: So many environments receive large amounts of rain, though an exception is
Choices:
A: the Sahara
B: the great plains
C: the rain-forest
D: Seattle
","The answer is B because the Great Plains are known for their vast expanses of grasslands, which receive a large amount of rain due to their location near the equator."
7-207,"Question: Taking a fingernail and pressing it to salt will show
Choices:
A: it is dry
B: it is wet
C: it is malleable
D: it is salty
","The answer is C because pressing a fingernail to salt will cause it to become softer, making it easier to press and measure its volume. This property is known as malleability."
8-230,"Question: why would a mouse run away from a cat?
Choices:
A: to get the cat some milk
B: to avoid becoming lunch
C: to avoid paying its debt
D: all of these
",Let's break down why the answer is **A**.
7-15,"Question: A golden eagle will hunt using its talons to collect
Choices:
A: groupers
B: berries
C: bears
D: humans
","The answer is A because eagles are known to be attracted to and often gather food using their sharp talons, similar to how groupers are attracted to fish."
8-47,"Question: which of these would most likely reject a really nice burger?
Choices:
A: a hungry student who loves burgers
B: a woman visiting a fast food joint
C: a teacher on his lunch break
D: a potted plant in the office
","The answer is B because a woman visiting a fast food joint would likely find a way to criticize the quality of a burger, especially if it is too expensive or lacking in nutritional value.  While a hungry student might enjoy a burger, he or she would likely not spend much time or effort examining the nutritional value of a fast food joint."
1368,"Question: The Grand Canyon was formed by the Colorado river by what?
Choices:
A: horses pulling carts directing the water
B: the passage of time
C: humans making great efforts
D: the addition of dams
","The answer is B because the Grand Canyon was not formed by the passage of time, but rather through the erosive power of the Colorado River.  The river's erosive power is responsible for carving out the basins of the Grand Canyon."
1201,"Question: Earth rotating on its axis
Choices:
A: causes stars to die out
B: causes the moon to loss gravitational pull
C: causes Orion to seemingly change position in the sky
D: causes the Sun to rotate
","The answer is C because the Earth's rotation is continuous, causing the moon's gravitational pull to decrease or fluctuate, causing it to lose gravitational pull. This is similar to how a spinning top, which is constantly rotating, loses gravitational pull as it spins."
1372,"Question: The next moon phase after a solar eclipse is
Choices:
A: first quarter
B: full moon
C: third quarter
D: super moon
","The answer is C because the moon's phases are opposite to those of the Earth's. This means the moon is waxing crescent, and the Earth is waxing gibbous. The super moon, being a new moon, is not yet capable of producing a significant amount of heat and would not be considered a significant change in the moon's phase."
7-623,"Question: If someone is dying of thirst, they can hydrate by
Choices:
A: drink acid
B: visiting a valley
C: find snow
D: catching rain
",[Your Rationale Here]
1691,"Question: Magnets may be attracted to
Choices:
A: clay pots
B: roofing nails
C: paper plates
D: plastic cutlery
","Magnets may be attracted to **B** because roofing nails are often made of metal, which is a good conductor of electricity."
164,"Question: Of the following household items, which is recyclable?
Choices:
A: cooking oil
B: banana peel
C: paint
D: soda can
","The answer is B because banana peels are recyclable because they can be processed and transformed into new products, reducing waste and conserving resources."
79,"Question: If a lot of people have forgotten about a product, the amount of money made by the person selling it will be
Choices:
A: much higher
B: unchanged
C: rising slowly
D: lower than before
","**Rationale: The answer is A because if a lot of people have forgotten about a product, it means it hasn't been popular enough to generate a lot of money.**"
9-1159,"Question: What can you find in a forest
Choices:
A: A car
B: Hogwarts
C: A unicorn
D: remedies
",Let me know if you need more examples!
7-1166,"Question: Animals without teeth sometimes eat
Choices:
A: seeds
B: bears
C: humans
D: whales
","The answer is D because whales, like other animals, have teeth but they do not eat fish, including whales themselves.  They primarily eat fish and other marine animals."
7-33,"Question: What creates a valley?
Choices:
A: feet
B: rock
C: water
D: sand
",The answer is D because sand is a solid material that can be transported by flowing water. This movement of water can carve out valleys through the erosive power of gravity.
9-643,"Question: What is the largest organ of the human body?
Choices:
A: kidneys
B: the heart
C: epidermis
D: liver
",**Rationale: The answer is A because the kidneys are responsible for filtering waste products from the blood and excreting waste products as waste into the urine.**
9-426,"Question: What eats other organisms?
Choices:
A: trees
B: ingestors
C: blood
D: water
",[END]
85,"Question: What becomes smoother through weathering?
Choices:
A: rainbow
B: water
C: cat
D: pumice
","The answer is B because water molecules have a slightly positive and slightly negative end, making them polar. This polarity allows water to move through water channels more easily, leading to smoother surfaces."
220,"Question: The element that heats toast is an example of:
Choices:
A: a semi-conductor?
B: a thermal insulator
C: a poor conductor
D: a thermal conductor
","The answer is **A** because semi-conductor metals like iron and steel are excellent conductors of heat.  They allow heat to transfer through them easily, making them excellent for heating toast."
522,"Question: Ice can fall down as
Choices:
A: sleet and hail
B: ice cubes
C: rain
D: glaciers
","**Rationale:** The answer is D because glaciers are formed from frozen water, and sleet is formed from frozen water droplets.  Both are forms of ice."
9-545,"Question: nest sitting is left up to the
Choices:
A: daddy
B: the embryo's creator
C: strangers
D: male siblings
","The answer is D because the question states ""nest sitting is left up to the..."" which implies that it is a natural behavior for birds. However, the question does not specify the rationale for this behavior.  It is possible that the answer is D because the question states ""nest sitting is left up to the..."" which implies that birds are actively choosing to nest in certain locations but not necessarily choosing mates or parents. This suggests that the behavior is more likely influenced by genetics or social factors."
8-64,"Question: The insect's cocoon being created occurs during the
Choices:
A: adult stage in a life cycle
B: egg formation in a life cycle
C: stage when wings first start to form
D: final stage in a life cycle
",The answer is **A** because the insect's cocoon is primarily formed during the adult stage of its life cycle when it is made of eggs.  This is when the insect's wings are fully developed and the insect can fly.
9-1098,"Question: Rocks sometimes contain what?
Choices:
A: element Al
B: books
C: wind
D: fire
","**Rationale:** The answer is C because rocks are often made from the remains of ancient organisms that lived millions of years ago. These organisms may have been plants, animals, or fungi."
1105,"Question: What happens to a cat's fur in the summer?
Choices:
A: The fur becomes darker
B: The fur becomes more dense
C: It becomes less dense
D: It stays the same density
","The answer is C because in the summer months, when the cat's fur is most dense, it retains the heat from its body and turns it into heat, maintaining its body temperature. This process is called evaporative cooling."
1764,"Question: After evaporation water becomes
Choices:
A: ocean
B: snow
C: groundwater
D: ice caps
",**Rationale: The answer is D because evaporation from water vapor is a process that changes into ice.**
128,"Question: A magnet will stick to which of the following?
Choices:
A: indium
B: diamond
C: wood
D: hydrochloric acid
",[Your Answer Here]
9-351,"Question: Hypothermia will set in under which conditions:
Choices:
A: while exposed to harsh winds in a polar region
B: while stranded deep in a swap
C: while swimming in tropical seas.
D: while exposed to direct sunlight on a tropical island
","**Rationale: The answer is A because hypothermia is caused by the inability of the body to regulate its internal body temperature due to the decrease in heat energy. This results in a state of low body temperature, often referred to as hypothermia.**"
7-867,"Question: A black wall reflects little light, a pink wall reflects pink light a while wall
Choices:
A: bounces little light
B: bounces all light
C: bounces blue light
D: bounces red light
","The answer is A because black walls reflect light from the ground, which is primarily pink."
9-1054,"Question: Rocks may be rounded by
Choices:
A: photosynthesis
B: audio feedback
C: hydro-erosion
D: Cloudy conditions
","**Rationale:** The answer is C because rocks are typically made up of grains, and grains can be broken down by physical forces like wind and water to form smaller particles. This process is called hydro-erosion."
9-1097,"Question: What do octopuses release to blind predators?
Choices:
A: meat
B: water
C: dark pigment
D: plants
","The answer is C because octopuses release a cloud of ink to confuse predators and allow them to escape. This helps them camouflage against the backdrop of stationary objects like rocks and shells, making it harder for predators to spot them while they search for food.**"
1557,"Question: Which decreases visibility while driving?
Choices:
A: opening the sunroof
B: spraying windshield fluid
C: adjusting side mirrors.
D: turning on headlights
","The answer is D because turning on headlights increases the amount of light reflecting off the road ahead, which can decrease visibility while driving."
9-684,"Question: What contains moons?
Choices:
A: ships
B: space mass
C: people
D: plants
","The answer is D because plants, like all living organisms, contain cells that are made up of components that include moon-shaped structures called **molecules**.  These structures are essential for plant growth and are responsible for the photosynthetic process, which converts light energy into chemical energy."
8-444,"Question: What would be used to measure the substance which historically the Dutch and other farmers used to power the blades on the structure which moves water from low to highlands?
Choices:
A: anemometer
B: magnetometer
C: manometer
D: thermometer
","The answer is A because anemometers are instruments specifically designed to measure weight, and the blades which move water in the lowlands would be used to measure the amount of weight, thus allowing farmers to determine the amount of water flowing through their turbines."
8-456,"Question: What is it called when h20 falls from a fluffy object to land on the top of cloth suspended on a rod?
Choices:
A: mechanization
B: evaporation
C: precipitation
D: transpiration
","The answer is C because when h20 falls from a fluffy object to land on the top of cloth, it is not simply vapor that falls but rather a liquid that has undergone a phase change and transformed into a new substance. This process is known as transpiration."
9-798,"Question: What animal can live without oxygen
Choices:
A: shark
B: Loriciferans
C: platypus
D: Turtle
",**Rationale: The answer is D because turtles are reptiles known for their inability to breathe oxygen as they move around underwater.**
9-571,"Question: An inherited characteristic present in a baby is
Choices:
A: number of ears
B: birth date
C: birth weight
D: number of siblings
",**Here's the rationale for the third example:**
8-440,"Question: if your shoe changes form at a certain heat level, what can that be described as?
Choices:
A: none of these
B: the liquid content of the shoe
C: the melting range of that item
D: the visual design of the shoe
","The answer is C because the melting range of an object's surface is determined by its atomic structure and the amount of heat energy it contains.  When a shoe changes form from a solid to a liquid state, the heat energy stored in the original solid material is converted into light energy, causing the change."
8-326,"Question: Which would be the product of a solid that was brought above its melting point?
Choices:
A: water turning into ice
B: iron turning to rust
C: tadpoles turning into frogs
D: glacier turning into water
",Let me know if you need help with any other rationales!
9-800,"Question: A beaver is going to experience a long winter in the upcoming months. The beaver knows that the weather is changing, so it begins to eat more and more food, knowing that it can survive meager months by being
Choices:
A: overweight
B: weighted
C: underweight
D: starved
",[YOUR ANSWER HERE]
9-151,"Question: Lighting a candle will cause the candle to
Choices:
A: combust
B: petrify
C: float
D: yell
",[Your Rationale Here]
1734,"Question: Vaccines
Choices:
A: are only necessary for immuno-comprised people
B: help prevent outbreaks of once dormant diseases
C: provide little protection against diseases
D: are unimportant and under researched
","**Rationale: The answer is A because vaccines are designed to introduce a weakened or inactive form of a virus, like the measles virus, to the body. This helps the immune system develop immunity against the actual disease.**"
1708,"Question: Jim wanted baby chickens so he gathered eggs and used a
Choices:
A: lamp
B: ice cube
C: refrigerator
D: snow
",**Rationale: The answer is A because Jim wanted baby chickens so he gathered eggs and used a lamp to illuminate the eggs.**
9-329,"Question: Nerves are used to feel what on the skin?
Choices:
A: creativity
B: stares
C: emotions
D: coldness
","The answer is D because ""nerves"" are the nervous system's sensory system, which allows us to perceive physical sensations and texture. The coldness of the skin is a sensation that is often described as having a ""cold"" feeling."
7-556,"Question: Substances may be combined by the pouring of one into another, for example when
Choices:
A: filling up a tub
B: putting a lemon in water
C: adding grenadine to soda
D: putting food in a bowl
",The answer is C because grenadine is a mixture of ingredients which when poured into water creates a solution that is both liquids and solids at the same time. This is a classic example of a simple chemical reaction that results in a visible change.
7-535,"Question: Viewing stars is made easier by
Choices:
A: technology that uses electromagnetic induction
B: technology that collects electromagnetic radiation
C: technology that picks up sound in space
D: technology that transforms kinetic energy
","The answer is A because  viewing stars requires the use of light, and light from the stars emits a beam of light and heat that can be seen and understood as light.  The technology used to view the stars also allows astronomers to observe and record the stars' vibrations, which are then converted into sound."
7-949,"Question: Sugar may increase the sweetness of a dish such as in
Choices:
A: lasagna
B: corn
C: fettuccine
D: churros
",[Your Answer Here]
483,"Question: A person could get in trouble for doing what in a protected environment?
Choices:
A: volunteering
B: hunting
C: studying the environment
D: working
","The answer is C because studying the environment involves observing and examining the natural world, which is a protected environment.  Hunting and gathering are activities that can lead to legal trouble if done in a harmful or destructive manner."
8-158,"Question: A winter storm is ravaging a city, so weather advisories are put out to the public. However, a man still need to get to work on time, so he takes his car on the highway. While driving, he discovers
Choices:
A: the roads are clear
B: it is difficult to see
C: the car is very hot
D: the streets are empty
",[YOUR ANSWER HERE]
1637,"Question: The southern and northern hemisphere's seasons are opposite each other, so when the northern hemisphere is having it's longest day, it's the southern hemisphere's
Choices:
A: winter solstice
B: fall equinox
C: summer solstice
D: spring equinox
","The answer is B because the southern hemisphere's summer solstice, which occurs in June, is the shortest day of the year and often marked by the least amount of daylight. This means that when the northern hemisphere is having its longest day, it's the southern hemisphere that's getting the most sunlight."
855,"Question: What does photosynthesis require
Choices:
A: a daffodil to absorb rays of Sol
B: a torrential amount of rainfall
C: a bee to pollinate the bud
D: a tree to absorb argon
","The answer is A because photosynthesis requires sunlight, and a daffodil is a type of flower, which produces its own sunlight. A torrential amount of rainfall, therefore, is necessary to provide the necessary sunlight and energy to the plant."
9-250,"Question: which of these would disturb a standing body of water?
Choices:
A: a boat setting sail
B: an insect flying hundred feet above
C: a rock tossed in
D: A and B above
","The answer is D because a rock tossed in the water would create waves and cause the water to move, potentially causing harm to the body of water."
790,"Question: There are twenty-four new seasons in
Choices:
A: six years
B: four years
C: five years
D: two years
","The answer is C because there are twenty-four new seasons in a year, which is the same as 24 hours, which is the amount of time it takes for a season to form."
9-143,"Question: We are trying to use air as sources of energy because there is an infinite amount of it, same with water. These are two examples of
Choices:
A: Coal sources
B: Fossil Fuels
C: Limited resources
D: Renewable resources
","**Rationale: The answer is B because fossil fuels are formed from ancient organic matter over millions of years, which is a finite resource.**"
1348,"Question: Which is recyclable
Choices:
A: fiberglass
B: soda can
C: Styrofoam food container
D: motor oil
","The answer is C because Styrofoam food containers are typically made from recyclable materials like aluminum or plastic.  These materials can be processed and transformed into new products, reducing waste and conserving resources. Motor oil, being a fossil fuel, is not recyclable."
941,"Question: If two blocks have unequal mass, which will speed up the most with a common force applied
Choices:
A: neither move
B: The heavier
C: equal
D: The lighter
",[Your Answer Here]
7-957,"Question: Sea turtles share space with
Choices:
A: geckos
B: catfish
C: sea weed
D: river otters
",[Your Answer Here]
9-838,"Question: More sunlight will be absorbed by
Choices:
A: a rose with tiny leaves
B: a daisy with thin, short leaves
C: a peony with wide, smooth leaves
D: a daffodil with curled leaves
","The answer is B because daisies are plants, and plants need sunlight for photosynthesis, the process by which they convert light energy into chemical energy to fuel their growth. Thin, short leaves provide the necessary pathway for the plant to travel."
8-12,"Question: Some fish species, when hunting, will lurk in the shallowest portions of water and actually leave the water in order to capture prey. These fish are able to hunt in this fashion after years of
Choices:
A: training in a school
B: adapting to their needs
C: adapting to new music
D: wishing for it to work
","The rationale is that the fish are trying to mimic the behavior of real fish, which often times they will catch prey in the shallowest parts of the water. This allows the fish to catch more prey and survive."
8-198,"Question: if a person had one of these, they could live permanently under water
Choices:
A: a very long nose
B: two hands and two legs
C: a very big mouth
D: a gill for extracting gases
",[YOUR ANSWER]
1578,"Question: Storms lead to
Choices:
A: an increase in water temperature
B: an uptick in local ponds fish supply
C: an increase in issues from drought conditions
D: an uptick in local ponds water level
",Let me know if you'd like me to help with more examples!
6,"Question: What is the ultimate source of greeting cards?
Choices:
A: deserts
B: waterfalls
C: forests
D: canyons
","The answer is B because waterfalls are the source of many greeting cards, including those produced by companies like Greeting Cards Inc. and United States Postal Service."
9-1002,"Question: Which animal is known to have many learned behaviors?
Choices:
A: sea park dolphins
B: saltwater crocodiles
C: aquarium fish
D: plains buffaloes
","The answer is C because many animals, like fish and other marine animals, have learned behaviors that allow them to interact with their environment and survive. This ability to learn and adapt can be a key part of their survival strategy."
9-1004,"Question: The stars in the night sky make a yearly
Choices:
A: donation
B: resolve
C: restructuring
D: revolution
","The answer is D because the stars in the night sky, like the Earth's moon and stars, revolve around the sun, which is a fundamental concept in our understanding of the solar system. This year, the moon will complete one full orbit around the Sun, a revolution around the sun."
7-305,"Question: A predator such as a hawk may kill prey by
Choices:
A: batting with a paw
B: clutching in its talons
C: using a strong wing
D: eating a rat's claw
","**Rationale: The answer is A because hawks are known to use their sharp talons to tear flesh from their prey, including rat's claws.**"
9-211,"Question: What is it called when a cell converts oxygen and carbohydrates into carbon dioxide, water, and energy?
Choices:
A: adaptation
B: breathing
C: food transformation
D: catabolic reactions
","The answer is **A: adaptation** because the process of converting oxygen and carbohydrates into carbon dioxide, water, and energy involves changes in chemical composition. Oxygen is broken down by the enzyme O2A and transformed into carbon dioxide, water, and energy. The other options are not chemical transformations but rather metabolic processes that require energy from the stored chemical bonds and produce carbon dioxide as a byproduct."
9-4,"Question: A plant stem contains a system of tubes for transporting water and nutrients to
Choices:
A: the sun
B: the hive mind
C: its neighbors
D: itself
","The answer is B because the stem of a plant contains a network of tubes called **xylem** that acts as a system of tubes, transporting water and nutrients from the roots upwards to the rest of the plant.  This system of tubes is called a **hive mind**."
1445,"Question: What is an example of a change in the Earth?
Choices:
A: an expanse of water turning to forested land
B: a duck living in the woods
C: a forest growing larger
D: a river flowing strongly
","The answer is A because an expanse of water, due to climate change or something else, can change into a forested landmass.  This is a significant alteration to the Earth's surface."
8-465,"Question: when it turns day and night on a planet, what cause this?
Choices:
A: the sun goes to take a rest in a different place
B: the world itself spins, causing it
C: the moon causes this to happen
D: the planet puts off the lights
","The answer is A because the moon's gravitational pull influences the Earth's rotation, causing the sun to take a rest in a different place. This is known as a lunar eclipse."
1847,"Question: Environments which are forested are often green; what is an example of this?
Choices:
A: a thriving jungle canopy
B: a dry, sandy desert
C: a snowy icy glacier
D: a cold, empty mountaintop
",[Your Answer Here]
645,"Question: Why might a person fall asleep after being lost in a forest on a freezing cold day?
Choices:
A: energy levels decrease
B: energy levels increase
C: They live there
D: A big meal.
","The answer is C because when a person falls asleep, their body temperature rises. This higher body temperature can cause them to perspire more, which can lead to an increase in body heat, which can then lead to them overheating and potential heatstroke."
1629,"Question: What do city-dwellers eat?
Choices:
A: dirt
B: rocks
C: Ohio State
D: crops
","The answer is C because Ohio State is a major producer of crops, including corn, wheat, and barley. These crops are then processed into energy by consuming animals, contributing to a healthy and diverse environment."
8-214,"Question: What does a tuna have that causes it to swim faster than a seahorse?
Choices:
A: Lower body temperature
B: Bigger scales
C: Bigger fins
D: Thicker caudal fin
","The answer is **B** because tuna is known for its lighter, more flexible body weight, which allows it to move faster while swimming.  Its larger scales, therefore, provide more surface area to allow for better propulsion."
7-419,"Question: Pollinators are attracted to
Choices:
A: mild smells
B: strong personalities
C: weak scents
D: strong aromas
",[Your Answer Here]
9-680,"Question: Leaves play an important role in photosynthesis by being
Choices:
A: a receptacle for solar energy
B: a receptacle for oxygen
C: a release point for carbon dioxide
D: a go between for the exchange of information
","The answer is D because leaves, like all plants, contain chloroplasts, which are responsible for photosynthesis. During photosynthesis, they absorb carbon dioxide from the air and release oxygen as a byproduct."
8-104,"Question: A man wants to create a room that he can light up with the flick of a switch. To do this, he sends some electricity into a completed electrical circuit, through a conductor, which allows
Choices:
A: light from the sun to shine
B: lights to be burned out
C: sunlight to shine through bulbs
D: his plan to succeed
",Let me know if you need help with any other examples!
1653,"Question: The inventor of pasteurization also worked on
Choices:
A: vaccinations
B: telephones
C: automobiles
D: electricity
","**Rationale: The answer is C because pasteurization is the process of heating food to a high temperature, which involves applying heat to the surface of the food, which causes the proteins to denature and rearrange.**"
1566,"Question: Lemonade tastes like
Choices:
A: citrus
B: bananas
C: apples
D: strawberries
","**Rationale:** The answer is A because lemonade is primarily composed of lemon juice, which is a citrus flavor.  It also contains other citrus ingredients, such as oranges and lemons."
1220,"Question: During seasonal changes, like from summer to fall, what is a common noted change?
Choices:
A: evenings are much brighter
B: new leaves begin to grow
C: stars are seen more easily at night
D: the sun begins to set earlier
","The answer is **B** because during seasonal changes, like from summer to fall, there are often changes in the composition and structure of leaves, such as growing and maturing differently. This can be seen as changes in color, texture, and appearance of the leaf."
9-640,"Question: A wasp will use it's stinger
Choices:
A: if the wasp is flying about unimpeded
B: if a person grabs the wasp
C: if a person ignores the wasp
D: if a wasp is hanging out in it's nest
","The answer is D because wasps are known to be attracted to the smell of decomposing organic matter, such as decaying organic matter, which often signals a source of food. If a wasp is hanging out in it's nest, it's likely that it's searching for a way to get food.  If the wasp grabs the wasp, it's likely that the wasp will use its stinger to sting the wasp. This would likely result in a stingray being released."
7-84,"Question: The basic outside of our planet is comprised of
Choices:
A: types of stone
B: frozen green grass
C: solid ice balls
D: molten hot lava
","The answer is A because the Earth's surface is primarily composed of rocks and metals, which are solid and not liquid.  The other options are not substances that can be described as ""basic"" in the context of our planet's interior."
9-104,"Question: A bird would find nest making materials in a
Choices:
A: building
B: pond
C: cave
D: tree
","**Rationale: The answer is D because birds are known to nest in trees, which are often constructed using materials like leaves, moss, and twigs to create a secure and protected space for the birds to live in.**"
7-278,"Question: Canyons are rock formations with cliffs that
Choices:
A: take a long time to produce
B: have sharks in the water
C: are very narrow and shallow
D: are billions of years old
",Let me know if you need more examples!
1360,"Question: What is the best example of a live birth?
Choices:
A: a fish laying a clutch
B: a platypus warming an egg with its furry body until a baby is born
C: a bird warming the eggs in her nest until they hatch
D: a koala delivering into her pouch
","The answer is A because a fish laying a clutch of eggs is actively involved in the process of a live birth, such as giving birth to live young.  The other options are not typically associated with a live birth."
9-898,"Question: Which of these would need the fewest hydrocarbon chains containing eight carbon atoms?
Choices:
A: electric car
B: turbocharged car
C: gasoline car
D: antique car
","The answer is C because gasoline cars generally use less fuel than electric cars, but they still produce more emissions per person than other vehicles. Turbocharged cars, however, produce zero tailpipe emissions."
7-200,"Question: Skunks are an animal which has a stink sack, which means that
Choices:
A: it is unable to smell
B: it births live young
C: other creatures avoid it
D: it is a predator
","The answer is A because skunks are known for their inability to smell, which is a physical characteristic that distinguishes them from other animals.  They are also known for their ability to lay eggs, which they do not do until they are fully grown."
9-1140,"Question: Evaporation is the reason that
Choices:
A: crime is on the rise in the cities
B: a rain puddle is suddenly gone
C: the polar ice caps are spreading
D: the Earth is turning into a dirt ball
",Let me know if you need help with any other rationales!
9-471,"Question: If farmers want larger chicken populations
Choices:
A: they should reduce the rooster population
B: they should decrease the number of hens
C: they should encourage predation
D: they should research methods that increase laying
","The answer is A because if farmers want larger chicken populations, they should reduce the rooster population through various means, such as reducing the egg-laying capacity of birds or increasing their food supply to attract more birds. This would likely lead to decreased egg-laying and consequently, a larger population of chickens."
9-953,"Question: A factory is producing various items. If the factory wants to produce something that will itself produce little pollution, it could create
Choices:
A: trucks
B: windmills
C: ships
D: cars
",Let's break down why the answer is D:
348,"Question: What source of power can be used up completely?
Choices:
A: Water
B: wind
C: sunlight
D: natural gas
",[Your Rationale Here]
458,"Question: What might Lassie do to beat the heat?
Choices:
A: Pant
B: Drink tea
C: Sleep
D: Eat ice
",Let me know if you'd like more examples!
7-974,"Question: in science, what is a cause and effect guess called?
Choices:
A: a final solution
B: an academic hypothesis
C: a wild guess
D: a big problem
",The answer is **A** because a cause and effect guess is a scientific explanation for a phenomenon.  It's a logical step to explain the connection between a cause and an effect.
1116,"Question: Cycles of freezing and thawing water
Choices:
A: causes healing of clefts in rocks
B: smaller rocks to fill in large cracks
C: makes rocks more secure
D: causes fissures in rocks to enlarge
","The answer is B because cycles of freezing and thawing water, also known as evaporative cooling, can help to smooth and polish the surface of rocks, increasing their stability and strength."
7-785,"Question: A device may locate the northern portion of a forest through
Choices:
A: Fe pulls
B: series of attractions
C: large robots
D: metal conductors
","The answer is C because a metal conductor, like copper or aluminum, can be used to guide a device through dense forest vegetation."
7-41,"Question: A sound that is made by an animal with two legs is
Choices:
A: oink
B: meow
C: moo
D: cluck
","The answer is D because cluck is a word that is derived from the word ""cluck,"" which refers to a group of birds, and animals with two legs, such as birds, are often observed to make sound."
7-473,"Question: do scars come naturally?
Choices:
A: they just appear
B: they are gifted
C: they are bought
D: they are earned
",[Your Rationale Here]
7-815,"Question: Life sustaining substances are required for
Choices:
A: air
B: zebras
C: plastic
D: the sun
","The answer is B because zebras are animals that require life-sustaining substances, such as water, for their survival and function.  Their tissues and organs need to be able to produce these substances to carry out their functions."
9-555,"Question: Creatures such as opossums and raccoons are scavengers, meaning that they get their food from various sources, wherever and however they can, even from trash cans. This can negatively impact the creature's health if
Choices:
A: the food is warm
B: the food is past its prime
C: the food is yummy
D: the food is fresh
","The answer is D because scavenging means actively seeking out and obtaining food from various sources, which is directly related to the creature's need for food. If the food is stale or not fresh, the creature's body heat will build up, leading to overheating and potential heatstroke."
9-604,"Question: A few weeks after the month of December in the heart of Australia is often referred to as?
Choices:
A: winter
B: springtime
C: summer
D: Halloween
","The answer is B because December falls within the summer months in Australia's Southern Hemisphere location.  As such, it is often referred to as?"
1539,"Question: What is an instance of carnivores only eating animals?
Choices:
A: a mouse eating a cricket
B: a dog devouring a piece of cheese
C: tyrannosaurus rex devouring a pterodactyl
D: a cat eating grass outdoors
","The answer is C because tyrannosaurus rex is a type of dinosaur that eats other animals, and pterodactyls are animals.  Their diet consists solely of animals."
9-689,"Question: An example of conservation would be
Choices:
A: burning
B: sinking
C: burying
D: going green
","The answer is D because conserving resources means using them less and finding alternative energy sources to reduce their consumption and environmental impact. This approach is exemplified by the use of renewable resources and energy sources, such as solar power, to produce electricity and other products."
7-737,"Question: What vitamins help heal bones?
Choices:
A: vitamin k
B: vitamin c
C: vitamin D meals
D: human vitamins
","The answer is C because vitamin D is essential for the process of bone formation and repair, which is crucial for the growth and repair of bones."
7-831,"Question: An example of an electric insulator is
Choices:
A: a circuit board
B: a light bulb
C: a brick wall
D: a wire
","The answer is D because electricity can flow through a wire, but it cannot flow through a brick wall.  Insulators resist the flow of electricity, while conductors allow electricity to flow easily."
9-822,"Question: Hitting the keys of a piano is like playing
Choices:
A: a lute
B: a broadcast
C: a concert
D: a recital
","The answer is A because a lute is a stringed instrument that produces sound, and playing the keys of a piano produces sound as well.  The other options are not related to the sound of the piano."
7-264,"Question: Seeds can be dispersed through all sorts of creative ways, such as
Choices:
A: a person orders flowers from a florist
B: a man looks at a bed of flowers
C: a dog sneezes in a field and disrupts the air around plants
D: a man asks his dog if it wants some flowers
","The answer is A because flowers are typically dispersed through seeds, which are tiny structures that can be dispersed through various creative actions, such as shaking a flower. The other options are not typically associated with dispersal."
156,"Question: At a meal one plate seems to be larger than the other plates.  That plate is
Choices:
A: plate in a kitchen cabinet
B: plate on the kitchen counter
C: the person sitting next to you's plate
D: a person at the other side of the table's plate
","[OUT]The answer is B because the plate on the kitchen counter is directly opposite the one on which the food is being served. This means the food is being served from a different angle, and the size of the plate reflects this difference in perspective."
8-84,"Question: This can be used to light up a light bulb
Choices:
A: grass
B: dirt
C: stones.
D: biofuel
","The answer is C because stones are typically made of materials like aluminum or steel, which can be used to light up a light bulb."
775,"Question: When did the pond have less heat energy?
Choices:
A: when people sat by it
B: when people skated on it
C: when people fished in it
D: when people swam in it
","The answer is D because when people swam in it, they were actively using heat energy from the pond to power their bodies and the surrounding environment. This process is called swamming. When people don't swam, the heat energy from the pond doesn't build up, and the surrounding environment is left in the cold, cool, and humid environment. This is why the pond has less heat energy."
7-631,"Question: In the springtime, animals engage in ritual behavior such as
Choices:
A: creating bedding for young
B: picking flowers for mates
C: hunting for new prey
D: migrating to cold environments
","The answer is C because animals often migrate to warmer climates to find food and better living conditions, such as warmer climates offer more favorable conditions for survival and reproduction."
8-303,"Question: Recently, a lot of people, en masse, were told that they should take an opportunity to cast an image of an object through a pinhole onto a screen, in order to best enjoy an activity. This was because
Choices:
A: scientists are lacking fun
B: eclipses are best to look at directly
C: science tells us eclipses are scary
D: avoiding looking directly at an eclipse is important
",Let me know if you'd like me to elaborate on any of the rationales.
9-39,"Question: how can one alter plants without interacting directly with it?
Choices:
A: do a rain dance
B: all of these
C: leave it as it is
D: change its current habitat
",Let me know if you need help with more examples!
8-349,"Question: Sleet is made of
Choices:
A: a substance used to keep drinks cold
B: snow and manmade materials
C: small crystals of salt
D: phosphates and other chemicals
","**Rationale:** The answer is C because sleet is formed when rain falls through a layer of freezing water, causing the water droplets to solidify into ice pellets. This process is primarily caused by the action of water molecules on the surface of the water, causing them to solidify into ice pellets."
9-119,"Question: A thin beak is most useful to
Choices:
A: allow a bird to fly faster
B: allow a bird to forage in trashcans for food
C: allow a bird to hunt for food in wide spaces
D: allow a bird to hunt for food in tight spaces
","**Rationale: The answer is D because beaks are designed to allow birds to eat food in a limited space, such as in trashcans or birdhouses.**"
7-882,"Question: Bacteria
Choices:
A: is lacking in any benefits to an organism
B: is unable to infect any organisms
C: can be beneficial and detrimental to an organism's health
D: is always harmful to an organism
","The answer is A because bacteria do not possess any essential biological processes that an organism need to survive. This means they do not produce their own food, do not produce their own energy, and cannot interact with their environment or other organisms for any reason. The lack of these essential biological processes means the bacteria cannot help the organism with any essential biological processes. The only option for the bacteria is to provide a service or function, which is harmful to the organism."
8-61,"Question: in which of these environments would one ideally situate a farm?
Choices:
A: in the middle of the desert
B: none of these
C: in the rocky mountains
D: over on the grassland
","**Rationale:** The answer is **B** because farms are typically located in natural environments with varying climates and soil types.  Situating a farm in the middle of the desert would create a unique habitat with access to water and food, which is essential for the survival of any organism."
9-249,"Question: Telephones will transfer acoustics using what energy
Choices:
A: gamma radiation
B: heat transfer
C: electron flow
D: light pulses
","The answer is C because telephones use electrical energy from the electrical outlet to transfer sound waves to the surrounding environment, which is often what happens when we hear a sound."
9-862,"Question: An example of a flexible container
Choices:
A: Play dough
B: Bricks
C: Bones
D: Carrots
","**Rationale: The answer is D because carrots are typically made from plants, which are considered flexible containers for storing food.**"
8-118,"Question: which one of these methods can a potential prey use to escape attack?
Choices:
A: making sounds like a known larger animal
B: presenting itself to its predator
C: none of these
D: salting itself to be more palatable
","The answer is C because salting itself to be more palatable is actively trying to avoid being seen and caught by predators, making it a potential prey use of one of these methods."
9-950,"Question: okra has to have water, sun and what to grow
Choices:
A: planter
B: music
C: Earth
D: shade
","The answer is C because okra is a type of plant, and plants need water for photosynthesis, nutrient uptake and other essential biological processes. Sun is essential for photosynthesis, but not for the growth and reproduction of plants."
9-615,"Question: A lake, pond, or stream can all be used to
Choices:
A: collect fluid from
B: make extra food
C: rain water down
D: create new houses
",Let me know if you'd like more examples!
8-441,"Question: On a particularly hot day, a young woman clicks on a fan in the room, and the blades of the fan begin to quietly rotate in a circular motion, which
Choices:
A: heats up the surrounding air
B: rustles the air around it
C: pulls dust into a vacuum
D: blasts cold air outdoors
",Let me know if you'd like me to explain why the answer is A!
9-1188,"Question: Windy means what is going at high speeds?
Choices:
A: water
B: gales
C: cars
D: dirt
","**Rationale:** The answer is **B** because gales, which are strong winds, are what is typically associated with windy weather."
1279,"Question: What is an example of weathering occurring over several years?
Choices:
A: a stone becoming smoother
B: wood becoming rotten over time
C: a cabin being shut down for the season
D: a tree becoming taller
","The answer is A because weathering is the process of breaking down rocks, soil, and minerals through contact with the Earth's atmosphere, water, and biological organisms. Over time, this process can wear away and turn to sand or other materials."
9-391,"Question: As the amount of fragrance of a flower increases, the better chances it has at
Choices:
A: growing
B: dying
C: reproducing
D: looking pretty
","**Rationale: The answer is A because increased fragrance means there is more moisture in the air, which is essential for plant growth and reproduction.**"
1429,"Question: Food digestion in humans can be aided by
Choices:
A: microorganisms that have cell walls but lack organelles
B: hundreds of white blood cells
C: amoebas in the blood supply
D: carbon dioxide from the respiration process
","The answer is A because microorganisms that have cell walls but lack organelles, such as bacteria and fungi, can help to break down food using carbon dioxide from the respiration process. This process is called photosynthesis."
1513,"Question: Which would a scavenger most likely eat?
Choices:
A: a swimming fish
B: a nesting bird
C: run over deer
D: a skulking hyena
","The answer is C because skulking hyenas are known to scavenge for food, including nuts, seeds, and sometimes even deer."
624,"Question: Efforts to preserve the ecosystem might lead national parks to
Choices:
A: encourage hunting
B: promote logging
C: ban fishing
D: encourage new species
","The answer is B because national parks are protected areas aimed at preserving natural habitats and wildlife, which are often described as ""logging.""  Hunting is a common activity that tourists and others enjoy."
7-22,"Question: The thermal production of a stove is generically used for
Choices:
A: warming food
B: heating homes
C: producing food
D: cooling pets
","The answer is **D** because the thermal energy used to power the stove is used to heat food, which is what the term ""cooling pets"" refers to."
179,"Question: Which requires respiration to use energy?
Choices:
A: solar collector
B: car
C: skunk
D: oil well
","**Rationale: The answer is D because skunks are known for their inability to produce their own energy through photosynthesis, meaning they rely on consuming other organisms for energy.**"
9-158,"Question: When a insect looks like another type of entity what is it called?
Choices:
A: six legs
B: spider eggs
C: birds of prey
D: facade
","The answer is D because the appearance of an insect as another type of entity can be misleading.  The actual type of insect might be different. For example, birds of prey might be insects, while six legs might refer to a type of animal. The other options are not typically associated with insects."
1392,"Question: Nerves are used in order to sense which things?
Choices:
A: the sound and sadness of a baby's cry
B: the smell of dirty trash
C: the warmth and touch of a kiss on the cheek
D: the warming feeling of being told you are loved
","The answer is D because the nerves are a sensory system used to perceive physical contact, and a kiss on the cheek provides a direct experience of physical contact."
1143,"Question: The gravitational pull of the sun causes what phenomenon?
Choices:
A: planetary revolution
B: creation of moons
C: creation of rings
D: planetary cooling
","The answer is B because the gravitational pull of the sun, combined with the earth's rotation, creates tides. This means the sun's gravitational pull influences the Earth's oceans, causing them to move."
1706,"Question: We looked at the arrow on the compass and then turned around and walked in the opposite direction.  We were walking
Choices:
A: south
B: east
C: west
D: north
","**Rationale:** The answer is B because the compass aligns itself with the Earth's magnetic field. When we turn around and walk in the opposite direction, the compass needle acts like a small magnet, aligning itself with the field lines."
1068,"Question: When blood passes thru the primary element of the respiratory system it's diffused with
Choices:
A: the first element on the periodic chart
B: a compound released by the burning of fossil fuels
C: an element released by plants
D: a compound used by plants
",Let's break down why the answer is **A** and how it relates to the respiratory system:
932,"Question: When Gia cooked her no-bake cookies too long, she discovered they had become hard, (though un-burnt). what is the most likely reason?
Choices:
A: The sugar had undergone crystallization
B: It was so cold in the room if froze
C: she used too many oats
D: She used old sugar
","**Rationale:** The answer is **A** because when Gia heats her no-bake cookies, they lose moisture and solidify into a gel. This is a common process in baking cookies in a controlled environment like ovens."
7-201,"Question: What happens when man moves into new environments?
Choices:
A: native species go wild
B: native species thrive more
C: native species grow large
D: native species loses home
",Let me know if you need more examples!
7-871,"Question: An example of heat changing the state of matter could be
Choices:
A: jello becoming liquid when placed in a hot pan
B: water becoming warm when heated
C: a bath being more comfortable when it is hot
D: a pool receiving more visitors when warmed
",Let me know if you need more examples!
1596,"Question: Animals require
Choices:
A: the help of people
B: the environmental output of plants
C: the same gas needed for photosynthesis
D: a lack of natural resources
","The answer is D because animals, like all living organisms, require the energy from the sun to produce their own food and the necessary gases to carry out life processes. This process requires the use of fossil fuels, which are formed from the remains of ancient organisms over millions of years. While these resources are abundant, they are not naturally replenished.  Therefore, animals cannot produce their own food and must rely on consuming other organisms for sustenance."
1736,"Question: What is an example of the appearance of stars seeming to move in relation to the horizon at night?
Choices:
A: constellations may appear higher or lower in the sky depending on the hour
B: constellations may appear to be upside down some nights
C: depending on weather, constellations may be clearly visible at night
D: some stars are unable to be seen on certain nights
","[OUT]The answer is A because the appearance of stars seeming to move in relation to the horizon is caused by the Earth's rotation. As the Earth spins, our perspective changes, making the stars seem to move across the sky against the backdrop of stationary objects like the horizon."
9-865,"Question: What month is in the season after spring in the northern hemisphere?
Choices:
A: june
B: november
C: march
D: december
","The answer is B because June is a month after spring in the northern hemisphere.  It is autumnal in the northern hemisphere, so it is after the summer months."
9-740,"Question: A man wants to use a material in a project that will be nonrenewable. The man decides to use
Choices:
A: grass
B: solo cups
C: raindrops
D: muddy water
","**Rationale: The answer is C because raindrops are naturally replenished, meaning they form from water and are not formed from fossil fuels or other resources that will eventually deplete.**"
7-730,"Question: The fish reproduction technique supplies
Choices:
A: coral reefs
B: chunk tuna
C: roe
D: fish sticks
",The answer is C because roe are freshwater fish that typically reproduce by laying eggs that contain the genetic material of their parents. This allows the fish to inherit the traits that make them better suited to their environment.
871,"Question: Water vapor cooling over night
Choices:
A: leaves dew on people
B: forms black ice on bridges
C: forms puddles on roads
D: leaves behind wet foliage
",[YOUR ANSWER]
7-518,"Question: What do bees convert nectar into?
Choices:
A: different types of corn syrup
B: rather large rock formations
C: bees of different sizes
D: sweet stuff sold in grocery stores
","Let me know if you'd like me to explain the rationale in more detail. For example, do you want me to focus on the size of the bee's nose or the shape of its body? These are important factors that contribute to the overall shape of the bee's body.**"
9-84,"Question: what happens when an animals' food intake increases
Choices:
A: it grows taller in size
B: it jogs to burn energy
C: it throws up the excess food
D: the fat transfers into more pounds
","The answer is C because when an animal's food intake increases, its stomach and intestines will expand to accommodate the increased volume of food, leading to an increase in body weight, which is stored as fat. This process is called jogging to burn energy."
883,"Question: What would a rabbit most likely eat
Choices:
A: squirrel
B: squid
C: rhododendron
D: mouse
",Let me know if you'd like me to provide more examples!
1840,"Question: Decomposition occurs when a decomposer recycles nutrients from dead organisms back to the soil by eating them; what is an example of this?
Choices:
A: flies laying eggs on a body
B: worms devouring a corpse
C: wet leaves denigrating in a pile
D: slugs digging through mulch
",Let me know if you need help with any other rationales!
7-603,"Question: A full moon and a crescent moon occur normally
Choices:
A: every two fortnights
B: every week
C: yearly
D: every evening
","The answer is D because the lunar cycle, which causes the appearance of the moon's face to change, typically occurs once in a year.  Since there are approximately 12 lunar cycles in a year, the moon's face appears to change roughly 12 times a year."
7-315,"Question: The moon's gravity
Choices:
A: pulls stars into it's orbit
B: determines when neap and ebb are on Earth
C: keeps objects on Earth grounded
D: forces the sun to orbit around it
","The answer is A because the moon's gravitational pull influences the Earth's oceans, causing tides. This means the moon's gravitational pull influences the Earth's oceans, causing tides."
7-578,"Question: The moon has
Choices:
A: water sources
B: large diamonds
C: rolling grassy hills
D: raised portions
","The answer is B because the moon has mountains, and mountains are typically formed by the erosive power of rivers carving through rock over long periods of time. This process often creates large diamonds as a result."
8-249,"Question: Chlorophyll allows plants to soak up
Choices:
A: solar rays
B: acid rain
C: pollen
D: fertilizer
","**Rationale:** The answer is D because chlorophyll, found in plants like algae, is a type of algae that can absorb nutrients from the sun and release them as light and heat to the surrounding environment or tissues. This process is called photosynthesis."
7-996,"Question: If something living requires sustenance, it will likely
Choices:
A: seek out a form of nutrients
B: feel like it could eat
C: try to enjoy life
D: gather nutrients for friends
",[YOUR ANSWER]
7-791,"Question: Plants grow because they
Choices:
A: decide the time is right
B: can breathe a lot of air
C: use what people breathe out to survive
D: take photos of other plants
","The answer is D because plants use photosynthesis to convert light energy into chemical energy, which is what they use to fuel their growth and develop into new organisms. If they couldn't use the oxygen in the air, they would die."
7-452,"Question: Plant lights can be useful in order to
Choices:
A: dry up several plants
B: lower energy costs at home
C: recreate effects of the sun
D: give dogs good lighting
","The answer is D because plant lights can be used to illuminate the area around the dog's eyes, allowing it to see and understand what is happening. This can help the dog understand the world around it and improve its ability to navigate."
1117,"Question: As a car drives off in the night
Choices:
A: the taillights recede into the dark
B: only the bumper is visible
C: the taillights get brighter the further they go
D: the taillights are turned off
","**Rationale:** The answer is A because as the car drives off, the light waves are compressed, making them appear brighter. This is due to the Doppler effect."
153,"Question: A large mill in the area has led to streams and rivers being filled with
Choices:
A: rapids
B: boats
C: fish
D: pollutants
","The answer is A because a large mill provides a source of power that can be harnessed to power mills, causing them to flow with water. This has led to streams and rivers being filled with water."
362,"Question: What action has a positive impact on the conservation of nonrenewable resources?
Choices:
A: depositing the nonrenewable resources in a landfill
B: waste as much of the resources as possible
C: start a large bonfire with resources
D: turn the nonrenewable into something newly usable
","The answer is A because depositing nonrenewable resources in a landfill provides a mechanism for preserving them for future generations, which is a positive impact on the conservation of nonrenewable resources."
9-789,"Question: in electricity ceramics are sometimes used to
Choices:
A: increase voltage
B: decrease wattage
C: slow transfers
D: multiply amperage
",Let me know if you need help with any other examples!
215,"Question: A rabbit has thicker fur in
Choices:
A: April
B: July
C: October
D: January
",Let's break down why the answer is D:
9-878,"Question: A tape measure aids in
Choices:
A: deciding what color to paint a room
B: figuring the state of matter of an object
C: formulating the area of a room
D: determining mass of an object
",Let me know if you need help with any other examples!
9-421,"Question: What happens when someone on top of a bicycle starts pushing it's peddles in a circular motion?
Choices:
A: the bike wheelies
B: the bike turns
C: the bike brakes
D: the bike accelerates
","The answer is A because when the bike wheelies, the tires are pushed in a circular motion, which causes the bicycle to move faster. This is due to the concept of conservation of energy."
7-570,"Question: If a mosquito dies and is sucked into mud
Choices:
A: it will be eaten
B: it will be disintegrated
C: it will be decayed
D: years later it can still be seen
","The answer is D because mosquitoes, like all living organisms, decay after death. Their remains will eventually decompose and decay."
9-648,"Question: trees have chlorophyll so they make their own
Choices:
A: root structure
B: water
C: scheduled
D: nutrients
","**Rationale:** The answer is D because trees, like all plants, use chlorophyll, a green pigment, to produce their own food and support their growth.  They use it to convert carbon dioxide and water into energy, and they use it to produce their own nutrients."
9-68,"Question: What kept the bat on course?
Choices:
A: luck
B: magic
C: snow
D: reflected sound waves
",Let me know if you need more examples!
719,"Question: Things people eat come from
Choices:
A: mountains
B: canyons
C: cities
D: farms
","The answer is C because food comes from the Earth's surface, which is primarily composed of plants and other organisms.  Cities, therefore, are not directly involved in the production of food."
669,"Question: What would you use in an apartment to keep your neighbor below from hearing you shuffle around a room?
Choices:
A: yarn
B: wood
C: carpet
D: tile
",Let me know if you'd like me to provide more examples!
8-353,"Question: if an adult salmon goes back to where it was born, which of these is likely?
Choices:
A: it wants to deposit its offspring
B: it is about to die
C: it is looking for its friend
D: it is searching for its mother
","The answer is A because adult salmon, like all fish, are known for their ability to reproduce and lay eggs. This is a natural process of replenishment for their population.  If an adult salmon goes back to where it was born to lay its eggs, it is likely that it will reproduce and then die.  This is a natural process of self-preservation."
7-195,"Question: If the north is cold and the midnorth is warm, there will be
Choices:
A: snow
B: stars
C: air motion
D: fires
","The answer is D because when the north is cold, there is less moisture in the air, which is necessary for the growth and development of fires.  When the midnorth is warm, there is more moisture, allowing for the growth and development of fires."
8-314,"Question: A guy wants to make dinner for his family, so he puts a pan on the stove, adds some meat, and turns on the stove so that heat is being added to the pan. As the meat is warmed through, beginning to sizzle, it is
Choices:
A: being juiced
B: being seared
C: being frozen
D: being smoked
",[Your Rationale Here]
9-432,"Question: What is needed to make an island?
Choices:
A: boat
B: volcano
C: coral
D: tree
",Let me know if you need help with more examples!
1193,"Question: It would be harder to grow a palm tree in
Choices:
A: Texas
B: Idaho
C: Arizona
D: South Carolina
","The answer is A because Texas is known for its arid climates and low rainfall, which makes it extremely difficult to grow a palm tree."
1724,"Question: A moth
Choices:
A: builds a cocoon as part of its death ritual
B: needs a chrysalis as part if its life cycle
C: undergoes complete metamorphosis in one day
D: is born with wings
",Let me know if you need help with any other examples!
9-819,"Question: glucose is easily soluble in
Choices:
A: H2O
B: wood
C: alcohol
D: sand
",[END]
1760,"Question: What time of day does a solar panel work best?
Choices:
A: 9:15 pm
B: 1:45 pm
C: 8 am
D: 5:30 pm
","The answer is **B** because solar panels are best used during the day when the sun is at its highest point in the sky, which is noon."
7-236,"Question: Sediment built up around the shed due to:
Choices:
A: magic
B: tornado
C: luck.
D: cars
",**The answer is C because sediment can be formed when water vapor in the air changes into liquid water. This is due to the Earth's rotation.**
1641,"Question: Two gears grinding against each other will raise which of their properties?
Choices:
A: phase
B: temperature
C: taste
D: mass
","The answer is D because grinding two gears against each other creates friction, which causes the objects to move faster and lift more weight. This is a property of mass."
9-1110,"Question: electrical current does what to a wire to cause it to heat up
Choices:
A: carry it
B: merge with it
C: run from it
D: traverse it
","The answer is A because the flow of electrical current through a wire causes it to heat up, this is what happens when you touch a hot surface, like the wire itself."
9-85,"Question: if the surface of our planet is different after a while, what could have happened?
Choices:
A: the surface eroded on its own
B: all of these
C: there were natural occurrences
D: man has damaged the surface
","The answer is A because the surface of our planet is constantly being eroded by wind, rain, and snow, causing the surface to wear away and become smoother over time. This process is known as erosion."
1214,"Question: Sunlight is a source of
Choices:
A: wind energy
B: warmth
C: frigid temperatures
D: moonlight
",[Your Answer Here]
9-600,"Question: What contributes to prey animals being able to survive predators long enough to mate?
Choices:
A: hiding in bushes
B: eating sweets
C: how they're named.
D: listening to music
","The answer is C because how prey animals are named is a key aspect of their survival strategy. This involves actively seeking out predators, avoiding predators, and then catching and storing food until the predators leave. This allows the animals to survive predators for a while longer."
832,"Question: Peat is derived from
Choices:
A: saplings and flowering seedlings
B: compaction of water and soil
C: compressing of deteriorating foliage
D: floating debris in swamp water
","Peat is a type of soil often made up of decaying organic matter, such as leaves and other plant debris, which is gradually compressed into a ball of soil. This process is called compaction."
8-459,"Question: which of these scenarios would result in the ugliest TV screen?
Choices:
A: a bowl of quartz is emptied on it
B: a handkerchief drops on it
C: a bowl of cotton is emptied on it
D: a silk tie falls on it
","**Rationale: The answer is D because a silk tie falls on a hard surface, such as an aluminum surface, which is known for its roughness and ability to produce heat. This can cause friction, causing the tie to stick.**"
9-935,"Question: Which of the following is true?
Choices:
A: Ice will turn to water vapor when it stays under its boiling point
B: Liquid water will turn to ice below its freezing point
C: Ice will turn to liquid water below its freezing point
D: Liquid water will turn to water vapor when the temperature is more than its boiling point
","The answer is A because when water freezes, it transitions into a liquid state. At a higher temperature, the water vapor in the water will move to the cooler surface of the ice, where it will freeze again. This is why water vapor is the correct answer when water freezes."
7-73,"Question: A bear hibernates through cold weather because
Choices:
A: bears get very tired
B: it is gestating young
C: resources are scarce in winter
D: winter is too cold
",[Answer: D]
298,"Question: Which shows a way to preserve natural resources:
Choices:
A: run dishwasher full
B: using gasoline engines
C: tossing lawn clippings
D: throwing out aluminum
",The answer is C because tossing lawn clippings into the trash can provides a way to preserve natural resources by recycling waste into energy. This process is environmentally friendly and helps to reduce waste.
7-839,"Question: A canyon is created by a strong force such as
Choices:
A: water dripping
B: thunder rusting
C: lightening striking
D: rapids crashing
","The answer is B because the canyon is formed by the erosive power of lightning, which can carve and scrape the rock face of a canyon. This process is known as rusting."
289,"Question: A jellyfish's abilities exclude
Choices:
A: sting
B: poison
C: sense light
D: move
","**Rationale: The answer is A because jellyfish are known for their inability to perceive or produce sound, which is essential for their survival and function.**  Their primary defense mechanism is to avoid predators that might sting them."
8-490,"Question: In order to grow a rosebush needs a specific
Choices:
A: gardener
B: house
C: climate
D: fertilizer
","The rationale is:  Roses are plants, and plants need soil for nourishment and support.  Without sufficient soil for nourishment, the rosebush would not be able to grow and would eventually decay."
9-198,"Question: From which distance will an object look the biggest?
Choices:
A: 4 feet
B: 30 feet
C: 1 kilometer
D: 1 mile
",[YOUR ANSWER HERE]
140,"Question: Which does not support living things and is not a home to living things?
Choices:
A: carpet
B: field
C: forest
D: grassland
","The answer is C because forests are not typically associated with the concept of ""living things"".  They are typically associated with the concept of ""natural"" or ""unnatural"" environments, which are not typically associated with the concept of ""living things""."
7-1059,"Question: The Grand Canyon became so deep and large because
Choices:
A: water sources are there
B: rivers are around it
C: water is really strong
D: rushing water eroded it
","The answer is D because the Grand Canyon was not formed by glacial activity, but rather by the erosive power of rivers carving through the desert. This rapid flow of water has carved out the canyon walls and pushed the canyon walls up to such a depth."
9-267,"Question: Heat can can cause matter to
Choices:
A: shift phases
B: become intelligent
C: multiply
D: disappear
","The answer is A because heating a substance can cause it to vibrate faster, which is a phase change. This change in state can be described as intelligent matter."
9-453,"Question: A chipmunk that gathers many different items can often store what for later usage and help with plant dispersal.
Choices:
A: hair balls
B: water
C: small leaves
D: uneaten pits
","The answer is C because chipmunks are known for their ability to gather and store different items, such as leaves, for later use. This ability can help with plant dispersal by preserving seeds and minimizing waste that contributes to environmental pollution."
9-1005,"Question: A young boy decides that he likes dogs better than he likes cats. A reason for this may be that
Choices:
A: his dogs are cats
B: his parents only have dogs
C: his parents hate dogs
D: his parents are cats
","The answer is C because his parents are cats, and cats are typically associated with a type of dog, such as a Labrador Retriever.  While dogs are generally considered to be more friendly and affectionate than cats, they are also predators and can be dangerous to humans."
8-364,"Question: A girl is turning sixteen and is experiencing changes to her breasts and other areas as she matures. These changes as she enters adulthood signify
Choices:
A: procreative adjustments
B: cohesive ability
C: coherent reduction
D: reductive properties
","The answer is A because as a girl matures, her breasts develop and grow. This growth is primarily caused by changes in the shape of the uterus and the growth of the breasts. These changes in the shape of the uterus and the growth of the breasts are indicative of a successful reproduction strategy."
9-371,"Question: When you heat liquids, what happens to it's ability to break down solids?
Choices:
A: nothing significant
B: it enhances it
C: it lessens it
D: it stops
","The answer is C because heating liquids like solids provides energy to the molecules that make them up, in the form of heat. This heat is what the molecules can use to break down the solids."
668,"Question: If you wanted to be outside in the daylight for the longest period when would be worst?
Choices:
A: June
B: January
C: April
D: August
","**Rationale:**  The answer is D because August falls within the summer months when daylight hours are shortest. This means that during the summer months, it is darkest and most difficult to see things outside."
1593,"Question: A rock may be used as a shelter by a
Choices:
A: chicken
B: spider
C: giant squid
D: deer
",[YOUR ANSWER HERE]
7-866,"Question: What season includes the last month of the year in the southern hemisphere?
Choices:
A: winter
B: summer
C: spring
D: fall
",The answer is B because summer includes the last month of the year in the southern hemisphere.
1645,"Question: Absorbing sunlight
Choices:
A: leaves objects too frosty to handle
B: makes car hoods cool to the touch
C: leaves surfaces and objects unaffected
D: makes the asphalt scorching to bare feet
",Let me know what rationale you come up with!
9-455,"Question: An anemometer would get a work out on a
Choices:
A: still afternoon
B: cloudy day
C: rainy day
D: blustery day
","**Rationale: The answer is B because anemometers are instruments that measure distance covered while observing the Earth's surface.**  They are best used to measure distance between two points on a map, which is most often described as ""cloudy day"".**"
660,"Question: What heavenly object is closer to the planet where the TV was invented?
Choices:
A: Jupiter
B: Moon
C: Sun
D: Saturn
","The answer is A because Jupiter is the closest planet to the Earth and therefore experiences the highest temperatures, which are characteristic of a star. The moon, being much further away, experiences a lower temperature."
9-559,"Question: A litter of healthy cubs are born to a lioness, and eventually one of the cubs has a cut on its paw. It is reasonable to assume
Choices:
A: the lioness has a cut paw
B: the cut paw was inherited
C: all cubs will have cut paws
D: the cut paw was acquired
",[Your Rationale Here]
1407,"Question: careless handling of chemicals can lead to one of the following
Choices:
A: Chemical splashing accidents
B: chemical composition making
C: chemical modifications accidents
D: chemical formation making
",The answer is C because careless handling of chemicals can lead to one of the following:
9-919,"Question: Which is a function of the skeletal system?
Choices:
A: Digestion
B: Breathing
C: Thinking
D: Chewing
",[Your Rationale Here]
364,"Question: What season is December in the southern hemisphere?
Choices:
A: when snow starts to fall
B: when the weather gets hot and dry
C: when the flowers start to bloom
D: when the trees change colors
",The answer is D because December falls within the winter months when trees in the southern hemisphere start to change their color to reflect the changing seasons. This is a seasonal change.
7-276,"Question: If someone is allergic to sunlight then the place they need to avoid is
Choices:
A: libraries
B: gazebo
C: buildings
D: underwater
",**Rationale: The answer is D because gazebos are structures made of wood or other materials that can be exposed to sunlight due to their shallow foundations.**
1732,"Question: After spring ends, the next time it will be spring is
Choices:
A: next month
B: next decade
C: next week
D: next year
","The answer is A because after spring ends, the temperature will drop, causing plants and animals to grow and thrive. This is similar to how fall ends and becomes winter before returning to spring."
9-825,"Question: A scale is necessary to determine
Choices:
A: BMI
B: CNA
C: DNA
D: XFL
","**Rationale: The answer is B because a scale is a physical instrument used to measure weight, and DNA is a physical substance that can be measured using a scale.**"
1202,"Question: A plant's stem
Choices:
A: supplies only the roots with water and nutrients
B: supplies carbon dioxide through the root system
C: acts as the lungs for the plant
D: acts as the subway delivering it's water and nutrient passengers to the rest of the plant
","The answer is D because the stem of a plant is responsible for transporting water and nutrients throughout the plant, acting as the subway delivering it's water and nutrients to the rest of the plant."
7-758,"Question: In a bowl of water with the sun shining on it, what happens to the water after four hours?
Choices:
A: the water is growing algae
B: there is less water
C: the water is dirty
D: there is more water
","The answer is **A** because the sun is not going to be there for four hours. The water will continue to heat up and its molecules will move faster, leading to algae."
9-54,"Question: A stone may experience the most weathering over
Choices:
A: a week
B: a year
C: a century
D: a decade
",[Your Answer Here]
7-643,"Question: Brackish water is often found where
Choices:
A: a sea is large
B: the ocean is deep
C: several large rivers meet
D: a river cuts through a canyon
",[Your Answer Here]
9-58,"Question: A wooden floor will be easier to slide a chair over than a carpeted floor will be because a wooden floor
Choices:
A: has dry friction
B: has enormous friction
C: has less roughness
D: has more texture
",Let me know if you need more examples!
9-904,"Question: The cell membrane keeps a cell from
Choices:
A: replicating
B: getting lost
C: falling apart
D: running away
","**Rationale: The answer is A because the cell membrane acts as a barrier separating the cell's interior from its environment, preventing the cell from reproducing.**"
9-23,"Question: A bear that ate a watermelon will also travel during the day to several areas of the surrounding forest, which can cause?
Choices:
A: food for young
B: dispersal of seed
C: bears
D: seed production
","The answer is B because the bear's diet and movement patterns are determined by its surroundings, which are primarily determined by the forest canopy.  Areas of the forest where watermelons are grown can be seen as dark, cool, and humid environments, similar to the bear's hibernation grounds."
7-806,"Question: White blood cells
Choices:
A: act as transporters of nutrients
B: act as transporters of neurons
C: take action against agents of disease
D: defend the body from sunlight
","**Rationale:** The answer is A because white blood cells carry out the process of extracting essential nutrients from the blood. This process is essential for the process of photosynthesis, which is the process by which plants produce their own food and grow."
9-687,"Question: If a lawnmower runs over an anthill, the colony's population probably
Choices:
A: stagnates
B: increases
C: decreases
D: doubles
",Let's break down why the answer is A:
7-383,"Question: Eating certain foods can add fiber into a diet which helps the body to stay regular, such as when eating
Choices:
A: multivitamins
B: fish
C: crackers
D: broccoli
","The answer is B because fish is a type of fish and can be processed by the body's digestive system to produce energy and reduce the amount of food being absorbed into the bloodstream, resulting in regular blood flow and a stable blood sugar level. This is important for the body's ability to regulate its blood sugar and prevent hypoglycemia."
7-204,"Question: Some creatures can bring in prey by providing a source of light, such as
Choices:
A: Lophiiformes
B: giant squid
C: sharks
D: crawfish
","The answer is A because some creatures, like plankton, use sunlight to attract prey.  They create their own light source, such as sunlight, by producing bubbles. This allows them to attract their prey."
8-277,"Question: AIDS destroys the body by helping
Choices:
A: antigens
B: pathogens
C: organs
D: bone
",The answer is A because AIDS is a viral infection that can cause illness and death due to its ability to infect and destroy the body's tissues.**
9-657,"Question: A celestial body grows a few meters in size every year, and the mass increases as well. After a hundred years, the celestial body will
Choices:
A: repel the sun
B: have stronger gravity
C: attract the sun
D: have weaker gravity
","The answer is A because celestial bodies generally grow in mass as they age, a process that involves the accumulation of matter and energy over time. This process takes a long time, and it will lead to a decrease in gravitational pull."
1868,"Question: A scale can
Choices:
A: give an estimate of a dog's age
B: measure how long a dog is
C: let you know if the dog needs to lose a few pounds
D: make an educated guess about a dog's breed
","**Rationale: The answer is B because a scale is a physical tool used to measure weight, and thus can be used to measure the length of a dog's tail, which can be used to determine its age.**"
7-537,"Question: Knowing the formula for speed
Choices:
A: would aid in calculating road time needed to reach a destination
B: would aid in calculating weight of the car
C: would aid in figuring out traffic congestion patterns
D: would aid in using a map
","The answer is A because speed is calculated by dividing distance by time.  Knowing the formula for speed would allow drivers to more accurately estimate the time it takes to travel to a destination, thereby aiding in their planning and reducing traffic congestion."
7-1039,"Question: The respiratory system allows the body to
Choices:
A: intake carbon dioxide into the blood from the air
B: oxygenate blood from the air
C: combine oxygen and carbon dioxide in the blood
D: remove oxygen from the blood
",**Rationale: The answer is D because the respiratory system is responsible for removing oxygen from the blood through a process called hypoxia.**
7-672,"Question: All natural resources come from nature such as
Choices:
A: cats coming from shelters
B: cake coming from bakers
C: money coming from the government
D: moisture coming from oceans
","The answer is B because cake is made from flour, which is derived from the ground up of plants, not from the atmosphere or oceans."
7-520,"Question: To burn away the darkness, even a tiny light will do, such as
Choices:
A: a small smile from a friend
B: a little feeling of hope
C: a small voice in the dark
D: a dark wick being touched by a match
",Let me know if you'd like help with more examples!
8-402,"Question: if a ball on the beach bursts, what would most likely escape?
Choices:
A: the fishes on the shore
B: none of these
C: the sharks in it
D: the gaseous content in it
",**Rationale: The answer is D because the gaseous content in the ball's center would be the only thing that could escape from the beachside and reach the ocean.**
7-437,"Question: Leaves play a role in the making of
Choices:
A: carbon dioxide for humans to breathe
B: the chemicals needed to make table salt
C: helium for party balloons
D: a life sustaining element humans need
","The answer is D because leaves, like all plants, are essential for the process of photosynthesis, which is the process by which plants produce their own food and grow. This process requires oxygen, a component of the air we breathe. Therefore, leaves provide the necessary component for the process of producing table salt."
9-579,"Question: A stately red maple in a dense forest is supported by its
Choices:
A: pine needles
B: trunk
C: leaves
D: upward thrust
","The answer is B because redwoods are known for their massive, thick trunks which provide the structural support necessary to grow to such immense heights.  Their leaves, being dense, provide the necessary moisture and support the growth of the tree."
951,"Question: One source of pollution are
Choices:
A: recycling bins
B: green ways
C: trash heaps
D: natural streams
","The answer is C because trash heaps are often composed of organic matter, which is a byproduct of decomposition by natural forces. This decomposition is often aided by the activity of animals and plants that break down waste. However, this process often contaminates the surrounding environment with waste."
8-197,"Question: nonrenewable resources include all but
Choices:
A: coal
B: sunlight
C: oil
D: natural gas
","**Rationale: The answer is B because nonrenewable resources are those that cannot be replenished at a rate comparable to their consumption.**  Coal is a fossil fuel, meaning it will eventually run out, making it nonrenewable."
1949,"Question: A full moon is caused by
Choices:
A: werewolves
B: moonlight
C: tides
D: orbiting
","The answer is D because the moon's gravitational pull is directly caused by the Earth's rotation, which is synchronized with the moon's phases. This means that the moon completes approximately one revolution around the Earth every 27.3 days."
8-75,"Question: A man is teaching his daughter to ride a bike. He emphasizes the need for her feet to remain on the pedals, so that
Choices:
A: the bike is fun
B: the bike propels forward
C: the bike hold still
D: the bike is pink
","The answer is C because the bike hold still requires the use of feet, which are crucial for the stability and accuracy of the pedals. Without them, the bike would wobble and the rider would be unable to maintain the proper steering angle."
7-302,"Question: Crop rotation
Choices:
A: allows loam to replenish its nutrient supply
B: hurts the overall crop reap
C: allows farmers to take a break
D: prevents fertilizer from working
",Let me know if you need help with more examples!
9-342,"Question: Someday, the ground under the pile of rotting grain in the field will be
Choices:
A: barren
B: a hole
C: more fertile
D: less fertile
","**Rationale:** The answer is C because the pile of rotting grain in the field will decompose organic matter, including bacteria and fungi, creating a new environment with more fertile soil."
1956,"Question: In what way do mice come into the world?
Choices:
A: by surgical interference by veterinarians
B: through a thick shell
C: through a muscular canal
D: digging upwards through sand
","The answer is B because mice come into the world through a hole called the siphon, which is a muscular canal. This canal is responsible for transporting water and nutrients throughout the body."
7-821,"Question: Pouring lemon juice into water
Choices:
A: flavors milk with lemons
B: creates a beverage lemon flavored
C: is mostly water still
D: uses only real lemons
",Let me know if you'd like me to create a beverage lemon flavored using only real lemons.
7-933,"Question: If a road is bumpy and another road is smooth, the bumpier road
Choices:
A: will be lower than the smooth road
B: will be longer than the smooth road
C: will be rough on tires
D: will have cars driving quickly
","The answer is A because bumpy roads are characterized by uneven grooves or depressions, which create more friction between the tires and the road surface, leading to shorter distances traveled.  This roughness can be adjusted to create a smoother ride by changing the tire pressure."
9-1007,"Question: Shelter can protect humans from
Choices:
A: space
B: aging
C: time
D: catastrophic natural events
","The answer is D because shelter provides a secure and protected space for humans to sleep and hide from danger.  Without shelter, the risk of catastrophic natural events like earthquakes, landslides, or natural disasters would be greatly increased."
7-428,"Question: Tree rings can
Choices:
A: indicate how often the tree needs pruning
B: tell you what year a tree was planted
C: tell you how tall a tree is
D: indicate the year the tree will die
","Each ring in a tree represents a year of growth. By counting the rings, scientists can determine the age of the tree."
1209,"Question: what do animals need to protect them from bad weather?
Choices:
A: housing
B: food
C: water
D: clothing
",The answer is B because animals need to have a safe and suitable place to live to ensure their survival and ensure their safety.  A house provides this safe and suitable place.
1483,"Question: Roses are propped up by
Choices:
A: green structures that grow from concrete
B: green structures that grow from brick
C: green structures that fall from the sky
D: green structures that rise from the ground
","The answer is A because roses are plants, and plants need soil for nourishment and support. Concrete provides the necessary pathway for growth."
9-474,"Question: resources other than manmade can only be found on
Choices:
A: a laboratory
B: your home
C: the moon
D: our planet
","The answer is C because the moon is a natural object that can be found on Earth through scientific research.  Resources like metals, fossil fuels, and organic matter are only found on Earth through geological processes."
7-283,"Question: A way to tell if a rock could possibly hold Fe inside is to
Choices:
A: hover a magnet over it
B: take the rock home
C: ask someone at school
D: look at it closely
",[Your Answer Here]
9-398,"Question: The black bear in Alaska is known for hunting this type of feast
Choices:
A: moose
B: sasquatch
C: fish
D: elk
","The answer is D because black bears, often referred to as polar bears, are known to hunt and consume fish as a part of their diet."
304,"Question: Draining the rain with a rain gutter onto bare ground through a spout will
Choices:
A: make the ground underneath contain less soil
B: attract more dirt to where the water is falling
C: cause the ground to become very hard
D: draw up more water from underground
","**The answer is C because when rain falls through a gutter, it loses moisture and instead absorbs dirt and rock from the surrounding air, causing the ground to become very hard.**"
8-370,"Question: on which of these does a ball fall faster from a height?
Choices:
A: our world
B: on the moon
C: on pluto
D: none of these
","**Rationale:** The answer is D because none of the balls in the above question fall faster than they rise.  They all fall the same amount of time, regardless of the height of the ball."
9-502,"Question: A storm is coming and dark clouds are rolling in, which were formed after
Choices:
A: fluid was drawn from the air
B: rain was drawn on a sheet
C: water was wet in the future
D: people drew rain storms
",Let me know if you'd like me to try generating a rationale for the third example.
1377,"Question: Animals of the Arctic thrive in
Choices:
A: Tropical Environment
B: Warm Climates
C: Water Environments
D: Snow Environment
","The answer is B because animals of the Arctic, like all living organisms, are adapted to live in a warm, moist environment.  Their primary food source is water, which is found in warm, arid climates."
9-38,"Question: Keeping your fast food bags in the car until you get home instead of throwing them out the window is an example of protecting the
Choices:
A: Car
B: environment
C: Restaurant
D: people
","The answer is D because leaving fast food bags in the car allows for proper recycling, reducing the amount of waste sent to landfills or pollutes the environment."
1987,"Question: National parks
Choices:
A: allow unlimited hunting of endangered species
B: are full of pollution
C: get very few visitors on a yearly basis
D: take measures to protect their animal populations
","The answer is D because national parks are protected areas aimed at preserving wildlife and natural habitats, which are essential for the survival of animals and their habitats. Hunting and poaching of animals, including endangered species, is prohibited in national parks."
1152,"Question: Using trash in the way it was used in the last scene of the 'Back to the Future' movie is, most ideally, an example of:
Choices:
A: creative filming
B: an alternative fuel
C: wishful thinking
D: cleaning the environment
","The answer is C because using trash in the way it was used in the last scene of the 'Back to the Future' movie is an example of using it in a sustainable manner. Choosing options A, B, or D would ultimately lead to the creation of more plastic, which is a significant environmental problem."
9-53,"Question: Water boiling in a pot on a stove is an example of
Choices:
A: electrocution
B: freezing
C: hydroplaning
D: thermal conduction
",[Your Rationale Here]
9-1076,"Question: The ground moving when the atomic bombs landed is similar to?
Choices:
A: earthquake
B: world war
C: geyser spout
D: volcano
","The answer is C because the ground movement is caused by the gravitational pull of the moon, which creates tides."
9-911,"Question: What do animals do if their habitat cannot support them?
Choices:
A: fertilize the habitat
B: fortify area
C: abandon it
D: stay in area
","The answer is C because animals that cannot support their habitat and are forced to seek alternative living conditions, such as abandoning it to seek more suitable habitats."
7-106,"Question: What offers a tree with stability and a way to distribute nutrients throughout the plant?
Choices:
A: sap
B: leaves
C: fruit
D: trunk
","The answer is A because sap is a liquid that flows through the roots and into the rest of the plant, providing it with the nutrients it needs to grow and thrive."
1700,"Question: For what does a stove generally generate heat?
Choices:
A: warming the air in the area
B: heating nutrients to appropriate temperatures
C: entertaining various visitors and guests
D: to create electrical charges
",[Your Answer Here]
9-65,"Question: A running car engine could
Choices:
A: leave the hood hot to the touch
B: cause the trunk to pop open
C: leave the hood cold to the touch
D: cause the car doors to spring open
","**Rationale: The answer is C because leaving the hood hot to the touch allows the engine heat from the engine to remain in the engine compartment, which is necessary to power the car.**"
1631,"Question: Standing near a campfire
Choices:
A: will leave you shivering
B: will keep you toasty
C: will make it difficult to see in the dark
D: will cool you down
","The answer is D because the campfire produces heat and light, which will cause the surrounding air to cool down your body."
9-775,"Question: Each of the moon's phases usually occurs once per
Choices:
A: week
B: day
C: 30 days
D: year
","The answer is D because the lunar cycle, which causes the moon's phases to change, typically lasts approximately 29.5 days, a little under a year."
1213,"Question: What is an example of an animal needing warmth for survival?
Choices:
A: a deer nestled into long grass
B: a rabbit hopping through the snow
C: a bat catching a mosquito
D: a dog eating from a dish
",The answer is C because bats are warm-blooded animals and require warmth to maintain their body temperature and survive.  They are also known for their insect-eating habits and would dry out and die if left without water.
8-241,"Question: As an herbivore, deers will eat
Choices:
A: Meat
B: Chicken
C: Tires
D: A bush
",[Your Rationale Here]
9-300,"Question: How many minutes are in a 24 hour day?
Choices:
A: 24
B: 1440
C: 2400
D: 240
","The answer is **B** because 24 hour days are defined as the time it takes for a person to complete one full orbit around the Earth.  Since there are 1440 minutes in a 24 hour day, it takes 24 hours, not 1440 minutes, to complete one full orbit around the Earth."
1470,"Question: The moon is what to the earth?
Choices:
A: the largest star in the sky
B: the brightest celestial object
C: the closest body in in space
D: the biggest thing in the universe
","The answer is B because the moon is Earth's natural satellite and orbits our planet at a relatively close distance. This proximity allows for a closer and more consistent relationship between moon and Earth, resulting in a larger impact on the planet's surface."
9-515,"Question: which of these would lead to a rise in speed and acceleration?
Choices:
A: a person running behind and kicking a balloon
B: a person sitting still
C: a person standing in place
D: a person stopping an oncoming ball
","The answer is A because if a person stops an oncoming ball, they are likely to accelerate faster due to the decreased friction between their feet and the ground. This phenomenon is known as stopping an oncoming ball."
740,"Question: Weathering is
Choices:
A: wheat growing in a field
B: peat moss growing on river rocks
C: air plants growing in a shell
D: a dandelion growing thru a line in asphalt
",[YOUR ANSWER HERE]
9-476,"Question: which of these people will have the best sight while driving to work?
Choices:
A: a person driving in the blizzard
B: a person driving in the night
C: a person in the spring morning
D: a person driving in the rain
",The answer is A because driving in the blizzard requires using headlights and a mirror to ensure the driver has the best possible view of the road ahead. This is especially important during the day when the sun is down and the snow is falling.  The other options are not typically associated with good sight while driving.
9-385,"Question: A drop off in predator population
Choices:
A: indicates a boom in animal reproduction
B: can indicate a drop off in frigid temperatures
C: indicates plentiful amounts of water
D: can indicate a nutrient insufficient environment
","**Rationale:** The answer is A because when predators drop off, they often don't die. They may become more susceptible to disease or predators, making it harder for them to survive and reproduce. This is a positive sign for the animal population."
9-242,"Question: Some plants are easy for hummingbirds to sip nectar from. While the hummingbirds are taking nectar, the plants also gain something, which is
Choices:
A: bird friends
B: more nectar
C: extra food
D: a pollinator
","**Rationale: The answer is B because hummingbirds often eat nectar from flowers, including raspberry flowers.  By transferring pollen as they move between flowers, the hummingbirds are able to pollinate and produce more nectar, which they consume.**"
1064,"Question: Protect the environment by
Choices:
A: using more water
B: using more packaging
C: using less renewables
D: using less hairspray
","The answer is C because using less renewable energy sources, such as solar, reduces the amount of water used to power water treatment plants, which are essential for protecting the environment.  Using more packaging reduces the amount of waste sent to landfills or pollutes the environment."
7-1124,"Question: A flashlight works because the batteries inside of it produce chemical energy that
Choices:
A: makes the lights bright
B: burn into the plastic
C: is transferred to another type
D: lights up a room
","**Rationale: The answer is C because the batteries inside of the flashlight provide the electrical energy needed to power the light source within the flashlight, allowing it to illuminate the surroundings.**"
8-74,"Question: If I wanted to gain energy I could
Choices:
A: Brush my hair
B: Consume an apple
C: Wash my face
D: Go running
",The answer is A because brushing my hair generates energy because it is a mechanical process that converts the mechanical energy of the hair into electrical energy. This electrical energy can be used to power appliances like computers or appliances that are not powered by electricity. Consuming an apple provides the necessary electrical energy to power the device.
613,"Question: If it is dark outside it is hard to see an object because it there is no
Choices:
A: objects
B: sight
C: movement
D: light
","**Rationale: The answer is A because objects are typically visible only when they are close to the viewer, as in the case of a light bulb or a flashlight.**  Without these objects, the surrounding darkness would not be visible."
7-845,"Question: Electricity can flow as long as it has a conductor to help it along, such as
Choices:
A: nickel earrings
B: cardboard paperclips
C: wooden bowls
D: rubber soles
",Let me know if you need help with any other rationale examples!
493,"Question: Which animal has the best camouflage in the Sahara?
Choices:
A: a koala bear
B: a horned viper
C: Gyrfalcon
D: a sloth
","The answer is C because Gyrfalcons are birds of prey that use their sharp, hooked beaks to tear flesh. This ability to tear flesh efficiently allows them to blend in with their surroundings, making them less visible to predators and increasing their chances of survival."
1939,"Question: Magnetism can cause
Choices:
A: How to Swim
B: Radiation isotope creation
C: Head to Rotate
D: Clouds to Move
",Let's break down why the answer is **B**.
9-1161,"Question: panting is the equivalent to humans
Choices:
A: begging for water constantly
B: crying for hours on end
C: drowning in a small puddle
D: expelling water from their dermis
","The answer is A because panting is a common mechanism humans use to release moisture from their skin, which is analogous to how humans breathe out water from their lungs. Humans also use panting to regulate their body temperature, similar to how humans cool down by exhaling steam. The other options are not analogous to the biological function of panting."
7-497,"Question: The sun appears to move because of the rotation of a
Choices:
A: star
B: moon
C: sun
D: planet
",The answer is A because the sun completes approximately one revolution around the Earth every 27.3 days. This period of rotation is known as a revolution. The other options are incorrect because:
7-370,"Question: I need what to calculate the length from my big toe to my little toe?
Choices:
A: Calculator
B: Tape Measure
C: A Graph
D: A Microscope
","The answer is **A** because a graph is a representation of time, and the length of a person's toes can be calculated using the length of their bones."
9-22,"Question: A leaf falling from a tree means
Choices:
A: I should wear a coat
B: I should wear a tank top
C: I should wear sandals
D: I should go to the beach
",Let me know what you'd like me to wear!
9-958,"Question: A material that can be burned to produce electricity can be made from
Choices:
A: water
B: air
C: electronics
D: algae
","Algae are plants, and plants produce electricity through photosynthesis, a process that uses sunlight, water, and carbon dioxide to produce energy.  The algae need water to survive."
7-954,"Question: Sowing plants native to an ecosystem
Choices:
A: is a useless action
B: is a harmful action
C: is a worthwhile action
D: is a neutral action
","**Rationale: The answer is B because sowing plants native to an ecosystem can help restore the natural balance of the ecosystem.**  By removing competing plants, the ecosystem can be restored to its natural state."
9-288,"Question: The world changes over time, and an example of this could be
Choices:
A: sand covering a beach front
B: a lake hosting hundreds of fish
C: cities buried under lava rock
D: seas having saltwater in them
","The answer is C because the formation of cities underground requires the saltwater from the ocean, which is constantly being replenished. This means that the saltwater is constantly being added to the lake, creating a continuous source of saltwater. This process is known as dredging."
7-393,"Question: A swordbill is able to drink from long, narrow flowers where other birds are unable to because of
Choices:
A: the flower pushes them away
B: the swordbill's skill at drinking
C: genetic advantage of swordbills
D: lack of experience in pollinating
","The answer is B because swordbills are birds that can use their sharp, hooked beaks to tear flesh from their prey, such as insects and seeds, using their sharp, hooked beaks. This ability allows them to efficiently extract nectar from flowers where other birds are unable to reach."
449,"Question: If you had a telescope what is something meant to be viewed by it?
Choices:
A: Greater Pewee
B: Vibrio
C: Alcor
D: Heisenberg
",[Your Rationale Here]
7-4,"Question: An electron microscope can
Choices:
A: move small magnets around
B: create completed replicas of animals
C: burn plastic with ease
D: recreate an entire image
","The answer is D because an electron microscope can precisely measure the size and shape of objects like plants, animals, and even complete replicas of animals. This ability to create a detailed image of an object's surface is a key aspect of the microscope's power."
1454,"Question: This is a rarely used way to produce electricity.
Choices:
A: tidal energy
B: wind energy
C: solar power
D: hydroelectric power
","The answer is D because hydroelectric power is generated by using the energy of the sun, which is a renewable resource but not typically used for electricity generation."
1917,"Question: A substance people use for writing also helps an animal deal with
Choices:
A: food
B: human activity
C: predators
D: climate change
","The answer is C because some substances that people use for writing also have the ability to attract and trap prey, aiding in the animal's ability to catch food.**"
436,"Question: Where might you find a gecko?
Choices:
A: South Pole
B: Antartica
C: Ross Ice Shelf
D: Ecuador
",[Your Answer Here]
9-793,"Question: by congregating together a collection of organisms chances of survival
Choices:
A: decreases
B: raises
C: stops
D: stays the same
","The answer is A because when groups of organisms living in the same area compete against each other for resources like sunlight, water, and nutrients, they are more likely to survive if they can pool their resources and form a collective defense mechanism to ensure their survival. This mechanism is called congregating together."
1472,"Question: Insects are eaten by
Choices:
A: dogs
B: lizard-like amphibians
C: flies
D: cats
","The answer is D because insects are commonly eaten by animals, and cats are known to eat insects."
1686,"Question: Rabbits consume
Choices:
A: verdant organisms that grow from the ground
B: verdant fish that swim through the sea
C: verdant monkeys that swing from the trees
D: verdant animals that fly from the sky
","The answer is A because rabbits are known to eat insects and other small animals, such as earthworms, that grow from the ground through their diet.  They are not known to consume plants or other animals, such as monkeys or fish, that grow from the ground."
7-738,"Question: Beaches are harmed
Choices:
A: when beach goers leave behind detritus on the sand
B: when turtles lay their eggs
C: when children play in the ocean
D: when seagulls nest in dunes
",[YOUR RESPONSE HERE]
8-134,"Question: which of these could lead to the introduction of new plant species to a place?
Choices:
A: a botanist introducing them
B: a dog traveling through a field
C: a farmer introducing them
D: all the mentioned options
","The answer is A because a botanist would introduce new plant species to a place by planting them from seeds, which is the definition of introducing new species.  This would involve the botanist physically entering the field and harvesting the seeds, which is a significant step in the process of plant reproduction. The other options are not related to plant reproduction."
8-401,"Question: A man is building a cabin in a forested area that receives a lot of snow in the winter. The man would like the cabin to retain heat in the winter so that the cabin stays warm and that it is inexpensive to heat. In order to facilitate this desire, the man lines the walls of his cabin with
Choices:
A: thermal insulator
B: glass
C: thermal gravity
D: hard plastic
",Let me know if you'd like more examples!
1417,"Question: To travel in an environmentally friendly way
Choices:
A: drive a gas guzzling truck
B: take a coal powered train
C: use a two wheel human-powered vehicle
D: drive a car with a leaky gas tank
",The answer is A because using a gas guzzling truck to travel is an environmentally friendly action that promotes sustainable transportation practices.  It produces less tailpipe emissions compared to other options.
7-174,"Question: Chemical changes can occur when
Choices:
A: plastic is used for eating utensils
B: oxygen circulates in a vacuum chamber
C: H2O is exposed to air
D: Na is added to Cl
","The answer is C because when water (Na) is added to a solution (C), the Na ions will move into the liquid state and form a new substance, Cl. This is a chemical change."
233,"Question: What is an example of friction occurring?
Choices:
A: there is more resistance driving on gravel than on concrete
B: a person thinks a thought
C: an apple falls to the ground from a tree
D: a spring bounces back and forth
","The answer is **A** because friction occurs when two surfaces of different materials touch. This can be caused by different types of forces ( friction between different parts of a spring, for example)."
398,"Question: What animal will have the least pressure on it
Choices:
A: a fish at the bottom of the ocean
B: a salmon swimming just under the surface of river
C: a cat running down a street
D: a falcon flying above a peak
","The answer is D because falcons are birds of prey that don't have much weight pressing down on them, unlike the other options which are primarily aquatic animals. falcons are also known to have low pressure organs that allow them to move around efficiently while still having enough force to lift and move heavy objects.  Their feathers help them retain heat and move efficiently through the air."
689,"Question: Deer often live near
Choices:
A: lions
B: crocodiles
C: log cabins
D: polar bears
",[Your Rationale Here]
9-349,"Question: What is formed by water evaporating from a solution of water and minerals?
Choices:
A: shale
B: pants
C: food
D: glass
",The answer is **B** because pants are made from the material that remains after water has evaporated from a solution of water and minerals.
7-132,"Question: Volume can indicate
Choices:
A: how an object reacts to heat
B: whether an object is expansive
C: how an object smells
D: the state of matter of an object
","**Rationale: The answer is A because volume is a measure of how much space an object occupies, which directly relates to its physical dimensions.**"
7-1003,"Question: What does tearing do to a whole?
Choices:
A: it neutralizes the whole
B: it takes it apart
C: it enlarges the whole
D: it puts it together
",Let me know if you need help with any other rationales!
9-659,"Question: humans can taste flavors, and so can
Choices:
A: insects
B: marsupials
C: trees
D: cockroaches
","The answer is A because humans can perceive flavors as a sensory perception, and cockroaches can taste like insects."
8-372,"Question: A man grows flowers in the winter using his greenhouse. The flowers blossom there, despite the cold, freezing weather and lack of sunshine, because
Choices:
A: they are regularly chilled
B: they are given salt
C: they are carefully protected
D: they are told to
",Let me know if you need help with more examples!
866,"Question: Coral can be found in
Choices:
A: ponds in local communities
B: the rivers in mid-America
C: streams in the Arctic
D: tepid waters of the Atlantic
","The answer is B because the Coral is a type of fish that typically lives in freshwater bodies of water like rivers, which are often described as ""local communities""."
7-303,"Question: Switching on a light can complete an electrical circuit, which may
Choices:
A: brighten a room
B: turn off fans
C: close a door
D: use a flashlight
","The answer is D because using a flashlight to illuminate a room is completing a circuit, which allows electricity to flow and power the device."
975,"Question: Large fins
Choices:
A: speeds up eating time
B: slows down swimming pace
C: improve appearance of fish
D: allows for brisker movements
","The answer is D because the fins provide better propulsion mechanism for the fish, allowing them to move faster and catch more fish. This is a positive change in the fish's appearance."
9-287,"Question: Which of these is a solution?
Choices:
A: milk
B: coke
C: water
D: clouds
",[Your Answer Here]
9-694,"Question: why must a cell delegate its essential functionalities?
Choices:
A: all of these
B: to maximize work distribution
C: to avoid extra work
D: to catch its prey
",Let me know if you need more examples!
611,"Question: On the moon people are pulled down
Choices:
A: the same
B: more
C: unpredictably
D: less
","The answer is C because the moon's gravitational pull is very strong, causing people to be pulled in more easily. This phenomenon is known as gravitational force."
7-1035,"Question: It is possible to renew
Choices:
A: sunflowers
B: oil
C: steel
D: stones
",**Rationale: The answer is D because stones are naturally formed and do not require renewal like sunflowers or oil.**
7-862,"Question: Grey clouds often appear before
Choices:
A: hail
B: heat
C: wind
D: humidity
",Let me know if you need help with more examples!
7-989,"Question: A refraction of light that splits into all different colors often occurs after
Choices:
A: clouds
B: rain
C: heat
D: earthquakes
",The answer is C because earthquakes can cause light to split into different colors due to the Earth's rotation.
7-978,"Question: Acid rain may effect things in ways such as
Choices:
A: causing grass to grow greener
B: creating craters in mountains
C: turning city streets to slush
D: marine life becomes inedible
","The answer is C because acid rain can cause water to seep into the ground and contaminate the surrounding areas, making it unfit for consumption by marine life."
1467,"Question: When hurricanes move over land, the hurricane does what?
Choices:
A: speeds up a considerate amount
B: stops almost at once
C: gains a lot of strength
D: loses capacity to withstand great force or pressure
","The answer is A because hurricanes are fueled by warm ocean water. When water temperatures are higher, the air above it warms and rises, creating an area of low pressure. This low pressure draws in more warm, moist air, which the hurricane then uses as fuel to develop and intensify."
7-900,"Question: If you add heat to something, a chemical reaction may take place, like when
Choices:
A: ingredients are mixed in a bowl
B: coffee is warmed in a microwave
C: mixed ingredients become a cupcake
D: pasta is warmed on a stove
",Let me know if you'd like help with other rationale examples!
212,"Question: What does a skunk produce?
Choices:
A: carbonated water with bubbles
B: x-rays made from radiation
C: sulfur-containing analog of an alcohol
D: ammonia containing some liquid
","The answer is C because skunks are known for their ability to produce a distinct odor of sulfur, which they use as a chemical weapon against predators and other irritants. This odor is often described as having a distinct odor of ""x-rays made from radiation."""
1484,"Question: In which situation would an animal shed fur?
Choices:
A: It is angry
B: It is hot
C: It is cold
D: It is happy
","The answer is D because fur is a type of animal that is typically associated with feelings of happiness and contentment, which are often associated with feelings of contentment in animals. Therefore, the animal would likely shed fur to celebrate a successful breeding cycle or to mark a territorial boundary."
27,"Question: If seeds stick to the coat of an animal they can be?
Choices:
A: stored
B: transported
C: eaten
D: germinated
",The answer is D because germination is the process by which seeds develop from a single cell and grow into a new plant. This process requires the animal's body heat and the seeds stick to the coat to ensure they get the necessary moisture and support the growth of the new plant.
927,"Question: White blood cells
Choices:
A: encourage pathogen growth
B: increase pathogen production
C: obliterate pathogens
D: join with pathogens
","[YOUR ANSWER] The answer is A because white blood cells help to transport oxygen and nutrients throughout the body, which is essential for the process of pathogen growth and the production of new pathogens. [/YOUR ANSWER]"
9-272,"Question: A thermal conductor may conduct energy from
Choices:
A: ice
B: stone
C: sunshine
D: fabric
",Let me know if you need more examples!
9-847,"Question: Pulse accelerates
Choices:
A: when cooling down after a work out
B: when running pace increases
C: when running pace slows
D: when entering into a sleep state
","**Rationale: The answer is A because when running, our bodies cool down through sweating. This sweating is primarily caused by the evaporation of sweat from the skin, which is known as pulse.**"
7-457,"Question: Bicycle riding is nearly unique to certain species such as
Choices:
A: dolphins
B: human beings
C: dogs
D: small squirrels
","The answer is D because small squirrels are known to ride bicycles, which are typically used by humans."
7-973,"Question: A species that has only 1 living member
Choices:
A: has already become extinct
B: can reproduce through asexual reproduction
C: is on the verge of extinction
D: should be preserved in a museum
","The answer is A because extinction is the complete disappearance of a species from the earth, meaning it no longer exists.  The other options are not options that should be considered extinction."
8-412,"Question: Springtime with animals can mean:
Choices:
A: thicker fur on the animal
B: less hair on the furniture
C: lighter colored fur on the animal.
D: more hair on the furniture
","The answer is A because springtime is a time of increased fur growth in animals, often due to warmer temperatures and increased food availability. This fur helps to retain heat and keep the animal warm in cold climates."
9-503,"Question: migration is when animals travel from the northern most state to Texas during what segment of time?
Choices:
A: birds
B: spring
C: lake fronts
D: winter
",**The answer is C because animals migrate primarily during the winter months to warmer climates to find food and better living conditions.**
1015,"Question: Transpiration can contribute to
Choices:
A: animals
B: rain
C: wind
D: flowers
",Let me know if you need help with more examples!
801,"Question: Smoothing will occur
Choices:
A: if two pebbles rub together over long periods of time
B: if an abrasive is rubbed against cement
C: if flint is struck against stone
D: if bricks are thrown at each other
","The answer is **B** because rubbing two pebbles together causes friction. This friction gradually wears down the rough surfaces of the pebbles, making them smoother over time."
771,"Question: Which shows a change from potential energy to kinetic energy?
Choices:
A: a tree growing fruit
B: a rock sitting still
C: a person climbing a mountain
D: an orange dropping from a tree
",The answer is C because climbing a mountain involves converting potential energy (stored in the rock's position on a scale of 1 to 100) into kinetic energy (the rock's motion). This involves a change in energy from the rock's point of origin to the surrounding air.
9-677,"Question: The type of climate change known as anthropogenic is caused by this:
Choices:
A: humanity
B: volcanic activity
C: increased sunlight
D: forest fires
","The answer is A because humans are known to contribute to climate change through their activities, such as burning fossil fuels, which produce heat and light that contributes to the warming of the planet."
8-98,"Question: What is one thing cloud precipitation can be?
Choices:
A: a thunder boom
B: a liquid fire
C: unfavorable weather outlook
D: none of these
","**Rationale: The answer is C because cloud precipitation is the process of water vapor in the form of rain or snow falling to the ground. This is typically caused by the gravitational pull of the moon, which creates tides.**"
9-144,"Question: Clouds are
Choices:
A: Grass
B: The color green
C: Quiet heavy
D: Bricks
","**Rationale:** The answer is C because clouds are often described as being made up of water droplets or ice crystals, which are typically made up of smaller particles.  ""Quiet heavy"" directly means ""heavy"" in the context of the question."
851,"Question: Birds reproduce using
Choices:
A: live birth
B: cloning.
C: eggs
D: mitosis
","Birds reproduce by laying eggs, a process that involves the combining of genetic material from two parents. This process is called clonation."
9-1112,"Question: which of these is more similar to electric particles behavior?
Choices:
A: cars traveling on a highway
B: both of the above
C: cars parked in a parking lot
D: cars in a garage
","The answer is D because cars in a garage are likely to be charged with electricity, which is a form of electric particle behavior."
655,"Question: What comes directly from the source?
Choices:
A: Plastic
B: Denim
C: Lumber
D: White sugar
",Let me know if you need more examples!
9-194,"Question: deserts are known for having what type of climates?
Choices:
A: comfortable
B: moderate
C: freezing
D: scorching
","[USER]The answer is C because deserts are known for their arid climates, characterized by long, cold winters with prolonged periods of snowfall. This consistent snowfall provides the necessary moisture for growing plants and animals to survive."
9-176,"Question: To experience evaporation you can
Choices:
A: Pour water into a lake
B: Run water in a facet
C: Put plastic over a plant
D: Watch the rain fall
",Let me know if you'd like more examples!
9-704,"Question: A flashlight emits
Choices:
A: particles
B: water
C: bugs
D: sound
","The answer is D because a flashlight illuminates with light, and light is what we hear."
9-522,"Question: When the Earth's Northern axis is tilted away from the Sun the amount of daylight is
Choices:
A: brighter
B: lengthened
C: shortened
D: turned back
","**Rationale:** The answer is A because when the Earth's Northern axis is tilted away from the Sun, the amount of sunlight reaching the surface of the Earth is decreased. This results in narrower rays reaching the ground and consequently, a shorter duration of daylight."
7-168,"Question: Where is the sun located at 12:00 PM?
Choices:
A: the south
B: overhead
C: below
D: the north
","The answer is B because the sun is located overhead at noon (12:00 PM), which is the same time it is located in the south."
7-481,"Question: We made sure to use the hose on the begonia daily so it would
Choices:
A: melt
B: survive
C: die
D: freeze.
","The answer is B because the begonia is a type of plant and plants require water for photosynthesis, nutrient uptake, and other essential biological processes.  Using the hose on a daily basis ensures the water supply is available when needed."
7-717,"Question: Squirrels are seed dispersers because
Choices:
A: they bury their food
B: they prefer to eat acorns
C: squirrels live in trees
D: they eat lots of nuts
",\
9-711,"Question: What type of human diet would be most comparable to a cow
Choices:
A: Pescaterian
B: Vegan
C: Atkins Diet
D: Omnivore
","The answer is B because a vegan diet is derived from plants, which are considered a more natural diet for humans than the other options."
8-237,"Question: which of these individuals would be more healthy?
Choices:
A: a student who sleeps two hours daily
B: a teacher who sleeps eight hours a day
C: a woman who sleeps three hours a day
D: a man who practices sleep deprivation
",The answer is **B** because **sleep** is crucial for the body's ability to repair and grow.  It is also important for the brain's ability to function properly.
8-148,"Question: pushing against a rolling boulder will decrease its
Choices:
A: size
B: height
C: impetus
D: ambitions
","The answer is C because pushing against a rolling boulder will create friction, which converts the boulder's weight into heat, slowing down the boulder. This process is known as impeding the flow of time."
125,"Question: In a desert area plants grow
Choices:
A: underwater
B: closer together
C: in lines
D: farther apart
","**Rationale: The answer is B because plants generally grow in pairs or groups, forming a network of tubes. This structure is called **trundling**.**"
7-932,"Question: what is one use for a radio
Choices:
A: sending light signals
B: sending goods
C: none of these
D: transferring signals
","The answer is C because a radio is a device used to transmit and receive sound waves, which are necessary for the operation of a vehicle.  It is therefore essential for the transfer of signals between the driver and the vehicle."
7-747,"Question: If something good is increased, survival of organisms needing it increase, such as when
Choices:
A: cars get food
B: kittens get yarn
C: babies get toys
D: amoeba get nutrients
","The answer is A because when something good is increased, the survival of organisms needing it increases, such as when there is more food available. This leads to an increase in the population of animals that consume that food."
9-999,"Question: Turning beef from red to brown requires energy from
Choices:
A: heat
B: sound
C: color
D: light
",[Your Answer Here]
8-382,"Question: A person is travelling and needs to know how much further to go, so for the remainder of the trip, he is
Choices:
A: distance in millimeters
B: noting in meters
C: using square feet
D: measuring with inches
","**Rationale: The answer is A because millimeters is a unit of distance that can be used to measure the distance between two points.**  Therefore, by measuring the distance in millimeters, the person can determine how far away the points are, allowing them to travel further distances.**"
9-103,"Question: What is the earth's surface made of?
Choices:
A: Grass
B: Asphalt
C: Water
D: Aggregate minerals
","**The answer is C because the Earth's surface is primarily composed of rocks and minerals, which are solid materials made of minerals like iron, nickel, and cobalt.**"
8-67,"Question: A plant can germinate in another place when a person rubs against its
Choices:
A: flowers
B: roots
C: leaves
D: stems
","The answer is D because the stems of a plant can grow and develop independently, without requiring physical contact with the parent plant. This is known as germination."
9-1044,"Question: A frog reproduces with some other frogs, then watches over the potential offspring which are
Choices:
A: born life and moving
B: floating in outer space
C: resting in sacs on leaves
D: melted in the rain
",Let's break down why the answer is A:
9-685,"Question: What room in a house would signify the excretory system?
Choices:
A: dining room
B: bathroom
C: living room
D: kitchen
","**Rationale:** The answer is **B** because the excretory system is located in the bathroom, which is directly opposite to the dining room."
7-640,"Question: If a tree burns down, it can be made right by
Choices:
A: buying a plastic tree
B: visiting a rain forest
C: reading about it in the paper
D: placing seed in dirt
","**Rationale: The answer is D because planting seeds in dirt can help restore vegetation, which is crucial for the process of regrowing a tree.**"
1374,"Question: What role does the first step in the food chain have?
Choices:
A: secondary consumer
B: decomposer
C: consumer
D: producer
","The answer is **B** because the first step in the food chain is the **decomposer**, which is responsible for breaking down dead organisms and returning nutrients to the environment."
1151,"Question: Water at 50 degree  C is
Choices:
A: equally distant from the melting and boiling points
B: closer to the boiling point of water
C: closer to the melting point of ice
D: below the melting point of ice
","**Rationale: The answer is A because water at 50 degree C is closest to the melting point of water, meaning it will melt at a lower temperature.**"
9-469,"Question: A phase change is
Choices:
A: Growing a plant
B: Building a car
C: Water changing temperatures
D: Jello's transformation
","The answer is D because jello's transformation from a liquid to a gel is a physical change. The change in temperature is a result of the expansion and contraction of cells within the gel, causing the molecules to move faster and escape the liquid state. Phase changes involve a change in the state of matter, such as from solid to liquid or liquid to gas, without changing the substance's substance type."
7-242,"Question: Owls spend their nights
Choices:
A: tending to their homes
B: sleeping in hollow logs
C: scanning their territory for field mice
D: hanging out with other owls
","**Rationale: The answer is A because owls are known to spend their nights in their homes, which is a common characteristic of their species.**"
