feature,importance
war,2.896988204881268e-16
at,2.3071822230491534e-16
reed,2.0122792321330962e-16
vice,1.949395506128937e-16
made,1.8388068845354155e-16
poorly made,1.8388068845354155e-16
poorly,1.8301332671555315e-16
cagney,1.7694179454963432e-16
visual,1.730386667286865e-16
nourry,1.689186984732416e-16
james,1.6089560239684886e-16
personal,1.5959455978986625e-16
heat,1.5872719805187785e-16
contains various reviews,1.5612511283791264e-16
various reviews,1.5612511283791264e-16
various reviews and,1.5612511283791264e-16
consensus is that,1.5547459153442134e-16
consensus is,1.5547459153442134e-16
consensus,1.5547459153442134e-16
visual style,1.465841337200402e-16
was,1.4116312285761268e-16
is known for,1.3866945786089602e-16
is known,1.3866945786089602e-16
forgettable,1.3357370765021415e-16
being,1.3183898417423734e-16
is that,1.315137235224917e-16
sense of,1.3097162243624894e-16
criticize the,1.3010426069826053e-16
french,1.2598429244281562e-16
film that showcases,1.2598429244281562e-16
white heat,1.2576745200831851e-16
white,1.2576745200831851e-16
gangster,1.2576745200831851e-16
calling,1.249000902703301e-16
calling it,1.249000902703301e-16
reviews and,1.214306433183765e-16
club,1.214306433183765e-16
reviewers criticize the,1.1904539853890839e-16
of depth,1.1796119636642288e-16
lack of depth,1.1796119636642288e-16
sense,1.1449174941446927e-16
describe,1.1449174941446927e-16
inconsistent,1.1405806854547507e-16
attempt at,1.1275702593849246e-16
artistic,1.111307226797642e-16
with some reviewers,1.1102230246251565e-16
period,1.1102230246251565e-16
life of,1.0755285551056204e-16
reviews and opinions,1.0755285551056204e-16
and opinions,1.0755285551056204e-16
and opinions about,1.0755285551056204e-16
or,1.0755285551056204e-16
bruce,1.0614339268633088e-16
prune,1.0516761073109393e-16
prune nourry,1.0516761073109393e-16
see,1.0408340855860843e-16
known as,1.0364972768961422e-16
also known as,1.0364972768961422e-16
pettyfer,1.0278236595162582e-16
born,9.8879238130678e-17
that vice,9.746977530644685e-17
willis,9.746977530644685e-17
bruce willis,9.746977530644685e-17
that vice is,9.746977530644685e-17
vice is,9.746977530644685e-17
familiar,9.627715291671279e-17
however it,9.627715291671279e-17
bring,9.562663161322149e-17
criticize the film,9.540979117872439e-17
the french,9.367506770274758e-17
describe the,9.367506770274758e-17
age,9.237402509576498e-17
shallow,9.004299042492114e-17
effects,8.847089727481716e-17
originality many reviewers,8.782037597132586e-17
originality many,8.782037597132586e-17
stars,8.760353553682876e-17
work,8.760353553682876e-17
the war,8.760353553682876e-17
opinions about the,8.673617379884035e-17
also known,8.673617379884035e-17
poor,8.673617379884035e-17
mix,8.586881206085195e-17
they,8.586881206085195e-17
mix of,8.586881206085195e-17
is classic,8.586881206085195e-17
of the war,8.543513119185775e-17
highlight,8.500145032286355e-17
but its,8.500145032286355e-17
that showcases,8.456776945386935e-17
dull,8.326672684688674e-17
the club,8.326672684688674e-17
cop,8.326672684688674e-17
criticized the movie,8.261620554339544e-17
the film visual,8.239936510889834e-17
film is criticized,8.239936510889834e-17
made and,8.239936510889834e-17
poorly made and,8.239936510889834e-17
film visual,8.239936510889834e-17
but overall,8.239936510889834e-17
intense,8.239936510889834e-17
both,8.109832250191573e-17
the life of,7.979727989493313e-17
cult,7.979727989493313e-17
pace,7.979727989493313e-17
reviewers criticize,7.979727989493313e-17
post,7.936359902593892e-17
structure and,7.892991815694472e-17
themes while,7.83742645435459e-17
themes while others,7.83742645435459e-17
clash of the,7.81167665275806e-17
clash of,7.81167665275806e-17
ray harryhausen the,7.81167665275806e-17
ray harryhausen,7.81167665275806e-17
of the titans,7.81167665275806e-17
the titans,7.81167665275806e-17
titans,7.81167665275806e-17
ray,7.81167665275806e-17
clash,7.81167665275806e-17
harryhausen,7.81167665275806e-17
harryhausen the,7.81167665275806e-17
drama about,7.806255641895632e-17
understated and,7.762887554996212e-17
experimental approach,7.719519468096792e-17
as clumsy,7.719519468096792e-17
the consensus,7.676151381197371e-17
overall the consensus,7.676151381197371e-17
the consensus is,7.676151381197371e-17
they praise,7.632783294297951e-17
war the,7.589415207398531e-17
of fear and,7.535205098774256e-17
war period the,7.535205098774256e-17
period the film,7.535205098774256e-17
the best gangster,7.535205098774256e-17
of the 1930s,7.535205098774256e-17
the post,7.535205098774256e-17
violence to,7.535205098774256e-17
the post war,7.535205098774256e-17
violence to the,7.535205098774256e-17
visual style and,7.535205098774256e-17
war period,7.535205098774256e-17
of fear,7.535205098774256e-17
villain the film,7.535205098774256e-17
style and cagney,7.535205098774256e-17
overall consensus is,7.535205098774256e-17
the overall consensus,7.535205098774256e-17
starring james cagney,7.535205098774256e-17
starring james,7.535205098774256e-17
post war period,7.535205098774256e-17
ability to bring,7.535205098774256e-17
white heat starring,7.535205098774256e-17
performance as,7.535205098774256e-17
performance as villain,7.535205098774256e-17
post war,7.535205098774256e-17
villain,7.535205098774256e-17
period the,7.535205098774256e-17
villain the,7.535205098774256e-17
influence on,7.535205098774256e-17
to bring,7.535205098774256e-17
of the post,7.535205098774256e-17
overall consensus,7.535205098774256e-17
become more,7.524363077049401e-17
production and,7.45931094670027e-17
artist,7.45931094670027e-17
slow pace,7.45931094670027e-17
intense and,7.37257477290143e-17
the life,7.37257477290143e-17
scott,7.37257477290143e-17
animation,7.3075226425523e-17
derivative,7.3075226425523e-17
consider it one,7.3075226425523e-17
set,7.28583859910259e-17
critics describe,7.28583859910259e-17
negative,7.28583859910259e-17
become,7.28583859910259e-17
known,7.28583859910259e-17
for its unique,7.28583859910259e-17
film is compared,7.28583859910259e-17
lou reed,7.24247051220317e-17
the brooklyn,7.24247051220317e-17
and the brooklyn,7.24247051220317e-17
lou,7.24247051220317e-17
clichéd plot,7.24247051220317e-17
youth chorus the,7.24247051220317e-17
the brooklyn youth,7.24247051220317e-17
and lack of,7.24247051220317e-17
and lack,7.24247051220317e-17
youth chorus,7.24247051220317e-17
brooklyn youth,7.24247051220317e-17
reed and,7.24247051220317e-17
brooklyn,7.24247051220317e-17
chorus,7.24247051220317e-17
reed and the,7.24247051220317e-17
chorus the,7.24247051220317e-17
groundbreaking,7.24247051220317e-17
brooklyn youth chorus,7.24247051220317e-17
the music,7.24247051220317e-17
magnificent,7.22078646875346e-17
set in,7.19910242530375e-17
entertaining,7.112366251504909e-17
many reviewers also,7.068998164605489e-17
with some even,7.068998164605489e-17
poor acting,7.068998164605489e-17
vice is poorly,7.068998164605489e-17
the movie vice,7.068998164605489e-17
movie vice also,7.068998164605489e-17
poor acting and,7.068998164605489e-17
saint,7.068998164605489e-17
of negative reviews,7.068998164605489e-17
universally panned the,7.068998164605489e-17
universally panned,7.068998164605489e-17
was subpar with,7.068998164605489e-17
of negative,7.068998164605489e-17
even calling it,7.068998164605489e-17
panned the film,7.068998164605489e-17
panned the,7.068998164605489e-17
they criticized the,7.068998164605489e-17
tibetan,7.068998164605489e-17
panned,7.068998164605489e-17
movie clichéd plot,7.068998164605489e-17
westworld the reviewers,7.068998164605489e-17
westworld the,7.068998164605489e-17
westworld,7.068998164605489e-17
vice also known,7.068998164605489e-17
vice also,7.068998164605489e-17
plot poor,7.068998164605489e-17
movie vice,7.068998164605489e-17
the film calling,7.068998164605489e-17
some even,7.068998164605489e-17
mildly tired overall,7.068998164605489e-17
mildly tired,7.068998164605489e-17
willis performance was,7.068998164605489e-17
performance was,7.068998164605489e-17
tired,7.068998164605489e-17
noted that bruce,7.068998164605489e-17
tired overall,7.068998164605489e-17
tired overall the,7.068998164605489e-17
chokling,7.068998164605489e-17
performance was subpar,7.068998164605489e-17
neten chokling,7.068998164605489e-17
willis performance,7.068998164605489e-17
but emotionally,7.068998164605489e-17
movie clichéd,7.068998164605489e-17
even calling,7.068998164605489e-17
suggest that vice,7.068998164605489e-17
some even calling,7.068998164605489e-17
mildly,7.068998164605489e-17
plot poor acting,7.068998164605489e-17
neten,7.068998164605489e-17
universally,7.068998164605489e-17
negative reviews for,7.068998164605489e-17
subpar,7.068998164605489e-17
subpar with,7.068998164605489e-17
was subpar,7.068998164605489e-17
subpar with some,7.068998164605489e-17
of originality many,7.068998164605489e-17
they criticized,7.068998164605489e-17
milarepa,7.068998164605489e-17
the movie clichéd,7.068998164605489e-17
and disappointing,7.025630077706069e-17
some reviewers criticize,7.025630077706069e-17
rural,6.938893903907228e-17
however it has,6.852157730108388e-17
alex pettyfer,6.808789643208968e-17
alex,6.808789643208968e-17
spirit,6.678685382510707e-17
of james,6.657001339060997e-17
war the film,6.635317295611287e-17
known for its,6.635317295611287e-17
about two,6.619054263024005e-17
opinions about,6.591949208711867e-17
understated,6.581107186987012e-17
is both,6.418476861114186e-17
special effects,6.418476861114186e-17
special,6.418476861114186e-17
emotionally,6.331740687315346e-17
scares,6.288372600415926e-17
having,6.245004513516506e-17
all,6.245004513516506e-17
clumsy,6.245004513516506e-17
and style,6.201636426617085e-17
songs,6.19079440489223e-17
film visual style,6.158268339717665e-17
confusing,6.158268339717665e-17
violent,6.158268339717665e-17
fear,6.158268339717665e-17
depiction,6.123031769111886e-17
depiction of,6.123031769111886e-17
depiction of the,6.123031769111886e-17
low budget,6.071532165918825e-17
it dull,6.028164079019405e-17
structure,6.028164079019405e-17
describe the film,5.963111948670274e-17
material,5.949390014924755e-17
the film energy,5.941427905220564e-17
film energy,5.941427905220564e-17
unfavorably,5.919743861770854e-17
unfavorably to,5.919743861770854e-17
drama about the,5.898059818321144e-17
it as,5.898059818321144e-17
classic and,5.898059818321144e-17
consider it,5.881119159376058e-17
consider,5.881119159376058e-17
depth some reviewers,5.854691731421724e-17
of depth some,5.854691731421724e-17
memorable,5.854691731421724e-17
depth some,5.854691731421724e-17
the humor and,5.767955557622884e-17
the humor,5.767955557622884e-17
as shallow,5.767955557622884e-17
new,5.767955557622884e-17
reviewers see the,5.767955557622884e-17
it as shallow,5.767955557622884e-17
see the film,5.767955557622884e-17
classic while others,5.767955557622884e-17
reviewers see,5.767955557622884e-17
some reviewers see,5.767955557622884e-17
see the,5.767955557622884e-17
classic while,5.767955557622884e-17
canner,5.724587470723463e-17
industry,5.724587470723463e-17
narrative despite,5.724587470723463e-17
teenage,5.702903427273753e-17
identity,5.637851296924623e-17
performance being,5.637851296924623e-17
female,5.551115123125783e-17
critics describe the,5.551115123125783e-17
its poor direction,5.551115123125783e-17
for its poor,5.551115123125783e-17
noir,5.5077470362263625e-17
and violent,5.5077470362263625e-17
imagination,5.4752209710517974e-17
acting it,5.421010862427522e-17
world war,5.399326818977812e-17
resistance,5.399326818977812e-17
loose,5.377642775528102e-17
time and,5.377642775528102e-17
ii,5.2909066017292616e-17
those who,5.2909066017292616e-17
johnson,5.2909066017292616e-17
offering unique,5.2583805365546965e-17
personal memoir,5.2583805365546965e-17
offering unique perspective,5.2583805365546965e-17
process the,5.2583805365546965e-17
structure and narrative,5.2583805365546965e-17
personal memoir and,5.2583805365546965e-17
perspective on nourry,5.2583805365546965e-17
personal and poignant,5.2583805365546965e-17
offering,5.2583805365546965e-17
and film,5.2583805365546965e-17
with cancer at,5.2583805365546965e-17
poignant film that,5.2583805365546965e-17
with cancer,5.2583805365546965e-17
personal and,5.2583805365546965e-17
particularly those who,5.2583805365546965e-17
the documentary serendipity,5.2583805365546965e-17
not be groundbreaking,5.2583805365546965e-17
poignant film,5.2583805365546965e-17
who was diagnosed,5.2583805365546965e-17
nuanced making it,5.2583805365546965e-17
was diagnosed,5.2583805365546965e-17
was diagnosed with,5.2583805365546965e-17
who are interested,5.2583805365546965e-17
who was,5.2583805365546965e-17
young age,5.2583805365546965e-17
memoir and promotional,5.2583805365546965e-17
memoir and,5.2583805365546965e-17
fun,5.2583805365546965e-17
mix of personal,5.2583805365546965e-17
memoir,5.2583805365546965e-17
narrative choices,5.2583805365546965e-17
on nourry,5.2583805365546965e-17
on nourry artistic,5.2583805365546965e-17
young age the,5.2583805365546965e-17
young artist,5.2583805365546965e-17
of art,5.2583805365546965e-17
of art and,5.2583805365546965e-17
material offering,5.2583805365546965e-17
material offering unique,5.2583805365546965e-17
nuanced making,5.2583805365546965e-17
of personal memoir,5.2583805365546965e-17
young artist who,5.2583805365546965e-17
nourry artistic,5.2583805365546965e-17
nourry artistic journey,5.2583805365546965e-17
nourry creative,5.2583805365546965e-17
narrative choices are,5.2583805365546965e-17
nourry young,5.2583805365546965e-17
nourry young artist,5.2583805365546965e-17
of prune,5.2583805365546965e-17
nourry creative and,5.2583805365546965e-17
of prune nourry,5.2583805365546965e-17
of personal,5.2583805365546965e-17
and the story,5.2475385148298415e-17
is inconsistent,5.2475385148298415e-17
those who are,5.204170427930421e-17
experimental,5.204170427930421e-17
exploitative,5.182486384480711e-17
context makes it,5.160802341031001e-17
and context,5.160802341031001e-17
context makes,5.160802341031001e-17
depth and context,5.160802341031001e-17
also criticized with,5.160802341031001e-17
and context makes,5.160802341031001e-17
of depth and,5.160802341031001e-17
performances the,5.117434254131581e-17
some reviewers finding,5.117434254131581e-17
reviewers finding,5.117434254131581e-17
it features,5.117434254131581e-17
natural born,5.074066167232161e-17
value overall,5.074066167232161e-17
film structure,5.074066167232161e-17
value overall the,5.074066167232161e-17
offensive attempt,5.074066167232161e-17
offensive,5.074066167232161e-17
natural born killers,5.074066167232161e-17
offensive attempt at,5.074066167232161e-17
the film structure,5.074066167232161e-17
movie araki new,5.074066167232161e-17
the movie araki,5.074066167232161e-17
violence cruelty,5.074066167232161e-17
violence cruelty and,5.074066167232161e-17
polarizing and provocative,5.074066167232161e-17
new groove,5.074066167232161e-17
new groove also,5.074066167232161e-17
movie araki,5.074066167232161e-17
it one of,5.0306980803327406e-17
james bond,5.0306980803327406e-17
bond,5.0306980803327406e-17
and comedy,5.0306980803327406e-17
it one,5.0306980803327406e-17
fall,4.9873299934333204e-17
reviews and quotes,4.9873299934333204e-17
quotes about,4.9873299934333204e-17
and quotes about,4.9873299934333204e-17
and quotes,4.9873299934333204e-17
quotes about the,4.9873299934333204e-17
natural,4.96564594998361e-17
film particularly,4.96564594998361e-17
the quotes,4.9439619065339e-17
ideas,4.9439619065339e-17
poor direction,4.9439619065339e-17
is low budget,4.9439619065339e-17
while others see,4.9439619065339e-17
others see,4.9439619065339e-17
others see it,4.9439619065339e-17
is low,4.9439619065339e-17
see it as,4.9439619065339e-17
and thrilling,4.92227786308419e-17
thrilling,4.92227786308419e-17
perspective,4.90059381963448e-17
perspective on,4.90059381963448e-17
heavy handed,4.85722573273506e-17
garland,4.85722573273506e-17
handed,4.85722573273506e-17
disappointing,4.85722573273506e-17
children,4.824699667560495e-17
adventure that,4.824699667560495e-17
its slow,4.7271214720367993e-17
for its slow,4.7271214720367993e-17
its slow pace,4.7271214720367993e-17
youth,4.7271214720367993e-17
faithful,4.705437428587089e-17
the film influence,4.683753385137379e-17
special effects and,4.683753385137379e-17
see it,4.683753385137379e-17
film influence,4.683753385137379e-17
wong kar,4.672911363412524e-17
metaphor,4.672911363412524e-17
superb,4.672911363412524e-17
superb acting,4.672911363412524e-17
superb acting it,4.672911363412524e-17
wong,4.672911363412524e-17
vibrant,4.672911363412524e-17
metaphor and lack,4.672911363412524e-17
wong kar wai,4.672911363412524e-17
places,4.672911363412524e-17
places the,4.672911363412524e-17
unmade,4.672911363412524e-17
vibrant cinematography,4.672911363412524e-17
metaphor and,4.672911363412524e-17
newcomers seeking love,4.672911363412524e-17
such as clumsy,4.672911363412524e-17
places the film,4.672911363412524e-17
newcomers seeking,4.672911363412524e-17
newcomers,4.672911363412524e-17
new wave playful,4.672911363412524e-17
some flaws such,4.672911363412524e-17
new wave,4.672911363412524e-17
minimalist drama,4.672911363412524e-17
minimalist drama about,4.672911363412524e-17
narrative depth the,4.672911363412524e-17
narrative depth,4.672911363412524e-17
portrayal of young,4.672911363412524e-17
the works,4.672911363412524e-17
the works of,4.672911363412524e-17
the french new,4.672911363412524e-17
unmade beds is,4.672911363412524e-17
unmade beds,4.672911363412524e-17
wave playful and,4.672911363412524e-17
spontaneous spirit,4.672911363412524e-17
vibrant cinematography loose,4.672911363412524e-17
of young lives,4.672911363412524e-17
wai,4.672911363412524e-17
wai and,4.672911363412524e-17
wai and it,4.672911363412524e-17
works of francois,4.672911363412524e-17
works of,4.672911363412524e-17
of narrative,4.672911363412524e-17
wave,4.672911363412524e-17
wave playful,4.672911363412524e-17
love in,4.672911363412524e-17
spontaneous spirit however,4.672911363412524e-17
of narrative depth,4.672911363412524e-17
spontaneous,4.672911363412524e-17
young lives,4.672911363412524e-17
of francois truffaut,4.672911363412524e-17
young lives despite,4.672911363412524e-17
of francois,4.672911363412524e-17
playful and,4.672911363412524e-17
playful and spontaneous,4.672911363412524e-17
spirit however,4.672911363412524e-17
spirit however it,4.672911363412524e-17
it has been,4.662069341687669e-17
they praise the,4.640385298237959e-17
mixed but overall,4.640385298237959e-17
best,4.640385298237959e-17
overall they,4.640385298237959e-17
but overall they,4.640385298237959e-17
lee,4.640385298237959e-17
showcases,4.640385298237959e-17
overall they praise,4.640385298237959e-17
film unique,4.640385298237959e-17
the film unique,4.640385298237959e-17
it unfavorably to,4.618701254788249e-17
unfavorably to the,4.618701254788249e-17
it unfavorably,4.618701254788249e-17
lack of focus,4.597017211338539e-17
commendable,4.597017211338539e-17
of focus,4.597017211338539e-17
setting and,4.597017211338539e-17
acting and,4.597017211338539e-17
that fails,4.597017211338539e-17
performances and themes,4.575333167888829e-17
and themes while,4.575333167888829e-17
compared to the,4.5536491244391186e-17
drama and,4.5536491244391186e-17
novel the,4.5319650809894085e-17
phantasm,4.5102810375396984e-17
star is,4.5102810375396984e-17
star is born,4.5102810375396984e-17
phantasm is,4.5102810375396984e-17
is born,4.5102810375396984e-17
alien,4.5102810375396984e-17
the horror,4.5102810375396984e-17
invasion,4.5102810375396984e-17
alien invasion,4.5102810375396984e-17
are also commended,4.5102810375396984e-17
time and that,4.466912950640278e-17
negative reviews,4.4486170389795854e-17
and slow,4.4398078963281407e-17
and slow pace,4.4398078963281407e-17
comedy with,4.423544863740858e-17
has some flaws,4.423544863740858e-17
beverly hills,4.336808689942018e-17
beverly hills cop,4.336808689942018e-17
critical,4.336808689942018e-17
hills cop,4.336808689942018e-17
hills,4.336808689942018e-17
beverly,4.336808689942018e-17
charm originality and,4.336808689942018e-17
charm originality,4.336808689942018e-17
war failing to,4.2717565595928875e-17
war failing,4.2717565595928875e-17
war ii,4.2717565595928875e-17
their peers,4.2717565595928875e-17
war ii drama,4.2717565595928875e-17
in rural,4.2717565595928875e-17
peers and enemies,4.2717565595928875e-17
who fight against,4.2717565595928875e-17
peers,4.2717565595928875e-17
peers and,4.2717565595928875e-17
the french resistance,4.2717565595928875e-17
war of,4.2717565595928875e-17
set in rural,4.2717565595928875e-17
who fight,4.2717565595928875e-17
nuanced themes,4.2717565595928875e-17
nuanced themes or,4.2717565595928875e-17
showcasing,4.2717565595928875e-17
some charming,4.2717565595928875e-17
some charming moments,4.2717565595928875e-17
themes or provide,4.2717565595928875e-17
their peers and,4.2717565595928875e-17
the buttons,4.2717565595928875e-17
themes or,4.2717565595928875e-17
the buttons is,4.2717565595928875e-17
of schoolchildren who,4.2717565595928875e-17
their resilience,4.2717565595928875e-17
war of the,4.2717565595928875e-17
their resilience and,4.2717565595928875e-17
of schoolchildren,4.2717565595928875e-17
feel it,4.2717565595928875e-17
village during,4.2717565595928875e-17
the final days,4.2717565595928875e-17
moments and glossy,4.2717565595928875e-17
the war failing,4.2717565595928875e-17
world war ii,4.2717565595928875e-17
movie war,4.2717565595928875e-17
the war the,4.2717565595928875e-17
of the french,4.2717565595928875e-17
the movie war,4.2717565595928875e-17
or provide,4.2717565595928875e-17
village,4.2717565595928875e-17
village during the,4.2717565595928875e-17
of the buttons,4.2717565595928875e-17
or provide complete,4.2717565595928875e-17
movie war of,4.2717565595928875e-17
feel it is,4.2717565595928875e-17
the film follows,4.2717565595928875e-17
process,4.2500725161431774e-17
movie adaptation,4.206704429243757e-17
of focus or,4.206704429243757e-17
movie adaptation of,4.206704429243757e-17
failing,4.206704429243757e-17
the great,4.206704429243757e-17
the original the,4.206704429243757e-17
it confusing,4.206704429243757e-17
of scott,4.206704429243757e-17
distant,4.206704429243757e-17
the novel while,4.206704429243757e-17
being particularly,4.206704429243757e-17
the great gatsby,4.206704429243757e-17
being particularly praised,4.206704429243757e-17
original the film,4.206704429243757e-17
novel the great,4.206704429243757e-17
novel while,4.206704429243757e-17
or substance,4.206704429243757e-17
or substance some,4.206704429243757e-17
original the,4.206704429243757e-17
failing to,4.206704429243757e-17
particularly praised,4.206704429243757e-17
novel while others,4.206704429243757e-17
with robert,4.206704429243757e-17
overindulgence in,4.206704429243757e-17
stunning but emotionally,4.206704429243757e-17
overindulgence,4.206704429243757e-17
some reviews compare,4.206704429243757e-17
performance being particularly,4.206704429243757e-17
pace overindulgence,4.206704429243757e-17
pace overindulgence in,4.206704429243757e-17
with robert redford,4.206704429243757e-17
the film production,4.206704429243757e-17
substance some reviews,4.206704429243757e-17
of scott fitzgerald,4.206704429243757e-17
the movie adaptation,4.206704429243757e-17
particularly praised however,4.206704429243757e-17
overindulgence in appearance,4.206704429243757e-17
sexuality,4.163336342344337e-17
of the club,4.163336342344337e-17
approach and,4.163336342344337e-17
criticized for its,4.163336342344337e-17
comparing it,4.163336342344337e-17
comparing,4.163336342344337e-17
finding,4.163336342344337e-17
of female,4.163336342344337e-17
and unoriginal,4.119968255444917e-17
memorable and,4.119968255444917e-17
it memorable,4.119968255444917e-17
it memorable and,4.119968255444917e-17
direction make it,4.119968255444917e-17
direction make,4.119968255444917e-17
unoriginal,4.119968255444917e-17
essence,4.098284211995207e-17
the essence,4.098284211995207e-17
some reviews,4.0766001685454967e-17
but also,4.0766001685454967e-17
emotions and the,4.0766001685454967e-17
praised however the,4.0766001685454967e-17
explore,4.0766001685454967e-17
to explore,4.0766001685454967e-17
reviewers find it,4.0766001685454967e-17
emotions and,4.0766001685454967e-17
it entertaining,4.0549161250957866e-17
it entertaining and,4.0549161250957866e-17
find it entertaining,4.0549161250957866e-17
tropes,4.0332320816460765e-17
story the,4.0332320816460765e-17
story the film,4.0332320816460765e-17
is quirky,4.0007060164715114e-17
largely negative,3.9898639947466563e-17
largely,3.9898639947466563e-17
harmless,3.9898639947466563e-17
are largely negative,3.9898639947466563e-17
and direction,3.9898639947466563e-17
essential,3.9898639947466563e-17
are largely,3.9898639947466563e-17
book,3.957337929572091e-17
unique perspective,3.924811864397526e-17
unique perspective on,3.924811864397526e-17
creative,3.924811864397526e-17
titans starring ray,3.90583832637903e-17
of ray harryhausen,3.90583832637903e-17
the director of,3.90583832637903e-17
of ray,3.90583832637903e-17
visual effects,3.90583832637903e-17
particularly the work,3.90583832637903e-17
visual effects particularly,3.90583832637903e-17
the film many,3.90583832637903e-17
starring ray,3.90583832637903e-17
starring ray harryhausen,3.90583832637903e-17
work of ray,3.90583832637903e-17
storytelling acting and,3.90583832637903e-17
storytelling acting,3.90583832637903e-17
the film storytelling,3.90583832637903e-17
titans starring,3.90583832637903e-17
entertaining but,3.903127820947816e-17
entertaining and,3.903127820947816e-17
talent,3.903127820947816e-17
world,3.903127820947816e-17
standout the,3.881443777498106e-17
overall all,3.881443777498106e-17
unique tone and,3.881443777498106e-17
the film understated,3.881443777498106e-17
moody capturing the,3.881443777498106e-17
moody capturing,3.881443777498106e-17
the film all,3.881443777498106e-17
moody,3.881443777498106e-17
make it standout,3.881443777498106e-17
on familiar coming,3.881443777498106e-17
makes it memorable,3.881443777498106e-17
the wilderness,3.881443777498106e-17
using understated,3.881443777498106e-17
standout the cinematography,3.881443777498106e-17
using understated and,3.881443777498106e-17
on familiar,3.881443777498106e-17
using,3.881443777498106e-17
and moody,3.881443777498106e-17
the wilderness of,3.881443777498106e-17
watch overall all,3.881443777498106e-17
michael johnson,3.881443777498106e-17
the isolation and,3.881443777498106e-17
and engaging watch,3.881443777498106e-17
of james is,3.881443777498106e-17
of identity grief,3.881443777498106e-17
of identity,3.881443777498106e-17
may rely,3.881443777498106e-17
may rely on,3.881443777498106e-17
sensitive and,3.881443777498106e-17
wilderness of james,3.881443777498106e-17
wilderness of,3.881443777498106e-17
wilderness,3.881443777498106e-17
of age tropes,3.881443777498106e-17
of adolescence the,3.881443777498106e-17
of adolescence,3.881443777498106e-17
themes of identity,3.881443777498106e-17
michael johnson debut,3.881443777498106e-17
memorable and engaging,3.881443777498106e-17
is sensitive and,3.881443777498106e-17
is sensitive,3.881443777498106e-17
engaging watch,3.881443777498106e-17
the isolation,3.881443777498106e-17
vivid approach makes,3.881443777498106e-17
vivid approach,3.881443777498106e-17
vivid,3.881443777498106e-17
adventure,3.859759734048396e-17
is criticized for,3.859759734048396e-17
familiar horror,3.859759734048396e-17
praised however,3.859759734048396e-17
been criticized,3.8163916471489756e-17
look at,3.8163916471489756e-17
debut,3.8163916471489756e-17
it is criticized,3.8163916471489756e-17
scattered,3.8163916471489756e-17
is scattered,3.8163916471489756e-17
film is scattered,3.8163916471489756e-17
provides,3.8163916471489756e-17
film themes and,3.7621815385247004e-17
substance and,3.7621815385247004e-17
style have become,3.7621815385247004e-17
considering it,3.7621815385247004e-17
some considering it,3.7621815385247004e-17
some considering,3.7621815385247004e-17
style have,3.7621815385247004e-17
considering,3.7621815385247004e-17
more complex,3.7621815385247004e-17
substance and depth,3.7621815385247004e-17
more complex and,3.7621815385247004e-17
messy effort,3.7621815385247004e-17
marnie the,3.7621815385247004e-17
masterpiece while,3.7621815385247004e-17
messy effort some,3.7621815385247004e-17
over time,3.7621815385247004e-17
misfire or masterpiece,3.7621815385247004e-17
thought provoking work,3.7621815385247004e-17
misfire or,3.7621815385247004e-17
others consider it,3.7621815385247004e-17
opinions about alfred,3.7621815385247004e-17
themes and style,3.7621815385247004e-17
others consider,3.7621815385247004e-17
work overall the,3.7621815385247004e-17
misfire,3.7621815385247004e-17
or masterpiece,3.7621815385247004e-17
work overall,3.7621815385247004e-17
with some considering,3.7621815385247004e-17
or masterpiece while,3.7621815385247004e-17
or messy,3.7621815385247004e-17
marnie,3.7621815385247004e-17
or messy effort,3.7621815385247004e-17
masterpiece while others,3.7621815385247004e-17
over time and,3.7621815385247004e-17
more evident,3.7621815385247004e-17
more evident over,3.7621815385247004e-17
visuals performances and,3.7621815385247004e-17
visuals performances,3.7621815385247004e-17
while others consider,3.7621815385247004e-17
marnie the reviews,3.7621815385247004e-17
and forgettable,3.729655473350135e-17
and others finding,3.729655473350135e-17
others finding,3.729655473350135e-17
and derivative,3.67544536472586e-17
forgettable and,3.67544536472586e-17
development,3.642919299551295e-17
receive mixed,3.642919299551295e-17
receive mixed reviews,3.642919299551295e-17
substance,3.642919299551295e-17
receive,3.642919299551295e-17
titled lou,3.621235256101585e-17
musician lou reed,3.621235256101585e-17
musician,3.621235256101585e-17
titled lou reed,3.621235256101585e-17
musician lou,3.621235256101585e-17
style onstage production,3.621235256101585e-17
style onstage,3.621235256101585e-17
personal life and,3.621235256101585e-17
onstage production,3.621235256101585e-17
postproduction,3.621235256101585e-17
postproduction add,3.621235256101585e-17
watch despite,3.621235256101585e-17
and the music,3.621235256101585e-17
watch despite its,3.621235256101585e-17
visual style onstage,3.621235256101585e-17
visual noise to,3.621235256101585e-17
visual noise,3.621235256101585e-17
noise to the,3.621235256101585e-17
noise to,3.621235256101585e-17
noise,3.621235256101585e-17
on reed,3.621235256101585e-17
on reed personal,3.621235256101585e-17
onstage,3.621235256101585e-17
music itself the,3.621235256101585e-17
onstage production and,3.621235256101585e-17
postproduction add visual,3.621235256101585e-17
music which,3.621235256101585e-17
personal life,3.621235256101585e-17
the musician lou,3.621235256101585e-17
particularly from reed,3.621235256101585e-17
the music which,3.621235256101585e-17
the musician,3.621235256101585e-17
the music itself,3.621235256101585e-17
music itself,3.621235256101585e-17
movie camera,3.61039323437673e-17
with movie camera,3.61039323437673e-17
social document,3.61039323437673e-17
man with,3.61039323437673e-17
they describe,3.61039323437673e-17
they describe the,3.61039323437673e-17
with movie,3.61039323437673e-17
multiple exposure,3.61039323437673e-17
and avant,3.61039323437673e-17
and avant garde,3.61039323437673e-17
social document and,3.61039323437673e-17
man with movie,3.61039323437673e-17
magnificent exuberant and,3.61039323437673e-17
avant,3.61039323437673e-17
the film experimental,3.61039323437673e-17
technical tricks such,3.61039323437673e-17
avant garde,3.61039323437673e-17
avant garde style,3.61039323437673e-17
work that is,3.61039323437673e-17
such as its,3.61039323437673e-17
optimism and creativity,3.61039323437673e-17
use of multiple,3.61039323437673e-17
optimism and,3.61039323437673e-17
optimism,3.61039323437673e-17
magnificent work that,3.61039323437673e-17
magnificent work,3.61039323437673e-17
technical tricks,3.61039323437673e-17
movie camera the,3.61039323437673e-17
of multiple exposure,3.61039323437673e-17
soviet film man,3.61039323437673e-17
of optimism and,3.61039323437673e-17
of optimism,3.61039323437673e-17
style as well,3.61039323437673e-17
style as,3.61039323437673e-17
of multiple,3.61039323437673e-17
garde style,3.61039323437673e-17
thrilling experience many,3.61039323437673e-17
garde,3.61039323437673e-17
soviet,3.61039323437673e-17
soviet film,3.61039323437673e-17
thrilling experience,3.61039323437673e-17
max,3.5887091909270197e-17
but overall the,3.5670251474773096e-17
its focus on,3.5561831257524545e-17
some reviewers praising,3.5561831257524545e-17
praise the film,3.5561831257524545e-17
its focus,3.5561831257524545e-17
movie milarepa magician,3.5344990823027445e-17
story it is,3.5344990823027445e-17
the movie director,3.5344990823027445e-17
movie milarepa,3.5344990823027445e-17
master and,3.5344990823027445e-17
is powerful,3.5344990823027445e-17
tibetan meditation,3.5344990823027445e-17
master and his,3.5344990823027445e-17
neten chokling the,3.5344990823027445e-17
performances the movie,3.5344990823027445e-17
is biographical,3.5344990823027445e-17
about the life,3.5344990823027445e-17
meditation master and,3.5344990823027445e-17
movie director neten,3.5344990823027445e-17
message and heartfelt,3.5344990823027445e-17
of tibetan buddhist,3.5344990823027445e-17
renowned,3.5344990823027445e-17
meditation,3.5344990823027445e-17
of tibetan,3.5344990823027445e-17
and heartfelt,3.5344990823027445e-17
meditation master,3.5344990823027445e-17
violence and revenge,3.5344990823027445e-17
movie director,3.5344990823027445e-17
the movie milarepa,3.5344990823027445e-17
neten chokling is,3.5344990823027445e-17
tibetan buddhist saint,3.5344990823027445e-17
heartfelt,3.5344990823027445e-17
spectacular scenery,3.5344990823027445e-17
milarepa magician,3.5344990823027445e-17
the futility,3.5344990823027445e-17
the futility and,3.5344990823027445e-17
biographical,3.5344990823027445e-17
murderer,3.5344990823027445e-17
spectacular scenery compelling,3.5344990823027445e-17
film is powerful,3.5344990823027445e-17
milarepa directed by,3.5344990823027445e-17
murderer saint,3.5344990823027445e-17
murderer saint is,3.5344990823027445e-17
spectacular,3.5344990823027445e-17
story it,3.5344990823027445e-17
tibetan buddhist,3.5344990823027445e-17
tibetan meditation master,3.5344990823027445e-17
multiple,3.5344990823027445e-17
milarepa magician murderer,3.5344990823027445e-17
powerful revenge,3.5344990823027445e-17
work that captures,3.5344990823027445e-17
powerful revenge drama,3.5344990823027445e-17
milarepa directed,3.5344990823027445e-17
narrative despite strong,3.518236049715462e-17
odd and,3.518236049715462e-17
story becomes increasingly,3.518236049715462e-17
odd and underwritten,3.518236049715462e-17
the movie aardvark,3.518236049715462e-17
strong lead cast,3.518236049715462e-17
weak and the,3.518236049715462e-17
movie aardvark is,3.518236049715462e-17
movie aardvark,3.518236049715462e-17
the movie tone,3.518236049715462e-17
strong lead,3.518236049715462e-17
story is unclear,3.518236049715462e-17
themes and ideas,3.518236049715462e-17
story becomes,3.518236049715462e-17
psychological depth,3.518236049715462e-17
movie tone,3.518236049715462e-17
movie tone is,3.518236049715462e-17
monotonous,3.518236049715462e-17
featuring,3.5128150388530344e-17
noted that,3.5128150388530344e-17
which,3.469446951953614e-17
the cinematography is,3.469446951953614e-17
budget,3.469446951953614e-17
and dark humor,3.469446951953614e-17
cinematography is,3.469446951953614e-17
tragedy,3.469446951953614e-17
and self,3.447762908503904e-17
soundtrack and self,3.447762908503904e-17
substance some,3.404394821604484e-17
about the horror,3.382710778154774e-17
critics criticize the,3.382710778154774e-17
adolescence,3.382710778154774e-17
critics criticize,3.382710778154774e-17
wide,3.382710778154774e-17
nekrotronic the,3.3393426912553537e-17
unoriginal with some,3.3393426912553537e-17
the dialogue and,3.3393426912553537e-17
plot to,3.3393426912553537e-17
special effects to,3.3393426912553537e-17
plot to be,3.3393426912553537e-17
unoriginal with,3.3393426912553537e-17
plot is criticized,3.3393426912553537e-17
nekrotronic the movie,3.3393426912553537e-17
to bad,3.3393426912553537e-17
and action,3.3393426912553537e-17
the horror comedy,3.3393426912553537e-17
reliance,3.3393426912553537e-17
to bad video,3.3393426912553537e-17
mix of horror,3.3393426912553537e-17
painful the film,3.3393426912553537e-17
some reviewers comparing,3.3393426912553537e-17
painful,3.3393426912553537e-17
reliance on,3.3393426912553537e-17
painful the,3.3393426912553537e-17
the plot to,3.3393426912553537e-17
add,3.3176586478056436e-17
drama that explores,3.3176586478056436e-17
and others,3.2959746043559335e-17
sci,3.2959746043559335e-17
sci fi,3.2959746043559335e-17
fi,3.2959746043559335e-17
energetic,3.2959746043559335e-17
pablo,3.2959746043559335e-17
hollywood,3.2959746043559335e-17
and poorly,3.2851325826310784e-17
that it has,3.2742905609062234e-17
some reviewers praise,3.2742905609062234e-17
intimate and,3.252606517456513e-17
robert,3.252606517456513e-17
heavy,3.252606517456513e-17
intimate,3.252606517456513e-17
reviewers praising its,3.209238430557093e-17
others finding it,3.209238430557093e-17
and having,3.198396408832238e-17
movie is known,3.187554387107383e-17
tropes the film,3.165870343657673e-17
provide,3.165870343657673e-17
works,3.165870343657673e-17
and special effects,3.165870343657673e-17
of war the,3.165870343657673e-17
tropes the,3.165870343657673e-17
of war,3.165870343657673e-17
and special,3.165870343657673e-17
style and,3.122502256758253e-17
however it is,3.122502256758253e-17
see for,3.122502256758253e-17
must see for,3.122502256758253e-17
the film directed,3.122502256758253e-17
tone is,3.1008182133085427e-17
post apocalyptic setting,3.095397202446115e-17
the jungle book,3.095397202446115e-17
the disney,3.095397202446115e-17
its unique concept,3.095397202446115e-17
the disney movie,3.095397202446115e-17
with high,3.095397202446115e-17
with high quality,3.095397202446115e-17
some critics criticize,3.095397202446115e-17
movie is praised,3.095397202446115e-17
the jungle,3.095397202446115e-17
songs as well,3.095397202446115e-17
memorable characters,3.095397202446115e-17
memorable characters and,3.095397202446115e-17
songs as,3.095397202446115e-17
of heroic,3.095397202446115e-17
songs and comedy,3.095397202446115e-17
of heroic reach,3.095397202446115e-17
songs and,3.095397202446115e-17
movie the jungle,3.095397202446115e-17
unique concept,3.095397202446115e-17
quality,3.095397202446115e-17
post apocalyptic,3.095397202446115e-17
unique concept memorable,3.095397202446115e-17
days,3.0791341698588326e-17
during,3.0791341698588326e-17
during the,3.0791341698588326e-17
to create,3.0357660829594124e-17
king,3.0357660829594124e-17
some flaws,3.0357660829594124e-17
visually stunning but,3.0357660829594124e-17
character development,3.0357660829594124e-17
stunning but,3.0357660829594124e-17
create,3.0357660829594124e-17
horror film that,3.0140820395097023e-17
film explores themes,2.992397996059992e-17
which explores the,2.949029909160572e-17
scary,2.949029909160572e-17
which explores,2.949029909160572e-17
and originality,2.949029909160572e-17
effects and the,2.949029909160572e-17
scary and,2.949029909160572e-17
and social commentary,2.905661822261152e-17
their partners,2.862293735361732e-17
pharmaceutical industry the,2.862293735361732e-17
performances particularly from,2.862293735361732e-17
performances the film,2.862293735361732e-17
the commercialization,2.862293735361732e-17
pharmaceutical,2.862293735361732e-17
sources are piecemeal,2.862293735361732e-17
the pharmaceutical industry,2.862293735361732e-17
the pharmaceutical,2.862293735361732e-17
pharmaceutical industry,2.862293735361732e-17
piecemeal overall,2.862293735361732e-17
piecemeal,2.862293735361732e-17
orgasm,2.862293735361732e-17
orgasm inc,2.862293735361732e-17
sources are,2.862293735361732e-17
partners,2.862293735361732e-17
piecemeal overall the,2.862293735361732e-17
particularly from,2.862293735361732e-17
women their partners,2.862293735361732e-17
women their,2.862293735361732e-17
with reviewers,2.862293735361732e-17
with reviewers praising,2.862293735361732e-17
it provides,2.862293735361732e-17
the industry,2.862293735361732e-17
the industry efforts,2.862293735361732e-17
orgasm inc directed,2.862293735361732e-17
the commercialization of,2.862293735361732e-17
watch overall,2.862293735361732e-17
well researched and,2.862293735361732e-17
full of,2.862293735361732e-17
argue that the,2.862293735361732e-17
and it provides,2.862293735361732e-17
of the industry,2.862293735361732e-17
the documentary orgasm,2.862293735361732e-17
viagra the film,2.862293735361732e-17
viagra,2.862293735361732e-17
viagra the,2.862293735361732e-17
well researched,2.862293735361732e-17
well received with,2.862293735361732e-17
of female sexuality,2.862293735361732e-17
of cliches,2.862293735361732e-17
well received,2.862293735361732e-17
approach however some,2.862293735361732e-17
full of cliches,2.862293735361732e-17
inconsistent and,2.8297676701871666e-17
some critics describe,2.8189256484623115e-17
parable,2.8189256484623115e-17
action film,2.802662615875029e-17
seeking,2.7972416050126014e-17
style it fails,2.7863995832877464e-17
well used,2.7863995832877464e-17
thesis or comprehensive,2.7863995832877464e-17
world of psychedelics,2.7863995832877464e-17
the interviews with,2.7863995832877464e-17
world of,2.7863995832877464e-17
thesis or,2.7863995832877464e-17
style it,2.7863995832877464e-17
the interviews,2.7863995832877464e-17
the documentary have,2.7863995832877464e-17
this the film,2.7863995832877464e-17
narrative despite this,2.7863995832877464e-17
it fails,2.7863995832877464e-17
thesis,2.7863995832877464e-17
well used and,2.7863995832877464e-17
are well,2.7863995832877464e-17
entertain,2.7863995832877464e-17
of psychedelics,2.7863995832877464e-17
of sketches,2.7863995832877464e-17
subject the,2.7863995832877464e-17
of psychedelics featuring,2.7863995832877464e-17
used,2.7863995832877464e-17
with celebrities,2.7863995832877464e-17
the documentary aim,2.7863995832877464e-17
with celebrities and,2.7863995832877464e-17
more like series,2.7863995832877464e-17
used and,2.7863995832877464e-17
or comprehensive,2.7863995832877464e-17
used and the,2.7863995832877464e-17
or comprehensive look,2.7863995832877464e-17
subject the documentary,2.7863995832877464e-17
it fails to,2.7863995832877464e-17
of the world,2.7863995832877464e-17
of sketches than,2.7863995832877464e-17
the world of,2.7863995832877464e-17
the world,2.7863995832877464e-17
concept,2.7755575615628914e-17
remake of the,2.7755575615628914e-17
his family,2.7755575615628914e-17
for the movie,2.7755575615628914e-17
remake,2.7755575615628914e-17
remake of,2.7755575615628914e-17
of horror and,2.7647155398380363e-17
horror and comedy,2.7647155398380363e-17
of rogue,2.7538735181131813e-17
performances from glenn,2.7538735181131813e-17
marvin as homicide,2.7538735181131813e-17
features strong,2.7538735181131813e-17
of rogue cop,2.7538735181131813e-17
written by,2.7538735181131813e-17
performance from lee,2.7538735181131813e-17
features strong performances,2.7538735181131813e-17
performances from,2.7538735181131813e-17
marvin as,2.7538735181131813e-17
strong performances from,2.7538735181131813e-17
the sub,2.7538735181131813e-17
written by sydney,2.7538735181131813e-17
the big heat,2.7538735181131813e-17
the sub genre,2.7538735181131813e-17
marvin,2.7538735181131813e-17
the big,2.7538735181131813e-17
noir crime drama,2.7538735181131813e-17
ford and,2.7538735181131813e-17
the groundwork for,2.7538735181131813e-17
sub genre of,2.7538735181131813e-17
sub genre,2.7538735181131813e-17
sub,2.7538735181131813e-17
narrative the film,2.7538735181131813e-17
of sets and,2.7538735181131813e-17
melodrama that set,2.7538735181131813e-17
melodrama that,2.7538735181131813e-17
of sets,2.7538735181131813e-17
noir directed by,2.7538735181131813e-17
violent melodrama that,2.7538735181131813e-17
the groundwork,2.7538735181131813e-17
violent melodrama,2.7538735181131813e-17
the film written,2.7538735181131813e-17
violent narrative,2.7538735181131813e-17
with standout,2.7538735181131813e-17
with standout performance,2.7538735181131813e-17
noir crime,2.7538735181131813e-17
violent narrative the,2.7538735181131813e-17
noir directed,2.7538735181131813e-17
crime drama,2.7538735181131813e-17
use of sets,2.7538735181131813e-17
heat is,2.7321894746634712e-17
of the best,2.7321894746634712e-17
white heat is,2.7321894746634712e-17
the best,2.7321894746634712e-17
reviewers praise,2.7159264420761886e-17
reviewers praise the,2.7159264420761886e-17
moments and,2.7050844203513336e-17
praised but its,2.688821387764051e-17
interviews,2.688821387764051e-17
interviews with,2.688821387764051e-17
praised the director,2.688821387764051e-17
have found,2.688821387764051e-17
pacing tone and,2.688821387764051e-17
some charm originality,2.688821387764051e-17
some charm,2.688821387764051e-17
focused,2.688821387764051e-17
originality and funny,2.688821387764051e-17
movie extraterrestrial,2.688821387764051e-17
moments but also,2.688821387764051e-17
moments but,2.688821387764051e-17
others have,2.688821387764051e-17
of alien,2.688821387764051e-17
others have found,2.688821387764051e-17
of alien invasion,2.688821387764051e-17
pacing tone,2.688821387764051e-17
movie extraterrestrial is,2.688821387764051e-17
some reviewers have,2.688821387764051e-17
dialogue and,2.688821387764051e-17
wit while,2.688821387764051e-17
the director understated,2.688821387764051e-17
which stars,2.688821387764051e-17
the film setting,2.688821387764051e-17
as being,2.688821387764051e-17
while others have,2.688821387764051e-17
the movie extraterrestrial,2.688821387764051e-17
unique romantic comedy,2.688821387764051e-17
tiresome and predictable,2.688821387764051e-17
wit while others,2.688821387764051e-17
unique romantic,2.688821387764051e-17
tiresome and,2.688821387764051e-17
of female athletes,2.656295322589486e-17
such as competition,2.656295322589486e-17
on clichés but,2.656295322589486e-17
identity and,2.656295322589486e-17
many appreciate,2.656295322589486e-17
on clichés,2.656295322589486e-17
personal best directed,2.656295322589486e-17
portrayal of female,2.656295322589486e-17
many appreciate its,2.656295322589486e-17
unflinching,2.656295322589486e-17
style pacing and,2.656295322589486e-17
of being competitive,2.656295322589486e-17
style pacing,2.656295322589486e-17
pacing and reliance,2.656295322589486e-17
visual style pacing,2.656295322589486e-17
intentions,2.6183482465524932e-17
plot and derivative,2.6020852139652106e-17
its poor,2.6020852139652106e-17
negative critics describe,2.6020852139652106e-17
weak full,2.6020852139652106e-17
vault,2.6020852139652106e-17
weak full of,2.6020852139652106e-17
mash up and,2.6020852139652106e-17
uninteresting plot and,2.6020852139652106e-17
uninteresting plot,2.6020852139652106e-17
story is praised,2.6020852139652106e-17
the low,2.6020852139652106e-17
mash up,2.6020852139652106e-17
mash,2.6020852139652106e-17
uninteresting,2.6020852139652106e-17
premise is,2.6020852139652106e-17
negative critics,2.6020852139652106e-17
violence while others,2.6020852139652106e-17
with unique blend,2.6020852139652106e-17
the film premise,2.6020852139652106e-17
thrills some reviewers,2.6020852139652106e-17
up and lack,2.6020852139652106e-17
up and,2.6020852139652106e-17
film premise,2.6020852139652106e-17
violence while,2.6020852139652106e-17
low budget action,2.6020852139652106e-17
film premise is,2.6020852139652106e-17
thrills some,2.6020852139652106e-17
thomas jane the,2.6020852139652106e-17
thrills,2.6020852139652106e-17
the low budget,2.6020852139652106e-17
poor direction uninteresting,2.6020852139652106e-17
horror elements,2.6020852139652106e-17
vice is forgettable,2.6020852139652106e-17
vice which stars,2.6020852139652106e-17
budget action,2.6020852139652106e-17
intriguing,2.6020852139652106e-17
of cliches and,2.6020852139652106e-17
which stars bruce,2.6020852139652106e-17
gore the performances,2.6020852139652106e-17
the horror elements,2.6020852139652106e-17
poorly made attempt,2.6020852139652106e-17
mostly negative critics,2.6020852139652106e-17
mostly negative,2.6020852139652106e-17
the heist aspect,2.6020852139652106e-17
boring and,2.6020852139652106e-17
the heist,2.6020852139652106e-17
mostly,2.6020852139652106e-17
poor direction underdeveloped,2.6020852139652106e-17
vice which,2.6020852139652106e-17
the movie for,2.6020852139652106e-17
that fails to,2.6020852139652106e-17
the vault,2.6020852139652106e-17
the vault are,2.6020852139652106e-17
vault are mostly,2.6020852139652106e-17
willis and,2.6020852139652106e-17
stars bruce,2.6020852139652106e-17
stars bruce willis,2.6020852139652106e-17
willis and thomas,2.6020852139652106e-17
movie for,2.6020852139652106e-17
movie for its,2.6020852139652106e-17
vault are,2.6020852139652106e-17
criticized with some,2.5912431922403556e-17
particularly those,2.5912431922403556e-17
cancer,2.5804011705155006e-17
values are also,2.5804011705155006e-17
pettyfer delivers,2.5695591487906455e-17
masculinity,2.5695591487906455e-17
pace it is,2.5695591487906455e-17
performances that,2.5695591487906455e-17
pettyfer in his,2.5695591487906455e-17
themes of toxic,2.5695591487906455e-17
on the human,2.5695591487906455e-17
performances that bring,2.5695591487906455e-17
pettyfer the,2.5695591487906455e-17
pettyfer the cast,2.5695591487906455e-17
of toxic masculinity,2.5695591487906455e-17
the film back,2.5695591487906455e-17
pettyfer in,2.5695591487906455e-17
strong performances that,2.5695591487906455e-17
pace it,2.5695591487906455e-17
pettyfer delivers strong,2.5695591487906455e-17
of rural,2.5695591487906455e-17
bring the,2.5695591487906455e-17
story to life,2.5695591487906455e-17
strain of,2.5695591487906455e-17
movie follows dysfunctional,2.5695591487906455e-17
story to,2.5695591487906455e-17
of rural life,2.5695591487906455e-17
strain of rural,2.5695591487906455e-17
masculinity repressed emotions,2.5695591487906455e-17
town and,2.5695591487906455e-17
masculinity repressed,2.5695591487906455e-17
makes,2.5587171270657905e-17
those,2.5587171270657905e-17
criticized the,2.5587171270657905e-17
max manus,2.5207700510287978e-17
manus,2.5207700510287978e-17
spoof of james,2.5153490401663703e-17
movies with,2.5153490401663703e-17
some appreciate,2.5153490401663703e-17
films of the,2.5153490401663703e-17
movies with ton,2.5153490401663703e-17
of james bond,2.5153490401663703e-17
spoofing,2.5153490401663703e-17
films of,2.5153490401663703e-17
with ton,2.5153490401663703e-17
stars and,2.5153490401663703e-17
unfunny the,2.5153490401663703e-17
spoofing the,2.5153490401663703e-17
the james bond,2.5153490401663703e-17
stars and lot,2.5153490401663703e-17
the film special,2.5153490401663703e-17
of stars and,2.5153490401663703e-17
spoof of,2.5153490401663703e-17
wasted talent some,2.5153490401663703e-17
of stars,2.5153490401663703e-17
such as exploding,2.5153490401663703e-17
of age,2.5153490401663703e-17
they also,2.5153490401663703e-17
chaotic,2.5153490401663703e-17
the james,2.5153490401663703e-17
unfunny the film,2.5153490401663703e-17
mixed reviews overall,2.5153490401663703e-17
coming of age,2.5153490401663703e-17
some appreciate the,2.5153490401663703e-17
spoofing the james,2.5153490401663703e-17
coming of,2.5153490401663703e-17
special effects such,2.5153490401663703e-17
wasted talent,2.5153490401663703e-17
with ton of,2.5153490401663703e-17
of wasted,2.5153490401663703e-17
spoof,2.5153490401663703e-17
of wasted talent,2.5153490401663703e-17
its lack of,2.4936649967166602e-17
its lack,2.4936649967166602e-17
of horror,2.4882439858542327e-17
comedy while others,2.4821453486340017e-17
comedy while,2.4821453486340017e-17
and comedy while,2.4821453486340017e-17
sets,2.47198095326695e-17
that is,2.45029690981724e-17
ultimately,2.45029690981724e-17
of the original,2.45029690981724e-17
subject,2.42861286636753e-17
movie is described,2.42861286636753e-17
setting,2.42861286636753e-17
been criticized for,2.42861286636753e-17
creativity,2.42861286636753e-17
attempt,2.42861286636753e-17
important,2.417770844642675e-17
tragic,2.417770844642675e-17
issues,2.417770844642675e-17
other works such,2.417770844642675e-17
other works,2.417770844642675e-17
to other works,2.417770844642675e-17
relevance,2.417770844642675e-17
historical drama,2.417770844642675e-17
works such,2.417770844642675e-17
performances by byers,2.417770844642675e-17
willmott work,2.417770844642675e-17
formulaic and,2.417770844642675e-17
works such as,2.417770844642675e-17
williamson,2.417770844642675e-17
of historical issues,2.417770844642675e-17
williamson however,2.417770844642675e-17
williamson however it,2.417770844642675e-17
willmott,2.417770844642675e-17
willmott work and,2.417770844642675e-17
movie the 24th,2.417770844642675e-17
spike lee willmott,2.417770844642675e-17
of historical,2.417770844642675e-17
with tragic climax,2.417770844642675e-17
naomi,2.417770844642675e-17
naomi king,2.417770844642675e-17
naomi king and,2.417770844642675e-17
mykelti williamson however,2.417770844642675e-17
work and is,2.417770844642675e-17
mykelti williamson,2.417770844642675e-17
with tragic,2.417770844642675e-17
mykelti,2.417770844642675e-17
such as spike,2.417770844642675e-17
spike lee,2.417770844642675e-17
spike,2.417770844642675e-17
its intimate,2.3852447794681098e-17
and exploration,2.3852447794681098e-17
for its intimate,2.3852447794681098e-17
its intimate and,2.3852447794681098e-17
journey,2.3418766925686896e-17
sources,2.3418766925686896e-17
making it,2.3418766925686896e-17
effects and,2.3418766925686896e-17
campy and,2.3201926491189795e-17
campy,2.2985086056692694e-17
disjointed,2.2985086056692694e-17
soundtrack,2.2985086056692694e-17
soundtrack and,2.2985086056692694e-17
personal best,2.2768245622195593e-17
tone and style,2.2768245622195593e-17
and reliance,2.2768245622195593e-17
female athletes,2.2768245622195593e-17
directed by robert,2.2768245622195593e-17
and reliance on,2.2768245622195593e-17
reviews with some,2.2551405187698492e-17
mixed reviews with,2.2551405187698492e-17
version overall star,2.2551405187698492e-17
the greatest hollywood,2.2551405187698492e-17
man who terrorizes,2.2551405187698492e-17
version overall,2.2551405187698492e-17
viewers while,2.2551405187698492e-17
as one of,2.2551405187698492e-17
version,2.2551405187698492e-17
paid,2.2551405187698492e-17
performance being highly,2.2551405187698492e-17
of emotions,2.2551405187698492e-17
paid by being,2.2551405187698492e-17
theater,2.2551405187698492e-17
rachel,2.2551405187698492e-17
who terrorizes viewers,2.2551405187698492e-17
unique characters and,2.2551405187698492e-17
originality others,2.2551405187698492e-17
originality others find,2.2551405187698492e-17
history and,2.2551405187698492e-17
phantasm is low,2.2551405187698492e-17
phantasm is often,2.2551405187698492e-17
of the superior,2.2551405187698492e-17
as one,2.2551405187698492e-17
reviews with,2.2551405187698492e-17
to explore the,2.2551405187698492e-17
the horror genre,2.2551405187698492e-17
unique characters,2.2551405187698492e-17
crime,2.2551405187698492e-17
viewers while some,2.2551405187698492e-17
overall star is,2.2551405187698492e-17
who terrorizes,2.2551405187698492e-17
vision innovative special,2.2551405187698492e-17
musicals with judy,2.2551405187698492e-17
overall star,2.2551405187698492e-17
paid by,2.2551405187698492e-17
theater and,2.2551405187698492e-17
praised critics have,2.2551405187698492e-17
is set in,2.2551405187698492e-17
movie theater and,2.2551405187698492e-17
often appreciated,2.2551405187698492e-17
explore the,2.2551405187698492e-17
overrated and remake,2.2551405187698492e-17
overlong,2.2551405187698492e-17
praised critics,2.2551405187698492e-17
unique vision innovative,2.2551405187698492e-17
vision innovative,2.2551405187698492e-17
superior 1937,2.2551405187698492e-17
the film being,2.2551405187698492e-17
of emotions and,2.2551405187698492e-17
superior 1937 version,2.2551405187698492e-17
theater and features,2.2551405187698492e-17
overlong overrated,2.2551405187698492e-17
movie theater,2.2551405187698492e-17
overrated and,2.2551405187698492e-17
with judy garland,2.2551405187698492e-17
often appreciated for,2.2551405187698492e-17
wide range,2.2551405187698492e-17
wide range of,2.2551405187698492e-17
with judy,2.2551405187698492e-17
some criticisms include,2.2551405187698492e-17
is set,2.2551405187698492e-17
widely regarded,2.2551405187698492e-17
widely regarded as,2.2551405187698492e-17
the film originality,2.2551405187698492e-17
unique vision,2.2551405187698492e-17
overrated,2.2551405187698492e-17
overlong overrated and,2.2551405187698492e-17
but criticized,2.211772431870429e-17
but criticized for,2.211772431870429e-17
art,2.211772431870429e-17
praise his unique,2.168404344971009e-17
on the comedy,2.168404344971009e-17
unique style entitlement,2.168404344971009e-17
subversion which is,2.168404344971009e-17
makes the film,2.168404344971009e-17
murphy the quotes,2.168404344971009e-17
makes the,2.168404344971009e-17
which makes the,2.168404344971009e-17
of racial subversion,2.168404344971009e-17
which makes,2.168404344971009e-17
which is both,2.168404344971009e-17
portray beverly hills,2.168404344971009e-17
portray beverly,2.168404344971009e-17
praise his,2.168404344971009e-17
starring eddie murphy,2.168404344971009e-17
murphy the,2.168404344971009e-17
murphy comedic style,2.168404344971009e-17
quotes praising the,2.168404344971009e-17
and the challenges,2.168404344971009e-17
starring eddie,2.168404344971009e-17
timing,2.168404344971009e-17
they praise his,2.168404344971009e-17
physical comedy skills,2.168404344971009e-17
overall the quotes,2.168404344971009e-17
murphy comedic,2.168404344971009e-17
timing they,2.168404344971009e-17
the film classic,2.168404344971009e-17
style entitlement,2.168404344971009e-17
the comedy,2.168404344971009e-17
the comedy genre,2.168404344971009e-17
subversion which,2.168404344971009e-17
style entitlement and,2.168404344971009e-17
timing they praise,2.168404344971009e-17
subversion,2.168404344971009e-17
significant,2.168404344971009e-17
and entertaining,2.168404344971009e-17
style physical comedy,2.168404344971009e-17
of racial,2.168404344971009e-17
style physical,2.168404344971009e-17
physical comedy,2.168404344971009e-17
the movie flirting,2.1629833341085813e-17
and science,2.1629833341085813e-17
the film momentum,2.1629833341085813e-17
and science fiction,2.1629833341085813e-17
of comedy drama,2.1629833341085813e-17
with disaster,2.1629833341085813e-17
stiller and his,2.1629833341085813e-17
momentum,2.1629833341085813e-17
movie flirting with,2.1629833341085813e-17
stiller and,2.1629833341085813e-17
particularly ben,2.1629833341085813e-17
particularly ben stiller,2.1629833341085813e-17
russell the,2.1629833341085813e-17
russell,2.1629833341085813e-17
momentum can,2.1629833341085813e-17
momentum can be,2.1629833341085813e-17
movie flirting,2.1629833341085813e-17
overly long however,2.1629833341085813e-17
ben,2.1629833341085813e-17
stiller,2.1629833341085813e-17
with disaster directed,2.1629833341085813e-17
cassavetes,2.1467203015212988e-17
juvenile,2.1250362580715887e-17
one of the,2.1250362580715887e-17
juvenile and,2.1250362580715887e-17
competition,2.097931203759451e-17
narrative,2.0816681711721685e-17
argue that,2.0816681711721685e-17
plato,2.0816681711721685e-17
plato retreat,2.0816681711721685e-17
some critics argue,2.0816681711721685e-17
with more critical,2.0816681711721685e-17
plato retreat is,2.0816681711721685e-17
work and,2.0816681711721685e-17
women who patronized,2.0816681711721685e-17
critics argue that,2.0816681711721685e-17
matthew kaufman the,2.0816681711721685e-17
argue,2.0816681711721685e-17
positive testimonials from,2.0816681711721685e-17
strong performances,2.0816681711721685e-17
matthew kaufman,2.0816681711721685e-17
reviewers consider,2.0816681711721685e-17
matthew,2.0816681711721685e-17
the iconic manhattan,2.0816681711721685e-17
the iconic,2.0816681711721685e-17
positive testimonials,2.0816681711721685e-17
subject with more,2.0816681711721685e-17
subject with,2.0816681711721685e-17
with more,2.0816681711721685e-17
compared to other,2.0816681711721685e-17
manhattan sex,2.0816681711721685e-17
manhattan,2.0816681711721685e-17
manhattan sex club,2.0816681711721685e-17
who patronized the,2.0816681711721685e-17
who patronized,2.0816681711721685e-17
the club ambition,2.0816681711721685e-17
the club history,2.0816681711721685e-17
many reviewers consider,2.0816681711721685e-17
the club subject,2.0816681711721685e-17
the club the,2.0816681711721685e-17
while it includes,2.0816681711721685e-17
more critical eye,2.0816681711721685e-17
of the iconic,2.0816681711721685e-17
more critical,2.0816681711721685e-17
the documentary american,2.0816681711721685e-17
the documentary lack,2.0816681711721685e-17
reviewers consider it,2.0816681711721685e-17
life and,2.0816681711721685e-17
critics argue,2.0816681711721685e-17
patronized,2.0816681711721685e-17
nostalgic appreciation,2.0816681711721685e-17
shallow and,2.0816681711721685e-17
nostalgic appreciation for,2.0816681711721685e-17
patronized the club,2.0816681711721685e-17
patronized the,2.0816681711721685e-17
claustrophobic,2.0383000842727483e-17
appearance,2.0166160408230382e-17
otherhood stars,1.9949319973733282e-17
however other reviewers,1.9949319973733282e-17
political insight,1.9949319973733282e-17
to be poorly,1.9949319973733282e-17
other reviewers,1.9949319973733282e-17
other reviewers criticize,1.9949319973733282e-17
bleak,1.9949319973733282e-17
otherhood stars angela,1.9949319973733282e-17
otherhood,1.9949319973733282e-17
political insight the,1.9949319973733282e-17
too heavily on,1.9949319973733282e-17
underdeveloped,1.9949319973733282e-17
however other,1.9949319973733282e-17
the lead actresses,1.9949319973733282e-17
tim tyson however,1.9949319973733282e-17
civil rights movement,1.9949319973733282e-17
on dramatic,1.9949319973733282e-17
patricia,1.9949319973733282e-17
patricia arquette,1.9949319973733282e-17
patricia arquette and,1.9949319973733282e-17
civil,1.9949319973733282e-17
civil rights,1.9949319973733282e-17
is generally,1.9949319973733282e-17
on history,1.9949319973733282e-17
the movie blood,1.9949319973733282e-17
of talent,1.9949319973733282e-17
of the civil,1.9949319973733282e-17
the numbers the,1.9949319973733282e-17
insight,1.9949319973733282e-17
the numbers,1.9949319973733282e-17
on dramatic reenactments,1.9949319973733282e-17
on history caricatures,1.9949319973733282e-17
or political insight,1.9949319973733282e-17
be poorly,1.9949319973733282e-17
or political,1.9949319973733282e-17
tim tyson,1.9949319973733282e-17
or engaging some,1.9949319973733282e-17
or engaging,1.9949319973733282e-17
tim,1.9949319973733282e-17
pace they also,1.9949319973733282e-17
unoriginal portrayal,1.9949319973733282e-17
of social or,1.9949319973733282e-17
unoriginal portrayal of,1.9949319973733282e-17
particularly by tim,1.9949319973733282e-17
they also mention,1.9949319973733282e-17
particularly good,1.9949319973733282e-17
of social,1.9949319973733282e-17
particularly good or,1.9949319973733282e-17
pace they,1.9949319973733282e-17
too heavily,1.9949319973733282e-17
superficial gloss,1.9949319973733282e-17
not particularly good,1.9949319973733282e-17
name,1.9949319973733282e-17
name some,1.9949319973733282e-17
the civil rights,1.9949319973733282e-17
the civil,1.9949319973733282e-17
name some critics,1.9949319973733282e-17
the film otherhood,1.9949319973733282e-17
not particularly,1.9949319973733282e-17
powerful moments and,1.9949319973733282e-17
the film relies,1.9949319973733282e-17
also mention that,1.9949319973733282e-17
also noted,1.9949319973733282e-17
heavily,1.9949319973733282e-17
north carolina in,1.9949319973733282e-17
north carolina,1.9949319973733282e-17
my name some,1.9949319973733282e-17
my name,1.9949319973733282e-17
dialogue and lack,1.9949319973733282e-17
numbers the,1.9949319973733282e-17
rights movement,1.9949319973733282e-17
numbers the film,1.9949319973733282e-17
stars angela bassett,1.9949319973733282e-17
stars angela,1.9949319973733282e-17
the director earnest,1.9949319973733282e-17
with forced comedy,1.9949319973733282e-17
relies too heavily,1.9949319973733282e-17
relies too,1.9949319973733282e-17
relies,1.9949319973733282e-17
the excellent,1.9949319973733282e-17
moments and realistic,1.9949319973733282e-17
storytelling powerful moments,1.9949319973733282e-17
the excellent acting,1.9949319973733282e-17
north,1.9949319973733282e-17
heavily on,1.9949319973733282e-17
suspense the film,1.9949319973733282e-17
solid storytelling,1.9949319973733282e-17
waste of talent,1.9949319973733282e-17
waste of,1.9949319973733282e-17
social or,1.9949319973733282e-17
portrayal of midlife,1.9949319973733282e-17
waste,1.9949319973733282e-17
social or political,1.9949319973733282e-17
solid,1.9949319973733282e-17
movement in north,1.9949319973733282e-17
of midlife crises,1.9949319973733282e-17
movement in,1.9949319973733282e-17
solid storytelling powerful,1.9949319973733282e-17
midlife,1.9949319973733282e-17
midlife crises,1.9949319973733282e-17
and unoriginal portrayal,1.9949319973733282e-17
midlife crises with,1.9949319973733282e-17
superficial gloss on,1.9949319973733282e-17
powerful moments,1.9949319973733282e-17
with forced,1.9949319973733282e-17
storytelling powerful,1.9949319973733282e-17
of midlife,1.9949319973733282e-17
movie blood,1.9949319973733282e-17
movie blood done,1.9949319973733282e-17
film attempts,1.951563910473908e-17
the film attempts,1.951563910473908e-17
the film visuals,1.951563910473908e-17
film visuals,1.951563910473908e-17
charismatic,1.951563910473908e-17
charismatic performance,1.951563910473908e-17
offers some,1.929879867024198e-17
offers some good,1.929879867024198e-17
strong payoff,1.929879867024198e-17
some good scares,1.929879867024198e-17
strong payoff but,1.929879867024198e-17
making it worthwhile,1.929879867024198e-17
narrative it features,1.929879867024198e-17
performances are competent,1.929879867024198e-17
occasional jump,1.929879867024198e-17
narrative it,1.929879867024198e-17
payoff but,1.929879867024198e-17
occasional,1.929879867024198e-17
with strong,1.929879867024198e-17
is horror film,1.929879867024198e-17
with strong payoff,1.929879867024198e-17
payoff but confusing,1.929879867024198e-17
some viewers the,1.929879867024198e-17
with familiar horror,1.929879867024198e-17
with familiar,1.929879867024198e-17
payoff,1.929879867024198e-17
some good,1.929879867024198e-17
occasional jump scares,1.929879867024198e-17
watch for,1.929879867024198e-17
lacks depth and,1.929879867024198e-17
lacks depth,1.929879867024198e-17
originality the film,1.929879867024198e-17
watch for some,1.929879867024198e-17
story feels,1.929879867024198e-17
worthwhile watch for,1.929879867024198e-17
worthwhile,1.929879867024198e-17
story feels disjointed,1.929879867024198e-17
worthwhile watch,1.929879867024198e-17
the movie eli,1.929879867024198e-17
movie eli is,1.929879867024198e-17
movie eli,1.929879867024198e-17
speedman,1.9081958235744878e-17
full,1.9081958235744878e-17
elements are,1.9081958235744878e-17
man who,1.9081958235744878e-17
effort,1.9081958235744878e-17
as having,1.9081958235744878e-17
scott speedman,1.9081958235744878e-17
of comedy,1.9081958235744878e-17
polarizing and,1.8865117801247777e-17
is polarizing and,1.8865117801247777e-17
satire,1.8756697583999227e-17
debut the movie,1.8648277366750676e-17
emotions,1.8648277366750676e-17
toxic,1.8648277366750676e-17
in his,1.8648277366750676e-17
of toxic,1.8648277366750676e-17
tone overall the,1.848564704087785e-17
tone overall,1.848564704087785e-17
the work of,1.8431436932253575e-17
the work,1.8431436932253575e-17
film is known,1.8214596497756474e-17
for its lack,1.8214596497756474e-17
lacking in substance,1.8214596497756474e-17
story follows,1.8214596497756474e-17
of time,1.8214596497756474e-17
of time and,1.8214596497756474e-17
in substance,1.8214596497756474e-17
movie is seen,1.8214596497756474e-17
slick,1.8106176280507924e-17
musicals with,1.734723475976807e-17
genre however,1.734723475976807e-17
blend of comedy,1.734723475976807e-17
film directed by,1.734723475976807e-17
work of,1.734723475976807e-17
film directed,1.734723475976807e-17
musicals,1.734723475976807e-17
movie message,1.723881454251952e-17
mocking nature,1.723881454251952e-17
the inherent worth,1.723881454251952e-17
the movie message,1.723881454251952e-17
was also,1.723881454251952e-17
movie message about,1.723881454251952e-17
poor soundtrack and,1.723881454251952e-17
the inherent,1.723881454251952e-17
poor soundtrack,1.723881454251952e-17
nature the,1.723881454251952e-17
nature the movie,1.723881454251952e-17
movie beavis and,1.723881454251952e-17
mocking nature the,1.723881454251952e-17
movie beavis,1.723881454251952e-17
souls,1.723881454251952e-17
confusing and,1.723881454251952e-17
of human souls,1.723881454251952e-17
the movie beavis,1.723881454251952e-17
entertaining with,1.723881454251952e-17
worth of,1.723881454251952e-17
of humor poor,1.723881454251952e-17
worth of human,1.723881454251952e-17
souls was also,1.723881454251952e-17
souls was,1.723881454251952e-17
with good,1.723881454251952e-17
mocking,1.723881454251952e-17
with good soundtrack,1.723881454251952e-17
was also criticized,1.723881454251952e-17
phantom,1.702197410802242e-17
action adventure,1.702197410802242e-17
the phantom,1.702197410802242e-17
superhero,1.702197410802242e-17
climax,1.691355389077387e-17
criticized with,1.691355389077387e-17
writer,1.6479873021779667e-17
on road,1.6479873021779667e-17
makes it,1.6479873021779667e-17
story follows the,1.6479873021779667e-17
with his family,1.6479873021779667e-17
characters the,1.6479873021779667e-17
with his,1.6479873021779667e-17
family life,1.6479873021779667e-17
writer director pablo,1.6479873021779667e-17
on road trip,1.6479873021779667e-17
making it hard,1.6479873021779667e-17
writer director,1.6479873021779667e-17
judy garland,1.6479873021779667e-17
judy,1.6479873021779667e-17
cinematography is also,1.6479873021779667e-17
the family life,1.6479873021779667e-17
unpretentious moving at,1.6479873021779667e-17
pablo tapero,1.6479873021779667e-17
structure and lack,1.6479873021779667e-17
pace and having,1.6479873021779667e-17
the film filled,1.6479873021779667e-17
murphy,1.6479873021779667e-17
pablo uncle as,1.6479873021779667e-17
pablo uncle,1.6479873021779667e-17
pablo tapero the,1.6479873021779667e-17
the movie received,1.6479873021779667e-17
of universal truths,1.6479873021779667e-17
moving at pleasant,1.6479873021779667e-17
moving at,1.6479873021779667e-17
of economy class,1.6479873021779667e-17
of economy,1.6479873021779667e-17
of depth making,1.6479873021779667e-17
movie received mixed,1.6479873021779667e-17
movie received,1.6479873021779667e-17
of universal,1.6479873021779667e-17
with the kind,1.6479873021779667e-17
unpretentious moving,1.6479873021779667e-17
critics praising it,1.6479873021779667e-17
movie directed,1.6479873021779667e-17
movie directed by,1.6479873021779667e-17
pleasant pace and,1.6479873021779667e-17
the kind,1.6479873021779667e-17
pleasant pace,1.6479873021779667e-17
universal truths is,1.6479873021779667e-17
the kind of,1.6479873021779667e-17
universal truths,1.6479873021779667e-17
praising it for,1.6479873021779667e-17
the story follows,1.6479873021779667e-17
universal,1.6479873021779667e-17
the family,1.6479873021779667e-17
the characters the,1.6479873021779667e-17
praising it,1.6479873021779667e-17
of writer director,1.6479873021779667e-17
of writer,1.6479873021779667e-17
with the characters,1.6479873021779667e-17
and violence,1.6046192152785466e-17
of violence and,1.6046192152785466e-17
of violence,1.6046192152785466e-17
is praised but,1.5612511283791264e-17
and lot,1.5612511283791264e-17
and lot of,1.5612511283791264e-17
of the story,1.5612511283791264e-17
lot,1.5612511283791264e-17
lot of,1.5612511283791264e-17
star,1.5612511283791264e-17
many reviewers,1.5612511283791264e-17
nerds,1.5612511283791264e-17
fans,1.5612511283791264e-17
midler,1.5612511283791264e-17
social commentary,1.5612511283791264e-17
is must see,1.5178830414797062e-17
manipulative,1.5178830414797062e-17
science,1.5178830414797062e-17
science fiction,1.5178830414797062e-17
for fans,1.5178830414797062e-17
is must,1.5178830414797062e-17
see for fans,1.5178830414797062e-17
fiction,1.5178830414797062e-17
for fans of,1.5178830414797062e-17
weak and,1.474514954580286e-17
appreciated,1.474514954580286e-17
melodrama,1.474514954580286e-17
comedy genre,1.474514954580286e-17
of reviews and,1.474514954580286e-17
highlight the,1.474514954580286e-17
and his,1.474514954580286e-17
flaws such,1.452830911130576e-17
flaws such as,1.452830911130576e-17
of originality compared,1.4203048459560108e-17
of the previous,1.4203048459560108e-17
the comic,1.4203048459560108e-17
sam,1.4203048459560108e-17
pace sophomoric,1.4203048459560108e-17
pace sophomoric humor,1.4203048459560108e-17
stooges,1.4203048459560108e-17
popular horror,1.4203048459560108e-17
other popular,1.4203048459560108e-17
humor the movie,1.4203048459560108e-17
of bruce,1.4203048459560108e-17
of bruce campbell,1.4203048459560108e-17
popular horror comedies,1.4203048459560108e-17
medievalism jonathan swift,1.4203048459560108e-17
stooges with,1.4203048459560108e-17
medievalism jonathan,1.4203048459560108e-17
medievalism,1.4203048459560108e-17
of darkness,1.4203048459560108e-17
of darkness is,1.4203048459560108e-17
stooges with focus,1.4203048459560108e-17
other popular horror,1.4203048459560108e-17
of medievalism,1.4203048459560108e-17
originality compared,1.4203048459560108e-17
originality compared to,1.4203048459560108e-17
of medievalism jonathan,1.4203048459560108e-17
the comic approach,1.4203048459560108e-17
three stooges with,1.4203048459560108e-17
sophomoric humor,1.4203048459560108e-17
performances of bruce,1.4203048459560108e-17
on action and,1.4203048459560108e-17
on the comic,1.4203048459560108e-17
on action,1.4203048459560108e-17
three stooges,1.4203048459560108e-17
sophomoric,1.4203048459560108e-17
sophomoric humor and,1.4203048459560108e-17
period piece,1.4094628242311558e-17
storytelling atmosphere,1.4094628242311558e-17
period piece folk,1.4094628242311558e-17
the golem,1.4094628242311558e-17
parable that explores,1.4094628242311558e-17
not appeal,1.4094628242311558e-17
parable that,1.4094628242311558e-17
parable of israel,1.4094628242311558e-17
piece,1.4094628242311558e-17
is promising,1.4094628242311558e-17
piece folk,1.4094628242311558e-17
piece folk parable,1.4094628242311558e-17
not appeal to,1.4094628242311558e-17
paz,1.4094628242311558e-17
status and beautiful,1.4094628242311558e-17
promising,1.4094628242311558e-17
may not appeal,1.4094628242311558e-17
of israel,1.4094628242311558e-17
of israel beleaguered,1.4094628242311558e-17
of jewish,1.4094628242311558e-17
of jewish folklore,1.4094628242311558e-17
paz brothers,1.4094628242311558e-17
paz brothers and,1.4094628242311558e-17
parable of,1.4094628242311558e-17
storytelling atmosphere and,1.4094628242311558e-17
themes of jewish,1.4094628242311558e-17
wide audience,1.4094628242311558e-17
generally positive with,1.4094628242311558e-17
example of,1.4094628242311558e-17
example,1.4094628242311558e-17
the golem are,1.4094628242311558e-17
unique storytelling,1.4094628242311558e-17
while some reviewers,1.4094628242311558e-17
the paz,1.4094628242311558e-17
the paz brothers,1.4094628242311558e-17
unique storytelling atmosphere,1.4094628242311558e-17
pacing can,1.4094628242311558e-17
wide audience most,1.4094628242311558e-17
pacing can be,1.4094628242311558e-17
style,1.3877787807814457e-17
the film explores,1.3877787807814457e-17
its unique,1.3877787807814457e-17
written,1.3877787807814457e-17
work that,1.3877787807814457e-17
film explores,1.3877787807814457e-17
particularly in its,1.3877787807814457e-17
animated,1.3715157481941631e-17
ambition and,1.3444106938820255e-17
ambition,1.3444106938820255e-17
may not be,1.3227266504323154e-17
not be,1.3227266504323154e-17
and poignant,1.3227266504323154e-17
disappointing attempt,1.3010426069826053e-17
production,1.3010426069826053e-17
the greatest,1.3010426069826053e-17
gibson,1.3010426069826053e-17
of the greatest,1.3010426069826053e-17
greatest,1.3010426069826053e-17
the subject,1.2793585635328952e-17
war drama that,1.2603850255143989e-17
war some reviewers,1.2603850255143989e-17
war the reviews,1.2603850255143989e-17
anti,1.2603850255143989e-17
war drama,1.2603850255143989e-17
nazis in the,1.2603850255143989e-17
nazis in,1.2603850255143989e-17
war some,1.2603850255143989e-17
movie max,1.2603850255143989e-17
max manus norwegian,1.2603850255143989e-17
nazis,1.2603850255143989e-17
who led,1.2603850255143989e-17
who led group,1.2603850255143989e-17
manus man,1.2603850255143989e-17
manus man of,1.2603850255143989e-17
manus norwegian,1.2603850255143989e-17
manus norwegian resistance,1.2603850255143989e-17
of anti,1.2603850255143989e-17
of anti nazis,1.2603850255143989e-17
man of war,1.2603850255143989e-17
movie max manus,1.2603850255143989e-17
well crafted storytelling,1.2603850255143989e-17
well acted and,1.2603850255143989e-17
man of,1.2603850255143989e-17
norwegian resistance fighter,1.2603850255143989e-17
world war some,1.2603850255143989e-17
of max,1.2603850255143989e-17
norwegian resistance,1.2603850255143989e-17
of max manus,1.2603850255143989e-17
norwegian,1.2603850255143989e-17
max manus man,1.2603850255143989e-17
story of max,1.2603850255143989e-17
passion,1.2603850255143989e-17
storyline many reviewers,1.2603850255143989e-17
strong performances and,1.2603850255143989e-17
thrilling war drama,1.2603850255143989e-17
storytelling strong performances,1.2603850255143989e-17
passion but overall,1.2603850255143989e-17
passion but,1.2603850255143989e-17
thrilling war,1.2603850255143989e-17
the film well,1.2603850255143989e-17
performances and engaging,1.2603850255143989e-17
the movie max,1.2603850255143989e-17
storytelling strong,1.2603850255143989e-17
storyline many,1.2603850255143989e-17
black comedy,1.2576745200831851e-17
score,1.2576745200831851e-17
athletes,1.235990476633475e-17
eye,1.214306433183765e-17
ai,1.214306433183765e-17
describe it,1.214306433183765e-17
describe it as,1.214306433183765e-17
and experimental,1.214306433183765e-17
of character,1.214306433183765e-17
of character development,1.214306433183765e-17
and provides an,1.214306433183765e-17
on his,1.214306433183765e-17
critics describe it,1.214306433183765e-17
provides an,1.214306433183765e-17
and provides,1.214306433183765e-17
while it may,1.214306433183765e-17
lack of character,1.214306433183765e-17
frustrating,1.1709383462843448e-17
however many reviewers,1.1709383462843448e-17
romantic comedy with,1.1709383462843448e-17
increasingly,1.1709383462843448e-17
odd,1.1709383462843448e-17
farce,1.1709383462843448e-17
numbers,1.1384122811097797e-17
spirit of,1.1275702593849246e-17
spirit of the,1.1275702593849246e-17
to the spirit,1.1275702593849246e-17
jenny slate,1.1275702593849246e-17
jenny slate zachary,1.1275702593849246e-17
slate zachary,1.1275702593849246e-17
john hamm,1.1275702593849246e-17
jenny,1.1275702593849246e-17
aardvark,1.1275702593849246e-17
john hamm the,1.1275702593849246e-17
the challenges,1.1275702593849246e-17
quinto and john,1.1275702593849246e-17
zachary,1.1275702593849246e-17
slate zachary quinto,1.1275702593849246e-17
the spirit,1.1275702593849246e-17
hamm the,1.1275702593849246e-17
and john hamm,1.1275702593849246e-17
the spirit of,1.1275702593849246e-17
underwritten,1.1275702593849246e-17
flaws the film,1.1275702593849246e-17
particularly by,1.1275702593849246e-17
zachary quinto and,1.1275702593849246e-17
zachary quinto,1.1275702593849246e-17
the environment the,1.1058862159352145e-17
of the argument,1.1058862159352145e-17
mixed perspective,1.1058862159352145e-17
storytelling and for,1.1058862159352145e-17
mixed perspective on,1.1058862159352145e-17
the environment,1.1058862159352145e-17
of nuance some,1.1058862159352145e-17
the argument the,1.1058862159352145e-17
nature and lack,1.1058862159352145e-17
on the environment,1.1058862159352145e-17
water crisis,1.1058862159352145e-17
overstuffed nature,1.1058862159352145e-17
titled last call,1.1058862159352145e-17
nuance some,1.1058862159352145e-17
nuance some reviewers,1.1058862159352145e-17
titled last,1.1058862159352145e-17
the oasis which,1.1058862159352145e-17
oasis which,1.1058862159352145e-17
oasis which explores,1.1058862159352145e-17
overstuffed,1.1058862159352145e-17
overstuffed nature and,1.1058862159352145e-17
the issue presenting,1.1058862159352145e-17
water crisis and,1.1058862159352145e-17
the water,1.1058862159352145e-17
of nuance,1.1058862159352145e-17
the water crisis,1.1058862159352145e-17
and unique,1.0842021724855044e-17
documentary is praised,1.0842021724855044e-17
of the film,1.0408340855860843e-17
it disappointing,1.0408340855860843e-17
has its flaws,1.0408340855860843e-17
it presents,1.0408340855860843e-17
christmas story,1.0408340855860843e-17
disappointing and unoriginal,1.0408340855860843e-17
clichéd,1.0408340855860843e-17
its flaws including,1.0408340855860843e-17
lack of,1.032702569292443e-17
of the 1942,1.0191500421363742e-17
stylish sensual,1.0191500421363742e-17
people remake,1.0191500421363742e-17
competent and,1.0191500421363742e-17
people remake of,1.0191500421363742e-17
stylish sensual and,1.0191500421363742e-17
the film graphic,1.0191500421363742e-17
ideas and,1.0191500421363742e-17
plot development,1.0191500421363742e-17
some reviews also,1.0191500421363742e-17
plot development questionable,1.0191500421363742e-17
also note the,1.0191500421363742e-17
note the,1.0191500421363742e-17
particularly helena kinski,1.0191500421363742e-17
nudity,1.0191500421363742e-17
nudity and sex,1.0191500421363742e-17
note the film,1.0191500421363742e-17
reviews also note,1.0191500421363742e-17
reviews also,1.0191500421363742e-17
of eroticism and,1.0191500421363742e-17
nightmare,1.0191500421363742e-17
nightmare with,1.0191500421363742e-17
the film cat,1.0191500421363742e-17
nudity and,1.0191500421363742e-17
nightmare with unique,1.0191500421363742e-17
also note,1.0191500421363742e-17
particularly helena,1.0191500421363742e-17
influence,9.974659986866641e-18
work that fails,9.75781955236954e-18
stimulating storyline others,9.75781955236954e-18
film animation and,9.75781955236954e-18
stimulating storyline,9.75781955236954e-18
the horrors of,9.75781955236954e-18
visuals,9.75781955236954e-18
film animation,9.75781955236954e-18
wertmuller is critically,9.75781955236954e-18
on the horrors,9.75781955236954e-18
and its ability,9.75781955236954e-18
work that explores,9.75781955236954e-18
the horrors,9.75781955236954e-18
and great,9.75781955236954e-18
is bleak,9.75781955236954e-18
of tragedy loss,9.75781955236954e-18
of tragedy,9.75781955236954e-18
movie that is,9.75781955236954e-18
technically,9.75781955236954e-18
technically flawless but,9.75781955236954e-18
technically flawless,9.75781955236954e-18
of black,9.75781955236954e-18
wertmuller is,9.75781955236954e-18
the film seven,9.75781955236954e-18
the film bold,9.75781955236954e-18
of black comedy,9.75781955236954e-18
challenging,9.75781955236954e-18
misguided,9.75781955236954e-18
themes of tragedy,9.75781955236954e-18
wertmuller,9.75781955236954e-18
storyline others find,9.75781955236954e-18
status and,9.75781955236954e-18
storyline others,9.75781955236954e-18
the film animation,9.75781955236954e-18
stimulating,9.75781955236954e-18
misguided and frustrating,9.75781955236954e-18
misguided and,9.75781955236954e-18
use of black,9.75781955236954e-18
woman who needs,9.540979117872439e-18
the leads performances,9.540979117872439e-18
wood and scott,9.540979117872439e-18
as its use,9.540979117872439e-18
of the fish,9.540979117872439e-18
the fish is,9.540979117872439e-18
the fish,9.540979117872439e-18
movie year,9.540979117872439e-18
movie to be,9.540979117872439e-18
modern animation,9.540979117872439e-18
modern animation while,9.540979117872439e-18
modern day,9.540979117872439e-18
the movie to,9.540979117872439e-18
modern day chinatown,9.540979117872439e-18
wood and,9.540979117872439e-18
movie year of,9.540979117872439e-18
played by daisy,9.540979117872439e-18
wood,9.540979117872439e-18
points and over,9.540979117872439e-18
of animation adds,9.540979117872439e-18
speedman the film,9.540979117872439e-18
of animation,9.540979117872439e-18
speedman the,9.540979117872439e-18
with moments of,9.540979117872439e-18
and visual,9.540979117872439e-18
with moments,9.540979117872439e-18
needs man to,9.540979117872439e-18
needs man,9.540979117872439e-18
needs,9.540979117872439e-18
played by scott,9.540979117872439e-18
visual style the,9.540979117872439e-18
speedman and seemingly,9.540979117872439e-18
plot device however,9.540979117872439e-18
realistic portrayal of,9.540979117872439e-18
woman who,9.540979117872439e-18
speedman and,9.540979117872439e-18
who needs,9.540979117872439e-18
who needs man,9.540979117872439e-18
mental illness as,9.540979117872439e-18
realistic portrayal,9.540979117872439e-18
the movie year,9.540979117872439e-18
plot device,9.540979117872439e-18
year of,9.540979117872439e-18
man played by,9.540979117872439e-18
stereotypes and an,9.540979117872439e-18
over reliance,9.540979117872439e-18
stereotypes and,9.540979117872439e-18
man to rescue,9.540979117872439e-18
originality and the,9.540979117872439e-18
story set in,9.540979117872439e-18
use of animation,9.540979117872439e-18
on mental illness,9.540979117872439e-18
starring evan,9.540979117872439e-18
year of the,9.540979117872439e-18
story follows woman,9.540979117872439e-18
on mental,9.540979117872439e-18
moments of,9.540979117872439e-18
man played,9.540979117872439e-18
moments ideas and,9.540979117872439e-18
moments ideas,9.540979117872439e-18
it is also,9.540979117872439e-18
starring evan rachel,9.540979117872439e-18
movie to,9.540979117872439e-18
it lacking in,9.540979117872439e-18
oppressive,9.540979117872439e-18
oppressive score,9.540979117872439e-18
man to,9.540979117872439e-18
over reliance on,9.540979117872439e-18
of traditional fairy,9.540979117872439e-18
story set,9.540979117872439e-18
oppressive score it,9.540979117872439e-18
of traditional,9.540979117872439e-18
the final,9.324138683375338e-18
complete,9.324138683375338e-18
innocence,9.324138683375338e-18
nature and,9.107298248878237e-18
dry,9.107298248878237e-18
great,8.998878031629687e-18
nostalgic classic while,8.673617379884035e-18
plot some reviewers,8.673617379884035e-18
plot some,8.673617379884035e-18
of rebellion and,8.673617379884035e-18
of rebellion,8.673617379884035e-18
originality and cheesy,8.673617379884035e-18
themes of rebellion,8.673617379884035e-18
ending is,8.673617379884035e-18
view it as,8.673617379884035e-18
gore the,8.673617379884035e-18
while others view,8.673617379884035e-18
the ending is,8.673617379884035e-18
stood the test,8.673617379884035e-18
stood the,8.673617379884035e-18
stood,8.673617379884035e-18
the ending,8.673617379884035e-18
nostalgic classic,8.673617379884035e-18
view it,8.673617379884035e-18
slick and,8.673617379884035e-18
story is,8.673617379884035e-18
tedious teen romance,8.673617379884035e-18
and gore the,8.673617379884035e-18
others view,8.673617379884035e-18
manipulative and tedious,8.673617379884035e-18
others view it,8.673617379884035e-18
the performances are,8.673617379884035e-18
tedious teen,8.673617379884035e-18
manipulative and,8.673617379884035e-18
weisz performances however,8.565197162635485e-18
style hitchcockian homage,8.565197162635485e-18
style hitchcockian,8.565197162635485e-18
and that the,8.565197162635485e-18
movie shallow,8.565197162635485e-18
with some highlighting,8.565197162635485e-18
david tennant,8.565197162635485e-18
with the contrived,8.565197162635485e-18
with praise,8.565197162635485e-18
weisz performances,8.565197162635485e-18
stating,8.565197162635485e-18
tennant,8.565197162635485e-18
weisz,8.565197162635485e-18
stating that,8.565197162635485e-18
praise for,8.565197162635485e-18
praise for david,8.565197162635485e-18
one dimensional characters,8.565197162635485e-18
stylishness twists and,8.565197162635485e-18
stylishness,8.565197162635485e-18
stylishness twists,8.565197162635485e-18
with praise for,8.565197162635485e-18
fault with the,8.565197162635485e-18
fault with,8.565197162635485e-18
performances with,8.565197162635485e-18
others finding fault,8.565197162635485e-18
the director artistic,8.565197162635485e-18
the movie shallow,8.565197162635485e-18
fault,8.565197162635485e-18
movie shallow grave,8.565197162635485e-18
grave,8.565197162635485e-18
the contrived situations,8.565197162635485e-18
some highlighting,8.565197162635485e-18
stating that the,8.565197162635485e-18
violence the film,8.565197162635485e-18
the contrived,8.565197162635485e-18
the characters become,8.565197162635485e-18
violence the,8.565197162635485e-18
some highlighting the,8.565197162635485e-18
performances with praise,8.565197162635485e-18
with spiritless,8.51098705401121e-18
zane,8.51098705401121e-18
suitable,8.51098705401121e-18
superhero action,8.51098705401121e-18
suitable for,8.51098705401121e-18
praised particularly its,8.51098705401121e-18
spiritless and,8.51098705401121e-18
of its source,8.51098705401121e-18
suitable for children,8.51098705401121e-18
starring billy,8.51098705401121e-18
pale,8.51098705401121e-18
phantom is,8.51098705401121e-18
pale shadow,8.51098705401121e-18
starring billy zane,8.51098705401121e-18
pale shadow of,8.51098705401121e-18
the phantom is,8.51098705401121e-18
of energy,8.51098705401121e-18
with spiritless and,8.51098705401121e-18
phantom is described,8.51098705401121e-18
zane and,8.51098705401121e-18
of energy the,8.51098705401121e-18
zane and catherine,8.51098705401121e-18
the phantom starring,8.51098705401121e-18
other superhero,8.51098705401121e-18
phantom starring billy,8.51098705401121e-18
other superhero films,8.51098705401121e-18
particularly its costume,8.51098705401121e-18
often forgettable,8.51098705401121e-18
particularly its,8.51098705401121e-18
titled the phantom,8.51098705401121e-18
zeta,8.51098705401121e-18
superhero films and,8.51098705401121e-18
source material the,8.51098705401121e-18
often forgettable and,8.51098705401121e-18
zeta jones the,8.51098705401121e-18
material the,8.51098705401121e-18
spiritless and derivative,8.51098705401121e-18
material the film,8.51098705401121e-18
jones,8.51098705401121e-18
phantom starring,8.51098705401121e-18
may be suitable,8.51098705401121e-18
visuals are,8.51098705401121e-18
visuals are praised,8.51098705401121e-18
zeta jones,8.51098705401121e-18
superhero action film,8.51098705401121e-18
superhero films,8.51098705401121e-18
spiritless,8.51098705401121e-18
delivers,8.456776945386935e-18
thriller directed by,8.456776945386935e-18
thriller directed,8.456776945386935e-18
eddie,8.239936510889834e-18
eddie murphy,8.239936510889834e-18
it for being,8.239936510889834e-18
shadow,8.131516293641283e-18
without personality,7.806255641895632e-18
without personality and,7.806255641895632e-18
praise midler,7.806255641895632e-18
of class and,7.806255641895632e-18
of class,7.806255641895632e-18
performance particularly,7.806255641895632e-18
the characters friendship,7.806255641895632e-18
performance particularly her,7.806255641895632e-18
starring bette midler,7.806255641895632e-18
starring bette,7.806255641895632e-18
personality,7.806255641895632e-18
nerds ii,7.806255641895632e-18
personality and,7.806255641895632e-18
of drama,7.806255641895632e-18
portrayal of class,7.806255641895632e-18
mix of drama,7.806255641895632e-18
midler and,7.806255641895632e-18
midler and barbara,7.806255641895632e-18
particularly her singing,7.806255641895632e-18
main characters however,7.806255641895632e-18
main characters,7.806255641895632e-18
personality and the,7.806255641895632e-18
friendship,7.806255641895632e-18
midler performance,7.806255641895632e-18
manipulative elements particularly,7.806255641895632e-18
praise midler performance,7.806255641895632e-18
manipulative elements,7.806255641895632e-18
music with focus,7.806255641895632e-18
cheesy,7.806255641895632e-18
the film beaches,7.806255641895632e-18
originality and,7.806255641895632e-18
of drama comedy,7.806255641895632e-18
the two main,7.806255641895632e-18
midler performance particularly,7.806255641895632e-18
music with,7.806255641895632e-18
overly sentimental and,7.806255641895632e-18
sentimental,7.737645973168034e-18
source material,7.48099499014998e-18
exploration of the,7.48099499014998e-18
plot points,7.37257477290143e-18
flat,7.37257477290143e-18
plot points and,7.37257477290143e-18
tiresome,7.37257477290143e-18
points and,7.37257477290143e-18
extraterrestrial is romantic,7.37257477290143e-18
extraterrestrial is,7.37257477290143e-18
extraterrestrial,7.37257477290143e-18
understated wit,7.37257477290143e-18
revenge,7.26415455565288e-18
the same,7.15573433840433e-18
same,7.15573433840433e-18
show,6.938893903907228e-18
lack of humor,6.938893903907228e-18
they also appreciate,6.938893903907228e-18
history,6.938893903907228e-18
reviewers find,6.938893903907228e-18
its bleak,6.938893903907228e-18
others criticizing,6.69494841509799e-18
penn,6.69494841509799e-18
performances particularly sean,6.69494841509799e-18
unnecessary violence and,6.69494841509799e-18
nick,6.69494841509799e-18
penn and others,6.69494841509799e-18
up to his,6.69494841509799e-18
penn and,6.69494841509799e-18
directed by nick,6.69494841509799e-18
the film labor,6.69494841509799e-18
unnecessary,6.69494841509799e-18
but fails to,6.69494841509799e-18
the film performances,6.69494841509799e-18
particularly sean penn,6.69494841509799e-18
particularly sean,6.69494841509799e-18
of love directed,6.69494841509799e-18
but fails,6.69494841509799e-18
unnecessary violence,6.69494841509799e-18
others criticizing its,6.69494841509799e-18
nick cassavetes,6.69494841509799e-18
standards,6.69494841509799e-18
standards overall the,6.69494841509799e-18
violence and lack,6.69494841509799e-18
standards overall,6.69494841509799e-18
by nick,6.69494841509799e-18
nick cassavetes the,6.69494841509799e-18
humor charm,6.5052130349130266e-18
plot that is,6.5052130349130266e-18
the charisma,6.5052130349130266e-18
style however some,6.5052130349130266e-18
the movie pacing,6.5052130349130266e-18
style however,6.5052130349130266e-18
many reviewers praise,6.5052130349130266e-18
humor charm and,6.5052130349130266e-18
the movie conspiracy,6.5052130349130266e-18
series,6.5052130349130266e-18
film humor charm,6.5052130349130266e-18
text describes documentary,6.5052130349130266e-18
disjointed and,6.5052130349130266e-18
conspiracy,6.5052130349130266e-18
conspiracy theory,6.5052130349130266e-18
movie pacing and,6.5052130349130266e-18
for its blend,6.5052130349130266e-18
movie pacing,6.5052130349130266e-18
stars mel,6.5052130349130266e-18
describes documentary,6.5052130349130266e-18
stars mel gibson,6.5052130349130266e-18
its blend,6.5052130349130266e-18
movie conspiracy,6.5052130349130266e-18
and plot that,6.5052130349130266e-18
mel,6.5052130349130266e-18
mel gibson,6.5052130349130266e-18
pacing and script,6.5052130349130266e-18
mel gibson many,6.5052130349130266e-18
and plot,6.5052130349130266e-18
the charisma of,6.5052130349130266e-18
its blend of,6.5052130349130266e-18
with love,6.5052130349130266e-18
describes documentary titled,6.5052130349130266e-18
with love story,6.5052130349130266e-18
of action,6.5052130349130266e-18
of action comedy,6.5052130349130266e-18
movie conspiracy theory,6.5052130349130266e-18
of cliches the,6.5052130349130266e-18
theory the film,6.5052130349130266e-18
of gibson and,6.5052130349130266e-18
its use of,6.5052130349130266e-18
some criticize it,6.5052130349130266e-18
its use,6.5052130349130266e-18
theory,6.5052130349130266e-18
praise the movie,6.5052130349130266e-18
theory the,6.5052130349130266e-18
the film slick,6.5052130349130266e-18
of gibson,6.5052130349130266e-18
love story that,6.5052130349130266e-18
story that,6.5052130349130266e-18
story that is,6.5052130349130266e-18
some reviewers find,6.5052130349130266e-18
solitary confinement,6.071532165918825e-18
film as,6.071532165918825e-18
struggle for freedom,6.071532165918825e-18
solitary,6.071532165918825e-18
work of chinese,6.071532165918825e-18
solitary confinement and,6.071532165918825e-18
of conceptual,6.071532165918825e-18
his life,6.071532165918825e-18
portrait of the,6.071532165918825e-18
on his struggle,6.071532165918825e-18
on his life,6.071532165918825e-18
chinese,6.071532165918825e-18
the film focuses,6.071532165918825e-18
weiwei,6.071532165918825e-18
weiwei the,6.071532165918825e-18
weiwei the film,6.071532165918825e-18
is documentary,6.071532165918825e-18
at the,6.071532165918825e-18
the documentary also,6.071532165918825e-18
of chinese,6.071532165918825e-18
of chinese dissident,6.071532165918825e-18
views,6.071532165918825e-18
views the,6.071532165918825e-18
the fake,6.071532165918825e-18
the fake case,6.071532165918825e-18
views the documentary,6.071532165918825e-18
of the artist,6.071532165918825e-18
of conceptual art,6.071532165918825e-18
use of conceptual,6.071532165918825e-18
the film as,6.071532165918825e-18
the artist and,6.071532165918825e-18
update,6.071532165918825e-18
freedom in,6.071532165918825e-18
look at the,6.071532165918825e-18
update on his,6.071532165918825e-18
update on,6.071532165918825e-18
freedom,6.071532165918825e-18
the artist,6.071532165918825e-18
on stephen king,5.908901840045999e-18
occasionally effective,5.908901840045999e-18
occasionally effective adaptation,5.908901840045999e-18
the film atmosphere,5.908901840045999e-18
stephen,5.908901840045999e-18
of scares,5.908901840045999e-18
of scares some,5.908901840045999e-18
mature and thought,5.908901840045999e-18
pet sematary based,5.908901840045999e-18
mature and,5.908901840045999e-18
mature,5.908901840045999e-18
tedious and,5.908901840045999e-18
suggest that pet,5.908901840045999e-18
occasionally,5.908901840045999e-18
poorly directed,5.908901840045999e-18
stephen king novel,5.908901840045999e-18
on stephen,5.908901840045999e-18
the grieving process,5.908901840045999e-18
novel the reviews,5.908901840045999e-18
the grieving,5.908901840045999e-18
stephen king,5.908901840045999e-18
poorly directed overall,5.908901840045999e-18
thought provoking exploration,5.908901840045999e-18
the film mature,5.908901840045999e-18
superficial,5.7462715141731735e-18
final,5.637851296924623e-18
the original,5.637851296924623e-18
comedic,5.421010862427522e-18
of sex or,5.204170427930421e-18
space as well,5.204170427930421e-18
space as,5.204170427930421e-18
the girl,5.204170427930421e-18
of music,5.204170427930421e-18
the girl who,5.204170427930421e-18
of prostitution in,5.204170427930421e-18
poetic qualities,5.204170427930421e-18
music and suspenseful,5.204170427930421e-18
women,5.204170427930421e-18
poetic qualities the,5.204170427930421e-18
meticulous attention,5.204170427930421e-18
of music and,5.204170427930421e-18
of prostitution,5.204170427930421e-18
period detail meticulous,5.204170427930421e-18
margot kidder and,5.204170427930421e-18
moments despite,5.204170427930421e-18
overlooked,5.204170427930421e-18
overlooked classic,5.204170427930421e-18
overlooked classic is,5.204170427930421e-18
story and its,5.204170427930421e-18
or romance the,5.204170427930421e-18
or romance,5.204170427930421e-18
bertrand,5.204170427930421e-18
time and space,5.204170427930421e-18
look,5.204170427930421e-18
us christmas,5.204170427930421e-18
us christmas story,5.204170427930421e-18
use of music,5.204170427930421e-18
world the film,5.204170427930421e-18
moments despite some,5.204170427930421e-18
world the,5.204170427930421e-18
margot kidder,5.204170427930421e-18
olivia hussey in,5.204170427930421e-18
olivia hussey,5.204170427930421e-18
olivia,5.204170427930421e-18
often considered inferior,5.204170427930421e-18
often considered,5.204170427930421e-18
the women,5.204170427930421e-18
period detail,5.204170427930421e-18
the french brothel,5.204170427930421e-18
person,5.204170427930421e-18
person who,5.204170427930421e-18
is also praised,5.204170427930421e-18
person who brought,5.204170427930421e-18
of the women,5.204170427930421e-18
margot,5.204170427930421e-18
space,5.204170427930421e-18
meticulous,5.204170427930421e-18
small town,5.204170427930421e-18
sometimes awkward comedy,5.204170427930421e-18
not an overlooked,5.204170427930421e-18
the female prostitutes,5.204170427930421e-18
not an,5.204170427930421e-18
some criticisms about,5.204170427930421e-18
well as detailed,5.204170427930421e-18
while not,5.204170427930421e-18
meticulous attention to,5.204170427930421e-18
sometimes awkward,5.204170427930421e-18
while not an,5.204170427930421e-18
who brought us,5.204170427930421e-18
who laughs is,5.204170427930421e-18
who laughs,5.204170427930421e-18
who brought,5.204170427930421e-18
sensitive,4.933119884809045e-18
and that,4.7704895589362195e-18
mixed but,4.7704895589362195e-18
love story,4.7704895589362195e-18
are mixed but,4.7704895589362195e-18
small,4.662069341687669e-18
plot is,4.553649124439119e-18
discusses the movie,4.336808689942018e-18
some reviewers found,4.336808689942018e-18
reviewers found the,4.336808689942018e-18
although some critics,4.336808689942018e-18
reviewers found,4.336808689942018e-18
regarded,4.336808689942018e-18
although some,4.336808689942018e-18
fight,4.336808689942018e-18
also commended,4.336808689942018e-18
the reviewers praise,4.119968255444917e-18
with critics,3.903127820947816e-18
the original nerds,3.903127820947816e-18
the nerds rap,3.903127820947816e-18
movie many,3.903127820947816e-18
parody of its,3.903127820947816e-18
movie many critics,3.903127820947816e-18
with critics comparing,3.903127820947816e-18
negative with critics,3.903127820947816e-18
number,3.903127820947816e-18
the direction and,3.903127820947816e-18
nerds ii are,3.903127820947816e-18
number and,3.903127820947816e-18
number and the,3.903127820947816e-18
nerds ii is,3.903127820947816e-18
nerds movie,3.903127820947816e-18
nerds movie many,3.903127820947816e-18
nerds rap,3.903127820947816e-18
nerds rap number,3.903127820947816e-18
the nerds,3.903127820947816e-18
negative with,3.903127820947816e-18
weak cast,3.903127820947816e-18
the film clever,3.903127820947816e-18
positive aspects in,3.903127820947816e-18
with the same,3.903127820947816e-18
jokes,3.903127820947816e-18
overall nerds,3.903127820947816e-18
overall nerds ii,3.903127820947816e-18
the film such,3.903127820947816e-18
positive aspects,3.903127820947816e-18
original nerds movie,3.903127820947816e-18
original nerds,3.903127820947816e-18
original and having,3.903127820947816e-18
original and,3.903127820947816e-18
of its original,3.903127820947816e-18
weak cast some,3.903127820947816e-18
some positive aspects,3.903127820947816e-18
such as the,3.903127820947816e-18
some positive,3.903127820947816e-18
gross,3.903127820947816e-18
has been criticized,3.686287386450715e-18
some criticize,3.63207727782644e-18
however some criticize,3.63207727782644e-18
film for being,3.577867169202165e-18
house,3.469446951953614e-18
unconvincing,3.469446951953614e-18
flaws including,3.469446951953614e-18
many critics criticize,3.469446951953614e-18
unique tone,3.469446951953614e-18
reviews are mixed,3.469446951953614e-18
narrative the,3.469446951953614e-18
from the,3.469446951953614e-18
to other,3.469446951953614e-18
it can be,3.0357660829594124e-18
considered an,3.0357660829594124e-18
it can,3.0357660829594124e-18
its bold,3.0357660829594124e-18
its bold and,3.0357660829594124e-18
well as the,3.0357660829594124e-18
is considered an,3.0357660829594124e-18
psychological,2.927345865710862e-18
economy,2.8189256484623115e-18
scenes,2.6020852139652106e-18
and funny,2.6020852139652106e-18
branagh,2.6020852139652106e-18
energy creativity and,2.6020852139652106e-18
film energy creativity,2.6020852139652106e-18
negative criticizing,2.6020852139652106e-18
energy creativity,2.6020852139652106e-18
criticizing the,2.6020852139652106e-18
criticizing the film,2.6020852139652106e-18
historical,2.6020852139652106e-18
horror and,2.6020852139652106e-18
creativity and,2.6020852139652106e-18
are praised however,2.6020852139652106e-18
by its,2.6020852139652106e-18
negative criticizing the,2.6020852139652106e-18
highlighting,2.3852447794681098e-18
unpretentious,2.3852447794681098e-18
for being too,2.3310346708438345e-18
being too,2.3310346708438345e-18
even,2.2768245622195593e-18
some critics appreciating,2.168404344971009e-18
style is described,2.168404344971009e-18
others finding them,2.168404344971009e-18
new testament,2.168404344971009e-18
new testament based,2.168404344971009e-18
must see,2.168404344971009e-18
must,2.168404344971009e-18
structure engaging content,2.168404344971009e-18
structure engaging,2.168404344971009e-18
which explores his,2.168404344971009e-18
nonsensical,2.168404344971009e-18
thought provoking nature,2.168404344971009e-18
or too long,2.168404344971009e-18
or too,2.168404344971009e-18
nonsensical or,2.168404344971009e-18
nonsensical or implausible,2.168404344971009e-18
them nonsensical,2.168404344971009e-18
nature although,2.168404344971009e-18
nature although some,2.168404344971009e-18
of cinema and,2.168404344971009e-18
or implausible the,2.168404344971009e-18
or implausible,2.168404344971009e-18
of cinema,2.168404344971009e-18
them nonsensical or,2.168404344971009e-18
žižek,2.168404344971009e-18
live,2.168404344971009e-18
is seen as,1.734723475976807e-18
1981,1.734723475976807e-18
tension and logic,1.734723475976807e-18
inflated budget,1.734723475976807e-18
and logic,1.734723475976807e-18
is criticized,1.734723475976807e-18
inflated,1.734723475976807e-18
the three,1.734723475976807e-18
documentary is,1.734723475976807e-18
depth and,1.734723475976807e-18
the documentary is,1.734723475976807e-18
movie with an,1.734723475976807e-18
travolta,1.734723475976807e-18
finding it,1.3010426069826053e-18
points,1.3010426069826053e-18
film exploration of,1.1926223897340549e-18
film exploration,1.1926223897340549e-18
the film exploration,1.1926223897340549e-18
uneven and,1.1384122811097797e-18
use of senseless,8.673617379884035e-19
speed kills starring,8.673617379884035e-19
connect with,8.673617379884035e-19
mean,8.673617379884035e-19
connect,8.673617379884035e-19
of story,8.673617379884035e-19
of story tension,8.673617379884035e-19
speed,8.673617379884035e-19
visually,8.673617379884035e-19
of tension and,8.673617379884035e-19
of tension,8.673617379884035e-19
movie speed,8.673617379884035e-19
movie speed kills,8.673617379884035e-19
movie is criticized,8.673617379884035e-19
tone and,8.673617379884035e-19
speed kills,8.673617379884035e-19
impact on,8.673617379884035e-19
visually stunning,8.673617379884035e-19
widely,8.673617379884035e-19
to connect with,8.673617379884035e-19
to connect,8.673617379884035e-19
impact on the,8.673617379884035e-19
with an inflated,8.673617379884035e-19
with an inexplicably,8.673617379884035e-19
story tension and,8.673617379884035e-19
story tension,8.673617379884035e-19
punishing critique of,8.673617379884035e-19
punishing critique,8.673617379884035e-19
punishing,8.673617379884035e-19
of senseless scenes,8.673617379884035e-19
of senseless,8.673617379884035e-19
starring john,8.673617379884035e-19
stunning,8.673617379884035e-19
bold,8.673617379884035e-19
pacing and acting,8.673617379884035e-19
archival,8.673617379884035e-19
starring john travolta,8.673617379884035e-19
and culture,7.589415207398531e-19
the 1982,7.589415207398531e-19
for the 1982,7.589415207398531e-19
the 1982 film,7.589415207398531e-19
vicious and mean,4.336808689942018e-19
unpleasant vicious and,4.336808689942018e-19
with brutal streak,4.336808689942018e-19
1982,4.336808689942018e-19
1982 film,4.336808689942018e-19
misogyny and,4.336808689942018e-19
unpleasant vicious,4.336808689942018e-19
pascal laugier,4.336808689942018e-19
pascal laugier some,4.336808689942018e-19
the horror film,4.336808689942018e-19
pascal,4.336808689942018e-19
of the genre,4.336808689942018e-19
generally praised,4.336808689942018e-19
vicious,4.336808689942018e-19
misogyny that,4.336808689942018e-19
some critics praising,4.336808689942018e-19
spirited with brutal,4.336808689942018e-19
with brutal,4.336808689942018e-19
not warranted the,4.336808689942018e-19
not warranted,4.336808689942018e-19
storyline misogyny and,4.336808689942018e-19
reviewers describe,4.336808689942018e-19
of the misogyny,4.336808689942018e-19
reviewers describe the,4.336808689942018e-19
storyline misogyny,4.336808689942018e-19
misogyny are criticized,4.336808689942018e-19
some reviewers describe,4.336808689942018e-19
misogyny are,4.336808689942018e-19
misogyny and persistently,4.336808689942018e-19
warranted,4.336808689942018e-19
warranted the,4.336808689942018e-19
vicious and,4.336808689942018e-19
the film effectively,4.336808689942018e-19
the genre however,4.336808689942018e-19
mean spiritedness,4.336808689942018e-19
spiritedness,4.336808689942018e-19
mean spirited with,4.336808689942018e-19
warranted the film,4.336808689942018e-19
spiritedness while,4.336808689942018e-19
spiritedness while others,4.336808689942018e-19
mean spirited,4.336808689942018e-19
spirited with,4.336808689942018e-19
with corny storyline,4.336808689942018e-19
spirited,4.336808689942018e-19
streak,4.336808689942018e-19
the film sadism,4.336808689942018e-19
the misogyny that,4.336808689942018e-19
the misogyny,4.336808689942018e-19
streak that,4.336808689942018e-19
mean spiritedness while,4.336808689942018e-19
persistently mean,4.336808689942018e-19
streak that is,4.336808689942018e-19
persistently,4.336808689942018e-19
with corny,4.336808689942018e-19
critics praising,4.336808689942018e-19
persistently mean spiritedness,4.336808689942018e-19
of human,3.7947076036992655e-19
film plot,2.168404344971009e-19
the film plot,2.168404344971009e-19
and enjoyable,5.421010862427522e-20
of modern and,0.0
of modern,0.0
of miyazaki,0.0
strong anti war,0.0
of miyazaki work,0.0
strong reactions,0.0
of money the,0.0
strong performances it,0.0
of money,0.0
spaghetti,0.0
strong reactions from,0.0
studio creativity and,0.0
studio ghibli,0.0
studio ghibli director,0.0
studio work,0.0
of laing they,0.0
of laing personal,0.0
of laing life,0.0
of laing,0.0
studio work and,0.0
stuff,0.0
stuff of,0.0
may be overly,0.0
stuff of the,0.0
stunning portrayal,0.0
stunning portrayal of,0.0
style creates,0.0
style creates unique,0.0
of its supporting,0.0
style few,0.0
may have,0.0
of life tale,0.0
of logic,0.0
strong sense,0.0
of logic some,0.0
strong sense of,0.0
mature and non,0.0
ever,0.0
euthanasia,0.0
of marginalized people,0.0
of marginalized,0.0
struggles the,0.0
struggles the movie,0.0
strong anti,0.0
of lyricism,0.0
struggles to cope,0.0
struggles with their,0.0
of love life,0.0
of love duty,0.0
struggling with the,0.0
of loneliness violence,0.0
of loneliness lunacy,0.0
studio,0.0
studio creativity,0.0
of lyricism and,0.0
storyline flat jokes,0.0
striking psychedelic crime,0.0
still affecting,0.0
few reviewers find,0.0
stating that it,0.0
station,0.0
station directed,0.0
station directed by,0.0
of relationships its,0.0
of relationships,0.0
still,0.0
still affecting adaptation,0.0
story arc,0.0
still resonates,0.0
master and studio,0.0
still resonates today,0.0
of rape and,0.0
of rape,0.0
fast paced,0.0
fast,0.0
farley,0.0
field,0.0
starring sam worthington,0.0
starring sam,0.0
starring michael douglas,0.0
of serial killer,0.0
of serial,0.0
starring fred,0.0
starring fred astaire,0.0
starring freddy,0.0
starring freddy krueger,0.0
married,0.0
married to,0.0
married to refn,0.0
maryam,0.0
starring john cusack,0.0
maryam directed,0.0
maryam directed by,0.0
starring john wayne,0.0
starring michael,0.0
of sally field,0.0
of sally,0.0
story and having,0.0
story arc is,0.0
striking psychedelic,0.0
of onna,0.0
storyline unengaging,0.0
storyline unengaging characters,0.0
storylines,0.0
storylines and,0.0
storylines and provides,0.0
explore themes of,0.0
explore themes,0.0
of onna white,0.0
storytelling make,0.0
story follows detective,0.0
storytelling make it,0.0
storytelling style,0.0
storytelling style his,0.0
storytelling the movie,0.0
strength however,0.0
strength however some,0.0
striking and,0.0
striking and moody,0.0
may have been,0.0
of parody,0.0
of parody and,0.0
of parody becoming,0.0
of purpose some,0.0
of purpose,0.0
masterpiece and one,0.0
masterpiece and unique,0.0
masterpiece beautifully,0.0
masterpiece beautifully shot,0.0
story that explores,0.0
story that unconvincingly,0.0
exploring,0.0
story the cast,0.0
story with,0.0
story with different,0.0
storyline about,0.0
storyline about secret,0.0
storyline flat,0.0
of period piece,0.0
of period,0.0
style few reviewers,0.0
subversive overall,0.0
style his,0.0
the film charismatic,0.0
the family emotional,0.0
of career low,0.0
of career,0.0
the family their,0.0
of camera placement,0.0
of camera,0.0
the film archival,0.0
the film battle,0.0
the film beautiful,0.0
the film black,0.0
the film choreography,0.0
the eyes,0.0
the film clear,0.0
the film clichéd,0.0
of brilliance and,0.0
of brilliance,0.0
the film covers,0.0
the film dance,0.0
the film dark,0.0
the film days,0.0
of boulogne where,0.0
of boulogne,0.0
the eyes of,0.0
of charles,0.0
of intellectual thought,0.0
the drama of,0.0
meandering at times,0.0
described as having,0.0
of complex issues,0.0
of complex and,0.0
the documentary scheme,0.0
the documentary soundtrack,0.0
the documentary suffers,0.0
the documentary the,0.0
the documentary youssou,0.0
the drama,0.0
the economic,0.0
other reviewers criticized,0.0
the economic crisis,0.0
the effect,0.0
the effect of,0.0
the entire,0.0
the entire family,0.0
mediocre staging,0.0
mediocre staging overall,0.0
the euthanasia,0.0
the euthanasia controversy,0.0
the execution stating,0.0
the film dormant,0.0
the film editing,0.0
the film engaging,0.0
members struggles,0.0
critics panning,0.0
the film summer,0.0
the film uneven,0.0
the film unflinching,0.0
the film unfunny,0.0
odd couple and,0.0
odd couple,0.0
the film unremarkable,0.0
the french film,0.0
the genre and,0.0
occasional tedium the,0.0
the film focus,0.0
occasional tedium,0.0
members struggles with,0.0
the greatest movies,0.0
the grim,0.0
the grim and,0.0
the hostage,0.0
the hostage crisis,0.0
the humor is,0.0
the iconic duo,0.0
obscure are generally,0.0
critics panning the,0.0
the film romance,0.0
the film powerful,0.0
critiques,0.0
cusack,0.0
meek,0.0
of atmosphere and,0.0
of atmosphere,0.0
the film heart,0.0
of artistic merit,0.0
of artistic,0.0
meek and,0.0
meek and lacking,0.0
the film however,0.0
meek and mild,0.0
mel gibson however,0.0
melancholy,0.0
melancholy portrayal,0.0
the film length,0.0
the film maryam,0.0
critiques of the,0.0
critiques of,0.0
melancholy portrayal the,0.0
the film mrs,0.0
the film offers,0.0
of conspiracy,0.0
of conspiracy thriller,0.0
of coping,0.0
summer,0.0
of his life,0.0
such as feisty,0.0
such as lack,0.0
such as self,0.0
such as surrogate,0.0
suffers from blandness,0.0
sufficient,0.0
sufficient insight,0.0
sufficient insight into,0.0
suggest that farley,0.0
summer love,0.0
surprise and,0.0
summer love spaghetti,0.0
super,0.0
super human,0.0
super human mental,0.0
superb cutting,0.0
superb cutting making,0.0
superficial and,0.0
superficial and lacking,0.0
dour,0.0
supporting cast including,0.0
subversive overall the,0.0
starring chris,0.0
subversive,0.0
of home,0.0
of intellectual,0.0
style his ability,0.0
style is praised,0.0
style which,0.0
style which blends,0.0
of individual societal,0.0
of individual,0.0
stylistics,0.0
stylistics however,0.0
of humor violence,0.0
stylistics however the,0.0
elements and,0.0
substance while,0.0
of humankind bestial,0.0
of humankind,0.0
substance while others,0.0
subtle in,0.0
of horror on,0.0
subtle in its,0.0
subtlety and nuance,0.0
of home movie,0.0
surprise,0.0
surprise and entertain,0.0
of coping with,0.0
diao yinan,0.0
of dreams and,0.0
of dreams,0.0
of dour and,0.0
of dour,0.0
the audience into,0.0
the best and,0.0
the best ford,0.0
the character,0.0
the character of,0.0
of depth the,0.0
of depression financial,0.0
of fun to,0.0
of depression,0.0
diao,0.0
the collision of,0.0
the complex,0.0
the complex friendship,0.0
meandering at,0.0
the dark,0.0
the dark soul,0.0
the director approach,0.0
the director balances,0.0
me is visually,0.0
of emotional,0.0
of emotional resonance,0.0
me is,0.0
of fun,0.0
of franz kafka,0.0
of franz,0.0
surrogate,0.0
surrogate pregnancy,0.0
of fiction and,0.0
of fiction,0.0
surrogate pregnancy abortion,0.0
surrogate the,0.0
surrogate the reviews,0.0
tackle,0.0
of familiar images,0.0
of fact and,0.0
of fact,0.0
the 1970s,0.0
of ethics in,0.0
of ethics,0.0
the astaire,0.0
the astaire rogers,0.0
me explores,0.0
me explores themes,0.0
starring chris farley,0.0
spiritual impulses,0.0
starring abigail breslin,0.0
performances of william,0.0
performances particularly jasmine,0.0
performances particularly mel,0.0
performances some,0.0
performances some reviewers,0.0
period piece comedy,0.0
period setting,0.0
period setting and,0.0
one of welles,0.0
personal life rather,0.0
iraq war,0.0
iraq,0.0
personalities,0.0
personalities such,0.0
personalities such as,0.0
personality as,0.0
personality as well,0.0
into the,0.0
on your grave,0.0
on your,0.0
perspectives,0.0
perspectives while,0.0
performances particularly brooke,0.0
performances of sally,0.0
point,0.0
only reason,0.0
people and problems,0.0
performance by,0.0
performance by david,0.0
performance by timlin,0.0
performance by worthington,0.0
performance calling,0.0
opinions and its,0.0
performance calling it,0.0
performance is criticized,0.0
performances and historical,0.0
performances and its,0.0
performances and predictable,0.0
performances from the,0.0
performances it,0.0
performances it is,0.0
performances of its,0.0
onna white is,0.0
onna white,0.0
onna,0.0
only redeeming quality,0.0
only redeeming,0.0
on those who,0.0
on those,0.0
perspectives while it,0.0
peter singer,0.0
placement movement,0.0
make it feel,0.0
plot elements,0.0
plot elements from,0.0
on sale are,0.0
plot featuring,0.0
plot featuring older,0.0
plot few,0.0
plot few reviewers,0.0
plot is described,0.0
plot pacing,0.0
plot pacing and,0.0
plot revolves,0.0
plot revolves around,0.0
plot that lacks,0.0
plot the movie,0.0
on its potential,0.0
on its,0.0
making elements,0.0
making elements while,0.0
poignant portrayal,0.0
placement,0.0
piotr uklanski while,0.0
piotr uklanski,0.0
philosophies of,0.0
peter singer and,0.0
insight into,0.0
on the village,0.0
on the trail,0.0
philosophical,0.0
philosophical issues,0.0
philosophical issues in,0.0
philosophies,0.0
on the music,0.0
philosophies of various,0.0
piotr,0.0
photography and visual,0.0
on the grim,0.0
on the genre,0.0
on the euthanasia,0.0
piece comedy,0.0
on the drama,0.0
piece comedy and,0.0
pieces are,0.0
pieces are noted,0.0
passionate and moving,0.0
passionate and,0.0
passionate,0.0
own good the,0.0
overly focused on,0.0
overly narrative,0.0
overly narrative and,0.0
overs,0.0
overs are,0.0
overs are also,0.0
overshadowed,0.0
overshadowed by,0.0
overshadowed by the,0.0
overview,0.0
original story with,0.0
overview while,0.0
overview while others,0.0
overwhelming,0.0
overwhelming and,0.0
original series and,0.0
original series,0.0
overwhelming and distracting,0.0
overwhelmingly negative,0.0
overwhelmingly negative with,0.0
own emotions and,0.0
overly focused,0.0
overly ambitious the,0.0
overlooked the film,0.0
orson welles 1962,0.0
killer is,0.0
others criticize it,0.0
lackluster,0.0
other low budget,0.0
other low,0.0
other films the,0.0
other films,0.0
out elements,0.0
out elements and,0.0
orson welles,0.0
overlooked the,0.0
orson,0.0
outing,0.0
outing due,0.0
ovarian,0.0
ovarian cancer,0.0
ovarian cancer featuring,0.0
overall narrative,0.0
overall narrative is,0.0
laing,0.0
own good,0.0
paced action,0.0
particularly the astaire,0.0
paced action sequences,0.0
panning the film,0.0
parody and,0.0
parody and homage,0.0
parody becoming,0.0
parody becoming too,0.0
parody of the,0.0
or miss music,0.0
or miss,0.0
particularly brooke,0.0
like me,0.0
particularly brooke shields,0.0
it for not,0.0
particularly from elsa,0.0
particularly highlighted as,0.0
or follow others,0.0
or follow,0.0
particularly jasmine,0.0
particularly jasmine batchelor,0.0
particularly mel,0.0
particularly mel gibson,0.0
is visually striking,0.0
panning the,0.0
panning,0.0
palette great direction,0.0
packed,0.0
paced and,0.0
paced and exciting,0.0
paced film,0.0
paced film it,0.0
pacing and execution,0.0
pacing direction,0.0
pacing direction and,0.0
pacing heavy,0.0
pacing heavy handed,0.0
or universal story,0.0
palette great,0.0
or universal,0.0
packed but,0.0
packed but some,0.0
pair,0.0
pair it,0.0
or subversive overall,0.0
or subversive,0.0
pair it is,0.0
palette,0.0
poignant portrayal of,0.0
point many,0.0
starring abigail,0.0
many have,0.0
some reviews criticize,0.0
many have dismissed,0.0
of the novel,0.0
of the movie,0.0
of the most,0.0
of the issue,0.0
of the iraq,0.0
songwriter,0.0
songwriter the,0.0
songwriter the film,0.0
soul,0.0
soul and,0.0
soul and self,0.0
soul of,0.0
soundtrack for,0.0
soundtrack for revolution,0.0
many reviewers appreciated,0.0
of the family,0.0
south,0.0
of the documentary,0.0
south korean,0.0
many have criticized,0.0
some reviewers suggest,0.0
point many reviewers,0.0
of the spaghetti,0.0
for its awkward,0.0
singer,0.0
singer and,0.0
for being predictable,0.0
social commentary that,0.0
follows,0.0
societal and,0.0
many critics panning,0.0
societal and film,0.0
follow,0.0
some also,0.0
some also felt,0.0
of their home,0.0
some challenging,0.0
some challenging ideas,0.0
many critics praised,0.0
of the transgender,0.0
some critics feel,0.0
some critics panning,0.0
of the studio,0.0
some reviewers call,0.0
south korean town,0.0
spaghetti western,0.0
spaghetti western directed,0.0
spaghetti western genre,0.0
of storytelling,0.0
marginalized,0.0
marginalized people,0.0
spit,0.0
spit on,0.0
spit on your,0.0
spy,0.0
spy role,0.0
spy role and,0.0
squishy,0.0
squishy and,0.0
marginalized people and,0.0
squishy and movie,0.0
staging,0.0
staging overall,0.0
staging overall the,0.0
of significant chapter,0.0
of significant,0.0
standout moments,0.0
standout moments the,0.0
standout performance by,0.0
of storytelling make,0.0
spiritual impulses however,0.0
the ideas,0.0
of teenage,0.0
spectacle,0.0
spectacle the,0.0
spectacle the film,0.0
speculation,0.0
speculation despite,0.0
speculation despite some,0.0
marco,0.0
marco bellocchio,0.0
of teenage life,0.0
of taylor schilling,0.0
spiritual,0.0
of taylor,0.0
marco bellocchio is,0.0
of swells number,0.0
of swells,0.0
of suspense poor,0.0
of sufficient insight,0.0
of sufficient,0.0
of subtlety and,0.0
of subtlety,0.0
of traditional narrative,0.0
shields,0.0
of tragic,0.0
powerful exploitation,0.0
portrayal of marginalized,0.0
oliver which is,0.0
oliver which,0.0
oliver,0.0
portrayal of rape,0.0
portrayal of relationships,0.0
portrayal of tragic,0.0
portrayal the,0.0
older more talented,0.0
older more,0.0
portrayal the movie,0.0
older actresses with,0.0
powell,0.0
powell and,0.0
powell and carol,0.0
power of,0.0
power of music,0.0
powerful and,0.0
powerful and affecting,0.0
powerful and moving,0.0
often heartbreaking and,0.0
portrayal of his,0.0
portrayal of coping,0.0
poorly written with,0.0
polarizing and divisive,0.0
on hayao miyazaki,0.0
on hayao,0.0
on gross out,0.0
on gross,0.0
pointless,0.0
pointless while,0.0
pointless while others,0.0
points while,0.0
points while some,0.0
however it falls,0.0
poorly written,0.0
political tract,0.0
political tract and,0.0
politics and drama,0.0
poor character,0.0
poor character behavior,0.0
poor execution,0.0
poor execution and,0.0
poor filmmaking,0.0
poor filmmaking and,0.0
often heartbreaking,0.0
often forced and,0.0
of tragic love,0.0
often forced,0.0
questions,0.0
manipulates viewers emotions,0.0
return to form,0.0
of william powell,0.0
of william,0.0
of welles most,0.0
of welles,0.0
ghibli,0.0
reviews and critiques,0.0
mannered,0.0
mannered to,0.0
mannered to be,0.0
sally,0.0
of various thinkers,0.0
of various,0.0
sally field,0.0
forced and,0.0
of two young,0.0
serial,0.0
serial killer,0.0
serry,0.0
manipulates viewers,0.0
of youssou,0.0
of youssou dour,0.0
praised cusack performance,0.0
powerful exploitation horror,0.0
powerful story,0.0
powerful story that,0.0
heartbreaking,0.0
praise miyazaki,0.0
praise miyazaki art,0.0
have praised the,0.0
have praised,0.0
praised cusack,0.0
praised some,0.0
psychedelic,0.0
man godfrey,0.0
praised some reviewers,0.0
praised the movie,0.0
offers an behind,0.0
praised with some,0.0
man godfrey the,0.0
man who becomes,0.0
project,0.0
manipulates,0.0
obscure are,0.0
of charles dickens,0.0
other works the,0.0
movie like with,0.0
narrative is described,0.0
narrative is criticized,0.0
narrative is,0.0
narrative filmmaking with,0.0
narrative filmmaking,0.0
and complex,0.0
movie love,0.0
various perspectives,0.0
various perspectives while,0.0
various thinkers,0.0
various thinkers including,0.0
vasarhelyi,0.0
vasarhelyi is,0.0
misogyny,0.0
movie love in,0.0
vasarhelyi is biographical,0.0
astaire rogers,0.0
with gorgeous,0.0
movie like me,0.0
movie is set,0.0
movie like,0.0
with gorgeous color,0.0
ups,0.0
movie is thought,0.0
movie is visually,0.0
ups and,0.0
ups and downs,0.0
usa,0.0
usa during,0.0
movie janie,0.0
movie janie jones,0.0
narrative structure and,0.0
narrative structure,0.0
usa during the,0.0
use of atmosphere,0.0
narrative progression and,0.0
narrative progression,0.0
use of camera,0.0
narrative bizarre scenes,0.0
narrative bizarre,0.0
narrative and may,0.0
narrative and its,0.0
as self,0.0
village of,0.0
village of boulogne,0.0
violence and psychological,0.0
and critiques of,0.0
violence and social,0.0
violence overall,0.0
my man godfrey,0.0
my man,0.0
violence overall the,0.0
are overwhelmingly negative,0.0
viral,0.0
viral video,0.0
viral video age,0.0
must watch for,0.0
must watch,0.0
mixed but mostly,0.0
viewpoints and opinions,0.0
viewpoints and,0.0
viewpoints,0.0
victoria and,0.0
movie mad,0.0
narrative and,0.0
movie mad to,0.0
with drama and,0.0
with drama,0.0
victoria,0.0
and critiques,0.0
victoria and her,0.0
viewing experience the,0.0
video age,0.0
miss,0.0
miss music,0.0
miss music the,0.0
video age however,0.0
viewers emotions,0.0
viewers emotions towards,0.0
with lackluster,0.0
with lackluster laughs,0.0
to acknowledge the,0.0
neo noir thriller,0.0
neo,0.0
woman facing ovarian,0.0
bizarre,0.0
movie follows three,0.0
woman facing,0.0
movie themes of,0.0
unfunny lowbrow,0.0
negative some critics,0.0
negative some,0.0
unfunny lowbrow and,0.0
mild,0.0
mild mannered,0.0
mild mannered to,0.0
unique and engaging,0.0
unique and intriguing,0.0
unique and surreal,0.0
with unique plot,0.0
neo noir,0.0
women centric,0.0
with lively,0.0
women centric comedy,0.0
middle aged,0.0
never overshadowed by,0.0
wore yellow,0.0
never overshadowed,0.0
never,0.0
middle aged woman,0.0
wore,0.0
brooke shields,0.0
brooke,0.0
to explore themes,0.0
to form,0.0
to tackle,0.0
breslin,0.0
movie flaws,0.0
movie flaws can,0.0
money,0.0
moments the reviews,0.0
unique cinematic,0.0
with these thinkers,0.0
unique cinematic experience,0.0
being predictable,0.0
unremarkable the,0.0
unremarkable the movie,0.0
with reality the,0.0
with reality,0.0
unremarkable with,0.0
unremarkable with bland,0.0
moments of brilliance,0.0
with many critics,0.0
with lively and,0.0
unsuccessful,0.0
unsuccessful resulting,0.0
unsuccessful resulting in,0.0
unsuccessful the,0.0
unsuccessful the humor,0.0
untimely,0.0
untimely death,0.0
untimely death may,0.0
unremarkable storyline unengaging,0.0
unremarkable storyline,0.0
unremarkable,0.0
unique storytelling style,0.0
unique concept disturbing,0.0
with these,0.0
with their own,0.0
with their,0.0
unique plot,0.0
unique plot featuring,0.0
with the loss,0.0
with the film,0.0
with social,0.0
with the economic,0.0
with super human,0.0
unique style which,0.0
with super,0.0
universal story,0.0
universal story overall,0.0
with social commentary,0.0
virginia madsen,0.0
virginia madsen wanda,0.0
mixed many,0.0
weeks is,0.0
moving experience emotional,0.0
who delivers,0.0
mockler the film,0.0
well acted performances,0.0
moving account of,0.0
moving account,0.0
who create it,0.0
who create,0.0
well as some,0.0
well explored,0.0
who brings depth,0.0
well realized,0.0
well realized characters,0.0
welles,0.0
movies ever made,0.0
movies ever filmed,0.0
who brings,0.0
weeks is death,0.0
weeks,0.0
mixed many critics,0.0
who delivers an,0.0
mockler the,0.0
william powell and,0.0
we live,0.0
william powell,0.0
we live in,0.0
we re,0.0
we re couple,0.0
widely praised some,0.0
and has,0.0
and historical,0.0
and intriguing,0.0
and starring john,0.0
who is on,0.0
mrs brown is,0.0
who is married,0.0
mrs brown,0.0
mrs,0.0
movies ever,0.0
welles 1962,0.0
movies and is,0.0
welles 1962 film,0.0
where serial,0.0
while it is,0.0
movie watchable with,0.0
movie watchable,0.0
where serial killer,0.0
which blends,0.0
which blends elements,0.0
which focuses,0.0
modern and,0.0
modern and baroque,0.0
movie two weeks,0.0
movie two,0.0
movie the numbers,0.0
and non,0.0
movie the surrogate,0.0
movie the titan,0.0
which focuses on,0.0
white is,0.0
white is highlighted,0.0
movie while,0.0
wes,0.0
who becomes titan,0.0
welles most,0.0
white photography and,0.0
welles most innovative,0.0
were underdeveloped,0.0
were underdeveloped overall,0.0
and performances particularly,0.0
wes craven,0.0
movie while others,0.0
wes craven and,0.0
western genre blending,0.0
western with,0.0
white photography,0.0
western with gorgeous,0.0
westerns with,0.0
westerns with some,0.0
mockler,0.0
movie project for,0.0
movie project,0.0
music however,0.0
voice overs are,0.0
with breslin performance,0.0
with breslin,0.0
music the film,0.0
music the,0.0
music that accompanied,0.0
music that,0.0
wanda,0.0
wanda sykes,0.0
wanda sykes and,0.0
war from,0.0
war from various,0.0
war is,0.0
music industry as,0.0
movie new nightmare,0.0
music industry,0.0
movie oliver,0.0
voice overs,0.0
voice,0.0
with contrasting,0.0
visually striking and,0.0
with different twist,0.0
visual storytelling,0.0
visual storytelling the,0.0
musicals the film,0.0
musicals the,0.0
with different,0.0
visually striking,0.0
musical set pieces,0.0
visuals and cinematography,0.0
musical set,0.0
with death,0.0
musical numbers the,0.0
musical numbers,0.0
visually striking psychedelic,0.0
with contrasting personalities,0.0
visually stunning portrayal,0.0
music however others,0.0
movie oliver which,0.0
multiple viewpoints,0.0
war is unbalanced,0.0
miyazaki art the,0.0
miyazaki the,0.0
miyazaki the retired,0.0
miyazaki work,0.0
with attitude the,0.0
with attitude,0.0
miyazaki work some,0.0
way it questions,0.0
wayne the,0.0
wayne the quotes,0.0
wayne westerns,0.0
wayne westerns with,0.0
we,0.0
movie plot revolves,0.0
winding refn the,0.0
winding refn is,0.0
multiple viewpoints and,0.0
miyazaki art,0.0
watchable with breslin,0.0
watchable with,0.0
warrior and death,0.0
war point,0.0
war point many,0.0
music and the,0.0
with bland performance,0.0
music and is,0.0
warrior,0.0
warrior and,0.0
and unremarkable,0.0
miyazaki,0.0
watch due,0.0
watch due to,0.0
watch for fans,0.0
watch however,0.0
watch however some,0.0
watchable,0.0
with bland,0.0
to blend,0.0
negative with many,0.0
to acknowledge,0.0
young actors are,0.0
young girls gemma,0.0
the village,0.0
not revealing enough,0.0
not revealing,0.0
the village of,0.0
the viral,0.0
the viral video,0.0
merit,0.0
these thinkers,0.0
the world we,0.0
the young actors,0.0
young actors,0.0
their home,0.0
not fully exploring,0.0
yinan the movie,0.0
their home the,0.0
the usa during,0.0
the usa,0.0
more talented sister,0.0
more talented,0.0
the pair it,0.0
the power,0.0
the power of,0.0
noted as being,0.0
noted as,0.0
more of,0.0
more of home,0.0
the studio,0.0
more of miyazaki,0.0
the studio creativity,0.0
the studio work,0.0
the stuff,0.0
the stuff of,0.0
the titan,0.0
the trial critics,0.0
their own,0.0
not exploring philosophical,0.0
not exploring,0.0
yellow ribbon directed,0.0
their ups,0.0
their ups and,0.0
themes and questions,0.0
chris farley,0.0
themes of depression,0.0
themes of ethics,0.0
chris,0.0
themes of individual,0.0
yellow,0.0
written with lackluster,0.0
theory is,0.0
theory is hollywood,0.0
normal are mixed,0.0
normal are,0.0
normal,0.0
yellow ribbon,0.0
their struggles to,0.0
their own emotions,0.0
yinan,0.0
their performances,0.0
most breathtaking,0.0
most breathtaking movies,0.0
their performances some,0.0
their relationship,0.0
their relationship however,0.0
merit poor,0.0
most innovative and,0.0
most profitable astaire,0.0
yinan the,0.0
not be fully,0.0
merit poor filmmaking,0.0
yinan delivers devious,0.0
yinan delivers,0.0
mostly negative some,0.0
the pair,0.0
the overall narrative,0.0
the original series,0.0
the kingdom of,0.0
number are,0.0
memories and,0.0
memories and historical,0.0
the lead actor,0.0
the leads particularly,0.0
the local,0.0
the local community,0.0
the loss,0.0
the loss of,0.0
the mediocre,0.0
the mediocre staging,0.0
the most,0.0
the most breathtaking,0.0
the movement some,0.0
youssou dour renowned,0.0
number are particularly,0.0
1970s,0.0
the movie beyond,0.0
zany,0.0
zany and elaborate,0.0
memorable and epic,0.0
the ideas and,0.0
zany and,0.0
morality the reviewers,0.0
the iraq,0.0
the iraq war,0.0
the kingdom,0.0
numbers station directed,0.0
numbers station,0.0
morality the,0.0
numbers particularly the,0.0
numbers particularly,0.0
numbers as well,0.0
numbers as,0.0
the movie beautiful,0.0
nuance to the,0.0
the only redeeming,0.0
the movie two,0.0
the music industry,0.0
the music that,0.0
the musical,0.0
the musical set,0.0
commentary as well,0.0
commentary as,0.0
the narrative,0.0
the narrative is,0.0
the numbers station,0.0
the obscure are,0.0
the odd couple,0.0
the only,0.0
noting its influence,0.0
your,0.0
the only reason,0.0
the movie watchable,0.0
the movie oliver,0.0
nuance to,0.0
your grave,0.0
youssou dour directed,0.0
the movie but,0.0
youssou dour,0.0
nuance and tendency,0.0
the movie flaws,0.0
the movie janie,0.0
youssou,0.0
the movie like,0.0
the movie love,0.0
your grave the,0.0
mental abilities,0.0
novel the trial,0.0
mental abilities and,0.0
novel the movie,0.0
the movie mad,0.0
these,0.0
most innovative,0.0
these thinkers as,0.0
actresses with,0.0
three family members,0.0
thriller film that,0.0
thriller overall,0.0
thriller political,0.0
thriller political tract,0.0
thriller that attempts,0.0
moody film,0.0
work that elicits,0.0
time writing and,0.0
through the,0.0
michael douglas the,0.0
through the eyes,0.0
nick broomfield is,0.0
nick broomfield,0.0
time of,0.0
time of money,0.0
three family,0.0
michael douglas,0.0
nightmare directed,0.0
nightmare directed by,0.0
works the film,0.0
works the,0.0
actor,0.0
movie beyond,0.0
movie beyond reasonable,0.0
works exploring themes,0.0
those seeking,0.0
those seeking easy,0.0
those who create,0.0
works exploring,0.0
movie but,0.0
thought provoking enlightening,0.0
movie but the,0.0
career,0.0
thoughtful and empathetic,0.0
time writing,0.0
timeless classic,0.0
thinkers including albert,0.0
michele and is,0.0
michele,0.0
titan is,0.0
titan is sci,0.0
affecting adaptation,0.0
wore yellow ribbon,0.0
money the reviews,0.0
michele and,0.0
titan science,0.0
timely topic,0.0
titan science fiction,0.0
new nightmare directed,0.0
new nightmare,0.0
but some critics,0.0
titled almost,0.0
titled almost heroes,0.0
money the,0.0
titan after being,0.0
titan after,0.0
work and its,0.0
work of onna,0.0
nicholson and tom,0.0
nicholson and,0.0
timely topic but,0.0
timlin,0.0
timlin who,0.0
timlin who delivers,0.0
work some reviewers,0.0
montages of familiar,0.0
montages of,0.0
titan,0.0
news reports and,0.0
news reports,0.0
montages,0.0
work some critics,0.0
work some,0.0
movie beautiful boxer,0.0
moody film that,0.0
which is an,0.0
worthington as man,0.0
nivola as her,0.0
written with,0.0
nivola nivola,0.0
nivola nivola as,0.0
thinkers including,0.0
thinkers as well,0.0
thinkers as,0.0
nonsensical and,0.0
writing and directing,0.0
thinkers,0.0
thin ice is,0.0
noir thriller,0.0
worthington as,0.0
movement with focus,0.0
noir thriller directed,0.0
thin ice,0.0
world we,0.0
world we live,0.0
non,0.0
non adversarial,0.0
worthington and plot,0.0
worthington and,0.0
worthington,0.0
non adversarial take,0.0
non fiction,0.0
non fiction focusing,0.0
nivola as,0.0
nonsensical and pointless,0.0
movie beautiful,0.0
movement some reviewers,0.0
movement some,0.0
movement with,0.0
nivola,0.0
the wizard,-1.0842021724855044e-19
of oz,-1.0842021724855044e-19
wizard of oz,-1.0842021724855044e-19
movie and the,-1.0842021724855044e-19
of oz movie,-1.0842021724855044e-19
the movie return,-1.0842021724855044e-19
source material special,-1.0842021724855044e-19
pointed out the,-1.0842021724855044e-19
not kid,-1.0842021724855044e-19
original movie and,-1.0842021724855044e-19
being more,-1.0842021724855044e-19
movie return to,-1.0842021724855044e-19
movie return,-1.0842021724855044e-19
out the,-1.0842021724855044e-19
oz which,-1.0842021724855044e-19
the wizard of,-1.0842021724855044e-19
more engaging and,-1.0842021724855044e-19
wizard,-1.0842021724855044e-19
wizard of,-1.0842021724855044e-19
material special,-1.0842021724855044e-19
material special effects,-1.0842021724855044e-19
weird,-1.0842021724855044e-19
of judy garland,-1.0842021724855044e-19
of judy,-1.0842021724855044e-19
weird scary,-1.0842021724855044e-19
weird scary and,-1.0842021724855044e-19
which is sequel,-1.0842021724855044e-19
not kid friendly,-1.0842021724855044e-19
return to,-1.0842021724855044e-19
return,-1.0842021724855044e-19
adaptation of the,-1.0842021724855044e-19
out the contrast,-1.0842021724855044e-19
oz which is,-1.0842021724855044e-19
the classic the,-1.0842021724855044e-19
with the latter,-1.0842021724855044e-19
movie the movie,-1.0842021724855044e-19
the original movie,-1.0842021724855044e-19
the presence of,-1.0842021724855044e-19
original movie,-1.0842021724855044e-19
the contrast,-1.0842021724855044e-19
the latter being,-1.0842021724855044e-19
the classic,-1.0842021724855044e-19
meaningful,-1.0842021724855044e-19
the latter,-1.0842021724855044e-19
oz movie,-1.0842021724855044e-19
oz movie the,-1.0842021724855044e-19
the contrast between,-1.0842021724855044e-19
presence of,-1.0842021724855044e-19
of the source,-1.0842021724855044e-19
more engaging,-1.0842021724855044e-19
the presence,-1.0842021724855044e-19
paul scofield,-2.168404344971009e-19
judi dench,-2.168404344971009e-19
movie features,-2.168404344971009e-19
performances branagh,-2.168404344971009e-19
paul scofield and,-2.168404344971009e-19
performances branagh vision,-2.168404344971009e-19
viewing experience especially,-2.168404344971009e-19
oz,-2.168404344971009e-19
memorable and enjoyable,-2.168404344971009e-19
the movie blend,-2.168404344971009e-19
the film henry,-2.168404344971009e-19
viewing experience,-2.168404344971009e-19
viewing,-2.168404344971009e-19
of shakespeare,-2.168404344971009e-19
of shakespeare drama,-2.168404344971009e-19
the film over,-2.168404344971009e-19
judi,-2.168404344971009e-19
vision of,-2.168404344971009e-19
the movie features,-2.168404344971009e-19
movie features talented,-2.168404344971009e-19
movie blend,-2.168404344971009e-19
movie blend of,-2.168404344971009e-19
of henry is,-2.168404344971009e-19
those who have,-2.168404344971009e-19
of henry,-2.168404344971009e-19
work the movie,-2.168404344971009e-19
make it memorable,-2.168404344971009e-19
work the film,-2.168404344971009e-19
over all vision,-2.168404344971009e-19
dench,-2.168404344971009e-19
with some,-2.168404344971009e-19
of the bard,-2.168404344971009e-19
over all,-2.168404344971009e-19
the essence of,-2.168404344971009e-19
who have read,-2.168404344971009e-19
who deliver fine,-2.168404344971009e-19
the bard,-2.168404344971009e-19
vision of henry,-2.168404344971009e-19
the bard work,-2.168404344971009e-19
vision and,-2.168404344971009e-19
vision and branagh,-2.168404344971009e-19
visuals special effects,-3.2526065174565133e-19
powerful fantasy world,-3.2526065174565133e-19
powerful fantasy,-3.2526065174565133e-19
many reviewers feel,-3.2526065174565133e-19
poor storytelling and,-3.2526065174565133e-19
visuals special,-3.2526065174565133e-19
world but ultimately,-3.2526065174565133e-19
but ultimately,-3.2526065174565133e-19
of evil,-3.2526065174565133e-19
world but,-3.2526065174565133e-19
plot dialogue,-3.2526065174565133e-19
overly ambitious trying,-3.2526065174565133e-19
plot dialogue and,-3.2526065174565133e-19
storytelling and lack,-3.2526065174565133e-19
special effects poor,-3.2526065174565133e-19
themes of evil,-3.2526065174565133e-19
henry is,-4.336808689942018e-19
shakespeare,-4.336808689942018e-19
work the,-4.336808689942018e-19
henry,-4.336808689942018e-19
many reviewers appreciate,-4.336808689942018e-19
and powerful,-7.589415207398531e-19
plot with focus,-8.673617379884035e-19
modest setting,-8.673617379884035e-19
modest setting with,-8.673617379884035e-19
live in,-8.673617379884035e-19
york the film,-8.673617379884035e-19
on script writing,-8.673617379884035e-19
on script,-8.673617379884035e-19
opinions about low,-8.673617379884035e-19
on the house,-8.673617379884035e-19
pleasant,-8.673617379884035e-19
performances and,-8.673617379884035e-19
writing and economy,-8.673617379884035e-19
who live in,-8.673617379884035e-19
york the,-8.673617379884035e-19
with big,-8.673617379884035e-19
with big ambition,-8.673617379884035e-19
who live,-8.673617379884035e-19
plot with,-8.673617379884035e-19
film is about,-8.673617379884035e-19
stuart hazeldine is,-8.673617379884035e-19
the film grey,-8.673617379884035e-19
unique lifestyle,-8.673617379884035e-19
the beales their,-8.673617379884035e-19
for those,-8.673617379884035e-19
mind horror and,-8.673617379884035e-19
mind horror,-8.673617379884035e-19
the film modest,-8.673617379884035e-19
of focus on,-8.673617379884035e-19
new york the,-8.673617379884035e-19
of mind horror,-8.673617379884035e-19
unique lifestyle and,-8.673617379884035e-19
of mind,-8.673617379884035e-19
thriller film called,-8.673617379884035e-19
the director stuart,-8.673617379884035e-19
the usual suspects,-8.673617379884035e-19
usual suspects the,-8.673617379884035e-19
the eccentric and,-8.673617379884035e-19
for those who,-8.673617379884035e-19
the eccentric,-8.673617379884035e-19
nature shallow,-8.673617379884035e-19
they face however,-8.673617379884035e-19
the beales,-8.673617379884035e-19
their unique,-8.673617379884035e-19
tinged,-8.673617379884035e-19
nature shallow celebrity,-8.673617379884035e-19
tinged thriller film,-8.673617379884035e-19
the house restoration,-8.673617379884035e-19
their unique lifestyle,-8.673617379884035e-19
standout,-8.673617379884035e-19
usual suspects,-8.673617379884035e-19
the usual,-8.673617379884035e-19
of the beales,-8.673617379884035e-19
tinged thriller,-8.673617379884035e-19
usual,-8.673617379884035e-19
noting its ability,-1.0842021724855044e-18
the overall tone,-1.0842021724855044e-18
particularly highlighted with,-1.0842021724855044e-18
tone is overwhelmingly,-1.0842021724855044e-18
particularly highlighted,-1.0842021724855044e-18
overall tone is,-1.0842021724855044e-18
overall tone,-1.0842021724855044e-18
highlighted with many,-1.0842021724855044e-18
highlighted with,-1.0842021724855044e-18
is particularly,-1.0842021724855044e-18
ability to convey,-1.0842021724855044e-18
to convey,-1.0842021724855044e-18
unfunny,-1.0842021724855044e-18
questionable,-1.0842021724855044e-18
is particularly highlighted,-1.0842021724855044e-18
convey,-1.0842021724855044e-18
the bride of,-1.1926223897340549e-18
use of light,-1.1926223897340549e-18
of horror comedy,-1.1926223897340549e-18
themes of horror,-1.1926223897340549e-18
the bride,-1.1926223897340549e-18
film as classic,-1.1926223897340549e-18
of unease,-1.1926223897340549e-18
masterpiece and essential,-1.1926223897340549e-18
horror comedy and,-1.1926223897340549e-18
whale the overall,-1.1926223897340549e-18
whale the,-1.1926223897340549e-18
whale,-1.1926223897340549e-18
of frankenstein directed,-1.1926223897340549e-18
of frankenstein,-1.1926223897340549e-18
of light,-1.1926223897340549e-18
of unease and,-1.1926223897340549e-18
of light shadow,-1.1926223897340549e-18
masterpiece and,-1.1926223897340549e-18
director stuart hazeldine,-1.3010426069826053e-18
criticized for not,-1.3010426069826053e-18
characters uneven,-1.3010426069826053e-18
hazeldine,-1.3010426069826053e-18
exam,-1.3010426069826053e-18
stuart,-1.3010426069826053e-18
stuart hazeldine,-1.3010426069826053e-18
for not,-1.3010426069826053e-18
thin characters,-1.3010426069826053e-18
uneven performances,-1.3010426069826053e-18
modest,-1.3010426069826053e-18
director stuart,-1.3010426069826053e-18
thin characters uneven,-1.3010426069826053e-18
characters uneven performances,-1.3010426069826053e-18
uneven performances and,-1.3010426069826053e-18
psychological drama,-1.3010426069826053e-18
with psychiatrists the,-1.4094628242311558e-18
thought about the,-1.4094628242311558e-18
on tv,-1.4094628242311558e-18
with psychiatrists,-1.4094628242311558e-18
on tv news,-1.4094628242311558e-18
thought about,-1.4094628242311558e-18
those opposed to,-1.4094628242311558e-18
minds of those,-1.4094628242311558e-18
of his interactions,-1.4094628242311558e-18
thorough analysis thoughtful,-1.4094628242311558e-18
those opposed,-1.4094628242311558e-18
tv news,-1.4094628242311558e-18
thorough,-1.4094628242311558e-18
thorough analysis,-1.4094628242311558e-18
up call for,-1.4094628242311558e-18
up call,-1.4094628242311558e-18
objective sources the,-1.4094628242311558e-18
not changing,-1.4094628242311558e-18
minds of,-1.4094628242311558e-18
the context,-1.4094628242311558e-18
the minds of,-1.4094628242311558e-18
news,-1.4094628242311558e-18
news punditry,-1.4094628242311558e-18
opposed to trump,-1.4094628242311558e-18
mental health particularly,-1.4094628242311558e-18
opposed to,-1.4094628242311558e-18
more objective,-1.4094628242311558e-18
more objective sources,-1.4094628242311558e-18
opposed,-1.4094628242311558e-18
objective sources,-1.4094628242311558e-18
of those opposed,-1.4094628242311558e-18
of those,-1.4094628242311558e-18
the context of,-1.4094628242311558e-18
not changing the,-1.4094628242311558e-18
the minds,-1.4094628242311558e-18
news punditry instead,-1.4094628242311558e-18
thoughtful criticism and,-1.4094628242311558e-18
thoughtful criticism,-1.4094628242311558e-18
of more,-1.4094628242311558e-18
wake up call,-1.4094628242311558e-18
wake up,-1.4094628242311558e-18
sources the,-1.4094628242311558e-18
who are concerned,-1.4094628242311558e-18
sources the documentary,-1.4094628242311558e-18
objective,-1.4094628242311558e-18
wake,-1.4094628242311558e-18
of more objective,-1.4094628242311558e-18
particularly in the,-1.4094628242311558e-18
movie editing music,-1.5178830414797062e-18
movie editing,-1.5178830414797062e-18
strong points,-1.5178830414797062e-18
work and mcqueen,-1.5178830414797062e-18
mood are highlighted,-1.5178830414797062e-18
particularly for its,-1.5178830414797062e-18
performance it,-1.5178830414797062e-18
performance it is,-1.5178830414797062e-18
movie bullitt,-1.5178830414797062e-18
movie bullitt starring,-1.5178830414797062e-18
strong points despite,-1.5178830414797062e-18
particularly for,-1.5178830414797062e-18
mood,-1.5178830414797062e-18
policier,-1.5178830414797062e-18
music and mood,-1.5178830414797062e-18
mood are,-1.5178830414797062e-18
police work and,-1.5178830414797062e-18
the movie bullitt,-1.5178830414797062e-18
cinematic,-1.5178830414797062e-18
the movie editing,-1.5178830414797062e-18
points despite some,-1.5178830414797062e-18
some confusing plot,-1.5178830414797062e-18
policier the movie,-1.5178830414797062e-18
some confusing,-1.5178830414797062e-18
points despite,-1.5178830414797062e-18
points and illogical,-1.5178830414797062e-18
for its action,-1.5178830414797062e-18
the film authenticity,-1.5178830414797062e-18
young audience,-1.5178830414797062e-18
policier the,-1.5178830414797062e-18
young audience the,-1.5178830414797062e-18
steve mcqueen policier,-1.5178830414797062e-18
portraying real locations,-1.5178830414797062e-18
portraying,-1.5178830414797062e-18
mcqueen the film,-1.5178830414797062e-18
mcqueen performance,-1.5178830414797062e-18
mcqueen policier the,-1.5178830414797062e-18
mcqueen performance it,-1.5178830414797062e-18
movie is generally,-1.5178830414797062e-18
mcqueen policier,-1.5178830414797062e-18
portraying real,-1.5178830414797062e-18
as classic,-1.5720931501039814e-18
the story,-1.734723475976807e-18
the ethics of,-1.734723475976807e-18
of being,-1.734723475976807e-18
numbers and original,-1.734723475976807e-18
1935 musical film,-1.734723475976807e-18
out that the,-1.734723475976807e-18
the movie exam,-1.734723475976807e-18
numbers and great,-1.734723475976807e-18
criticizing,-1.734723475976807e-18
out that,-1.734723475976807e-18
the ethics,-1.734723475976807e-18
suffers from thin,-1.734723475976807e-18
the challenges they,-1.734723475976807e-18
thriller that juggles,-1.734723475976807e-18
their best,-1.734723475976807e-18
or upper class,-1.734723475976807e-18
this the movie,-1.734723475976807e-18
suffers from,-1.734723475976807e-18
suffers,-1.734723475976807e-18
they face,-1.734723475976807e-18
challenges of,-1.734723475976807e-18
challenges of being,-1.734723475976807e-18
challenges they,-1.734723475976807e-18
1935 musical,-1.734723475976807e-18
challenges they face,-1.734723475976807e-18
the 1935 musical,-1.734723475976807e-18
own merits,-1.734723475976807e-18
original comedy however,-1.734723475976807e-18
themes and genres,-1.734723475976807e-18
merits,-1.734723475976807e-18
most profitable musicals,-1.734723475976807e-18
most profitable,-1.734723475976807e-18
the challenges of,-1.734723475976807e-18
or upper,-1.734723475976807e-18
their best and,-1.734723475976807e-18
elderly,-1.734723475976807e-18
original comedy,-1.734723475976807e-18
modest cast the,-1.734723475976807e-18
astaire and ginger,-1.734723475976807e-18
incoherent,-1.734723475976807e-18
multiple themes and,-1.734723475976807e-18
plot is involving,-1.734723475976807e-18
of their best,-1.734723475976807e-18
of their,-1.734723475976807e-18
makes an impressive,-1.734723475976807e-18
makes an,-1.734723475976807e-18
film top hat,-1.734723475976807e-18
somewhat,-1.734723475976807e-18
somewhat predictable,-1.734723475976807e-18
somewhat predictable and,-1.734723475976807e-18
film top,-1.734723475976807e-18
are also criticized,-1.734723475976807e-18
impressive,-1.734723475976807e-18
musical film top,-1.734723475976807e-18
musicals with wonderful,-1.734723475976807e-18
astaire,-1.734723475976807e-18
astaire and,-1.734723475976807e-18
physical performances magical,-1.734723475976807e-18
physical performances,-1.734723475976807e-18
stars fred,-1.734723475976807e-18
stars fred astaire,-1.734723475976807e-18
multiple themes,-1.734723475976807e-18
of triage,-1.734723475976807e-18
of triage with,-1.734723475976807e-18
gardens,-1.734723475976807e-18
which stars fred,-1.734723475976807e-18
and most profitable,-1.734723475976807e-18
and most,-1.734723475976807e-18
hat,-1.734723475976807e-18
profitable,-1.734723475976807e-18
grey gardens,-1.734723475976807e-18
grey,-1.734723475976807e-18
ginger rogers,-1.734723475976807e-18
ginger,-1.734723475976807e-18
rogers,-1.734723475976807e-18
and ginger,-1.734723475976807e-18
wealth or upper,-1.734723475976807e-18
wealth or,-1.734723475976807e-18
wealth,-1.734723475976807e-18
fred astaire and,-1.734723475976807e-18
fred astaire,-1.734723475976807e-18
pointed out that,-1.734723475976807e-18
fred,-1.734723475976807e-18
weak,-1.734723475976807e-18
and ginger rogers,-1.734723475976807e-18
status and the,-1.734723475976807e-18
performances magical,-1.734723475976807e-18
upper class status,-1.734723475976807e-18
one of their,-1.734723475976807e-18
with wonderful,-1.734723475976807e-18
upper class,-1.734723475976807e-18
best and most,-1.734723475976807e-18
experience while,-1.734723475976807e-18
top hat,-1.734723475976807e-18
execution is criticized,-1.734723475976807e-18
wonderful,-1.734723475976807e-18
performances magical dance,-1.734723475976807e-18
modest cast,-1.734723475976807e-18
wonderful dance,-1.734723475976807e-18
wonderful dance numbers,-1.734723475976807e-18
execution is,-1.734723475976807e-18
performances and disappointing,-1.734723475976807e-18
ethics,-1.734723475976807e-18
structure is,-1.734723475976807e-18
structure is somewhat,-1.734723475976807e-18
movie exam is,-1.734723475976807e-18
stuart hazeldine makes,-1.734723475976807e-18
movie exam,-1.734723475976807e-18
best and,-1.734723475976807e-18
with wonderful dance,-1.734723475976807e-18
with the,-1.734723475976807e-18
with small,-1.734723475976807e-18
upper,-1.734723475976807e-18
unresolved overall the,-1.734723475976807e-18
unresolved overall,-1.734723475976807e-18
unresolved,-1.734723475976807e-18
is about the,-1.734723475976807e-18
movie has interesting,-1.734723475976807e-18
with slick,-1.734723475976807e-18
with slick and,-1.734723475976807e-18
face,-1.734723475976807e-18
beale,-1.734723475976807e-18
with small budget,-1.734723475976807e-18
style the film,-2.168404344971009e-18
richard,-2.168404344971009e-18
standout performance from,-2.168404344971009e-18
style the,-2.168404344971009e-18
becomes,-2.168404344971009e-18
of satire symbolism,-2.3852447794681098e-18
witty script charming,-2.3852447794681098e-18
powerful commentary,-2.3852447794681098e-18
ninotchka starring greta,-2.3852447794681098e-18
powerful commentary on,-2.3852447794681098e-18
time masterpiece of,-2.3852447794681098e-18
the greatest films,-2.3852447794681098e-18
on politics and,-2.3852447794681098e-18
politics and communism,-2.3852447794681098e-18
politics and,-2.3852447794681098e-18
the film witty,-2.3852447794681098e-18
politics,-2.3852447794681098e-18
of satire,-2.3852447794681098e-18
performances and enchanting,-2.3852447794681098e-18
poise overall the,-2.3852447794681098e-18
poise overall,-2.3852447794681098e-18
poise,-2.3852447794681098e-18
use of satire,-2.3852447794681098e-18
on politics,-2.3852447794681098e-18
ninotchka starring,-2.3852447794681098e-18
many consider it,-2.3852447794681098e-18
masterpiece of,-2.3852447794681098e-18
many consider,-2.3852447794681098e-18
time masterpiece,-2.3852447794681098e-18
masterpiece of comedy,-2.3852447794681098e-18
however many,-2.4936649967166602e-18
the 1935,-2.4936649967166602e-18
about the 1935,-2.4936649967166602e-18
1935,-2.4936649967166602e-18
coming,-2.6020852139652106e-18
1990s direct,-2.6020852139652106e-18
to video action,-2.6020852139652106e-18
to video,-2.6020852139652106e-18
find it lacking,-2.6020852139652106e-18
graphic,-2.6020852139652106e-18
with some critics,-2.6020852139652106e-18
it lacking,-2.6020852139652106e-18
performances however,-2.6020852139652106e-18
performances however some,-2.6020852139652106e-18
direct,-2.6020852139652106e-18
video action,-2.6020852139652106e-18
direct to,-2.6020852139652106e-18
direct to video,-2.6020852139652106e-18
video action movie,-2.6020852139652106e-18
1990s direct to,-2.6020852139652106e-18
bold and,-2.6020852139652106e-18
viewers the film,-2.8189256484623115e-18
viewers the,-2.8189256484623115e-18
they face as,-3.0357660829594124e-18
critics find it,-3.0357660829594124e-18
the struggles of,-3.0357660829594124e-18
the winter,-3.0357660829594124e-18
the winter of,-3.0357660829594124e-18
unsentimental with beautiful,-3.0357660829594124e-18
unsentimental with,-3.0357660829594124e-18
unsentimental,-3.0357660829594124e-18
their personal,-3.0357660829594124e-18
their personal lives,-3.0357660829594124e-18
movie is about,-3.0357660829594124e-18
winter,-3.0357660829594124e-18
winter of,-3.0357660829594124e-18
they grow,-3.0357660829594124e-18
poignant charming,-3.0357660829594124e-18
they grow older,-3.0357660829594124e-18
older it,-3.0357660829594124e-18
thought provoking poignant,-3.0357660829594124e-18
winter of life,-3.0357660829594124e-18
spanish animated film,-3.0357660829594124e-18
older it is,-3.0357660829594124e-18
spanish animated,-3.0357660829594124e-18
spanish,-3.0357660829594124e-18
of the elderly,-3.0357660829594124e-18
of life the,-3.0357660829594124e-18
with beautiful,-3.0357660829594124e-18
struggles of the,-3.0357660829594124e-18
struggles of,-3.0357660829594124e-18
with beautiful hand,-3.0357660829594124e-18
poignant charming and,-3.0357660829594124e-18
subtlety and others,-3.0357660829594124e-18
on their personal,-3.0357660829594124e-18
the elderly,-3.0357660829594124e-18
the elderly focusing,-3.0357660829594124e-18
masterpiece,-3.0357660829594124e-18
soft overall,-3.0357660829594124e-18
soft overall the,-3.0357660829594124e-18
soft,-3.0357660829594124e-18
personal lives and,-3.0357660829594124e-18
subtlety and,-3.0357660829594124e-18
as thought provoking,-3.0357660829594124e-18
as thought,-3.0357660829594124e-18
on the winter,-3.0357660829594124e-18
personal lives,-3.0357660829594124e-18
on their,-3.0357660829594124e-18
wrinkles,-3.0357660829594124e-18
wrinkles the,-3.0357660829594124e-18
wrinkles the movie,-3.0357660829594124e-18
captures the,-3.2526065174565133e-18
that captures,-3.2526065174565133e-18
that captures the,-3.2526065174565133e-18
captures,-3.2526065174565133e-18
the cinematography,-3.469446951953614e-18
dance,-3.469446951953614e-18
numbers and,-3.469446951953614e-18
drive in,-3.469446951953614e-18
dance numbers and,-3.469446951953614e-18
dance numbers,-3.469446951953614e-18
perspective on the,-3.469446951953614e-18
that explores themes,-3.577867169202165e-18
musical with,-3.903127820947816e-18
musical competition and,-3.903127820947816e-18
it explores the,-3.903127820947816e-18
some days are,-3.903127820947816e-18
tunes,-3.903127820947816e-18
visuals and special,-3.903127820947816e-18
musical with great,-3.903127820947816e-18
might be more,-3.903127820947816e-18
united by,-3.903127820947816e-18
much,-3.903127820947816e-18
home,-3.903127820947816e-18
narrative connections,-3.903127820947816e-18
narrative connections between,-3.903127820947816e-18
portland residents,-3.903127820947816e-18
portland,-3.903127820947816e-18
values the movie,-3.903127820947816e-18
values the,-3.903127820947816e-18
musical competition,-3.903127820947816e-18
much sense and,-3.903127820947816e-18
some days,-3.903127820947816e-18
home the,-3.903127820947816e-18
much sense,-3.903127820947816e-18
united by dreamy,-3.903127820947816e-18
parody of american,-3.903127820947816e-18
portland residents united,-3.903127820947816e-18
home the film,-3.903127820947816e-18
some critics suggest,-3.903127820947816e-18
portrayal of characters,-3.903127820947816e-18
many see,-3.903127820947816e-18
might be,-3.903127820947816e-18
might,-3.903127820947816e-18
the film some,-3.903127820947816e-18
of american indie,-3.903127820947816e-18
the film lack,-3.903127820947816e-18
of characters,-3.903127820947816e-18
of characters but,-3.903127820947816e-18
of quick and,-3.903127820947816e-18
plot which involves,-3.903127820947816e-18
plot which,-3.903127820947816e-18
of quick,-3.903127820947816e-18
story is also,-3.903127820947816e-18
mccormick is parody,-3.903127820947816e-18
mccormick is,-3.903127820947816e-18
suggest it might,-3.903127820947816e-18
suggest it,-3.903127820947816e-18
mccormick,-3.903127820947816e-18
easy,-3.903127820947816e-18
matt,-3.903127820947816e-18
matt mccormick,-3.903127820947816e-18
matt mccormick is,-3.903127820947816e-18
plot and structure,-3.903127820947816e-18
of life and,-3.903127820947816e-18
making much,-3.903127820947816e-18
making much sense,-3.903127820947816e-18
the loose,-3.903127820947816e-18
mess overall,-3.903127820947816e-18
structure are,-3.903127820947816e-18
soulful,-3.903127820947816e-18
soulful portrayal,-3.903127820947816e-18
soulful portrayal of,-3.903127820947816e-18
film some,-3.903127820947816e-18
special effects many,-3.903127820947816e-18
is parody of,-3.903127820947816e-18
is parody,-3.903127820947816e-18
mess overall while,-3.903127820947816e-18
mess,-3.903127820947816e-18
the loose accidental,-3.903127820947816e-18
movie xanadu some,-3.903127820947816e-18
their common home,-3.903127820947816e-18
their common,-3.903127820947816e-18
not making,-3.903127820947816e-18
many see it,-3.903127820947816e-18
not making much,-3.903127820947816e-18
the plot and,-3.903127820947816e-18
the movie xanadu,-3.903127820947816e-18
the movie visuals,-3.903127820947816e-18
and some,-3.903127820947816e-18
structure are criticized,-3.903127820947816e-18
group of,-3.903127820947816e-18
movie xanadu,-3.903127820947816e-18
which involves,-3.903127820947816e-18
which involves musical,-3.903127820947816e-18
road trip,-3.903127820947816e-18
road,-3.903127820947816e-18
movie plot which,-3.903127820947816e-18
with great tunes,-3.903127820947816e-18
group,-3.903127820947816e-18
movie visuals and,-3.903127820947816e-18
wooden,-3.903127820947816e-18
wooden and,-3.903127820947816e-18
wooden and boring,-3.903127820947816e-18
movie and deadly,-3.903127820947816e-18
others directed by,-3.903127820947816e-18
others directed,-3.903127820947816e-18
movie visuals,-3.903127820947816e-18
xanadu,-3.903127820947816e-18
xanadu some,-3.903127820947816e-18
xanadu some critics,-3.903127820947816e-18
more effective,-3.903127820947816e-18
of his,-4.336808689942018e-18
cat,-4.336808689942018e-18
cat people,-4.336808689942018e-18
two leads,-4.336808689942018e-18
use of deep,-4.445228907190568e-18
mifune and akira,-4.445228907190568e-18
mifune delivering,-4.445228907190568e-18
mifune delivering standout,-4.445228907190568e-18
killer,-4.445228907190568e-18
who seeks to,-4.445228907190568e-18
use of violence,-4.445228907190568e-18
to avenge,-4.445228907190568e-18
who seeks,-4.445228907190568e-18
of hired,-4.445228907190568e-18
of toshiro,-4.445228907190568e-18
of toshiro mifune,-4.445228907190568e-18
violence and its,-4.445228907190568e-18
of hired killer,-4.445228907190568e-18
mifune and,-4.445228907190568e-18
with mifune delivering,-4.445228907190568e-18
story of hired,-4.445228907190568e-18
performances of toshiro,-4.445228907190568e-18
of deep focus,-4.445228907190568e-18
of deep,-4.445228907190568e-18
of complex character,-4.445228907190568e-18
praised with,-4.445228907190568e-18
yojimbo,-4.445228907190568e-18
photography and unique,-4.445228907190568e-18
the film yojimbo,-4.445228907190568e-18
movie follows the,-4.445228907190568e-18
with mifune,-4.445228907190568e-18
yojimbo is,-4.445228907190568e-18
novel by,-4.445228907190568e-18
the novel by,-4.445228907190568e-18
noted making,-4.445228907190568e-18
western directed,-4.445228907190568e-18
yojimbo is 1961,-4.445228907190568e-18
on the novel,-4.445228907190568e-18
novel by dashiell,-4.445228907190568e-18
western directed by,-4.445228907190568e-18
to avenge his,-4.445228907190568e-18
murder,-4.445228907190568e-18
portrayal of complex,-4.445228907190568e-18
murder the film,-4.445228907190568e-18
murder the,-4.445228907190568e-18
and unique blend,-4.445228907190568e-18
that is often,-4.553649124439119e-18
with poor,-4.553649124439119e-18
overdrawn performances however,-4.553649124439119e-18
overdrawn performances,-4.553649124439119e-18
overdrawn,-4.553649124439119e-18
reviewers noting its,-4.553649124439119e-18
reviewers noting,-4.553649124439119e-18
movie orca jaws,-4.553649124439119e-18
movie orca,-4.553649124439119e-18
and the performances,-4.553649124439119e-18
poor direction clichéd,-4.553649124439119e-18
plot and overdrawn,-4.553649124439119e-18
watch overall the,-4.553649124439119e-18
many reviewers noting,-4.553649124439119e-18
with poor direction,-4.553649124439119e-18
of charlotte rampling,-4.553649124439119e-18
with scenes,-4.553649124439119e-18
with scenes that,-4.553649124439119e-18
orca is,-4.553649124439119e-18
theme and,-4.553649124439119e-18
noting its,-4.553649124439119e-18
the movie orca,-4.553649124439119e-18
often described as,-4.553649124439119e-18
performances of charlotte,-4.553649124439119e-18
often described,-4.553649124439119e-18
the film underwater,-4.553649124439119e-18
photography and the,-4.553649124439119e-18
of charlotte,-4.553649124439119e-18
theme and effects,-4.553649124439119e-18
noting,-4.553649124439119e-18
orca is disappointing,-4.553649124439119e-18
orca jaws,-4.553649124439119e-18
orca jaws like,-4.553649124439119e-18
out,-4.607859233063394e-18
and comedic,-4.7704895589362195e-18
and that it,-4.7704895589362195e-18
screenplay is,-4.7704895589362195e-18
the screenplay,-4.7704895589362195e-18
the screenplay is,-4.7704895589362195e-18
screenplay,-4.7704895589362195e-18
directed by david,-4.9873299934333204e-18
by david,-4.9873299934333204e-18
flick,-5.163512846462215e-18
film portrayal,-5.204170427930421e-18
boring,-5.204170427930421e-18
includes,-5.204170427930421e-18
status,-5.204170427930421e-18
pointed,-5.204170427930421e-18
the film portrayal,-5.204170427930421e-18
pointed out,-5.204170427930421e-18
film portrayal of,-5.204170427930421e-18
found it,-5.204170427930421e-18
found it to,-5.204170427930421e-18
intellectual,-5.204170427930421e-18
unintentional,-5.421010862427522e-18
overuse of sports,-5.421010862427522e-18
david cronenberg,-5.421010862427522e-18
of brian de,-5.421010862427522e-18
of brian,-5.421010862427522e-18
stony faced nature,-5.421010862427522e-18
stony faced,-5.421010862427522e-18
the early horror,-5.421010862427522e-18
personal best is,-5.421010862427522e-18
steve moore and,-5.421010862427522e-18
nature and its,-5.421010862427522e-18
praise its performances,-5.421010862427522e-18
natural performances and,-5.421010862427522e-18
natural performances,-5.421010862427522e-18
the female athletes,-5.421010862427522e-18
moore and,-5.421010862427522e-18
unintentional humor,-5.421010862427522e-18
steve moore,-5.421010862427522e-18
moore and its,-5.421010862427522e-18
unintentional humor its,-5.421010862427522e-18
practical effects and,-5.421010862427522e-18
particularly the synth,-5.421010862427522e-18
practical effects,-5.421010862427522e-18
in depth the,-5.421010862427522e-18
overuse,-5.421010862427522e-18
some criticize its,-5.421010862427522e-18
mind eye,-5.421010862427522e-18
mind eye horror,-5.421010862427522e-18
on athletic,-5.421010862427522e-18
on athletic stereotypes,-5.421010862427522e-18
overuse of,-5.421010862427522e-18
olympic grade athletes,-5.421010862427522e-18
overall it,-5.421010862427522e-18
cronenberg,-5.421010862427522e-18
their relationships the,-5.421010862427522e-18
of olympic,-5.421010862427522e-18
of sports,-5.421010862427522e-18
visual richness natural,-5.421010862427522e-18
their relationships,-5.421010862427522e-18
opening,-5.421010862427522e-18
opening and,-5.421010862427522e-18
opening and sense,-5.421010862427522e-18
of olympic grade,-5.421010862427522e-18
performances and exploration,-5.421010862427522e-18
sports clichés and,-5.421010862427522e-18
of sports clichés,-5.421010862427522e-18
vibe however,-5.421010862427522e-18
vibe however some,-5.421010862427522e-18
substance overall it,-5.421010862427522e-18
substance overall,-5.421010862427522e-18
on practical effects,-5.421010862427522e-18
on practical,-5.421010862427522e-18
sports clichés,-5.421010862427522e-18
stony,-5.421010862427522e-18
visual richness,-5.421010862427522e-18
the mind eye,-5.421010862427522e-18
palma,-5.421010862427522e-18
olympic,-5.421010862427522e-18
palma and,-5.421010862427522e-18
palma and david,-5.421010862427522e-18
the mind,-5.421010862427522e-18
performances particularly the,-5.421010862427522e-18
of sexual identity,-5.421010862427522e-18
olympic grade,-5.421010862427522e-18
narrative overuse,-5.421010862427522e-18
narrative overuse of,-5.421010862427522e-18
spin off of,-5.5294310796760726e-18
myers and bill,-5.5294310796760726e-18
world also,-5.5294310796760726e-18
myers and,-5.5294310796760726e-18
spin off,-5.5294310796760726e-18
wayne world,-5.5294310796760726e-18
murray,-5.5294310796760726e-18
particularly mike myers,-5.5294310796760726e-18
off of the,-5.5294310796760726e-18
murray few,-5.5294310796760726e-18
movie wayne,-5.5294310796760726e-18
murray few reviewers,-5.5294310796760726e-18
the movie wayne,-5.5294310796760726e-18
myers,-5.5294310796760726e-18
of wayne and,-5.5294310796760726e-18
off of,-5.5294310796760726e-18
wayne and garth,-5.5294310796760726e-18
movie is successful,-5.5294310796760726e-18
of the bill,-5.5294310796760726e-18
nostalgic value many,-5.5294310796760726e-18
nostalgic value,-5.5294310796760726e-18
particularly mike,-5.5294310796760726e-18
spin,-5.5294310796760726e-18
value many reviewers,-5.5294310796760726e-18
wayne world also,-5.5294310796760726e-18
successful spin,-5.5294310796760726e-18
of wayne,-5.5294310796760726e-18
series and,-5.5294310796760726e-18
ted,-5.5294310796760726e-18
movie wayne world,-5.5294310796760726e-18
the bill ted,-5.5294310796760726e-18
ted series,-5.5294310796760726e-18
the bill,-5.5294310796760726e-18
ted series and,-5.5294310796760726e-18
mike myers and,-5.5294310796760726e-18
mike myers,-5.5294310796760726e-18
world also known,-5.5294310796760726e-18
film unique blend,-5.5294310796760726e-18
value many,-5.5294310796760726e-18
successful spin off,-5.5294310796760726e-18
nostalgic,-5.637851296924623e-18
clichés,-5.637851296924623e-18
challenges,-5.637851296924623e-18
catherine,-5.854691731421724e-18
reviews overall,-6.071532165918825e-18
camera,-6.071532165918825e-18
are criticized for,-6.071532165918825e-18
is considered classic,-6.071532165918825e-18
criticizing its,-6.071532165918825e-18
considered classic,-6.071532165918825e-18
based on the,-6.288372600415926e-18
popular,-6.288372600415926e-18
animated film,-6.396792817664476e-18
psychology,-6.5052130349130266e-18
documentary unfit the,-6.5052130349130266e-18
documentary unfit,-6.5052130349130266e-18
explores the president,-6.5052130349130266e-18
psychology of donald,-6.5052130349130266e-18
psychology of,-6.5052130349130266e-18
donald,-6.5052130349130266e-18
mental health,-6.5052130349130266e-18
donald trump,-6.5052130349130266e-18
unfit the psychology,-6.5052130349130266e-18
of comedy and,-6.5052130349130266e-18
of donald trump,-6.5052130349130266e-18
as fun,-6.5052130349130266e-18
the psychology of,-6.5052130349130266e-18
unfit,-6.5052130349130266e-18
unfit the,-6.5052130349130266e-18
the documentary unfit,-6.5052130349130266e-18
for its use,-6.5052130349130266e-18
minds,-6.5052130349130266e-18
of donald,-6.5052130349130266e-18
the psychology,-6.5052130349130266e-18
explores themes,-6.532318089225164e-18
explores themes of,-6.532318089225164e-18
friends and,-6.7220534694101275e-18
short due to,-6.7220534694101275e-18
are generally praised,-6.7220534694101275e-18
violent father and,-6.7220534694101275e-18
short due,-6.7220534694101275e-18
who survived violent,-6.7220534694101275e-18
narrative but,-6.7220534694101275e-18
who survived,-6.7220534694101275e-18
narrative but falls,-6.7220534694101275e-18
such as abuse,-6.7220534694101275e-18
oriented,-6.7220534694101275e-18
oriented sports,-6.7220534694101275e-18
oriented sports film,-6.7220534694101275e-18
performances are generally,-6.7220534694101275e-18
violent father,-6.7220534694101275e-18
sports film,-6.7220534694101275e-18
which is described,-6.7220534694101275e-18
supportive friends,-6.7220534694101275e-18
sports film that,-6.7220534694101275e-18
on the real,-6.7220534694101275e-18
of child who,-6.7220534694101275e-18
of child,-6.7220534694101275e-18
to add an,-6.7220534694101275e-18
to add,-6.7220534694101275e-18
titled rockaway which,-6.7220534694101275e-18
titled rockaway,-6.7220534694101275e-18
generally praised but,-6.7220534694101275e-18
its awkward,-6.7220534694101275e-18
falls short due,-6.7220534694101275e-18
supportive,-6.7220534694101275e-18
supportive friends and,-6.7220534694101275e-18
of power while,-6.830473686658678e-18
monster movie some,-6.830473686658678e-18
wolf is flawed,-6.830473686658678e-18
subtlety overall,-6.830473686658678e-18
the nature,-6.830473686658678e-18
the nature of,-6.830473686658678e-18
wolf starring jack,-6.830473686658678e-18
blend of horror,-6.830473686658678e-18
messy inconsistent,-6.830473686658678e-18
power while others,-6.830473686658678e-18
power while,-6.830473686658678e-18
power,-6.830473686658678e-18
wolf is,-6.830473686658678e-18
on corporate,-6.830473686658678e-18
subtlety overall the,-6.830473686658678e-18
movie some reviewers,-6.830473686658678e-18
monster,-6.830473686658678e-18
nature of power,-6.830473686658678e-18
werewolf,-6.830473686658678e-18
wolf starring,-6.830473686658678e-18
suggest that wolf,-6.830473686658678e-18
on corporate culture,-6.830473686658678e-18
werewolf the reviews,-6.830473686658678e-18
monster movie,-6.830473686658678e-18
messy inconsistent and,-6.830473686658678e-18
werewolf the,-6.830473686658678e-18
nicholson as,-6.830473686658678e-18
nicholson as werewolf,-6.830473686658678e-18
of power,-6.830473686658678e-18
text contains various,-6.938893903907228e-18
the female,-6.938893903907228e-18
contains various,-6.938893903907228e-18
film explores the,-6.938893903907228e-18
modern,-6.938893903907228e-18
of the female,-6.938893903907228e-18
resonate,-6.938893903907228e-18
been praised,-6.938893903907228e-18
film energetic and,-7.15573433840433e-18
energetic and,-7.15573433840433e-18
film energetic,-7.15573433840433e-18
society the film,-7.15573433840433e-18
society the,-7.15573433840433e-18
the film energetic,-7.15573433840433e-18
find it dull,-7.26415455565288e-18
thin script,-7.37257477290143e-18
they live,-7.37257477290143e-18
unique and thought,-7.37257477290143e-18
particularly from david,-7.37257477290143e-18
war others find,-7.37257477290143e-18
war others,-7.37257477290143e-18
military training program,-7.37257477290143e-18
they live and,-7.37257477290143e-18
movie follows soldiers,-7.37257477290143e-18
maine,-7.37257477290143e-18
wiest and its,-7.37257477290143e-18
battle,-7.37257477290143e-18
maine are,-7.37257477290143e-18
maine are mixed,-7.37257477290143e-18
wiest and,-7.37257477290143e-18
wiest,-7.37257477290143e-18
the iraqi desert,-7.37257477290143e-18
the iraqi people,-7.37257477290143e-18
soldiers as they,-7.37257477290143e-18
be dull,-7.37257477290143e-18
thin script and,-7.37257477290143e-18
of sentiment and,-7.37257477290143e-18
military training,-7.37257477290143e-18
the film avoidance,-7.37257477290143e-18
depth and nuance,-7.37257477290143e-18
to be dull,-7.37257477290143e-18
to raise,-7.37257477290143e-18
of the iraqi,-7.37257477290143e-18
and the way,-7.37257477290143e-18
thought provoking film,-7.37257477290143e-18
the documentary portrayal,-7.37257477290143e-18
nights in,-7.37257477290143e-18
the documentary full,-7.37257477290143e-18
and nuance,-7.37257477290143e-18
nights in maine,-7.37257477290143e-18
melodrama and,-7.37257477290143e-18
melodrama and the,-7.37257477290143e-18
oyelowo,-7.37257477290143e-18
oyelowo and,-7.37257477290143e-18
of sentiment,-7.37257477290143e-18
movie five nights,-7.37257477290143e-18
military,-7.37257477290143e-18
us military,-7.37257477290143e-18
movie five,-7.37257477290143e-18
us military training,-7.37257477290143e-18
the war others,-7.37257477290143e-18
struggles is seen,-7.37257477290143e-18
oyelowo and dianne,-7.37257477290143e-18
their struggles is,-7.37257477290143e-18
substance with thin,-7.37257477290143e-18
their struggles,-7.37257477290143e-18
substance with,-7.37257477290143e-18
raise,-7.37257477290143e-18
subject matter they,-7.37257477290143e-18
subject matter,-7.37257477290143e-18
matter,-7.37257477290143e-18
with thin,-7.37257477290143e-18
enlightening,-7.37257477290143e-18
way it explores,-7.37257477290143e-18
way it,-7.37257477290143e-18
with thin script,-7.37257477290143e-18
the way it,-7.37257477290143e-18
way,-7.37257477290143e-18
the way,-7.37257477290143e-18
matter they,-7.37257477290143e-18
people and their,-7.37257477290143e-18
people and,-7.37257477290143e-18
the movie five,-7.37257477290143e-18
various challenges,-7.37257477290143e-18
and their struggles,-7.37257477290143e-18
real,-7.37257477290143e-18
of grief,-7.37257477290143e-18
of grief connection,-7.37257477290143e-18
nuanced performances particularly,-7.37257477290143e-18
soldiers as,-7.37257477290143e-18
themes of grief,-7.37257477290143e-18
soldiers,-7.37257477290143e-18
the us military,-7.37257477290143e-18
nuanced performances,-7.37257477290143e-18
nuanced approach to,-7.37257477290143e-18
nuanced approach,-7.37257477290143e-18
various challenges and,-7.37257477290143e-18
nuance the documentary,-7.37257477290143e-18
struggles is,-7.37257477290143e-18
matter they appreciate,-7.37257477290143e-18
formulaic,-7.48099499014998e-18
and entertaining exploration,-7.589415207398531e-18
entertaining exploration,-7.589415207398531e-18
message and,-7.589415207398531e-18
struggle for,-7.806255641895632e-18
known for,-7.806255641895632e-18
storytelling and,-7.806255641895632e-18
the film while,-7.806255641895632e-18
realistic,-7.806255641895632e-18
film while,-7.806255641895632e-18
sequel,-8.239936510889834e-18
film is noted,-8.239936510889834e-18
film attempts to,-8.239936510889834e-18
women who,-8.239936510889834e-18
specific moment,-8.294146619514109e-18
of specific,-8.294146619514109e-18
moment,-8.294146619514109e-18
such as adolescence,-8.294146619514109e-18
themes overall,-8.294146619514109e-18
themes overall the,-8.294146619514109e-18
of specific moment,-8.294146619514109e-18
specific moment in,-8.294146619514109e-18
specific,-8.294146619514109e-18
the groomsmen directed,-8.294146619514109e-18
the groomsmen is,-8.294146619514109e-18
portrayal of specific,-8.294146619514109e-18
of familiar,-8.294146619514109e-18
and relationships,-8.294146619514109e-18
time while,-8.294146619514109e-18
moment in,-8.294146619514109e-18
of familiar themes,-8.294146619514109e-18
originality some reviewers,-8.294146619514109e-18
moment in time,-8.294146619514109e-18
movie the groomsmen,-8.294146619514109e-18
originality some,-8.294146619514109e-18
time while others,-8.294146619514109e-18
depth the film,-8.456776945386935e-18
the quotes highlight,-8.673617379884035e-18
mind,-8.673617379884035e-18
ability to explore,-8.673617379884035e-18
awareness about,-8.673617379884035e-18
quotes praising,-8.673617379884035e-18
awareness about the,-8.673617379884035e-18
however some reviewers,-8.673617379884035e-18
quotes highlight,-8.673617379884035e-18
suspense the,-8.673617379884035e-18
trump,-8.673617379884035e-18
and insightful,-8.673617379884035e-18
of quotes praising,-8.673617379884035e-18
informative,-8.673617379884035e-18
and social,-8.673617379884035e-18
mifune,-8.890457814381136e-18
akira kurosawa,-8.890457814381136e-18
akira,-8.890457814381136e-18
kurosawa,-8.890457814381136e-18
its unique blend,-8.890457814381136e-18
are generally positive,-8.890457814381136e-18
visuals and strong,-8.998878031629687e-18
strong performances many,-8.998878031629687e-18
the human desire,-8.998878031629687e-18
some characters feeling,-8.998878031629687e-18
warm and,-8.998878031629687e-18
moviemaking and the,-8.998878031629687e-18
overly sentimental predictable,-8.998878031629687e-18
some characters,-8.998878031629687e-18
and strong performances,-8.998878031629687e-18
warm and engaging,-8.998878031629687e-18
the film warm,-8.998878031629687e-18
with some characters,-8.998878031629687e-18
such as love,-8.998878031629687e-18
the film la,-8.998878031629687e-18
petite,-8.998878031629687e-18
petite lili,-8.998878031629687e-18
warm,-8.998878031629687e-18
petite lili also,-8.998878031629687e-18
moviemaking and,-8.998878031629687e-18
overly serious the,-9.107298248878237e-18
zombie films,-9.107298248878237e-18
zombie tropes,-9.107298248878237e-18
other zombie,-9.107298248878237e-18
other zombie films,-9.107298248878237e-18
orca,-9.107298248878237e-18
zombie on sale,-9.107298248878237e-18
zombie on,-9.107298248878237e-18
dry humor,-9.107298248878237e-18
jaws,-9.107298248878237e-18
surprising while others,-9.107298248878237e-18
surprising while,-9.107298248878237e-18
mishmash of,-9.107298248878237e-18
on sale,-9.107298248878237e-18
on sale horror,-9.107298248878237e-18
surprising,-9.107298248878237e-18
the odd,-9.107298248878237e-18
the odd family,-9.107298248878237e-18
zombie tropes the,-9.107298248878237e-18
mishmash,-9.107298248878237e-18
mishmash of genres,-9.107298248878237e-18
zombie films and,-9.107298248878237e-18
of genres with,-9.107298248878237e-18
sale,-9.107298248878237e-18
its well developed,-9.107298248878237e-18
movie the odd,-9.107298248878237e-18
family zombie on,-9.107298248878237e-18
developed characters and,-9.107298248878237e-18
one that,-9.107298248878237e-18
derek,-9.107298248878237e-18
odd family zombie,-9.107298248878237e-18
its well,-9.107298248878237e-18
big,-9.107298248878237e-18
logic,-9.107298248878237e-18
developed characters,-9.107298248878237e-18
overly serious,-9.107298248878237e-18
family zombie,-9.107298248878237e-18
on zombie tropes,-9.107298248878237e-18
on zombie,-9.107298248878237e-18
with elements of,-9.107298248878237e-18
with elements,-9.107298248878237e-18
previous,-9.107298248878237e-18
unique take,-9.107298248878237e-18
odd family,-9.107298248878237e-18
well developed characters,-9.107298248878237e-18
unique take on,-9.107298248878237e-18
of romance action,-9.107298248878237e-18
tendency,-9.107298248878237e-18
tendency to,-9.107298248878237e-18
well developed,-9.107298248878237e-18
visuals costumes and,-9.540979117872439e-18
movie beauty,-9.540979117872439e-18
however many criticized,-9.540979117872439e-18
story overall,-9.540979117872439e-18
original fairy tale,-9.540979117872439e-18
original fairy,-9.540979117872439e-18
vincent,-9.540979117872439e-18
stunning but narratively,-9.540979117872439e-18
the film grandeur,-9.540979117872439e-18
visual imagination and,-9.540979117872439e-18
pacing is also,-9.540979117872439e-18
original story,-9.540979117872439e-18
plodding however,-9.540979117872439e-18
plodding however many,-9.540979117872439e-18
original story overall,-9.540979117872439e-18
story overall the,-9.540979117872439e-18
many criticized,-9.540979117872439e-18
the movie beauty,-9.540979117872439e-18
the beast are,-9.540979117872439e-18
vincent cassell the,-9.540979117872439e-18
debut the,-9.540979117872439e-18
the beast,-9.540979117872439e-18
many criticized the,-9.540979117872439e-18
the original fairy,-9.540979117872439e-18
vincent cassell,-9.540979117872439e-18
visuals costumes,-9.540979117872439e-18
narratively,-9.540979117872439e-18
narratively flawed,-9.540979117872439e-18
visual imagination,-9.540979117872439e-18
the original story,-9.540979117872439e-18
few reviewers note,-9.540979117872439e-18
narratively flawed film,-9.540979117872439e-18
movie beauty and,-9.540979117872439e-18
talented cast including,-9.75781955236954e-18
who deliver,-9.75781955236954e-18
film cat people,-9.974659986866641e-18
film cat,-9.974659986866641e-18
cat people directed,-9.974659986866641e-18
people directed by,-9.974659986866641e-18
blend of eroticism,-9.974659986866641e-18
of eroticism,-9.974659986866641e-18
people directed,-9.974659986866641e-18
atmosphere and,-1.0083080204115191e-17
atmosphere and performances,-1.0083080204115191e-17
filled,-1.0191500421363742e-17
charm and,-1.0191500421363742e-17
filled with,-1.0191500421363742e-17
explores the life,-1.0408340855860843e-17
strong emotional,-1.0408340855860843e-17
some flaws the,-1.0408340855860843e-17
film is seen,-1.0408340855860843e-17
male who renegotiates,-1.0408340855860843e-17
star of,-1.0408340855860843e-17
male who,-1.0408340855860843e-17
strong emotional depth,-1.0408340855860843e-17
story which unfolds,-1.0408340855860843e-17
of toxic male,-1.0408340855860843e-17
making,-1.0408340855860843e-17
star of the,-1.0408340855860843e-17
male,-1.0408340855860843e-17
despite some flaws,-1.0408340855860843e-17
nuance,-1.0408340855860843e-17
titled radius that,-1.0408340855860843e-17
with society the,-1.0408340855860843e-17
with an arresting,-1.0408340855860843e-17
the concept of,-1.0408340855860843e-17
the concept,-1.0408340855860843e-17
who renegotiates his,-1.0408340855860843e-17
who renegotiates,-1.0408340855860843e-17
pieces,-1.0408340855860843e-17
the life and,-1.0408340855860843e-17
long,-1.0408340855860843e-17
pieces as,-1.0408340855860843e-17
pieces as memories,-1.0408340855860843e-17
titled radius,-1.0408340855860843e-17
which unfolds in,-1.0408340855860843e-17
which unfolds,-1.0408340855860843e-17
with society,-1.0408340855860843e-17
memories are recovered,-1.0408340855860843e-17
zone,-1.0408340855860843e-17
memories are,-1.0408340855860843e-17
memories,-1.0408340855860843e-17
wrong hands,-1.0408340855860843e-17
wrong hands despite,-1.0408340855860843e-17
zone episode with,-1.0408340855860843e-17
narrative twists strong,-1.0408340855860843e-17
narrative twists,-1.0408340855860843e-17
the film the,-1.0408340855860843e-17
zone episode,-1.0408340855860843e-17
with life relationships,-1.0625181290357943e-17
originality making,-1.0625181290357943e-17
the movie scent,-1.0625181290357943e-17
with life,-1.0625181290357943e-17
originality making the,-1.0625181290357943e-17
memorable drama,-1.0625181290357943e-17
pacino journey,-1.0625181290357943e-17
nuance and,-1.0625181290357943e-17
nuance and originality,-1.0625181290357943e-17
memorable drama the,-1.0625181290357943e-17
making the film,-1.0625181290357943e-17
movie scent,-1.0625181290357943e-17
making the,-1.0625181290357943e-17
pathos while,-1.0625181290357943e-17
the prep,-1.0625181290357943e-17
the prep school,-1.0625181290357943e-17
pacino performance,-1.0625181290357943e-17
pacino performance is,-1.0625181290357943e-17
pacino as frank,-1.0625181290357943e-17
pacino as,-1.0625181290357943e-17
own emotions pacino,-1.0625181290357943e-17
own emotions,-1.0625181290357943e-17
originality and ability,-1.0625181290357943e-17
some flaws including,-1.0625181290357943e-17
movie that explores,-1.0625181290357943e-17
struggles with,-1.0625181290357943e-17
who enters,-1.0625181290357943e-17
who enters the,-1.0625181290357943e-17
through his struggles,-1.0625181290357943e-17
through his,-1.0625181290357943e-17
starring al,-1.0625181290357943e-17
pathos while the,-1.0625181290357943e-17
movie scent of,-1.0625181290357943e-17
of woman,-1.0625181290357943e-17
pacino journey through,-1.0625181290357943e-17
starring al pacino,-1.0625181290357943e-17
young man,-1.0625181290357943e-17
woman is,-1.0625181290357943e-17
drama starring,-1.0625181290357943e-17
woman is coming,-1.0625181290357943e-17
the film memorable,-1.0625181290357943e-17
of age drama,-1.0625181290357943e-17
of woman is,-1.0625181290357943e-17
man who enters,-1.0625181290357943e-17
struggles with life,-1.0625181290357943e-17
subtlety,-1.0625181290357943e-17
young man who,-1.0625181290357943e-17
seven,-1.0733601507606494e-17
playground is quasi,-1.0842021724855044e-17
supernatural,-1.0842021724855044e-17
found the,-1.0842021724855044e-17
surreal take on,-1.0842021724855044e-17
titled enfantasma,-1.0842021724855044e-17
fairy,-1.0842021724855044e-17
surreal take,-1.0842021724855044e-17
surreal,-1.0842021724855044e-17
supernatural it is,-1.0842021724855044e-17
supernatural it,-1.0842021724855044e-17
particularly the french,-1.0842021724855044e-17
to the,-1.0842021724855044e-17
sometimes surreal take,-1.0842021724855044e-17
sometimes surreal,-1.0842021724855044e-17
iconic,-1.0842021724855044e-17
unique darkly humorous,-1.0842021724855044e-17
playground is french,-1.0842021724855044e-17
mix of violence,-1.0842021724855044e-17
naturalistic and,-1.0842021724855044e-17
violence and humanism,-1.0842021724855044e-17
unique darkly,-1.0842021724855044e-17
of the coen,-1.0842021724855044e-17
titled enfantasma the,-1.0842021724855044e-17
revolution the film,-1.0842021724855044e-17
the french revolution,-1.0842021724855044e-17
odd behavior,-1.0842021724855044e-17
odd behavior social,-1.0842021724855044e-17
the film titled,-1.0842021724855044e-17
on historical,-1.0842021724855044e-17
on historical events,-1.0842021724855044e-17
the film odd,-1.0842021724855044e-17
with mix,-1.0842021724855044e-17
with mix of,-1.0842021724855044e-17
revolution,-1.0842021724855044e-17
revolution the,-1.0842021724855044e-17
bill,-1.1058862159352145e-17
nora are highly,-1.1167282376600696e-17
films the,-1.1167282376600696e-17
the hudsucker,-1.1167282376600696e-17
style that sets,-1.1167282376600696e-17
named nora are,-1.1167282376600696e-17
named nora,-1.1167282376600696e-17
minor,-1.1167282376600696e-17
from other,-1.1167282376600696e-17
nora,-1.1167282376600696e-17
of big,-1.1167282376600696e-17
unique style that,-1.1167282376600696e-17
of big business,-1.1167282376600696e-17
the hudsucker proxy,-1.1167282376600696e-17
other coen,-1.1167282376600696e-17
other coen brothers,-1.1167282376600696e-17
nora are,-1.1167282376600696e-17
of the actors,-1.1167282376600696e-17
particularly jennifer,-1.1167282376600696e-17
with unique style,-1.1167282376600696e-17
particularly jennifer jason,-1.1167282376600696e-17
story is criticized,-1.1167282376600696e-17
unfavorably to other,-1.1275702593849246e-17
portrait of,-1.1275702593849246e-17
portrait,-1.1275702593849246e-17
despite this the,-1.1275702593849246e-17
this the,-1.1275702593849246e-17
is compared unfavorably,-1.1275702593849246e-17
and exploration of,-1.1275702593849246e-17
with an,-1.1275702593849246e-17
capturing,-1.1275702593849246e-17
premise,-1.1275702593849246e-17
compared unfavorably to,-1.1275702593849246e-17
compared unfavorably,-1.1275702593849246e-17
capturing the,-1.1275702593849246e-17
interesting,-1.1600963245594897e-17
out on,-1.1709383462843448e-17
pace and,-1.1709383462843448e-17
out on the,-1.1709383462843448e-17
and ability to,-1.1709383462843448e-17
of trump,-1.1709383462843448e-17
well informed critique,-1.1709383462843448e-17
and ability,-1.1709383462843448e-17
of trump presidency,-1.1709383462843448e-17
well informed,-1.1709383462843448e-17
of mental health,-1.1709383462843448e-17
mental health professionals,-1.1709383462843448e-17
the dangers of,-1.1709383462843448e-17
the potential consequences,-1.1709383462843448e-17
the potential,-1.1709383462843448e-17
comedy drama and,-1.1709383462843448e-17
potential consequences,-1.1709383462843448e-17
controversy,-1.1709383462843448e-17
the importance of,-1.1709383462843448e-17
the importance,-1.1709383462843448e-17
the film strength,-1.1709383462843448e-17
state and the,-1.1709383462843448e-17
depth with some,-1.1709383462843448e-17
the documentary effectively,-1.1709383462843448e-17
the dangers,-1.1709383462843448e-17
not change,-1.1709383462843448e-17
the controversy surrounding,-1.1709383462843448e-17
the controversy,-1.1709383462843448e-17
on the president,-1.1709383462843448e-17
surrounding his,-1.1709383462843448e-17
surrounding,-1.1709383462843448e-17
of his actions,-1.1709383462843448e-17
of his presidency,-1.1709383462843448e-17
strength,-1.1709383462843448e-17
strength lies,-1.1709383462843448e-17
strength lies in,-1.1709383462843448e-17
may not change,-1.1709383462843448e-17
not change minds,-1.1709383462843448e-17
potential consequences of,-1.1709383462843448e-17
partland,-1.1709383462843448e-17
partland presents compelling,-1.1709383462843448e-17
behavior and,-1.1709383462843448e-17
minds about,-1.1709383462843448e-17
partland presents,-1.1709383462843448e-17
minds about trump,-1.1709383462843448e-17
speaking out on,-1.1709383462843448e-17
speaking out,-1.1709383462843448e-17
speaking,-1.1709383462843448e-17
wasted,-1.1926223897340549e-17
may find it,-1.214306433183765e-17
have been,-1.214306433183765e-17
the charmless,-1.214306433183765e-17
nature of the,-1.214306433183765e-17
up,-1.214306433183765e-17
valentine,-1.214306433183765e-17
valentine day,-1.214306433183765e-17
of humor the,-1.214306433183765e-17
valentine day is,-1.214306433183765e-17
viewers may find,-1.214306433183765e-17
the charmless nature,-1.214306433183765e-17
may find,-1.214306433183765e-17
viewers may,-1.214306433183765e-17
vardalos,-1.214306433183765e-17
charm,-1.214306433183765e-17
unfunny romantic comedy,-1.214306433183765e-17
movie hate,-1.214306433183765e-17
the writing and,-1.214306433183765e-17
movie hate valentine,-1.214306433183765e-17
movie is compared,-1.214306433183765e-17
with plodding pace,-1.214306433183765e-17
with plodding,-1.214306433183765e-17
other romantic comedies,-1.214306433183765e-17
unfunny romantic,-1.214306433183765e-17
some viewers may,-1.214306433183765e-17
nia,-1.214306433183765e-17
nia vardalos,-1.214306433183765e-17
the movie hate,-1.214306433183765e-17
vardalos features,-1.214306433183765e-17
nia vardalos features,-1.214306433183765e-17
vardalos features an,-1.214306433183765e-17
other romantic,-1.214306433183765e-17
pace clichéd dialogue,-1.214306433183765e-17
painfully,-1.214306433183765e-17
pace clichéd,-1.214306433183765e-17
lead,-1.214306433183765e-17
plodding pace clichéd,-1.214306433183765e-17
painfully unfunny romantic,-1.214306433183765e-17
painfully unfunny,-1.214306433183765e-17
plodding pace,-1.214306433183765e-17
can be uneven,-1.22514845490862e-17
be uneven,-1.22514845490862e-17
ford,-1.22514845490862e-17
also praised for,-1.2468324983583301e-17
of stand up,-1.2576745200831851e-17
plotted,-1.2576745200831851e-17
simplicity,-1.2576745200831851e-17
of stand,-1.2576745200831851e-17
or having,-1.2576745200831851e-17
also feel,-1.2576745200831851e-17
its charm,-1.2576745200831851e-17
others enjoy its,-1.2576745200831851e-17
story however,-1.2576745200831851e-17
story however others,-1.2576745200831851e-17
muslim,-1.2576745200831851e-17
muslim jewish,-1.2576745200831851e-17
muslim jewish relations,-1.2576745200831851e-17
movie seems to,-1.2576745200831851e-17
praise the performance,-1.2576745200831851e-17
production values are,-1.2576745200831851e-17
others enjoy,-1.2576745200831851e-17
movie dumbo,-1.2576745200831851e-17
performance of,-1.2576745200831851e-17
the performances by,-1.2576745200831851e-17
performance of stand,-1.2576745200831851e-17
the performance of,-1.2576745200831851e-17
status overall the,-1.2576745200831851e-17
the performance,-1.2576745200831851e-17
movie dumbo some,-1.2576745200831851e-17
omid djalili,-1.2576745200831851e-17
of satirical bite,-1.2576745200831851e-17
the movie seems,-1.2576745200831851e-17
plotted unfunny,-1.2576745200831851e-17
while others enjoy,-1.2576745200831851e-17
omid djalili however,-1.2576745200831851e-17
also feel that,-1.2576745200831851e-17
the movie dumbo,-1.2576745200831851e-17
performances by the,-1.2576745200831851e-17
movie the infidel,-1.2576745200831851e-17
themes and praise,-1.2576745200831851e-17
plotted unfunny and,-1.2576745200831851e-17
of satirical,-1.2576745200831851e-17
the infidel are,-1.2576745200831851e-17
movie seems,-1.2576745200831851e-17
thought provoking themes,-1.2576745200831851e-17
the emotional impact,-1.2576745200831851e-17
subject like,-1.2576745200831851e-17
with contrived,-1.2576745200831851e-17
with contrived climax,-1.2576745200831851e-17
poorly plotted unfunny,-1.2576745200831851e-17
of innovation,-1.2576745200831851e-17
the emotional,-1.2576745200831851e-17
of innovation while,-1.2576745200831851e-17
on sensitive,-1.2576745200831851e-17
many enjoying its,-1.2576745200831851e-17
critics also,-1.2576745200831851e-17
with many enjoying,-1.2576745200831851e-17
some critics consider,-1.2576745200831851e-17
poorly plotted,-1.2576745200831851e-17
on sensitive subject,-1.2576745200831851e-17
unfunny and lacking,-1.2576745200831851e-17
some critics also,-1.2576745200831851e-17
or having cultural,-1.2576745200831851e-17
many enjoying,-1.2576745200831851e-17
critics also feel,-1.2576745200831851e-17
subject like muslim,-1.2576745200831851e-17
up comic,-1.2576745200831851e-17
stand,-1.2576745200831851e-17
the infidel,-1.2576745200831851e-17
pacing and lack,-1.2576745200831851e-17
naive,-1.2576745200831851e-17
naive or,-1.2576745200831851e-17
social commentary with,-1.2576745200831851e-17
naive or having,-1.2576745200831851e-17
stand up comic,-1.2576745200831851e-17
stand up,-1.2576745200831851e-17
status overall,-1.2576745200831851e-17
value colorful,-1.2576745200831851e-17
loss,-1.2576745200831851e-17
omid,-1.2576745200831851e-17
value colorful circus,-1.2576745200831851e-17
up comic omid,-1.2576745200831851e-17
film has its,-1.2793585635328952e-17
viewers but will,-1.2847795743953228e-17
thin plot,-1.2847795743953228e-17
thin plot clumsy,-1.2847795743953228e-17
appreciated its,-1.2847795743953228e-17
some viewers but,-1.2847795743953228e-17
viewers but,-1.2847795743953228e-17
substance some reviewers,-1.2847795743953228e-17
plot clumsy editing,-1.2847795743953228e-17
others appreciated,-1.2847795743953228e-17
found the film,-1.2847795743953228e-17
others appreciated its,-1.2847795743953228e-17
plot clumsy,-1.2847795743953228e-17
mediocre romantic,-1.2847795743953228e-17
mediocre romantic comedy,-1.2847795743953228e-17
will,-1.2847795743953228e-17
will not,-1.2847795743953228e-17
overly sentimental corny,-1.2847795743953228e-17
while others appreciated,-1.2847795743953228e-17
will not resonate,-1.2847795743953228e-17
of substance some,-1.2847795743953228e-17
wit and romance,-1.2847795743953228e-17
who afraid,-1.2902005852577503e-17
on edward,-1.2902005852577503e-17
praised creating visually,-1.2902005852577503e-17
praised creating,-1.2902005852577503e-17
of virginia,-1.2902005852577503e-17
nichols direction,-1.2902005852577503e-17
play directed,-1.2902005852577503e-17
who afraid of,-1.2902005852577503e-17
play directed by,-1.2902005852577503e-17
elizabeth,-1.2902005852577503e-17
nichols direction and,-1.2902005852577503e-17
nichols the,-1.2902005852577503e-17
nichols the movie,-1.2902005852577503e-17
who deliver standout,-1.2902005852577503e-17
standout performances,-1.2902005852577503e-17
of virginia woolf,-1.2902005852577503e-17
standout performances nichols,-1.2902005852577503e-17
performances nichols direction,-1.2902005852577503e-17
watershed film,-1.2902005852577503e-17
virginia woolf is,-1.2902005852577503e-17
on edward albee,-1.2902005852577503e-17
mike nichols,-1.2902005852577503e-17
woolf is black,-1.2902005852577503e-17
of domestic blisslessness,-1.2902005852577503e-17
portrayal of domestic,-1.2902005852577503e-17
woolf is,-1.2902005852577503e-17
stunning and engaging,-1.2902005852577503e-17
mike nichols the,-1.2902005852577503e-17
virginia,-1.2902005852577503e-17
movie is scathing,-1.2902005852577503e-17
and cinematography,-1.2902005852577503e-17
woolf,-1.2902005852577503e-17
watershed film that,-1.2902005852577503e-17
struggle for faith,-1.2902005852577503e-17
watershed,-1.2902005852577503e-17
taylor,-1.2902005852577503e-17
of domestic,-1.2902005852577503e-17
and cinematography are,-1.2902005852577503e-17
virginia woolf,-1.2902005852577503e-17
cinematography are,-1.2902005852577503e-17
performances nichols,-1.2902005852577503e-17
criticized some reviewers,-1.3010426069826053e-17
the second,-1.3010426069826053e-17
rights,-1.3010426069826053e-17
criticized some,-1.3010426069826053e-17
its thin,-1.3010426069826053e-17
minimalist,-1.3010426069826053e-17
unique style,-1.3010426069826053e-17
british,-1.3010426069826053e-17
role,-1.3010426069826053e-17
the president,-1.3010426069826053e-17
movement,-1.3010426069826053e-17
disney animated film,-1.3010426069826053e-17
second,-1.3010426069826053e-17
president,-1.3010426069826053e-17
innovative,-1.3010426069826053e-17
standout performance,-1.3010426069826053e-17
performances by,-1.3010426069826053e-17
strain,-1.3227266504323154e-17
the strain,-1.3227266504323154e-17
who have,-1.3227266504323154e-17
an edge,-1.3444106938820255e-17
the community,-1.3552527156068805e-17
of us,-1.3552527156068805e-17
on themes,-1.3552527156068805e-17
societal oppression,-1.3552527156068805e-17
societal oppression the,-1.3552527156068805e-17
members,-1.3552527156068805e-17
subject making it,-1.3552527156068805e-17
us is heart,-1.3552527156068805e-17
us is,-1.3552527156068805e-17
societal,-1.3552527156068805e-17
subject making,-1.3552527156068805e-17
portrait of trauma,-1.3552527156068805e-17
their shared experiences,-1.3552527156068805e-17
who are connected,-1.3552527156068805e-17
of loneliness insecurity,-1.3552527156068805e-17
of trauma,-1.3552527156068805e-17
documentary about,-1.3552527156068805e-17
of trauma bravery,-1.3552527156068805e-17
one of us,-1.3552527156068805e-17
on themes of,-1.3552527156068805e-17
the subject making,-1.3552527156068805e-17
their shared,-1.3552527156068805e-17
the community and,-1.3552527156068805e-17
wrenching documentary,-1.3552527156068805e-17
oppression,-1.3552527156068805e-17
the hasidic community,-1.3552527156068805e-17
who have left,-1.3552527156068805e-17
through their,-1.3552527156068805e-17
through their shared,-1.3552527156068805e-17
three former hasidic,-1.3552527156068805e-17
of the hasidic,-1.3552527156068805e-17
three former,-1.3552527156068805e-17
the hasidic,-1.3552527156068805e-17
of us is,-1.3552527156068805e-17
wrenching,-1.3552527156068805e-17
subjects who,-1.3552527156068805e-17
subjects,-1.3552527156068805e-17
members who,-1.3552527156068805e-17
subjects who are,-1.3552527156068805e-17
members who have,-1.3552527156068805e-17
oppression the subjects,-1.3552527156068805e-17
wrenching documentary about,-1.3552527156068805e-17
oppression the,-1.3552527156068805e-17
production design,-1.3660947373317356e-17
wolf,-1.3660947373317356e-17
thriller and frustratingly,-1.3877787807814457e-17
middle american,-1.3877787807814457e-17
opaque thriller,-1.3877787807814457e-17
middle,-1.3877787807814457e-17
history of,-1.3877787807814457e-17
thriller and,-1.3877787807814457e-17
opaque,-1.3877787807814457e-17
middle american psychological,-1.3877787807814457e-17
the charm,-1.4094628242311558e-17
performances and music,-1.4094628242311558e-17
the movie grease,-1.4094628242311558e-17
only few,-1.4094628242311558e-17
only few positive,-1.4094628242311558e-17
soundtrack and the,-1.4094628242311558e-17
of the lead,-1.4094628242311558e-17
many critics describe,-1.4094628242311558e-17
the charm of,-1.4094628242311558e-17
the film campy,-1.4094628242311558e-17
plot performances and,-1.4094628242311558e-17
music are criticized,-1.4094628242311558e-17
movie plot performances,-1.4094628242311558e-17
movie grease,-1.4094628242311558e-17
stale the movie,-1.4094628242311558e-17
overbearing crap and,-1.4094628242311558e-17
stale the,-1.4094628242311558e-17
movie grease many,-1.4094628242311558e-17
plot performances,-1.4094628242311558e-17
wilson some reviewers,-1.4094628242311558e-17
wilson some,-1.4094628242311558e-17
unpretentious charm while,-1.4094628242311558e-17
unpretentious charm,-1.4094628242311558e-17
wilson,-1.4094628242311558e-17
stale,-1.4094628242311558e-17
overbearing crap,-1.4094628242311558e-17
overbearing,-1.4094628242311558e-17
positive comments,-1.4094628242311558e-17
with only,-1.4094628242311558e-17
with only few,-1.4094628242311558e-17
stephanie,-1.4094628242311558e-17
stephanie wilson,-1.4094628242311558e-17
stephanie wilson some,-1.4094628242311558e-17
positive comments about,-1.4094628242311558e-17
moral complexity many,-1.4257258568184383e-17
may the,-1.4257258568184383e-17
marriage and the,-1.4257258568184383e-17
wickedly funny film,-1.4257258568184383e-17
standout in the,-1.4257258568184383e-17
moralist,-1.4257258568184383e-17
of human relationships,-1.4257258568184383e-17
wacky wickedly funny,-1.4257258568184383e-17
moral,-1.4257258568184383e-17
human relationships,-1.4257258568184383e-17
standout in,-1.4257258568184383e-17
the complexities of,-1.4257258568184383e-17
marriage and,-1.4257258568184383e-17
the complexities,-1.4257258568184383e-17
wacky,-1.4257258568184383e-17
wacky wickedly,-1.4257258568184383e-17
the movie new,-1.4257258568184383e-17
new leaf,-1.4257258568184383e-17
new leaf directed,-1.4257258568184383e-17
of love marriage,-1.4257258568184383e-17
may direction,-1.4257258568184383e-17
may direction is,-1.4257258568184383e-17
and the complexities,-1.4257258568184383e-17
marriage,-1.4257258568184383e-17
may the reviews,-1.4257258568184383e-17
complexities,-1.4257258568184383e-17
complexities of,-1.4257258568184383e-17
moral complexity,-1.4257258568184383e-17
complexities of human,-1.4257258568184383e-17
wickedly funny,-1.4257258568184383e-17
screwball comedy,-1.4257258568184383e-17
screwball,-1.4257258568184383e-17
genre and,-1.4257258568184383e-17
moralist delight and,-1.4257258568184383e-17
movie new,-1.4257258568184383e-17
movie new leaf,-1.4257258568184383e-17
moralist delight,-1.4257258568184383e-17
wickedly,-1.4257258568184383e-17
to the novel,-1.431146867680866e-17
effectively,-1.431146867680866e-17
and acting are,-1.441988889405721e-17
acting are,-1.441988889405721e-17
while others criticized,-1.474514954580286e-17
the movie which,-1.474514954580286e-17
the boundaries of,-1.474514954580286e-17
the movie sunshine,-1.474514954580286e-17
of love and,-1.474514954580286e-17
the boundaries,-1.474514954580286e-17
praised however some,-1.474514954580286e-17
overly long and,-1.474514954580286e-17
which features catherine,-1.474514954580286e-17
the movie plot,-1.474514954580286e-17
noted with some,-1.474514954580286e-17
noted with,-1.474514954580286e-17
on the three,-1.474514954580286e-17
movie which,-1.474514954580286e-17
movie which features,-1.474514954580286e-17
were also noted,-1.474514954580286e-17
were also,-1.474514954580286e-17
of sonnenschein the,-1.474514954580286e-17
polanski film,-1.474514954580286e-17
which features,-1.474514954580286e-17
obsession,-1.474514954580286e-17
the movie follows,-1.474514954580286e-17
overall sunshine,-1.474514954580286e-17
the early,-1.474514954580286e-17
the film unconvincing,-1.474514954580286e-17
the early 20th,-1.474514954580286e-17
perverse eroticism the,-1.474514954580286e-17
perverse eroticism,-1.474514954580286e-17
overall sunshine is,-1.474514954580286e-17
perverse,-1.474514954580286e-17
moon the movie,-1.474514954580286e-17
the father,-1.474514954580286e-17
of assimilation,-1.474514954580286e-17
of assimilation political,-1.474514954580286e-17
the father are,-1.474514954580286e-17
others found the,-1.474514954580286e-17
iraqi,-1.474514954580286e-17
is compared to,-1.474514954580286e-17
movie plot,-1.474514954580286e-17
while others found,-1.474514954580286e-17
the iraqi,-1.474514954580286e-17
moon,-1.474514954580286e-17
movie sunshine is,-1.474514954580286e-17
movie sunshine,-1.474514954580286e-17
the jewish family,-1.474514954580286e-17
the jewish,-1.474514954580286e-17
performances of peter,-1.474514954580286e-17
performances particularly by,-1.474514954580286e-17
peter coyote,-1.474514954580286e-17
the house of,-1.474514954580286e-17
polanski film bitter,-1.474514954580286e-17
obsession lust,-1.474514954580286e-17
obsession lust and,-1.474514954580286e-17
moon the,-1.474514954580286e-17
peter coyote and,-1.474514954580286e-17
film visuals and,-1.474514954580286e-17
of sonnenschein,-1.474514954580286e-17
stone received,-1.474514954580286e-17
themes of assimilation,-1.474514954580286e-17
are also highlighted,-1.474514954580286e-17
family dynamics,-1.474514954580286e-17
visuals and music,-1.474514954580286e-17
of the house,-1.474514954580286e-17
of the boundaries,-1.474514954580286e-17
sonnenschein,-1.474514954580286e-17
sonnenschein the,-1.474514954580286e-17
of peter coyote,-1.474514954580286e-17
three hour,-1.474514954580286e-17
sonnenschein the performances,-1.474514954580286e-17
three hour saga,-1.474514954580286e-17
three sons of,-1.474514954580286e-17
of peter,-1.474514954580286e-17
sons,-1.474514954580286e-17
sons of,-1.474514954580286e-17
sons of the,-1.474514954580286e-17
playful,-1.474514954580286e-17
dynamics,-1.474514954580286e-17
early,-1.474514954580286e-17
of obsession lust,-1.474514954580286e-17
of obsession,-1.474514954580286e-17
strengths overall,-1.474514954580286e-17
strengths overall sunshine,-1.474514954580286e-17
political shifts,-1.474514954580286e-17
political shifts and,-1.474514954580286e-17
to america,-1.474514954580286e-17
to america set,-1.474514954580286e-17
others found,-1.474514954580286e-17
particularly by ralph,-1.474514954580286e-17
themes of obsession,-1.474514954580286e-17
three sons,-1.474514954580286e-17
also highlighted as,-1.474514954580286e-17
stone while others,-1.474514954580286e-17
stone while,-1.474514954580286e-17
movie follows,-1.474514954580286e-17
sunshine is seen,-1.474514954580286e-17
sunshine is three,-1.474514954580286e-17
also highlighted,-1.474514954580286e-17
stone received mixed,-1.474514954580286e-17
music are also,-1.474514954580286e-17
has been described,-1.496198998029996e-17
and realistic,-1.496198998029996e-17
part,-1.5178830414797062e-17
actresses,-1.5178830414797062e-17
part of,-1.5178830414797062e-17
its lighthearted and,-1.5612511283791264e-17
explores the themes,-1.5612511283791264e-17
photography and,-1.5612511283791264e-17
film director,-1.5612511283791264e-17
photography,-1.5612511283791264e-17
the themes of,-1.5612511283791264e-17
the themes,-1.5612511283791264e-17
an action,-1.5612511283791264e-17
as the,-1.5612511283791264e-17
as an action,-1.5612511283791264e-17
its lighthearted,-1.5612511283791264e-17
the film director,-1.5612511283791264e-17
brothers,-1.5612511283791264e-17
the making,-1.5829351718288365e-17
superficial lacking,-1.5829351718288365e-17
wife and collaborator,-1.5829351718288365e-17
only god,-1.5829351718288365e-17
state and that,-1.5829351718288365e-17
the film provides,-1.5829351718288365e-17
they note,-1.5829351718288365e-17
my life,-1.5829351718288365e-17
winding refn are,-1.5829351718288365e-17
the film only,-1.5829351718288365e-17
of the making,-1.5829351718288365e-17
the documentary my,-1.5829351718288365e-17
god,-1.5829351718288365e-17
superficial lacking in,-1.5829351718288365e-17
winding refn his,-1.5829351718288365e-17
life directed by,-1.5829351718288365e-17
life directed,-1.5829351718288365e-17
animation and,-1.5829351718288365e-17
unique glimpse into,-1.5829351718288365e-17
wife and,-1.5829351718288365e-17
wife,-1.5829351718288365e-17
of being director,-1.5829351718288365e-17
making of,-1.5829351718288365e-17
the making of,-1.5829351718288365e-17
my life directed,-1.5829351718288365e-17
offers unique perspective,-1.5829351718288365e-17
making of the,-1.5829351718288365e-17
god forgives,-1.5829351718288365e-17
offers unique,-1.5829351718288365e-17
film only god,-1.5829351718288365e-17
unique glimpse,-1.5829351718288365e-17
forgives,-1.5829351718288365e-17
only god forgives,-1.5829351718288365e-17
they note that,-1.5829351718288365e-17
on the challenges,-1.5829351718288365e-17
creative process,-1.5829351718288365e-17
film only,-1.5829351718288365e-17
drama directed by,-1.6046192152785466e-17
the cast particularly,-1.6046192152785466e-17
of the cast,-1.6046192152785466e-17
drama directed,-1.6046192152785466e-17
and questionable,-1.6371452804531117e-17
generally positive praising,-1.6371452804531117e-17
erotic,-1.6479873021779667e-17
people,-1.6479873021779667e-17
its narrative,-1.6479873021779667e-17
criticized it,-1.6479873021779667e-17
others criticized it,-1.6479873021779667e-17
video,-1.6479873021779667e-17
direction,-1.6479873021779667e-17
criticized it for,-1.6479873021779667e-17
others criticized,-1.6479873021779667e-17
game adaptation,-1.6588293239028218e-17
the groomsmen,-1.6588293239028218e-17
enthusiasm,-1.6588293239028218e-17
game,-1.6588293239028218e-17
nekrotronic,-1.6588293239028218e-17
bad video game,-1.6588293239028218e-17
bad video,-1.6588293239028218e-17
groomsmen,-1.6588293239028218e-17
video game adaptation,-1.6588293239028218e-17
video game,-1.6588293239028218e-17
while the film,-1.6696713456276768e-17
predictable and lacking,-1.6696713456276768e-17
new york,-1.691355389077387e-17
york,-1.691355389077387e-17
of small,-1.734723475976807e-17
of high,-1.734723475976807e-17
played by,-1.734723475976807e-17
of small town,-1.734723475976807e-17
specifically,-1.734723475976807e-17
sports some reviewers,-1.734723475976807e-17
on american society,-1.734723475976807e-17
specifically massillon france,-1.734723475976807e-17
sports some,-1.734723475976807e-17
specifically massillon,-1.734723475976807e-17
discusses the film,-1.734723475976807e-17
played,-1.734723475976807e-17
massillon,-1.734723475976807e-17
massillon france,-1.734723475976807e-17
massillon france and,-1.734723475976807e-17
sports culture describing,-1.734723475976807e-17
the documentary go,-1.734723475976807e-17
sports culture,-1.734723475976807e-17
of high school,-1.734723475976807e-17
the high school,-1.734723475976807e-17
there the reviews,-1.734723475976807e-17
tigers directed by,-1.734723475976807e-17
the machinations,-1.734723475976807e-17
the machinations and,-1.734723475976807e-17
there,-1.734723475976807e-17
there the,-1.734723475976807e-17
found,-1.734723475976807e-17
society and sports,-1.734723475976807e-17
thought provoking documentary,-1.734723475976807e-17
tigers,-1.734723475976807e-17
tigers directed,-1.734723475976807e-17
passions,-1.734723475976807e-17
passions of high,-1.734723475976807e-17
passions of,-1.734723475976807e-17
music and performances,-1.745565497701662e-17
and tedious,-1.7509865085640897e-17
inventive,-1.7564075194265172e-17
self,-1.7564075194265172e-17
nacho vigalondo,-1.7780915628762273e-17
the summary of,-1.7780915628762273e-17
of romance but,-1.7780915628762273e-17
other alien,-1.7780915628762273e-17
the summary,-1.7780915628762273e-17
nacho vigalondo who,-1.7780915628762273e-17
theme the,-1.7780915628762273e-17
text is that,-1.7780915628762273e-17
traditional,-1.7780915628762273e-17
other alien invasion,-1.7780915628762273e-17
given text,-1.7780915628762273e-17
theme the film,-1.7780915628762273e-17
summary of the,-1.7780915628762273e-17
at times the,-1.7780915628762273e-17
more interesting,-1.7780915628762273e-17
of the given,-1.7780915628762273e-17
tiresome at,-1.7780915628762273e-17
times the film,-1.7780915628762273e-17
times the,-1.7780915628762273e-17
times,-1.7780915628762273e-17
story is comedy,-1.7780915628762273e-17
more interesting than,-1.7780915628762273e-17
summary of,-1.7780915628762273e-17
vigalondo who is,-1.7780915628762273e-17
vigalondo who,-1.7780915628762273e-17
vigalondo,-1.7780915628762273e-17
written and directed,-1.7780915628762273e-17
nacho,-1.7780915628762273e-17
summary,-1.7780915628762273e-17
given text is,-1.7780915628762273e-17
tiresome at times,-1.7780915628762273e-17
overall the movie,-1.7780915628762273e-17
with slacker,-1.7780915628762273e-17
wit and understated,-1.7780915628762273e-17
the given text,-1.7780915628762273e-17
of discomfort,-1.7780915628762273e-17
of discomfort with,-1.7780915628762273e-17
big budget,-1.7780915628762273e-17
written and,-1.7780915628762273e-17
the given,-1.7780915628762273e-17
who is praised,-1.7780915628762273e-17
at times,-1.7780915628762273e-17
vibe and hint,-1.7780915628762273e-17
who is,-1.7780915628762273e-17
with slacker vibe,-1.7780915628762273e-17
movie and,-1.7997756063259374e-17
in depth with,-1.7997756063259374e-17
quirky,-1.7997756063259374e-17
due to its,-1.8214596497756474e-17
content and,-1.8214596497756474e-17
visuals and,-1.8214596497756474e-17
content,-1.8214596497756474e-17
call,-1.8214596497756474e-17
but the film,-1.8214596497756474e-17
about the documentary,-1.8214596497756474e-17
music many reviewers,-1.8350121769317163e-17
also widely,-1.8350121769317163e-17
music many,-1.8350121769317163e-17
some calling it,-1.8350121769317163e-17
music may,-1.8350121769317163e-17
music may seem,-1.8350121769317163e-17
are also widely,-1.8350121769317163e-17
may seem dated,-1.8350121769317163e-17
praised few,-1.8350121769317163e-17
may seem,-1.8350121769317163e-17
time the,-1.8350121769317163e-17
time the film,-1.8350121769317163e-17
some calling,-1.8350121769317163e-17
the best disney,-1.8350121769317163e-17
also widely praised,-1.8350121769317163e-17
widely praised,-1.8350121769317163e-17
praised few reviewers,-1.8350121769317163e-17
widely praised few,-1.8350121769317163e-17
with some calling,-1.8350121769317163e-17
of love adventure,-1.8350121769317163e-17
kenneth,-1.8431436932253575e-17
by kenneth,-1.8431436932253575e-17
directed by kenneth,-1.8431436932253575e-17
as must see,-1.8648277366750676e-17
originality the,-1.8648277366750676e-17
balanced,-1.8648277366750676e-17
as must,-1.8648277366750676e-17
the story is,-1.8648277366750676e-17
seen as must,-1.8648277366750676e-17
films and is,-1.8865117801247777e-17
between the two,-1.892271604166107e-17
the two,-1.892271604166107e-17
agree that,-1.8973538018496328e-17
agree that it,-1.8973538018496328e-17
most agree that,-1.8973538018496328e-17
most agree,-1.8973538018496328e-17
faithfulness,-1.9081958235744878e-17
overly long,-1.9081958235744878e-17
faithfulness to,-1.9081958235744878e-17
faithfulness to the,-1.9081958235744878e-17
the direction is,-1.9081958235744878e-17
superior,-1.9081958235744878e-17
michael,-1.9081958235744878e-17
particularly in,-1.9081958235744878e-17
is criticized as,-1.9081958235744878e-17
music and,-1.9081958235744878e-17
and faithfulness,-1.9081958235744878e-17
and faithfulness to,-1.9081958235744878e-17
is compared,-1.9081958235744878e-17
focuses on,-1.9081958235744878e-17
focuses,-1.9081958235744878e-17
has been,-1.9081958235744878e-17
nancy drew as,-1.919037845299343e-17
nancy drew while,-1.919037845299343e-17
storytelling and direction,-1.919037845299343e-17
exploitation,-1.919037845299343e-17
of new york,-1.919037845299343e-17
nancy drew and,-1.919037845299343e-17
exploitation films,-1.919037845299343e-17
other exploitation films,-1.919037845299343e-17
of young girls,-1.919037845299343e-17
story is thin,-1.919037845299343e-17
with older viewers,-1.919037845299343e-17
staircase,-1.919037845299343e-17
staircase is,-1.919037845299343e-17
with older,-1.919037845299343e-17
staircase is reboot,-1.919037845299343e-17
moments it falls,-1.919037845299343e-17
movie nancy,-1.919037845299343e-17
movie nancy drew,-1.919037845299343e-17
wish and taxi,-1.919037845299343e-17
wish and,-1.919037845299343e-17
wish,-1.919037845299343e-17
of sexual violence,-1.919037845299343e-17
who plays the,-1.919037845299343e-17
of sex trafficking,-1.919037845299343e-17
who plays,-1.919037845299343e-17
movie target,-1.919037845299343e-17
movie target audience,-1.919037845299343e-17
while known for,-1.919037845299343e-17
while known,-1.919037845299343e-17
ms,-1.919037845299343e-17
ms 45,-1.919037845299343e-17
zoe tamerlis lund,-1.919037845299343e-17
ms 45 is,-1.919037845299343e-17
zoe tamerlis,-1.919037845299343e-17
zoe,-1.919037845299343e-17
of new,-1.919037845299343e-17
older viewers the,-1.919037845299343e-17
the popular,-1.919037845299343e-17
driver,-1.919037845299343e-17
time such,-1.919037845299343e-17
the books,-1.919037845299343e-17
sophia lillis who,-1.919037845299343e-17
sophia lillis,-1.919037845299343e-17
sophia,-1.919037845299343e-17
portrayal of new,-1.919037845299343e-17
thin and the,-1.919037845299343e-17
portrayal of nancy,-1.919037845299343e-17
the hidden,-1.919037845299343e-17
the hidden staircase,-1.919037845299343e-17
the movie nancy,-1.919037845299343e-17
nasty portrayal,-1.919037845299343e-17
themes is also,-1.919037845299343e-17
popular series inspired,-1.919037845299343e-17
themes is,-1.919037845299343e-17
of the popular,-1.919037845299343e-17
the time,-1.919037845299343e-17
the movie target,-1.919037845299343e-17
the new,-1.919037845299343e-17
young girls is,-1.919037845299343e-17
young girls,-1.919037845299343e-17
the popular series,-1.919037845299343e-17
the pacing is,-1.919037845299343e-17
the pacing,-1.919037845299343e-17
performance the movie,-1.919037845299343e-17
the books the,-1.919037845299343e-17
portrayal of sex,-1.919037845299343e-17
such as death,-1.919037845299343e-17
plays,-1.919037845299343e-17
new nancy drew,-1.919037845299343e-17
nasty portrayal of,-1.919037845299343e-17
of nancy drew,-1.919037845299343e-17
of nancy,-1.919037845299343e-17
york city,-1.919037845299343e-17
of the time,-1.919037845299343e-17
particularly sophia,-1.919037845299343e-17
particularly sophia lillis,-1.919037845299343e-17
girls,-1.919037845299343e-17
popular series,-1.919037845299343e-17
older viewers,-1.919037845299343e-17
new nancy,-1.919037845299343e-17
the new nancy,-1.919037845299343e-17
plays the,-1.919037845299343e-17
may not resonate,-1.919037845299343e-17
new york city,-1.919037845299343e-17
time such as,-1.919037845299343e-17
york city and,-1.919037845299343e-17
plays the new,-1.919037845299343e-17
other exploitation,-1.919037845299343e-17
they appreciate,-1.951563910473908e-17
they appreciate the,-1.951563910473908e-17
of documentary,-1.973247953923618e-17
is drama,-1.973247953923618e-17
of 1994 the,-1.973247953923618e-17
of 1994,-1.973247953923618e-17
movie is slow,-1.973247953923618e-17
the film munyurangabo,-1.973247953923618e-17
is beautifully shot,-1.973247953923618e-17
is beautifully,-1.973247953923618e-17
the countryside filled,-1.973247953923618e-17
the genocide on,-1.973247953923618e-17
with poignant,-1.973247953923618e-17
the genocide,-1.973247953923618e-17
the countryside,-1.973247953923618e-17
use of documentary,-1.973247953923618e-17
of documentary like,-1.973247953923618e-17
paced but,-1.973247953923618e-17
beautifully shot,-1.973247953923618e-17
navigate,-1.973247953923618e-17
navigate the,-1.973247953923618e-17
navigate the aftermath,-1.973247953923618e-17
two young,-1.973247953923618e-17
of journey to,-1.973247953923618e-17
of journey,-1.973247953923618e-17
moments the cinematography,-1.973247953923618e-17
movie follows two,-1.973247953923618e-17
paced but engaging,-1.973247953923618e-17
paced,-1.973247953923618e-17
on survivors the,-1.973247953923618e-17
its emotional,-1.973247953923618e-17
its emotional impact,-1.973247953923618e-17
with the psychological,-1.973247953923618e-17
they navigate the,-1.973247953923618e-17
munyurangabo is drama,-1.973247953923618e-17
munyurangabo is,-1.973247953923618e-17
munyurangabo,-1.973247953923618e-17
after,-1.973247953923618e-17
poignant and authentic,-1.973247953923618e-17
on survivors,-1.973247953923618e-17
they navigate,-1.973247953923618e-17
with poignant and,-1.973247953923618e-17
young friends,-1.973247953923618e-17
of the genocide,-1.973247953923618e-17
portrayal of journey,-1.973247953923618e-17
of the tragedy,-1.973247953923618e-17
shot,-1.973247953923618e-17
young friends as,-1.973247953923618e-17
storyline which,-1.9949319973733282e-17
murphy has,-1.9949319973733282e-17
with few,-1.9949319973733282e-17
murphy to,-1.9949319973733282e-17
murphy has received,-1.9949319973733282e-17
standout performance the,-1.9949319973733282e-17
beyond,-1.9949319973733282e-17
uninspired and,-1.9949319973733282e-17
uninspired and broad,-1.9949319973733282e-17
action movie,-1.9949319973733282e-17
supporting cast while,-1.9949319973733282e-17
murphy to showcase,-1.9949319973733282e-17
of the supporting,-1.9949319973733282e-17
based on,-1.9949319973733282e-17
the film storyline,-1.9949319973733282e-17
with broad and,-1.9949319973733282e-17
with broad,-1.9949319973733282e-17
or originality overall,-1.9949319973733282e-17
storyline which combines,-1.9949319973733282e-17
the coen brothers,-1.9949319973733282e-17
the coen,-1.9949319973733282e-17
weak and boring,-1.9949319973733282e-17
and excessive,-1.9949319973733282e-17
with few laughs,-1.9949319973733282e-17
outrageous comedy,-1.9949319973733282e-17
nights directed by,-1.9949319973733282e-17
mixed reviews critics,-1.9949319973733282e-17
which combines,-1.9949319973733282e-17
with outrageous comedy,-1.9949319973733282e-17
and revenge,-1.9949319973733282e-17
with outrageous,-1.9949319973733282e-17
which combines serious,-1.9949319973733282e-17
originality overall,-1.9949319973733282e-17
reviews critics,-1.9949319973733282e-17
praised particularly,-1.9949319973733282e-17
nights directed,-1.9949319973733282e-17
or originality,-1.9949319973733282e-17
the house,-1.9949319973733282e-17
outrageous,-1.9949319973733282e-17
violence with outrageous,-1.9949319973733282e-17
outrageous comedy is,-1.9949319973733282e-17
violence with,-1.9949319973733282e-17
and its portrayal,-1.9949319973733282e-17
originality overall the,-1.9949319973733282e-17
all time,-2.0057740190981832e-17
its exploration of,-2.0057740190981832e-17
and its exploration,-2.0057740190981832e-17
of all time,-2.0057740190981832e-17
of all,-2.0057740190981832e-17
its exploration,-2.0057740190981832e-17
paul,-2.0166160408230382e-17
is an,-2.0383000842727483e-17
dated,-2.0599841277224584e-17
comedy and music,-2.0599841277224584e-17
by robert,-2.0599841277224584e-17
fans of,-2.0599841277224584e-17
by robert towne,-2.0599841277224584e-17
robert towne,-2.0599841277224584e-17
towne,-2.0599841277224584e-17
slate,-2.0816681711721685e-17
quinto,-2.0816681711721685e-17
repetitive,-2.0816681711721685e-17
bleak and,-2.0816681711721685e-17
balance comedy,-2.0816681711721685e-17
mike,-2.0816681711721685e-17
the novel,-2.0816681711721685e-17
balance comedy and,-2.0816681711721685e-17
hamm,-2.0816681711721685e-17
messy,-2.0816681711721685e-17
quinto and,-2.0816681711721685e-17
originality,-2.0816681711721685e-17
and for,-2.0816681711721685e-17
contemporary,-2.0816681711721685e-17
to balance comedy,-2.0816681711721685e-17
violence some,-2.0843786766033823e-17
messy uneven and,-2.0843786766033823e-17
misogynistic,-2.0843786766033823e-17
misogynistic retelling,-2.0843786766033823e-17
misogynistic retelling of,-2.0843786766033823e-17
is visually,-2.0843786766033823e-17
messy uneven,-2.0843786766033823e-17
of eroticism horror,-2.0843786766033823e-17
paul schrader,-2.0843786766033823e-17
violence some reviewers,-2.0843786766033823e-17
is visually stunning,-2.0843786766033823e-17
paul schrader the,-2.0843786766033823e-17
the original overall,-2.0843786766033823e-17
style atmosphere,-2.0843786766033823e-17
original overall the,-2.0843786766033823e-17
criticize its lack,-2.0843786766033823e-17
stunning and ambitious,-2.0843786766033823e-17
original overall,-2.0843786766033823e-17
of sense,-2.0843786766033823e-17
of sense sex,-2.0843786766033823e-17
style atmosphere and,-2.0843786766033823e-17
context,-2.09183256653922e-17
view,-2.1250362580715887e-17
charming,-2.1250362580715887e-17
1994,-2.1250362580715887e-17
is disappointing,-2.1250362580715887e-17
based,-2.1250362580715887e-17
resilience,-2.1250362580715887e-17
fantasy,-2.1304572689340162e-17
itself,-2.1467203015212988e-17
it has some,-2.1467203015212988e-17
film by,-2.1467203015212988e-17
beautiful,-2.1467203015212988e-17
the film has,-2.168404344971009e-17
critics appreciate,-2.168404344971009e-17
playground is,-2.168404344971009e-17
film has,-2.168404344971009e-17
humanism,-2.168404344971009e-17
the devil playground,-2.168404344971009e-17
critics appreciate the,-2.168404344971009e-17
the devil,-2.168404344971009e-17
successful,-2.168404344971009e-17
most,-2.168404344971009e-17
some critics appreciate,-2.168404344971009e-17
of sex,-2.168404344971009e-17
laughs and,-2.168404344971009e-17
comedy and,-2.168404344971009e-17
enfantasma,-2.168404344971009e-17
devil,-2.168404344971009e-17
1990s,-2.168404344971009e-17
critics have praised,-2.168404344971009e-17
some critics have,-2.168404344971009e-17
devil playground,-2.168404344971009e-17
devil playground is,-2.168404344971009e-17
enfantasma the,-2.168404344971009e-17
enfantasma the devil,-2.168404344971009e-17
be overly sentimental,-2.168404344971009e-17
described as an,-2.1955093992831465e-17
presents,-2.200930410145574e-17
makes it feel,-2.211772431870429e-17
more like,-2.211772431870429e-17
of originality and,-2.211772431870429e-17
despite this,-2.211772431870429e-17
this,-2.211772431870429e-17
it feel,-2.211772431870429e-17
film ability,-2.2551405187698492e-17
the film ability,-2.2551405187698492e-17
and sex,-2.2551405187698492e-17
other,-2.2551405187698492e-17
and their,-2.2551405187698492e-17
behavior,-2.2551405187698492e-17
film ability to,-2.2551405187698492e-17
derivative feel,-2.2768245622195593e-17
and tone,-2.2985086056692694e-17
such as,-2.2985086056692694e-17
such,-2.2985086056692694e-17
nature of,-2.2985086056692694e-17
in depth and,-2.3418766925686896e-17
main,-2.3418766925686896e-17
charming and,-2.3418766925686896e-17
contrived,-2.3418766925686896e-17
praised for his,-2.3418766925686896e-17
comedy some,-2.3418766925686896e-17
of its,-2.3418766925686896e-17
praise the performances,-2.3418766925686896e-17
and family,-2.3418766925686896e-17
skills,-2.3418766925686896e-17
presidency,-2.3418766925686896e-17
billy,-2.3635607360183997e-17
lack,-2.3635607360183997e-17
mental state,-2.3852447794681098e-17
satirical,-2.3852447794681098e-17
music,-2.3852447794681098e-17
mental state and,-2.3852447794681098e-17
approach while,-2.3852447794681098e-17
state and,-2.3852447794681098e-17
state,-2.3852447794681098e-17
imagery,-2.4069288229178198e-17
off putting others,-2.4069288229178198e-17
work of filmmakers,-2.4069288229178198e-17
praise its bold,-2.4069288229178198e-17
unique and ambitious,-2.4069288229178198e-17
storytelling despite,-2.4069288229178198e-17
storytelling despite its,-2.4069288229178198e-17
the film by,-2.4069288229178198e-17
others praise,-2.4069288229178198e-17
mesmerizing and thought,-2.4069288229178198e-17
sometimes disturbing,-2.4069288229178198e-17
sometimes disturbing tone,-2.4069288229178198e-17
pacing and tone,-2.4069288229178198e-17
of dostoevski,-2.4069288229178198e-17
work that defies,-2.4069288229178198e-17
thought provoking experience,-2.4069288229178198e-17
off putting,-2.4069288229178198e-17
others praise its,-2.4069288229178198e-17
mesmerizing and,-2.4069288229178198e-17
mesmerizing,-2.4069288229178198e-17
style elements,-2.4069288229178198e-17
style elements the,-2.4069288229178198e-17
peter greenaway,-2.4069288229178198e-17
peter greenaway style,-2.4069288229178198e-17
of dark humor,-2.4069288229178198e-17
filmmaking,-2.4069288229178198e-17
of dostoevski and,-2.4069288229178198e-17
of filmmakers,-2.4069288229178198e-17
horror comedy,-2.417770844642675e-17
follows the,-2.42861286636753e-17
or lacking in,-2.42861286636753e-17
one of,-2.42861286636753e-17
or lacking,-2.42861286636753e-17
praised the,-2.42861286636753e-17
over stallone,-2.47198095326695e-17
moronic and,-2.47198095326695e-17
previous comedies but,-2.47198095326695e-17
where,-2.47198095326695e-17
where stallone,-2.47198095326695e-17
of humor receives,-2.47198095326695e-17
where stallone wears,-2.47198095326695e-17
over stallone previous,-2.47198095326695e-17
praise stallone performance,-2.47198095326695e-17
the direction particularly,-2.47198095326695e-17
the film concept,-2.47198095326695e-17
moronic,-2.47198095326695e-17
performance while others,-2.47198095326695e-17
particularly the use,-2.47198095326695e-17
praise stallone,-2.47198095326695e-17
performance while,-2.47198095326695e-17
find the movie,-2.47198095326695e-17
the execution is,-2.47198095326695e-17
the execution,-2.47198095326695e-17
use of humor,-2.47198095326695e-17
opinions about sylvester,-2.47198095326695e-17
the use,-2.47198095326695e-17
the use of,-2.47198095326695e-17
stallone wears diaper,-2.47198095326695e-17
poor script and,-2.47198095326695e-17
stallone previous comedies,-2.47198095326695e-17
spottiswoode described,-2.47198095326695e-17
poor script,-2.47198095326695e-17
stallone performance while,-2.47198095326695e-17
stallone film directed,-2.47198095326695e-17
moronic and desperate,-2.47198095326695e-17
spottiswoode described as,-2.47198095326695e-17
stallone film,-2.47198095326695e-17
stallone previous,-2.47198095326695e-17
stallone wears,-2.47198095326695e-17
stallone performance,-2.47198095326695e-17
spottiswoode,-2.47198095326695e-17
wears,-2.47198095326695e-17
but the execution,-2.47198095326695e-17
wears diaper,-2.47198095326695e-17
wears diaper the,-2.47198095326695e-17
edward,-2.4936649967166602e-17
and sometimes,-2.5153490401663703e-17
source,-2.5153490401663703e-17
plot and,-2.5153490401663703e-17
elements the,-2.5153490401663703e-17
as disappointing,-2.5153490401663703e-17
elements the film,-2.5153490401663703e-17
apart,-2.5153490401663703e-17
friends,-2.5153490401663703e-17
uneven,-2.5153490401663703e-17
the film story,-2.5370330836160804e-17
of sexual,-2.5370330836160804e-17
film story,-2.5370330836160804e-17
serious,-2.5587171270657905e-17
values are,-2.5587171270657905e-17
complex and,-2.5587171270657905e-17
disney,-2.5804011705155006e-17
nichols,-2.5804011705155006e-17
may be,-2.5804011705155006e-17
overall the reviews,-2.6020852139652106e-17
mental illness and,-2.6020852139652106e-17
vibe with script,-2.6020852139652106e-17
it for its,-2.6020852139652106e-17
praised but,-2.6020852139652106e-17
the director,-2.6020852139652106e-17
falls flat,-2.6020852139652106e-17
titled aardvark,-2.6020852139652106e-17
portray mental illness,-2.6020852139652106e-17
the history of,-2.6020852139652106e-17
flat and,-2.6020852139652106e-17
titled aardvark starring,-2.6020852139652106e-17
violence,-2.6020852139652106e-17
the history,-2.6020852139652106e-17
of clichés,-2.6020852139652106e-17
on families,-2.6020852139652106e-17
use of clichés,-2.6020852139652106e-17
vibe with,-2.6020852139652106e-17
unpredictable wishy,-2.6020852139652106e-17
starring jenny slate,-2.6020852139652106e-17
of clichés and,-2.6020852139652106e-17
with script,-2.6020852139652106e-17
unpredictable,-2.6020852139652106e-17
it has,-2.6020852139652106e-17
wishy washy vibe,-2.6020852139652106e-17
wishy washy,-2.6020852139652106e-17
unpredictable wishy washy,-2.6020852139652106e-17
starring jenny,-2.6020852139652106e-17
washy,-2.6020852139652106e-17
explores the history,-2.6020852139652106e-17
with script that,-2.6020852139652106e-17
washy vibe,-2.6020852139652106e-17
atmosphere,-2.6020852139652106e-17
portray mental,-2.6020852139652106e-17
wishy,-2.6020852139652106e-17
narrative the performances,-2.6020852139652106e-17
washy vibe with,-2.6020852139652106e-17
many praising,-2.6346112791397758e-17
many praising the,-2.6346112791397758e-17
with many praising,-2.6346112791397758e-17
that it may,-2.6346112791397758e-17
balance humor and,-2.6454533008646308e-17
to balance humor,-2.6454533008646308e-17
balance humor,-2.6454533008646308e-17
features an,-2.6454533008646308e-17
post 11 america,-2.656295322589486e-17
post 11,-2.656295322589486e-17
splitting,-2.656295322589486e-17
or sneaking,-2.656295322589486e-17
find it predictable,-2.656295322589486e-17
the writing is,-2.656295322589486e-17
it predictable,-2.656295322589486e-17
time progresses and,-2.656295322589486e-17
not shooting,-2.656295322589486e-17
not shooting running,-2.656295322589486e-17
or sneaking away,-2.656295322589486e-17
thriller film titled,-2.656295322589486e-17
time progresses,-2.656295322589486e-17
one of which,-2.656295322589486e-17
splitting into two,-2.656295322589486e-17
becoming,-2.656295322589486e-17
moderately effective but,-2.656295322589486e-17
of post,-2.656295322589486e-17
of post 11,-2.656295322589486e-17
they should and,-2.656295322589486e-17
they should,-2.656295322589486e-17
titled preservation which,-2.656295322589486e-17
writing is,-2.656295322589486e-17
titled preservation,-2.656295322589486e-17
writing is criticized,-2.656295322589486e-17
of which is,-2.656295322589486e-17
which is survival,-2.656295322589486e-17
of which,-2.656295322589486e-17
which is moderately,-2.656295322589486e-17
when they should,-2.656295322589486e-17
when they,-2.656295322589486e-17
moderately effective,-2.656295322589486e-17
when,-2.656295322589486e-17
movie with elements,-2.656295322589486e-17
splitting into,-2.656295322589486e-17
moderately,-2.656295322589486e-17
overreliance,-2.667137344314341e-17
praised the chemistry,-2.667137344314341e-17
many found,-2.667137344314341e-17
many found it,-2.667137344314341e-17
men starring jack,-2.667137344314341e-17
the film script,-2.667137344314341e-17
men starring,-2.667137344314341e-17
overreliance on,-2.667137344314341e-17
overreliance on cheap,-2.667137344314341e-17
supporting cast also,-2.667137344314341e-17
walter matthau received,-2.667137344314341e-17
the leads and,-2.667137344314341e-17
starring jack lemmon,-2.667137344314341e-17
old men,-2.667137344314341e-17
walter matthau,-2.667137344314341e-17
some critics enjoyed,-2.667137344314341e-17
negative reviews overall,-2.667137344314341e-17
the two leads,-2.667137344314341e-17
man bickering many,-2.667137344314341e-17
the movie grumpy,-2.667137344314341e-17
on cheap sentimentality,-2.667137344314341e-17
movie grumpy old,-2.667137344314341e-17
spark,-2.667137344314341e-17
old men starring,-2.667137344314341e-17
on cheap,-2.667137344314341e-17
spark and,-2.667137344314341e-17
spark and overreliance,-2.667137344314341e-17
of genuine spark,-2.667137344314341e-17
man bickering however,-2.667137344314341e-17
matthau,-2.667137344314341e-17
of genuine,-2.667137344314341e-17
movie grumpy,-2.667137344314341e-17
matthau received mixed,-2.667137344314341e-17
matthau received,-2.667137344314341e-17
of complex relationship,-2.677979366039196e-17
titled aberdeen,-2.677979366039196e-17
with fierce,-2.677979366039196e-17
with fierce honesty,-2.677979366039196e-17
portrayed with raw,-2.677979366039196e-17
trip drama,-2.677979366039196e-17
petter moland,-2.677979366039196e-17
with raw honest,-2.677979366039196e-17
road trip drama,-2.677979366039196e-17
petter moland the,-2.677979366039196e-17
portrayed,-2.677979366039196e-17
with raw,-2.677979366039196e-17
petter,-2.677979366039196e-17
portrayed with,-2.677979366039196e-17
titled aberdeen directed,-2.677979366039196e-17
of two characters,-2.677979366039196e-17
performances by headey,-2.677979366039196e-17
difficult to,-2.677979366039196e-17
worth it and,-2.677979366039196e-17
observant study of,-2.677979366039196e-17
worth it,-2.677979366039196e-17
watch but is,-2.677979366039196e-17
watch but,-2.677979366039196e-17
observant study,-2.677979366039196e-17
possibilities,-2.677979366039196e-17
moland,-2.677979366039196e-17
moland the,-2.677979366039196e-17
of two,-2.677979366039196e-17
observant,-2.677979366039196e-17
their depth and,-2.677979366039196e-17
study of,-2.677979366039196e-17
study of two,-2.677979366039196e-17
difficult,-2.677979366039196e-17
their depth,-2.677979366039196e-17
moland the film,-2.677979366039196e-17
for avoiding,-2.688821387764051e-17
trip,-2.688821387764051e-17
film attempt to,-2.688821387764051e-17
while some praise,-2.688821387764051e-17
film commentary on,-2.688821387764051e-17
issue,-2.688821387764051e-17
crisis and its,-2.688821387764051e-17
its action,-2.688821387764051e-17
thin and corny,-2.688821387764051e-17
its action sequences,-2.688821387764051e-17
romantic comedy but,-2.688821387764051e-17
movie the love,-2.688821387764051e-17
the issue,-2.688821387764051e-17
for avoiding fearmongering,-2.688821387764051e-17
the film commentary,-2.688821387764051e-17
last call,-2.688821387764051e-17
with some viewers,-2.688821387764051e-17
last call at,-2.688821387764051e-17
some praise its,-2.688821387764051e-17
oasis,-2.688821387764051e-17
film attempt,-2.688821387764051e-17
on the issue,-2.688821387764051e-17
watch with,-2.688821387764051e-17
watch with some,-2.688821387764051e-17
fearmongering,-2.688821387764051e-17
water,-2.688821387764051e-17
crisis and,-2.688821387764051e-17
alarmist,-2.688821387764051e-17
pleasant but unfulfilling,-2.688821387764051e-17
pleasant but,-2.688821387764051e-17
mixed reviews from,-2.688821387764051e-17
some finding,-2.688821387764051e-17
bland and,-2.688821387764051e-17
call at the,-2.688821387764051e-17
praise its charming,-2.688821387764051e-17
film commentary,-2.688821387764051e-17
the oasis,-2.688821387764051e-17
at the oasis,-2.688821387764051e-17
the film attempt,-2.688821387764051e-17
story and,-2.688821387764051e-17
some viewers finding,-2.688821387764051e-17
some finding it,-2.688821387764051e-17
comedy but,-2.688821387764051e-17
avoiding,-2.688821387764051e-17
avoiding fearmongering,-2.688821387764051e-17
of love others,-2.688821387764051e-17
viewers finding,-2.688821387764051e-17
call at,-2.688821387764051e-17
with some finding,-2.688821387764051e-17
viewers finding it,-2.688821387764051e-17
bland,-2.688821387764051e-17
portrayal of love,-2.688821387764051e-17
overproduction lack,-2.6928871459108716e-17
value some,-2.6928871459108716e-17
value some reviewers,-2.6928871459108716e-17
overproduction,-2.6928871459108716e-17
meandering and,-2.6928871459108716e-17
the 1962 film,-2.6928871459108716e-17
1962,-2.6928871459108716e-17
the 1962,-2.6928871459108716e-17
1962 film,-2.6928871459108716e-17
overproduction lack of,-2.6928871459108716e-17
overly long meandering,-2.6928871459108716e-17
meandering and tedious,-2.6928871459108716e-17
the film epic,-2.6928871459108716e-17
trauma,-2.710505431213761e-17
community and,-2.710505431213761e-17
hasidic,-2.710505431213761e-17
its plot,-2.710505431213761e-17
to be messy,-2.721347452938616e-17
film is overly,-2.721347452938616e-17
be messy,-2.721347452938616e-17
message about,-2.721347452938616e-17
message about the,-2.721347452938616e-17
the freebie directed,-2.7321894746634712e-17
night open,-2.7321894746634712e-17
night open relationship,-2.7321894746634712e-17
thriller film,-2.7321894746634712e-17
night,-2.7321894746634712e-17
the freebie,-2.7321894746634712e-17
movie focuses on,-2.7321894746634712e-17
the film stylish,-2.7321894746634712e-17
couple,-2.7321894746634712e-17
their seven,-2.7321894746634712e-17
not without,-2.7321894746634712e-17
not without its,-2.7321894746634712e-17
their seven year,-2.7321894746634712e-17
themes like,-2.7321894746634712e-17
one night,-2.7321894746634712e-17
themes like fidelity,-2.7321894746634712e-17
movie darling directed,-2.7321894746634712e-17
open relationship to,-2.7321894746634712e-17
open relationship,-2.7321894746634712e-17
movie darling,-2.7321894746634712e-17
the movie focuses,-2.7321894746634712e-17
the movie darling,-2.7321894746634712e-17
one night open,-2.7321894746634712e-17
movie focuses,-2.7321894746634712e-17
tension and,-2.7321894746634712e-17
open,-2.7321894746634712e-17
disney animated,-2.7321894746634712e-17
action movie with,-2.7321894746634712e-17
those of,-2.7321894746634712e-17
those of polanski,-2.7321894746634712e-17
moralizing,-2.7321894746634712e-17
of dark colors,-2.7321894746634712e-17
of polanski,-2.7321894746634712e-17
without its own,-2.7321894746634712e-17
well as aselton,-2.7321894746634712e-17
moralizing tone,-2.7321894746634712e-17
mixed reviews praising,-2.7321894746634712e-17
unsettling atmosphere as,-2.7321894746634712e-17
unsettling atmosphere,-2.7321894746634712e-17
own unique,-2.7321894746634712e-17
without its,-2.7321894746634712e-17
movies particularly those,-2.7321894746634712e-17
year itch critics,-2.7321894746634712e-17
starring katie aselton,-2.7321894746634712e-17
who agree to,-2.7321894746634712e-17
stylish and unsettling,-2.7321894746634712e-17
stylish and,-2.7321894746634712e-17
who agree,-2.7321894746634712e-17
year itch,-2.7321894746634712e-17
movies particularly,-2.7321894746634712e-17
movie with,-2.7321894746634712e-17
pace and lack,-2.7321894746634712e-17
substance but,-2.7321894746634712e-17
starring katie,-2.7321894746634712e-17
overall while,-2.7321894746634712e-17
on couple,-2.7321894746634712e-17
unique style some,-2.7321894746634712e-17
own unique style,-2.7321894746634712e-17
polanski but,-2.7321894746634712e-17
moralizing tone and,-2.7321894746634712e-17
star dax,-2.7321894746634712e-17
star dax shepard,-2.7321894746634712e-17
polanski but that,-2.7321894746634712e-17
substance but most,-2.7321894746634712e-17
overall while some,-2.7321894746634712e-17
of substance but,-2.7321894746634712e-17
on couple annie,-2.7321894746634712e-17
of sensitive themes,-2.7321894746634712e-17
particularly those of,-2.7321894746634712e-17
to address,-2.7321894746634712e-17
to address their,-2.7321894746634712e-17
of sensitive,-2.7321894746634712e-17
and well,-2.7321894746634712e-17
of polanski but,-2.7321894746634712e-17
movement and includes,-2.7755575615628914e-17
archival footage,-2.7755575615628914e-17
text is collection,-2.7755575615628914e-17
men who,-2.7755575615628914e-17
men who were,-2.7755575615628914e-17
the movement,-2.7755575615628914e-17
the movement and,-2.7755575615628914e-17
vision,-2.7755575615628914e-17
quiet,-2.7755575615628914e-17
on the era,-2.7755575615628914e-17
paean,-2.7755575615628914e-17
paean to the,-2.7755575615628914e-17
various,-2.7755575615628914e-17
value,-2.7755575615628914e-17
utopia of its,-2.7755575615628914e-17
utopia of,-2.7755575615628914e-17
utopia,-2.7755575615628914e-17
narrative drive,-2.7755575615628914e-17
narrative drive and,-2.7755575615628914e-17
paean to,-2.7755575615628914e-17
were part of,-2.7755575615628914e-17
original source,-2.7755575615628914e-17
original source of,-2.7755575615628914e-17
with men who,-2.7755575615628914e-17
with men,-2.7755575615628914e-17
and boring,-2.7755575615628914e-17
the documentary gay,-2.7755575615628914e-17
film features interviews,-2.7755575615628914e-17
the era gay,-2.7755575615628914e-17
the era sexual,-2.7755575615628914e-17
the erotic,-2.7755575615628914e-17
the erotic utopia,-2.7755575615628914e-17
the film argues,-2.7755575615628914e-17
who were part,-2.7755575615628914e-17
who were,-2.7755575615628914e-17
its performances,-2.7755575615628914e-17
states,-2.7755575615628914e-17
states from,-2.7755575615628914e-17
states from 1969,-2.7755575615628914e-17
while it lacks,-2.7755575615628914e-17
features interviews with,-2.7755575615628914e-17
features interviews,-2.7755575615628914e-17
is collection,-2.7755575615628914e-17
is collection of,-2.7755575615628914e-17
of gay sex,-2.7755575615628914e-17
were part,-2.7755575615628914e-17
footage,-2.7755575615628914e-17
social context it,-2.7755575615628914e-17
social context,-2.7755575615628914e-17
crisis the,-2.7755575615628914e-17
of gay,-2.7755575615628914e-17
source of,-2.7755575615628914e-17
nostalgic paean,-2.7755575615628914e-17
youth the film,-2.7755575615628914e-17
of its youth,-2.7755575615628914e-17
of information about,-2.7755575615628914e-17
source of information,-2.7755575615628914e-17
youth the,-2.7755575615628914e-17
of the movement,-2.7755575615628914e-17
part of the,-2.7755575615628914e-17
united states,-2.7755575615628914e-17
it explores,-2.7755575615628914e-17
the united states,-2.7755575615628914e-17
united states from,-2.7755575615628914e-17
movement and,-2.7755575615628914e-17
nostalgic paean to,-2.7755575615628914e-17
to 1981,-2.7755575615628914e-17
to 1981 with,-2.7755575615628914e-17
the united,-2.7755575615628914e-17
of information,-2.7755575615628914e-17
is flawed but,-2.7863995832877464e-17
is flawed,-2.7863995832877464e-17
flawed but,-2.7863995832877464e-17
horror film,-2.8067283740218496e-17
film charm,-2.8189256484623115e-17
coen,-2.8189256484623115e-17
the film charm,-2.8189256484623115e-17
story of,-2.8189256484623115e-17
coen brothers,-2.8189256484623115e-17
the story of,-2.8189256484623115e-17
depth with,-2.833833428333987e-17
not fully developed,-2.8406096919120216e-17
deliver compelling,-2.8406096919120216e-17
to deliver compelling,-2.8406096919120216e-17
are not,-2.8406096919120216e-17
are not fully,-2.8406096919120216e-17
fully developed,-2.8406096919120216e-17
the mgm,-2.8514517136368767e-17
style music and,-2.8514517136368767e-17
musical genre,-2.8514517136368767e-17
elaine may,-2.8514517136368767e-17
musical genre with,-2.8514517136368767e-17
and morality,-2.8514517136368767e-17
of romance comedy,-2.8514517136368767e-17
musical film gigi,-2.8514517136368767e-17
style music,-2.8514517136368767e-17
of the mgm,-2.8514517136368767e-17
music some reviewers,-2.8514517136368767e-17
music some,-2.8514517136368767e-17
themes of decadence,-2.8514517136368767e-17
elaine,-2.8514517136368767e-17
well as unique,-2.8514517136368767e-17
the mgm musical,-2.8514517136368767e-17
timely and,-2.8514517136368767e-17
mgm musical,-2.8514517136368767e-17
of decadence,-2.8514517136368767e-17
of decadence and,-2.8514517136368767e-17
with charming and,-2.8514517136368767e-17
minnelli,-2.8514517136368767e-17
up to,-2.8514517136368767e-17
timely and engaging,-2.8514517136368767e-17
as unique,-2.8514517136368767e-17
with charming,-2.8514517136368767e-17
morality are,-2.8514517136368767e-17
morality are timely,-2.8514517136368767e-17
mgm musical genre,-2.8514517136368767e-17
starring jean arthur,-2.8514517136368767e-17
starring jean,-2.8514517136368767e-17
mgm,-2.8514517136368767e-17
vincente,-2.8514517136368767e-17
vincente minnelli and,-2.8514517136368767e-17
minnelli and starring,-2.8514517136368767e-17
vincente minnelli,-2.8514517136368767e-17
timely,-2.8514517136368767e-17
minnelli and,-2.8514517136368767e-17
western and,-2.862293735361732e-17
story and suspense,-2.862293735361732e-17
movie wrecked directed,-2.862293735361732e-17
on edge,-2.862293735361732e-17
michael greenspan,-2.862293735361732e-17
michael greenspan for,-2.862293735361732e-17
thriller with minimalist,-2.862293735361732e-17
with minimalist plot,-2.862293735361732e-17
the film rio,-2.862293735361732e-17
western despite its,-2.862293735361732e-17
main praise,-2.862293735361732e-17
listless and,-2.862293735361732e-17
praised particularly in,-2.862293735361732e-17
offers an opportunity,-2.862293735361732e-17
with minimalist,-2.862293735361732e-17
western and john,-2.862293735361732e-17
direction is criticized,-2.862293735361732e-17
western despite,-2.862293735361732e-17
wrecked directed by,-2.862293735361732e-17
movie wrecked,-2.862293735361732e-17
to adrien brody,-2.862293735361732e-17
wrecked directed,-2.862293735361732e-17
mediocre short,-2.862293735361732e-17
praise goes to,-2.862293735361732e-17
whole is only,-2.862293735361732e-17
praise goes,-2.862293735361732e-17
whole is,-2.862293735361732e-17
first time,-2.862293735361732e-17
inventiveness,-2.862293735361732e-17
inventiveness and,-2.862293735361732e-17
main praise goes,-2.862293735361732e-17
particularly in train,-2.862293735361732e-17
whole,-2.862293735361732e-17
to adrien,-2.862293735361732e-17
and dark,-2.862293735361732e-17
by john,-2.862293735361732e-17
directed by john,-2.862293735361732e-17
film style is,-2.862293735361732e-17
mediocre short it,-2.862293735361732e-17
while the director,-2.862293735361732e-17
the director makes,-2.862293735361732e-17
criticize it for,-2.862293735361732e-17
time is,-2.862293735361732e-17
performance but the,-2.862293735361732e-17
visual inventiveness,-2.862293735361732e-17
only mediocre,-2.862293735361732e-17
ordeal,-2.862293735361732e-17
makes good,-2.862293735361732e-17
makes good effort,-2.862293735361732e-17
ordeal although,-2.862293735361732e-17
ordeal although it,-2.862293735361732e-17
storyline,-2.862293735361732e-17
wrecked,-2.862293735361732e-17
make it an,-2.862293735361732e-17
tension,-2.862293735361732e-17
only mediocre short,-2.862293735361732e-17
wayne and its,-2.862293735361732e-17
opportunity,-2.862293735361732e-17
opportunity for,-2.862293735361732e-17
visual inventiveness and,-2.862293735361732e-17
acted,-2.862293735361732e-17
the main praise,-2.862293735361732e-17
absorbing,-2.862293735361732e-17
the leads,-2.862293735361732e-17
study without character,-2.862293735361732e-17
study without,-2.862293735361732e-17
time is thriller,-2.862293735361732e-17
the main,-2.862293735361732e-17
his unique,-2.862293735361732e-17
viewer on edge,-2.862293735361732e-17
plot it is,-2.862293735361732e-17
well acted,-2.862293735361732e-17
criticize it,-2.862293735361732e-17
without character and,-2.862293735361732e-17
opportunity for the,-2.862293735361732e-17
without character,-2.862293735361732e-17
minimalist plot it,-2.862293735361732e-17
plot is considered,-2.862293735361732e-17
minimalist plot,-2.862293735361732e-17
wayne fan,-2.862293735361732e-17
plot it,-2.862293735361732e-17
the viewer on,-2.862293735361732e-17
the movie wrecked,-2.862293735361732e-17
style is,-2.862293735361732e-17
wayne western despite,-2.862293735361732e-17
wayne western and,-2.862293735361732e-17
on edge the,-2.862293735361732e-17
viewer on,-2.862293735361732e-17
wayne fan dream,-2.862293735361732e-17
listless,-2.862293735361732e-17
of complex,-2.883977778811442e-17
to the original,-2.883977778811442e-17
and script,-2.927345865710862e-17
attention,-2.949029909160572e-17
detail,-2.949029909160572e-17
sharon stone,-2.949029909160572e-17
sharon,-2.949029909160572e-17
although,-2.949029909160572e-17
and sharon stone,-2.949029909160572e-17
stone,-2.949029909160572e-17
disappointing and,-2.949029909160572e-17
in movie,-2.949029909160572e-17
and sharon,-2.949029909160572e-17
sunshine,-2.949029909160572e-17
sunshine is,-2.949029909160572e-17
culture,-2.949029909160572e-17
black,-2.949029909160572e-17
zombie,-2.970713952610282e-17
the issue from,-2.992397996059992e-17
weighing various,-2.992397996059992e-17
overall the documentary,-2.992397996059992e-17
weighing,-2.992397996059992e-17
the documentary engaging,-2.992397996059992e-17
the oasis explores,-2.992397996059992e-17
various opinions on,-2.992397996059992e-17
reviews film,-2.992397996059992e-17
weighing various opinions,-2.992397996059992e-17
more constructive approach,-2.992397996059992e-17
reviews film titled,-2.992397996059992e-17
the us economy,-2.992397996059992e-17
potential impact on,-2.992397996059992e-17
us economy and,-2.992397996059992e-17
us economy,-2.992397996059992e-17
potential impact,-2.992397996059992e-17
view weighing,-2.992397996059992e-17
the documentary last,-2.992397996059992e-17
view weighing various,-2.992397996059992e-17
yu is,-2.992397996059992e-17
optimistic,-2.992397996059992e-17
and informative,-2.992397996059992e-17
praise the documentary,-2.992397996059992e-17
oasis explores,-2.992397996059992e-17
yu is commended,-2.992397996059992e-17
optimistic while,-2.992397996059992e-17
nuance the film,-2.992397996059992e-17
optimistic while some,-2.992397996059992e-17
opinions on the,-2.992397996059992e-17
flawed,-2.992397996059992e-17
more constructive,-2.992397996059992e-17
water supply,-2.992397996059992e-17
oasis explores the,-2.992397996059992e-17
which is,-2.992397996059992e-17
water supply crisis,-2.992397996059992e-17
and emotional impact,-2.992397996059992e-17
yu,-2.992397996059992e-17
overly simplistic,-2.992397996059992e-17
the film presents,-2.992397996059992e-17
overly simplistic or,-2.992397996059992e-17
the text reviews,-2.992397996059992e-17
opinions on,-2.992397996059992e-17
supply,-2.992397996059992e-17
the coming water,-2.992397996059992e-17
the coming,-2.992397996059992e-17
on the us,-2.992397996059992e-17
on more constructive,-2.992397996059992e-17
humor the,-2.992397996059992e-17
supply crisis and,-2.992397996059992e-17
text reviews,-2.992397996059992e-17
supply crisis,-2.992397996059992e-17
text reviews film,-2.992397996059992e-17
on more,-2.992397996059992e-17
direction is,-2.992397996059992e-17
superstitions of,-3.0357660829594124e-17
the holiday,-3.0357660829594124e-17
the film trick,-3.0357660829594124e-17
superstitions,-3.0357660829594124e-17
superstitions of halloween,-3.0357660829594124e-17
praised horror,-3.0357660829594124e-17
wayne halloween,-3.0357660829594124e-17
of halloween,-3.0357660829594124e-17
wayne halloween and,-3.0357660829594124e-17
the year the,-3.0357660829594124e-17
movie praised for,-3.0357660829594124e-17
the year,-3.0357660829594124e-17
visual appeal,-3.0357660829594124e-17
visual appeal adherence,-3.0357660829594124e-17
the best horror,-3.0357660829594124e-17
horror films of,-3.0357660829594124e-17
year the,-3.0357660829594124e-17
movie praised,-3.0357660829594124e-17
special effects retro,-3.0357660829594124e-17
year the film,-3.0357660829594124e-17
the holiday it,-3.0357660829594124e-17
of halloween however,-3.0357660829594124e-17
of the year,-3.0357660829594124e-17
practical special effects,-3.0357660829594124e-17
is also noted,-3.0357660829594124e-17
of the holiday,-3.0357660829594124e-17
practical,-3.0357660829594124e-17
also noted for,-3.0357660829594124e-17
praised horror movie,-3.0357660829594124e-17
practical special,-3.0357660829594124e-17
conflict,-3.0357660829594124e-17
leads,-3.0357660829594124e-17
the film lacks,-3.0357660829594124e-17
vibe and adherence,-3.0357660829594124e-17
lead actress,-3.0682921481339775e-17
actress,-3.0682921481339775e-17
the lead actress,-3.0682921481339775e-17
jewish,-3.0791341698588326e-17
documentary is described,-3.0791341698588326e-17
its visual,-3.122502256758253e-17
instead,-3.122502256758253e-17
reviewers also,-3.122502256758253e-17
to its,-3.122502256758253e-17
reviewers criticize it,-3.122502256758253e-17
enjoy,-3.122502256758253e-17
darkly,-3.122502256758253e-17
for its visual,-3.122502256758253e-17
plot and lack,-3.122502256758253e-17
low,-3.122502256758253e-17
musical film,-3.144186300207963e-17
winding refn,-3.165870343657673e-17
by nicolas winding,-3.165870343657673e-17
movie is considered,-3.165870343657673e-17
winding,-3.165870343657673e-17
journey to,-3.165870343657673e-17
nicolas winding refn,-3.165870343657673e-17
nicolas winding,-3.165870343657673e-17
grief,-3.165870343657673e-17
comedies,-3.176712365382528e-17
eroticism,-3.2038174196946656e-17
and effective use,-3.209238430557093e-17
classic disney,-3.209238430557093e-17
less,-3.209238430557093e-17
effective use of,-3.209238430557093e-17
reminiscent,-3.209238430557093e-17
it classic disney,-3.209238430557093e-17
reminiscent of the,-3.209238430557093e-17
town,-3.209238430557093e-17
disney film,-3.209238430557093e-17
and effective,-3.209238430557093e-17
of suspense,-3.209238430557093e-17
reminiscent of,-3.209238430557093e-17
classic disney film,-3.209238430557093e-17
off,-3.209238430557093e-17
suspenseful,-3.209238430557093e-17
and suspense the,-3.209238430557093e-17
original,-3.209238430557093e-17
effective use,-3.209238430557093e-17
despite some,-3.209238430557093e-17
use of suspense,-3.209238430557093e-17
the harsh realities,-3.230922474006803e-17
portrayal of working,-3.230922474006803e-17
working class town,-3.230922474006803e-17
with naturalistic,-3.230922474006803e-17
particularly that of,-3.230922474006803e-17
particularly that,-3.230922474006803e-17
social realism,-3.230922474006803e-17
of british social,-3.230922474006803e-17
of british,-3.230922474006803e-17
of life in,-3.230922474006803e-17
life in,-3.230922474006803e-17
the harsh,-3.230922474006803e-17
social realism with,-3.230922474006803e-17
with naturalistic and,-3.230922474006803e-17
working class family,-3.230922474006803e-17
naturalistic and immersive,-3.230922474006803e-17
moving and,-3.230922474006803e-17
and romance,-3.230922474006803e-17
powerful moving,-3.230922474006803e-17
powerful moving and,-3.230922474006803e-17
praised many,-3.230922474006803e-17
praised many reviewers,-3.230922474006803e-17
young billy casper,-3.230922474006803e-17
of working,-3.230922474006803e-17
of young billy,-3.230922474006803e-17
harsh,-3.230922474006803e-17
moving and authentic,-3.230922474006803e-17
of working class,-3.230922474006803e-17
realities,-3.230922474006803e-17
performances particularly that,-3.230922474006803e-17
young billy,-3.230922474006803e-17
realities of,-3.230922474006803e-17
style that captures,-3.230922474006803e-17
harsh realities of,-3.230922474006803e-17
harsh realities,-3.230922474006803e-17
menopause while,-3.241764495731658e-17
older women,-3.241764495731658e-17
with menopause,-3.241764495731658e-17
overly ambitious despite,-3.241764495731658e-17
menopause while it,-3.241764495731658e-17
menopause,-3.241764495731658e-17
flashes,-3.241764495731658e-17
they compete,-3.241764495731658e-17
with menopause while,-3.241764495731658e-17
older women who,-3.241764495731658e-17
struggling with menopause,-3.241764495731658e-17
originality and overly,-3.241764495731658e-17
they compete on,-3.241764495731658e-17
and overly,-3.241764495731658e-17
the hot flashes,-3.241764495731658e-17
message and promote,-3.241764495731658e-17
of older,-3.241764495731658e-17
of older women,-3.241764495731658e-17
struggling with,-3.241764495731658e-17
struggling,-3.241764495731658e-17
hot,-3.241764495731658e-17
who are struggling,-3.241764495731658e-17
women who are,-3.241764495731658e-17
on basketball court,-3.241764495731658e-17
unique premise,-3.241764495731658e-17
unique premise focusing,-3.241764495731658e-17
overly sentimental tone,-3.241764495731658e-17
of cancer risks,-3.241764495731658e-17
the hot,-3.241764495731658e-17
older actresses as,-3.241764495731658e-17
older actresses,-3.241764495731658e-17
hot flashes,-3.241764495731658e-17
on basketball,-3.241764495731658e-17
positive message,-3.241764495731658e-17
positive message and,-3.241764495731658e-17
portray positive message,-3.241764495731658e-17
portray positive,-3.241764495731658e-17
of cancer,-3.241764495731658e-17
movie the hot,-3.241764495731658e-17
man directed by,-3.247185506594086e-17
man directed,-3.247185506594086e-17
convoluted,-3.247185506594086e-17
convoluted plot,-3.247185506594086e-17
value while,-3.247185506594086e-17
value while others,-3.247185506594086e-17
movie harvard,-3.247185506594086e-17
of genres including,-3.247185506594086e-17
storytelling convoluted plot,-3.247185506594086e-17
nicolas toback,-3.247185506594086e-17
storytelling convoluted,-3.247185506594086e-17
messy indulgent,-3.247185506594086e-17
movie harvard man,-3.247185506594086e-17
messy indulgent and,-3.247185506594086e-17
nicolas toback the,-3.247185506594086e-17
poor storytelling convoluted,-3.247185506594086e-17
the movie harvard,-3.247185506594086e-17
critics have criticized,-3.252606517456513e-17
thriller that holds,-3.252606517456513e-17
striking aesthetic directed,-3.252606517456513e-17
viewer attention,-3.252606517456513e-17
classics,-3.252606517456513e-17
relationships,-3.252606517456513e-17
striking aesthetic,-3.252606517456513e-17
style is reminiscent,-3.252606517456513e-17
nerve while the,-3.252606517456513e-17
the viewer attention,-3.252606517456513e-17
performance from lauren,-3.252606517456513e-17
one raw,-3.252606517456513e-17
woman reduced to,-3.252606517456513e-17
striking,-3.252606517456513e-17
one raw nerve,-3.252606517456513e-17
the classics,-3.252606517456513e-17
nerve,-3.252606517456513e-17
nerve while,-3.252606517456513e-17
the classics but,-3.252606517456513e-17
blending,-3.252606517456513e-17
theme,-3.252606517456513e-17
nightmarish,-3.252606517456513e-17
portray,-3.252606517456513e-17
of originality it,-3.252606517456513e-17
style and striking,-3.252606517456513e-17
of the classics,-3.252606517456513e-17
viewer attention the,-3.252606517456513e-17
film features standout,-3.252606517456513e-17
features standout,-3.252606517456513e-17
have criticized the,-3.252606517456513e-17
originality it,-3.252606517456513e-17
the film darling,-3.252606517456513e-17
features standout performance,-3.252606517456513e-17
nightmarish style,-3.252606517456513e-17
originality it is,-3.252606517456513e-17
unsettling thriller that,-3.252606517456513e-17
have criticized,-3.252606517456513e-17
are generally,-3.252606517456513e-17
on the characters,-3.252606517456513e-17
nightmarish style and,-3.252606517456513e-17
unsettling thriller,-3.252606517456513e-17
thriller that,-3.252606517456513e-17
woman reduced,-3.252606517456513e-17
mcqueen the overall,-3.258027528318941e-17
may be bit,-3.258027528318941e-17
or that,-3.258027528318941e-17
or that it,-3.258027528318941e-17
and drama,-3.258027528318941e-17
may not hold,-3.258027528318941e-17
police work its,-3.258027528318941e-17
work its,-3.258027528318941e-17
not hold up,-3.258027528318941e-17
plot may,-3.258027528318941e-17
not hold,-3.258027528318941e-17
up to modern,-3.258027528318941e-17
the film gritty,-3.258027528318941e-17
plot may be,-3.258027528318941e-17
modern scrutiny,-3.258027528318941e-17
work its well,-3.258027528318941e-17
style some reviewers,-3.268869550043796e-17
style some,-3.268869550043796e-17
and cultural,-3.2742905609062234e-17
the plot is,-3.289198340777899e-17
of innocence many,-3.2959746043559335e-17
themes of disillusionment,-3.2959746043559335e-17
loss of,-3.2959746043559335e-17
of innocence,-3.2959746043559335e-17
of disillusionment,-3.2959746043559335e-17
of disillusionment and,-3.2959746043559335e-17
of american life,-3.2959746043559335e-17
resonate with,-3.2959746043559335e-17
music are,-3.2959746043559335e-17
authentic portrayal of,-3.2959746043559335e-17
nicholson is also,-3.2959746043559335e-17
nicholson is,-3.2959746043559335e-17
performances particularly nicholson,-3.2959746043559335e-17
particularly nicholson,-3.2959746043559335e-17
particularly nicholson the,-3.2959746043559335e-17
of the 1970s,-3.2959746043559335e-17
performance but,-3.2959746043559335e-17
the last detail,-3.2959746043559335e-17
the last,-3.2959746043559335e-17
while the movie,-3.2959746043559335e-17
clichés and,-3.2959746043559335e-17
authentic portrayal,-3.2959746043559335e-17
noted for its,-3.2959746043559335e-17
some critics find,-3.2959746043559335e-17
portrayal of american,-3.2959746043559335e-17
not resonate,-3.2959746043559335e-17
not resonate with,-3.2959746043559335e-17
wit intelligence,-3.2959746043559335e-17
the documentary,-3.2959746043559335e-17
edge,-3.2959746043559335e-17
nicholson the script,-3.2959746043559335e-17
and music are,-3.2959746043559335e-17
nicholson the reviews,-3.2959746043559335e-17
wit intelligence and,-3.2959746043559335e-17
coherence some reviewers,-3.3068166260807885e-17
coherence some,-3.3068166260807885e-17
poor storytelling,-3.3068166260807885e-17
of coherence some,-3.3068166260807885e-17
talented,-3.3393426912553537e-17
features talented,-3.3393426912553537e-17
talented cast,-3.3393426912553537e-17
features talented cast,-3.3393426912553537e-17
it is described,-3.3393426912553537e-17
wayne and,-3.361026734705064e-17
them,-3.361026734705064e-17
overly ambitious,-3.361026734705064e-17
of humor,-3.366447745567491e-17
relationship between,-3.382710778154774e-17
however the film,-3.382710778154774e-17
reviewers have,-3.404394821604484e-17
describing,-3.426078865054194e-17
describing it,-3.426078865054194e-17
movie freeway,-3.426078865054194e-17
of the 1990s,-3.426078865054194e-17
the high and,-3.426078865054194e-17
on social,-3.426078865054194e-17
virtuosity,-3.426078865054194e-17
virtuosity dark,-3.426078865054194e-17
describing it as,-3.426078865054194e-17
movie freeway the,-3.426078865054194e-17
on american independent,-3.426078865054194e-17
the movie freeway,-3.426078865054194e-17
virtuosity dark humor,-3.426078865054194e-17
on social hypocrisies,-3.426078865054194e-17
social hypocrisies,-3.426078865054194e-17
the excess,-3.426078865054194e-17
the excess of,-3.426078865054194e-17
wild audacious drive,-3.426078865054194e-17
social hypocrisies however,-3.426078865054194e-17
themes and its,-3.426078865054194e-17
wild audacious,-3.426078865054194e-17
wild,-3.426078865054194e-17
nature,-3.447762908503904e-17
critique,-3.46470356744899e-17
critique of,-3.46470356744899e-17
three,-3.469446951953614e-17
it may,-3.469446951953614e-17
high school,-3.469446951953614e-17
master,-3.469446951953614e-17
cliches,-3.469446951953614e-17
themes of love,-3.469446951953614e-17
however some,-3.469446951953614e-17
weak script clunky,-3.491130995403324e-17
overly broad and,-3.491130995403324e-17
storyline despite its,-3.491130995403324e-17
revolves around,-3.491130995403324e-17
values and strong,-3.491130995403324e-17
uninspired action,-3.491130995403324e-17
them with,-3.491130995403324e-17
them with humor,-3.491130995403324e-17
violence as well,-3.491130995403324e-17
violence as,-3.491130995403324e-17
weak script,-3.491130995403324e-17
nights is,-3.491130995403324e-17
revolves,-3.491130995403324e-17
marred by weak,-3.491130995403324e-17
values and,-3.491130995403324e-17
nights nightclub is,-3.491130995403324e-17
of originality the,-3.491130995403324e-17
nights nightclub,-3.491130995403324e-17
story which revolves,-3.491130995403324e-17
nightclub is overly,-3.491130995403324e-17
overly broad,-3.491130995403324e-17
nightclub,-3.491130995403324e-17
of profanity and,-3.491130995403324e-17
nightclub is,-3.491130995403324e-17
characters and its,-3.491130995403324e-17
nights is disappointing,-3.491130995403324e-17
over the harlem,-3.491130995403324e-17
storyline despite,-3.491130995403324e-17
uninspired action comedy,-3.491130995403324e-17
around,-3.491130995403324e-17
strong cast the,-3.491130995403324e-17
originality the story,-3.491130995403324e-17
the harlem nights,-3.491130995403324e-17
marred by,-3.491130995403324e-17
the harlem,-3.491130995403324e-17
strong cast,-3.491130995403324e-17
use of profanity,-3.491130995403324e-17
marred,-3.491130995403324e-17
with humor make,-3.491130995403324e-17
which revolves,-3.491130995403324e-17
which revolves around,-3.491130995403324e-17
with humor,-3.491130995403324e-17
characters are,-3.5128150388530344e-17
the movie themes,-3.5128150388530344e-17
cast the film,-3.5128150388530344e-17
the characters are,-3.5128150388530344e-17
the film direction,-3.5128150388530344e-17
film direction,-3.5128150388530344e-17
movie themes and,-3.5128150388530344e-17
and the characters,-3.5128150388530344e-17
movie themes,-3.5128150388530344e-17
cast the,-3.5128150388530344e-17
romance is,-3.5344990823027445e-17
is comedy,-3.5344990823027445e-17
humor the film,-3.5561831257524545e-17
documentary titled,-3.5561831257524545e-17
cast particularly,-3.5561831257524545e-17
his ability to,-3.5561831257524545e-17
film is polarizing,-3.5561831257524545e-17
his ability,-3.5561831257524545e-17
as charming,-3.5561831257524545e-17
is polarizing,-3.5561831257524545e-17
polarizing,-3.5561831257524545e-17
gore the film,-3.5561831257524545e-17
experience the,-3.5561831257524545e-17
bullitt,-3.599551212651875e-17
but some find,-3.599551212651875e-17
critique of the,-3.599551212651875e-17
portrayal of police,-3.599551212651875e-17
bullitt starring steve,-3.599551212651875e-17
starring steve mcqueen,-3.599551212651875e-17
some reviewers feel,-3.599551212651875e-17
mcqueen the,-3.599551212651875e-17
some find it,-3.599551212651875e-17
steve mcqueen the,-3.599551212651875e-17
police,-3.599551212651875e-17
some find,-3.599551212651875e-17
bullitt starring,-3.599551212651875e-17
car,-3.599551212651875e-17
of police,-3.599551212651875e-17
of police work,-3.599551212651875e-17
police work,-3.599551212651875e-17
but some,-3.599551212651875e-17
woman played,-3.642919299551295e-17
it for,-3.642919299551295e-17
may not,-3.642919299551295e-17
it may not,-3.642919299551295e-17
drive,-3.642919299551295e-17
woman played by,-3.642919299551295e-17
to his,-3.642919299551295e-17
adds,-3.642919299551295e-17
the relationship,-3.642919299551295e-17
and forced,-3.642919299551295e-17
the relationship between,-3.642919299551295e-17
animation and music,-3.6700243538634325e-17
the human experience,-3.686287386450715e-17
many reviewers note,-3.686287386450715e-17
michael moore,-3.686287386450715e-17
with the chronological,-3.686287386450715e-17
some tempering,-3.686287386450715e-17
of events it,-3.686287386450715e-17
of events,-3.686287386450715e-17
works like,-3.686287386450715e-17
works like bowling,-3.686287386450715e-17
moore ability to,-3.686287386450715e-17
me,-3.686287386450715e-17
michael moore the,-3.686287386450715e-17
more than typical,-3.686287386450715e-17
moore the,-3.686287386450715e-17
titled roger,-3.686287386450715e-17
titled roger and,-3.686287386450715e-17
me directed by,-3.686287386450715e-17
the chronological sequence,-3.686287386450715e-17
the chronological,-3.686287386450715e-17
human experience,-3.686287386450715e-17
me directed,-3.686287386450715e-17
muckraking and,-3.686287386450715e-17
some tempering with,-3.686287386450715e-17
more than,-3.686287386450715e-17
the lives,-3.686287386450715e-17
performances many,-3.686287386450715e-17
the audience more,-3.686287386450715e-17
political muckraking,-3.686287386450715e-17
the impact,-3.686287386450715e-17
muckraking and is,-3.686287386450715e-17
the impact of,-3.686287386450715e-17
muckraking,-3.686287386450715e-17
moore the film,-3.686287386450715e-17
the audience,-3.686287386450715e-17
performances many reviewers,-3.686287386450715e-17
intelligent,-3.686287386450715e-17
of unemployment,-3.686287386450715e-17
political muckraking and,-3.686287386450715e-17
on the lives,-3.686287386450715e-17
moore ability,-3.686287386450715e-17
of corporate,-3.686287386450715e-17
of unemployment it,-3.686287386450715e-17
focusing on the,-3.686287386450715e-17
of corporate america,-3.686287386450715e-17
the lives of,-3.686287386450715e-17
successful adaptation of,-3.707971429900425e-17
successful adaptation,-3.707971429900425e-17
starring jack nicholson,-3.707971429900425e-17
is successful adaptation,-3.707971429900425e-17
thomas jane,-3.710681935331639e-17
jane,-3.710681935331639e-17
of specimens,-3.721523957056494e-17
note that it,-3.721523957056494e-17
phallological museum the,-3.721523957056494e-17
man quest to,-3.721523957056494e-17
thoughtful and entertaining,-3.721523957056494e-17
notable,-3.721523957056494e-17
of specimens from,-3.721523957056494e-17
thought provoking moments,-3.721523957056494e-17
mockumentary that balances,-3.721523957056494e-17
man quest,-3.721523957056494e-17
specimens from,-3.721523957056494e-17
member the,-3.721523957056494e-17
pathos and is,-3.721523957056494e-17
of man quest,-3.721523957056494e-17
of man,-3.721523957056494e-17
notable for its,-3.721523957056494e-17
pathos and,-3.721523957056494e-17
storytelling the film,-3.721523957056494e-17
member the reviewers,-3.721523957056494e-17
storytelling the,-3.721523957056494e-17
specimens from the,-3.721523957056494e-17
notable for,-3.721523957056494e-17
the film sincerity,-3.721523957056494e-17
phallological,-3.721523957056494e-17
museum,-3.721523957056494e-17
heart and,-3.721523957056494e-17
the final member,-3.721523957056494e-17
humor and heart,-3.721523957056494e-17
moments and note,-3.721523957056494e-17
the icelandic phallological,-3.721523957056494e-17
mockumentary that,-3.721523957056494e-17
member,-3.721523957056494e-17
portrayal of man,-3.721523957056494e-17
the icelandic,-3.721523957056494e-17
phallological museum,-3.721523957056494e-17
museum the,-3.721523957056494e-17
and heart and,-3.721523957056494e-17
specimens,-3.721523957056494e-17
unique and quirky,-3.721523957056494e-17
the reviewers appreciate,-3.721523957056494e-17
and heart,-3.721523957056494e-17
museum the reviewers,-3.721523957056494e-17
mockumentary,-3.721523957056494e-17
with the performances,-3.729655473350135e-17
with unique and,-3.729655473350135e-17
movie the film,-3.729655473350135e-17
with great acting,-3.729655473350135e-17
superior interpretation the,-3.729655473350135e-17
minimalist approach,-3.729655473350135e-17
superior interpretation,-3.729655473350135e-17
the writing,-3.729655473350135e-17
subtle moviemaking,-3.729655473350135e-17
subtle moviemaking techniques,-3.729655473350135e-17
minimalist approach combined,-3.729655473350135e-17
provoking and,-3.729655473350135e-17
is thought,-3.729655473350135e-17
malle use of,-3.729655473350135e-17
not be happy,-3.729655473350135e-17
malle use,-3.729655473350135e-17
poignant with,-3.729655473350135e-17
the movie explores,-3.729655473350135e-17
of subtle,-3.729655473350135e-17
vanya on 42nd,-3.729655473350135e-17
vanya on,-3.729655473350135e-17
the film vanya,-3.729655473350135e-17
street is,-3.729655473350135e-17
of anton chekhov,-3.729655473350135e-17
vanya,-3.729655473350135e-17
wasted lives and,-3.729655473350135e-17
play considered,-3.729655473350135e-17
of anton,-3.729655473350135e-17
street,-3.729655473350135e-17
unique and innovative,-3.729655473350135e-17
performances creates,-3.729655473350135e-17
performances creates livelier,-3.729655473350135e-17
is thought provoking,-3.729655473350135e-17
play considered superior,-3.729655473350135e-17
street is successful,-3.729655473350135e-17
movie explores,-3.729655473350135e-17
poignant with great,-3.729655473350135e-17
the film emotional,-3.729655473350135e-17
use of subtle,-3.729655473350135e-17
perfect,-3.729655473350135e-17
on 42nd street,-3.729655473350135e-17
moviemaking techniques adds,-3.729655473350135e-17
of loneliness wasted,-3.729655473350135e-17
thought provoking and,-3.729655473350135e-17
perfect ensemble,-3.729655473350135e-17
perfect ensemble cast,-3.729655473350135e-17
movie explores themes,-3.729655473350135e-17
moviemaking techniques,-3.729655473350135e-17
the performances creates,-3.729655473350135e-17
the movie minimalist,-3.729655473350135e-17
malle,-3.729655473350135e-17
of subtle moviemaking,-3.729655473350135e-17
on 42nd,-3.729655473350135e-17
movie minimalist approach,-3.729655473350135e-17
movie minimalist,-3.729655473350135e-17
wasted lives,-3.729655473350135e-17
film features talented,-3.7513395167998453e-17
comedy film,-3.764892043955914e-17
cultural,-3.7730235602495554e-17
depth the cinematography,-3.7730235602495554e-17
commentary on the,-3.7730235602495554e-17
visually stunning and,-3.7947076036992655e-17
stunning and,-3.7947076036992655e-17
text primarily discusses,-3.8163916471489756e-17
the documentary film,-3.8163916471489756e-17
witty,-3.8163916471489756e-17
garbo the,-3.8163916471489756e-17
the 1939 film,-3.8163916471489756e-17
witty script,-3.8163916471489756e-17
ninotchka,-3.8163916471489756e-17
greta,-3.8163916471489756e-17
1939,-3.8163916471489756e-17
documentary film,-3.8163916471489756e-17
primarily discusses,-3.8163916471489756e-17
primarily discusses the,-3.8163916471489756e-17
the 1939,-3.8163916471489756e-17
1939 film,-3.8163916471489756e-17
greta garbo the,-3.8163916471489756e-17
greta garbo,-3.8163916471489756e-17
starring greta,-3.8163916471489756e-17
film ninotchka,-3.8163916471489756e-17
starring greta garbo,-3.8163916471489756e-17
1939 film ninotchka,-3.8163916471489756e-17
reviewers find the,-3.8163916471489756e-17
fascinating,-3.821812658011403e-17
ferrara,-3.838075690598686e-17
are competent,-3.838075690598686e-17
love letter,-3.859759734048396e-17
father,-3.859759734048396e-17
1961,-3.859759734048396e-17
the love letter,-3.859759734048396e-17
the love,-3.859759734048396e-17
letter,-3.859759734048396e-17
with great,-3.865180744910823e-17
honest,-3.881443777498106e-17
story pacing and,-3.903127820947816e-17
the first one,-3.903127820947816e-17
perfection,-3.903127820947816e-17
some viewers,-3.903127820947816e-17
perfection are,-3.903127820947816e-17
the first,-3.903127820947816e-17
story pacing,-3.903127820947816e-17
pacing and formal,-3.903127820947816e-17
on john wayne,-3.903127820947816e-17
steve mcqueen,-3.903127820947816e-17
unit director john,-3.903127820947816e-17
feelings,-3.903127820947816e-17
on john,-3.903127820947816e-17
the film western,-3.903127820947816e-17
unit,-3.903127820947816e-17
form,-3.903127820947816e-17
western film,-3.903127820947816e-17
western film rio,-3.903127820947816e-17
developed,-3.903127820947816e-17
particularly the first,-3.903127820947816e-17
unit director,-3.903127820947816e-17
western genre the,-3.903127820947816e-17
western genre,-3.903127820947816e-17
praise the action,-3.903127820947816e-17
wayne western film,-3.903127820947816e-17
watch even in,-3.903127820947816e-17
strain on,-3.903127820947816e-17
strain on john,-3.903127820947816e-17
the movie some,-3.903127820947816e-17
five,-3.903127820947816e-17
is highlighted as,-3.903127820947816e-17
wayne loyalty due,-3.903127820947816e-17
economy and,-3.903127820947816e-17
length,-3.903127820947816e-17
one directed by,-3.903127820947816e-17
one directed,-3.903127820947816e-17
watch even,-3.903127820947816e-17
excessive violence,-3.903127820947816e-17
production values,-3.903127820947816e-17
movie some praise,-3.903127820947816e-17
opinions about john,-3.903127820947816e-17
perfection are criticized,-3.903127820947816e-17
is highlighted,-3.903127820947816e-17
fun to,-3.903127820947816e-17
performance is highlighted,-3.903127820947816e-17
mention the strain,-3.903127820947816e-17
mixed feelings about,-3.903127820947816e-17
mixed feelings,-3.903127820947816e-17
film excessive violence,-3.903127820947816e-17
wayne loyalty,-3.903127820947816e-17
fun to watch,-3.903127820947816e-17
between the leads,-3.913969842672671e-17
of mental illness,-3.946495907847236e-17
this the lead,-3.946495907847236e-17
struggles to,-3.946495907847236e-17
of mental,-3.946495907847236e-17
pays,-3.946495907847236e-17
pays homage,-3.946495907847236e-17
pays homage to,-3.946495907847236e-17
grandeur,-3.946495907847236e-17
pegg and juno,-3.946495907847236e-17
pegg and,-3.946495907847236e-17
struggles to connect,-3.946495907847236e-17
pegg,-3.946495907847236e-17
portrayal of mental,-3.946495907847236e-17
their sincerity and,-3.946495907847236e-17
their sincerity,-3.946495907847236e-17
nuanced and,-3.946495907847236e-17
thought provoking critique,-3.946495907847236e-17
movie that pays,-3.946495907847236e-17
moments it struggles,-3.946495907847236e-17
movie portrayal,-3.946495907847236e-17
critics praised the,-3.946495907847236e-17
horror movie that,-3.946495907847236e-17
to fans,-3.946495907847236e-17
performance from simon,-3.946495907847236e-17
praising its,-3.946495907847236e-17
appeal to fans,-3.946495907847236e-17
mental illness is,-3.946495907847236e-17
portrayal of schizophrenia,-3.946495907847236e-17
of schizophrenia featuring,-3.946495907847236e-17
the movie lost,-3.946495907847236e-17
sound design,-3.946495907847236e-17
its characters,-3.946495907847236e-17
nuanced and thought,-3.946495907847236e-17
some critics praised,-3.946495907847236e-17
does,-3.946495907847236e-17
movie lost transmissions,-3.946495907847236e-17
the movie portrayal,-3.946495907847236e-17
the film does,-3.946495907847236e-17
critics praised,-3.946495907847236e-17
that pays homage,-3.946495907847236e-17
that pays,-3.946495907847236e-17
film does,-3.946495907847236e-17
with its characters,-3.946495907847236e-17
overly flashy despite,-3.946495907847236e-17
the cinematography and,-3.946495907847236e-17
with its,-3.946495907847236e-17
movie portrayal of,-3.946495907847236e-17
sound,-3.946495907847236e-17
movie lost,-3.946495907847236e-17
overly flashy,-3.946495907847236e-17
sound design are,-3.946495907847236e-17
genocide,-3.946495907847236e-17
of the american,-3.946495907847236e-17
of schizophrenia,-3.946495907847236e-17
of genres,-3.957337929572091e-17
and realistic portrayal,-3.968179951296946e-17
of substance,-3.973600962159374e-17
lack of substance,-3.973600962159374e-17
lead actors,-3.984442983884229e-17
the lead actors,-3.984442983884229e-17
movie has some,-3.9898639947466563e-17
and it is,-3.9898639947466563e-17
magical,-3.9898639947466563e-17
who are,-3.9898639947466563e-17
but not,-3.9898639947466563e-17
be overly,-3.9898639947466563e-17
the 1990s,-3.9898639947466563e-17
lives of,-4.0115480381963664e-17
agree,-4.0115480381963664e-17
the film slow,-4.0332320816460765e-17
and unengaging,-4.0332320816460765e-17
film slow,-4.0332320816460765e-17
corporate,-4.0549161250957866e-17
supporting,-4.0766001685454967e-17
strengths however some,-4.0766001685454967e-17
strengths however,-4.0766001685454967e-17
neat,-4.0766001685454967e-17
weir and starring,-4.0766001685454967e-17
of opposing,-4.0766001685454967e-17
weir,-4.0766001685454967e-17
neat balancing,-4.0766001685454967e-17
neat balancing of,-4.0766001685454967e-17
moving portrayal,-4.0766001685454967e-17
moving portrayal of,-4.0766001685454967e-17
the collision between,-4.0766001685454967e-17
performances and dialogue,-4.0766001685454967e-17
weir and,-4.0766001685454967e-17
of the collision,-4.0766001685454967e-17
opposing,-4.0766001685454967e-17
it is praised,-4.0766001685454967e-17
worlds its simple,-4.0766001685454967e-17
poetic and moving,-4.0766001685454967e-17
peter weir,-4.0766001685454967e-17
of religious,-4.0766001685454967e-17
manners and values,-4.0766001685454967e-17
peter weir and,-4.0766001685454967e-17
the film witness,-4.0766001685454967e-17
movie is also,-4.0766001685454967e-17
coherence and,-4.0766001685454967e-17
and moving portrayal,-4.0766001685454967e-17
of religious community,-4.0766001685454967e-17
the supporting cast,-4.0766001685454967e-17
the supporting,-4.0766001685454967e-17
supporting cast,-4.0766001685454967e-17
values exhausting,-4.0766001685454967e-17
the collision,-4.0766001685454967e-17
values exhausting pacing,-4.0766001685454967e-17
witness,-4.0766001685454967e-17
worlds,-4.0766001685454967e-17
opposing manners and,-4.0766001685454967e-17
of opposing manners,-4.0766001685454967e-17
worlds its,-4.0766001685454967e-17
starring harrison,-4.0766001685454967e-17
starring harrison ford,-4.0766001685454967e-17
approach however,-4.0766001685454967e-17
world and its,-4.0766001685454967e-17
the film cinematography,-4.0766001685454967e-17
world and,-4.0766001685454967e-17
plodding,-4.0766001685454967e-17
witness 1983,-4.0766001685454967e-17
in its portrayal,-4.0766001685454967e-17
witness 1983 directed,-4.0766001685454967e-17
manners and,-4.0766001685454967e-17
film cinematography,-4.0766001685454967e-17
performance is praised,-4.0766001685454967e-17
opposing manners,-4.0766001685454967e-17
nonviolence and cultural,-4.0766001685454967e-17
collision,-4.0766001685454967e-17
the performances particularly,-4.0766001685454967e-17
nonviolence and,-4.0766001685454967e-17
nonviolence,-4.0766001685454967e-17
of coherence and,-4.0766001685454967e-17
some reviewers mention,-4.098284211995207e-17
the film flaws,-4.109126233720062e-17
and his ability,-4.109126233720062e-17
western that explores,-4.109126233720062e-17
while some quotes,-4.109126233720062e-17
of the country,-4.109126233720062e-17
outlaw josey wales,-4.109126233720062e-17
some quotes,-4.109126233720062e-17
the country landscape,-4.109126233720062e-17
some quotes mention,-4.109126233720062e-17
powerful revisionist and,-4.109126233720062e-17
powerful revisionist,-4.109126233720062e-17
of redemption and,-4.109126233720062e-17
of redemption,-4.109126233720062e-17
themes of redemption,-4.109126233720062e-17
through subtle storytelling,-4.109126233720062e-17
the country,-4.109126233720062e-17
the outlaw josey,-4.109126233720062e-17
outlaw,-4.109126233720062e-17
western that,-4.109126233720062e-17
and script that,-4.109126233720062e-17
wales as his,-4.109126233720062e-17
subtle storytelling his,-4.109126233720062e-17
wales as,-4.109126233720062e-17
wales,-4.109126233720062e-17
subtle storytelling,-4.109126233720062e-17
storytelling his,-4.109126233720062e-17
storytelling his nuanced,-4.109126233720062e-17
the outlaw,-4.109126233720062e-17
such as lengthy,-4.109126233720062e-17
through subtle,-4.109126233720062e-17
outlaw josey,-4.109126233720062e-17
walsh,-4.119968255444917e-17
like the,-4.119968255444917e-17
of cagney and,-4.119968255444917e-17
walsh freestyle,-4.119968255444917e-17
films like the,-4.119968255444917e-17
of cagney,-4.119968255444917e-17
design,-4.119968255444917e-17
pacino scarface and,-4.119968255444917e-17
sexual,-4.119968255444917e-17
its influence,-4.119968255444917e-17
movies and,-4.119968255444917e-17
films like,-4.119968255444917e-17
pacino scarface,-4.119968255444917e-17
movies and its,-4.119968255444917e-17
movie gerontophilia are,-4.141652298894627e-17
with sensitivity,-4.141652298894627e-17
with sensitivity and,-4.141652298894627e-17
positive many,-4.141652298894627e-17
positive many critics,-4.141652298894627e-17
walter borden and,-4.141652298894627e-17
walter borden,-4.141652298894627e-17
man and,-4.141652298894627e-17
young woman played,-4.141652298894627e-17
played by walter,-4.141652298894627e-17
mixed but generally,-4.141652298894627e-17
take on the,-4.141652298894627e-17
man and young,-4.141652298894627e-17
with unique tone,-4.141652298894627e-17
movie gerontophilia,-4.141652298894627e-17
the movie gerontophilia,-4.141652298894627e-17
of aging family,-4.141652298894627e-17
pathos some,-4.141652298894627e-17
pathos some critics,-4.141652298894627e-17
well acted with,-4.141652298894627e-17
many critics praise,-4.141652298894627e-17
the film lighthearted,-4.141652298894627e-17
unique tone that,-4.141652298894627e-17
on the relationship,-4.141652298894627e-17
themes of aging,-4.141652298894627e-17
of aging,-4.141652298894627e-17
time,-4.163336342344337e-17
exhausting,-4.163336342344337e-17
and nostalgic,-4.163336342344337e-17
beautifully,-4.163336342344337e-17
enjoyable,-4.163336342344337e-17
and lacking,-4.163336342344337e-17
criticized for being,-4.163336342344337e-17
lives and,-4.163336342344337e-17
and lacking in,-4.163336342344337e-17
is character,-4.163336342344337e-17
particularly the,-4.195862407518902e-17
has received mixed,-4.206704429243757e-17
sure to,-4.206704429243757e-17
viewers feeling,-4.206704429243757e-17
pelican dreams is,-4.206704429243757e-17
viewers feeling uplifted,-4.206704429243757e-17
well intentioned and,-4.206704429243757e-17
pelican dreams,-4.206704429243757e-17
pelican,-4.206704429243757e-17
is successful,-4.206704429243757e-17
nature film that,-4.206704429243757e-17
uplifted,-4.206704429243757e-17
sure,-4.206704429243757e-17
well intentioned,-4.206704429243757e-17
uplifted and,-4.206704429243757e-17
has received,-4.206704429243757e-17
uplifted and inspired,-4.206704429243757e-17
dreams,-4.206704429243757e-17
sure to leave,-4.206704429243757e-17
nature film,-4.206704429243757e-17
dramatic,-4.228388472693467e-17
appeal to,-4.2500725161431774e-17
is commended,-4.2500725161431774e-17
reviews are generally,-4.2500725161431774e-17
between two,-4.2500725161431774e-17
health,-4.2500725161431774e-17
is commended for,-4.2500725161431774e-17
nuance the,-4.2500725161431774e-17
also mention,-4.2500725161431774e-17
the us,-4.2500725161431774e-17
also commended for,-4.2717565595928875e-17
sematary,-4.2717565595928875e-17
pet,-4.2717565595928875e-17
is also commended,-4.2717565595928875e-17
pet sematary,-4.2717565595928875e-17
united,-4.2934406030425976e-17
competent,-4.2934406030425976e-17
is disappointing and,-4.2934406030425976e-17
are criticized as,-4.3151246464923076e-17
corny,-4.3151246464923076e-17
reviewers praising,-4.336808689942018e-17
woman named,-4.336808689942018e-17
reviewers feel,-4.336808689942018e-17
yet wistful,-4.336808689942018e-17
reviewers feel that,-4.336808689942018e-17
titled putin,-4.336808689942018e-17
woman named masha,-4.336808689942018e-17
titled putin kiss,-4.336808689942018e-17
historical context,-4.336808689942018e-17
yet wistful about,-4.336808689942018e-17
political awakenings,-4.336808689942018e-17
it to,-4.336808689942018e-17
political activist the,-4.336808689942018e-17
organizations the,-4.336808689942018e-17
young russians,-4.336808689942018e-17
of young woman,-4.336808689942018e-17
who becomes political,-4.336808689942018e-17
masha who becomes,-4.336808689942018e-17
organizations,-4.336808689942018e-17
masha who,-4.336808689942018e-17
it offers,-4.336808689942018e-17
masha,-4.336808689942018e-17
young russians hearts,-4.336808689942018e-17
the young russians,-4.336808689942018e-17
the young,-4.336808689942018e-17
not provide historical,-4.336808689942018e-17
compelling,-4.336808689942018e-17
the fight,-4.336808689942018e-17
the fight for,-4.336808689942018e-17
named masha who,-4.336808689942018e-17
named masha,-4.336808689942018e-17
not provide,-4.336808689942018e-17
who becomes,-4.336808689942018e-17
organizations the film,-4.336808689942018e-17
wistful,-4.336808689942018e-17
young woman named,-4.336808689942018e-17
often feels simplistic,-4.336808689942018e-17
often feels,-4.336808689942018e-17
political activist,-4.336808689942018e-17
wistful about political,-4.336808689942018e-17
noted that the,-4.336808689942018e-17
political awakenings it,-4.336808689942018e-17
pedersen,-4.336808689942018e-17
para governmental organizations,-4.336808689942018e-17
para governmental,-4.336808689942018e-17
para,-4.336808689942018e-17
pedersen and,-4.336808689942018e-17
pedersen and follows,-4.336808689942018e-17
wistful about,-4.336808689942018e-17
story of young,-4.336808689942018e-17
cast including,-4.336808689942018e-17
offers an insightful,-4.336808689942018e-17
two,-4.342229700804445e-17
his directorial,-4.358492733391728e-17
year,-4.37069000783219e-17
movies,-4.380176776841438e-17
plot that,-4.380176776841438e-17
disturbing,-4.380176776841438e-17
genres,-4.401860820291148e-17
that may,-4.423544863740858e-17
forced comic,-4.445228907190568e-17
its forced comic,-4.445228907190568e-17
for its forced,-4.445228907190568e-17
is about,-4.466912950640278e-17
it is considered,-4.466912950640278e-17
drama that,-4.466912950640278e-17
classic,-4.4777549723651333e-17
presence,-4.4777549723651333e-17
for its ability,-4.4885969940899884e-17
is noted for,-4.5102810375396984e-17
feel,-4.5102810375396984e-17
while others find,-4.5102810375396984e-17
humorous take on,-4.5102810375396984e-17
the chemistry between,-4.5102810375396984e-17
entertainment value,-4.5102810375396984e-17
and is considered,-4.5102810375396984e-17
and humorous take,-4.5102810375396984e-17
ending,-4.5102810375396984e-17
audience,-4.5102810375396984e-17
entertainment,-4.5102810375396984e-17
humorous take,-4.5102810375396984e-17
young,-4.5102810375396984e-17
particularly kate,-4.5319650809894085e-17
obscure the film,-4.5319650809894085e-17
obscure the,-4.5319650809894085e-17
particularly kate winslet,-4.5319650809894085e-17
obscure,-4.5319650809894085e-17
moving experience,-4.5319650809894085e-17
moving experience the,-4.5319650809894085e-17
may lack depth,-4.5319650809894085e-17
of thomas hardy,-4.5319650809894085e-17
sophisticated,-4.5319650809894085e-17
society and it,-4.5319650809894085e-17
winterbottom is,-4.5319650809894085e-17
the decadence,-4.5319650809894085e-17
the decadence of,-4.5319650809894085e-17
and christopher,-4.5319650809894085e-17
and christopher eccleston,-4.5319650809894085e-17
with clever and,-4.5319650809894085e-17
with clever,-4.5319650809894085e-17
kate winslet and,-4.5319650809894085e-17
making it unique,-4.5319650809894085e-17
powerful portrayal,-4.5319650809894085e-17
powerful portrayal of,-4.5319650809894085e-17
winterbottom is praised,-4.5319650809894085e-17
winterbottom,-4.5319650809894085e-17
of thomas,-4.5319650809894085e-17
winslet and christopher,-4.5319650809894085e-17
winslet and,-4.5319650809894085e-17
winslet,-4.5319650809894085e-17
the characters struggles,-4.5319650809894085e-17
the film adaptation,-4.5319650809894085e-17
the film could,-4.5319650809894085e-17
the camera while,-4.5319650809894085e-17
the camera,-4.5319650809894085e-17
witty script and,-4.5319650809894085e-17
movie is commentary,-4.5319650809894085e-17
movie that showcases,-4.5319650809894085e-17
the film blends,-4.5319650809894085e-17
eccleston,-4.5319650809894085e-17
sophistication it is,-4.5319650809894085e-17
christopher,-4.5319650809894085e-17
may lack,-4.5319650809894085e-17
it unique and,-4.5319650809894085e-17
it unique,-4.5319650809894085e-17
behind the,-4.5319650809894085e-17
sophistication it,-4.5319650809894085e-17
behind,-4.5319650809894085e-17
of the protagonist,-4.5319650809894085e-17
been described as,-4.5319650809894085e-17
sophistication,-4.5319650809894085e-17
been described,-4.5319650809894085e-17
strong performances of,-4.5319650809894085e-17
sophisticated comedy of,-4.5319650809894085e-17
christopher eccleston,-4.5319650809894085e-17
of manners making,-4.5319650809894085e-17
hardy novel,-4.5319650809894085e-17
of manners,-4.5319650809894085e-17
struggles against,-4.5319650809894085e-17
struggles against destiny,-4.5319650809894085e-17
characters struggles,-4.5319650809894085e-17
sophisticated comedy,-4.5319650809894085e-17
parisian,-4.5319650809894085e-17
parisian society,-4.5319650809894085e-17
parisian society and,-4.5319650809894085e-17
ninotchka is romantic,-4.5319650809894085e-17
ninotchka is,-4.5319650809894085e-17
thomas hardy,-4.5319650809894085e-17
thomas hardy novel,-4.5319650809894085e-17
cast particularly kate,-4.5319650809894085e-17
hardy,-4.5319650809894085e-17
on the decadence,-4.5319650809894085e-17
masterpiece with clever,-4.5319650809894085e-17
manners making it,-4.5319650809894085e-17
more affecting,-4.5319650809894085e-17
novel jude,-4.5319650809894085e-17
kate,-4.5319650809894085e-17
adaptation of thomas,-4.5319650809894085e-17
manners making,-4.5319650809894085e-17
protagonist,-4.5319650809894085e-17
kate winslet,-4.5319650809894085e-17
the obscure,-4.5319650809894085e-17
the obscure the,-4.5319650809894085e-17
masterpiece with,-4.5319650809894085e-17
novel jude the,-4.5319650809894085e-17
hardy novel jude,-4.5319650809894085e-17
of parisian society,-4.5319650809894085e-17
unique and moving,-4.5319650809894085e-17
jude the obscure,-4.5319650809894085e-17
jude the,-4.5319650809894085e-17
of parisian,-4.5319650809894085e-17
delivering,-4.5536491244391186e-17
drama the,-4.5536491244391186e-17
story which,-4.5536491244391186e-17
of american,-4.5536491244391186e-17
script is,-4.5536491244391186e-17
follows the story,-4.5536491244391186e-17
the script is,-4.5536491244391186e-17
the story which,-4.5536491244391186e-17
al pacino,-4.5536491244391186e-17
al,-4.5536491244391186e-17
predictable and,-4.5536491244391186e-17
movie some,-4.575333167888829e-17
given,-4.575333167888829e-17
overly sentimental,-4.597017211338539e-17
price,-4.597017211338539e-17
his acting skills,-4.597017211338539e-17
his acting,-4.597017211338539e-17
feel that,-4.597017211338539e-17
are also praised,-4.597017211338539e-17
to showcase his,-4.597017211338539e-17
feel that the,-4.597017211338539e-17
good,-4.597017211338539e-17
to showcase,-4.597017211338539e-17
showcase,-4.597017211338539e-17
generally positive,-4.597017211338539e-17
criticisms,-4.597017211338539e-17
showcase his acting,-4.597017211338539e-17
only,-4.597017211338539e-17
some criticisms,-4.597017211338539e-17
acting skills,-4.597017211338539e-17
critics find the,-4.597017211338539e-17
showcase his,-4.597017211338539e-17
sequences and,-4.597017211338539e-17
crafted,-4.640385298237959e-17
moviemaking,-4.640385298237959e-17
well crafted,-4.640385298237959e-17
style that,-4.651227319962814e-17
discusses the,-4.683753385137379e-17
captivating,-4.683753385137379e-17
for being,-4.683753385137379e-17
generally,-4.683753385137379e-17
as an,-4.683753385137379e-17
the reviewers,-4.683753385137379e-17
to be overly,-4.683753385137379e-17
similar,-4.683753385137379e-17
of young,-4.683753385137379e-17
amateurish,-4.683753385137379e-17
stereotypes,-4.683753385137379e-17
polanski,-4.683753385137379e-17
class,-4.683753385137379e-17
discusses,-4.683753385137379e-17
commended for its,-4.683753385137379e-17
depth the,-4.7271214720367993e-17
cliches the,-4.7271214720367993e-17
while some critics,-4.7271214720367993e-17
and ambitious,-4.7488055154865094e-17
events,-4.7704895589362195e-17
also criticized,-4.7704895589362195e-17
blends,-4.7704895589362195e-17
movie nekrotronic,-4.824699667560495e-17
of experience,-4.824699667560495e-17
with formulaic,-4.824699667560495e-17
genre the film,-4.824699667560495e-17
plot that feels,-4.824699667560495e-17
their enthusiasm,-4.824699667560495e-17
their enthusiasm but,-4.824699667560495e-17
the matrix,-4.824699667560495e-17
wiseass yet,-4.824699667560495e-17
of experience in,-4.824699667560495e-17
wiseass yet witless,-4.824699667560495e-17
wiseass,-4.824699667560495e-17
yet witless and,-4.824699667560495e-17
movie nekrotronic is,-4.824699667560495e-17
of ghostbusters and,-4.824699667560495e-17
with formulaic plot,-4.824699667560495e-17
matrix it is,-4.824699667560495e-17
of ghostbusters,-4.824699667560495e-17
the dead,-4.824699667560495e-17
pokemon,-4.824699667560495e-17
the dead and,-4.824699667560495e-17
the matrix it,-4.824699667560495e-17
yet witless,-4.824699667560495e-17
pokemon go,-4.824699667560495e-17
pokemon go but,-4.824699667560495e-17
witless and,-4.824699667560495e-17
of the dead,-4.824699667560495e-17
witless and the,-4.824699667560495e-17
who are known,-4.824699667560495e-17
with less appeal,-4.824699667560495e-17
with less,-4.824699667560495e-17
the genre the,-4.824699667560495e-17
witless,-4.824699667560495e-17
matrix,-4.824699667560495e-17
the movie nekrotronic,-4.824699667560495e-17
nekrotronic is,-4.824699667560495e-17
nekrotronic is horror,-4.824699667560495e-17
matrix it,-4.824699667560495e-17
reviewers also mention,-4.85722573273506e-17
of profanity,-4.85722573273506e-17
highlighted as strengths,-4.85722573273506e-17
as strengths,-4.85722573273506e-17
and john,-4.85722573273506e-17
were,-4.85722573273506e-17
may appeal to,-4.85722573273506e-17
quotes,-4.85722573273506e-17
may appeal,-4.85722573273506e-17
horror comedy that,-4.85722573273506e-17
pacing and,-4.85722573273506e-17
strengths,-4.85722573273506e-17
that may appeal,-4.85722573273506e-17
high,-4.85722573273506e-17
profanity,-4.85722573273506e-17
also mention the,-4.85722573273506e-17
the reviews for,-4.85722573273506e-17
family and,-4.85722573273506e-17
life the film,-4.90059381963448e-17
down,-4.90059381963448e-17
play,-4.90059381963448e-17
life the,-4.90059381963448e-17
the direction,-4.9439619065339e-17
awareness,-4.9439619065339e-17
writing and,-4.9439619065339e-17
directed by nicolas,-4.9439619065339e-17
christmas,-4.9439619065339e-17
and quirky,-4.9439619065339e-17
use of dark,-4.96564594998361e-17
of dark,-4.96564594998361e-17
competent but,-4.9873299934333204e-17
writing and acting,-4.9873299934333204e-17
movie has been,-4.9873299934333204e-17
mention the film,-4.9873299934333204e-17
performances particularly,-5.007319970988522e-17
named,-5.0306980803327406e-17
also appreciate the,-5.0306980803327406e-17
thin and,-5.0306980803327406e-17
script and,-5.0306980803327406e-17
movie harlem,-5.0306980803327406e-17
broad and,-5.0306980803327406e-17
movie harlem nights,-5.0306980803327406e-17
also appreciate,-5.0306980803327406e-17
without,-5.0306980803327406e-17
the movie harlem,-5.0306980803327406e-17
directed by the,-5.046961112920023e-17
sports,-5.074066167232161e-17
and predictable,-5.074066167232161e-17
as its ability,-5.074066167232161e-17
of death and,-5.095750210681871e-17
pet sematary is,-5.095750210681871e-17
sematary is,-5.095750210681871e-17
death and,-5.095750210681871e-17
of death,-5.095750210681871e-17
others criticize the,-5.117434254131581e-17
by the,-5.117434254131581e-17
feeling,-5.139118297581291e-17
its gritty,-5.149960319306146e-17
for its gritty,-5.149960319306146e-17
of loneliness,-5.160802341031001e-17
themes of loneliness,-5.160802341031001e-17
daily,-5.160802341031001e-17
loneliness,-5.160802341031001e-17
focus on the,-5.204170427930421e-17
awkward,-5.204170427930421e-17
some reviewers,-5.204170427930421e-17
however some critics,-5.204170427930421e-17
many critics,-5.204170427930421e-17
performances are,-5.204170427930421e-17
praised but the,-5.204170427930421e-17
laughs,-5.204170427930421e-17
some critics praise,-5.204170427930421e-17
praised overall the,-5.2258544713801314e-17
with both good,-5.2258544713801314e-17
of the gospel,-5.2258544713801314e-17
of faith forgiveness,-5.2258544713801314e-17
values are criticized,-5.2258544713801314e-17
the gospel singers,-5.2258544713801314e-17
the gospel critics,-5.2258544713801314e-17
mixed bag,-5.2258544713801314e-17
praised overall,-5.2258544713801314e-17
with both,-5.2258544713801314e-17
mixed bag with,-5.2258544713801314e-17
yolanda,-5.2258544713801314e-17
particularly yolanda adams,-5.2258544713801314e-17
particularly yolanda,-5.2258544713801314e-17
titled the gospel,-5.2258544713801314e-17
musical drama,-5.2258544713801314e-17
musical drama film,-5.2258544713801314e-17
portrayal of faith,-5.2258544713801314e-17
clichéd and,-5.2258544713801314e-17
as low,-5.2258544713801314e-17
the film banal,-5.2258544713801314e-17
yolanda adams are,-5.2258544713801314e-17
of faith,-5.2258544713801314e-17
yolanda adams,-5.2258544713801314e-17
vibe and,-5.2475385148298415e-17
performances of braun,-5.2583805365546965e-17
elements overall the,-5.2583805365546965e-17
elements overall,-5.2583805365546965e-17
starring steve braun,-5.2583805365546965e-17
steve braun and,-5.2583805365546965e-17
steve braun,-5.2583805365546965e-17
of braun,-5.2583805365546965e-17
but it is,-5.2583805365546965e-17
sullivan the film,-5.2583805365546965e-17
moments mediocre,-5.2583805365546965e-17
of the dolls,-5.2583805365546965e-17
sullivan the,-5.2583805365546965e-17
sullivan are praised,-5.2583805365546965e-17
moments mediocre execution,-5.2583805365546965e-17
melodramatic elements overall,-5.2583805365546965e-17
sullivan are,-5.2583805365546965e-17
titled the trip,-5.2583805365546965e-17
valley of the,-5.2583805365546965e-17
valley of,-5.2583805365546965e-17
comedy film titled,-5.2583805365546965e-17
mediocre execution and,-5.2583805365546965e-17
plot holes and,-5.2583805365546965e-17
melodramatic elements,-5.2583805365546965e-17
mediocre execution,-5.2583805365546965e-17
the trip starring,-5.2583805365546965e-17
the trip,-5.2583805365546965e-17
the dolls in,-5.2583805365546965e-17
valley,-5.2583805365546965e-17
plot holes,-5.2583805365546965e-17
it is often,-5.2583805365546965e-17
the dolls,-5.2583805365546965e-17
of braun and,-5.2583805365546965e-17
melodramatic,-5.2583805365546965e-17
crisis,-5.268544931921748e-17
that it remains,-5.2800645800044066e-17
daughter,-5.2800645800044066e-17
has some,-5.2909066017292616e-17
watch,-5.2909066017292616e-17
idiotic,-5.312590645178972e-17
nuanced portrayal of,-5.312590645178972e-17
nuanced portrayal,-5.312590645178972e-17
homage,-5.334274688628682e-17
humor and old,-5.334274688628682e-17
sex and,-5.334274688628682e-17
and old man,-5.334274688628682e-17
school,-5.334274688628682e-17
film humor,-5.334274688628682e-17
film humor and,-5.334274688628682e-17
and old,-5.334274688628682e-17
the film humor,-5.334274688628682e-17
old man,-5.334274688628682e-17
man bickering,-5.334274688628682e-17
finding it too,-5.334274688628682e-17
bickering,-5.334274688628682e-17
old man bickering,-5.334274688628682e-17
similar to,-5.377642775528102e-17
mixed some critics,-5.377642775528102e-17
us,-5.377642775528102e-17
storytelling,-5.377642775528102e-17
exploration of themes,-5.377642775528102e-17
praise its,-5.377642775528102e-17
study,-5.377642775528102e-17
too similar,-5.377642775528102e-17
praised the film,-5.377642775528102e-17
too similar to,-5.377642775528102e-17
sitcom,-5.377642775528102e-17
of themes such,-5.377642775528102e-17
it too similar,-5.377642775528102e-17
of themes,-5.377642775528102e-17
fails,-5.377642775528102e-17
mcqueen,-5.377642775528102e-17
mixed some,-5.377642775528102e-17
are mixed some,-5.377642775528102e-17
of life,-5.3939058081153846e-17
actors,-5.4072889286820025e-17
lacks clear,-5.421010862427522e-17
lacks clear narrative,-5.421010862427522e-17
film use,-5.4643789493269423e-17
mental illness,-5.4643789493269423e-17
the film use,-5.4643789493269423e-17
film use of,-5.4643789493269423e-17
illness,-5.4643789493269423e-17
and themes,-5.4643789493269423e-17
of romance,-5.4860629927766524e-17
for the documentary,-5.4860629927766524e-17
stereotypes the film,-5.4860629927766524e-17
stereotypes the,-5.4860629927766524e-17
and david,-5.5077470362263625e-17
dimensional,-5.5294310796760726e-17
execution and,-5.5294310796760726e-17
one dimensional,-5.5294310796760726e-17
worth watching overall,-5.551115123125783e-17
the high,-5.551115123125783e-17
meandering story unpleasant,-5.551115123125783e-17
on so many,-5.551115123125783e-17
gay sex in,-5.551115123125783e-17
playground the reviewers,-5.551115123125783e-17
criticized as,-5.551115123125783e-17
story unpleasant characters,-5.551115123125783e-17
watching,-5.551115123125783e-17
playground the,-5.551115123125783e-17
worth watching,-5.551115123125783e-17
not worth watching,-5.551115123125783e-17
watching overall,-5.551115123125783e-17
watching overall the,-5.551115123125783e-17
wit and performances,-5.551115123125783e-17
not worth,-5.551115123125783e-17
story unpleasant,-5.551115123125783e-17
wrong on,-5.551115123125783e-17
playful sensibility,-5.551115123125783e-17
unengaging,-5.551115123125783e-17
playful sensibility and,-5.551115123125783e-17
particularly her,-5.551115123125783e-17
the era,-5.551115123125783e-17
movie called satan,-5.551115123125783e-17
mixed opinions about,-5.551115123125783e-17
wrong on so,-5.551115123125783e-17
on so,-5.551115123125783e-17
liberation,-5.551115123125783e-17
movie called,-5.551115123125783e-17
mixed opinions,-5.551115123125783e-17
contains reviews and,-5.551115123125783e-17
last,-5.551115123125783e-17
contains reviews,-5.551115123125783e-17
sex in,-5.551115123125783e-17
the film with,-5.551115123125783e-17
commentary on american,-5.551115123125783e-17
sex in the,-5.551115123125783e-17
on american,-5.551115123125783e-17
unpleasant characters and,-5.551115123125783e-17
unpleasant characters,-5.551115123125783e-17
the film playful,-5.551115123125783e-17
liberation and,-5.551115123125783e-17
meandering story,-5.551115123125783e-17
insightful,-5.551115123125783e-17
text contains reviews,-5.551115123125783e-17
many levels and,-5.551115123125783e-17
gay sex,-5.551115123125783e-17
of quotes from,-5.551115123125783e-17
some praising its,-5.551115123125783e-17
era,-5.551115123125783e-17
many levels,-5.551115123125783e-17
unpleasant,-5.572799166575493e-17
twists and,-5.572799166575493e-17
naturalistic portrayal of,-5.594483210025203e-17
naturalistic portrayal,-5.594483210025203e-17
action comedy,-5.594483210025203e-17
sensitivity,-5.594483210025203e-17
while the,-5.594483210025203e-17
poignant,-5.594483210025203e-17
and naturalistic,-5.594483210025203e-17
and naturalistic portrayal,-5.594483210025203e-17
entertaining movie,-5.594483210025203e-17
films and,-5.594483210025203e-17
sensitivity and,-5.594483210025203e-17
entertaining movie that,-5.594483210025203e-17
reviewers also appreciate,-5.594483210025203e-17
the lead,-5.605325231750058e-17
humorous,-5.637851296924623e-17
movie has its,-5.637851296924623e-17
the movie the,-5.637851296924623e-17
is film,-5.637851296924623e-17
funny,-5.637851296924623e-17
gore and,-5.648693318649478e-17
moments it,-5.659535340374333e-17
its moments it,-5.659535340374333e-17
to one,-5.681219383824043e-17
through,-5.681219383824043e-17
energy,-5.724587470723463e-17
men,-5.724587470723463e-17
some reviewers note,-5.724587470723463e-17
could have,-5.724587470723463e-17
directorial,-5.724587470723463e-17
could,-5.724587470723463e-17
and it,-5.724587470723463e-17
more like an,-5.746271514173174e-17
novel resulting,-5.746271514173174e-17
william faulkner,-5.746271514173174e-17
william,-5.746271514173174e-17
novel resulting in,-5.746271514173174e-17
narrative style while,-5.746271514173174e-17
narrative style,-5.746271514173174e-17
such as cinematography,-5.746271514173174e-17
william faulkner novel,-5.746271514173174e-17
unique narrative,-5.746271514173174e-17
narrative strategy and,-5.746271514173174e-17
unique narrative style,-5.746271514173174e-17
narrative strategy,-5.746271514173174e-17
unique taking meditative,-5.746271514173174e-17
unique taking,-5.746271514173174e-17
not exceptional,-5.746271514173174e-17
not exceptional franco,-5.746271514173174e-17
strategy and emotional,-5.746271514173174e-17
meditative and,-5.746271514173174e-17
meditative and abstract,-5.746271514173174e-17
with william faulkner,-5.746271514173174e-17
the film technical,-5.746271514173174e-17
the novel resulting,-5.746271514173174e-17
not fully realized,-5.746271514173174e-17
strategy,-5.746271514173174e-17
movie is not,-5.746271514173174e-17
realized,-5.746271514173174e-17
with william,-5.746271514173174e-17
strategy and,-5.746271514173174e-17
novel attempting to,-5.746271514173174e-17
meditative,-5.746271514173174e-17
novel attempting,-5.746271514173174e-17
to classic,-5.767955557622884e-17
unsettling,-5.767955557622884e-17
directed by mickey,-5.767955557622884e-17
it is well,-5.767955557622884e-17
by mickey keating,-5.767955557622884e-17
keating,-5.767955557622884e-17
keating the,-5.767955557622884e-17
is well crafted,-5.767955557622884e-17
and unsettling,-5.767955557622884e-17
mickey,-5.767955557622884e-17
homage to classic,-5.767955557622884e-17
mickey keating,-5.767955557622884e-17
funny and,-5.767955557622884e-17
mickey keating the,-5.767955557622884e-17
redemption,-5.767955557622884e-17
by mickey,-5.767955557622884e-17
well crafted and,-5.767955557622884e-17
darling,-5.767955557622884e-17
crafted and,-5.767955557622884e-17
clever and,-5.789639601072594e-17
blend of,-5.811323644522304e-17
blend,-5.811323644522304e-17
take on,-5.811323644522304e-17
plot lack of,-5.822165666247159e-17
plot lack,-5.822165666247159e-17
the film themes,-5.833007687972014e-17
film themes,-5.833007687972014e-17
my,-5.843849709696869e-17
and john wayne,-5.854691731421724e-17
david,-5.854691731421724e-17
mysteries of death,-5.876375774871434e-17
mysteries,-5.876375774871434e-17
the mysteries,-5.876375774871434e-17
mysteries of,-5.876375774871434e-17
the mysteries of,-5.876375774871434e-17
unique and fascinating,-5.876375774871434e-17
inspired,-5.898059818321144e-17
for his,-5.898059818321144e-17
creates,-5.898059818321144e-17
twists,-5.898059818321144e-17
audacious,-5.941427905220564e-17
as they,-5.941427905220564e-17
also praised,-5.963111948670274e-17
impact of,-5.984795992119984e-17
described as charming,-5.984795992119984e-17
script that,-5.984795992119984e-17
acting,-5.984795992119984e-17
epic,-5.984795992119984e-17
uninspired,-5.984795992119984e-17
comedy of,-6.006480035569695e-17
takes,-6.028164079019405e-17
film is directed,-6.028164079019405e-17
and not,-6.028164079019405e-17
despite some criticisms,-6.049848122469115e-17
performance the film,-6.049848122469115e-17
overwhelmingly positive praising,-6.06069014419397e-17
are overwhelmingly positive,-6.06069014419397e-17
are overwhelmingly,-6.06069014419397e-17
reviews are overwhelmingly,-6.06069014419397e-17
adherence to the,-6.071532165918825e-17
and adherence to,-6.071532165918825e-17
conflicts,-6.071532165918825e-17
about the movie,-6.071532165918825e-17
viewer,-6.071532165918825e-17
seen as,-6.071532165918825e-17
called,-6.071532165918825e-17
halloween and,-6.071532165918825e-17
and adherence,-6.071532165918825e-17
the viewer,-6.071532165918825e-17
message against its,-6.114900252818245e-17
movie basmati blues,-6.114900252818245e-17
of originality makes,-6.114900252818245e-17
message against,-6.114900252818245e-17
melded with,-6.114900252818245e-17
melded,-6.114900252818245e-17
experience the movie,-6.114900252818245e-17
medium,-6.114900252818245e-17
movie basmati,-6.114900252818245e-17
melded with clunky,-6.114900252818245e-17
drew,-6.114900252818245e-17
lighthearted and humorous,-6.114900252818245e-17
of bollywood,-6.114900252818245e-17
nancy drew,-6.114900252818245e-17
and humorous,-6.114900252818245e-17
nancy,-6.114900252818245e-17
of bollywood rom,-6.114900252818245e-17
medium between cute,-6.114900252818245e-17
film with,-6.114900252818245e-17
westerns however its,-6.114900252818245e-17
westerns,-6.114900252818245e-17
originality makes,-6.114900252818245e-17
own self,-6.114900252818245e-17
of itself despite,-6.114900252818245e-17
own self consciousness,-6.114900252818245e-17
parody of itself,-6.114900252818245e-17
the movie attempt,-6.114900252818245e-17
movie attempt,-6.114900252818245e-17
originality makes it,-6.114900252818245e-17
the movie basmati,-6.114900252818245e-17
westerns however,-6.114900252818245e-17
movie attempt to,-6.114900252818245e-17
with clunky,-6.114900252818245e-17
with clunky humor,-6.114900252818245e-17
of itself,-6.114900252818245e-17
medium between,-6.114900252818245e-17
the film fails,-6.114900252818245e-17
plot the film,-6.158268339717665e-17
text discusses,-6.158268339717665e-17
the text discusses,-6.158268339717665e-17
homage to,-6.158268339717665e-17
criticized the film,-6.158268339717665e-17
refn,-6.158268339717665e-17
the text describes,-6.158268339717665e-17
text describes,-6.158268339717665e-17
describes,-6.158268339717665e-17
text discusses the,-6.158268339717665e-17
with unique,-6.158268339717665e-17
and comments about,-6.19079440489223e-17
reviews and comments,-6.19079440489223e-17
and comments,-6.19079440489223e-17
mohammad rasoulof,-6.201636426617085e-17
poetic and elemental,-6.201636426617085e-17
powerful social allegory,-6.201636426617085e-17
of dispossessed,-6.201636426617085e-17
powerful social,-6.201636426617085e-17
mohammad,-6.201636426617085e-17
oil tanker the,-6.201636426617085e-17
the director vision,-6.201636426617085e-17
of dispossessed individuals,-6.201636426617085e-17
the iranian film,-6.201636426617085e-17
nuanced capturing,-6.201636426617085e-17
mohammad rasoulof the,-6.201636426617085e-17
oil tanker,-6.201636426617085e-17
the iranian,-6.201636426617085e-17
nuanced capturing the,-6.201636426617085e-17
story deficiencies it,-6.201636426617085e-17
with magical,-6.201636426617085e-17
story deficiencies,-6.201636426617085e-17
with magical moments,-6.201636426617085e-17
the characters while,-6.201636426617085e-17
poignant and thought,-6.201636426617085e-17
oil,-6.201636426617085e-17
moments the film,-6.201636426617085e-17
struggles and,-6.201636426617085e-17
struggles and resilience,-6.201636426617085e-17
thought provoking portrayal,-6.201636426617085e-17
vision is described,-6.201636426617085e-17
of group,-6.201636426617085e-17
portrayal of group,-6.201636426617085e-17
vision is,-6.201636426617085e-17
of group of,-6.201636426617085e-17
walter,-6.204346932048299e-17
of the slasher,-6.207057437479513e-17
themes stylish direction,-6.207057437479513e-17
well and,-6.207057437479513e-17
themes stylish,-6.207057437479513e-17
timeless themes,-6.207057437479513e-17
few reviewers mention,-6.207057437479513e-17
the genre while,-6.207057437479513e-17
pioneering slasher,-6.207057437479513e-17
pioneering slasher film,-6.207057437479513e-17
pioneering,-6.207057437479513e-17
film black,-6.207057437479513e-17
well and that,-6.207057437479513e-17
of suspense some,-6.207057437479513e-17
timeless themes stylish,-6.207057437479513e-17
aged,-6.207057437479513e-17
stylish direction,-6.207057437479513e-17
to balance gore,-6.207057437479513e-17
timeless,-6.207057437479513e-17
stylish direction and,-6.207057437479513e-17
the film timeless,-6.207057437479513e-17
between the,-6.223320470066795e-17
dark humor,-6.245004513516506e-17
life,-6.245004513516506e-17
received mixed reviews,-6.245004513516506e-17
received mixed,-6.245004513516506e-17
the chemistry,-6.245004513516506e-17
and the film,-6.245004513516506e-17
against,-6.245004513516506e-17
first,-6.245004513516506e-17
combines,-6.245004513516506e-17
spirituality and,-6.250425524378933e-17
potentially uncomfortable,-6.250425524378933e-17
the film price,-6.250425524378933e-17
subtle approach while,-6.250425524378933e-17
spirituality,-6.250425524378933e-17
such as magic,-6.250425524378933e-17
spirituality and the,-6.250425524378933e-17
nuanced exploration of,-6.250425524378933e-17
manipulation some reviewers,-6.250425524378933e-17
manipulation,-6.250425524378933e-17
yakin the,-6.250425524378933e-17
nuanced exploration,-6.250425524378933e-17
yakin,-6.250425524378933e-17
yakin the reviews,-6.250425524378933e-17
and nuanced exploration,-6.250425524378933e-17
potentially uncomfortable work,-6.250425524378933e-17
the film subtle,-6.250425524378933e-17
manipulation some,-6.250425524378933e-17
subtle approach,-6.250425524378933e-17
potentially,-6.250425524378933e-17
the struggles,-6.272109567828643e-17
impact the movie,-6.288372600415926e-17
nicolas,-6.288372600415926e-17
by nicolas,-6.288372600415926e-17
performances are praised,-6.288372600415926e-17
techniques adds to,-6.288372600415926e-17
impact the,-6.288372600415926e-17
techniques adds,-6.288372600415926e-17
emotional impact the,-6.288372600415926e-17
techniques,-6.288372600415926e-17
are praised for,-6.288372600415926e-17
praised for their,-6.288372600415926e-17
adds to,-6.288372600415926e-17
it is compared,-6.288372600415926e-17
with cerebral palsy,-6.310056643865636e-17
palsy the film,-6.310056643865636e-17
of christy,-6.310056643865636e-17
palsy,-6.310056643865636e-17
physical abilities particularly,-6.310056643865636e-17
physical abilities,-6.310056643865636e-17
of christy brown,-6.310056643865636e-17
social,-6.310056643865636e-17
overcame her disability,-6.310056643865636e-17
palsy the,-6.310056643865636e-17
abilities,-6.310056643865636e-17
chemistry between the,-6.310056643865636e-17
particularly her ability,-6.310056643865636e-17
with cerebral,-6.310056643865636e-17
brown is,-6.310056643865636e-17
performance the acting,-6.310056643865636e-17
of brown life,-6.310056643865636e-17
on her struggle,-6.310056643865636e-17
on her,-6.310056643865636e-17
master physical,-6.310056643865636e-17
and her,-6.310056643865636e-17
inspiring,-6.310056643865636e-17
master physical aspects,-6.310056643865636e-17
of her role,-6.310056643865636e-17
struggle with,-6.310056643865636e-17
struggle with cerebral,-6.310056643865636e-17
overall considered boisterous,-6.310056643865636e-17
of brown physical,-6.310056643865636e-17
who overcame,-6.310056643865636e-17
overcame her,-6.310056643865636e-17
overcame,-6.310056643865636e-17
who overcame her,-6.310056643865636e-17
overall considered,-6.310056643865636e-17
physical aspects of,-6.310056643865636e-17
my left foot,-6.310056643865636e-17
role and,-6.310056643865636e-17
physical aspects,-6.310056643865636e-17
of her,-6.310056643865636e-17
stirring and,-6.310056643865636e-17
my left,-6.310056643865636e-17
stirring,-6.310056643865636e-17
stirring and triumphant,-6.310056643865636e-17
can,-6.331740687315346e-17
residents,-6.331740687315346e-17
some praise the,-6.331740687315346e-17
can be,-6.331740687315346e-17
movie is often,-6.331740687315346e-17
and the plot,-6.353424730765056e-17
and emotional depth,-6.375108774214766e-17
slasher film,-6.375108774214766e-17
black christmas,-6.375108774214766e-17
is also criticized,-6.396792817664476e-17
be seen in,-6.418476861114186e-17
one dimensional despite,-6.418476861114186e-17
watch the,-6.418476861114186e-17
playfulness the film,-6.418476861114186e-17
some evocative touches,-6.418476861114186e-17
plot twists and,-6.418476861114186e-17
plot twists,-6.418476861114186e-17
influence can be,-6.418476861114186e-17
highly praised,-6.418476861114186e-17
the overall,-6.418476861114186e-17
beauty,-6.418476861114186e-17
mollner in,-6.418476861114186e-17
tedious watch,-6.418476861114186e-17
performance from francesca,-6.418476861114186e-17
can be seen,-6.418476861114186e-17
nasty and dark,-6.418476861114186e-17
influence can,-6.418476861114186e-17
themes and message,-6.418476861114186e-17
often one dimensional,-6.418476861114186e-17
be seen,-6.418476861114186e-17
message are also,-6.418476861114186e-17
message are,-6.418476861114186e-17
outlaws and angels,-6.418476861114186e-17
some evocative,-6.418476861114186e-17
the plot twists,-6.418476861114186e-17
exploration,-6.418476861114186e-17
often one,-6.418476861114186e-17
make it tedious,-6.418476861114186e-17
western morality tale,-6.418476861114186e-17
western morality,-6.418476861114186e-17
on violence,-6.418476861114186e-17
on violence and,-6.418476861114186e-17
are often,-6.418476861114186e-17
morality tale,-6.418476861114186e-17
mollner in an,-6.418476861114186e-17
the film outlaws,-6.418476861114186e-17
outlaws and,-6.418476861114186e-17
nasty and,-6.418476861114186e-17
seen in,-6.418476861114186e-17
ensemble cast,-6.418476861114186e-17
the cast including,-6.418476861114186e-17
mollner,-6.418476861114186e-17
outlaws,-6.418476861114186e-17
playfulness,-6.418476861114186e-17
unique blend,-6.418476861114186e-17
movie is grindhouse,-6.418476861114186e-17
unique blend of,-6.418476861114186e-17
morality tale directed,-6.418476861114186e-17
ensemble,-6.418476861114186e-17
watch the movie,-6.418476861114186e-17
playfulness the,-6.418476861114186e-17
is overwhelmingly,-6.440160904563896e-17
is overwhelmingly positive,-6.440160904563896e-17
overwhelmingly positive with,-6.440160904563896e-17
working class,-6.461844948013606e-17
it classic,-6.461844948013606e-17
working,-6.461844948013606e-17
consider it classic,-6.461844948013606e-17
offers an,-6.461844948013606e-17
of love,-6.483528991463317e-17
relying on,-6.483528991463317e-17
relying,-6.483528991463317e-17
that attempts,-6.494371013188172e-17
that attempts to,-6.494371013188172e-17
action and,-6.505213034913027e-17
and dialogue have,-6.505213034913027e-17
and dialogue,-6.505213034913027e-17
day,-6.505213034913027e-17
dialogue have,-6.505213034913027e-17
louis,-6.526897078362737e-17
starring jack,-6.526897078362737e-17
effective,-6.537739100087592e-17
gritty and realistic,-6.548581121812447e-17
is overly,-6.548581121812447e-17
tone the film,-6.548581121812447e-17
few reviewers,-6.559423143537302e-17
thomas jane and,-6.570265165262157e-17
unimpressive,-6.570265165262157e-17
on over the,-6.570265165262157e-17
unimpressive while,-6.570265165262157e-17
performances but,-6.570265165262157e-17
some enjoyable,-6.570265165262157e-17
movie complex,-6.570265165262157e-17
unimpressive while it,-6.570265165262157e-17
movie standoff,-6.570265165262157e-17
action sequences and,-6.570265165262157e-17
story relying on,-6.570265165262157e-17
movie standoff is,-6.570265165262157e-17
some enjoyable energy,-6.570265165262157e-17
potential the film,-6.570265165262157e-17
themes and themes,-6.570265165262157e-17
themes are,-6.570265165262157e-17
themes are not,-6.570265165262157e-17
the movie standoff,-6.570265165262157e-17
potential the,-6.570265165262157e-17
standoff,-6.570265165262157e-17
story relying,-6.570265165262157e-17
performances but the,-6.570265165262157e-17
the movie complex,-6.570265165262157e-17
plot the cast,-6.570265165262157e-17
on over,-6.570265165262157e-17
standoff is thriller,-6.570265165262157e-17
its potential the,-6.570265165262157e-17
standoff is,-6.570265165262157e-17
with brisk,-6.570265165262157e-17
with brisk and,-6.570265165262157e-17
thriller with brisk,-6.570265165262157e-17
movie complex themes,-6.570265165262157e-17
horror films,-6.591949208711867e-17
vibe,-6.591949208711867e-17
society and,-6.591949208711867e-17
offers,-6.591949208711867e-17
nicholson the,-6.591949208711867e-17
lacking in,-6.591949208711867e-17
characters and,-6.591949208711867e-17
by michael,-6.591949208711867e-17
as its,-6.591949208711867e-17
others find the,-6.591949208711867e-17
critics find,-6.591949208711867e-17
directed by michael,-6.591949208711867e-17
and character,-6.591949208711867e-17
sentiment is overwhelmingly,-6.613633252161577e-17
while some,-6.635317295611287e-17
criticized for,-6.635317295611287e-17
bad,-6.635317295611287e-17
insightful look,-6.657001339060997e-17
are highly,-6.657001339060997e-17
the production,-6.657001339060997e-17
collection of quotes,-6.678685382510707e-17
of originality,-6.678685382510707e-17
lacks coherent,-6.678685382510707e-17
lack of originality,-6.678685382510707e-17
coherent,-6.678685382510707e-17
faith,-6.678685382510707e-17
movie the,-6.678685382510707e-17
of quotes,-6.678685382510707e-17
and lacks,-6.722053469410127e-17
viewers,-6.722053469410127e-17
simplistic or,-6.722053469410127e-17
worth,-6.722053469410127e-17
death,-6.722053469410127e-17
and love,-6.722053469410127e-17
been,-6.765421556309548e-17
mixed reviews some,-6.765421556309548e-17
cheap,-6.765421556309548e-17
reviews some,-6.765421556309548e-17
are praised but,-6.765421556309548e-17
is horror,-6.765421556309548e-17
aging,-6.765421556309548e-17
reviews some critics,-6.765421556309548e-17
broad,-6.765421556309548e-17
decadence,-6.808789643208968e-17
to balance action,-6.852157730108388e-17
naturalistic,-6.852157730108388e-17
balance action,-6.852157730108388e-17
balance action and,-6.852157730108388e-17
direction and,-6.852157730108388e-17
go,-6.873841773558098e-17
themes such,-6.895525817007808e-17
themes such as,-6.895525817007808e-17
holdup sequence,-6.917209860457518e-17
film rio lobo,-6.917209860457518e-17
film rio,-6.917209860457518e-17
train holdup sequence,-6.917209860457518e-17
holdup,-6.917209860457518e-17
rio lobo,-6.917209860457518e-17
wayne performance is,-6.917209860457518e-17
wayne performance,-6.917209860457518e-17
train holdup,-6.917209860457518e-17
rio,-6.917209860457518e-17
lobo,-6.917209860457518e-17
authenticity and,-6.938893903907228e-17
the dialogue,-6.938893903907228e-17
that explores,-6.938893903907228e-17
sometimes,-6.938893903907228e-17
katie,-6.949735925632083e-17
exploration of,-6.982261990806649e-17
raw,-6.982261990806649e-17
playground,-7.025630077706069e-17
mixed with some,-7.025630077706069e-17
mixed with,-7.025630077706069e-17
tv,-7.025630077706069e-17
pacino,-7.025630077706069e-17
are mixed with,-7.025630077706069e-17
poignant and,-7.025630077706069e-17
wrong,-7.025630077706069e-17
movie reviews for,-7.047314121155779e-17
of movie,-7.047314121155779e-17
movie reviews,-7.047314121155779e-17
sincerity,-7.047314121155779e-17
collection of movie,-7.047314121155779e-17
of movie reviews,-7.047314121155779e-17
mention that,-7.068998164605489e-17
mention that the,-7.068998164605489e-17
the plot,-7.068998164605489e-17
thin,-7.068998164605489e-17
of the characters,-7.112366251504909e-17
fails to,-7.112366251504909e-17
simplistic,-7.112366251504909e-17
novel,-7.112366251504909e-17
that explores the,-7.112366251504909e-17
overall the film,-7.112366251504909e-17
family,-7.112366251504909e-17
america,-7.155734338404329e-17
train,-7.155734338404329e-17
society,-7.19910242530375e-17
engaging and,-7.19910242530375e-17
formulaic plot,-7.209944447028604e-17
parody of,-7.22078646875346e-17
parody,-7.22078646875346e-17
romantic comedy film,-7.22078646875346e-17
fails to deliver,-7.24247051220317e-17
some reviewers also,-7.28583859910259e-17
it has its,-7.28583859910259e-17
however the,-7.28583859910259e-17
struggle,-7.28583859910259e-17
as powerful,-7.32920668600201e-17
gritty and,-7.37257477290143e-17
is considered one,-7.39425881635114e-17
considered one,-7.39425881635114e-17
considered one of,-7.39425881635114e-17
authentic,-7.41594285980085e-17
young woman,-7.41594285980085e-17
comic,-7.41594285980085e-17
is directed by,-7.432205892388133e-17
cold,-7.448468924975415e-17
cold and,-7.448468924975415e-17
highlighted,-7.45931094670027e-17
that it is,-7.48099499014998e-17
portrayal of the,-7.48099499014998e-17
and authentic,-7.502679033599691e-17
it is noted,-7.502679033599691e-17
its flaws the,-7.502679033599691e-17
film thoughtful and,-7.524363077049401e-17
the film thoughtful,-7.524363077049401e-17
film thoughtful,-7.524363077049401e-17
thoughtful and nuanced,-7.524363077049401e-17
slow,-7.546047120499111e-17
film that is,-7.546047120499111e-17
later,-7.589415207398531e-17
positive praising,-7.589415207398531e-17
positive praising the,-7.589415207398531e-17
the text contains,-7.632783294297951e-17
text contains,-7.632783294297951e-17
likely,-7.632783294297951e-17
contains,-7.632783294297951e-17
technical,-7.632783294297951e-17
to watch,-7.654467337747661e-17
script is criticized,-7.719519468096792e-17
and awkward,-7.762887554996212e-17
peter,-7.762887554996212e-17
to the film,-7.784571598445922e-17
is well,-7.806255641895632e-17
reviewers note that,-7.806255641895632e-17
reviewers note,-7.806255641895632e-17
received,-7.806255641895632e-17
aselton,-7.806255641895632e-17
uncomfortable,-7.827939685345342e-17
comments about,-7.838781707070197e-17
drama film,-7.838781707070197e-17
comments about the,-7.838781707070197e-17
comments,-7.838781707070197e-17
highly commended,-7.871307772244762e-17
left,-7.871307772244762e-17
film that explores,-7.892991815694472e-17
commended for,-7.892991815694472e-17
fully,-7.892991815694472e-17
their,-7.892991815694472e-17
not fully,-7.892991815694472e-17
lack of coherence,-7.914675859144182e-17
of coherence,-7.914675859144182e-17
thomas,-7.914675859144182e-17
coherence,-7.914675859144182e-17
jack nicholson,-7.914675859144182e-17
film with some,-7.936359902593892e-17
performance is,-7.958043946043603e-17
of reviews,-7.979727989493313e-17
suggest,-7.979727989493313e-17
collection of reviews,-7.979727989493313e-17
depth,-7.979727989493313e-17
strong,-7.979727989493313e-17
critics have,-7.979727989493313e-17
and music,-7.979727989493313e-17
and performances,-7.979727989493313e-17
balances,-8.023096076392733e-17
balances humor,-8.023096076392733e-17
that balances,-8.023096076392733e-17
that balances humor,-8.023096076392733e-17
humor and pathos,-8.023096076392733e-17
balances humor and,-8.023096076392733e-17
manners,-8.066464163292153e-17
nasty,-8.066464163292153e-17
old,-8.066464163292153e-17
grindhouse,-8.066464163292153e-17
tedious,-8.066464163292153e-17
and moving,-8.066464163292153e-17
film excessive,-8.109832250191573e-17
often compared,-8.109832250191573e-17
often compared to,-8.109832250191573e-17
the film excessive,-8.109832250191573e-17
is often compared,-8.109832250191573e-17
is thriller with,-8.153200337090993e-17
thriller with,-8.153200337090993e-17
critics praise the,-8.153200337090993e-17
is thriller,-8.153200337090993e-17
films,-8.153200337090993e-17
community,-8.174884380540703e-17
writing,-8.185726402265558e-17
well as its,-8.196568423990414e-17
lives,-8.239936510889834e-17
the film tone,-8.239936510889834e-17
and acting,-8.239936510889834e-17
film tone,-8.239936510889834e-17
overall the,-8.239936510889834e-17
criticize,-8.326672684688674e-17
stylish,-8.326672684688674e-17
noted for,-8.326672684688674e-17
clunky,-8.326672684688674e-17
meandering,-8.326672684688674e-17
find it to,-8.348356728138384e-17
into,-8.413408858487514e-17
is not,-8.413408858487514e-17
attempts,-8.413408858487514e-17
chemistry between,-8.413408858487514e-17
film style,-8.456776945386935e-17
the film style,-8.456776945386935e-17
starring steve,-8.456776945386935e-17
lighthearted,-8.500145032286355e-17
man,-8.500145032286355e-17
lighthearted and,-8.500145032286355e-17
mental,-8.500145032286355e-17
for the film,-8.51098705401121e-17
wit,-8.53267109746092e-17
due,-8.543513119185775e-17
moments the movie,-8.543513119185775e-17
due to,-8.543513119185775e-17
its moments the,-8.543513119185775e-17
falls short in,-8.565197162635485e-17
short in,-8.565197162635485e-17
short in its,-8.565197162635485e-17
it falls short,-8.565197162635485e-17
it falls,-8.565197162635485e-17
it to be,-8.586881206085195e-17
attempt to,-8.586881206085195e-17
attempt to balance,-8.586881206085195e-17
harlem nights,-8.586881206085195e-17
harlem,-8.586881206085195e-17
wit and,-8.586881206085195e-17
often criticized for,-8.630249292984615e-17
often criticized,-8.630249292984615e-17
is often criticized,-8.630249292984615e-17
is unique and,-8.673617379884035e-17
is seen,-8.673617379884035e-17
clear,-8.673617379884035e-17
focus,-8.673617379884035e-17
intentioned,-8.738669510233166e-17
pathos,-8.760353553682876e-17
and pathos,-8.760353553682876e-17
director,-8.782037597132586e-17
documentary,-8.847089727481716e-17
is romantic,-8.847089727481716e-17
is romantic comedy,-8.847089727481716e-17
the text primarily,-8.847089727481716e-17
text primarily,-8.847089727481716e-17
focus on,-8.847089727481716e-17
primarily,-8.847089727481716e-17
while others appreciate,-8.857931749206571e-17
others appreciate its,-8.857931749206571e-17
others appreciate,-8.857931749206571e-17
the script,-8.933825901280557e-17
the human condition,-8.933825901280557e-17
but the script,-8.933825901280557e-17
human condition,-8.933825901280557e-17
find it too,-8.933825901280557e-17
condition,-8.933825901280557e-17
gritty,-8.933825901280557e-17
its own,-8.933825901280557e-17
reviewers mention that,-8.955509944730267e-17
1974,-8.977193988179977e-17
make it,-8.998878031629687e-17
make,-8.998878031629687e-17
others find it,-9.004299042492114e-17
the text is,-9.020562075079397e-17
cinematography,-9.020562075079397e-17
more,-9.020562075079397e-17
text is,-9.020562075079397e-17
the action,-9.042246118529107e-17
genre the,-9.042246118529107e-17
older,-9.053088140253962e-17
jude,-9.063930161978817e-17
praise the,-9.063930161978817e-17
however others find,-9.107298248878237e-17
highlighted as,-9.107298248878237e-17
slow and,-9.107298248878237e-17
yet,-9.107298248878237e-17
film is praised,-9.107298248878237e-17
steve,-9.107298248878237e-17
the cast,-9.107298248878237e-17
are mixed,-9.194034422677078e-17
the top,-9.194034422677078e-17
and starring,-9.194034422677078e-17
moving,-9.194034422677078e-17
top,-9.194034422677078e-17
and romantic,-9.215718466126788e-17
remains,-9.237402509576498e-17
it remains,-9.237402509576498e-17
some praise,-9.237402509576498e-17
sequences,-9.280770596475918e-17
some praising the,-9.280770596475918e-17
flaws the,-9.280770596475918e-17
over the top,-9.324138683375338e-17
are criticized,-9.324138683375338e-17
and performances while,-9.367506770274758e-17
morality,-9.367506770274758e-17
performances while others,-9.367506770274758e-17
performances while,-9.367506770274758e-17
emotional depth the,-9.367506770274758e-17
its flaws,-9.367506770274758e-17
woman,-9.410874857174178e-17
the acting,-9.410874857174178e-17
nights,-9.428493142477068e-17
film titled the,-9.454242944073599e-17
titled the,-9.454242944073599e-17
reviewers praising the,-9.497611030973019e-17
condition while,-9.497611030973019e-17
many reviewers praising,-9.497611030973019e-17
human condition while,-9.497611030973019e-17
have mixed,-9.513874063560301e-17
and suspense,-9.540979117872439e-17
slow and the,-9.540979117872439e-17
style while it,-9.540979117872439e-17
predictable plot,-9.540979117872439e-17
style while,-9.540979117872439e-17
reviews for,-9.540979117872439e-17
mention the,-9.540979117872439e-17
is slow and,-9.540979117872439e-17
also criticized for,-9.551821139597294e-17
film themes of,-9.562663161322149e-17
about the 1974,-9.573505183047004e-17
the 1974,-9.573505183047004e-17
for its poetic,-9.584347204771859e-17
its poetic and,-9.584347204771859e-17
its poetic,-9.584347204771859e-17
poetic and,-9.584347204771859e-17
adherence to,-9.584347204771859e-17
adherence,-9.584347204771859e-17
realism,-9.595189226496714e-17
performances of the,-9.606031248221569e-17
take,-9.627715291671279e-17
comedy drama that,-9.627715291671279e-17
poetic,-9.627715291671279e-17
happy,-9.638557313396134e-17
turner,-9.64939933512099e-17
own,-9.6710833785707e-17
in the,-9.71445146547012e-17
flaws the movie,-9.71445146547012e-17
the film for,-9.71445146547012e-17
lacking in depth,-9.71445146547012e-17
film for,-9.71445146547012e-17
pacing is slow,-9.80118763926896e-17
jack,-9.82287168271867e-17
is praised,-9.84455572616838e-17
with many reviewers,-9.84455572616838e-17
find it,-9.86623976961809e-17
john wayne western,-9.882502802205373e-17
wayne western,-9.882502802205373e-17
including,-9.8879238130678e-17
text primarily reviews,-9.8879238130678e-17
stallone,-9.8879238130678e-17
primarily reviews,-9.8879238130678e-17
evocative,-9.8879238130678e-17
emotional impact,-9.974659986866641e-17
authenticity,-9.974659986866641e-17
commentary,-1.0018028073766061e-16
strong performance from,-1.0018028073766061e-16
strong performance,-1.0018028073766061e-16
the characters,-1.0061396160665481e-16
the reviews are,-1.0061396160665481e-16
reviews are,-1.0061396160665481e-16
drama,-1.0061396160665481e-16
about the film,-1.0083080204115191e-16
to deliver,-1.0148132334464322e-16
few,-1.0148132334464322e-16
garbo,-1.0148132334464322e-16
moore,-1.0148132334464322e-16
its forced,-1.0169816377914032e-16
values,-1.0191500421363742e-16
adaptation of,-1.0234868508263162e-16
ambitious,-1.0234868508263162e-16
than,-1.0234868508263162e-16
and the human,-1.0234868508263162e-16
clever,-1.0238256640052179e-16
for its portrayal,-1.0256552551712872e-16
reviewers mention,-1.0278236595162582e-16
comedy that,-1.0278236595162582e-16
and engaging,-1.0321604682062002e-16
chemistry,-1.0321604682062002e-16
powerful,-1.0321604682062002e-16
opinions,-1.0408340855860843e-16
about the,-1.0408340855860843e-16
its potential,-1.0451708942760263e-16
gospel,-1.0451708942760263e-16
appreciate its,-1.0451708942760263e-16
the gospel,-1.0451708942760263e-16
film adaptation,-1.0473392986209973e-16
and affecting,-1.0473392986209973e-16
film adaptation of,-1.0473392986209973e-16
braun,-1.0516761073109393e-16
braun and,-1.0516761073109393e-16
sullivan,-1.0516761073109393e-16
dialogue is,-1.0581813203458523e-16
the dialogue is,-1.0581813203458523e-16
critics praise,-1.0581813203458523e-16
that feels,-1.0603497246908233e-16
emotional depth,-1.0603497246908233e-16
heart,-1.0625181290357943e-16
potential,-1.0668549377257364e-16
performance from,-1.0668549377257364e-16
noted,-1.0755285551056204e-16
film pacing is,-1.0755285551056204e-16
and strong,-1.0755285551056204e-16
themes and,-1.0798653637955624e-16
is directed,-1.0798653637955624e-16
nicholson,-1.0820337681405334e-16
with focus on,-1.0928757898653885e-16
experience,-1.0928757898653885e-16
with focus,-1.0928757898653885e-16
thoughtful and,-1.0928757898653885e-16
sequence,-1.098296800727816e-16
reviews suggest,-1.1015494072452725e-16
suggest that,-1.1015494072452725e-16
the reviews suggest,-1.1015494072452725e-16
romance,-1.1015494072452725e-16
reviews suggest that,-1.1015494072452725e-16
the film to,-1.1102230246251565e-16
mediocre,-1.1102230246251565e-16
film to,-1.1102230246251565e-16
film to be,-1.1102230246251565e-16
gay,-1.1102230246251565e-16
the genre,-1.1167282376600696e-16
and nuanced,-1.1188966420050406e-16
for their,-1.1210650463500116e-16
thoughtful,-1.1275702593849246e-16
suspense,-1.1275702593849246e-16
film for its,-1.1275702593849246e-16
explores,-1.1275702593849246e-16
critics note that,-1.1319070680748666e-16
critics note,-1.1319070680748666e-16
some critics note,-1.1319070680748666e-16
mixed reviews,-1.1449174941446927e-16
excessive,-1.1449174941446927e-16
its execution,-1.1449174941446927e-16
is highly,-1.1449174941446927e-16
of reviews for,-1.1449174941446927e-16
flaws,-1.1449174941446927e-16
franco,-1.1492543028346347e-16
cinematography and,-1.1514227071796057e-16
forced humor,-1.1535911115245767e-16
forced humor and,-1.1535911115245767e-16
physical,-1.1557595158695477e-16
film features,-1.1622647289044608e-16
clear narrative,-1.1622647289044608e-16
the film features,-1.1622647289044608e-16
touches,-1.1622647289044608e-16
features,-1.1622647289044608e-16
over,-1.1622647289044608e-16
and emotional,-1.1666015375944028e-16
and editing,-1.1731067506293158e-16
relationship,-1.1796119636642288e-16
musical,-1.1796119636642288e-16
too,-1.1796119636642288e-16
are praised,-1.1817803680091998e-16
positive with,-1.1882855810441129e-16
positive with many,-1.1882855810441129e-16
despite its flaws,-1.1882855810441129e-16
has its,-1.196959198423997e-16
aspects,-1.201296007113939e-16
is slow,-1.205632815803881e-16
slasher,-1.206445967433245e-16
however others,-1.206445967433245e-16
in film that,-1.207801220148852e-16
elements of,-1.207801220148852e-16
resulting in film,-1.207801220148852e-16
in film,-1.207801220148852e-16
halloween,-1.214306433183765e-16
overwhelmingly,-1.214306433183765e-16
it lacks,-1.214306433183765e-16
overwhelmingly positive,-1.214306433183765e-16
feels,-1.214306433183765e-16
classic of the,-1.229485263598562e-16
nuanced,-1.231653667943533e-16
dark,-1.231653667943533e-16
commended,-1.249000902703301e-16
attempts to,-1.249000902703301e-16
reviews for the,-1.249000902703301e-16
the performances of,-1.260385025514399e-16
brown life,-1.2620113287731272e-16
portrayal of brown,-1.2620113287731272e-16
of brown,-1.2620113287731272e-16
approach to,-1.2652639352905837e-16
love,-1.2663481374630692e-16
plot the,-1.2750217548429532e-16
subtle,-1.2750217548429532e-16
use of,-1.2836953722228372e-16
use,-1.2836953722228372e-16
criticized,-1.2836953722228372e-16
political,-1.2902005852577503e-16
is noted,-1.2923689896027213e-16
overall sentiment,-1.2945373939476923e-16
overall sentiment is,-1.2945373939476923e-16
sentiment is,-1.2945373939476923e-16
the overall sentiment,-1.2945373939476923e-16
explores the,-1.3010426069826053e-16
commentary on,-1.3010426069826053e-16
violence and,-1.3010426069826053e-16
action sequences,-1.3032110113275763e-16
film pacing,-1.3097162243624894e-16
the film pacing,-1.3097162243624894e-16
horror movie,-1.3183898417423734e-16
reviews about the,-1.3183898417423734e-16
sex,-1.3183898417423734e-16
film is also,-1.3183898417423734e-16
movie that,-1.3183898417423734e-16
over the,-1.319474043914859e-16
is praised for,-1.3270634591222574e-16
predictable,-1.3270634591222574e-16
who,-1.3314002678121994e-16
impact,-1.3357370765021415e-16
film is considered,-1.3444106938820255e-16
appears to,-1.3530843112619095e-16
be collection,-1.3530843112619095e-16
appears to be,-1.3530843112619095e-16
adaptation,-1.3530843112619095e-16
story,-1.3530843112619095e-16
text appears to,-1.3530843112619095e-16
be collection of,-1.3530843112619095e-16
appears,-1.3530843112619095e-16
the text appears,-1.3530843112619095e-16
and is,-1.3530843112619095e-16
to be collection,-1.3530843112619095e-16
text appears,-1.3530843112619095e-16
comedy drama,-1.356336917779366e-16
well as,-1.3704315460216776e-16
as well as,-1.3704315460216776e-16
as well,-1.3704315460216776e-16
praised for its,-1.3704315460216776e-16
the movie has,-1.3704315460216776e-16
movie has,-1.3704315460216776e-16
while it,-1.3704315460216776e-16
pacing is,-1.3704315460216776e-16
has its moments,-1.3791051634015616e-16
its moments,-1.3791051634015616e-16
film the,-1.3791051634015616e-16
sentiment,-1.3791051634015616e-16
eastwood,-1.3834419720915037e-16
others find,-1.3877787807814457e-16
tone the,-1.3964523981613297e-16
focusing,-1.4094628242311558e-16
focusing on,-1.4094628242311558e-16
human,-1.4137996329210978e-16
that it,-1.4137996329210978e-16
is often,-1.4224732503009818e-16
with many,-1.4224732503009818e-16
the human,-1.4311468676808659e-16
violence and gore,-1.4311468676808659e-16
appeal,-1.4311468676808659e-16
it too,-1.4311468676808659e-16
while it has,-1.4354836763708079e-16
affecting,-1.4354836763708079e-16
are also,-1.43982048506075e-16
its ability,-1.448494102440634e-16
its ability to,-1.448494102440634e-16
and gore,-1.457167719820518e-16
in depth,-1.465841337200402e-16
message,-1.474514954580286e-16
highly,-1.481020167615199e-16
praise,-1.491862189340054e-16
seen,-1.5092094240998222e-16
starring,-1.5178830414797062e-16
performance the,-1.5222198501696482e-16
horror,-1.5265566588595902e-16
is unique,-1.5352302762394743e-16
falls short,-1.5439038936193583e-16
genre,-1.5612511283791264e-16
classic of,-1.5872719805187785e-16
gore,-1.5959455978986625e-16
others criticize its,-1.5959455978986625e-16
find the film,-1.5959455978986625e-16
particularly,-1.5959455978986625e-16
have,-1.5959455978986625e-16
some praising,-1.6046192152785466e-16
with some praising,-1.6046192152785466e-16
and thought,-1.6132928326584306e-16
complex,-1.6132928326584306e-16
and thought provoking,-1.6132928326584306e-16
themes of,-1.6219664500383146e-16
moments the,-1.6393136847980827e-16
thought,-1.6393136847980827e-16
performance,-1.6479873021779667e-16
and reviews,-1.6653345369377348e-16
reviews about,-1.6653345369377348e-16
opinions and,-1.6653345369377348e-16
mention,-1.6653345369377348e-16
opinions and reviews,-1.6653345369377348e-16
film that,-1.6653345369377348e-16
and reviews about,-1.6653345369377348e-16
tale,-1.6653345369377348e-16
contains various opinions,-1.6653345369377348e-16
various opinions and,-1.6653345369377348e-16
thriller,-1.6696713456276768e-16
its portrayal of,-1.691355389077387e-16
its portrayal,-1.691355389077387e-16
american,-1.695692197767329e-16
performances of,-1.700029006457271e-16
various opinions,-1.700029006457271e-16
character,-1.700029006457271e-16
suggest that the,-1.708702623837155e-16
while others criticize,-1.728218262941894e-16
lacking,-1.734723475976807e-16
criticize its,-1.7694179454963432e-16
may,-1.7694179454963432e-16
falls,-1.7694179454963432e-16
short,-1.7867651802561113e-16
forced,-1.7889335846010823e-16
compared to,-1.8041124150158794e-16
unique and,-1.8041124150158794e-16
resulting,-1.8062808193608504e-16
resulting in,-1.8062808193608504e-16
on the,-1.8214596497756474e-16
struggles,-1.8301332671555315e-16
one,-1.8323016715005025e-16
film titled,-1.8388068845354155e-16
pacing,-1.8388068845354155e-16
thought provoking,-1.8474805019152996e-16
provoking,-1.8474805019152996e-16
in its,-1.8474805019152996e-16
find the,-1.8561541192951836e-16
many,-1.8561541192951836e-16
deliver,-1.8735013540549517e-16
however,-1.8735013540549517e-16
some reviewers appreciate,-1.8778381627448937e-16
dialogue,-1.8908485888147197e-16
from,-1.9081958235744878e-16
some critics,-1.942890293094024e-16
cast,-1.947227101783966e-16
approach,-1.958069123508821e-16
note that the,-1.960237527853792e-16
characters,-1.973247953923618e-16
editing,-1.9949319973733282e-16
the performances,-2.0057740190981832e-16
compared,-2.0122792321330962e-16
well,-2.0469737016526324e-16
is also,-2.082752373344654e-16
despite its,-2.0990154059319366e-16
but the,-2.1315414711065017e-16
titled,-2.1337098754514727e-16
moments,-2.1445518971763278e-16
reviewers,-2.1510571102112408e-16
others criticize,-2.1559360199874256e-16
romantic comedy,-2.185751579730777e-16
also,-2.185751579730777e-16
of the,-2.220446049250313e-16
for the,-2.220446049250313e-16
overall,-2.220446049250313e-16
reviewers appreciate,-2.220446049250313e-16
between,-2.220446049250313e-16
reviewers appreciate the,-2.220446049250313e-16
overly,-2.237793284010081e-16
note that,-2.237793284010081e-16
lacks,-2.237793284010081e-16
but it,-2.255140518769849e-16
has,-2.2811613709095013e-16
his,-2.2898349882893854e-16
collection,-2.2898349882893854e-16
collection of,-2.2898349882893854e-16
while others,-2.3071822230491534e-16
western,-2.3548871186385156e-16
praised for,-2.411265631607762e-16
often,-2.424276057677588e-16
ability to balance,-2.42861286636753e-16
execution,-2.437286483747414e-16
the reviews,-2.445960101127298e-16
note,-2.463307335887066e-16
movie is,-2.47198095326695e-16
action,-2.47198095326695e-16
the movie is,-2.47198095326695e-16
engaging,-2.480654570646834e-16
about,-2.498001805406602e-16
john wayne,-2.5370330836160804e-16
and its,-2.5500435096859064e-16
to be,-2.5847379792054426e-16
humor and,-2.5934115965853266e-16
is considered,-2.6194324487249787e-16
positive,-2.6237692574149207e-16
for its,-2.636779683484747e-16
elements,-2.639219138372839e-16
tone,-2.645453300864631e-16
emotional,-2.662800535624399e-16
ability,-2.693158196453993e-16
ability to,-2.693158196453993e-16
script,-2.8015784137025435e-16
her,-2.8189256484623115e-16
praising the film,-2.949029909160572e-16
wayne,-3.0140820395097023e-16
despite,-3.0878077872387166e-16
critics,-3.122502256758253e-16
john,-3.135512682828079e-16
appreciate the film,-3.157196726277789e-16
romantic,-3.1712913545201005e-16
like,-3.217912047936977e-16
unique,-3.2612801348363973e-16
plot,-3.2612801348363973e-16
brown,-3.2786273695961654e-16
praising,-3.2873009869760494e-16
an,-3.2959746043559335e-16
praising the,-3.2959746043559335e-16
not,-3.3480163086352377e-16
appreciate the,-3.3566899260151217e-16
film is described,-3.434752482434078e-16
comedy,-3.434752482434078e-16
find,-3.4867941867133823e-16
mixed,-3.5388358909926865e-16
be,-3.5735303605122226e-16
to balance,-3.8163916471489756e-16
balance,-3.8163916471489756e-16
considered,-3.8510861166685117e-16
performances,-3.972516759986888e-16
themes,-3.9898639947466563e-16
it is,-4.0722633598555547e-16
praised,-4.163336342344337e-16
others,-4.3021142204224816e-16
appreciate,-4.475586568020162e-16
that the film,-4.49293380277993e-16
humor,-4.744468706796567e-16
that the,-4.796510411075872e-16
text,-4.887583393564654e-16
is described as,-4.891920202254596e-16
is described,-4.891920202254596e-16
in,-5.212844045310305e-16
but,-5.238864897449957e-16
while,-5.280064580004407e-16
described as,-5.342948306008566e-16
described,-5.342948306008566e-16
the text,-5.392821605942899e-16
reviews,-5.412337245047638e-16
and the,-5.43835809718729e-16
on,-5.577135975265435e-16
portrayal of,-5.585809592645319e-16
portrayal,-5.585809592645319e-16
some,-5.967448757360216e-16
directed by,-6.158268339717665e-16
directed,-6.496539417533143e-16
it,-7.042977312465837e-16
for,-7.164407955784213e-16
by,-7.355227538141662e-16
are,-7.632783294297951e-16
the movie,-8.328841089033645e-16
as,-8.81239525796218e-16
with,-9.575673587391975e-16
film is,-1.014379552577438e-15
that,-1.096345236817342e-15
movie,-1.1248597539537109e-15
the film is,-1.1596626436904955e-15
its,-1.6965595595053173e-15
to,-1.717376241217039e-15
of,-1.949829186997931e-15
the film,-2.7478019859472624e-15
is,-2.8831104170734534e-15
film,-3.2591117304914263e-15
and,-5.381979584218044e-15
the,-7.0013439490423934e-15
