feature,importance
not,4.996003610813204e-16
the question,3.642919299551295e-16
question,3.5388358909926865e-16
context,3.3306690738754696e-16
do,3.3046482217358175e-16
the,3.2612801348363973e-16
of the,2.740863092043355e-16
an,2.5326962749261384e-16
may,2.3592239273284576e-16
the context,2.255140518769849e-16
of the question,2.203098814490545e-16
related,2.1510571102112408e-16
the context of,2.0643209364124004e-16
context of,2.0643209364124004e-16
context of the,2.0643209364124004e-16
when,1.8561541192951836e-16
reproduction,1.8474805019152996e-16
do not,1.8041124150158794e-16
options,1.7694179454963432e-16
other options,1.6306400674181987e-16
action,1.5612511283791264e-16
the other,1.5525775109992423e-16
acting,1.5525775109992423e-16
so,1.5525775109992423e-16
therefore,1.5265566588595902e-16
to the,1.491862189340054e-16
understanding and,1.474514954580286e-16
could,1.4051260155412137e-16
is important,1.3964523981613297e-16
example,1.3877787807814457e-16
therefore the,1.3747683547116196e-16
do not fit,1.3704315460216776e-16
not fit,1.3704315460216776e-16
fit,1.3704315460216776e-16
important,1.3660947373317356e-16
for example,1.3357370765021415e-16
if,1.3183898417423734e-16
baseball,1.2923689896027213e-16
acting as silly,1.2793585635328952e-16
the other options,1.2663481374630692e-16
however it,1.249000902703301e-16
the correct,1.249000902703301e-16
the question for,1.244664094013359e-16
question for example,1.244664094013359e-16
question for,1.244664094013359e-16
as silly as,1.218643241873707e-16
as silly,1.218643241873707e-16
so the,1.214306433183765e-16
the correct answer,1.214306433183765e-16
correct answer,1.214306433183765e-16
other options do,1.196959198423997e-16
options do,1.196959198423997e-16
options do not,1.196959198423997e-16
does not,1.1958749962515114e-16
does,1.1958749962515114e-16
through,1.1796119636642288e-16
is important to,1.1622647289044608e-16
it is important,1.1622647289044608e-16
interior,1.1492543028346347e-16
acting as,1.1492543028346347e-16
not related to,1.1449174941446927e-16
are not related,1.1449174941446927e-16
not related,1.1449174941446927e-16
correct,1.1449174941446927e-16
so the answer,1.1275702593849246e-16
ocean,1.1205229452637688e-16
option,1.1102230246251565e-16
material,1.100465205072787e-16
the specific,1.0993810029003015e-16
watering,1.0928757898653885e-16
is the,1.0928757898653885e-16
individual,1.0863705768304754e-16
silly as,1.0798653637955624e-16
as clown,1.0798653637955624e-16
clown,1.0798653637955624e-16
silly as clown,1.0798653637955624e-16
is not,1.0755285551056204e-16
person,1.0668549377257364e-16
the painter,1.0668549377257364e-16
painter,1.0668549377257364e-16
method,1.0581813203458523e-16
about,1.0581813203458523e-16
person is,1.0581813203458523e-16
is an,1.0581813203458523e-16
someone sick,1.0408340855860843e-16
related to the,1.0408340855860843e-16
place where,1.0408340855860843e-16
sick,1.0408340855860843e-16
important to,1.0321604682062002e-16
state,1.0148132334464322e-16
clean,1.0104764247564901e-16
silly,1.0061396160665481e-16
will,1.0061396160665481e-16
note,9.93129189996722e-17
important to note,9.93129189996722e-17
note that,9.93129189996722e-17
to note that,9.93129189996722e-17
to note,9.93129189996722e-17
shrivel,9.8879238130678e-17
shrivel up,9.8879238130678e-17
vegetables will,9.8879238130678e-17
and vegetables will,9.8879238130678e-17
the newspaper,9.80118763926896e-17
café,9.80118763926896e-17
food,9.71445146547012e-17
use of,9.71445146547012e-17
their understanding and,9.497611030973019e-17
of the material,9.497611030973019e-17
comprehension of the,9.497611030973019e-17
and comprehension,9.497611030973019e-17
and comprehension of,9.497611030973019e-17
the material,9.497611030973019e-17
their understanding,9.497611030973019e-17
the individual,9.497611030973019e-17
comprehension of,9.497611030973019e-17
damaged,9.497611030973019e-17
understanding and comprehension,9.497611030973019e-17
vegetables,9.454242944073599e-17
and vegetables,9.454242944073599e-17
herbs,9.454242944073599e-17
if people,9.454242944073599e-17
people do,9.454242944073599e-17
if people do,9.454242944073599e-17
fresh herbs,9.454242944073599e-17
fresh,9.454242944073599e-17
the fresh herbs,9.454242944073599e-17
the fresh,9.454242944073599e-17
may not,9.378348791999613e-17
fit the,9.367506770274758e-17
not fit the,9.367506770274758e-17
room,9.280770596475918e-17
the rationale for,9.194034422677078e-17
when clothes,9.164218862933726e-17
because if,9.107298248878237e-17
is because if,9.107298248878237e-17
possible outcome when,9.063930161978817e-17
outcome when,9.063930161978817e-17
related to,9.020562075079397e-17
become,9.020562075079397e-17
behavior,9.020562075079397e-17
rationale,8.825405684032006e-17
crisp,8.803721640582296e-17
animals,8.733248499370738e-17
use,8.716985466783456e-17
that the question,8.673617379884035e-17
plants,8.673617379884035e-17
wet,8.630249292984615e-17
rationale for,8.500145032286355e-17
the person is,8.435092901937224e-17
comprehension,8.391724815037804e-17
worn,8.326672684688674e-17
other,8.326672684688674e-17
became,8.326672684688674e-17
is play,8.239936510889834e-17
on words,8.239936510889834e-17
is play on,8.239936510889834e-17
words,8.239936510889834e-17
play,8.239936510889834e-17
play on,8.239936510889834e-17
play on words,8.239936510889834e-17
the ocean,8.218252467440124e-17
the lines,8.196568423990414e-17
not thing,8.153200337090993e-17
is not thing,8.153200337090993e-17
gets,8.153200337090993e-17
gets tired,8.153200337090993e-17
will shrivel up,8.153200337090993e-17
someone gets,8.153200337090993e-17
someone gets tired,8.153200337090993e-17
vegetables will shrivel,8.153200337090993e-17
fit the context,8.153200337090993e-17
when someone gets,8.153200337090993e-17
will shrivel,8.153200337090993e-17
not typical,8.134226799072497e-17
lines,8.131516293641283e-17
because the painter,8.066464163292153e-17
playing,7.979727989493313e-17
is in,7.979727989493313e-17
the person,7.979727989493313e-17
however it is,7.979727989493313e-17
military,7.979727989493313e-17
leader,7.936359902593892e-17
find,7.892991815694472e-17
information,7.806255641895632e-17
supermarket,7.806255641895632e-17
focused,7.719519468096792e-17
rationale for the,7.676151381197371e-17
method of reproduction,7.632783294297951e-17
flowers and,7.632783294297951e-17
herbs flowers,7.632783294297951e-17
herbs flowers and,7.632783294297951e-17
flowers and vegetables,7.632783294297951e-17
method of,7.632783294297951e-17
with,7.632783294297951e-17
having,7.632783294297951e-17
fresh herbs flowers,7.632783294297951e-17
flowers,7.632783294297951e-17
after,7.567731163948821e-17
not be,7.48099499014998e-17
newspaper,7.45931094670027e-17
tape,7.45931094670027e-17
foolish,7.426784881525705e-17
not explicitly state,7.39425881635114e-17
state that the,7.39425881635114e-17
explicitly state,7.39425881635114e-17
does not explicitly,7.39425881635114e-17
explicitly state that,7.39425881635114e-17
clean and,7.37257477290143e-17
this context,7.28583859910259e-17
tired,7.134050294954619e-17
includes,7.112366251504909e-17
an interior,7.090682208055199e-17
particular,7.068998164605489e-17
fun,7.025630077706069e-17
city to,6.982261990806649e-17
can make,6.938893903907228e-17
the internet,6.938893903907228e-17
internet,6.938893903907228e-17
more,6.938893903907228e-17
out,6.895525817007808e-17
kitchen,6.852157730108388e-17
use of tape,6.852157730108388e-17
the room,6.852157730108388e-17
of tape to,6.852157730108388e-17
of tape,6.852157730108388e-17
tape to,6.852157730108388e-17
edge,6.852157730108388e-17
when they,6.852157730108388e-17
that has leader,6.808789643208968e-17
has leader,6.808789643208968e-17
speak,6.776263578034403e-17
speak english,6.776263578034403e-17
people do not,6.776263578034403e-17
up if,6.776263578034403e-17
up if people,6.776263578034403e-17
shrivel up if,6.776263578034403e-17
known,6.678685382510707e-17
organization,6.635317295611287e-17
to understand and,6.591949208711867e-17
through the,6.591949208711867e-17
asks,6.591949208711867e-17
feeling,6.591949208711867e-17
ability to understand,6.591949208711867e-17
with the,6.591949208711867e-17
is because the,6.591949208711867e-17
answer is the,6.591949208711867e-17
the action,6.591949208711867e-17
because the,6.591949208711867e-17
however,6.591949208711867e-17
directly,6.591949208711867e-17
understand and,6.591949208711867e-17
is type,6.570265165262157e-17
is type of,6.570265165262157e-17
the question does,6.548581121812447e-17
clothes,6.548581121812447e-17
an organization,6.548581121812447e-17
of political,6.548581121812447e-17
political entity that,6.548581121812447e-17
of political entity,6.548581121812447e-17
political entity,6.548581121812447e-17
question does not,6.548581121812447e-17
question does,6.548581121812447e-17
entity,6.548581121812447e-17
political,6.548581121812447e-17
entity that,6.548581121812447e-17
entity that has,6.548581121812447e-17
type of political,6.548581121812447e-17
may not be,6.505213034913027e-17
state that,6.478107980600889e-17
in baseball,6.418476861114186e-17
is uncommon,6.418476861114186e-17
uncommon,6.418476861114186e-17
uncommon in,6.418476861114186e-17
is uncommon in,6.418476861114186e-17
boutique,6.418476861114186e-17
stadium,6.418476861114186e-17
in particular,6.310056643865636e-17
or the,6.310056643865636e-17
indicates that,6.245004513516506e-17
questions indicates that,6.245004513516506e-17
delivered by hand,6.245004513516506e-17
something,6.245004513516506e-17
indicates,6.245004513516506e-17
decision based,6.245004513516506e-17
hand through,6.245004513516506e-17
and letters,6.245004513516506e-17
hand through the,6.245004513516506e-17
delivered,6.245004513516506e-17
on military,6.245004513516506e-17
and letters are,6.245004513516506e-17
falling,6.245004513516506e-17
by hand,6.245004513516506e-17
decision based on,6.245004513516506e-17
on military action,6.245004513516506e-17
delivered by,6.245004513516506e-17
questions indicates,6.245004513516506e-17
previous,6.245004513516506e-17
questions,6.245004513516506e-17
made decision based,6.245004513516506e-17
the previous questions,6.245004513516506e-17
the previous,6.245004513516506e-17
based on military,6.245004513516506e-17
for the previous,6.245004513516506e-17
letters are delivered,6.245004513516506e-17
are delivered,6.245004513516506e-17
are delivered by,6.245004513516506e-17
made decision,6.245004513516506e-17
type of,6.245004513516506e-17
military action and,6.245004513516506e-17
previous questions,6.245004513516506e-17
military action,6.245004513516506e-17
action and letters,6.245004513516506e-17
previous questions indicates,6.245004513516506e-17
by hand through,6.245004513516506e-17
action and,6.245004513516506e-17
to do,6.245004513516506e-17
stool the,6.071532165918825e-17
stool the other,6.071532165918825e-17
lost weight,6.071532165918825e-17
person falling,6.071532165918825e-17
person falling on,6.071532165918825e-17
people can sit,6.071532165918825e-17
lost,6.071532165918825e-17
pet store,6.071532165918825e-17
thing,6.071532165918825e-17
squirrel,6.071532165918825e-17
bar stool the,6.071532165918825e-17
weight,6.071532165918825e-17
shorter,6.071532165918825e-17
on bar stool,6.071532165918825e-17
sit,6.071532165918825e-17
sit and,6.071532165918825e-17
on bar,6.071532165918825e-17
shorter person falling,6.071532165918825e-17
falling on,6.071532165918825e-17
falling on bar,6.071532165918825e-17
shorter person,6.071532165918825e-17
can sit and,6.071532165918825e-17
and crisp,6.071532165918825e-17
can sit,6.071532165918825e-17
café is,6.071532165918825e-17
understanding,6.028164079019405e-17
joe,6.028164079019405e-17
would be,5.984795992119984e-17
contain,5.984795992119984e-17
clothes become,5.952269926945419e-17
watering the,5.898059818321144e-17
is not typical,5.898059818321144e-17
bar stool,5.898059818321144e-17
type,5.898059818321144e-17
behavior including,5.898059818321144e-17
because when,5.898059818321144e-17
is because when,5.898059818321144e-17
watering the plants,5.898059818321144e-17
clean and crisp,5.898059818321144e-17
this is not,5.898059818321144e-17
to the context,5.898059818321144e-17
schizophrenia,5.898059818321144e-17
correct answer is,5.898059818321144e-17
can result,5.811323644522304e-17
can result in,5.811323644522304e-17
they may,5.811323644522304e-17
because supermarket is,5.746271514173174e-17
because supermarket,5.746271514173174e-17
is because supermarket,5.746271514173174e-17
lines clean and,5.724587470723463e-17
lines clean,5.724587470723463e-17
decision,5.724587470723463e-17
severe,5.724587470723463e-17
the lines clean,5.724587470723463e-17
games,5.681219383824043e-17
action that,5.681219383824043e-17
want to leave,5.659535340374333e-17
athletes,5.637851296924623e-17
playing baseball,5.637851296924623e-17
pet,5.594483210025203e-17
choices,5.551115123125783e-17
refers to,5.551115123125783e-17
refers,5.551115123125783e-17
computer,5.4860629927766524e-17
receive data,5.4643789493269423e-17
therefore the correct,5.4643789493269423e-17
choice,5.442694905877232e-17
the rationale,5.377642775528102e-17
they are,5.377642775528102e-17
washing,5.334274688628682e-17
principle,5.334274688628682e-17
while washing,5.334274688628682e-17
hot,5.334274688628682e-17
hot tubs,5.334274688628682e-17
tubs,5.334274688628682e-17
band,5.2909066017292616e-17
hear bass clarinet,5.2909066017292616e-17
data,5.2909066017292616e-17
and can,5.2909066017292616e-17
opera house,5.2909066017292616e-17
an opera house,5.2909066017292616e-17
school band,5.2909066017292616e-17
hear bass,5.2909066017292616e-17
hear,5.2909066017292616e-17
opera,5.2909066017292616e-17
an opera,5.2909066017292616e-17
music,5.2909066017292616e-17
music store,5.2909066017292616e-17
become damaged,5.2475385148298415e-17
when someone,5.2475385148298415e-17
the only,5.244828009398628e-17
only,5.244828009398628e-17
skills which,5.2258544713801314e-17
not explicitly,5.204170427930421e-17
created,5.204170427930421e-17
option that,5.204170427930421e-17
explicitly,5.204170427930421e-17
is because billy,5.204170427930421e-17
because billy,5.204170427930421e-17
outcome,5.117434254131581e-17
the mouse,5.117434254131581e-17
in an,5.117434254131581e-17
clown is,5.095750210681871e-17
as clown is,5.095750210681871e-17
phrase acting as,5.0306980803327406e-17
phrase acting,5.0306980803327406e-17
acting in,5.0306980803327406e-17
amusing,5.0306980803327406e-17
hand,5.0306980803327406e-17
or foolish,5.0306980803327406e-17
which includes,5.0306980803327406e-17
is way to,5.0306980803327406e-17
that may,5.0306980803327406e-17
the phrase acting,5.0306980803327406e-17
having fun,4.85722573273506e-17
is place where,4.85722573273506e-17
is place,4.85722573273506e-17
which is play,4.85722573273506e-17
clown which is,4.85722573273506e-17
foolishly,4.85722573273506e-17
clown which,4.85722573273506e-17
they are in,4.85722573273506e-17
are in,4.85722573273506e-17
as clown which,4.85722573273506e-17
baseball stadium,4.85722573273506e-17
in baseball stadium,4.85722573273506e-17
makes,4.83554168928535e-17
makes someone sick,4.83554168928535e-17
makes someone,4.83554168928535e-17
expression,4.8138576458356397e-17
pitcher,4.8138576458356397e-17
painter always,4.7921736023859296e-17
painter always took,4.7921736023859296e-17
would be found,4.7921736023859296e-17
the painter always,4.7921736023859296e-17
took extra care,4.7921736023859296e-17
took extra,4.7921736023859296e-17
took,4.7921736023859296e-17
the question asks,4.7704895589362195e-17
those,4.7704895589362195e-17
the internet connection,4.7704895589362195e-17
internet connection,4.7704895589362195e-17
even when,4.7704895589362195e-17
question asks,4.7704895589362195e-17
the individual learns,4.7488055154865094e-17
of learning as,4.7488055154865094e-17
which can result,4.7488055154865094e-17
it allows the,4.7488055154865094e-17
when clothes become,4.7488055154865094e-17
principle of,4.7488055154865094e-17
the individual to,4.7488055154865094e-17
because when clothes,4.7488055154865094e-17
the material this,4.7488055154865094e-17
the material which,4.7488055154865094e-17
make the,4.7488055154865094e-17
could also be,4.7488055154865094e-17
could also,4.7488055154865094e-17
allows the,4.7488055154865094e-17
their learning and,4.7488055154865094e-17
their learning,4.7488055154865094e-17
that involves,4.7488055154865094e-17
understanding and develops,4.7488055154865094e-17
skills which can,4.7488055154865094e-17
principle of learning,4.7488055154865094e-17
that involves growth,4.7488055154865094e-17
to gain deeper,4.7488055154865094e-17
to gain,4.7488055154865094e-17
process that involves,4.7488055154865094e-17
uncommon in boutique,4.732542482899227e-17
supermarket is uncommon,4.732542482899227e-17
he could,4.7271214720367993e-17
is state,4.7271214720367993e-17
the plants,4.683753385137379e-17
be comfortable with,4.683753385137379e-17
it off,4.683753385137379e-17
context for,4.683753385137379e-17
hugs,4.683753385137379e-17
be comfortable,4.683753385137379e-17
not be comfortable,4.683753385137379e-17
of the room,4.683753385137379e-17
room is,4.683753385137379e-17
shake it off,4.683753385137379e-17
shake it,4.683753385137379e-17
comfortable with,4.683753385137379e-17
shake,4.683753385137379e-17
computer could receive,4.6458063091003865e-17
computer could,4.6458063091003865e-17
the computer could,4.6458063091003865e-17
receive data as,4.6458063091003865e-17
where animals,4.640385298237959e-17
because athletes soak,4.607859233063394e-17
relieve,4.607859233063394e-17
to relieve,4.607859233063394e-17
hot tubs to,4.607859233063394e-17
tubs to relieve,4.607859233063394e-17
tubs to,4.607859233063394e-17
athletes soak,4.607859233063394e-17
athletes soak in,4.607859233063394e-17
loss,4.597017211338539e-17
about the,4.597017211338539e-17
all,4.5644911461639737e-17
house is,4.5102810375396984e-17
illness,4.5102810375396984e-17
cause illness,4.5102810375396984e-17
options are not,4.5102810375396984e-17
make someone sick,4.5102810375396984e-17
experiencing,4.5102810375396984e-17
because food,4.5102810375396984e-17
is too,4.5102810375396984e-17
make someone,4.5102810375396984e-17
difficult,4.5102810375396984e-17
is because food,4.5102810375396984e-17
processing,4.5102810375396984e-17
other options are,4.5102810375396984e-17
options are,4.5102810375396984e-17
can make someone,4.5102810375396984e-17
in pet,4.466912950640278e-17
it difficult,4.466912950640278e-17
bathroom,4.434386885465713e-17
an animal,4.423544863740858e-17
question asks for,4.423544863740858e-17
asks for,4.423544863740858e-17
to the ocean,4.401860820291148e-17
work to,4.401860820291148e-17
work to the,4.401860820291148e-17
billy might set,4.401860820291148e-17
lack,4.380176776841438e-17
lack of,4.380176776841438e-17
which is the,4.369334755116583e-17
moved to,4.3639137442541553e-17
city to contain,4.3639137442541553e-17
moved,4.3639137442541553e-17
to contain governmental,4.3639137442541553e-17
billy moved,4.3639137442541553e-17
billy moved to,4.3639137442541553e-17
to contain,4.3639137442541553e-17
to lowercase city,4.3639137442541553e-17
in hot tubs,4.336808689942018e-17
soak in hot,4.336808689942018e-17
after playing,4.336808689942018e-17
means,4.336808689942018e-17
with others,4.336808689942018e-17
soak in,4.336808689942018e-17
is because athletes,4.336808689942018e-17
active process,4.336808689942018e-17
in hot,4.336808689942018e-17
active,4.336808689942018e-17
after playing baseball,4.336808689942018e-17
because athletes,4.336808689942018e-17
is essential for,4.336808689942018e-17
create,4.336808689942018e-17
is essential,4.336808689942018e-17
soak,4.336808689942018e-17
processing information,4.336808689942018e-17
passive,4.336808689942018e-17
processing decisions,4.336808689942018e-17
which is essential,4.336808689942018e-17
is passive,4.336808689942018e-17
ones,4.2934406030425976e-17
known to,4.2717565595928875e-17
which is type,4.2693848673405754e-17
could be,4.2609145378680324e-17
along,4.2500725161431774e-17
typical,4.206704429243757e-17
they became damaged,4.163336342344337e-17
clothes get wet,4.163336342344337e-17
washing they,4.163336342344337e-17
wearable,4.163336342344337e-17
they are no,4.163336342344337e-17
they have become,4.163336342344337e-17
clothes get,4.163336342344337e-17
wet while,4.163336342344337e-17
wet while washing,4.163336342344337e-17
which can cause,4.163336342344337e-17
they became,4.163336342344337e-17
or the other,4.163336342344337e-17
wet when they,4.163336342344337e-17
that the clothes,4.163336342344337e-17
wear out could,4.163336342344337e-17
clothes become damaged,4.163336342344337e-17
characteristic of self,4.163336342344337e-17
wearable and,4.163336342344337e-17
clothes became wet,4.163336342344337e-17
clothes became,4.163336342344337e-17
washing they are,4.163336342344337e-17
outcome when clothes,4.163336342344337e-17
wear out,4.163336342344337e-17
when clothes get,4.163336342344337e-17
the option,4.163336342344337e-17
army,4.163336342344337e-17
wear,4.163336342344337e-17
the clothes became,4.163336342344337e-17
relax,4.163336342344337e-17
to do something,4.163336342344337e-17
when they became,4.163336342344337e-17
wet when,4.163336342344337e-17
therefore they have,4.163336342344337e-17
key characteristic of,4.163336342344337e-17
positive,4.163336342344337e-17
out could,4.163336342344337e-17
out could be,4.163336342344337e-17
do something,4.163336342344337e-17
to relax,4.163336342344337e-17
out however,4.163336342344337e-17
wearable and can,4.163336342344337e-17
out however it,4.163336342344337e-17
worn therefore,4.163336342344337e-17
worn out however,4.163336342344337e-17
worn out,4.163336342344337e-17
while washing they,4.163336342344337e-17
while washing but,4.163336342344337e-17
worn therefore they,4.163336342344337e-17
key characteristic,4.163336342344337e-17
can no,4.163336342344337e-17
washing but,4.163336342344337e-17
is key characteristic,4.163336342344337e-17
therefore they,4.163336342344337e-17
therefore the most,4.163336342344337e-17
the answer could,4.163336342344337e-17
is key,4.163336342344337e-17
trusting oneself,4.163336342344337e-17
can no longer,4.163336342344337e-17
leave their country,4.119968255444917e-17
their country,4.119968255444917e-17
leave,4.119968255444917e-17
to leave their,4.119968255444917e-17
country estates,4.119968255444917e-17
leave their,4.119968255444917e-17
estates,4.119968255444917e-17
to leave,4.119968255444917e-17
their country estates,4.119968255444917e-17
sweat which can,4.0766001685454967e-17
sweating is natural,4.0766001685454967e-17
use of the,4.0766001685454967e-17
well as mushroom,4.0766001685454967e-17
not method,4.0766001685454967e-17
sweating is,4.0766001685454967e-17
or impossible,4.0766001685454967e-17
sweat,4.0766001685454967e-17
not method of,4.0766001685454967e-17
the question but,4.0766001685454967e-17
sweat which,4.0766001685454967e-17
sudden event,4.0766001685454967e-17
of being and,4.0766001685454967e-17
or impossible for,4.0766001685454967e-17
sudden,4.0766001685454967e-17
outcome when someone,4.0766001685454967e-17
can make it,4.0766001685454967e-17
typical use,4.0766001685454967e-17
typical use of,4.0766001685454967e-17
running this is,4.0766001685454967e-17
which can make,4.0766001685454967e-17
someone to continue,4.0766001685454967e-17
body naturally stops,4.0766001685454967e-17
thing sweating,4.0766001685454967e-17
state of being,4.0766001685454967e-17
like they are,4.0766001685454967e-17
like they,4.0766001685454967e-17
their body naturally,4.0766001685454967e-17
is not method,4.0766001685454967e-17
stops producing sweat,4.0766001685454967e-17
enjoy,4.0766001685454967e-17
stops producing,4.0766001685454967e-17
stops,4.0766001685454967e-17
understand,4.0766001685454967e-17
thing sweating is,4.0766001685454967e-17
to continue,4.0766001685454967e-17
to continue running,4.0766001685454967e-17
response exhaustion is,4.0766001685454967e-17
question but it,4.0766001685454967e-17
response exhaustion,4.0766001685454967e-17
question but,4.0766001685454967e-17
tired is not,4.0766001685454967e-17
running this,4.0766001685454967e-17
bodily response exhaustion,4.0766001685454967e-17
bodily,4.0766001685454967e-17
body naturally,4.0766001685454967e-17
and enjoy,4.0766001685454967e-17
producing sweat,4.0766001685454967e-17
feel like they,4.0766001685454967e-17
producing sweat which,4.0766001685454967e-17
thing falling,4.0766001685454967e-17
to find,4.0766001685454967e-17
bodily response,4.0766001685454967e-17
producing,4.0766001685454967e-17
tired their,4.0766001685454967e-17
tired their body,4.0766001685454967e-17
thing falling down,4.0766001685454967e-17
to understand,4.0766001685454967e-17
tired the,4.0766001685454967e-17
tired the other,4.0766001685454967e-17
find public,3.9898639947466563e-17
find toilet,3.9898639947466563e-17
is not the,3.9898639947466563e-17
or in,3.9898639947466563e-17
could find,3.9898639947466563e-17
he could find,3.9898639947466563e-17
where james,3.9898639947466563e-17
is way,3.9898639947466563e-17
unusual,3.968179951296946e-17
receive,3.946495907847236e-17
the newspaper provides,3.903127820947816e-17
provides variety,3.903127820947816e-17
specific method,3.903127820947816e-17
specific method used,3.903127820947816e-17
this is important,3.903127820947816e-17
provides variety of,3.903127820947816e-17
meeting,3.903127820947816e-17
of reading materials,3.903127820947816e-17
the newspaper is,3.903127820947816e-17
readers practice additionally,3.903127820947816e-17
readers practice,3.903127820947816e-17
readers,3.903127820947816e-17
read effectively and,3.903127820947816e-17
reading of,3.903127820947816e-17
used to practice,3.903127820947816e-17
read effectively,3.903127820947816e-17
to be asking,3.903127820947816e-17
rather than just,3.903127820947816e-17
reading of the,3.903127820947816e-17
reading the,3.903127820947816e-17
reading the newspaper,3.903127820947816e-17
reading which,3.903127820947816e-17
use the written,3.903127820947816e-17
question suggests that,3.903127820947816e-17
question suggests,3.903127820947816e-17
variety of reading,3.903127820947816e-17
human,3.903127820947816e-17
the newspaper in,3.903127820947816e-17
and the correct,3.903127820947816e-17
of reading,3.903127820947816e-17
reading which is,3.903127820947816e-17
reading materials,3.903127820947816e-17
to practice it,3.903127820947816e-17
practice it,3.903127820947816e-17
the specific method,3.903127820947816e-17
person is likely,3.903127820947816e-17
practice reading which,3.903127820947816e-17
likely place,3.903127820947816e-17
practice reading,3.903127820947816e-17
practice it therefore,3.903127820947816e-17
the written,3.903127820947816e-17
understand and use,3.903127820947816e-17
most likely place,3.903127820947816e-17
to read effectively,3.903127820947816e-17
practice additionally the,3.903127820947816e-17
practice additionally,3.903127820947816e-17
the written language,3.903127820947816e-17
to practice reading,3.903127820947816e-17
unhealthy,3.903127820947816e-17
written,3.903127820947816e-17
than just the,3.903127820947816e-17
of the newspaper,3.903127820947816e-17
written language,3.903127820947816e-17
written language this,3.903127820947816e-17
to help readers,3.903127820947816e-17
the ability,3.903127820947816e-17
the reading of,3.903127820947816e-17
the ability to,3.903127820947816e-17
the reading,3.903127820947816e-17
than just,3.903127820947816e-17
the question suggests,3.903127820947816e-17
reading materials to,3.903127820947816e-17
affection,3.8977068100853884e-17
work,3.8163916471489756e-17
would,3.8163916471489756e-17
comfortable,3.8163916471489756e-17
reproduction going,3.8163916471489756e-17
of reproduction going,3.8163916471489756e-17
it is not,3.8163916471489756e-17
often used to,3.7947076036992655e-17
often used,3.7947076036992655e-17
is often used,3.7947076036992655e-17
is process that,3.7947076036992655e-17
kind of,3.7730235602495554e-17
new information,3.7730235602495554e-17
kind,3.7730235602495554e-17
logical,3.74049749507499e-17
is more common,3.729655473350135e-17
more common,3.729655473350135e-17
as result of,3.729655473350135e-17
as result,3.729655473350135e-17
for this,3.664603343001005e-17
rationale for this,3.664603343001005e-17
but it,3.65376132127615e-17
supermarket is,3.6483403104137224e-17
muscle soreness,3.642919299551295e-17
specific feeling,3.642919299551295e-17
are being,3.642919299551295e-17
muscle,3.642919299551295e-17
soreness,3.642919299551295e-17
unhealthy food makes,3.640208794120081e-17
friend,3.63207727782644e-17
hooked,3.621235256101585e-17
up to,3.621235256101585e-17
hooked up,3.621235256101585e-17
up to the,3.621235256101585e-17
hooked up to,3.621235256101585e-17
process information,3.621235256101585e-17
get wet,3.599551212651875e-17
motel room,3.5561831257524545e-17
just,3.5561831257524545e-17
care to,3.5561831257524545e-17
body the,3.5561831257524545e-17
house is place,3.5561831257524545e-17
as well,3.5344990823027445e-17
who want,3.5128150388530344e-17
food that,3.5128150388530344e-17
genetic,3.5128150388530344e-17
those who want,3.5128150388530344e-17
those who,3.5128150388530344e-17
who want to,3.5128150388530344e-17
want,3.5128150388530344e-17
want to,3.5128150388530344e-17
the pitcher,3.480288973678469e-17
spaces,3.469446951953614e-17
would hear,3.469446951953614e-17
would hear bass,3.469446951953614e-17
where,3.469446951953614e-17
painter use,3.469446951953614e-17
opera house is,3.469446951953614e-17
longer,3.469446951953614e-17
is the most,3.469446951953614e-17
the type,3.469446951953614e-17
the type of,3.469446951953614e-17
is not physical,3.469446951953614e-17
no longer,3.469446951953614e-17
skills,3.469446951953614e-17
interior spaces,3.469446951953614e-17
where you would,3.469446951953614e-17
the painter use,3.469446951953614e-17
not physical,3.469446951953614e-17
you would,3.469446951953614e-17
you would hear,3.469446951953614e-17
painter use of,3.469446951953614e-17
having fun after,3.4314998759166215e-17
fun after,3.4314998759166215e-17
after work,3.4314998759166215e-17
fun after work,3.4314998759166215e-17
use the,3.426078865054194e-17
manner,3.415236843329339e-17
because billy might,3.382710778154774e-17
stool,3.382710778154774e-17
this question,3.382710778154774e-17
up due,3.3393426912553537e-17
people do do,3.3393426912553537e-17
lack of water,3.3393426912553537e-17
of water this,3.3393426912553537e-17
do do,3.3393426912553537e-17
because if people,3.3393426912553537e-17
up due to,3.3393426912553537e-17
water this,3.3393426912553537e-17
shrivel up due,3.3393426912553537e-17
water this is,3.3393426912553537e-17
strip,3.2959746043559335e-17
is result,3.2959746043559335e-17
as well as,3.2959746043559335e-17
fun are,3.2959746043559335e-17
event,3.2959746043559335e-17
strip mall,3.2959746043559335e-17
mall,3.2959746043559335e-17
action of,3.2959746043559335e-17
the computer,3.2959746043559335e-17
fit the question,3.2959746043559335e-17
vermont,3.2959746043559335e-17
fun are not,3.2959746043559335e-17
the action of,3.2959746043559335e-17
well as,3.2959746043559335e-17
question as well,3.2959746043559335e-17
question as,3.2959746043559335e-17
the question as,3.2959746043559335e-17
having fun are,3.2959746043559335e-17
is result of,3.2959746043559335e-17
to treat,3.2851325826310784e-17
to treat various,3.2851325826310784e-17
to relieve pain,3.2851325826310784e-17
that is often,3.2851325826310784e-17
playing baseball hot,3.2851325826310784e-17
used to treat,3.2851325826310784e-17
provide cool refreshing,3.2851325826310784e-17
refreshing,3.2851325826310784e-17
various injuries,3.2851325826310784e-17
treat,3.2851325826310784e-17
refreshing environment that,3.2851325826310784e-17
treat various,3.2851325826310784e-17
treat various injuries,3.2851325826310784e-17
tubs provide cool,3.2851325826310784e-17
various injuries including,3.2851325826310784e-17
soreness therefore,3.2851325826310784e-17
soreness therefore the,3.2851325826310784e-17
refreshing environment,3.2851325826310784e-17
tubs provide,3.2851325826310784e-17
provide cool,3.2851325826310784e-17
pain after,3.2851325826310784e-17
relieve pain,3.2851325826310784e-17
relieve pain after,3.2851325826310784e-17
pain after playing,3.2851325826310784e-17
organization therefore the,3.2742905609062234e-17
organization therefore,3.2742905609062234e-17
organization is type,3.2742905609062234e-17
organization is,3.2742905609062234e-17
place so,3.2742905609062234e-17
of place so,3.2742905609062234e-17
which is an,3.2742905609062234e-17
place so the,3.2742905609062234e-17
the specific type,3.2742905609062234e-17
or head the,3.2742905609062234e-17
or head,3.2742905609062234e-17
make the lines,3.252606517456513e-17
care to make,3.252606517456513e-17
extra care to,3.252606517456513e-17
extra care,3.252606517456513e-17
to make the,3.252606517456513e-17
extra,3.252606517456513e-17
with an,3.252606517456513e-17
working with an,3.252606517456513e-17
working,3.252606517456513e-17
with an interior,3.252606517456513e-17
working with,3.252606517456513e-17
when working with,3.252606517456513e-17
when working,3.252606517456513e-17
because unhealthy food,3.209238430557093e-17
the army,3.209238430557093e-17
because unhealthy,3.209238430557093e-17
because the rationale,3.209238430557093e-17
bar,3.209238430557093e-17
of reproduction,3.209238430557093e-17
army is,3.209238430557093e-17
animals not,3.209238430557093e-17
that may be,3.209238430557093e-17
and more,3.209238430557093e-17
unhealthy food,3.209238430557093e-17
is because unhealthy,3.209238430557093e-17
may be,3.209238430557093e-17
ability to,3.187554387107383e-17
is acting,3.187554387107383e-17
person is acting,3.187554387107383e-17
asks about,3.187554387107383e-17
ability,3.187554387107383e-17
is acting as,3.187554387107383e-17
particular place,3.155028321932818e-17
within house so,3.155028321932818e-17
the mouse being,3.155028321932818e-17
that the mouse,3.155028321932818e-17
or therefore,3.155028321932818e-17
within house,3.155028321932818e-17
particular place and,3.155028321932818e-17
within,3.155028321932818e-17
known to inhabit,3.155028321932818e-17
mutation,3.155028321932818e-17
the mouse is,3.155028321932818e-17
the mouse therefore,3.155028321932818e-17
are known,3.155028321932818e-17
are known to,3.155028321932818e-17
mutation is,3.155028321932818e-17
not physical location,3.155028321932818e-17
genetic mutation is,3.155028321932818e-17
particular location,3.155028321932818e-17
place and,3.155028321932818e-17
place and the,3.155028321932818e-17
physical location for,3.155028321932818e-17
inhabit,3.155028321932818e-17
genetic mutation,3.155028321932818e-17
particular location within,3.155028321932818e-17
physical location,3.155028321932818e-17
or therefore the,3.155028321932818e-17
seen in particular,3.155028321932818e-17
to inhabit cupboards,3.155028321932818e-17
to inhabit,3.155028321932818e-17
seen in,3.155028321932818e-17
small hole which,3.155028321932818e-17
flirting,3.155028321932818e-17
they are hungry,3.155028321932818e-17
houses,3.1387652893455353e-17
this question james,3.122502256758253e-17
that the president,3.122502256758253e-17
something despite,3.122502256758253e-17
question james found,3.122502256758253e-17
that best fits,3.122502256758253e-17
question james,3.122502256758253e-17
something despite his,3.122502256758253e-17
best fits this,3.122502256758253e-17
best fits,3.122502256758253e-17
sound relaxing and,3.122502256758253e-17
this context is,3.122502256758253e-17
that best,3.122502256758253e-17
president made decision,3.122502256758253e-17
president made,3.122502256758253e-17
through the front,3.122502256758253e-17
motel,3.122502256758253e-17
the option that,3.122502256758253e-17
the president,3.122502256758253e-17
relaxing and,3.122502256758253e-17
relaxing and decided,3.122502256758253e-17
the front,3.122502256758253e-17
relax the,3.122502256758253e-17
the president made,3.122502256758253e-17
to relax the,3.122502256758253e-17
option that best,3.122502256758253e-17
the front door,3.122502256758253e-17
that james made,3.122502256758253e-17
relax the option,3.122502256758253e-17
sex,3.1008182133085427e-17
james found the,3.0791341698588326e-17
james found,3.0791341698588326e-17
found the,3.0791341698588326e-17
found the sound,3.0791341698588326e-17
woodwind instrument,3.0791341698588326e-17
the sound,3.0791341698588326e-17
stall,3.0791341698588326e-17
the sound relaxing,3.0791341698588326e-17
wind,3.0791341698588326e-17
other wood wind,3.0791341698588326e-17
of place,3.0791341698588326e-17
instrument,3.0791341698588326e-17
efforts to relax,3.0791341698588326e-17
efforts to,3.0791341698588326e-17
feeling good,3.0791341698588326e-17
note that the,3.0791341698588326e-17
wood,3.0791341698588326e-17
sound,3.0791341698588326e-17
sound relaxing,3.0791341698588326e-17
wood wind,3.0791341698588326e-17
bathroom stall,3.0791341698588326e-17
wood wind instruments,3.0791341698588326e-17
wind instruments,3.0791341698588326e-17
other wood,3.0791341698588326e-17
to create,3.0682921481339775e-17
physical exertion,3.0574501264091225e-17
is not place,3.0574501264091225e-17
baseball which,3.0574501264091225e-17
because religious gentleman,3.038476588390626e-17
restaurant to be,3.038476588390626e-17
restaurant to,3.038476588390626e-17
to restaurant to,3.038476588390626e-17
to restaurant,3.038476588390626e-17
religious gentleman can,3.038476588390626e-17
the only option,3.0357660829594124e-17
vague and does,3.0357660829594124e-17
of an,3.0357660829594124e-17
vague and,3.0357660829594124e-17
ocean café is,3.0357660829594124e-17
pet store outside,3.0357660829594124e-17
ocean café,3.0357660829594124e-17
tavern,3.0357660829594124e-17
other beverages while,3.0357660829594124e-17
other beverages,3.0357660829594124e-17
pet store is,3.0357660829594124e-17
not describe,3.0357660829594124e-17
weight and,3.0357660829594124e-17
weight and short,3.0357660829594124e-17
weight tavern,3.0357660829594124e-17
weight tavern and,3.0357660829594124e-17
outside,3.0357660829594124e-17
outside woodland,3.0357660829594124e-17
outside woodland or,3.0357660829594124e-17
vague,3.0357660829594124e-17
that dan has,3.0357660829594124e-17
may also,3.0357660829594124e-17
woodland or,3.0357660829594124e-17
sold and it,3.0357660829594124e-17
sold and,3.0357660829594124e-17
sold,3.0357660829594124e-17
to catch,3.0357660829594124e-17
recently,3.0357660829594124e-17
answer is not,3.0357660829594124e-17
recently lost,3.0357660829594124e-17
recently lost weight,3.0357660829594124e-17
woodland,3.0357660829594124e-17
woodland or ocean,3.0357660829594124e-17
question answer,3.0357660829594124e-17
sit and enjoy,3.0357660829594124e-17
restaurant are,3.0357660829594124e-17
restaurant are not,3.0357660829594124e-17
too vague and,3.0357660829594124e-17
too vague,3.0357660829594124e-17
short is the,3.0357660829594124e-17
short is,3.0357660829594124e-17
short,3.0357660829594124e-17
for their,3.0357660829594124e-17
triplet,3.0357660829594124e-17
tavern and restaurant,3.0357660829594124e-17
place where animals,3.0357660829594124e-17
store is,3.0357660829594124e-17
place where joe,3.0357660829594124e-17
place where squirrel,3.0357660829594124e-17
coffee,3.0357660829594124e-17
coffee or,3.0357660829594124e-17
coffee or other,3.0357660829594124e-17
where animals not,3.0357660829594124e-17
store outside woodland,3.0357660829594124e-17
store outside,3.0357660829594124e-17
store is place,3.0357660829594124e-17
where joe,3.0357660829594124e-17
squirrel is,3.0357660829594124e-17
that describes,3.0357660829594124e-17
possible that joe,3.0357660829594124e-17
stool it suggests,3.0357660829594124e-17
stool it,3.0357660829594124e-17
where squirrel,3.0357660829594124e-17
where squirrel would,3.0357660829594124e-17
squirrel would be,3.0357660829594124e-17
squirrel would,3.0357660829594124e-17
squirrel is an,3.0357660829594124e-17
tavern and,3.0357660829594124e-17
where joe would,3.0357660829594124e-17
that he has,3.0357660829594124e-17
only option that,3.0357660829594124e-17
or ocean café,3.0357660829594124e-17
café where,3.0357660829594124e-17
café is also,3.0357660829594124e-17
or ocean,3.0357660829594124e-17
catch,3.0357660829594124e-17
option that describes,3.0357660829594124e-17
that joe,3.0357660829594124e-17
or other beverages,3.0357660829594124e-17
that describes shorter,3.0357660829594124e-17
only option,3.0357660829594124e-17
that joe may,3.0357660829594124e-17
café where people,3.0357660829594124e-17
café is the,3.0357660829594124e-17
intentions,3.0249240612345574e-17
taken,3.0140820395097023e-17
experiences,2.992397996059992e-17
conference,2.970713952610282e-17
always,2.970713952610282e-17
someone acting in,2.949029909160572e-17
vegetables will not,2.949029909160572e-17
plants can,2.949029909160572e-17
children is,2.949029909160572e-17
children is more,2.949029909160572e-17
clowning therefore the,2.949029909160572e-17
to raise children,2.949029909160572e-17
perception,2.949029909160572e-17
children to,2.949029909160572e-17
children to water,2.949029909160572e-17
perception and,2.949029909160572e-17
to raise,2.949029909160572e-17
clowning,2.949029909160572e-17
clowning therefore,2.949029909160572e-17
someone acting,2.949029909160572e-17
the action that,2.949029909160572e-17
therefore the action,2.949029909160572e-17
therefore the person,2.949029909160572e-17
that is most,2.949029909160572e-17
watering problem compared,2.949029909160572e-17
where watering,2.949029909160572e-17
common problem,2.949029909160572e-17
water the plants,2.949029909160572e-17
common problem in,2.949029909160572e-17
where watering can,2.949029909160572e-17
clown the other,2.949029909160572e-17
to someone acting,2.949029909160572e-17
raising children is,2.949029909160572e-17
perception and behavior,2.949029909160572e-17
solution to,2.949029909160572e-17
silly or,2.949029909160572e-17
silly or foolish,2.949029909160572e-17
that refers,2.949029909160572e-17
unusual and,2.949029909160572e-17
unusual and amusing,2.949029909160572e-17
the watering problem,2.949029909160572e-17
colloquialism,2.949029909160572e-17
colloquialism that,2.949029909160572e-17
that refers to,2.949029909160572e-17
wither,2.949029909160572e-17
way which,2.949029909160572e-17
colloquialism that refers,2.949029909160572e-17
way which aligns,2.949029909160572e-17
wither therefore,2.949029909160572e-17
wither therefore the,2.949029909160572e-17
to lack of,2.949029909160572e-17
their ability,2.949029909160572e-17
with the diagnosis,2.949029909160572e-17
the watering,2.949029909160572e-17
refers to someone,2.949029909160572e-17
solution,2.949029909160572e-17
of schizophrenia schizophrenia,2.949029909160572e-17
solution to the,2.949029909160572e-17
to watering the,2.949029909160572e-17
person behavior,2.949029909160572e-17
person behavior perception,2.949029909160572e-17
watering can,2.949029909160572e-17
the plants directly,2.949029909160572e-17
watering can be,2.949029909160572e-17
understand and interact,2.949029909160572e-17
with others and,2.949029909160572e-17
or foolish way,2.949029909160572e-17
to grow and,2.949029909160572e-17
the plants is,2.949029909160572e-17
the plants raising,2.949029909160572e-17
problem compared,2.949029909160572e-17
to watering,2.949029909160572e-17
their ability to,2.949029909160572e-17
and read,2.949029909160572e-17
will not,2.949029909160572e-17
they may exhibit,2.949029909160572e-17
will not be,2.949029909160572e-17
to the watering,2.949029909160572e-17
can wither therefore,2.949029909160572e-17
plants directly additionally,2.949029909160572e-17
can wither,2.949029909160572e-17
even,2.949029909160572e-17
that can affect,2.949029909160572e-17
schizophrenia schizophrenia is,2.949029909160572e-17
schizophrenia schizophrenia,2.949029909160572e-17
schizophrenia is mental,2.949029909160572e-17
not be able,2.949029909160572e-17
raise,2.949029909160572e-17
scarce and plants,2.949029909160572e-17
community,2.949029909160572e-17
community where,2.949029909160572e-17
scarce and,2.949029909160572e-17
community where watering,2.949029909160572e-17
the gardening,2.949029909160572e-17
the gardening community,2.949029909160572e-17
of food,2.949029909160572e-17
water the,2.949029909160572e-17
able,2.949029909160572e-17
be able to,2.949029909160572e-17
be able,2.949029909160572e-17
able to,2.949029909160572e-17
plants can wither,2.949029909160572e-17
plants directly,2.949029909160572e-17
this the,2.949029909160572e-17
this the fresh,2.949029909160572e-17
compared to watering,2.949029909160572e-17
will eventually,2.949029909160572e-17
will eventually shrivel,2.949029909160572e-17
especially when,2.949029909160572e-17
schizophrenia is,2.949029909160572e-17
especially,2.949029909160572e-17
raise children to,2.949029909160572e-17
to water the,2.949029909160572e-17
clown the,2.949029909160572e-17
the context or,2.949029909160572e-17
to water,2.949029909160572e-17
watering problem,2.949029909160572e-17
problem compared to,2.949029909160572e-17
of schizophrenia,2.949029909160572e-17
problem in,2.949029909160572e-17
which aligns,2.949029909160572e-17
which aligns with,2.949029909160572e-17
others and they,2.949029909160572e-17
others and,2.949029909160572e-17
scarce,2.949029909160572e-17
clown is colloquialism,2.949029909160572e-17
problem in the,2.949029909160572e-17
to lack,2.949029909160572e-17
the diagnosis,2.949029909160572e-17
to do is,2.949029909160572e-17
plants is,2.949029909160572e-17
plants raising,2.949029909160572e-17
the diagnosis of,2.949029909160572e-17
raise children,2.949029909160572e-17
plants raising children,2.949029909160572e-17
describes,2.927345865710862e-17
but it is,2.905661822261152e-17
not directly,2.905661822261152e-17
accessed,2.905661822261152e-17
accessed and,2.905661822261152e-17
that james,2.905661822261152e-17
relaxing,2.905661822261152e-17
including,2.905661822261152e-17
environment that,2.883977778811442e-17
kissing,2.862293735361732e-17
in the,2.862293735361732e-17
kissing is,2.862293735361732e-17
expression that,2.862293735361732e-17
action that can,2.862293735361732e-17
pain,2.8406096919120216e-17
the city,2.8297676701871666e-17
and more affordable,2.8297676701871666e-17
of services and,2.8297676701871666e-17
the city center,2.8297676701871666e-17
of services,2.8297676701871666e-17
closer to the,2.8297676701871666e-17
may choose to,2.8297676701871666e-17
may choose,2.8297676701871666e-17
this context living,2.8297676701871666e-17
city to be,2.8297676701871666e-17
of living additionally,2.8297676701871666e-17
town or city,2.8297676701871666e-17
prison,2.8297676701871666e-17
offer variety of,2.8297676701871666e-17
affordable,2.8297676701871666e-17
the cost,2.8297676701871666e-17
to town or,2.8297676701871666e-17
the cost of,2.8297676701871666e-17
to town,2.8297676701871666e-17
offer variety,2.8297676701871666e-17
of living,2.8297676701871666e-17
people especially,2.8297676701871666e-17
to those who,2.8297676701871666e-17
to those,2.8297676701871666e-17
offer,2.8297676701871666e-17
center and more,2.8297676701871666e-17
center and,2.8297676701871666e-17
to the city,2.8297676701871666e-17
variety of services,2.8297676701871666e-17
attractive,2.8297676701871666e-17
services and amenities,2.8297676701871666e-17
or city to,2.8297676701871666e-17
or city,2.8297676701871666e-17
more affordable,2.8297676701871666e-17
reduce,2.8297676701871666e-17
town or,2.8297676701871666e-17
city center and,2.8297676701871666e-17
city center,2.8297676701871666e-17
cities offer variety,2.8297676701871666e-17
cities offer,2.8297676701871666e-17
cities,2.8297676701871666e-17
reduce the cost,2.8297676701871666e-17
reduce the,2.8297676701871666e-17
people especially those,2.8297676701871666e-17
more attractive,2.8297676701871666e-17
to prison,2.8297676701871666e-17
can help them,2.8297676701871666e-17
cost of living,2.8297676701871666e-17
cost of,2.8297676701871666e-17
choose to move,2.8297676701871666e-17
choose to,2.8297676701871666e-17
to be closer,2.8297676701871666e-17
them save,2.8297676701871666e-17
them save money,2.8297676701871666e-17
that this is,2.8189256484623115e-17
may feel,2.8189256484623115e-17
damage,2.7755575615628914e-17
because religious,2.7755575615628914e-17
make sense in,2.7755575615628914e-17
option is the,2.7755575615628914e-17
is process,2.7755575615628914e-17
is because religious,2.7755575615628914e-17
make sense,2.7755575615628914e-17
not the,2.7755575615628914e-17
and getting,2.7755575615628914e-17
sense in,2.7755575615628914e-17
sense in this,2.7755575615628914e-17
errors,2.7538735181131813e-17
eating,2.7321894746634712e-17
and expected,2.710505431213761e-17
with billy stated,2.710505431213761e-17
outcome of work,2.710505431213761e-17
the ocean is,2.710505431213761e-17
it is likely,2.710505431213761e-17
to relax and,2.710505431213761e-17
stated,2.710505431213761e-17
stated intentions,2.710505431213761e-17
can go for,2.710505431213761e-17
stated intentions the,2.710505431213761e-17
potentially related to,2.710505431213761e-17
work it,2.710505431213761e-17
potentially related,2.710505431213761e-17
other options while,2.710505431213761e-17
where one can,2.710505431213761e-17
to having fun,2.710505431213761e-17
positive and consistent,2.710505431213761e-17
work and the,2.710505431213761e-17
with the concept,2.710505431213761e-17
if billy,2.710505431213761e-17
work it is,2.710505431213761e-17
common and expected,2.710505431213761e-17
place where one,2.710505431213761e-17
likely that,2.710505431213761e-17
the most positive,2.710505431213761e-17
while potentially related,2.710505431213761e-17
is likely that,2.710505431213761e-17
while potentially,2.710505431213761e-17
of fun,2.710505431213761e-17
of fun as,2.710505431213761e-17
of work,2.710505431213761e-17
concept of fun,2.710505431213761e-17
of work and,2.710505431213761e-17
options while potentially,2.710505431213761e-17
sets,2.710505431213761e-17
sets aside,2.710505431213761e-17
ocean is place,2.710505431213761e-17
ocean is,2.710505431213761e-17
will laugh,2.710505431213761e-17
because if billy,2.710505431213761e-17
expected,2.710505431213761e-17
will laugh as,2.710505431213761e-17
sets aside block,2.710505431213761e-17
that he will,2.710505431213761e-17
options while,2.710505431213761e-17
one can go,2.710505431213761e-17
way to relax,2.710505431213761e-17
with billy,2.710505431213761e-17
likely that he,2.710505431213761e-17
billy sets,2.710505431213761e-17
relax and,2.710505431213761e-17
relax and enjoy,2.710505431213761e-17
relief is,2.710505431213761e-17
relief is more,2.710505431213761e-17
related to having,2.710505431213761e-17
billy stated intentions,2.710505431213761e-17
billy stated,2.710505431213761e-17
billy sets aside,2.710505431213761e-17
work and,2.710505431213761e-17
stress relief is,2.710505431213761e-17
to having,2.710505431213761e-17
getting tired is,2.7050844203513336e-17
falling down,2.7050844203513336e-17
exhaustion is state,2.7050844203513336e-17
exhaustion is,2.7050844203513336e-17
tired is,2.7050844203513336e-17
sweating,2.7050844203513336e-17
offspring,2.688821387764051e-17
growth in,2.688821387764051e-17
biological process of,2.688821387764051e-17
children,2.688821387764051e-17
the biological,2.688821387764051e-17
reproduction reproduction of,2.688821387764051e-17
reproduction reproduction,2.688821387764051e-17
reproduction of offspring,2.688821387764051e-17
of offspring,2.688821387764051e-17
the biological process,2.688821387764051e-17
reproduction of,2.688821387764051e-17
state of,2.677979366039196e-17
is an animal,2.6454533008646308e-17
that lives,2.6454533008646308e-17
an animal that,2.6454533008646308e-17
lives in,2.6454533008646308e-17
animal that lives,2.6454533008646308e-17
that lives in,2.6454533008646308e-17
not place,2.6454533008646308e-17
and use,2.6454533008646308e-17
to lowercase,2.6020852139652106e-17
governmental,2.6020852139652106e-17
governmental activities,2.6020852139652106e-17
places where,2.6020852139652106e-17
supermarket is type,2.5587171270657905e-17
mall which,2.5587171270657905e-17
strip mall which,2.5587171270657905e-17
more suitable,2.5587171270657905e-17
mall which is,2.5587171270657905e-17
vermont is,2.5587171270657905e-17
making it more,2.5587171270657905e-17
provided it is,2.5370330836160804e-17
provide enough,2.5370330836160804e-17
sadness loss,2.5370330836160804e-17
sadness loss and,2.5370330836160804e-17
outcome for body,2.5370330836160804e-17
provided it,2.5370330836160804e-17
of sadness,2.5370330836160804e-17
regret however,2.5370330836160804e-17
the specific choices,2.5370330836160804e-17
which includes feelings,2.5370330836160804e-17
plausible answers and,2.5370330836160804e-17
plausible answers,2.5370330836160804e-17
provide enough context,2.5370330836160804e-17
specific choices,2.5370330836160804e-17
of sadness loss,2.5370330836160804e-17
specific choices provided,2.5370330836160804e-17
or to be,2.5370330836160804e-17
or to,2.5370330836160804e-17
to the specific,2.5370330836160804e-17
clear,2.5370330836160804e-17
typical outcome,2.5370330836160804e-17
clear why,2.5370330836160804e-17
clear why the,2.5370330836160804e-17
typical outcome for,2.5370330836160804e-17
why the,2.5370330836160804e-17
why the answer,2.5370330836160804e-17
not necessarily related,2.5370330836160804e-17
choices provided it,2.5370330836160804e-17
choices provided,2.5370330836160804e-17
choices or to,2.5370330836160804e-17
choices or,2.5370330836160804e-17
person experiences,2.5370330836160804e-17
to be plausible,2.5370330836160804e-17
regret,2.5370330836160804e-17
person experiences human,2.5370330836160804e-17
necessarily related to,2.5370330836160804e-17
necessarily related,2.5370330836160804e-17
regret however it,2.5370330836160804e-17
effective,2.5261910618912253e-17
mound,2.5153490401663703e-17
the mound,2.5153490401663703e-17
president,2.5153490401663703e-17
tension,2.5153490401663703e-17
option is,2.5153490401663703e-17
on the mound,2.5153490401663703e-17
they smell,2.5099280293039428e-17
they smell something,2.5099280293039428e-17
smell something delicious,2.5099280293039428e-17
delicious,2.5099280293039428e-17
cats often jump,2.5099280293039428e-17
jump into,2.5099280293039428e-17
when they smell,2.5099280293039428e-17
smell something,2.5099280293039428e-17
often jump,2.5099280293039428e-17
something delicious,2.5099280293039428e-17
often jump into,2.5099280293039428e-17
cats often,2.5099280293039428e-17
the floor when,2.5099280293039428e-17
smell,2.5099280293039428e-17
of person,2.4299681190831368e-17
can cause fatigue,2.42861286636753e-17
baseball stadium where,2.42861286636753e-17
is being,2.42861286636753e-17
this is play,2.42861286636753e-17
that means to,2.42861286636753e-17
words the,2.42861286636753e-17
often feel,2.42861286636753e-17
words the correct,2.42861286636753e-17
war or in,2.42861286636753e-17
situation on the,2.42861286636753e-17
war,2.42861286636753e-17
war or,2.42861286636753e-17
to accommodate,2.42861286636753e-17
that of being,2.42861286636753e-17
on words the,2.42861286636753e-17
this context the,2.42861286636753e-17
that of,2.42861286636753e-17
on words implying,2.42861286636753e-17
required,2.42861286636753e-17
this tension,2.42861286636753e-17
that means,2.42861286636753e-17
to accommodate and,2.42861286636753e-17
words as the,2.42861286636753e-17
wasted,2.42861286636753e-17
words implying that,2.42861286636753e-17
often feel like,2.42861286636753e-17
to act foolishly,2.42861286636753e-17
to act,2.42861286636753e-17
on words as,2.42861286636753e-17
words as,2.42861286636753e-17
often in,2.42861286636753e-17
to playing,2.42861286636753e-17
required in baseball,2.42861286636753e-17
situation on,2.42861286636753e-17
connection,2.42861286636753e-17
in this context,2.42861286636753e-17
treated,2.42861286636753e-17
required in,2.42861286636753e-17
this tension is,2.42861286636753e-17
often in comical,2.42861286636753e-17
words implying,2.42861286636753e-17
for such,2.42861286636753e-17
cause fatigue,2.42861286636753e-17
comical or,2.42861286636753e-17
the stadium,2.42861286636753e-17
the stadium is,2.42861286636753e-17
stadium where the,2.42861286636753e-17
stadium where,2.42861286636753e-17
person who,2.42861286636753e-17
stadium is built,2.42861286636753e-17
stadium is,2.42861286636753e-17
tense situation,2.42861286636753e-17
the specific feeling,2.42861286636753e-17
cause fatigue and,2.42861286636753e-17
but the specific,2.42861286636753e-17
the pitcher may,2.42861286636753e-17
clown is an,2.42861286636753e-17
of war,2.42861286636753e-17
they often,2.42861286636753e-17
they often feel,2.42861286636753e-17
of war or,2.42861286636753e-17
or amusing,2.42861286636753e-17
or amusing manner,2.42861286636753e-17
the mound but,2.42861286636753e-17
person is being,2.42861286636753e-17
built to accommodate,2.42861286636753e-17
or foolishly often,2.42861286636753e-17
or foolish manner,2.42861286636753e-17
built to,2.42861286636753e-17
comical or amusing,2.42861286636753e-17
comical,2.42861286636753e-17
tension is,2.42861286636753e-17
being in baseball,2.42861286636753e-17
tension is result,2.42861286636753e-17
of the physical,2.42861286636753e-17
state of war,2.42861286636753e-17
where the stadium,2.42861286636753e-17
they are acting,2.42861286636753e-17
but the,2.42861286636753e-17
the mound they,2.42861286636753e-17
strain in,2.42861286636753e-17
stadium the,2.42861286636753e-17
or in tense,2.42861286636753e-17
various,2.42861286636753e-17
physical exertion required,2.42861286636753e-17
pitcher body,2.42861286636753e-17
pitcher body the,2.42861286636753e-17
pitcher feels,2.42861286636753e-17
pitcher feels tension,2.42861286636753e-17
the physical exertion,2.42861286636753e-17
tense,2.42861286636753e-17
pitcher may,2.42861286636753e-17
pitcher may feel,2.42861286636753e-17
tense situation on,2.42861286636753e-17
that they are,2.42861286636753e-17
of being in,2.42861286636753e-17
the pitcher body,2.42861286636753e-17
specific feeling they,2.42861286636753e-17
or foolishly,2.42861286636753e-17
when pitcher,2.42861286636753e-17
strain in the,2.42861286636753e-17
when pitcher feels,2.42861286636753e-17
body the pitcher,2.42861286636753e-17
does not necessarily,2.4069288229178198e-17
meet,2.3960868011929648e-17
and they,2.3960868011929648e-17
god is not,2.3852447794681098e-17
god is,2.3852447794681098e-17
god,2.3852447794681098e-17
in god,2.3852447794681098e-17
in god is,2.3852447794681098e-17
to shake,2.3418766925686896e-17
comfortable with that,2.3418766925686896e-17
clean and impressive,2.3418766925686896e-17
shaking,2.3418766925686896e-17
shaking hands,2.3418766925686896e-17
shaking hands this,2.3418766925686896e-17
carefully place,2.3418766925686896e-17
carefully place the,2.3418766925686896e-17
comfortable with physical,2.3418766925686896e-17
person who hugs,2.3418766925686896e-17
or intimate,2.3418766925686896e-17
of shaking hands,2.3418766925686896e-17
to hug,2.3418766925686896e-17
carefully,2.3418766925686896e-17
relationships and,2.3418766925686896e-17
to detail and,2.3418766925686896e-17
relationships and the,2.3418766925686896e-17
with that therefore,2.3418766925686896e-17
with that,2.3418766925686896e-17
with tape and,2.3418766925686896e-17
with tape,2.3418766925686896e-17
with romantic or,2.3418766925686896e-17
clean edge,2.3418766925686896e-17
to hug would,2.3418766925686896e-17
shape,2.3418766925686896e-17
shape that,2.3418766925686896e-17
room is common,2.3418766925686896e-17
take in response,2.3418766925686896e-17
place the tape,2.3418766925686896e-17
place the,2.3418766925686896e-17
the room is,2.3418766925686896e-17
the room helps,2.3418766925686896e-17
relationships,2.3418766925686896e-17
painter attention,2.3418766925686896e-17
the tape,2.3418766925686896e-17
the tape along,2.3418766925686896e-17
the use,2.3418766925686896e-17
or intimate relationships,2.3418766925686896e-17
the use of,2.3418766925686896e-17
of shaking,2.3418766925686896e-17
the question may,2.3418766925686896e-17
to create crisp,2.3418766925686896e-17
to detail,2.3418766925686896e-17
food that is,2.3418766925686896e-17
lines are being,2.3418766925686896e-17
lines are,2.3418766925686896e-17
technique used in,2.3418766925686896e-17
the question implies,2.3418766925686896e-17
physical affection,2.3418766925686896e-17
to shake it,2.3418766925686896e-17
shape that can,2.3418766925686896e-17
clean edge around,2.3418766925686896e-17
created in an,2.3418766925686896e-17
created in,2.3418766925686896e-17
take in,2.3418766925686896e-17
room helps create,2.3418766925686896e-17
triangle is not,2.3418766925686896e-17
with romantic,2.3418766925686896e-17
suggesting that,2.3418766925686896e-17
the kitchen,2.3418766925686896e-17
question implies,2.3418766925686896e-17
question implies that,2.3418766925686896e-17
off which is,2.3418766925686896e-17
the painter attention,2.3418766925686896e-17
suggesting that they,2.3418766925686896e-17
that they may,2.3418766925686896e-17
question may,2.3418766925686896e-17
off or shake,2.3418766925686896e-17
question may not,2.3418766925686896e-17
the kitchen sink,2.3418766925686896e-17
suggesting,2.3418766925686896e-17
they may not,2.3418766925686896e-17
the lines are,2.3418766925686896e-17
romantic,2.3418766925686896e-17
person in,2.3418766925686896e-17
off which,2.3418766925686896e-17
off or,2.3418766925686896e-17
sink,2.3418766925686896e-17
that therefore the,2.3418766925686896e-17
of food that,2.3418766925686896e-17
or shake,2.3418766925686896e-17
or shake it,2.3418766925686896e-17
would be to,2.3418766925686896e-17
the person to,2.3418766925686896e-17
spaces the,2.3418766925686896e-17
spaces the painter,2.3418766925686896e-17
that therefore,2.3418766925686896e-17
who hugs even,2.3418766925686896e-17
who hugs,2.3418766925686896e-17
of person who,2.3418766925686896e-17
technique,2.3418766925686896e-17
type of person,2.3418766925686896e-17
the person in,2.3418766925686896e-17
an interior space,2.3418766925686896e-17
response to hug,2.3418766925686896e-17
with physical affection,2.3418766925686896e-17
for the person,2.3418766925686896e-17
person in the,2.3418766925686896e-17
romantic or,2.3418766925686896e-17
painter attention to,2.3418766925686896e-17
tape along the,2.3418766925686896e-17
the edge of,2.3418766925686896e-17
being created,2.3418766925686896e-17
being created in,2.3418766925686896e-17
triangle is,2.3418766925686896e-17
triangle,2.3418766925686896e-17
tape along,2.3418766925686896e-17
are often associated,2.3418766925686896e-17
the edge,2.3418766925686896e-17
technique used,2.3418766925686896e-17
in an interior,2.3418766925686896e-17
to carefully,2.3418766925686896e-17
room helps,2.3418766925686896e-17
are being created,2.3418766925686896e-17
to carefully place,2.3418766925686896e-17
with physical,2.3418766925686896e-17
person to take,2.3418766925686896e-17
person to,2.3418766925686896e-17
romantic or intimate,2.3418766925686896e-17
painting interior,2.3418766925686896e-17
interior space,2.3418766925686896e-17
tape to create,2.3418766925686896e-17
tape to carefully,2.3418766925686896e-17
the most logical,2.3418766925686896e-17
to take in,2.3418766925686896e-17
common technique used,2.3418766925686896e-17
common technique,2.3418766925686896e-17
painting interior spaces,2.3418766925686896e-17
physical affection hugs,2.3418766925686896e-17
or corner is,2.3418766925686896e-17
tape and middle,2.3418766925686896e-17
that the lines,2.3418766925686896e-17
used in painting,2.3418766925686896e-17
or corner,2.3418766925686896e-17
tape and,2.3418766925686896e-17
kitchen sink,2.3418766925686896e-17
that they,2.3201926491189795e-17
that their,2.3127387591831416e-17
oneself,2.2551405187698492e-17
people,2.2551405187698492e-17
it is possible,2.2551405187698492e-17
places,2.2551405187698492e-17
where one,2.2551405187698492e-17
others,2.2551405187698492e-17
in this,2.2551405187698492e-17
sadness,2.222614453595284e-17
processing data but,2.211772431870429e-17
accessed and processed,2.211772431870429e-17
capability is not,2.211772431870429e-17
processing data,2.211772431870429e-17
rather all,2.211772431870429e-17
information can be,2.211772431870429e-17
information can,2.211772431870429e-17
can be accessed,2.211772431870429e-17
rather all information,2.211772431870429e-17
all information,2.211772431870429e-17
all information can,2.211772431870429e-17
because learning is,2.211772431870429e-17
learning is process,2.211772431870429e-17
be accessed,2.211772431870429e-17
to processing data,2.211772431870429e-17
be accessed and,2.211772431870429e-17
to processing,2.211772431870429e-17
but rather all,2.211772431870429e-17
limited to processing,2.211772431870429e-17
data but,2.211772431870429e-17
personal growth,2.211772431870429e-17
data but rather,2.211772431870429e-17
on,2.190088388420719e-17
walk,2.1738253558334364e-17
passage to catch,2.1738253558334364e-17
passage to,2.1738253558334364e-17
an elevator,2.1738253558334364e-17
walk through,2.1738253558334364e-17
walk through central,2.1738253558334364e-17
to catch an,2.1738253558334364e-17
through central,2.1738253558334364e-17
catch an,2.1738253558334364e-17
through central passage,2.1738253558334364e-17
catch an elevator,2.1738253558334364e-17
elevator,2.1738253558334364e-17
central passage to,2.1738253558334364e-17
the lack of,2.168404344971009e-17
passive process,2.168404344971009e-17
or processing decisions,2.168404344971009e-17
to process information,2.168404344971009e-17
passive process or,2.168404344971009e-17
result of having,2.168404344971009e-17
or processing,2.168404344971009e-17
essential,2.168404344971009e-17
experiences human experience,2.168404344971009e-17
the internet processing,2.168404344971009e-17
the lack,2.168404344971009e-17
passive action while,2.168404344971009e-17
experiences human,2.168404344971009e-17
passive action,2.168404344971009e-17
tasks,2.168404344971009e-17
of having,2.168404344971009e-17
tasks including,2.168404344971009e-17
tasks including processing,2.168404344971009e-17
of having computer,2.168404344971009e-17
while processing decisions,2.168404344971009e-17
processing and storing,2.168404344971009e-17
which is passive,2.168404344971009e-17
processing information which,2.168404344971009e-17
process information and,2.168404344971009e-17
or logical,2.168404344971009e-17
this is in,2.168404344971009e-17
options like processing,2.168404344971009e-17
process or,2.168404344971009e-17
process or processing,2.168404344971009e-17
storing,2.168404344971009e-17
various tasks including,2.168404344971009e-17
processing information is,2.168404344971009e-17
processing decisions which,2.168404344971009e-17
processing decisions is,2.168404344971009e-17
storing information,2.168404344971009e-17
storing information this,2.168404344971009e-17
which is more,2.168404344971009e-17
process believing in,2.168404344971009e-17
or logical result,2.168404344971009e-17
perform various tasks,2.168404344971009e-17
perform various,2.168404344971009e-17
while processing,2.168404344971009e-17
from the,2.168404344971009e-17
computer is hooked,2.168404344971009e-17
computer connected to,2.168404344971009e-17
believing in,2.168404344971009e-17
believing in god,2.168404344971009e-17
computer connected,2.168404344971009e-17
options like,2.168404344971009e-17
process believing,2.168404344971009e-17
perform,2.168404344971009e-17
human experience,2.168404344971009e-17
to options like,2.168404344971009e-17
to options,2.168404344971009e-17
various tasks,2.168404344971009e-17
players,2.1250362580715887e-17
players can,2.1250362580715887e-17
where players,2.1250362580715887e-17
where players can,2.1250362580715887e-17
responsible for,2.1250362580715887e-17
responsible,2.1250362580715887e-17
the outcome of,2.1250362580715887e-17
the outcome,2.1250362580715887e-17
when meeting,2.1033522146218786e-17
meeting friend,2.1033522146218786e-17
when meeting friend,2.1033522146218786e-17
strain,2.0925101928970236e-17
in position,2.0816681711721685e-17
self confidence therefore,2.0816681711721685e-17
serious and even,2.0816681711721685e-17
in position of,2.0816681711721685e-17
threatening if not,2.0816681711721685e-17
is in position,2.0816681711721685e-17
the army is,2.0816681711721685e-17
these,2.0816681711721685e-17
someone sick if,2.0816681711721685e-17
promptly to learn,2.0816681711721685e-17
the food and,2.0816681711721685e-17
it allows,2.0816681711721685e-17
feelings of,2.0816681711721685e-17
threatening,2.0816681711721685e-17
threatening if,2.0816681711721685e-17
promptly to,2.0816681711721685e-17
involves,2.0816681711721685e-17
the king,2.0816681711721685e-17
promptly,2.0816681711721685e-17
of authority,2.0816681711721685e-17
this is key,2.0816681711721685e-17
sick if it,2.0816681711721685e-17
learn,2.0816681711721685e-17
oneself is key,2.0816681711721685e-17
person while,2.0816681711721685e-17
person might give,2.0816681711721685e-17
to learn,2.0816681711721685e-17
to learn more,2.0816681711721685e-17
person might,2.0816681711721685e-17
person is often,2.0816681711721685e-17
only ones,2.0816681711721685e-17
oneself are,2.0816681711721685e-17
person while acknowledgment,2.0816681711721685e-17
responses,2.0816681711721685e-17
responses they,2.0816681711721685e-17
responses they are,2.0816681711721685e-17
on his own,2.0816681711721685e-17
sick if,2.0816681711721685e-17
oneself is,2.0816681711721685e-17
oneself are all,2.0816681711721685e-17
ones self assured,2.0816681711721685e-17
only ones self,2.0816681711721685e-17
possible responses they,2.0816681711721685e-17
poisoning can,2.0816681711721685e-17
possible responses,2.0816681711721685e-17
often described,2.0816681711721685e-17
often described as,2.0816681711721685e-17
position of authority,2.0816681711721685e-17
position of,2.0816681711721685e-17
position,2.0816681711721685e-17
on his,2.0816681711721685e-17
ones self,2.0816681711721685e-17
such as coli,2.0816681711721685e-17
safety visit the,2.0816681711721685e-17
safety visit,2.0816681711721685e-17
own interests,2.0816681711721685e-17
own interests and,2.0816681711721685e-17
the only ones,2.0816681711721685e-17
of self assured,2.0816681711721685e-17
harmful,2.0816681711721685e-17
poisoning can be,2.0816681711721685e-17
serious and,2.0816681711721685e-17
treated promptly,2.0816681711721685e-17
trusting oneself is,2.0816681711721685e-17
visit the food,2.0816681711721685e-17
visit the,2.0816681711721685e-17
visit,2.0816681711721685e-17
treated promptly to,2.0816681711721685e-17
contains,2.0816681711721685e-17
which means,2.0816681711721685e-17
which means he,2.0816681711721685e-17
trusting oneself are,2.0816681711721685e-17
cause illness if,2.0816681711721685e-17
cafe,2.0816681711721685e-17
confidence therefore the,2.0816681711721685e-17
confidence therefore,2.0816681711721685e-17
while acknowledgment,2.0816681711721685e-17
while acknowledgment focused,2.0816681711721685e-17
authority,2.0816681711721685e-17
coli which can,2.0816681711721685e-17
coli which,2.0816681711721685e-17
coli,2.0816681711721685e-17
can cause illness,2.0816681711721685e-17
as it allows,2.0816681711721685e-17
website,2.0816681711721685e-17
well being this,2.0816681711721685e-17
because after death,2.0708261494473135e-17
because after,2.0708261494473135e-17
is because after,2.0708261494473135e-17
after death and,2.0708261494473135e-17
personal,2.0599841277224584e-17
reproduction going to,2.0383000842727483e-17
enough,2.0383000842727483e-17
and natural,2.0383000842727483e-17
which is not,2.0166160408230382e-17
seeking,2.0166160408230382e-17
went to place,1.9949319973733282e-17
where james might,1.9949319973733282e-17
toilet house is,1.9949319973733282e-17
broke down,1.9949319973733282e-17
place where james,1.9949319973733282e-17
broke down and,1.9949319973733282e-17
public toilet motel,1.9949319973733282e-17
toilet house,1.9949319973733282e-17
toilet and house,1.9949319973733282e-17
or games,1.9949319973733282e-17
they can not,1.9949319973733282e-17
something very expensive,1.9949319973733282e-17
something very,1.9949319973733282e-17
broke,1.9949319973733282e-17
people often,1.9949319973733282e-17
people often stay,1.9949319973733282e-17
make it,1.9949319973733282e-17
to the internet,1.9949319973733282e-17
not place where,1.9949319973733282e-17
would go,1.9949319973733282e-17
stay,1.9949319973733282e-17
options given motel,1.9949319973733282e-17
where james would,1.9949319973733282e-17
room is place,1.9949319973733282e-17
that he went,1.9949319973733282e-17
or games are,1.9949319973733282e-17
often stay when,1.9949319973733282e-17
often stay,1.9949319973733282e-17
can not,1.9949319973733282e-17
can not find,1.9949319973733282e-17
where people often,1.9949319973733282e-17
stay when they,1.9949319973733282e-17
would go to,1.9949319973733282e-17
stay when,1.9949319973733282e-17
more likely,1.9949319973733282e-17
toilet motel,1.9949319973733282e-17
toilet motel room,1.9949319973733282e-17
when they can,1.9949319973733282e-17
to find toilet,1.9949319973733282e-17
very expensive which,1.9949319973733282e-17
room apartment bathroom,1.9949319973733282e-17
places where james,1.9949319973733282e-17
not provide,1.951563910473908e-17
too,1.9081958235744878e-17
associated with the,1.9081958235744878e-17
not typically,1.9081958235744878e-17
used to,1.9081958235744878e-17
easily,1.9081958235744878e-17
effectively and,1.9081958235744878e-17
result,1.9081958235744878e-17
due,1.8919327909872052e-17
due to,1.8919327909872052e-17
outcome of,1.8648277366750676e-17
not places where,1.8648277366750676e-17
be taken,1.8214596497756474e-17
hugging type,1.8214596497756474e-17
the hugging,1.8214596497756474e-17
the goal of,1.8214596497756474e-17
an expression of,1.8214596497756474e-17
an expression,1.8214596497756474e-17
the goal,1.8214596497756474e-17
impressive,1.8214596497756474e-17
human body,1.8214596497756474e-17
of these,1.8214596497756474e-17
the hugging type,1.8214596497756474e-17
can be taken,1.8214596497756474e-17
goal of,1.8214596497756474e-17
for this answer,1.8214596497756474e-17
goal,1.8214596497756474e-17
go,1.8214596497756474e-17
directly related,1.8214596497756474e-17
directly related to,1.8214596497756474e-17
is an expression,1.8214596497756474e-17
expression of affection,1.8214596497756474e-17
this answer,1.8214596497756474e-17
of affection,1.8214596497756474e-17
obtain,1.8214596497756474e-17
not the hugging,1.8214596497756474e-17
not directly related,1.8214596497756474e-17
this answer is,1.8214596497756474e-17
it is natural,1.8214596497756474e-17
it can be,1.7997756063259374e-17
cats,1.7780915628762273e-17
gain,1.7780915628762273e-17
this context for,1.7564075194265172e-17
store the,1.7564075194265172e-17
store the other,1.7564075194265172e-17
other choices,1.7564075194265172e-17
so the correct,1.7564075194265172e-17
the question specifically,1.7564075194265172e-17
question specifically asks,1.7564075194265172e-17
clarinet is woodwind,1.7564075194265172e-17
question specifically,1.7564075194265172e-17
clarinet along side,1.7564075194265172e-17
other choices do,1.7564075194265172e-17
clarinet along,1.7564075194265172e-17
wind instruments so,1.7564075194265172e-17
opera house and,1.7564075194265172e-17
woodwind instrument and,1.7564075194265172e-17
the other choices,1.7564075194265172e-17
stall which is,1.7564075194265172e-17
stall which,1.7564075194265172e-17
which is music,1.7564075194265172e-17
context for example,1.7564075194265172e-17
the correct location,1.7564075194265172e-17
specifically asks about,1.7564075194265172e-17
specifically asks,1.7564075194265172e-17
specifically,1.7564075194265172e-17
side,1.7564075194265172e-17
side other,1.7564075194265172e-17
choices do,1.7564075194265172e-17
side other wood,1.7564075194265172e-17
such instruments,1.7564075194265172e-17
choices do not,1.7564075194265172e-17
such instruments however,1.7564075194265172e-17
school band are,1.7564075194265172e-17
to obtain food,1.7509865085640897e-17
eating as,1.7509865085640897e-17
obtain food,1.7509865085640897e-17
for animals,1.7509865085640897e-17
eating as it,1.7509865085640897e-17
accomplish eating,1.7509865085640897e-17
for animals to,1.7509865085640897e-17
to accomplish eating,1.7509865085640897e-17
animals to,1.7509865085640897e-17
accomplish eating as,1.7509865085640897e-17
type even when,1.745565497701662e-17
type even,1.745565497701662e-17
was not the,1.745565497701662e-17
when he meet,1.745565497701662e-17
when he,1.745565497701662e-17
playground,1.745565497701662e-17
clarinet than school,1.734723475976807e-17
such as school,1.734723475976807e-17
which typically includes,1.734723475976807e-17
ones additionally music,1.734723475976807e-17
ones additionally,1.734723475976807e-17
typically includes percussion,1.734723475976807e-17
woodwind ones additionally,1.734723475976807e-17
school band music,1.734723475976807e-17
which typically,1.734723475976807e-17
clarinet than,1.734723475976807e-17
typically includes,1.734723475976807e-17
james,1.734723475976807e-17
wind instruments as,1.734723475976807e-17
woodwind ones,1.734723475976807e-17
venue for,1.734723475976807e-17
clarinet alongside other,1.734723475976807e-17
venue for musical,1.734723475976807e-17
may feel like,1.734723475976807e-17
safety,1.734723475976807e-17
their body,1.734723475976807e-17
such as bass,1.734723475976807e-17
and well,1.734723475976807e-17
and well being,1.734723475976807e-17
woodwind instrument such,1.734723475976807e-17
school band which,1.734723475976807e-17
orchestra or,1.734723475976807e-17
places where you,1.734723475976807e-17
performances other options,1.734723475976807e-17
single,1.734723475976807e-17
choose,1.734723475976807e-17
performances other,1.734723475976807e-17
performances,1.734723475976807e-17
someone,1.734723475976807e-17
single large,1.734723475976807e-17
percussion,1.734723475976807e-17
store orchestra or,1.734723475976807e-17
store orchestra,1.734723475976807e-17
but not woodwind,1.734723475976807e-17
orchestra or bathroom,1.734723475976807e-17
stall are not,1.734723475976807e-17
clarinet additionally,1.734723475976807e-17
than school band,1.734723475976807e-17
percussion instruments,1.734723475976807e-17
percussion instruments but,1.734723475976807e-17
clarinet alongside,1.734723475976807e-17
place where you,1.734723475976807e-17
venue,1.734723475976807e-17
stall are,1.734723475976807e-17
than school,1.734723475976807e-17
or bathroom stall,1.734723475976807e-17
clarinet additionally an,1.734723475976807e-17
money and,1.691355389077387e-17
save,1.691355389077387e-17
because when someone,1.691355389077387e-17
save money,1.691355389077387e-17
save money and,1.691355389077387e-17
hugging,1.660862202976232e-17
state known for,1.6479873021779667e-17
care,1.6479873021779667e-17
painter task,1.6479873021779667e-17
will provide rationale,1.6479873021779667e-17
provide rationale for,1.6479873021779667e-17
vermont is state,1.6479873021779667e-17
state known,1.6479873021779667e-17
the painter task,1.6479873021779667e-17
rural and natural,1.6479873021779667e-17
the sharp,1.6479873021779667e-17
would be strip,1.6479873021779667e-17
but since,1.6479873021779667e-17
but since is,1.6479873021779667e-17
since,1.6479873021779667e-17
since is,1.6479873021779667e-17
since is the,1.6479873021779667e-17
selected choice,1.6479873021779667e-17
shops but since,1.6479873021779667e-17
rural and,1.6479873021779667e-17
shops but,1.6479873021779667e-17
shops and vermont,1.6479873021779667e-17
setting making,1.6479873021779667e-17
and the painter,1.6479873021779667e-17
will provide,1.6479873021779667e-17
provide rationale,1.6479873021779667e-17
rural,1.6479873021779667e-17
the sharp object,1.6479873021779667e-17
selected,1.6479873021779667e-17
the selected choice,1.6479873021779667e-17
suitable answer would,1.6479873021779667e-17
closest match will,1.6479873021779667e-17
of shops but,1.6479873021779667e-17
the closest match,1.6479873021779667e-17
supermarket more suitable,1.6479873021779667e-17
supermarket more,1.6479873021779667e-17
setting making it,1.6479873021779667e-17
unusual location,1.6479873021779667e-17
closest match,1.6479873021779667e-17
the selected,1.6479873021779667e-17
unusual location for,1.6479873021779667e-17
toilet and,1.6154612370034016e-17
room apartment,1.6154612370034016e-17
motel room apartment,1.6154612370034016e-17
to find and,1.6046192152785466e-17
interior of,1.6046192152785466e-17
because an,1.6046192152785466e-17
and clean,1.6046192152785466e-17
is because an,1.6046192152785466e-17
place where people,1.6046192152785466e-17
having sex,1.6046192152785466e-17
find and,1.6046192152785466e-17
the interior of,1.6046192152785466e-17
painting,1.6046192152785466e-17
the interior,1.6046192152785466e-17
in one own,1.5910666881224778e-17
one own,1.5910666881224778e-17
in one,1.5910666881224778e-17
one own home,1.5910666881224778e-17
can go,1.5829351718288365e-17
not necessarily mean,1.5612511283791264e-17
read,1.5612511283791264e-17
compared,1.5612511283791264e-17
necessarily mean,1.5612511283791264e-17
structure,1.5612511283791264e-17
compared to,1.5612511283791264e-17
but not,1.5612511283791264e-17
no,1.5612511283791264e-17
moving to,1.5612511283791264e-17
appearance,1.5612511283791264e-17
moving,1.5612511283791264e-17
choice for,1.5395670849294163e-17
unfamiliar,1.5395670849294163e-17
because many people,1.5178830414797062e-17
where such activities,1.5178830414797062e-17
skipping pebble,1.5178830414797062e-17
take place,1.5178830414797062e-17
pebble across playground,1.5178830414797062e-17
skipping,1.5178830414797062e-17
take place skipping,1.5178830414797062e-17
skip it across,1.5178830414797062e-17
skip it,1.5178830414797062e-17
death and,1.5178830414797062e-17
game or,1.5178830414797062e-17
jump,1.5178830414797062e-17
skipping pebble across,1.5178830414797062e-17
what implies that,1.5178830414797062e-17
to skip it,1.5178830414797062e-17
note that this,1.5178830414797062e-17
person is playing,1.5178830414797062e-17
common and fun,1.5178830414797062e-17
what implies,1.5178830414797062e-17
place skipping pebble,1.5178830414797062e-17
because many,1.5178830414797062e-17
the floor,1.5178830414797062e-17
place skipping,1.5178830414797062e-17
small what implies,1.5178830414797062e-17
small what,1.5178830414797062e-17
would be common,1.5178830414797062e-17
playground is common,1.5178830414797062e-17
playground would be,1.5178830414797062e-17
playing game or,1.5178830414797062e-17
into the floor,1.5178830414797062e-17
or sport and,1.5178830414797062e-17
that this,1.5178830414797062e-17
playing game,1.5178830414797062e-17
such activities take,1.5178830414797062e-17
such activities,1.5178830414797062e-17
likely location,1.5178830414797062e-17
is because many,1.5178830414797062e-17
playground would,1.5178830414797062e-17
or sport,1.5178830414797062e-17
phrase he planned,1.5178830414797062e-17
sport and playground,1.5178830414797062e-17
literature in meeting,1.485356976305141e-17
such as conference,1.485356976305141e-17
or shelves to,1.485356976305141e-17
one typically keeps,1.485356976305141e-17
conference room,1.485356976305141e-17
others meeting,1.485356976305141e-17
bookshelves,1.485356976305141e-17
by others meeting,1.485356976305141e-17
rooms often,1.485356976305141e-17
bookshelves or,1.485356976305141e-17
read by,1.485356976305141e-17
to hold and,1.485356976305141e-17
conference library,1.485356976305141e-17
conference library or,1.485356976305141e-17
or conference room,1.485356976305141e-17
or conference,1.485356976305141e-17
to hold,1.485356976305141e-17
others meeting rooms,1.485356976305141e-17
rooms often have,1.485356976305141e-17
setting such as,1.485356976305141e-17
conference room where,1.485356976305141e-17
by others,1.485356976305141e-17
shelves to hold,1.485356976305141e-17
read by others,1.485356976305141e-17
often have bookshelves,1.485356976305141e-17
bookshelves or shelves,1.485356976305141e-17
books making,1.485356976305141e-17
one typically,1.485356976305141e-17
library or,1.485356976305141e-17
typically keeps,1.485356976305141e-17
typically keeps literature,1.485356976305141e-17
setting such,1.485356976305141e-17
room where,1.485356976305141e-17
or shelves,1.485356976305141e-17
room where it,1.485356976305141e-17
in meeting,1.485356976305141e-17
where it can,1.485356976305141e-17
shelves,1.485356976305141e-17
shelves to,1.485356976305141e-17
books making it,1.485356976305141e-17
forms of,1.474514954580286e-17
forms,1.474514954580286e-17
to the question,1.474514954580286e-17
to relieve strikes,1.441988889405721e-17
strikes,1.441988889405721e-17
relieve strikes after,1.441988889405721e-17
strikes after playing,1.441988889405721e-17
strikes after,1.441988889405721e-17
relieve strikes,1.441988889405721e-17
beverages,1.431146867680866e-17
beverages while,1.431146867680866e-17
unease,1.431146867680866e-17
beverages while it,1.431146867680866e-17
more effective,1.431146867680866e-17
living,1.4094628242311558e-17
that can be,1.3877787807814457e-17
possible,1.3877787807814457e-17
cafes,1.3877787807814457e-17
store,1.3877787807814457e-17
serious,1.3877787807814457e-17
is to,1.3877787807814457e-17
of structure,1.3877787807814457e-17
despite his efforts,1.3877787807814457e-17
and can be,1.3877787807814457e-17
his efforts,1.3877787807814457e-17
food can,1.3877787807814457e-17
problem,1.3877787807814457e-17
the food,1.3877787807814457e-17
despite his,1.3877787807814457e-17
despite,1.3877787807814457e-17
poisoning,1.3877787807814457e-17
type of structure,1.3877787807814457e-17
exertion,1.3877787807814457e-17
raising children,1.3769367590565906e-17
raising,1.3769367590565906e-17
positive and,1.3660947373317356e-17
therefore the rationale,1.358302034216996e-17
person is not,1.3552527156068805e-17
of offspring and,1.3444106938820255e-17
organism which is,1.3444106938820255e-17
of offspring through,1.3444106938820255e-17
reproductive process having,1.3444106938820255e-17
process of sexual,1.3444106938820255e-17
reproductive process,1.3444106938820255e-17
through reproduction,1.3444106938820255e-17
reproductive,1.3444106938820255e-17
change in,1.3444106938820255e-17
reproduction with others,1.3444106938820255e-17
reproduction while flirting,1.3444106938820255e-17
to reproduce,1.3444106938820255e-17
reproduction while,1.3444106938820255e-17
reproduction genetic mutation,1.3444106938820255e-17
result in reproduction,1.3444106938820255e-17
reproduce,1.3444106938820255e-17
to reproduce involves,1.3444106938820255e-17
through reproduction with,1.3444106938820255e-17
sex is voluntary,1.3444106938820255e-17
reproduction which includes,1.3444106938820255e-17
process of social,1.3444106938820255e-17
reproduce involves,1.3444106938820255e-17
reproduction which,1.3444106938820255e-17
reproduce involves the,1.3444106938820255e-17
or may,1.3444106938820255e-17
organism which,1.3444106938820255e-17
organism,1.3444106938820255e-17
or may not,1.3444106938820255e-17
the genetic material,1.3444106938820255e-17
the genetic,1.3444106938820255e-17
reproduction genetic,1.3444106938820255e-17
sexual reproduction reproduction,1.3444106938820255e-17
reproduction with,1.3444106938820255e-17
voluntary action that,1.3444106938820255e-17
starting to,1.3444106938820255e-17
which includes the,1.3444106938820255e-17
voluntary,1.3444106938820255e-17
of social,1.3444106938820255e-17
starting to reproduce,1.3444106938820255e-17
of affection not,1.3444106938820255e-17
to the beginning,1.3444106938820255e-17
voluntary action,1.3444106938820255e-17
the reproductive process,1.3444106938820255e-17
that may or,1.3444106938820255e-17
the reproductive,1.3444106938820255e-17
sex is,1.3444106938820255e-17
offspring and,1.3444106938820255e-17
of reproduction which,1.3444106938820255e-17
offspring and the,1.3444106938820255e-17
offspring through,1.3444106938820255e-17
of sexual reproduction,1.3444106938820255e-17
offspring through reproduction,1.3444106938820255e-17
starting,1.3444106938820255e-17
sexual reproduction,1.3444106938820255e-17
the cultural and,1.3444106938820255e-17
the cultural,1.3444106938820255e-17
of an organism,1.3444106938820255e-17
social reproduction reproduction,1.3444106938820255e-17
social reproduction,1.3444106938820255e-17
social process of,1.3444106938820255e-17
sexual,1.3444106938820255e-17
social process,1.3444106938820255e-17
with others kissing,1.3444106938820255e-17
process having,1.3444106938820255e-17
process having sex,1.3444106938820255e-17
change in the,1.3444106938820255e-17
the beginning of,1.3444106938820255e-17
the beginning,1.3444106938820255e-17
others kissing,1.3444106938820255e-17
others kissing is,1.3444106938820255e-17
of the reproductive,1.3444106938820255e-17
of social reproduction,1.3444106938820255e-17
while flirting,1.3444106938820255e-17
of sexual,1.3444106938820255e-17
of the internet,1.3010426069826053e-17
suggests that he,1.3010426069826053e-17
essential for,1.3010426069826053e-17
it more,1.3010426069826053e-17
on the,1.3010426069826053e-17
asks about the,1.2793585635328952e-17
question asks about,1.2793585635328952e-17
efforts,1.2576745200831851e-17
expression of,1.2576745200831851e-17
the human body,1.235990476633475e-17
the human,1.235990476633475e-17
their skills are,1.214306433183765e-17
that can lead,1.214306433183765e-17
cause errors writing,1.214306433183765e-17
problems in software,1.214306433183765e-17
user frustration with,1.214306433183765e-17
processed,1.214306433183765e-17
of errors,1.214306433183765e-17
process used to,1.214306433183765e-17
problems in,1.214306433183765e-17
cause errors,1.214306433183765e-17
most appropriate answer,1.214306433183765e-17
most appropriate,1.214306433183765e-17
technical process that,1.214306433183765e-17
compiling,1.214306433183765e-17
typically cause of,1.214306433183765e-17
typically cause,1.214306433183765e-17
they may feel,1.214306433183765e-17
skills are being,1.214306433183765e-17
skills are,1.214306433183765e-17
technical process,1.214306433183765e-17
are experiencing,1.214306433183765e-17
is process used,1.214306433183765e-17
problems,1.214306433183765e-17
code is,1.214306433183765e-17
as they may,1.214306433183765e-17
wasted the other,1.214306433183765e-17
was wasted,1.214306433183765e-17
process that can,1.214306433183765e-17
and processed,1.214306433183765e-17
was wasted the,1.214306433183765e-17
program errors,1.214306433183765e-17
process used,1.214306433183765e-17
program errors may,1.214306433183765e-17
wasted or,1.214306433183765e-17
wasted or that,1.214306433183765e-17
wasted the,1.214306433183765e-17
software,1.214306433183765e-17
code,1.214306433183765e-17
software but,1.214306433183765e-17
software but it,1.214306433183765e-17
they are experiencing,1.214306433183765e-17
that their skills,1.214306433183765e-17
compiling is technical,1.214306433183765e-17
that their time,1.214306433183765e-17
with the program,1.214306433183765e-17
compiling is,1.214306433183765e-17
of errors debugging,1.214306433183765e-17
their time was,1.214306433183765e-17
the program errors,1.214306433183765e-17
user frustration,1.214306433183765e-17
technical,1.214306433183765e-17
used to find,1.214306433183765e-17
the most appropriate,1.214306433183765e-17
getting tired,1.214306433183765e-17
cause of,1.214306433183765e-17
cause of errors,1.214306433183765e-17
central passage,1.214306433183765e-17
to errors but,1.214306433183765e-17
or that their,1.214306433183765e-17
or that,1.214306433183765e-17
writing code is,1.214306433183765e-17
to getting mad,1.214306433183765e-17
passage,1.214306433183765e-17
to getting,1.214306433183765e-17
also be,1.214306433183765e-17
writing code,1.214306433183765e-17
time was,1.214306433183765e-17
time was wasted,1.214306433183765e-17
potentially,1.2034644114589099e-17
to place,1.1926223897340549e-17
apartment,1.1926223897340549e-17
public toilet,1.1926223897340549e-17
to place where,1.1926223897340549e-17
preparation therefore the,1.1709383462843448e-17
presence of unhealthy,1.1709383462843448e-17
the room suggests,1.1709383462843448e-17
preparation therefore,1.1709383462843448e-17
often characterized by,1.1709383462843448e-17
cause illness which,1.1709383462843448e-17
tape to edge,1.1709383462843448e-17
sick and,1.1709383462843448e-17
often characterized,1.1709383462843448e-17
this could be,1.1709383462843448e-17
that makes someone,1.1709383462843448e-17
poor foods or,1.1709383462843448e-17
poor foods,1.1709383462843448e-17
poor,1.1709383462843448e-17
sick and the,1.1709383462843448e-17
someone sick this,1.1709383462843448e-17
unhealthy ingredients such,1.1709383462843448e-17
unhealthy can make,1.1709383462843448e-17
type of food,1.1709383462843448e-17
unhealthy can,1.1709383462843448e-17
preparation,1.1709383462843448e-17
sink therefore,1.1709383462843448e-17
that makes,1.1709383462843448e-17
to edge the,1.1709383462843448e-17
characterized by,1.1709383462843448e-17
clean lines,1.1709383462843448e-17
to cause illness,1.1709383462843448e-17
clean lines and,1.1709383462843448e-17
such as high,1.1709383462843448e-17
spaces are,1.1709383462843448e-17
space and the,1.1709383462843448e-17
characterized by clean,1.1709383462843448e-17
room suggests,1.1709383462843448e-17
room suggests that,1.1709383462843448e-17
nutrient,1.1709383462843448e-17
nutrient poor,1.1709383462843448e-17
nutrient poor foods,1.1709383462843448e-17
impression,1.1709383462843448e-17
brainstem,1.1709383462843448e-17
space interior,1.1709383462843448e-17
that is known,1.1709383462843448e-17
someone sick and,1.1709383462843448e-17
choice for the,1.1709383462843448e-17
spaces are often,1.1709383462843448e-17
sink therefore the,1.1709383462843448e-17
that is unhealthy,1.1709383462843448e-17
space interior spaces,1.1709383462843448e-17
sink is the,1.1709383462843448e-17
sink is,1.1709383462843448e-17
the painter concern,1.1709383462843448e-17
to edge,1.1709383462843448e-17
has the nerve,1.1709383462843448e-17
characterized,1.1709383462843448e-17
proper sanitation or,1.1709383462843448e-17
sick this,1.1709383462843448e-17
of unhealthy,1.1709383462843448e-17
the kind of,1.1709383462843448e-17
or the lack,1.1709383462843448e-17
concern for,1.1709383462843448e-17
concern for making,1.1709383462843448e-17
or nutrient,1.1709383462843448e-17
painter concern for,1.1709383462843448e-17
of unhealthy ingredients,1.1709383462843448e-17
proper sanitation,1.1709383462843448e-17
by clean,1.1709383462843448e-17
by clean lines,1.1709383462843448e-17
fitting,1.1709383462843448e-17
sanitation,1.1709383462843448e-17
sanitation or preparation,1.1709383462843448e-17
or nutrient poor,1.1709383462843448e-17
of proper,1.1709383462843448e-17
triplet is the,1.1709383462843448e-17
painter concern,1.1709383462843448e-17
sick this could,1.1709383462843448e-17
has the,1.1709383462843448e-17
of proper sanitation,1.1709383462843448e-17
concern,1.1709383462843448e-17
sanitation or,1.1709383462843448e-17
or preparation therefore,1.1709383462843448e-17
the kind,1.1709383462843448e-17
or preparation,1.1709383462843448e-17
go to,1.1492543028346347e-17
torn when caught,1.1302807648161384e-17
caught on the,1.1302807648161384e-17
on the sharp,1.1302807648161384e-17
clothes become torn,1.1302807648161384e-17
when caught,1.1302807648161384e-17
torn when,1.1302807648161384e-17
when caught on,1.1302807648161384e-17
result in,1.1275702593849246e-17
in other,1.1275702593849246e-17
can lead to,1.1275702593849246e-17
of shops,1.1275702593849246e-17
responsible for the,1.1275702593849246e-17
the nerve,1.1275702593849246e-17
can lead,1.1275702593849246e-17
nerve,1.1275702593849246e-17
sharp object,1.1275702593849246e-17
this option,1.1275702593849246e-17
this option is,1.1275702593849246e-17
implies that the,1.1275702593849246e-17
the nerve to,1.1275702593849246e-17
shops,1.1275702593849246e-17
nerve to,1.1275702593849246e-17
connection therefore the,1.1058862159352145e-17
connection therefore,1.1058862159352145e-17
of being hooked,1.1058862159352145e-17
that this capability,1.1058862159352145e-17
the internet however,1.1058862159352145e-17
through the internet,1.1058862159352145e-17
process information this,1.1058862159352145e-17
the internet can,1.1058862159352145e-17
the computer can,1.1058862159352145e-17
processed through,1.1058862159352145e-17
that the computer,1.1058862159352145e-17
result of being,1.1058862159352145e-17
process data allowing,1.1058862159352145e-17
computer can,1.1058862159352145e-17
processed through the,1.1058862159352145e-17
computer hooked up,1.1058862159352145e-17
process information as,1.1058862159352145e-17
can process,1.1058862159352145e-17
can process information,1.1058862159352145e-17
computer can process,1.1058862159352145e-17
computer hooked,1.1058862159352145e-17
swimming,1.0842021724855044e-17
be source of,1.0842021724855044e-17
alternative to playing,1.0842021724855044e-17
alternative,1.0842021724855044e-17
alternative to,1.0842021724855044e-17
swimming is,1.0842021724855044e-17
be source,1.0842021724855044e-17
for athletes,1.0842021724855044e-17
to playing baseball,1.0842021724855044e-17
can be source,1.0842021724855044e-17
various events,1.0625181290357943e-17
spaceship where,1.0625181290357943e-17
players can bet,1.0625181290357943e-17
outcome of various,1.0625181290357943e-17
can bet on,1.0625181290357943e-17
of beer pong,1.0625181290357943e-17
outcome of game,1.0625181290357943e-17
can bet,1.0625181290357943e-17
of beer,1.0625181290357943e-17
various forms,1.0625181290357943e-17
of entertainment including,1.0625181290357943e-17
of game of,1.0625181290357943e-17
of game,1.0625181290357943e-17
chance,1.0625181290357943e-17
players can engage,1.0625181290357943e-17
pong this,1.0625181290357943e-17
bet on the,1.0625181290357943e-17
common activity,1.0625181290357943e-17
of various,1.0625181290357943e-17
is common activity,1.0625181290357943e-17
pong,1.0625181290357943e-17
bet on,1.0625181290357943e-17
pong this is,1.0625181290357943e-17
common activity in,1.0625181290357943e-17
of various events,1.0625181290357943e-17
bet,1.0625181290357943e-17
various forms of,1.0625181290357943e-17
casinos,1.0625181290357943e-17
casinos where,1.0625181290357943e-17
of chance,1.0625181290357943e-17
on the outcome,1.0625181290357943e-17
of gambling in,1.0625181290357943e-17
various events including,1.0625181290357943e-17
casinos where players,1.0625181290357943e-17
spaceship where players,1.0625181290357943e-17
overall well being,1.0408340855860843e-17
of authority and,1.0408340855860843e-17
overall well,1.0408340855860843e-17
the army mission,1.0408340855860843e-17
charge of instead,1.0408340855860843e-17
which is,1.0408340855860843e-17
to the army,1.0408340855860843e-17
the overall,1.0408340855860843e-17
of authority to,1.0408340855860843e-17
attack,1.0408340855860843e-17
of the military,1.0408340855860843e-17
while,1.0408340855860843e-17
the military,1.0408340855860843e-17
the overall well,1.0408340855860843e-17
materials,1.0408340855860843e-17
of instead the,1.0408340855860843e-17
heart,1.0408340855860843e-17
heart attack,1.0408340855860843e-17
of instead,1.0408340855860843e-17
appropriate,1.0408340855860843e-17
the military the,1.0408340855860843e-17
or where an,1.0408340855860843e-17
or where,1.0408340855860843e-17
where animals or,1.0408340855860843e-17
well being of,1.0408340855860843e-17
organization that,1.0408340855860843e-17
occur where animals,1.0408340855860843e-17
where leader,1.0408340855860843e-17
is more,1.0408340855860843e-17
where battles,1.0408340855860843e-17
to make military,1.0408340855860843e-17
or countries are,1.0408340855860843e-17
or countries,1.0408340855860843e-17
organization that has,1.0408340855860843e-17
occur where,1.0408340855860843e-17
where battles occur,1.0408340855860843e-17
in kitchen,1.0408340855860843e-17
place where battles,1.0408340855860843e-17
where an,1.0408340855860843e-17
place where leader,1.0408340855860843e-17
strategic decisions related,1.0408340855860843e-17
where leader is,1.0408340855860843e-17
where an individual,1.0408340855860843e-17
way person creates,1.0191500421363742e-17
that occurs after,1.0191500421363742e-17
occurs after sex,1.0191500421363742e-17
after death,1.0191500421363742e-17
this is the,1.0191500421363742e-17
process that occurs,1.0191500421363742e-17
way person,1.0191500421363742e-17
on date is,1.0191500421363742e-17
with having sex,1.0191500421363742e-17
sex to create,1.0191500421363742e-17
of reproduction kissing,1.0191500421363742e-17
the natural and,1.0191500421363742e-17
the method,1.0191500421363742e-17
reproduction begins,1.0191500421363742e-17
reproduction begins with,1.0191500421363742e-17
reproduction going on,1.0191500421363742e-17
sex to,1.0191500421363742e-17
occurs after,1.0191500421363742e-17
reproduction it,1.0191500421363742e-17
reproduction kissing is,1.0191500421363742e-17
reproduction kissing,1.0191500421363742e-17
of reproduction it,1.0191500421363742e-17
to create new,1.0191500421363742e-17
reproduction it is,1.0191500421363742e-17
sex and,1.0191500421363742e-17
not typically found,1.0191500421363742e-17
person creates,1.0191500421363742e-17
person creates new,1.0191500421363742e-17
the bathroom is,1.0191500421363742e-17
common way person,1.0191500421363742e-17
sex and flirting,1.0191500421363742e-17
the method of,1.0191500421363742e-17
information this,9.974659986866641e-18
subject,9.974659986866641e-18
to read,9.974659986866641e-18
the brainstem,9.540979117872439e-18
so therefore,9.540979117872439e-18
most likely choice,9.540979117872439e-18
away,9.540979117872439e-18
pain is result,9.540979117872439e-18
so therefore the,9.540979117872439e-18
among the options,9.540979117872439e-18
among the,9.540979117872439e-18
the action could,9.540979117872439e-18
this can help,9.540979117872439e-18
result of good,9.540979117872439e-18
seeking food,9.540979117872439e-18
feeling pain is,9.540979117872439e-18
the brainstem while,9.540979117872439e-18
to seek and,9.540979117872439e-18
of good health,9.540979117872439e-18
feeling pain,9.540979117872439e-18
of these are,9.540979117872439e-18
seeking food for,9.540979117872439e-18
sand trap is,9.540979117872439e-18
sand,9.540979117872439e-18
sand trap,9.540979117872439e-18
pain is,9.540979117872439e-18
to seek,9.540979117872439e-18
leaving,9.540979117872439e-18
to get away,9.540979117872439e-18
likely choice among,9.540979117872439e-18
likely choice,9.540979117872439e-18
or the brainstem,9.540979117872439e-18
are commonly found,9.540979117872439e-18
result of an,9.540979117872439e-18
with animals,9.540979117872439e-18
choice among the,9.540979117872439e-18
are commonly,9.540979117872439e-18
with animals fingertips,9.540979117872439e-18
catch insects living,9.540979117872439e-18
that the human,9.540979117872439e-18
catch insects,9.540979117872439e-18
leaving home,9.540979117872439e-18
something that has,9.540979117872439e-18
of an injury,9.540979117872439e-18
such actions,9.540979117872439e-18
way to get,9.540979117872439e-18
that the action,9.540979117872439e-18
such actions are,9.540979117872439e-18
trap,9.540979117872439e-18
choice among,9.540979117872439e-18
way to obtain,9.540979117872439e-18
body is responsible,9.540979117872439e-18
leaving home is,9.540979117872439e-18
used to catch,9.540979117872439e-18
of good,9.540979117872439e-18
obtain food none,9.540979117872439e-18
and eating,9.540979117872439e-18
and eating is,9.540979117872439e-18
are not typical,9.540979117872439e-18
to the goal,9.540979117872439e-18
trap is,9.540979117872439e-18
not typical places,9.540979117872439e-18
that has the,9.540979117872439e-18
something having,9.540979117872439e-18
place in,9.540979117872439e-18
seek and,9.540979117872439e-18
commonly found,9.540979117872439e-18
options given,9.540979117872439e-18
the options given,9.540979117872439e-18
place in an,9.540979117872439e-18
the options,9.540979117872439e-18
house is the,9.540979117872439e-18
these are,9.540979117872439e-18
is used to,9.540979117872439e-18
these are goals,9.540979117872439e-18
to catch insects,9.540979117872439e-18
body as such,9.540979117872439e-18
possible that the,9.540979117872439e-18
specific,9.540979117872439e-18
brainstem while it,9.540979117872439e-18
body as,9.540979117872439e-18
human body is,9.540979117872439e-18
something having the,9.540979117872439e-18
brainstem while,9.540979117872439e-18
eating is,9.540979117872439e-18
typical places,9.540979117872439e-18
body the rationale,9.540979117872439e-18
and common way,9.540979117872439e-18
trap is used,9.540979117872439e-18
of an animal,9.540979117872439e-18
the garbage is,9.540979117872439e-18
that it is,9.540979117872439e-18
something that,9.540979117872439e-18
typical places where,9.540979117872439e-18
seek and consume,9.540979117872439e-18
taken place in,9.540979117872439e-18
taken place,9.540979117872439e-18
to do so,9.540979117872439e-18
true,9.324138683375338e-18
because mice,9.107298248878237e-18
broccoli cabbage,9.107298248878237e-18
broccoli,9.107298248878237e-18
the nearest,9.107298248878237e-18
for the mouse,9.107298248878237e-18
of water loss,9.107298248878237e-18
to address,9.107298248878237e-18
common scenario for,9.107298248878237e-18
to address the,9.107298248878237e-18
scenario for crops,9.107298248878237e-18
the question belief,9.107298248878237e-18
question belief in,9.107298248878237e-18
spinach the,9.107298248878237e-18
to the nearest,9.107298248878237e-18
watering plants the,9.107298248878237e-18
or spinach,9.107298248878237e-18
scenario for,9.107298248878237e-18
taken to,9.107298248878237e-18
question belief,9.107298248878237e-18
the nearest pool,9.107298248878237e-18
of watering,9.107298248878237e-18
common scenario,9.107298248878237e-18
watering plants,9.107298248878237e-18
spinach the other,9.107298248878237e-18
such as broccoli,9.107298248878237e-18
or spinach the,9.107298248878237e-18
because mice are,9.107298248878237e-18
mice are,9.107298248878237e-18
of watering plants,9.107298248878237e-18
pool is not,9.107298248878237e-18
physical action that,9.107298248878237e-18
mice,9.107298248878237e-18
plants the fresh,9.107298248878237e-18
require,9.107298248878237e-18
taken to address,9.107298248878237e-18
the issue,9.107298248878237e-18
require frequent,9.107298248878237e-18
require frequent watering,9.107298248878237e-18
spinach,9.107298248878237e-18
physical action,9.107298248878237e-18
pool is,9.107298248878237e-18
is because mice,9.107298248878237e-18
water loss,9.107298248878237e-18
watering such as,9.107298248878237e-18
the issue of,9.107298248878237e-18
pool,9.107298248878237e-18
water loss driving,9.107298248878237e-18
to the lack,9.107298248878237e-18
cupboards,9.107298248878237e-18
broccoli cabbage or,9.107298248878237e-18
that require,9.107298248878237e-18
watering such,9.107298248878237e-18
cabbage or spinach,9.107298248878237e-18
that require frequent,9.107298248878237e-18
cabbage or,9.107298248878237e-18
plants the,9.107298248878237e-18
cabbage,9.107298248878237e-18
into the,8.890457814381136e-18
of shops vermont,8.673617379884035e-18
supermarket shoppingcentre boutique,8.673617379884035e-18
vermont are not,8.673617379884035e-18
of shopping,8.673617379884035e-18
vermont is region,8.673617379884035e-18
which may,8.673617379884035e-18
boutique or,8.673617379884035e-18
social,8.673617379884035e-18
of shopping center,8.673617379884035e-18
boutique or vermont,8.673617379884035e-18
vermont are,8.673617379884035e-18
town which,8.673617379884035e-18
supermarket shoppingcentre,8.673617379884035e-18
shoppingcentre,8.673617379884035e-18
town which may,8.673617379884035e-18
or bathroom,8.673617379884035e-18
opposed to,8.673617379884035e-18
opposed to city,8.673617379884035e-18
shops vermont,8.673617379884035e-18
to errors,8.673617379884035e-18
shops vermont is,8.673617379884035e-18
variety of businesses,8.673617379884035e-18
region in the,8.673617379884035e-18
uncommon in strip,8.673617379884035e-18
region in,8.673617379884035e-18
region,8.673617379884035e-18
strip mall is,8.673617379884035e-18
businesses as,8.673617379884035e-18
businesses as opposed,8.673617379884035e-18
retail establishment that,8.673617379884035e-18
of businesses,8.673617379884035e-18
accessible,8.673617379884035e-18
businesses but does,8.673617379884035e-18
of collections of,8.673617379884035e-18
shoppingcentre boutique or,8.673617379884035e-18
shoppingcentre boutique,8.673617379884035e-18
smaller local,8.673617379884035e-18
smaller local businesses,8.673617379884035e-18
of collections,8.673617379884035e-18
of businesses but,8.673617379884035e-18
opposed,8.673617379884035e-18
shopping,8.673617379884035e-18
that is uncommon,8.673617379884035e-18
typically houses variety,8.673617379884035e-18
typically houses,8.673617379884035e-18
shopping center that,8.673617379884035e-18
shopping center,8.673617379884035e-18
and process,8.673617379884035e-18
businesses but,8.673617379884035e-18
retail establishment strip,8.673617379884035e-18
collections of,8.673617379884035e-18
center that,8.673617379884035e-18
single large retail,8.673617379884035e-18
single large supermarket,8.673617379884035e-18
off,8.673617379884035e-18
but does not,8.673617379884035e-18
type of shopping,8.673617379884035e-18
result in severe,8.673617379884035e-18
collections,8.673617379884035e-18
types of collections,8.673617379884035e-18
collections of shops,8.673617379884035e-18
capability is,8.673617379884035e-18
that this question,8.673617379884035e-18
or town which,8.673617379884035e-18
that typically houses,8.673617379884035e-18
task,8.673617379884035e-18
in severe consequences,8.673617379884035e-18
in severe,8.673617379884035e-18
fix,8.673617379884035e-18
this capability is,8.673617379884035e-18
this capability,8.673617379884035e-18
or vermont,8.673617379884035e-18
or vermont are,8.673617379884035e-18
center that typically,8.673617379884035e-18
which may not,8.673617379884035e-18
but does,8.673617379884035e-18
put it,8.51098705401121e-18
put,8.51098705401121e-18
so she,8.51098705401121e-18
she put,8.51098705401121e-18
put it in,8.51098705401121e-18
sure that he,8.51098705401121e-18
she wanted to,8.51098705401121e-18
she wanted,8.51098705401121e-18
she put it,8.51098705401121e-18
to it so,8.51098705401121e-18
that he could,8.51098705401121e-18
so she put,8.51098705401121e-18
for having,8.456776945386935e-18
for having fun,8.456776945386935e-18
time for having,8.456776945386935e-18
aside block of,8.456776945386935e-18
aside block,8.456776945386935e-18
of time for,8.456776945386935e-18
occurs,8.40256683676266e-18
that occurs,8.40256683676266e-18
based on,8.023096076392733e-18
closer to,8.023096076392733e-18
animal that,8.023096076392733e-18
closer,8.023096076392733e-18
based,8.023096076392733e-18
do not necessarily,8.023096076392733e-18
in charge,7.874018277675976e-18
in charge of,7.874018277675976e-18
who is in,7.874018277675976e-18
leader is,7.874018277675976e-18
to satisfy,7.806255641895632e-18
subject or topic,7.697835424647081e-18
subject or,7.697835424647081e-18
unfamiliar environments,7.697835424647081e-18
their curiosity,7.697835424647081e-18
their curiosity about,7.697835424647081e-18
which can,7.697835424647081e-18
particular subject,7.697835424647081e-18
or topic,7.697835424647081e-18
unfamiliar environments meet,7.697835424647081e-18
unfamiliar sensations,7.697835424647081e-18
unfamiliar sensations which,7.697835424647081e-18
sensations which can,7.697835424647081e-18
sensations,7.697835424647081e-18
is because going,7.697835424647081e-18
because going,7.697835424647081e-18
because going somewhere,7.697835424647081e-18
someone seeking,7.697835424647081e-18
somewhere is common,7.697835424647081e-18
to satisfy their,7.697835424647081e-18
of curiosity this,7.697835424647081e-18
curiosity this,7.697835424647081e-18
particular subject or,7.697835424647081e-18
option is logical,7.697835424647081e-18
seeking to satisfy,7.697835424647081e-18
sensations which,7.697835424647081e-18
of curiosity,7.697835424647081e-18
topic,7.697835424647081e-18
to explore,7.697835424647081e-18
satisfy their curiosity,7.697835424647081e-18
satisfy their,7.697835424647081e-18
source of curiosity,7.697835424647081e-18
to explore unfamiliar,7.697835424647081e-18
seeking to,7.697835424647081e-18
choice for someone,7.697835424647081e-18
someone seeking to,7.697835424647081e-18
people and experience,7.697835424647081e-18
set aside block,7.37257477290143e-18
conversation,7.37257477290143e-18
feelings of unease,7.15573433840433e-18
of unease,7.15573433840433e-18
conveys,7.15573433840433e-18
manifest as being,7.15573433840433e-18
establish,7.15573433840433e-18
unease or,7.15573433840433e-18
of unease or,7.15573433840433e-18
as being dangerous,7.15573433840433e-18
unease which can,7.15573433840433e-18
unease which,7.15573433840433e-18
frown,7.15573433840433e-18
or unease,7.15573433840433e-18
or unease which,7.15573433840433e-18
unease or unease,7.15573433840433e-18
being dangerous,7.15573433840433e-18
the ocean which,6.938893903907228e-18
ocean which,6.938893903907228e-18
ocean which is,6.938893903907228e-18
provided,6.938893903907228e-18
cafes and,6.938893903907228e-18
structures for housing,6.938893903907228e-18
cafe is type,6.938893903907228e-18
structure however,6.938893903907228e-18
structure however cafe,6.938893903907228e-18
cafe which is,6.938893903907228e-18
cafes and they,6.938893903907228e-18
cafes so,6.938893903907228e-18
structures for,6.938893903907228e-18
went,6.938893903907228e-18
cafes so the,6.938893903907228e-18
water or in,6.938893903907228e-18
water or,6.938893903907228e-18
that live,6.938893903907228e-18
that live in,6.938893903907228e-18
pets or in,6.938893903907228e-18
pets or,6.938893903907228e-18
pets,6.938893903907228e-18
cafe which,6.938893903907228e-18
cafe is,6.938893903907228e-18
pet stores,6.938893903907228e-18
structure and animals,6.938893903907228e-18
trees,6.938893903907228e-18
trees including,6.938893903907228e-18
trees including cafes,6.938893903907228e-18
housing,6.938893903907228e-18
dan fell,6.938893903907228e-18
dan fell off,6.938893903907228e-18
stores which are,6.938893903907228e-18
stores which,6.938893903907228e-18
or in the,6.938893903907228e-18
or in cafe,6.938893903907228e-18
he went to,6.938893903907228e-18
he went,6.938893903907228e-18
where it,6.938893903907228e-18
is because squirrels,6.938893903907228e-18
structure and,6.938893903907228e-18
pet stores which,6.938893903907228e-18
went to,6.938893903907228e-18
fell off bar,6.938893903907228e-18
squirrels,6.938893903907228e-18
because squirrels are,6.938893903907228e-18
of water or,6.938893903907228e-18
because squirrels,6.938893903907228e-18
which are structures,6.938893903907228e-18
fell,6.938893903907228e-18
fell off,6.938893903907228e-18
off bar,6.938893903907228e-18
squirrels are,6.938893903907228e-18
squirrels are animals,6.938893903907228e-18
of structure however,6.938893903907228e-18
drawer,6.938893903907228e-18
off bar stool,6.938893903907228e-18
of structure and,6.938893903907228e-18
which is body,6.938893903907228e-18
to make sure,6.7220534694101275e-18
make sure,6.7220534694101275e-18
fun as,6.7220534694101275e-18
it in,6.7220534694101275e-18
wanted to make,6.7220534694101275e-18
make sure that,6.7220534694101275e-18
sure that,6.7220534694101275e-18
could get to,6.7220534694101275e-18
laugh,6.7220534694101275e-18
contentment,6.7220534694101275e-18
sure,6.7220534694101275e-18
kitchen drawer,6.7220534694101275e-18
get to,6.7220534694101275e-18
common location,6.613633252161577e-18
common location for,6.613633252161577e-18
they have,6.5052130349130266e-18
which suggests that,6.2341624917916505e-18
which suggests,6.2341624917916505e-18
strategic,6.179952383167375e-18
strategic decisions,6.179952383167375e-18
you are not,6.071532165918825e-18
but it does,6.071532165918825e-18
it does,6.071532165918825e-18
it does not,6.071532165918825e-18
that you,6.071532165918825e-18
the physical,6.071532165918825e-18
tension on the,5.7462715141731735e-18
tension on,5.7462715141731735e-18
one can,5.719166459861036e-18
in way,5.637851296924623e-18
in way that,5.637851296924623e-18
to help,5.637851296924623e-18
way that,5.637851296924623e-18
proper,5.637851296924623e-18
of exercise,5.421010862427522e-18
tubs as,5.421010862427522e-18
to participate,5.421010862427522e-18
of physical therapy,5.421010862427522e-18
tubs as form,5.421010862427522e-18
of exercise and,5.421010862427522e-18
to participate in,5.421010862427522e-18
choice for athletes,5.421010862427522e-18
soreness and improve,5.421010862427522e-18
performance,5.421010862427522e-18
or rehabilitation,5.421010862427522e-18
strain swimming,5.421010862427522e-18
resulting in muscle,5.421010862427522e-18
to alleviate muscle,5.421010862427522e-18
soreness or,5.421010862427522e-18
performance swimming,5.421010862427522e-18
or strain swimming,5.421010862427522e-18
playing baseball and,5.421010862427522e-18
performance swimming is,5.421010862427522e-18
soreness or strain,5.421010862427522e-18
other forms,5.421010862427522e-18
other forms of,5.421010862427522e-18
strain swimming is,5.421010862427522e-18
playing baseball making,5.421010862427522e-18
playing baseball which,5.421010862427522e-18
or strain,5.421010862427522e-18
repetitive motion and,5.421010862427522e-18
of physical,5.421010862427522e-18
who may not,5.421010862427522e-18
way for athletes,5.421010862427522e-18
physical performance swimming,5.421010862427522e-18
physical performance,5.421010862427522e-18
physical exertion often,5.421010862427522e-18
therapy or rehabilitation,5.421010862427522e-18
therapy or,5.421010862427522e-18
therapy,5.421010862427522e-18
participate,5.421010862427522e-18
participate in,5.421010862427522e-18
participate in other,5.421010862427522e-18
for athletes to,5.421010862427522e-18
often soak in,5.421010862427522e-18
often soak,5.421010862427522e-18
often resulting in,5.421010862427522e-18
often resulting,5.421010862427522e-18
recovery,5.421010862427522e-18
recovery after,5.421010862427522e-18
recovery after playing,5.421010862427522e-18
their physical performance,5.421010862427522e-18
physical therapy,5.421010862427522e-18
soreness and,5.421010862427522e-18
who may,5.421010862427522e-18
swimming is popular,5.421010862427522e-18
popular alternative,5.421010862427522e-18
popular alternative to,5.421010862427522e-18
safer,5.421010862427522e-18
safer alternative,5.421010862427522e-18
athletes to,5.421010862427522e-18
repetitive motion,5.421010862427522e-18
repetitive,5.421010862427522e-18
safer alternative to,5.421010862427522e-18
swimming is more,5.421010862427522e-18
common way for,5.421010862427522e-18
physical therapy or,5.421010862427522e-18
which involves repetitive,5.421010862427522e-18
body because it,5.204170427930421e-18
when it experiences,5.204170427930421e-18
brainstem the rationale,5.204170427930421e-18
body has the,5.204170427930421e-18
body has,5.204170427930421e-18
body because,5.204170427930421e-18
traumatic event,5.204170427930421e-18
traumatic event such,5.204170427930421e-18
traumatic,5.204170427930421e-18
while it is,5.204170427930421e-18
brainstem the,5.204170427930421e-18
such as heart,5.204170427930421e-18
break into garbage,5.204170427930421e-18
this could,5.204170427930421e-18
common medical condition,5.204170427930421e-18
is not typically,5.204170427930421e-18
because the human,5.204170427930421e-18
is possible that,5.204170427930421e-18
the one thing,5.204170427930421e-18
the release of,5.204170427930421e-18
that typically,5.204170427930421e-18
possible that,5.204170427930421e-18
one thing in,5.204170427930421e-18
one thing,5.204170427930421e-18
body and not,5.204170427930421e-18
common medical,5.204170427930421e-18
release of toxins,5.204170427930421e-18
waste products during,5.204170427930421e-18
waste products,5.204170427930421e-18
products,5.204170427930421e-18
products during,5.204170427930421e-18
or brainstem the,5.204170427930421e-18
or brainstem,5.204170427930421e-18
thing in,5.204170427930421e-18
condition and can,5.204170427930421e-18
other waste products,5.204170427930421e-18
other waste,5.204170427930421e-18
result in the,5.204170427930421e-18
triplet is that,5.204170427930421e-18
or other,5.204170427930421e-18
products during heart,5.204170427930421e-18
condition and,5.204170427930421e-18
condition,5.204170427930421e-18
the release,5.204170427930421e-18
relief,5.149960319306146e-18
stress relief,5.149960319306146e-18
with having,4.797594613248357e-18
of the sharp,4.336808689942018e-18
such as razor,4.336808689942018e-18
while the,4.336808689942018e-18
accessible to,4.336808689942018e-18
the damage,4.336808689942018e-18
the clothes and,4.336808689942018e-18
the clothes or,4.336808689942018e-18
the center,4.336808689942018e-18
the damage torn,4.336808689942018e-18
the center of,4.336808689942018e-18
to the local,4.336808689942018e-18
the fabric,4.336808689942018e-18
the fabric and,4.336808689942018e-18
other options could,4.336808689942018e-18
wetting,4.336808689942018e-18
wetting the,4.336808689942018e-18
wetting the clothes,4.336808689942018e-18
or having fun,4.336808689942018e-18
or having,4.336808689942018e-18
population,4.336808689942018e-18
options could also,4.336808689942018e-18
options could,4.336808689942018e-18
cause damage to,4.336808689942018e-18
cause damage,4.336808689942018e-18
can cause damage,4.336808689942018e-18
accessible to the,4.336808689942018e-18
to the sharp,4.336808689942018e-18
to the clothes,4.336808689942018e-18
the clothes wetting,4.336808689942018e-18
causing the damage,4.336808689942018e-18
razor they,4.336808689942018e-18
sharp object cuts,4.336808689942018e-18
object causing the,4.336808689942018e-18
clothes are,4.336808689942018e-18
object causing,4.336808689942018e-18
clothes are result,4.336808689942018e-18
clothes become caught,4.336808689942018e-18
clothes or,4.336808689942018e-18
clothes or having,4.336808689942018e-18
is easily,4.336808689942018e-18
clothes wetting,4.336808689942018e-18
clothes wetting the,4.336808689942018e-18
sharp object causing,4.336808689942018e-18
sharp object hitting,4.336808689942018e-18
object cuts through,4.336808689942018e-18
sharp object such,4.336808689942018e-18
appropriate answer is,4.336808689942018e-18
local population,4.336808689942018e-18
they become damaged,4.336808689942018e-18
through the fabric,4.336808689942018e-18
they become,4.336808689942018e-18
true they,4.336808689942018e-18
in various,4.336808689942018e-18
in cafe,4.336808689942018e-18
to become damaged,4.336808689942018e-18
them to become,4.336808689942018e-18
object cuts,4.336808689942018e-18
to become,4.336808689942018e-18
clothes and causing,4.336808689942018e-18
torn clothes,4.336808689942018e-18
razor they become,4.336808689942018e-18
causing the,4.336808689942018e-18
easily accessible to,4.336808689942018e-18
razor,4.336808689942018e-18
the local,4.336808689942018e-18
clothes and,4.336808689942018e-18
while the other,4.336808689942018e-18
toilet,4.336808689942018e-18
the local population,4.336808689942018e-18
is easily accessible,4.336808689942018e-18
object hitting,4.336808689942018e-18
object such as,4.336808689942018e-18
torn clothes are,4.336808689942018e-18
object hitting the,4.336808689942018e-18
object such,4.336808689942018e-18
limited,4.119968255444917e-18
suitable choice,4.119968255444917e-18
not limited to,4.119968255444917e-18
limited to,4.119968255444917e-18
suitable choice for,4.119968255444917e-18
not limited,4.119968255444917e-18
is not limited,4.119968255444917e-18
as being,3.903127820947816e-18
easily accessible,3.903127820947816e-18
are not places,3.903127820947816e-18
not places,3.903127820947816e-18
if he,3.903127820947816e-18
body and,3.903127820947816e-18
help,3.7947076036992655e-18
or behavior,3.577867169202165e-18
or establish,3.577867169202165e-18
or contentment which,3.577867169202165e-18
the fact,3.577867169202165e-18
the fact that,3.577867169202165e-18
this can lead,3.577867169202165e-18
common facial,3.577867169202165e-18
common facial expression,3.577867169202165e-18
that conveys,3.577867169202165e-18
that is beneficial,3.577867169202165e-18
that conveys sadness,3.577867169202165e-18
the frown,3.577867169202165e-18
beneficial,3.577867169202165e-18
beneficial to,3.577867169202165e-18
common psychological principle,3.577867169202165e-18
or contentment,3.577867169202165e-18
beneficial to you,3.577867169202165e-18
or behavior in,3.577867169202165e-18
to the fact,3.577867169202165e-18
the underlying emotion,3.577867169202165e-18
underlying,3.577867169202165e-18
the true nature,3.577867169202165e-18
re stranger it,3.577867169202165e-18
re talking,3.577867169202165e-18
re talking to,3.577867169202165e-18
to you this,3.577867169202165e-18
to you,3.577867169202165e-18
the smile can,3.577867169202165e-18
the smile gap,3.577867169202165e-18
the person you,3.577867169202165e-18
the smile often,3.577867169202165e-18
of the frown,3.577867169202165e-18
the person well,3.577867169202165e-18
that you may,3.577867169202165e-18
the true,3.577867169202165e-18
with the person,3.577867169202165e-18
the underlying,3.577867169202165e-18
the expression of,3.577867169202165e-18
or establish trust,3.577867169202165e-18
principle known as,3.577867169202165e-18
principle known,3.577867169202165e-18
smile often conveys,3.577867169202165e-18
smile often,3.577867169202165e-18
smile gap,3.577867169202165e-18
smile can also,3.577867169202165e-18
often conveys,3.577867169202165e-18
often conveys sense,3.577867169202165e-18
their intentions,3.577867169202165e-18
their intentions or,3.577867169202165e-18
underlying emotion this,3.577867169202165e-18
underlying emotion,3.577867169202165e-18
the expression,3.577867169202165e-18
the frown making,3.577867169202165e-18
you may,3.577867169202165e-18
conceal,3.577867169202165e-18
to establish connection,3.577867169202165e-18
stranger it,3.577867169202165e-18
stranger it can,3.577867169202165e-18
talking to leading,3.577867169202165e-18
well and,3.577867169202165e-18
well and may,3.577867169202165e-18
conceal the true,3.577867169202165e-18
others to,3.577867169202165e-18
others to detect,3.577867169202165e-18
you this can,3.577867169202165e-18
to detect,3.577867169202165e-18
to detect the,3.577867169202165e-18
to establish,3.577867169202165e-18
fact that,3.577867169202165e-18
sadness or,3.577867169202165e-18
true nature of,3.577867169202165e-18
sadness or frustration,3.577867169202165e-18
fact,3.577867169202165e-18
to leading,3.577867169202165e-18
to leading to,3.577867169202165e-18
person you re,3.577867169202165e-18
person you,3.577867169202165e-18
person well and,3.577867169202165e-18
person well,3.577867169202165e-18
psychological principle known,3.577867169202165e-18
psychological principle,3.577867169202165e-18
you this,3.577867169202165e-18
you re talking,3.577867169202165e-18
you may not,3.577867169202165e-18
true nature,3.577867169202165e-18
conceal the,3.577867169202165e-18
trust with,3.577867169202165e-18
of frown,3.577867169202165e-18
connection or establish,3.577867169202165e-18
connection or,3.577867169202165e-18
through the expression,3.577867169202165e-18
or frustration,3.577867169202165e-18
way that is,3.577867169202165e-18
or frustration the,3.577867169202165e-18
trust with the,3.577867169202165e-18
of frown which,3.577867169202165e-18
and playground is,3.469446951953614e-18
high pressure,3.469446951953614e-18
place where such,3.469446951953614e-18
that it,3.469446951953614e-18
where such,3.469446951953614e-18
playground is,3.469446951953614e-18
answers,3.469446951953614e-18
and playground,3.469446951953614e-18
have gone,3.3610267347050637e-18
might have,3.3610267347050637e-18
where he could,3.3610267347050637e-18
might have gone,3.3610267347050637e-18
gone,3.3610267347050637e-18
down and,3.3610267347050637e-18
very,3.3610267347050637e-18
very expensive,3.3610267347050637e-18
expensive,3.3610267347050637e-18
james might,3.3610267347050637e-18
james might have,3.3610267347050637e-18
tired of,3.0357660829594124e-18
readiness,3.0357660829594124e-18
you are giving,3.0357660829594124e-18
to make good,3.0357660829594124e-18
eye,3.0357660829594124e-18
of small talk,3.0357660829594124e-18
of small,3.0357660829594124e-18
readiness to work,3.0357660829594124e-18
readiness to,3.0357660829594124e-18
your social skills,3.0357660829594124e-18
you increase,3.0357660829594124e-18
contact,3.0357660829594124e-18
by getting tired,3.0357660829594124e-18
you increase your,3.0357660829594124e-18
your interest and,3.0357660829594124e-18
by not,3.0357660829594124e-18
on the interviewer,3.0357660829594124e-18
showcasing,3.0357660829594124e-18
showcasing your,3.0357660829594124e-18
showcasing your social,3.0357660829594124e-18
considered for the,3.0357660829594124e-18
by not making,3.0357660829594124e-18
social skills which,3.0357660829594124e-18
by getting,3.0357660829594124e-18
skills which is,3.0357660829594124e-18
these you are,3.0357660829594124e-18
these you,3.0357660829594124e-18
small talk,3.0357660829594124e-18
talk eye,3.0357660829594124e-18
talk eye contact,3.0357660829594124e-18
that you are,3.0357660829594124e-18
of these you,3.0357660829594124e-18
considered for,3.0357660829594124e-18
of the interview,3.0357660829594124e-18
when interviewing for,3.0357660829594124e-18
tired of small,3.0357660829594124e-18
small talk eye,3.0357660829594124e-18
when interviewing,3.0357660829594124e-18
good impression,3.0357660829594124e-18
your chances,3.0357660829594124e-18
work by making,3.0357660829594124e-18
your social,3.0357660829594124e-18
getting tired of,3.0357660829594124e-18
eye contact,3.0357660829594124e-18
social skills,3.0357660829594124e-18
talk,3.0357660829594124e-18
work by,3.0357660829594124e-18
the interview you,3.0357660829594124e-18
to work,3.0357660829594124e-18
the job by,3.0357660829594124e-18
the interview by,3.0357660829594124e-18
the interviewer and,3.0357660829594124e-18
the impression,3.0357660829594124e-18
of being considered,3.0357660829594124e-18
your chances of,3.0357660829594124e-18
chances of being,3.0357660829594124e-18
chances of,3.0357660829594124e-18
the impression that,3.0357660829594124e-18
your interest,3.0357660829594124e-18
chances,3.0357660829594124e-18
to work by,3.0357660829594124e-18
it can receive,2.6020852139652106e-18
not types of,2.6020852139652106e-18
possible outcome,2.6020852139652106e-18
is because one,2.6020852139652106e-18
live in,2.6020852139652106e-18
not types,2.6020852139652106e-18
are not types,2.6020852139652106e-18
the internet it,2.6020852139652106e-18
types of,2.6020852139652106e-18
of collection,2.6020852139652106e-18
data from,2.6020852139652106e-18
types,2.6020852139652106e-18
collection,2.6020852139652106e-18
hug,2.6020852139652106e-18
type of collection,2.6020852139652106e-18
computer is,2.6020852139652106e-18
literature in,2.6020852139652106e-18
can receive,2.6020852139652106e-18
keeps literature,2.6020852139652106e-18
receive data from,2.6020852139652106e-18
keeps,2.6020852139652106e-18
internet it can,2.6020852139652106e-18
literature,2.6020852139652106e-18
it to process,2.6020852139652106e-18
keeps literature in,2.6020852139652106e-18
internet allowing it,2.6020852139652106e-18
due to the,2.6020852139652106e-18
when computer,2.6020852139652106e-18
when computer is,2.6020852139652106e-18
because one,2.6020852139652106e-18
information this is,2.6020852139652106e-18
because when computer,2.6020852139652106e-18
can receive data,2.6020852139652106e-18
internet it,2.6020852139652106e-18
that is,2.3852447794681098e-18
serves,2.168404344971009e-18
this location,2.168404344971009e-18
of town provides,2.168404344971009e-18
point,2.168404344971009e-18
point for,2.168404344971009e-18
this location provides,2.168404344971009e-18
point for postal,2.168404344971009e-18
serves as,2.168404344971009e-18
provides central location,2.168404344971009e-18
population this,2.168404344971009e-18
serves as the,2.168404344971009e-18
population additionally,2.168404344971009e-18
typically located in,2.168404344971009e-18
typically located,2.168404344971009e-18
offices as it,2.168404344971009e-18
offices as,2.168404344971009e-18
offices,2.168404344971009e-18
office is typically,2.168404344971009e-18
services and is,2.168404344971009e-18
postal services and,2.168404344971009e-18
postal services,2.168404344971009e-18
postal,2.168404344971009e-18
post offices as,2.168404344971009e-18
post offices,2.168404344971009e-18
operate,2.168404344971009e-18
operate making,2.168404344971009e-18
operate making it,2.168404344971009e-18
provides central,2.168404344971009e-18
population this location,2.168404344971009e-18
central point,2.168404344971009e-18
population additionally the,2.168404344971009e-18
central point for,2.168404344971009e-18
of town as,2.168404344971009e-18
town provides,2.168404344971009e-18
suitable location for,2.168404344971009e-18
businesses and,2.168404344971009e-18
organizations to,2.168404344971009e-18
town provides central,2.168404344971009e-18
businesses and organizations,2.168404344971009e-18
organizations to locate,2.168404344971009e-18
the central point,2.168404344971009e-18
arena,2.168404344971009e-18
suitable location,2.168404344971009e-18
town as it,2.168404344971009e-18
town as,2.168404344971009e-18
provides convenient and,2.168404344971009e-18
provides convenient,2.168404344971009e-18
convenient,2.168404344971009e-18
organizations,2.168404344971009e-18
practice,2.0599841277224584e-18
goals,1.734723475976807e-18
belongings kitchen,1.734723475976807e-18
desk drawer,1.734723475976807e-18
sure that bob,1.734723475976807e-18
get to the,1.734723475976807e-18
belongings,1.734723475976807e-18
bob,1.734723475976807e-18
desk,1.734723475976807e-18
one usually keeps,1.734723475976807e-18
grady,1.734723475976807e-18
option lazy,1.734723475976807e-18
option lazy still,1.734723475976807e-18
grady wanted,1.734723475976807e-18
grady wanted to,1.734723475976807e-18
the option lazy,1.734723475976807e-18
options damage,1.734723475976807e-18
options damage wonderful,1.734723475976807e-18
work related,1.734723475976807e-18
that bob could,1.734723475976807e-18
that bob,1.734723475976807e-18
personal belongings kitchen,1.734723475976807e-18
still captures the,1.734723475976807e-18
one usually,1.734723475976807e-18
that grady,1.734723475976807e-18
states that grady,1.734723475976807e-18
wonderful,1.734723475976807e-18
related items,1.734723475976807e-18
related items and,1.734723475976807e-18
wonderful exhaustion,1.734723475976807e-18
too much,1.734723475976807e-18
to the stick,1.734723475976807e-18
wonderful exhaustion and,1.734723475976807e-18
stick,1.734723475976807e-18
too much trouble,1.734723475976807e-18
perfect pebble,1.734723475976807e-18
stick which,1.734723475976807e-18
perfect,1.734723475976807e-18
suggests that she,1.734723475976807e-18
usually,1.734723475976807e-18
stick which suggests,1.734723475976807e-18
usually keeps,1.734723475976807e-18
still captures,1.734723475976807e-18
is responsible,1.734723475976807e-18
releasing energy lazy,1.734723475976807e-18
that grady wanted,1.734723475976807e-18
items and,1.734723475976807e-18
personal belongings,1.734723475976807e-18
is responsible for,1.734723475976807e-18
or chore,1.734723475976807e-18
question desk drawer,1.734723475976807e-18
an office,1.734723475976807e-18
placed it in,1.734723475976807e-18
orgasm are not,1.734723475976807e-18
orgasm are,1.734723475976807e-18
or kitchen,1.734723475976807e-18
or kitchen drawer,1.734723475976807e-18
orgasm,1.734723475976807e-18
pocket or kitchen,1.734723475976807e-18
pocket or,1.734723475976807e-18
pocket,1.734723475976807e-18
an office is,1.734723475976807e-18
the idea of,1.734723475976807e-18
the idea,1.734723475976807e-18
retail establishment,1.734723475976807e-18
store personal,1.734723475976807e-18
sometimes,1.734723475976807e-18
sometimes feel,1.734723475976807e-18
retail,1.734723475976807e-18
bob could get,1.734723475976807e-18
specific feeling the,1.734723475976807e-18
trouble which,1.734723475976807e-18
trouble,1.734723475976807e-18
consequences including,1.734723475976807e-18
bob could,1.734723475976807e-18
among,1.734723475976807e-18
sometimes feel like,1.734723475976807e-18
or work,1.734723475976807e-18
store personal belongings,1.734723475976807e-18
placed it,1.734723475976807e-18
work related items,1.734723475976807e-18
severe consequences including,1.734723475976807e-18
she placed,1.734723475976807e-18
or work related,1.734723475976807e-18
or chore but,1.734723475976807e-18
own home,1.734723475976807e-18
effectively,1.734723475976807e-18
to find it,1.734723475976807e-18
question desk,1.734723475976807e-18
and common,1.734723475976807e-18
she placed it,1.734723475976807e-18
severe consequences,1.734723475976807e-18
not direct,1.734723475976807e-18
is not direct,1.734723475976807e-18
this context and,1.734723475976807e-18
placed,1.734723475976807e-18
usually keeps literature,1.734723475976807e-18
taking,1.734723475976807e-18
taking notes,1.734723475976807e-18
taking notes or,1.734723475976807e-18
place for taking,1.734723475976807e-18
notes or,1.734723475976807e-18
place to store,1.734723475976807e-18
this is general,1.734723475976807e-18
context and are,1.734723475976807e-18
other options damage,1.734723475976807e-18
context and,1.734723475976807e-18
burden or chore,1.734723475976807e-18
states that,1.734723475976807e-18
rationale states that,1.734723475976807e-18
chore,1.734723475976807e-18
something because it,1.734723475976807e-18
the rationale states,1.734723475976807e-18
because one usually,1.734723475976807e-18
the perfect,1.734723475976807e-18
letters are,1.734723475976807e-18
so it can,1.734723475976807e-18
that she placed,1.734723475976807e-18
to store,1.734723475976807e-18
chore but,1.734723475976807e-18
the stick which,1.734723475976807e-18
the perfect pebble,1.734723475976807e-18
of not wanting,1.734723475976807e-18
anxiety,1.734723475976807e-18
seek,1.734723475976807e-18
so it,1.734723475976807e-18
mean,1.734723475976807e-18
most likely location,1.734723475976807e-18
that she,1.734723475976807e-18
wanting,1.734723475976807e-18
letters,1.734723475976807e-18
captures,1.734723475976807e-18
to store personal,1.734723475976807e-18
something because,1.734723475976807e-18
of releasing,1.734723475976807e-18
of releasing energy,1.734723475976807e-18
can sometimes feel,1.734723475976807e-18
can sometimes,1.734723475976807e-18
rationale states,1.734723475976807e-18
the question desk,1.734723475976807e-18
chore but it,1.734723475976807e-18
up can sometimes,1.734723475976807e-18
the stick,1.734723475976807e-18
wanting to,1.734723475976807e-18
wanting to do,1.734723475976807e-18
captures the idea,1.734723475976807e-18
captures the,1.734723475976807e-18
can be,1.5178830414797062e-18
get,1.4094628242311558e-18
of shops and,1.3010426069826053e-18
person who is,1.3010426069826053e-18
of group,1.3010426069826053e-18
shops and,1.3010426069826053e-18
is it,1.3010426069826053e-18
charge of group,1.3010426069826053e-18
severe physical,8.673617379884035e-19
nerve to break,8.673617379884035e-19
serious crime,8.673617379884035e-19
crime that,8.673617379884035e-19
water and are,8.673617379884035e-19
crime that can,8.673617379884035e-19
used the,8.673617379884035e-19
serious crime that,8.673617379884035e-19
safety measures,8.673617379884035e-19
picked up the,8.673617379884035e-19
severe physical harm,8.673617379884035e-19
well because they,8.673617379884035e-19
in the water,8.673617379884035e-19
consequences including imprisonment,8.673617379884035e-19
including imprisonment,8.673617379884035e-19
including severe,8.673617379884035e-19
including severe physical,8.673617379884035e-19
to be body,8.673617379884035e-19
planning to use,8.673617379884035e-19
planning to,8.673617379884035e-19
planning,8.673617379884035e-19
small enough,8.673617379884035e-19
water without proper,8.673617379884035e-19
water without,8.673617379884035e-19
small enough to,8.673617379884035e-19
at surfing,8.673617379884035e-19
new life,8.673617379884035e-19
bodies,8.673617379884035e-19
to break into,8.673617379884035e-19
bodies of,8.673617379884035e-19
imprisonment,8.673617379884035e-19
playground is place,8.673617379884035e-19
that can result,8.673617379884035e-19
to use the,8.673617379884035e-19
well because,8.673617379884035e-19
bodies of water,8.673617379884035e-19
consequences including severe,8.673617379884035e-19
set of instructions,8.673617379884035e-19
object and playground,8.673617379884035e-19
measures,8.673617379884035e-19
tool,8.673617379884035e-19
of water and,8.673617379884035e-19
pebble suggests,8.673617379884035e-19
pebble suggests that,8.673617379884035e-19
pebble to,8.673617379884035e-19
pebble to make,8.673617379884035e-19
victim,8.673617379884035e-19
is serious crime,8.673617379884035e-19
without proper,8.673617379884035e-19
without proper safety,8.673617379884035e-19
difficult to,8.673617379884035e-19
using tool,8.673617379884035e-19
the victim,8.673617379884035e-19
object can be,8.673617379884035e-19
perfect pebble to,8.673617379884035e-19
learning is,8.673617379884035e-19
perfect pebble suggests,8.673617379884035e-19
garbage,8.673617379884035e-19
up the,8.673617379884035e-19
person is planning,8.673617379884035e-19
is most,8.673617379884035e-19
to the victim,8.673617379884035e-19
to make large,8.673617379884035e-19
of instructions for,8.673617379884035e-19
object and,8.673617379884035e-19
such an object,8.673617379884035e-19
proper safety measures,8.673617379884035e-19
used the other,8.673617379884035e-19
break into,8.673617379884035e-19
body part,8.673617379884035e-19
body part are,8.673617379884035e-19
part are,8.673617379884035e-19
part are not,8.673617379884035e-19
where such an,8.673617379884035e-19
phrase he picked,8.673617379884035e-19
good at surfing,8.673617379884035e-19
the water without,8.673617379884035e-19
such an,8.673617379884035e-19
set of,8.673617379884035e-19
person backyard manual,8.673617379884035e-19
person backyard,8.673617379884035e-19
surfing,8.673617379884035e-19
up the perfect,8.673617379884035e-19
is serious,8.673617379884035e-19
proper safety,8.673617379884035e-19
of instructions,8.673617379884035e-19
use the perfect,8.673617379884035e-19
process that,6.505213034913027e-19
smiling,4.87890977618477e-19
the victim the,4.336808689942018e-19
but is,4.336808689942018e-19
who loves to,4.336808689942018e-19
include,4.336808689942018e-19
of drowning,4.336808689942018e-19
type they,4.336808689942018e-19
who loves,4.336808689942018e-19
so if you,4.336808689942018e-19
respond positively,4.336808689942018e-19
respond positively to,4.336808689942018e-19
way that may,4.336808689942018e-19
this question is,4.336808689942018e-19
which shows,4.336808689942018e-19
so if,4.336808689942018e-19
smiling can help,4.336808689942018e-19
smiling can,4.336808689942018e-19
but is not,4.336808689942018e-19
victim the penalty,4.336808689942018e-19
respond,4.336808689942018e-19
to respond positively,4.336808689942018e-19
to respond,4.336808689942018e-19
type they can,4.336808689942018e-19
ingredients,4.336808689942018e-19
victim the,4.336808689942018e-19
the crime can,4.336808689942018e-19
of drowning if,4.336808689942018e-19
sensitive,4.336808689942018e-19
are more,4.336808689942018e-19
of the sport,4.336808689942018e-19
consequences of,4.336808689942018e-19
safety measures this,4.336808689942018e-19
surfing they may,4.336808689942018e-19
surfing they,4.336808689942018e-19
surfing and,4.336808689942018e-19
surfers due to,4.336808689942018e-19
surfers due,4.336808689942018e-19
surfers,4.336808689942018e-19
going on date,4.336808689942018e-19
going on,4.336808689942018e-19
surf but is,4.336808689942018e-19
towards the other,4.336808689942018e-19
towards the,4.336808689942018e-19
penalty,4.336808689942018e-19
penalty for,4.336808689942018e-19
penalty for murder,4.336808689942018e-19
people are more,4.336808689942018e-19
towards,4.336808689942018e-19
person smiling can,4.336808689942018e-19
person smiling,4.336808689942018e-19
people it,4.336808689942018e-19
people it can,4.336808689942018e-19
the meeting more,4.336808689942018e-19
the meeting,4.336808689942018e-19
to positive,4.336808689942018e-19
to positive smile,4.336808689942018e-19
drown,4.336808689942018e-19
drown if,4.336808689942018e-19
both people it,4.336808689942018e-19
both people,4.336808689942018e-19
safety measures therefore,4.336808689942018e-19
someone is not,4.336808689942018e-19
wiping out is,4.336808689942018e-19
the inherent,4.336808689942018e-19
consequences of the,4.336808689942018e-19
shows affection and,4.336808689942018e-19
shows affection,4.336808689942018e-19
shows,4.336808689942018e-19
the crime,4.336808689942018e-19
the sport james,4.336808689942018e-19
of the crime,4.336808689942018e-19
the sport,4.336808689942018e-19
sensitive so,4.336808689942018e-19
sensitive so if,4.336808689942018e-19
to the presence,4.336808689942018e-19
risk,4.336808689942018e-19
risk of,4.336808689942018e-19
well,4.336808689942018e-19
the potential consequences,4.336808689942018e-19
wiping,4.336808689942018e-19
the inherent dangers,4.336808689942018e-19
risk of drowning,4.336808689942018e-19
when person is,4.336808689942018e-19
other person,4.336808689942018e-19
other person smiling,4.336808689942018e-19
positive attitude,4.336808689942018e-19
out is,4.336808689942018e-19
out is not,4.336808689942018e-19
unhealthy ingredients,4.336808689942018e-19
dangers,4.336808689942018e-19
date,4.336808689942018e-19
wiping out,4.336808689942018e-19
fear,4.336808689942018e-19
to the inherent,4.336808689942018e-19
communication,4.336808689942018e-19
therefore committing murder,4.336808689942018e-19
can help create,4.336808689942018e-19
question is presented,4.336808689942018e-19
positive smile however,4.336808689942018e-19
positively,4.336808689942018e-19
positively to,4.336808689942018e-19
positively to positive,4.336808689942018e-19
presented in way,4.336808689942018e-19
they may drown,4.336808689942018e-19
common fear,4.336808689942018e-19
sport james who,4.336808689942018e-19
smile when,4.336808689942018e-19
can still smile,4.336808689942018e-19
still smile,4.336808689942018e-19
positive first impression,4.336808689942018e-19
therefore committing,4.336808689942018e-19
smile however it,4.336808689942018e-19
smile when meeting,4.336808689942018e-19
severe and the,4.336808689942018e-19
on date,4.336808689942018e-19
still smile when,4.336808689942018e-19
can include severe,4.336808689942018e-19
the penalty for,4.336808689942018e-19
they fall in,4.336808689942018e-19
sport james,4.336808689942018e-19
common fear among,4.336808689942018e-19
can include,4.336808689942018e-19
positive smile,4.336808689942018e-19
they fall,4.336808689942018e-19
they can still,4.336808689942018e-19
the other person,4.336808689942018e-19
presented in,4.336808689942018e-19
presented,4.336808689942018e-19
committing murder can,4.336808689942018e-19
potential consequences of,4.336808689942018e-19
question is,4.336808689942018e-19
severe and,4.336808689942018e-19
communication easier and,4.336808689942018e-19
smile however,4.336808689942018e-19
being and,4.336808689942018e-19
communication easier,4.336808689942018e-19
which shows affection,4.336808689942018e-19
positive attitude towards,4.336808689942018e-19
potential consequences,4.336808689942018e-19
the penalty,4.336808689942018e-19
positive first,4.336808689942018e-19
while being,0.0
satisfaction as it,0.0
satisfaction as,0.0
studied additionally literature,0.0
study,0.0
sand traps are,0.0
same sense,0.0
same sense as,0.0
why something had,0.0
sound invigorating is,0.0
physical sport,0.0
study table,0.0
sand traps,0.0
same way that,0.0
study table or,0.0
studying,0.0
physical sport and,0.0
promote recovery while,0.0
physical location like,0.0
physical one therefore,0.0
physical one,0.0
with hockey games,0.0
seeing their favorite,0.0
subject for story,0.0
subject for,0.0
why the mouse,0.0
relaxing sound,0.0
stick she,0.0
relaxing sound worrying,0.0
physical activities,0.0
physical activities hot,0.0
satisfaction satisfaction is,0.0
satisfaction satisfaction,0.0
adjust,0.0
stupid when you,0.0
stupid when,0.0
body part such,0.0
adjust to,0.0
poverty is not,0.0
physical location and,0.0
when he or,0.0
studied,0.0
physical location where,0.0
while being held,0.0
studying but the,0.0
studying but,0.0
studied additionally,0.0
she is running,0.0
students to store,0.0
would tell,0.0
small town,0.0
she would,0.0
because history,0.0
she would put,0.0
prosecution trial is,0.0
shelter,0.0
shelter and,0.0
shelter and safety,0.0
sound falling asleep,0.0
sound falling,0.0
potentially harmful response,0.0
reading book,0.0
potentially harmful,0.0
place for students,0.0
prosecution trial,0.0
row houses which,0.0
row houses indicating,0.0
reading book or,0.0
small talk is,0.0
shops inside,0.0
room may also,0.0
room may,0.0
smile gave away,0.0
stressful day the,0.0
stressful day,0.0
place of,0.0
place of worship,0.0
shops inside the,0.0
would put it,0.0
sound invigorating,0.0
place as it,0.0
students to,0.0
would tell the,0.0
poverty is,0.0
pile is the,0.0
students,0.0
same country where,0.0
your house this,0.0
same country,0.0
she is,0.0
pitcher feelings,0.0
pitcher feelings of,0.0
satisfaction which,0.0
poverty,0.0
why something,0.0
adjust to the,0.0
stick she would,0.0
and variety of,0.0
smaller town in,0.0
smile gave,0.0
where the government,0.0
which is part,0.0
safety in areas,0.0
socializing,0.0
safety in,0.0
body is complex,0.0
prosecution trials are,0.0
prosecution trials,0.0
because history book,0.0
would typically jump,0.0
place as,0.0
small town would,0.0
rather than in,0.0
stick in an,0.0
satisfaction which can,0.0
with american culture,0.0
books are,0.0
books and other,0.0
practices religious,0.0
you live,0.0
practices,0.0
some people may,0.0
smells delicious and,0.0
such as satisfaction,0.0
beer and is,0.0
sound worrying is,0.0
with crime,0.0
rationale for choice,0.0
book or seeing,0.0
book or,0.0
source of happiness,0.0
spaceship is,0.0
profile and,0.0
person often focuses,0.0
related to an,0.0
related to being,0.0
such as cupboard,0.0
spaceship is not,0.0
with american,0.0
squirrels are known,0.0
profile and avoid,0.0
smaller towns often,0.0
book might feature,0.0
reach as,0.0
books are written,0.0
scenario and,0.0
provide reasonable explanation,0.0
scent combined,0.0
where squirrels can,0.0
you live in,0.0
where squirrels,0.0
smells delicious,0.0
profile,0.0
regularly,0.0
both,0.0
with crime additionally,0.0
sold at concession,0.0
regularly the,0.0
regularly the other,0.0
states that james,0.0
scent combined with,0.0
provides sense,0.0
scenario and do,0.0
smells,0.0
practices religious gentleman,0.0
scent,0.0
such as to,0.0
such as study,0.0
scenario presented in,0.0
scenario presented,0.0
presented in the,0.0
sold at,0.0
where the cat,0.0
scenario as cats,0.0
scenario as,0.0
provides sense of,0.0
book might,0.0
provide reasonable,0.0
written to,0.0
body that,0.0
which is collection,0.0
practical solution,0.0
body that could,0.0
stadium where they,0.0
satisfying curiosity in,0.0
practical place to,0.0
practical place,0.0
with hockey,0.0
satisfying curiosity,0.0
satisfying,0.0
read not,0.0
written to be,0.0
body that controls,0.0
phrase almost,0.0
socializing or,0.0
stick in,0.0
additionally moving,0.0
would put,0.0
question sand,0.0
stick is,0.0
stick is being,0.0
and variety,0.0
practical answer is,0.0
read not to,0.0
phrase almost did,0.0
success the other,0.0
success the,0.0
practical answer,0.0
pub or church,0.0
socializing or to,0.0
book is type,0.0
written work and,0.0
book is likely,0.0
book is,0.0
stick an,0.0
person who owns,0.0
such as cafes,0.0
stick an office,0.0
related to satisfying,0.0
sound worrying,0.0
smaller towns,0.0
where organic matter,0.0
squirrels can,0.0
squirrels can be,0.0
reach as it,0.0
where organic,0.0
pub or,0.0
wooded,0.0
question sand traps,0.0
stick and,0.0
wooded areas,0.0
wooded areas and,0.0
and promote,0.0
written work,0.0
relax despite,0.0
relax despite his,0.0
stick and also,0.0
such as brainstem,0.0
practical solution to,0.0
such as an,0.0
spending money on,0.0
would not typically,0.0
question is not,0.0
religious community,0.0
something to,0.0
significant change in,0.0
relocate to,0.0
relocate to more,0.0
would allow billy,0.0
playing sports,0.0
playing sports or,0.0
would allow,0.0
worship for many,0.0
worship for,0.0
stored in library,0.0
stored in,0.0
response the other,0.0
response the,0.0
pleasure the primary,0.0
reduce their symptoms,0.0
problem as it,0.0
problem as,0.0
response such as,0.0
response such,0.0
pocket would,0.0
pocket would not,0.0
with the cat,0.0
which refers to,0.0
ascend to,0.0
stored,0.0
ascend to higher,0.0
answer because the,0.0
store their belongings,0.0
something to satisfy,0.0
store and,0.0
sense of change,0.0
seek shelter and,0.0
billy to maintain,0.0
billy to be,0.0
reasonable explanation for,0.0
possible that athletes,0.0
religious community in,0.0
religious gentleman is,0.0
reasons,0.0
reasons such,0.0
reasons such as,0.0
property taxes and,0.0
property taxes,0.0
religious gentleman would,0.0
purpose of the,0.0
secure and convenient,0.0
ascend,0.0
relocate,0.0
restaurant pub or,0.0
storage unit rather,0.0
restaurant pub,0.0
significant,0.0
where bob,0.0
significant change,0.0
an elevator to,0.0
secure and prevent,0.0
where bob would,0.0
who owns,0.0
property,0.0
stands,0.0
response is natural,0.0
store their,0.0
response is,0.0
and cultivated,0.0
reduce inflammation and,0.0
reduce inflammation,0.0
question and small,0.0
sports or,0.0
seek shelter,0.0
sense as,0.0
question asks what,0.0
store or spaceship,0.0
store or,0.0
sense as club,0.0
positive emotional response,0.0
start,0.0
where wheat is,0.0
sports,0.0
stands or shops,0.0
where wheat,0.0
start fighting,0.0
positive emotional,0.0
with the term,0.0
and cultivated and,0.0
best to ensure,0.0
best to,0.0
best options as,0.0
recovery while,0.0
best options,0.0
and do,0.0
and do not,0.0
start fighting is,0.0
remaining option is,0.0
remaining option,0.0
and also,0.0
simply going,0.0
worship,0.0
primary reason,0.0
worrying is not,0.0
primary reason for,0.0
reduce their,0.0
relocation this,0.0
relocation this is,0.0
worrying is,0.0
prison the most,0.0
where he currently,0.0
simply,0.0
sense of community,0.0
something that had,0.0
simply going to,0.0
store donation and,0.0
sports or physical,0.0
remaining,0.0
store and transport,0.0
store donation,0.0
promote recovery,0.0
put the,0.0
put the stick,0.0
worrying,0.0
prison the,0.0
something that cat,0.0
and cafe,0.0
and cafe is,0.0
stands or,0.0
result in prosecution,0.0
religious beliefs and,0.0
place such,0.0
reasonable explanation,0.0
relieve sore,0.0
place typically,0.0
place typically involves,0.0
public place,0.0
relieve sore muscles,0.0
prevent bob,0.0
which is traditional,0.0
prevent bob from,0.0
place where it,0.0
public place to,0.0
stolen,0.0
religions,0.0
religions but,0.0
prevent it,0.0
wipe out is,0.0
prevent it from,0.0
stolen and,0.0
wipe out,0.0
religions but it,0.0
stolen and also,0.0
place where organic,0.0
potential outcome of,0.0
potential outcome,0.0
place where squirrels,0.0
seeking to move,0.0
proceedings are held,0.0
where the stick,0.0
proceedings are,0.0
potential dangers this,0.0
prosecution imprisonment,0.0
prosecution imprisonment is,0.0
strategy,0.0
would not be,0.0
place such as,0.0
seeing their,0.0
would prevent bob,0.0
prosecution the other,0.0
room as it,0.0
stressful,0.0
work and one,0.0
prosecution the,0.0
potentially be hiding,0.0
room as,0.0
would prevent,0.0
recovery while it,0.0
sound and feeling,0.0
would not,0.0
place to learn,0.0
would move to,0.0
potentially be,0.0
prevent,0.0
strategy for making,0.0
strategy for getting,0.0
would move,0.0
would likely drown,0.0
place to gamble,0.0
place to get,0.0
strategy for,0.0
place to grind,0.0
place to keep,0.0
sound and,0.0
place where they,0.0
place where wheat,0.0
who is dedicated,0.0
secure,0.0
sore,0.0
problems or imprisonment,0.0
primary goal they,0.0
reason for using,0.0
problems or,0.0
belongings this,0.0
sense of accomplishment,0.0
belongings this is,0.0
blood vessels and,0.0
blood vessels,0.0
because the cat,0.0
would likely be,0.0
applies,0.0
secure and,0.0
where legal,0.0
blood,0.0
promote,0.0
promote healing,0.0
storage,0.0
storage unit,0.0
religious beliefs,0.0
story is type,0.0
possible that some,0.0
story is,0.0
story about fictional,0.0
story about,0.0
plausible scenario as,0.0
promote healing by,0.0
results in lot,0.0
primary goal,0.0
potential dangers,0.0
which refers,0.0
proceedings,0.0
social life or,0.0
wipe,0.0
bob would,0.0
bob reach as,0.0
sore muscles therefore,0.0
rink the other,0.0
religious activities university,0.0
someone when he,0.0
who owns the,0.0
proceeding where legal,0.0
because farmer,0.0
proceeding where,0.0
where legal proceedings,0.0
sore muscles,0.0
applies to place,0.0
applies to,0.0
rink the,0.0
rink,0.0
show are,0.0
reason for the,0.0
proceeding,0.0
where they are,0.0
results in positive,0.0
sore muscles from,0.0
bob reach,0.0
bob from getting,0.0
bob from,0.0
sport and hell,0.0
cafe is common,0.0
person bedroom could,0.0
might be,0.0
classroom or,0.0
classroom,0.0
mention,0.0
mention that,0.0
mention that james,0.0
the question sand,0.0
might be found,0.0
the smile gave,0.0
the question is,0.0
unwanted,0.0
unwanted attention,0.0
unwanted attention from,0.0
miss,0.0
miss grady,0.0
classroom or pocket,0.0
classroom where,0.0
classroom where the,0.0
university is place,0.0
university is,0.0
university,0.0
unit rather than,0.0
matter is decomposed,0.0
matter is,0.0
matter,0.0
unit rather,0.0
unit,0.0
the rink,0.0
the rink the,0.0
the same country,0.0
the same sense,0.0
the scenario and,0.0
church is place,0.0
church is,0.0
the question and,0.0
the person who,0.0
characters including,0.0
characters including fictional,0.0
characters like,0.0
characters like talking,0.0
urban and,0.0
urban,0.0
necessarily result in,0.0
charged,0.0
charged with,0.0
charged with crime,0.0
chicken coop is,0.0
muscles,0.0
up might feel,0.0
up might,0.0
multiple levels including,0.0
church for socializing,0.0
multiple levels,0.0
multiple,0.0
children story is,0.0
the phrase almost,0.0
mouse might be,0.0
the pitcher feelings,0.0
choices and do,0.0
the potential outcome,0.0
the primary reason,0.0
the problem as,0.0
church,0.0
church church,0.0
church church is,0.0
church for,0.0
the scenario presented,0.0
lower,0.0
uncertainty this,0.0
levels including central,0.0
legal,0.0
legal proceeding,0.0
their favorite,0.0
their curiosity this,0.0
levels,0.0
levels including,0.0
their curiosity choices,0.0
lot of items,0.0
their curiosity and,0.0
comedy show is,0.0
their best to,0.0
their best,0.0
their belongings this,0.0
comedy show,0.0
committing murder but,0.0
their favorite show,0.0
their health,0.0
their health and,0.0
common activity associated,0.0
their religious,0.0
their religious beliefs,0.0
large number and,0.0
large number,0.0
their symptoms,0.0
their symptoms and,0.0
common character,0.0
common character in,0.0
uncertainty this is,0.0
them about,0.0
them about the,0.0
them more,0.0
comedy,0.0
their belongings,0.0
combined with the,0.0
location like,0.0
club,0.0
club restaurant,0.0
club restaurant pub,0.0
unfamiliarity of the,0.0
unfamiliarity of,0.0
unfamiliarity,0.0
the stick an,0.0
location which can,0.0
the stick and,0.0
the stick in,0.0
the stick is,0.0
the stick she,0.0
the store,0.0
the store donation,0.0
clutter is,0.0
combined with,0.0
clutter is not,0.0
the term wheat,0.0
the text,0.0
the text states,0.0
the traveler,0.0
the traveler is,0.0
the traveler to,0.0
living room,0.0
the unfamiliarity,0.0
literature is,0.0
the unfamiliarity of,0.0
collection of books,0.0
likely related to,0.0
combined,0.0
characters,0.0
urban and natural,0.0
urban areas,0.0
of his country,0.0
the flow of,0.0
the flow,0.0
the floor where,0.0
of happiness this,0.0
cats often seek,0.0
of his,0.0
of his way,0.0
the only remaining,0.0
the floor this,0.0
of imprisonment,0.0
of imprisonment but,0.0
of is,0.0
of is not,0.0
various fields,0.0
variety of leaves,0.0
of gambling gambling,0.0
the frown was,0.0
the government,0.0
the government buildings,0.0
the grain,0.0
the grain cereal,0.0
the house the,0.0
cause panic,0.0
of container used,0.0
of container,0.0
cause panic attack,0.0
of community and,0.0
of community,0.0
of committing murder,0.0
of committing,0.0
cause sense,0.0
of items and,0.0
of items or,0.0
catching food and,0.0
cat that,0.0
cat behavior meat,0.0
the classroom,0.0
the classroom where,0.0
cat could,0.0
cat could potentially,0.0
cat desire,0.0
cat desire for,0.0
various habitats including,0.0
cat may,0.0
cat may be,0.0
cat scent,0.0
cat scent combined,0.0
of oxygen and,0.0
of oxygen,0.0
cat that smells,0.0
catching food,0.0
various habitats,0.0
various fields but,0.0
cat would,0.0
cat would typically,0.0
the countryside,0.0
of living in,0.0
of leaves compost,0.0
of leaves because,0.0
of leaves as,0.0
of leaves,0.0
catching,0.0
of leafs is,0.0
the description,0.0
the description animated,0.0
of change and,0.0
of change,0.0
the interviewer would,0.0
cereal packets,0.0
used an office,0.0
not term that,0.0
not term,0.0
used an,0.0
not strategy for,0.0
not strategy,0.0
not sound,0.0
the necessary conditions,0.0
cereal,0.0
cereal not,0.0
cereal not to,0.0
cereal packet,0.0
the new,0.0
cereal packet is,0.0
not mention that,0.0
person bedroom,0.0
not mention,0.0
the new environment,0.0
the new surroundings,0.0
cereal packets are,0.0
use hot tubs,0.0
use hot,0.0
change and uncertainty,0.0
change in location,0.0
character,0.0
character in,0.0
character in mulberry,0.0
urban environments such,0.0
urban environments,0.0
urban areas but,0.0
used and,0.0
not to be,0.0
the items,0.0
cells,0.0
of bread and,0.0
of bread,0.0
the items are,0.0
of bob reach,0.0
of bob,0.0
cause sense of,0.0
using hot tub,0.0
of accomplishment and,0.0
of accomplishment,0.0
using hot,0.0
caused joe,0.0
caused joe to,0.0
used to store,0.0
used to grind,0.0
cells blood,0.0
central passages where,0.0
cells blood vessels,0.0
used to extract,0.0
the most secure,0.0
nutrients to the,0.0
nutrients to,0.0
number and variety,0.0
number and,0.0
number,0.0
used for studying,0.0
used and appreciated,0.0
central passage where,0.0
not viable answer,0.0
not viable,0.0
central passages,0.0
them more suitable,0.0
typically soak in,0.0
the cat to,0.0
grown and,0.0
to inhabit various,0.0
town the,0.0
town the other,0.0
town the rationale,0.0
town to,0.0
grown,0.0
grown and cultivated,0.0
to maintain lower,0.0
town to afford,0.0
town would,0.0
town would allow,0.0
to grind wheat,0.0
habitats,0.0
habitats including,0.0
grind wheat for,0.0
grind wheat,0.0
grind for bread,0.0
grind for,0.0
grind,0.0
government buildings and,0.0
government buildings,0.0
government,0.0
to inhabit wooded,0.0
to jump into,0.0
to jump on,0.0
to keep it,0.0
to keep literature,0.0
to keep the,0.0
going,0.0
town in the,0.0
town in,0.0
habitats including urban,0.0
to grind for,0.0
to grind,0.0
transport cereal not,0.0
to describe specific,0.0
traps are not,0.0
traps are,0.0
hiding,0.0
traps,0.0
to eat,0.0
to eat to,0.0
to england or,0.0
held,0.0
to ensure their,0.0
to experience,0.0
to experience pleasure,0.0
to extract,0.0
to extract flour,0.0
transport cereal,0.0
towns often,0.0
transport,0.0
decomposed,0.0
to feel good,0.0
decomposed organic,0.0
to feel more,0.0
decomposed organic matter,0.0
to find large,0.0
traditional folktale the,0.0
traditional folktale,0.0
to gamble,0.0
to gamble the,0.0
to get beer,0.0
traditional,0.0
towns often have,0.0
to learn or,0.0
to more,0.0
typically soak,0.0
to them,0.0
field,0.0
field is,0.0
field is physical,0.0
to the brain,0.0
to their religious,0.0
to survive and,0.0
find large,0.0
to more affordable,0.0
find large number,0.0
find lot,0.0
find lot of,0.0
to them about,0.0
to survive,0.0
to surf start,0.0
fictional characters,0.0
to the capital,0.0
fewer,0.0
to the unfamiliarity,0.0
feelings,0.0
to the scenario,0.0
to the grain,0.0
fear for its,0.0
fear for,0.0
to the individual,0.0
farmer field is,0.0
farmer field,0.0
farmer,0.0
to the purpose,0.0
to the problem,0.0
to the new,0.0
fact that the,0.0
to surf regularly,0.0
to town the,0.0
to surf and,0.0
to reduce,0.0
gardens and,0.0
gardens,0.0
tools for catching,0.0
tools for,0.0
to panic,0.0
to panic and,0.0
tools,0.0
does not mention,0.0
to perform,0.0
to perform at,0.0
donation,0.0
tool for athletes,0.0
tool for,0.0
found in different,0.0
to reduce inflammation,0.0
to store their,0.0
to relax despite,0.0
for the cat,0.0
elevator to,0.0
to relieve sore,0.0
to relocate,0.0
to relocate to,0.0
elevator to ascend,0.0
for its life,0.0
to satisfying,0.0
to satisfying curiosity,0.0
for getting,0.0
to small,0.0
to small town,0.0
to store and,0.0
to country estates,0.0
to country,0.0
traveler,0.0
is part,0.0
is not strategy,0.0
is not term,0.0
complex system that,0.0
complex system,0.0
is not viable,0.0
complex,0.0
is part of,0.0
traveler is,0.0
is physical,0.0
typical ways,0.0
typical ways for,0.0
compared to country,0.0
they may still,0.0
community in the,0.0
is not sound,0.0
type of written,0.0
type of tale,0.0
is grown and,0.0
is grown,0.0
this could include,0.0
this emotional,0.0
this emotional response,0.0
is decomposed,0.0
type of container,0.0
is common location,0.0
type of bread,0.0
concession,0.0
concession stands,0.0
concession stands or,0.0
tubs for other,0.0
tubs for,0.0
community in,0.0
community and support,0.0
community and,0.0
typically involves,0.0
therapeutic,0.0
therapeutic tool,0.0
keep it out,0.0
keep it,0.0
therapeutic tool for,0.0
therefore fewer,0.0
therefore fewer opportunities,0.0
james was trying,0.0
james was,0.0
its life,0.0
typically jump into,0.0
typically jump,0.0
common place to,0.0
typically involves significant,0.0
these are decomposed,0.0
commonly found in,0.0
it out of,0.0
it out,0.0
they,0.0
they are familiar,0.0
typically have large,0.0
they are more,0.0
they are often,0.0
they are tools,0.0
typically have,0.0
typically has multiple,0.0
they can be,0.0
they can find,0.0
typically go to,0.0
typically go,0.0
is because history,0.0
conditions,0.0
threat,0.0
trials,0.0
to bake,0.0
to bake bread,0.0
to be arrested,0.0
tried to surf,0.0
to be confused,0.0
tried to,0.0
tried,0.0
trials are legal,0.0
to be read,0.0
to be therapeutic,0.0
to be where,0.0
trials are,0.0
in different location,0.0
to being in,0.0
trial is legal,0.0
to ascend to,0.0
trial is,0.0
trial,0.0
to club,0.0
to club restaurant,0.0
human body that,0.0
to comedy,0.0
to comedy show,0.0
traveler to adjust,0.0
traveler to,0.0
cultivated,0.0
cultivated and,0.0
cultivated and it,0.0
traveler is moving,0.0
hot tub,0.0
in prosecution,0.0
to ascend,0.0
conditions for,0.0
trying to surf,0.0
is because farmer,0.0
threat or,0.0
conditions for bread,0.0
threat or intruder,0.0
tubs are designed,0.0
tubs are,0.0
tub is to,0.0
tub is,0.0
tub athletes can,0.0
tub athletes,0.0
tub,0.0
confused,0.0
confused with,0.0
confused with the,0.0
trying to eat,0.0
consequences of committing,0.0
inhabit various habitats,0.0
inhabit various,0.0
tired of is,0.0
consequence of spending,0.0
consequence of traveling,0.0
to adjust,0.0
including urban,0.0
including central,0.0
to adjust to,0.0
to afford,0.0
to afford the,0.0
to an,0.0
to an animal,0.0
to an inappropriate,0.0
cat behavior,0.0
not to,0.0
the cat scent,0.0
or intruder,0.0
or spaceship is,0.0
or simply going,0.0
or simply,0.0
or shops inside,0.0
or shops,0.0
or she is,0.0
or she,0.0
or seeing their,0.0
or seeing,0.0
or prison the,0.0
or prison,0.0
or pocket would,0.0
or pocket,0.0
or place to,0.0
or place,0.0
or physical activities,0.0
or physical,0.0
or other public,0.0
but the most,0.0
but they,0.0
tell,0.0
tell the,0.0
tell the candidate,0.0
but they are,0.0
but they do,0.0
ways for people,0.0
or living room,0.0
or living,0.0
ways for,0.0
taxes and more,0.0
or storage,0.0
or storage unit,0.0
organs,0.0
talk is not,0.0
other organs and,0.0
other organs,0.0
other options and,0.0
other media but,0.0
other media,0.0
talking to them,0.0
talking weasel history,0.0
talking weasel making,0.0
bush tale,0.0
bush tale which,0.0
organs and something,0.0
organs and,0.0
organic matter that,0.0
taxes and,0.0
organic matter is,0.0
organic matter compost,0.0
organic matter,0.0
weasel making it,0.0
weasel making,0.0
weasel is common,0.0
or to experience,0.0
or to engage,0.0
but if,0.0
but if you,0.0
weasel history books,0.0
weasel history,0.0
taxes,0.0
or intruder leading,0.0
way to feel,0.0
other public,0.0
or imprisonment are,0.0
text states that,0.0
than in,0.0
than in your,0.0
that applies,0.0
that applies to,0.0
that athletes,0.0
that athletes may,0.0
by using,0.0
by using hot,0.0
that bring joy,0.0
options as they,0.0
options as,0.0
options and are,0.0
options and,0.0
cafes additionally,0.0
option that is,0.0
cafes additionally squirrels,0.0
option is which,0.0
that cat,0.0
option for people,0.0
option for,0.0
opportunities for billy,0.0
opportunities for,0.0
opportunities,0.0
that cat would,0.0
that contains,0.0
that contains nerve,0.0
only remaining option,0.0
only remaining,0.0
text states,0.0
text,0.0
term wheat itself,0.0
or fear for,0.0
or imprisonment,0.0
by fans,0.0
or hiding from,0.0
or hiding,0.0
by fans and,0.0
tension are,0.0
or getting advice,0.0
or getting,0.0
or get lot,0.0
or get,0.0
or forrest would,0.0
or forrest,0.0
way that hearing,0.0
or fear,0.0
or charged,0.0
tension are most,0.0
way for people,0.0
or elated after,0.0
or elated,0.0
term that applies,0.0
way,0.0
term used,0.0
term used to,0.0
term wheat,0.0
or church for,0.0
or church church,0.0
or church,0.0
or charged with,0.0
talk is,0.0
other public place,0.0
that controls the,0.0
parks gardens,0.0
support this emotional,0.0
bread farmer field,0.0
bread in,0.0
bread in the,0.0
wheat itself,0.0
wheat is used,0.0
surf and,0.0
surf and enjoy,0.0
surf regularly,0.0
passages where people,0.0
passages where,0.0
passages,0.0
passage where people,0.0
passage where,0.0
wheat is grown,0.0
bread making,0.0
surf regularly the,0.0
surf start,0.0
surf start fighting,0.0
bread making for,0.0
bread the,0.0
bread the other,0.0
bread therefore,0.0
bread therefore the,0.0
part such as,0.0
part such,0.0
surrounded,0.0
surrounded by,0.0
surrounded by fans,0.0
support this,0.0
support,0.0
bread farmer,0.0
people often get,0.0
wheat not to,0.0
wheat not,0.0
brain,0.0
perform at their,0.0
perform at,0.0
brain this,0.0
brain this is,0.0
perceived as threat,0.0
suitable and fitting,0.0
suitable answer,0.0
people to satisfy,0.0
people seeking to,0.0
people seeking,0.0
people may choose,0.0
bread bread is,0.0
people may,0.0
people get beer,0.0
people get,0.0
brainstem which,0.0
brainstem which is,0.0
wheat itself which,0.0
suitable option,0.0
suitable option for,0.0
people can catch,0.0
people are stupid,0.0
bread and,0.0
bread and while,0.0
bread bread,0.0
parks gardens and,0.0
parks,0.0
other reasons,0.0
panic attack or,0.0
symptoms and promote,0.0
system,0.0
system that,0.0
system that contains,0.0
table,0.0
table or,0.0
table or living,0.0
what despite his,0.0
what despite,0.0
tale and,0.0
outcome of committing,0.0
tale and chicken,0.0
outcome and clutter,0.0
outcome and,0.0
out of his,0.0
out of bob,0.0
out of,0.0
tale not,0.0
buildings and offices,0.0
buildings and therefore,0.0
tale not physical,0.0
tale that,0.0
built up might,0.0
other urban areas,0.0
other urban,0.0
tale that often,0.0
tale which,0.0
tale which is,0.0
other reasons such,0.0
symptoms and,0.0
symptoms,0.0
own home study,0.0
bring joy,0.0
panic attack,0.0
panic and fear,0.0
panic and,0.0
panic,0.0
wheat is,0.0
survive and,0.0
survive and maintain,0.0
breathing is,0.0
breathing is not,0.0
wheat and milling,0.0
wheat and,0.0
pain is not,0.0
what time,0.0
bring joy and,0.0
what the,0.0
packets are not,0.0
packets are,0.0
packets,0.0
packet is type,0.0
packet is,0.0
packet,0.0
oxygen and nutrients,0.0
oxygen and,0.0
oxygen,0.0
owns the house,0.0
owns the,0.0
owns,0.0
what the interviewer,0.0
that controls,0.0
yourself,0.0
the candidate when,0.0
can find lot,0.0
on knickknacks often,0.0
on knickknacks typically,0.0
that smells delicious,0.0
office likely,0.0
office likely to,0.0
visiting,0.0
can find something,0.0
on the floor,0.0
on the ground,0.0
that they needed,0.0
viable answer because,0.0
was one of,0.0
viable answer,0.0
on what,0.0
on items that,0.0
viable,0.0
capital is where,0.0
vessels and other,0.0
on what time,0.0
vessels and,0.0
capital of his,0.0
was one,0.0
often have multiple,0.0
the cat desire,0.0
that smells,0.0
vessels,0.0
often have lower,0.0
the animal natural,0.0
visiting museum,0.0
on items,0.0
offices are,0.0
of written work,0.0
office desk,0.0
that the frown,0.0
office is also,0.0
often results,0.0
that the items,0.0
offense and the,0.0
offense and,0.0
that the traveler,0.0
candidate when,0.0
candidate when talking,0.0
the capital is,0.0
visiting museum library,0.0
often results in,0.0
often seek,0.0
of worship,0.0
often seek shelter,0.0
often sold,0.0
often sold at,0.0
often surrounded,0.0
often surrounded by,0.0
of written,0.0
of worship for,0.0
that james was,0.0
often used and,0.0
the cat could,0.0
was trying to,0.0
was trying,0.0
that james loved,0.0
captive,0.0
capital is,0.0
one can earn,0.0
was able,0.0
that had,0.0
one therefore,0.0
of tale not,0.0
one therefore the,0.0
can catch an,0.0
of tale and,0.0
can catch,0.0
that could,0.0
can reduce their,0.0
often features,0.0
often features fictional,0.0
can reduce,0.0
was able to,0.0
the cat behavior,0.0
of tale,0.0
often get beer,0.0
the cat may,0.0
often get,0.0
of stress and,0.0
often focuses,0.0
of satisfaction satisfaction,0.0
of stress,0.0
the brain,0.0
the brain this,0.0
often focuses on,0.0
of tale that,0.0
office desk drawer,0.0
the authorities additionally,0.0
that had the,0.0
that often,0.0
often have fewer,0.0
captive the other,0.0
of the new,0.0
of the human,0.0
that hearing news,0.0
offices are located,0.0
that hearing,0.0
the best options,0.0
that often features,0.0
one can find,0.0
the authorities,0.0
captive the,0.0
where you,-4.336808689942018e-19
is due to,-4.336808689942018e-19
this is due,-4.336808689942018e-19
is due,-4.336808689942018e-19
an appropriate,-5.421010862427522e-19
grow,-6.505213034913027e-19
to grow,-6.505213034913027e-19
their survival and,-8.673617379884035e-19
of retail,-8.673617379884035e-19
type of retail,-8.673617379884035e-19
survival and,-8.673617379884035e-19
body is,-8.673617379884035e-19
therefore option is,-8.673617379884035e-19
survival,-8.673617379884035e-19
of retail establishment,-8.673617379884035e-19
therefore option,-8.673617379884035e-19
survival and well,-8.673617379884035e-19
options such as,-8.673617379884035e-19
high,-8.673617379884035e-19
house is more,-8.673617379884035e-19
of their survival,-8.673617379884035e-19
obtain food and,-8.673617379884035e-19
to feelings,-8.673617379884035e-19
biological function for,-8.673617379884035e-19
survive this,-8.673617379884035e-19
survive this is,-8.673617379884035e-19
imply that,-8.673617379884035e-19
survive,-8.673617379884035e-19
to feelings of,-8.673617379884035e-19
necessarily imply that,-8.673617379884035e-19
biological function,-8.673617379884035e-19
their survival,-8.673617379884035e-19
stores,-1.0299920638612292e-18
soothing and calming,-1.0842021724855044e-18
soothing emotions and,-1.0842021724855044e-18
of calmness and,-1.0842021724855044e-18
soothing and,-1.0842021724855044e-18
suggests that it,-1.0842021724855044e-18
soothing emotions,-1.0842021724855044e-18
of calmness,-1.0842021724855044e-18
was soothing,-1.0842021724855044e-18
was soothing and,-1.0842021724855044e-18
state of calmness,-1.0842021724855044e-18
relaxing which,-1.0842021724855044e-18
relaxing which suggests,-1.0842021724855044e-18
them suitable choice,-1.0842021724855044e-18
relax were successful,-1.0842021724855044e-18
sounds can have,-1.0842021724855044e-18
sounds can,-1.0842021724855044e-18
the mind and,-1.0842021724855044e-18
relax were,-1.0842021724855044e-18
sounds,-1.0842021724855044e-18
them suitable,-1.0842021724855044e-18
relaxing sounds,-1.0842021724855044e-18
the mind,-1.0842021724855044e-18
calming which,-1.0842021724855044e-18
relaxing sounds can,-1.0842021724855044e-18
sound relaxing which,-1.0842021724855044e-18
to state,-1.0842021724855044e-18
calming anxiety this,-1.0842021724855044e-18
calmness,-1.0842021724855044e-18
on the mind,-1.0842021724855044e-18
can have,-1.0842021724855044e-18
choice for soothing,-1.0842021724855044e-18
can have calming,-1.0842021724855044e-18
to state of,-1.0842021724855044e-18
with feeling good,-1.0842021724855044e-18
calming anxiety,-1.0842021724855044e-18
calming effect,-1.0842021724855044e-18
calming which is,-1.0842021724855044e-18
calming effect on,-1.0842021724855044e-18
to relax were,-1.0842021724855044e-18
body making them,-1.0842021724855044e-18
body making,-1.0842021724855044e-18
with feeling,-1.0842021724855044e-18
calmness and contentment,-1.0842021724855044e-18
waste,-1.1384122811097797e-18
their physical,-1.1384122811097797e-18
well as or,-1.3010426069826053e-18
socialize drink and,-1.3010426069826053e-18
religious activities and,-1.3010426069826053e-18
clubs to,-1.3010426069826053e-18
socialize drink,-1.3010426069826053e-18
religious activities pubs,-1.3010426069826053e-18
is because learning,-1.3010426069826053e-18
social gathering,-1.3010426069826053e-18
social gathering place,-1.3010426069826053e-18
religious gentleman but,-1.3010426069826053e-18
to socialize drink,-1.3010426069826053e-18
to socialize,-1.3010426069826053e-18
common social,-1.3010426069826053e-18
common social gathering,-1.3010426069826053e-18
clubs,-1.3010426069826053e-18
or and are,-1.3010426069826053e-18
or and,-1.3010426069826053e-18
religious gentlemen often,-1.3010426069826053e-18
religious institutions,-1.3010426069826053e-18
religious institutions and,-1.3010426069826053e-18
often go to,-1.3010426069826053e-18
often go,-1.3010426069826053e-18
other social activities,-1.3010426069826053e-18
social activities this,-1.3010426069826053e-18
other social,-1.3010426069826053e-18
with religious,-1.3010426069826053e-18
typical setting,-1.3010426069826053e-18
to clubs to,-1.3010426069826053e-18
to clubs,-1.3010426069826053e-18
care to ensure,-1.3010426069826053e-18
such individuals,-1.3010426069826053e-18
setting for,-1.3010426069826053e-18
setting for religious,-1.3010426069826053e-18
because learning,-1.3010426069826053e-18
such individuals the,-1.3010426069826053e-18
pubs are not,-1.3010426069826053e-18
pubs are,-1.3010426069826053e-18
requires constant care,-1.3010426069826053e-18
typical setting for,-1.3010426069826053e-18
social activities,-1.3010426069826053e-18
clubs to socialize,-1.3010426069826053e-18
with religious activities,-1.3010426069826053e-18
place for such,-1.3010426069826053e-18
is also,-1.3688052427629493e-18
talking weasel mulberry,-1.5178830414797062e-18
source of great,-1.5178830414797062e-18
bush,-1.5178830414797062e-18
talking weasel and,-1.5178830414797062e-18
to release,-1.5178830414797062e-18
talking weasel the,-1.5178830414797062e-18
concept of talking,-1.5178830414797062e-18
to themselves their,-1.5178830414797062e-18
to themselves,-1.5178830414797062e-18
is because talking,-1.5178830414797062e-18
to release energy,-1.5178830414797062e-18
book are,-1.5178830414797062e-18
talking ones,-1.5178830414797062e-18
book are not,-1.5178830414797062e-18
talking weasel in,-1.5178830414797062e-18
talking ones chicken,-1.5178830414797062e-18
talking weasel is,-1.5178830414797062e-18
of children,-1.5178830414797062e-18
connected to themselves,-1.5178830414797062e-18
cartoon,-1.5178830414797062e-18
over time however,-1.5178830414797062e-18
of great,-1.5178830414797062e-18
because talking weasel,-1.5178830414797062e-18
that such,-1.5178830414797062e-18
cause feelings,-1.5178830414797062e-18
that such tale,-1.5178830414797062e-18
cartoon animals,-1.5178830414797062e-18
cause feelings of,-1.5178830414797062e-18
to feature talking,-1.5178830414797062e-18
of exhaustion loss,-1.5178830414797062e-18
to choose,-1.5178830414797062e-18
coop,-1.5178830414797062e-18
of exhaustion,-1.5178830414797062e-18
to feature,-1.5178830414797062e-18
history,-1.5178830414797062e-18
history book,-1.5178830414797062e-18
of great pleasure,-1.5178830414797062e-18
because talking,-1.5178830414797062e-18
book,-1.5178830414797062e-18
tale,-1.5178830414797062e-18
time can also,-1.5178830414797062e-18
time can be,-1.5178830414797062e-18
time however,-1.5178830414797062e-18
of talking,-1.5178830414797062e-18
of talking weasel,-1.5178830414797062e-18
time however it,-1.5178830414797062e-18
of children story,-1.5178830414797062e-18
would encounter,-1.5178830414797062e-18
to negative feelings,-1.5178830414797062e-18
to negative,-1.5178830414797062e-18
body and their,-1.5178830414797062e-18
would encounter talking,-1.5178830414797062e-18
tale might feature,-1.5178830414797062e-18
cartoon animals not,-1.5178830414797062e-18
tale might,-1.5178830414797062e-18
films,-1.5178830414797062e-18
type of children,-1.5178830414797062e-18
pleasure and,-1.5178830414797062e-18
story and,-1.5178830414797062e-18
children story,-1.5178830414797062e-18
chicken coop and,-1.5178830414797062e-18
weasel mulberry,-1.5178830414797062e-18
chicken coop,-1.5178830414797062e-18
their environment,-1.5178830414797062e-18
typically feature,-1.5178830414797062e-18
their body and,-1.5178830414797062e-18
typically feature cartoon,-1.5178830414797062e-18
not likely,-1.5178830414797062e-18
animated,-1.5178830414797062e-18
animated films,-1.5178830414797062e-18
chicken,-1.5178830414797062e-18
and happiness,-1.5178830414797062e-18
plausible that such,-1.5178830414797062e-18
or unhappiness therefore,-1.5178830414797062e-18
or unhappiness,-1.5178830414797062e-18
weasel is type,-1.5178830414797062e-18
weasel is,-1.5178830414797062e-18
plausible that,-1.5178830414797062e-18
unhappiness therefore it,-1.5178830414797062e-18
unhappiness therefore,-1.5178830414797062e-18
unhappiness,-1.5178830414797062e-18
story,-1.5178830414797062e-18
weasel and are,-1.5178830414797062e-18
weasel in,-1.5178830414797062e-18
weasel in their,-1.5178830414797062e-18
where one would,-1.5178830414797062e-18
their environment therefore,-1.5178830414797062e-18
story and it,-1.5178830414797062e-18
one would,-1.5178830414797062e-18
their narrative,-1.5178830414797062e-18
themselves their,-1.5178830414797062e-18
themselves their body,-1.5178830414797062e-18
release energy,-1.5178830414797062e-18
release energy that,-1.5178830414797062e-18
their narrative animated,-1.5178830414797062e-18
thing to release,-1.5178830414797062e-18
thing to,-1.5178830414797062e-18
such tale,-1.5178830414797062e-18
ones chicken coop,-1.5178830414797062e-18
weasel the other,-1.5178830414797062e-18
ones chicken,-1.5178830414797062e-18
weasel the,-1.5178830414797062e-18
places where one,-1.5178830414797062e-18
weasel and,-1.5178830414797062e-18
such tale might,-1.5178830414797062e-18
might feature talking,-1.5178830414797062e-18
might feature,-1.5178830414797062e-18
children story and,-1.5178830414797062e-18
pleasure and happiness,-1.5178830414797062e-18
mulberry,-1.5178830414797062e-18
mulberry bush,-1.5178830414797062e-18
one would encounter,-1.5178830414797062e-18
weasel mulberry bush,-1.5178830414797062e-18
that releasing energy,-1.5178830414797062e-18
that releasing,-1.5178830414797062e-18
the necessary texture,-1.6263032587282567e-18
common and essential,-1.6263032587282567e-18
structure for the,-1.6263032587282567e-18
to be baked,-1.6263032587282567e-18
structure for,-1.6263032587282567e-18
the final product,-1.6263032587282567e-18
texture and,-1.6263032587282567e-18
process as,-1.6263032587282567e-18
process as it,-1.6263032587282567e-18
product to,-1.6263032587282567e-18
product to be,-1.6263032587282567e-18
provides the necessary,-1.6263032587282567e-18
provides the,-1.6263032587282567e-18
texture and structure,-1.6263032587282567e-18
product,-1.6263032587282567e-18
is common and,-1.6263032587282567e-18
texture,-1.6263032587282567e-18
the process as,-1.6263032587282567e-18
the final,-1.6263032587282567e-18
collection of shops,-1.734723475976807e-18
however it important,-1.734723475976807e-18
books,-1.734723475976807e-18
school,-1.734723475976807e-18
when it,-1.734723475976807e-18
instructions,-1.734723475976807e-18
collection of,-1.734723475976807e-18
head,-1.734723475976807e-18
is possible,-1.734723475976807e-18
of collection of,-1.734723475976807e-18
library,-1.734723475976807e-18
that the person,-1.951563910473908e-18
unwind his,-2.168404344971009e-18
mind leading to,-2.168404344971009e-18
suggests that james,-2.168404344971009e-18
mind leading,-2.168404344971009e-18
process data,-2.168404344971009e-18
soothing,-2.168404344971009e-18
unwind and,-2.168404344971009e-18
unwind and unwind,-2.168404344971009e-18
unwind his mind,-2.168404344971009e-18
and unwind,-2.168404344971009e-18
his mind leading,-2.168404344971009e-18
his mind,-2.168404344971009e-18
him unwind and,-2.168404344971009e-18
him unwind,-2.168404344971009e-18
to receive and,-2.168404344971009e-18
helping him unwind,-2.168404344971009e-18
helping him,-2.168404344971009e-18
helping,-2.168404344971009e-18
and unwind his,-2.168404344971009e-18
to receive,-2.168404344971009e-18
that james efforts,-2.168404344971009e-18
successful in helping,-2.168404344971009e-18
receive and process,-2.168404344971009e-18
receive and,-2.168404344971009e-18
successful in,-2.168404344971009e-18
and calming,-2.168404344971009e-18
were successful,-2.168404344971009e-18
in helping,-2.168404344971009e-18
were successful in,-2.168404344971009e-18
in helping him,-2.168404344971009e-18
and process data,-2.168404344971009e-18
james efforts,-2.168404344971009e-18
it to receive,-2.168404344971009e-18
to cause,-2.2768245622195593e-18
question answer pair,-2.3852447794681098e-18
presence of sunlight,-2.3852447794681098e-18
because compost,-2.3852447794681098e-18
this question and,-2.3852447794681098e-18
original question,-2.3852447794681098e-18
question and answer,-2.3852447794681098e-18
provided based on,-2.3852447794681098e-18
organic materials therefore,-2.3852447794681098e-18
provided based,-2.3852447794681098e-18
question and,-2.3852447794681098e-18
therefore finding large,-2.3852447794681098e-18
relevant to the,-2.3852447794681098e-18
talking to,-2.3852447794681098e-18
the third,-2.3852447794681098e-18
the third example,-2.3852447794681098e-18
leaves,-2.3852447794681098e-18
so there no,-2.3852447794681098e-18
so there,-2.3852447794681098e-18
reasonable assumption,-2.3852447794681098e-18
reasonable assumption however,-2.3852447794681098e-18
of leafs compost,-2.3852447794681098e-18
of leafs in,-2.3852447794681098e-18
the original question,-2.3852447794681098e-18
the original,-2.3852447794681098e-18
they decompose,-2.3852447794681098e-18
they decompose in,-2.3852447794681098e-18
pair so there,-2.3852447794681098e-18
pair so,-2.3852447794681098e-18
is because compost,-2.3852447794681098e-18
organic materials like,-2.3852447794681098e-18
pair,-2.3852447794681098e-18
sunlight which is,-2.3852447794681098e-18
therefore finding,-2.3852447794681098e-18
compost pile,-2.3852447794681098e-18
pile is reasonable,-2.3852447794681098e-18
of sunlight,-2.3852447794681098e-18
third,-2.3852447794681098e-18
of sunlight which,-2.3852447794681098e-18
compost pile is,-2.3852447794681098e-18
third example,-2.3852447794681098e-18
third example that,-2.3852447794681098e-18
piles are the,-2.3852447794681098e-18
piles are made,-2.3852447794681098e-18
there no,-2.3852447794681098e-18
original question answer,-2.3852447794681098e-18
there no rationale,-2.3852447794681098e-18
relevant to,-2.3852447794681098e-18
triplet are,-2.3852447794681098e-18
relevant,-2.3852447794681098e-18
pile is,-2.3852447794681098e-18
pile,-2.3852447794681098e-18
triplet are not,-2.3852447794681098e-18
to the original,-2.3852447794681098e-18
person who acts,-2.4936649967166602e-18
unhinged,-2.4936649967166602e-18
clown is mentally,-2.4936649967166602e-18
who acts,-2.4936649967166602e-18
who acts as,-2.4936649967166602e-18
do provide,-2.6020852139652106e-18
common stereotype and,-2.6020852139652106e-18
when used,-2.6020852139652106e-18
difficult if,-2.6020852139652106e-18
difficult if people,-2.6020852139652106e-18
closest,-2.6020852139652106e-18
natural setting,-2.6020852139652106e-18
stranger people are,-2.6020852139652106e-18
common synonym for,-2.6020852139652106e-18
stranger the term,-2.6020852139652106e-18
common synonym,-2.6020852139652106e-18
this context strange,-2.6020852139652106e-18
people do provide,-2.6020852139652106e-18
ensure they receive,-2.6020852139652106e-18
re stranger the,-2.6020852139652106e-18
do provide the,-2.6020852139652106e-18
vegetables raising,-2.6020852139652106e-18
for religious,-2.6020852139652106e-18
people are often,-2.6020852139652106e-18
people behave,-2.6020852139652106e-18
nutrients water and,-2.6020852139652106e-18
strange is more,-2.6020852139652106e-18
re stranger people,-2.6020852139652106e-18
they receive the,-2.6020852139652106e-18
necessary care,-2.6020852139652106e-18
strange is,-2.6020852139652106e-18
ensure they,-2.6020852139652106e-18
people behave when,-2.6020852139652106e-18
nutrients water,-2.6020852139652106e-18
they receive,-2.6020852139652106e-18
sunlight which can,-2.6020852139652106e-18
that can apply,-2.6020852139652106e-18
requires constant attention,-2.6020852139652106e-18
stranger people,-2.6020852139652106e-18
are not specific,-2.6020852139652106e-18
when used in,-2.6020852139652106e-18
stereotype and,-2.6020852139652106e-18
necessary care and,-2.6020852139652106e-18
where people,-2.6020852139652106e-18
train is common,-2.6020852139652106e-18
necessary nutrients,-2.6020852139652106e-18
or lacking intelligence,-2.6020852139652106e-18
and vegetables raising,-2.6020852139652106e-18
the necessary nutrients,-2.6020852139652106e-18
the closest,-2.6020852139652106e-18
perceived as being,-2.6020852139652106e-18
to ensure they,-2.6020852139652106e-18
to ensure,-2.6020852139652106e-18
stereotype and it,-2.6020852139652106e-18
perceived as,-2.6020852139652106e-18
perceived,-2.6020852139652106e-18
and care,-2.6020852139652106e-18
constant attention,-2.6020852139652106e-18
their skills,-2.6020852139652106e-18
be difficult if,-2.6020852139652106e-18
not place to,-2.6020852139652106e-18
constant attention and,-2.6020852139652106e-18
implies that,-2.6020852139652106e-18
often perceived as,-2.6020852139652106e-18
the necessary care,-2.6020852139652106e-18
often perceived,-2.6020852139652106e-18
implies,-2.6020852139652106e-18
traveling but,-2.6020852139652106e-18
traveling but it,-2.6020852139652106e-18
stereotype,-2.6020852139652106e-18
synonym for traveling,-2.6020852139652106e-18
vegetables raising children,-2.6020852139652106e-18
and sunlight which,-2.6020852139652106e-18
and sunlight,-2.6020852139652106e-18
be found,-2.6020852139652106e-18
or lacking,-2.6020852139652106e-18
attention to the,-2.6020852139652106e-18
the term train,-2.6020852139652106e-18
common stereotype,-2.6020852139652106e-18
necessary nutrients water,-2.6020852139652106e-18
water and sunlight,-2.6020852139652106e-18
locations for,-2.6020852139652106e-18
term train is,-2.6020852139652106e-18
specific locations for,-2.6020852139652106e-18
specific locations,-2.6020852139652106e-18
not specific locations,-2.6020852139652106e-18
stupidity when used,-2.6020852139652106e-18
the term,-2.6020852139652106e-18
to the fresh,-2.6020852139652106e-18
stupidity,-2.6020852139652106e-18
stupidity when,-2.6020852139652106e-18
term train,-2.6020852139652106e-18
stupid,-2.6020852139652106e-18
attention and care,-2.6020852139652106e-18
religious activities,-2.6020852139652106e-18
receive the,-2.6020852139652106e-18
stupid or lacking,-2.6020852139652106e-18
attention and,-2.6020852139652106e-18
stupid or,-2.6020852139652106e-18
receive the necessary,-2.6020852139652106e-18
user encounters,-3.0357660829594124e-18
time can,-3.0357660829594124e-18
when an amateur,-3.0357660829594124e-18
because when an,-3.0357660829594124e-18
over time can,-3.0357660829594124e-18
down,-3.0357660829594124e-18
feature talking weasel,-3.0357660829594124e-18
encounters,-3.0357660829594124e-18
frustrating,-3.0357660829594124e-18
end user encounters,-3.0357660829594124e-18
can be frustrating,-3.0357660829594124e-18
when an,-3.0357660829594124e-18
be frustrating,-3.0357660829594124e-18
feature talking,-3.0357660829594124e-18
the primary ingredient,-3.2526065174565133e-18
the country affairs,-3.2526065174565133e-18
where the king,-3.2526065174565133e-18
the primary,-3.2526065174565133e-18
that is typically,-3.2526065174565133e-18
who is responsible,-3.2526065174565133e-18
typically king or,-3.2526065174565133e-18
typically king,-3.2526065174565133e-18
who is also,-3.2526065174565133e-18
typically baked and,-3.2526065174565133e-18
typically baked,-3.2526065174565133e-18
type of place,-3.2526065174565133e-18
this process,-3.2526065174565133e-18
this process is,-3.2526065174565133e-18
strategic decisions making,-3.2526065174565133e-18
the location where,-3.2526065174565133e-18
the location,-3.2526065174565133e-18
the king the,-3.2526065174565133e-18
the country head,-3.2526065174565133e-18
to as,-3.2526065174565133e-18
to as the,-3.2526065174565133e-18
the king resides,-3.2526065174565133e-18
the king is,-3.2526065174565133e-18
state is typically,-3.2526065174565133e-18
state is,-3.2526065174565133e-18
state and is,-3.2526065174565133e-18
state and,-3.2526065174565133e-18
the head of,-3.2526065174565133e-18
the head,-3.2526065174565133e-18
wheat for,-3.2526065174565133e-18
wheat for bread,-3.2526065174565133e-18
wheat grinding,-3.2526065174565133e-18
wheat grinding wheat,-3.2526065174565133e-18
typically the prime,-3.2526065174565133e-18
prime minister deputy,-3.2526065174565133e-18
is wheat grinding,-3.2526065174565133e-18
item that,-3.2526065174565133e-18
resides,-3.2526065174565133e-18
resides and,-3.2526065174565133e-18
resides and rules,-3.2526065174565133e-18
is also the,-3.2526065174565133e-18
bread is type,-3.2526065174565133e-18
bread is common,-3.2526065174565133e-18
is typically baked,-3.2526065174565133e-18
is wheat,-3.2526065174565133e-18
responsible for making,-3.2526065174565133e-18
item,-3.2526065174565133e-18
item that is,-3.2526065174565133e-18
ingredient used,-3.2526065174565133e-18
place that,-3.2526065174565133e-18
kitchen and,-3.2526065174565133e-18
kitchen and the,-3.2526065174565133e-18
rules,-3.2526065174565133e-18
rules the,-3.2526065174565133e-18
rules the king,-3.2526065174565133e-18
of country as,-3.2526065174565133e-18
of food item,-3.2526065174565133e-18
baked and processed,-3.2526065174565133e-18
of place that,-3.2526065174565133e-18
ingredient used in,-3.2526065174565133e-18
ingredient,-3.2526065174565133e-18
of state is,-3.2526065174565133e-18
process is wheat,-3.2526065174565133e-18
characteristic of country,-3.2526065174565133e-18
referred,-3.2526065174565133e-18
referred to,-3.2526065174565133e-18
referred to as,-3.2526065174565133e-18
processed in kitchen,-3.2526065174565133e-18
processed in,-3.2526065174565133e-18
food item,-3.2526065174565133e-18
food item that,-3.2526065174565133e-18
for bread,-3.2526065174565133e-18
for bread is,-3.2526065174565133e-18
process is,-3.2526065174565133e-18
in this process,-3.2526065174565133e-18
prime minister who,-3.2526065174565133e-18
primary ingredient used,-3.2526065174565133e-18
primary ingredient,-3.2526065174565133e-18
primary,-3.2526065174565133e-18
president who is,-3.2526065174565133e-18
president who,-3.2526065174565133e-18
grinding,-3.2526065174565133e-18
grinding wheat,-3.2526065174565133e-18
grinding wheat for,-3.2526065174565133e-18
in kitchen and,-3.2526065174565133e-18
of state and,-3.2526065174565133e-18
place that has,-3.2526065174565133e-18
often referred,-3.2526065174565133e-18
overseeing the country,-3.2526065174565133e-18
often the head,-3.2526065174565133e-18
overseeing the,-3.2526065174565133e-18
and the primary,-3.2526065174565133e-18
overseeing,-3.2526065174565133e-18
and processed in,-3.2526065174565133e-18
or president who,-3.2526065174565133e-18
or president,-3.2526065174565133e-18
also the,-3.2526065174565133e-18
often the,-3.2526065174565133e-18
often referred to,-3.2526065174565133e-18
used in this,-3.469446951953614e-18
going to the,-3.469446951953614e-18
weasel,-3.469446951953614e-18
of being,-3.469446951953614e-18
not make,-3.469446951953614e-18
intimate,-3.469446951953614e-18
not typically associated,-3.469446951953614e-18
not make sense,-3.469446951953614e-18
calming,-3.469446951953614e-18
is logical,-3.469446951953614e-18
result in growth,-3.469446951953614e-18
mind,-3.469446951953614e-18
way to,-3.469446951953614e-18
in growth,-3.469446951953614e-18
do not make,-3.469446951953614e-18
typically associated,-3.469446951953614e-18
typically associated with,-3.469446951953614e-18
to the bathroom,-3.469446951953614e-18
water and,-3.469446951953614e-18
the clothes,-3.469446951953614e-18
the bathroom,-3.469446951953614e-18
talking weasel,-3.469446951953614e-18
difficulty,-3.469446951953614e-18
pressure environment that,-3.686287386450715e-18
pitcher is,-3.686287386450715e-18
pitcher would likely,-3.686287386450715e-18
cause physical strain,-3.686287386450715e-18
pitcher would,-3.686287386450715e-18
pitcher is trying,-3.686287386450715e-18
clean and controlled,-3.686287386450715e-18
the pitcher feeling,-3.686287386450715e-18
the pitcher is,-3.686287386450715e-18
when the,-3.686287386450715e-18
the pitcher would,-3.686287386450715e-18
the pressure,-3.686287386450715e-18
the pressure and,-3.686287386450715e-18
when the pitcher,-3.686287386450715e-18
pitcher feeling stress,-3.686287386450715e-18
pitcher feeling,-3.686287386450715e-18
physical strain and,-3.686287386450715e-18
trying to maintain,-3.686287386450715e-18
strain and,-3.686287386450715e-18
strain and anxiety,-3.686287386450715e-18
maintain,-3.686287386450715e-18
pressure and anxiety,-3.686287386450715e-18
pressure and,-3.686287386450715e-18
pressure situation especially,-3.686287386450715e-18
to obtain,-3.686287386450715e-18
to maintain clean,-3.686287386450715e-18
to maintain,-3.686287386450715e-18
that can cause,-3.686287386450715e-18
situation especially when,-3.686287386450715e-18
situation especially,-3.686287386450715e-18
physical strain,-3.686287386450715e-18
in their,-3.686287386450715e-18
floor,-3.686287386450715e-18
the mound would,-3.686287386450715e-18
which is high,-3.686287386450715e-18
to the pressure,-3.686287386450715e-18
pressure environment,-3.686287386450715e-18
trying to accomplish,-3.7947076036992655e-18
to accomplish,-3.7947076036992655e-18
allowing it,-3.7947076036992655e-18
accomplish,-3.7947076036992655e-18
the animal,-3.7947076036992655e-18
it to,-3.7947076036992655e-18
allowing it to,-3.7947076036992655e-18
time for,-3.7947076036992655e-18
animal is trying,-3.7947076036992655e-18
animal is,-3.7947076036992655e-18
the animal is,-3.7947076036992655e-18
because the animal,-3.7947076036992655e-18
aside,-3.7947076036992655e-18
friendship,-3.903127820947816e-18
leading to feelings,-3.903127820947816e-18
for the job,-3.903127820947816e-18
way to satisfy,-4.119968255444917e-18
someone curiosity as,-4.119968255444917e-18
curiosity as,-4.119968255444917e-18
to satisfy someone,-4.119968255444917e-18
to the professional,-4.336808689942018e-18
task is,-4.336808689942018e-18
of room is,-4.336808689942018e-18
program especially for,-4.336808689942018e-18
program especially,-4.336808689942018e-18
would take extra,-4.336808689942018e-18
emotional response,-4.336808689942018e-18
program such,-4.336808689942018e-18
capability,-4.336808689942018e-18
program such as,-4.336808689942018e-18
emotional,-4.336808689942018e-18
toxins,-4.336808689942018e-18
toxins and,-4.336808689942018e-18
will be located,-4.336808689942018e-18
other hand,-4.336808689942018e-18
would take,-4.336808689942018e-18
of room,-4.336808689942018e-18
whole by choosing,-4.336808689942018e-18
whole by,-4.336808689942018e-18
whole,-4.336808689942018e-18
or are being,-4.336808689942018e-18
of maintaining consistent,-4.336808689942018e-18
can be difficult,-4.336808689942018e-18
overwhelming to the,-4.336808689942018e-18
by the amateur,-4.336808689942018e-18
by the,-4.336808689942018e-18
by maintaining clean,-4.336808689942018e-18
by maintaining,-4.336808689942018e-18
be difficult,-4.336808689942018e-18
by choosing interior,-4.336808689942018e-18
toxins and other,-4.336808689942018e-18
of maintaining,-4.336808689942018e-18
treated unfairly,-4.336808689942018e-18
user may,-4.336808689942018e-18
unwind,-4.336808689942018e-18
choosing interior as,-4.336808689942018e-18
user the professional,-4.336808689942018e-18
user the,-4.336808689942018e-18
user on the,-4.336808689942018e-18
user on,-4.336808689942018e-18
user may feel,-4.336808689942018e-18
user leading to,-4.336808689942018e-18
caused by,-4.336808689942018e-18
user leading,-4.336808689942018e-18
user it can,-4.336808689942018e-18
user it,-4.336808689942018e-18
user encounters errors,-4.336808689942018e-18
choosing interior,-4.336808689942018e-18
choosing,-4.336808689942018e-18
painter is emphasizing,-4.336808689942018e-18
caused by the,-4.336808689942018e-18
painter task is,-4.336808689942018e-18
of the painting,-4.336808689942018e-18
painter would take,-4.336808689942018e-18
by choosing,-4.336808689942018e-18
consistent and clean,-4.336808689942018e-18
painter can,-4.336808689942018e-18
task is to,-4.336808689942018e-18
consistent and,-4.336808689942018e-18
painting will be,-4.336808689942018e-18
painting will,-4.336808689942018e-18
painter would,-4.336808689942018e-18
appreciated,-4.336808689942018e-18
common emotional response,-4.336808689942018e-18
common emotional,-4.336808689942018e-18
unfairly,-4.336808689942018e-18
unfairly or,-4.336808689942018e-18
unfairly or are,-4.336808689942018e-18
clean appearance throughout,-4.336808689942018e-18
clean appearance,-4.336808689942018e-18
treated unfairly or,-4.336808689942018e-18
painter can ensure,-4.336808689942018e-18
and appreciated,-4.336808689942018e-18
the other hand,-4.336808689942018e-18
such as those,-4.336808689942018e-18
take extra care,-4.336808689942018e-18
where the majority,-4.336808689942018e-18
work is displayed,-4.336808689942018e-18
room is where,-4.336808689942018e-18
take extra,-4.336808689942018e-18
overwhelming,-4.336808689942018e-18
those caused,-4.336808689942018e-18
the importance of,-4.336808689942018e-18
the painting will,-4.336808689942018e-18
painter is,-4.336808689942018e-18
throughout,-4.336808689942018e-18
the painting,-4.336808689942018e-18
the majority,-4.336808689942018e-18
those caused by,-4.336808689942018e-18
the majority of,-4.336808689942018e-18
to create harmonious,-4.336808689942018e-18
the painter would,-4.336808689942018e-18
the importance,-4.336808689942018e-18
overwhelming to,-4.336808689942018e-18
is where the,-4.336808689942018e-18
located and,-4.336808689942018e-18
response to errors,-4.336808689942018e-18
of toxins and,-4.336808689942018e-18
the painter can,-4.336808689942018e-18
that their work,-4.336808689942018e-18
on the other,-4.336808689942018e-18
the answer the,-4.336808689942018e-18
of toxins,-4.336808689942018e-18
the painter is,-4.336808689942018e-18
their work,-4.336808689942018e-18
to errors in,-4.336808689942018e-18
their work is,-4.336808689942018e-18
they are being,-4.336808689942018e-18
place for cat,-4.553649124439119e-18
therefore the only,-4.553649124439119e-18
commonly found to,-4.553649124439119e-18
therefore not,-4.553649124439119e-18
rationale provided,-4.553649124439119e-18
therefore not subject,-4.553649124439119e-18
person life,-4.553649124439119e-18
unlikely,-4.553649124439119e-18
phrase it jumped,-4.553649124439119e-18
some,-4.553649124439119e-18
some people,-4.553649124439119e-18
some people experience,-4.553649124439119e-18
certainty sadness,-4.553649124439119e-18
certainty sadness is,-4.553649124439119e-18
subject to decomposition,-4.553649124439119e-18
subject to,-4.553649124439119e-18
phrase it,-4.553649124439119e-18
loaf,-4.553649124439119e-18
unlikely that,-4.553649124439119e-18
the rationale provided,-4.553649124439119e-18
meat,-4.553649124439119e-18
meat loaf,-4.553649124439119e-18
microwave,-4.553649124439119e-18
the phrase it,-4.553649124439119e-18
person life for,-4.553649124439119e-18
typically accepted,-4.553649124439119e-18
unlikely that it,-4.553649124439119e-18
typically accepted after,-4.553649124439119e-18
space when,-4.553649124439119e-18
concept that,-4.553649124439119e-18
making social life,-4.553649124439119e-18
occurs during the,-4.553649124439119e-18
of death and,-4.553649124439119e-18
to decomposition,-4.553649124439119e-18
to decomposition which,-4.553649124439119e-18
of person life,-4.553649124439119e-18
of death the,-4.553649124439119e-18
that is not,-4.553649124439119e-18
only reasonable answer,-4.553649124439119e-18
the end of,-4.553649124439119e-18
concept that is,-4.553649124439119e-18
to jump and,-4.553649124439119e-18
people experience after,-4.553649124439119e-18
the floor however,-4.553649124439119e-18
the floor making,-4.553649124439119e-18
to jump therefore,-4.553649124439119e-18
people experience,-4.553649124439119e-18
of deterioration,-4.553649124439119e-18
only reasonable,-4.553649124439119e-18
occurs during,-4.553649124439119e-18
or microwave,-4.553649124439119e-18
or microwave additionally,-4.553649124439119e-18
occur it is,-4.553649124439119e-18
confined,-4.553649124439119e-18
confined space,-4.553649124439119e-18
confined space when,-4.553649124439119e-18
of deterioration and,-4.553649124439119e-18
space when it,-4.553649124439119e-18
that the rationale,-4.553649124439119e-18
places where cats,-4.553649124439119e-18
the only reasonable,-4.553649124439119e-18
the cat jumped,-4.553649124439119e-18
the cat was,-4.553649124439119e-18
during the interview,-4.553649124439119e-18
that some people,-4.553649124439119e-18
that some,-4.553649124439119e-18
that occurs during,-4.553649124439119e-18
interview by,-4.553649124439119e-18
to the process,-4.553649124439119e-18
occur it,-4.553649124439119e-18
making social,-4.553649124439119e-18
process of deterioration,-4.553649124439119e-18
cat was,-4.553649124439119e-18
bedroom,-4.553649124439119e-18
by making social,-4.553649124439119e-18
cat to jump,-4.553649124439119e-18
cat to,-4.553649124439119e-18
where cats are,-4.553649124439119e-18
where cats,-4.553649124439119e-18
cat jumped into,-4.553649124439119e-18
cat jumped,-4.553649124439119e-18
when it jumped,-4.553649124439119e-18
body is no,-4.553649124439119e-18
was in meat,-4.553649124439119e-18
was not in,-4.553649124439119e-18
can occur it,-4.553649124439119e-18
removal that occurs,-4.553649124439119e-18
removal that,-4.553649124439119e-18
removal,-4.553649124439119e-18
waste removal,-4.553649124439119e-18
waste removal that,-4.553649124439119e-18
cat was not,-4.553649124439119e-18
by making,-4.553649124439119e-18
rebirth is,-4.553649124439119e-18
rebirth is concept,-4.553649124439119e-18
sadness is,-4.553649124439119e-18
sadness is natural,-4.553649124439119e-18
reasonable answer,-4.553649124439119e-18
reasonable answer is,-4.553649124439119e-18
while it can,-4.553649124439119e-18
rebirth,-4.553649124439119e-18
cats are commonly,-4.553649124439119e-18
and therefore,-4.553649124439119e-18
and while,-4.553649124439119e-18
and while it,-4.553649124439119e-18
cats are,-4.553649124439119e-18
necessarily imply,-4.662069341687669e-18
imply,-4.662069341687669e-18
not necessarily imply,-4.662069341687669e-18
compost piles are,-4.7704895589362195e-18
to show respect,-4.7704895589362195e-18
compost piles,-4.7704895589362195e-18
to show,-4.7704895589362195e-18
finding large amounts,-4.7704895589362195e-18
finding large,-4.7704895589362195e-18
finding,-4.7704895589362195e-18
smiling and,-4.7704895589362195e-18
smiling and having,-4.7704895589362195e-18
respect camaraderie,-4.7704895589362195e-18
way to greet,-4.7704895589362195e-18
way to show,-4.7704895589362195e-18
organic materials,-4.7704895589362195e-18
amounts of leafs,-4.7704895589362195e-18
seen,-4.7704895589362195e-18
the best answer,-4.7704895589362195e-18
sex smiling,-4.7704895589362195e-18
sex smiling and,-4.7704895589362195e-18
of organic materials,-4.7704895589362195e-18
of organic,-4.7704895589362195e-18
while hugging is,-4.7704895589362195e-18
while hugging,-4.7704895589362195e-18
of affection it,-4.7704895589362195e-18
best answer,-4.7704895589362195e-18
best answer kissing,-4.7704895589362195e-18
show respect,-4.7704895589362195e-18
show respect camaraderie,-4.7704895589362195e-18
large amounts of,-4.7704895589362195e-18
large amounts,-4.7704895589362195e-18
piles,-4.7704895589362195e-18
piles are,-4.7704895589362195e-18
therefore the hug,-4.7704895589362195e-18
respect camaraderie and,-4.7704895589362195e-18
respect,-4.7704895589362195e-18
common greeting,-4.7704895589362195e-18
to greet,-4.7704895589362195e-18
to greet friend,-4.7704895589362195e-18
common greeting among,-4.7704895589362195e-18
organic,-4.7704895589362195e-18
understanding while hugging,-4.7704895589362195e-18
understanding while,-4.7704895589362195e-18
animal,-4.851804721872632e-18
talking to the,-5.041540102057596e-18
when talking,-5.041540102057596e-18
getting advice,-5.041540102057596e-18
the interviewer always,-5.041540102057596e-18
told him when,-5.041540102057596e-18
was getting,-5.041540102057596e-18
they told,-5.041540102057596e-18
they told him,-5.041540102057596e-18
getting advice for,-5.041540102057596e-18
was getting advice,-5.041540102057596e-18
when talking to,-5.041540102057596e-18
to the interviewer,-5.041540102057596e-18
advice for the,-5.041540102057596e-18
told him,-5.041540102057596e-18
advice for,-5.041540102057596e-18
told,-5.041540102057596e-18
states,-5.204170427930421e-18
individuals and,-5.204170427930421e-18
where the,-5.204170427930421e-18
the most likely,-5.204170427930421e-18
for making,-5.204170427930421e-18
might live,-5.204170427930421e-18
presence of,-5.204170427930421e-18
presence,-5.204170427930421e-18
and groups,-5.204170427930421e-18
apply to,-5.204170427930421e-18
apply,-5.204170427930421e-18
none of,-5.204170427930421e-18
the presence,-5.204170427930421e-18
none,-5.204170427930421e-18
can apply to,-5.204170427930421e-18
can apply,-5.204170427930421e-18
the presence of,-5.204170427930421e-18
groups,-5.204170427930421e-18
this is fundamental,-5.204170427930421e-18
the concept,-5.204170427930421e-18
individuals and groups,-5.204170427930421e-18
to both,-5.204170427930421e-18
to both individuals,-5.204170427930421e-18
the concept of,-5.204170427930421e-18
writing,-5.204170427930421e-18
apply to both,-5.204170427930421e-18
characteristic of,-5.204170427930421e-18
change,-5.204170427930421e-18
characteristic,-5.204170427930421e-18
both individuals and,-5.204170427930421e-18
both individuals,-5.204170427930421e-18
concept of,-5.204170427930421e-18
the interview,-5.204170427930421e-18
can still,-5.312590645178972e-18
body experiences human,-5.339695699491109e-18
body experiences,-5.339695699491109e-18
typically found,-5.421010862427522e-18
typically found in,-5.421010862427522e-18
causing them to,-5.5294310796760726e-18
causing them,-5.5294310796760726e-18
enjoyable,-5.637851296924623e-18
enjoyable for,-5.637851296924623e-18
more enjoyable for,-5.637851296924623e-18
more enjoyable,-5.637851296924623e-18
easier,-5.637851296924623e-18
of building,-5.854691731421724e-18
is because house,-5.854691731421724e-18
buildings and are,-5.854691731421724e-18
building is type,-5.854691731421724e-18
passageway house is,-5.854691731421724e-18
passageways,-5.854691731421724e-18
passageways public,-5.854691731421724e-18
passageways public building,-5.854691731421724e-18
to the other,-5.854691731421724e-18
building is,-5.854691731421724e-18
central passageway house,-5.854691731421724e-18
house is type,-5.854691731421724e-18
higher,-5.854691731421724e-18
higher floor,-5.854691731421724e-18
to get,-5.854691731421724e-18
to higher,-5.854691731421724e-18
to higher floor,-5.854691731421724e-18
of buildings and,-5.854691731421724e-18
such as tomb,-5.854691731421724e-18
of buildings,-5.854691731421724e-18
of building that,-5.854691731421724e-18
because house is,-5.854691731421724e-18
because house,-5.854691731421724e-18
central passageway,-5.854691731421724e-18
buildings and,-5.854691731421724e-18
passageway house,-5.854691731421724e-18
passageway,-5.854691731421724e-18
or access,-5.854691731421724e-18
tomb arena or,-5.854691731421724e-18
specific and,-5.854691731421724e-18
specific and accurate,-5.854691731421724e-18
central passageways public,-5.854691731421724e-18
type of building,-5.854691731421724e-18
options tomb arena,-5.854691731421724e-18
options tomb,-5.854691731421724e-18
central passage that,-5.854691731421724e-18
options given additionally,-5.854691731421724e-18
with having central,-5.854691731421724e-18
public building is,-5.854691731421724e-18
type of public,-5.854691731421724e-18
or access rooms,-5.854691731421724e-18
public building that,-5.854691731421724e-18
of public building,-5.854691731421724e-18
that leads,-5.854691731421724e-18
central passageways,-5.854691731421724e-18
compared to the,-5.854691731421724e-18
passage that leads,-5.854691731421724e-18
passage that,-5.854691731421724e-18
of public,-5.854691731421724e-18
other options tomb,-5.854691731421724e-18
types of buildings,-5.854691731421724e-18
that leads to,-5.854691731421724e-18
long,-6.071532165918825e-18
children requires constant,-6.071532165918825e-18
constant,-6.071532165918825e-18
body after,-6.071532165918825e-18
and attention to,-6.071532165918825e-18
small hole,-6.071532165918825e-18
to it,-6.071532165918825e-18
can help,-6.071532165918825e-18
body after death,-6.071532165918825e-18
children requires,-6.071532165918825e-18
local,-6.071532165918825e-18
and attention,-6.071532165918825e-18
care and attention,-6.071532165918825e-18
care and,-6.071532165918825e-18
requires,-6.071532165918825e-18
requires constant,-6.071532165918825e-18
raising children requires,-6.071532165918825e-18
hole,-6.071532165918825e-18
head of state,-6.5052130349130266e-18
the prime,-6.5052130349130266e-18
wheat,-6.5052130349130266e-18
prime,-6.5052130349130266e-18
prime minister,-6.5052130349130266e-18
baked,-6.5052130349130266e-18
the country,-6.5052130349130266e-18
minister,-6.5052130349130266e-18
head of,-6.5052130349130266e-18
the prime minister,-6.5052130349130266e-18
of state,-6.5052130349130266e-18
bread is,-6.5052130349130266e-18
bread,-6.5052130349130266e-18
answer the question,-6.7220534694101275e-18
public,-6.816921159502609e-18
consistent with,-6.938893903907228e-18
consistent,-6.938893903907228e-18
house and,-6.938893903907228e-18
compost,-6.938893903907228e-18
causing,-6.938893903907228e-18
therefore the answer,-6.938893903907228e-18
the united,-6.938893903907228e-18
going to,-6.938893903907228e-18
the united states,-6.938893903907228e-18
he is,-6.938893903907228e-18
united states,-6.938893903907228e-18
smaller,-6.938893903907228e-18
ensure,-6.938893903907228e-18
united,-6.938893903907228e-18
with the act,-6.938893903907228e-18
most likely answer,-6.938893903907228e-18
are not typically,-6.938893903907228e-18
sunlight which,-6.938893903907228e-18
wanted,-6.938893903907228e-18
wanted to,-6.938893903907228e-18
feel like baseball,-7.37257477290143e-18
like baseball diamond,-7.37257477290143e-18
like baseball,-7.37257477290143e-18
response to playing,-7.37257477290143e-18
in high,-7.37257477290143e-18
biological,-7.37257477290143e-18
in high pressure,-7.37257477290143e-18
playing in high,-7.37257477290143e-18
playing in,-7.37257477290143e-18
would likely feel,-7.37257477290143e-18
likely feel like,-7.37257477290143e-18
likely feel,-7.37257477290143e-18
high pressure situation,-7.37257477290143e-18
pressure situation,-7.37257477290143e-18
to playing in,-7.37257477290143e-18
is trying,-7.37257477290143e-18
is trying to,-7.37257477290143e-18
and anxiety,-7.37257477290143e-18
trying to,-7.37257477290143e-18
would always get,-7.48099499014998e-18
would always,-7.48099499014998e-18
be in,-7.508100044462118e-18
in the question,-7.806255641895632e-18
anxiety this,-7.806255641895632e-18
which involves,-7.806255641895632e-18
people are,-7.806255641895632e-18
asking,-7.806255641895632e-18
cause digestive,-8.023096076392733e-18
unhealthy ingredients in,-8.023096076392733e-18
to sickness this,-8.023096076392733e-18
other unhealthy,-8.023096076392733e-18
to stomach,-8.023096076392733e-18
other unhealthy ingredients,-8.023096076392733e-18
stomach acid poisoning,-8.023096076392733e-18
to stomach acid,-8.023096076392733e-18
stomach acid reflux,-8.023096076392733e-18
presence of toxins,-8.023096076392733e-18
to sickness,-8.023096076392733e-18
sickness this is,-8.023096076392733e-18
poisoning and potentially,-8.023096076392733e-18
poisoning and,-8.023096076392733e-18
can cause digestive,-8.023096076392733e-18
the food making,-8.023096076392733e-18
which can lead,-8.023096076392733e-18
such as stomach,-8.023096076392733e-18
and potentially,-8.023096076392733e-18
reflux,-8.023096076392733e-18
reflux which,-8.023096076392733e-18
potentially lead to,-8.023096076392733e-18
unhealthy food can,-8.023096076392733e-18
potentially lead,-8.023096076392733e-18
potentially hazardous for,-8.023096076392733e-18
cause digestive issues,-8.023096076392733e-18
potentially hazardous,-8.023096076392733e-18
sickness,-8.023096076392733e-18
sickness this,-8.023096076392733e-18
reflux which can,-8.023096076392733e-18
or bathroom are,-8.239936510889834e-18
choices as they,-8.239936510889834e-18
you have difficulty,-8.239936510889834e-18
were no public,-8.239936510889834e-18
suitcase is not,-8.239936510889834e-18
were no,-8.239936510889834e-18
scenario describes,-8.239936510889834e-18
when one,-8.239936510889834e-18
suitcase is,-8.239936510889834e-18
suitcase,-8.239936510889834e-18
one is,-8.239936510889834e-18
where there were,-8.239936510889834e-18
where there,-8.239936510889834e-18
one is unable,-8.239936510889834e-18
the scenario,-8.239936510889834e-18
the scenario describes,-8.239936510889834e-18
best choices,-8.239936510889834e-18
room apartment or,-8.239936510889834e-18
use toilet in,-8.239936510889834e-18
when you have,-8.239936510889834e-18
the necessary facilities,-8.239936510889834e-18
not provide the,-8.239936510889834e-18
use toilet,-8.239936510889834e-18
there were,-8.239936510889834e-18
there were no,-8.239936510889834e-18
place for going,-8.239936510889834e-18
when one is,-8.239936510889834e-18
choices as,-8.239936510889834e-18
place to go,-8.239936510889834e-18
the bathroom when,-8.239936510889834e-18
the best choices,-8.239936510889834e-18
they do not,-8.239936510889834e-18
scenario describes james,-8.239936510889834e-18
best choices as,-8.239936510889834e-18
place where there,-8.239936510889834e-18
toilet game is,-8.239936510889834e-18
unable to use,-8.239936510889834e-18
using toilet game,-8.239936510889834e-18
do not provide,-8.239936510889834e-18
toilets which is,-8.239936510889834e-18
toilets which,-8.239936510889834e-18
toilets,-8.239936510889834e-18
toilet suitcase is,-8.239936510889834e-18
to practice,-8.239936510889834e-18
public toilets,-8.239936510889834e-18
public toilet suitcase,-8.239936510889834e-18
to use toilet,-8.239936510889834e-18
toilet suitcase,-8.239936510889834e-18
public toilets which,-8.239936510889834e-18
toilet and mailbox,-8.239936510889834e-18
going to place,-8.239936510889834e-18
public motel room,-8.239936510889834e-18
toilet in public,-8.239936510889834e-18
toilet game,-8.239936510889834e-18
toilet in,-8.239936510889834e-18
public motel,-8.239936510889834e-18
to go,-8.239936510889834e-18
to go when,-8.239936510889834e-18
using toilet and,-8.239936510889834e-18
is used,-8.348356728138384e-18
england,-8.40256683676266e-18
row houses they,-8.40256683676266e-18
needed,-8.40256683676266e-18
estates for,-8.40256683676266e-18
they needed to,-8.40256683676266e-18
estates for row,-8.40256683676266e-18
needed to,-8.40256683676266e-18
for row houses,-8.40256683676266e-18
for row,-8.40256683676266e-18
wanted to leave,-8.40256683676266e-18
people wanted to,-8.40256683676266e-18
people wanted,-8.40256683676266e-18
to england,-8.40256683676266e-18
they needed,-8.40256683676266e-18
row houses,-8.40256683676266e-18
row,-8.40256683676266e-18
many people wanted,-8.40256683676266e-18
move to england,-8.40256683676266e-18
country estates for,-8.40256683676266e-18
the word smile,-8.456776945386935e-18
smile can convey,-8.456776945386935e-18
smile therefore,-8.456776945386935e-18
or joy,-8.456776945386935e-18
or joy and,-8.456776945386935e-18
word smile is,-8.456776945386935e-18
word smile,-8.456776945386935e-18
to describe,-8.456776945386935e-18
used to describe,-8.456776945386935e-18
smile is often,-8.456776945386935e-18
to describe smile,-8.456776945386935e-18
smile therefore the,-8.456776945386935e-18
the professional end,-8.673617379884035e-18
natural habitat which,-8.673617379884035e-18
maintaining,-8.673617379884035e-18
to the area,-8.673617379884035e-18
the instructions,-8.673617379884035e-18
the instructions being,-8.673617379884035e-18
complete the task,-8.673617379884035e-18
up therefore,-8.673617379884035e-18
many people,-8.673617379884035e-18
that are difficult,-8.673617379884035e-18
the professional,-8.673617379884035e-18
that are,-8.673617379884035e-18
where people can,-8.673617379884035e-18
such as difficulty,-8.673617379884035e-18
up therefore the,-8.673617379884035e-18
frustration and anger,-8.673617379884035e-18
forests,-8.673617379884035e-18
using program they,-8.673617379884035e-18
for this question,-8.673617379884035e-18
which includes forests,-8.673617379884035e-18
frustration and,-8.673617379884035e-18
feelings of frustration,-8.673617379884035e-18
while using,-8.673617379884035e-18
to the difficulty,-8.673617379884035e-18
woods and hen,-8.673617379884035e-18
answer rationale,-8.673617379884035e-18
the area where,-8.673617379884035e-18
various ways such,-8.673617379884035e-18
the area,-8.673617379884035e-18
anger,-8.673617379884035e-18
various ways,-8.673617379884035e-18
woods,-8.673617379884035e-18
woods and,-8.673617379884035e-18
refers to the,-8.673617379884035e-18
rationale triplet is,-8.673617379884035e-18
and anger,-8.673617379884035e-18
that not all,-8.673617379884035e-18
that not,-8.673617379884035e-18
consequences,-8.673617379884035e-18
triplet is,-8.673617379884035e-18
work of,-8.673617379884035e-18
work of fiction,-8.673617379884035e-18
question answer rationale,-8.673617379884035e-18
answer rationale triplet,-8.673617379884035e-18
rationale triplet,-8.673617379884035e-18
professional,-8.673617379884035e-18
the end user,-8.673617379884035e-18
of fiction,-8.673617379884035e-18
of fiction woods,-8.673617379884035e-18
of fox,-8.673617379884035e-18
of fox and,-8.673617379884035e-18
professional end,-8.673617379884035e-18
people can,-8.673617379884035e-18
of frustration,-8.673617379884035e-18
of frustration and,-8.673617379884035e-18
the task or,-8.673617379884035e-18
program they may,-8.673617379884035e-18
understanding the instructions,-8.673617379884035e-18
the difficulty they,-8.673617379884035e-18
the difficulty,-8.673617379884035e-18
while using program,-8.673617379884035e-18
professional end user,-8.673617379884035e-18
errors in program,-8.673617379884035e-18
errors in,-8.673617379884035e-18
program they,-8.673617379884035e-18
the task,-8.673617379884035e-18
but not representation,-8.673617379884035e-18
but when they,-8.673617379884035e-18
ways such as,-8.673617379884035e-18
habitat which,-8.673617379884035e-18
this could manifest,-8.673617379884035e-18
but when,-8.673617379884035e-18
you are,-8.673617379884035e-18
representation of fox,-8.673617379884035e-18
this question answer,-8.673617379884035e-18
home,-8.673617379884035e-18
storybook is work,-8.673617379884035e-18
representation of,-8.673617379884035e-18
storybook is,-8.673617379884035e-18
to complete the,-8.673617379884035e-18
task or experiencing,-8.673617379884035e-18
task or,-8.673617379884035e-18
when they do,-8.673617379884035e-18
or experiencing errors,-8.673617379884035e-18
to complete,-8.673617379884035e-18
response,-8.673617379884035e-18
they may become,-8.673617379884035e-18
ways such,-8.673617379884035e-18
to feel frustrated,-8.673617379884035e-18
they do,-8.673617379884035e-18
representation,-8.673617379884035e-18
complete,-8.673617379884035e-18
complete the,-8.673617379884035e-18
to feel,-8.673617379884035e-18
place to find,-8.673617379884035e-18
places where fox,-8.673617379884035e-18
to find made,-8.673617379884035e-18
user to,-8.673617379884035e-18
to fix,-8.673617379884035e-18
to fix it,-8.673617379884035e-18
they do it,-8.673617379884035e-18
up fox,-8.673617379884035e-18
up fox is,-8.673617379884035e-18
user encounters an,-8.673617379884035e-18
its natural habitat,-8.673617379884035e-18
up is likely,-8.673617379884035e-18
unable to complete,-8.673617379884035e-18
user to feel,-8.673617379884035e-18
or experiencing,-8.673617379884035e-18
where fox lives,-8.673617379884035e-18
using program,-8.673617379884035e-18
where it is,-8.673617379884035e-18
to be found,-8.673617379884035e-18
in program,-8.673617379884035e-18
likely place to,-8.673617379884035e-18
where fox might,-8.673617379884035e-18
break down,-8.890457814381136e-18
toilet such as,-8.890457814381136e-18
obtain toilet this,-8.890457814381136e-18
toilet this option,-8.890457814381136e-18
toilet this,-8.890457814381136e-18
very expensive option,-8.890457814381136e-18
or apartment to,-8.890457814381136e-18
or apartment,-8.890457814381136e-18
toilet such,-8.890457814381136e-18
rather than motel,-8.890457814381136e-18
option is plausible,-8.890457814381136e-18
option to,-8.890457814381136e-18
option to obtain,-8.890457814381136e-18
than motel,-8.890457814381136e-18
to obtain toilet,-8.890457814381136e-18
use very expensive,-8.890457814381136e-18
break down and,-8.890457814381136e-18
such as house,-8.890457814381136e-18
than motel or,-8.890457814381136e-18
public toilet such,-8.890457814381136e-18
to break down,-8.890457814381136e-18
used public toilet,-8.890457814381136e-18
to save,-8.890457814381136e-18
to save money,-8.890457814381136e-18
use very,-8.890457814381136e-18
used public,-8.890457814381136e-18
it jumped into,-9.107298248878237e-18
that the cat,-9.107298248878237e-18
jumped into the,-9.107298248878237e-18
however the,-9.107298248878237e-18
process of death,-9.107298248878237e-18
of death,-9.107298248878237e-18
the cat,-9.107298248878237e-18
it jumped,-9.107298248878237e-18
processing and,-9.107298248878237e-18
to jump,-9.107298248878237e-18
rooms,-9.215718466126788e-18
hug is,-9.540979117872439e-18
of time,-9.540979117872439e-18
the hug is,-9.540979117872439e-18
popular,-9.540979117872439e-18
handshake is,-9.540979117872439e-18
game,-9.540979117872439e-18
block,-9.540979117872439e-18
given,-9.540979117872439e-18
are not directly,-9.540979117872439e-18
block of time,-9.540979117872439e-18
block of,-9.540979117872439e-18
the hug,-9.540979117872439e-18
instead the,-9.540979117872439e-18
could have,-9.540979117872439e-18
instead,-9.540979117872439e-18
billy,-9.595189226496714e-18
that it was,-9.75781955236954e-18
for using,-9.974659986866641e-18
and tension,-9.974659986866641e-18
to use,-9.974659986866641e-18
and tension on,-9.974659986866641e-18
stress and tension,-9.974659986866641e-18
being in,-9.974659986866641e-18
because the pitcher,-9.974659986866641e-18
in state of,-9.974659986866641e-18
in state,-9.974659986866641e-18
could get,-1.0083080204115191e-17
break,-1.0354130747236567e-17
to break,-1.0354130747236567e-17
stop someone when,-1.0408340855860843e-17
without causing physical,-1.0408340855860843e-17
without causing,-1.0408340855860843e-17
is because getting,-1.0408340855860843e-17
stopping someone while,-1.0408340855860843e-17
sweating and exhaustion,-1.0408340855860843e-17
stop someone getting,-1.0408340855860843e-17
that can occur,-1.0408340855860843e-17
sweating and,-1.0408340855860843e-17
tired and exhaustion,-1.0408340855860843e-17
tired can,-1.0408340855860843e-17
can stop someone,-1.0408340855860843e-17
tired can stop,-1.0408340855860843e-17
set aside,-1.0408340855860843e-17
stopping someone from,-1.0408340855860843e-17
tired is the,-1.0408340855860843e-17
can stop,-1.0408340855860843e-17
someone from running,-1.0408340855860843e-17
it important,-1.0408340855860843e-17
last,-1.0408340855860843e-17
it important to,-1.0408340855860843e-17
can impair,-1.0408340855860843e-17
running as it,-1.0408340855860843e-17
running as,-1.0408340855860843e-17
person can,-1.0408340855860843e-17
person can still,-1.0408340855860843e-17
night,-1.0408340855860843e-17
run if they,-1.0408340855860843e-17
potentially stop,-1.0408340855860843e-17
potentially stop someone,-1.0408340855860843e-17
run if,-1.0408340855860843e-17
run,-1.0408340855860843e-17
causing physical,-1.0408340855860843e-17
someone getting tired,-1.0408340855860843e-17
last night,-1.0408340855860843e-17
can impair their,-1.0408340855860843e-17
lead,-1.0408340855860843e-17
which can be,-1.0408340855860843e-17
someone getting,-1.0408340855860843e-17
someone while they,-1.0408340855860843e-17
someone while,-1.0408340855860843e-17
physical stop,-1.0408340855860843e-17
someone when they,-1.0408340855860843e-17
lead to,-1.0408340855860843e-17
state that can,-1.0408340855860843e-17
their physical and,-1.0408340855860843e-17
someone from,-1.0408340855860843e-17
getting tired can,-1.0408340855860843e-17
garbage last,-1.0408340855860843e-17
garbage last night,-1.0408340855860843e-17
running for,-1.0408340855860843e-17
causing physical stop,-1.0408340855860843e-17
had the,-1.0408340855860843e-17
something had the,-1.0408340855860843e-17
related to stopping,-1.0408340855860843e-17
baked and,-1.0408340855860843e-17
while they are,-1.0408340855860843e-17
while they,-1.0408340855860843e-17
can still run,-1.0408340855860843e-17
the garbage last,-1.0408340855860843e-17
therefore the question,-1.0408340855860843e-17
while mushrooms falling,-1.0408340855860843e-17
had the nerve,-1.0408340855860843e-17
someone when,-1.0408340855860843e-17
while it,-1.0408340855860843e-17
running for example,-1.0408340855860843e-17
was an,-1.0408340855860843e-17
was an animal,-1.0408340855860843e-17
while mushrooms,-1.0408340855860843e-17
because getting,-1.0408340855860843e-17
because getting tired,-1.0408340855860843e-17
running the,-1.0408340855860843e-17
occur without,-1.0408340855860843e-17
occur without causing,-1.0408340855860843e-17
running the other,-1.0408340855860843e-17
can occur without,-1.0408340855860843e-17
had,-1.0408340855860843e-17
still run,-1.0408340855860843e-17
to stopping,-1.0408340855860843e-17
to stopping someone,-1.0408340855860843e-17
still run if,-1.0408340855860843e-17
something had,-1.0408340855860843e-17
by having sex,-1.043544591017298e-17
reproducing by,-1.043544591017298e-17
by having,-1.043544591017298e-17
reproducing by having,-1.043544591017298e-17
the best,-1.0733601507606494e-17
clutter,-1.0842021724855044e-17
variety of items,-1.0842021724855044e-17
clutter and,-1.0842021724855044e-17
clutter and getting,-1.0842021724855044e-17
value additionally thrift,-1.0842021724855044e-17
because it is,-1.0842021724855044e-17
on knickknacks and,-1.0842021724855044e-17
items are,-1.0842021724855044e-17
because spending money,-1.0842021724855044e-17
buying items at,-1.0842021724855044e-17
buying items,-1.0842021724855044e-17
buying,-1.0842021724855044e-17
them popular,-1.0842021724855044e-17
choice for home,-1.0842021724855044e-17
them popular choice,-1.0842021724855044e-17
items are often,-1.0842021724855044e-17
these items,-1.0842021724855044e-17
value,-1.0842021724855044e-17
these items are,-1.0842021724855044e-17
typically results in,-1.0842021724855044e-17
sentimental value,-1.0842021724855044e-17
is because spending,-1.0842021724855044e-17
thrift store but,-1.0842021724855044e-17
thrift store satisfaction,-1.0842021724855044e-17
thrift stores,-1.0842021724855044e-17
thrift stores often,-1.0842021724855044e-17
because spending,-1.0842021724855044e-17
because it,-1.0842021724855044e-17
often unique and,-1.0842021724855044e-17
wide variety,-1.0842021724855044e-17
often unique,-1.0842021724855044e-17
unique,-1.0842021724855044e-17
and have,-1.0842021724855044e-17
often have wide,-1.0842021724855044e-17
of spending money,-1.0842021724855044e-17
of spending,-1.0842021724855044e-17
as these,-1.0842021724855044e-17
wide variety of,-1.0842021724855044e-17
wide,-1.0842021724855044e-17
value additionally,-1.0842021724855044e-17
the clutter,-1.0842021724855044e-17
the clutter and,-1.0842021724855044e-17
of items making,-1.0842021724855044e-17
of items,-1.0842021724855044e-17
of buying items,-1.0842021724855044e-17
unique and,-1.0842021724855044e-17
of buying,-1.0842021724855044e-17
unique and have,-1.0842021724855044e-17
typically results,-1.0842021724855044e-17
sentimental,-1.0842021724855044e-17
satisfaction is,-1.0842021724855044e-17
projects the,-1.0842021724855044e-17
projects the clutter,-1.0842021724855044e-17
popular choice for,-1.0842021724855044e-17
popular choice,-1.0842021724855044e-17
store satisfaction is,-1.0842021724855044e-17
projects,-1.0842021724855044e-17
sentimental value additionally,-1.0842021724855044e-17
small items typically,-1.0842021724855044e-17
satisfaction is not,-1.0842021724855044e-17
other small,-1.0842021724855044e-17
store but rather,-1.0842021724855044e-17
small items,-1.0842021724855044e-17
other small items,-1.0842021724855044e-17
stores often,-1.0842021724855044e-17
stores often have,-1.0842021724855044e-17
store but,-1.0842021724855044e-17
result of spending,-1.0842021724855044e-17
store satisfaction,-1.0842021724855044e-17
results in more,-1.0842021724855044e-17
was ever,-1.0909784360635388e-17
was ever before,-1.0909784360635388e-17
live,-1.1275702593849246e-17
is the natural,-1.1275702593849246e-17
were,-1.1275702593849246e-17
specific type of,-1.1275702593849246e-17
to alleviate,-1.1275702593849246e-17
the natural,-1.1275702593849246e-17
specific type,-1.1275702593849246e-17
alleviate,-1.1275702593849246e-17
and the potential,-1.1275702593849246e-17
and the,-1.1275702593849246e-17
assess their,-1.1492543028346347e-17
to assess their,-1.1492543028346347e-17
to assess,-1.1492543028346347e-17
assess,-1.1492543028346347e-17
when they are,-1.1519648082658485e-17
has central,-1.1709383462843448e-17
tomb,-1.1709383462843448e-17
health,-1.1709383462843448e-17
building that,-1.1709383462843448e-17
building that typically,-1.1709383462843448e-17
public building,-1.1709383462843448e-17
typically has central,-1.1709383462843448e-17
typically has,-1.1709383462843448e-17
that typically has,-1.1709383462843448e-17
tomb arena,-1.1709383462843448e-17
can engage,-1.1926223897340549e-17
can engage in,-1.1926223897340549e-17
books and magazines,-1.214306433183765e-17
purposes,-1.214306433183765e-17
comfortable and,-1.214306433183765e-17
nutrients,-1.214306433183765e-17
purposes the,-1.214306433183765e-17
purposes the other,-1.214306433183765e-17
this is because,-1.214306433183765e-17
commercial purposes the,-1.214306433183765e-17
possibilities as long,-1.214306433183765e-17
comfortable and common,-1.214306433183765e-17
commercial,-1.214306433183765e-17
commercial purposes,-1.214306433183765e-17
the materials are,-1.214306433183765e-17
typically spend most,-1.214306433183765e-17
typically spend,-1.214306433183765e-17
time reading,-1.214306433183765e-17
to keep,-1.214306433183765e-17
place for families,-1.214306433183765e-17
places to,-1.214306433183765e-17
places to keep,-1.214306433183765e-17
of their time,-1.214306433183765e-17
card are,-1.214306433183765e-17
using library,-1.214306433183765e-17
using library card,-1.214306433183765e-17
reading and researching,-1.214306433183765e-17
this is where,-1.214306433183765e-17
reading and,-1.214306433183765e-17
variety of books,-1.214306433183765e-17
read additionally homeschooling,-1.214306433183765e-17
read additionally,-1.214306433183765e-17
card are also,-1.214306433183765e-17
own home where,-1.214306433183765e-17
used for commercial,-1.214306433183765e-17
possibilities,-1.214306433183765e-17
the materials,-1.214306433183765e-17
card,-1.214306433183765e-17
researching,-1.214306433183765e-17
researching and,-1.214306433183765e-17
researching and it,-1.214306433183765e-17
of books and,-1.214306433183765e-17
of books,-1.214306433183765e-17
possibilities as,-1.214306433183765e-17
they have access,-1.214306433183765e-17
people typically spend,-1.214306433183765e-17
rehabilitation,-1.214306433183765e-17
occur,-1.214306433183765e-17
time reading and,-1.214306433183765e-17
books and,-1.214306433183765e-17
where people typically,-1.214306433183765e-17
keep,-1.214306433183765e-17
where they have,-1.214306433183765e-17
their time reading,-1.214306433183765e-17
spend most of,-1.214306433183765e-17
to variety of,-1.214306433183765e-17
to variety,-1.214306433183765e-17
spend most,-1.214306433183765e-17
being used,-1.214306433183765e-17
spend,-1.214306433183765e-17
their own home,-1.214306433183765e-17
experience after death,-1.214306433183765e-17
experience after,-1.214306433183765e-17
than,-1.2468324983583301e-17
someone is,-1.2522535092207576e-17
when someone is,-1.2522535092207576e-17
biological process,-1.2576745200831851e-17
additionally the,-1.2576745200831851e-17
can go to,-1.2793585635328952e-17
where the mouse,-1.3010426069826053e-17
suitable habitat,-1.3010426069826053e-17
suitable habitat for,-1.3010426069826053e-17
the end,-1.3010426069826053e-17
of house as,-1.3010426069826053e-17
would provide suitable,-1.3010426069826053e-17
use as entry,-1.3010426069826053e-17
use as,-1.3010426069826053e-17
they use as,-1.3010426069826053e-17
suitcases and other,-1.3010426069826053e-17
suitcases and,-1.3010426069826053e-17
suitcases,-1.3010426069826053e-17
they use,-1.3010426069826053e-17
the walls,-1.3010426069826053e-17
the walls of,-1.3010426069826053e-17
walls and other,-1.3010426069826053e-17
walls and,-1.3010426069826053e-17
to the walls,-1.3010426069826053e-17
points,-1.3010426069826053e-17
set,-1.3010426069826053e-17
which they,-1.3010426069826053e-17
their time,-1.3010426069826053e-17
which they use,-1.3010426069826053e-17
parts,-1.3010426069826053e-17
parts of,-1.3010426069826053e-17
parts of house,-1.3010426069826053e-17
surfaces which they,-1.3010426069826053e-17
points into,-1.3010426069826053e-17
surfaces,-1.3010426069826053e-17
you have small,-1.3010426069826053e-17
surfaces which,-1.3010426069826053e-17
walls of house,-1.3010426069826053e-17
the mouse additionally,-1.3010426069826053e-17
your house where,-1.3010426069826053e-17
in your,-1.3010426069826053e-17
walls of,-1.3010426069826053e-17
in your house,-1.3010426069826053e-17
the mouse might,-1.3010426069826053e-17
other parts,-1.3010426069826053e-17
other parts of,-1.3010426069826053e-17
provide suitable habitat,-1.3010426069826053e-17
king,-1.3010426069826053e-17
other surfaces,-1.3010426069826053e-17
other surfaces which,-1.3010426069826053e-17
to holes,-1.3010426069826053e-17
to holes in,-1.3010426069826053e-17
provide suitable,-1.3010426069826053e-17
points into homes,-1.3010426069826053e-17
your house if,-1.3010426069826053e-17
would provide,-1.3010426069826053e-17
pitcher felt stress,-1.3227266504323154e-17
the mound which,-1.3227266504323154e-17
the pitcher felt,-1.3227266504323154e-17
pitcher felt,-1.3227266504323154e-17
which is baseball,-1.3227266504323154e-17
successful,-1.3444106938820255e-17
almost,-1.3579632210380943e-17
the advice to,-1.3660947373317356e-17
personality,-1.3660947373317356e-17
showcase their skills,-1.3660947373317356e-17
time effectively,-1.3660947373317356e-17
the advice,-1.3660947373317356e-17
candidate can,-1.3660947373317356e-17
candidate can effectively,-1.3660947373317356e-17
showcase their,-1.3660947373317356e-17
to make social,-1.3660947373317356e-17
candidate develop positive,-1.3660947373317356e-17
candidate develop,-1.3660947373317356e-17
prepare for the,-1.3660947373317356e-17
candidate prepare,-1.3660947373317356e-17
the candidate prepare,-1.3660947373317356e-17
the candidate develop,-1.3660947373317356e-17
candidate prepare for,-1.3660947373317356e-17
positive and engaging,-1.3660947373317356e-17
the candidate can,-1.3660947373317356e-17
showcase,-1.3660947373317356e-17
time effectively and,-1.3660947373317356e-17
personality which,-1.3660947373317356e-17
their suitability for,-1.3660947373317356e-17
their suitability,-1.3660947373317356e-17
their skills making,-1.3660947373317356e-17
personality which is,-1.3660947373317356e-17
the interviewer to,-1.3660947373317356e-17
the interviewer this,-1.3660947373317356e-17
successful job interview,-1.3660947373317356e-17
the interview the,-1.3660947373317356e-17
the interaction and,-1.3660947373317356e-17
suitability for,-1.3660947373317356e-17
the interaction,-1.3660947373317356e-17
suitability,-1.3660947373317356e-17
this advice is,-1.3660947373317356e-17
interview the,-1.3660947373317356e-17
successful job,-1.3660947373317356e-17
skills making,-1.3660947373317356e-17
skills making it,-1.3660947373317356e-17
an amateur end,-1.3660947373317356e-17
an amateur,-1.3660947373317356e-17
their time effectively,-1.3660947373317356e-17
this advice,-1.3660947373317356e-17
their goals,-1.3877787807814457e-17
their goals the,-1.3877787807814457e-17
they seek,-1.3877787807814457e-17
favorite show,-1.3877787807814457e-17
be found and,-1.3877787807814457e-17
reading is,-1.3877787807814457e-17
them closer,-1.3877787807814457e-17
favorite,-1.3877787807814457e-17
direct and,-1.3877787807814457e-17
them closer to,-1.3877787807814457e-17
structures,-1.3877787807814457e-17
found and,-1.3877787807814457e-17
reading is common,-1.3877787807814457e-17
specific thing that,-1.3877787807814457e-17
they seek out,-1.3877787807814457e-17
specific action,-1.3877787807814457e-17
specific action that,-1.3877787807814457e-17
thing that,-1.3877787807814457e-17
thing that can,-1.3877787807814457e-17
scenario,-1.3877787807814457e-17
to their goals,-1.3877787807814457e-17
specific activity,-1.3877787807814457e-17
specific activity that,-1.3877787807814457e-17
somewhere is not,-1.3877787807814457e-17
the same way,-1.3877787807814457e-17
closer to their,-1.3877787807814457e-17
center,-1.3877787807814457e-17
curiosity in,-1.3877787807814457e-17
someone curiosity in,-1.3877787807814457e-17
curiosity in the,-1.3877787807814457e-17
same way,-1.3877787807814457e-17
same way for,-1.3877787807814457e-17
specific thing,-1.3877787807814457e-17
someone curiosity is,-1.3877787807814457e-17
bring them,-1.3877787807814457e-17
out new information,-1.3877787807814457e-17
that bring,-1.3877787807814457e-17
or engage,-1.3877787807814457e-17
bring them closer,-1.3877787807814457e-17
seeing favorite,-1.3877787807814457e-17
in the same,-1.3877787807814457e-17
that bring them,-1.3877787807814457e-17
seeing,-1.3877787807814457e-17
act,-1.3877787807814457e-17
bring,-1.3877787807814457e-17
seek out new,-1.3877787807814457e-17
can also be,-1.3877787807814457e-17
show is,-1.3877787807814457e-17
way for example,-1.3877787807814457e-17
out new,-1.3877787807814457e-17
seek out,-1.3877787807814457e-17
seeing favorite show,-1.3877787807814457e-17
show is not,-1.3877787807814457e-17
or engage in,-1.3877787807814457e-17
in its,-1.3891340334970526e-17
found in its,-1.3891340334970526e-17
its natural,-1.3891340334970526e-17
in its natural,-1.3891340334970526e-17
process data this,-1.4094628242311558e-17
servers,-1.4094628242311558e-17
suddenly stopping,-1.4094628242311558e-17
them to get,-1.4094628242311558e-17
connection allowing,-1.4094628242311558e-17
stopping them,-1.4094628242311558e-17
other devices,-1.4094628242311558e-17
to their breathing,-1.4094628242311558e-17
reason for someone,-1.4094628242311558e-17
such as servers,-1.4094628242311558e-17
someone to suddenly,-1.4094628242311558e-17
computers allowing it,-1.4094628242311558e-17
their body temperature,-1.4094628242311558e-17
suddenly stop running,-1.4094628242311558e-17
other computers,-1.4094628242311558e-17
them could cause,-1.4094628242311558e-17
process and analyze,-1.4094628242311558e-17
body temperature can,-1.4094628242311558e-17
the data being,-1.4094628242311558e-17
the data,-1.4094628242311558e-17
process and,-1.4094628242311558e-17
other computers allowing,-1.4094628242311558e-17
or other computers,-1.4094628242311558e-17
stopping them could,-1.4094628242311558e-17
running their body,-1.4094628242311558e-17
running especially if,-1.4094628242311558e-17
suddenly stop,-1.4094628242311558e-17
users,-1.4094628242311558e-17
users to,-1.4094628242311558e-17
users to access,-1.4094628242311558e-17
them could,-1.4094628242311558e-17
to it this,-1.4094628242311558e-17
could cause,-1.4094628242311558e-17
the computer to,-1.4094628242311558e-17
someone is running,-1.4094628242311558e-17
stop running,-1.4094628242311558e-17
running their,-1.4094628242311558e-17
the computer being,-1.4094628242311558e-17
sent to it,-1.4094628242311558e-17
computers,-1.4094628242311558e-17
computers allowing,-1.4094628242311558e-17
servers or,-1.4094628242311558e-17
their breathing,-1.4094628242311558e-17
plausible scenario especially,-1.4094628242311558e-17
to access,-1.4094628242311558e-17
capability of the,-1.4094628242311558e-17
capability of,-1.4094628242311558e-17
capability is direct,-1.4094628242311558e-17
this is direct,-1.4094628242311558e-17
plausible scenario,-1.4094628242311558e-17
stop running especially,-1.4094628242311558e-17
of information this,-1.4094628242311558e-17
to suddenly stop,-1.4094628242311558e-17
breathing which can,-1.4094628242311558e-17
temperature can drop,-1.4094628242311558e-17
to get tired,-1.4094628242311558e-17
of information,-1.4094628242311558e-17
to suddenly,-1.4094628242311558e-17
computer being,-1.4094628242311558e-17
to process and,-1.4094628242311558e-17
sent to,-1.4094628242311558e-17
breathing which,-1.4094628242311558e-17
servers or other,-1.4094628242311558e-17
breathing,-1.4094628242311558e-17
connection allowing the,-1.4094628242311558e-17
other devices such,-1.4094628242311558e-17
computer being connected,-1.4094628242311558e-17
to access and,-1.4094628242311558e-17
tired and suddenly,-1.4094628242311558e-17
vast amounts,-1.4094628242311558e-17
their breathing which,-1.4094628242311558e-17
scenario especially,-1.4094628242311558e-17
temperature,-1.4094628242311558e-17
is plausible scenario,-1.4094628242311558e-17
their energy,-1.4094628242311558e-17
computer to process,-1.4094628242311558e-17
their energy and,-1.4094628242311558e-17
computer to,-1.4094628242311558e-17
their footing and,-1.4094628242311558e-17
vast,-1.4094628242311558e-17
running especially,-1.4094628242311558e-17
body temperature,-1.4094628242311558e-17
vast amounts of,-1.4094628242311558e-17
their footing,-1.4094628242311558e-17
is running,-1.4094628242311558e-17
computer is connected,-1.4094628242311558e-17
scenario especially if,-1.4094628242311558e-17
of the computer,-1.4094628242311558e-17
suddenly stopping them,-1.4094628242311558e-17
temperature can,-1.4094628242311558e-17
city,-1.431146867680866e-17
reasonable,-1.431146867680866e-17
storybook,-1.474514954580286e-17
or danger such,-1.474514954580286e-17
considered dangerous,-1.474514954580286e-17
strangers go,-1.474514954580286e-17
people and it,-1.474514954580286e-17
considered dangerous and,-1.474514954580286e-17
with it train,-1.474514954580286e-17
or attacked,-1.474514954580286e-17
or danger,-1.474514954580286e-17
pressure,-1.474514954580286e-17
made up is,-1.474514954580286e-17
of being stranger,-1.474514954580286e-17
transportation,-1.474514954580286e-17
stranger and the,-1.474514954580286e-17
train is mode,-1.474514954580286e-17
with being stranger,-1.474514954580286e-17
transportation not,-1.474514954580286e-17
transportation not place,-1.474514954580286e-17
death,-1.474514954580286e-17
strange person is,-1.474514954580286e-17
area,-1.474514954580286e-17
strange person,-1.474514954580286e-17
for many,-1.474514954580286e-17
or attacked this,-1.474514954580286e-17
for someone,-1.474514954580286e-17
stranger the other,-1.474514954580286e-17
stranger you,-1.474514954580286e-17
stranger you are,-1.474514954580286e-17
strangers,-1.474514954580286e-17
hen,-1.474514954580286e-17
where strangers,-1.474514954580286e-17
hen house,-1.474514954580286e-17
where strangers go,-1.474514954580286e-17
them to understand,-1.474514954580286e-17
with it,-1.474514954580286e-17
up is,-1.474514954580286e-17
stranger and,-1.474514954580286e-17
strangers go strange,-1.474514954580286e-17
concept of being,-1.474514954580286e-17
can occur,-1.474514954580286e-17
home is,-1.474514954580286e-17
is not good,-1.474514954580286e-17
common experience for,-1.474514954580286e-17
common experience,-1.474514954580286e-17
not good,-1.474514954580286e-17
not good at,-1.474514954580286e-17
to understand the,-1.474514954580286e-17
way for them,-1.474514954580286e-17
such as being,-1.474514954580286e-17
place where strangers,-1.474514954580286e-17
of learning,-1.474514954580286e-17
you are considered,-1.474514954580286e-17
of transportation not,-1.474514954580286e-17
of transportation,-1.474514954580286e-17
understand the,-1.474514954580286e-17
re stranger you,-1.474514954580286e-17
understand the potential,-1.474514954580286e-17
up in natural,-1.496198998029996e-17
show,-1.5178830414797062e-17
is because something,-1.5178830414797062e-17
into the garbage,-1.5178830414797062e-17
rooms are not,-1.5178830414797062e-17
because something,-1.5178830414797062e-17
rooms are,-1.5178830414797062e-17
break into the,-1.5178830414797062e-17
the garbage,-1.5178830414797062e-17
feature,-1.5287250632045613e-17
smile can,-1.5612511283791264e-17
happiness or,-1.5612511283791264e-17
build their financial,-1.5612511283791264e-17
getting,-1.5612511283791264e-17
comprehension critical,-1.5612511283791264e-17
comprehension critical thinking,-1.5612511283791264e-17
have fun,-1.5612511283791264e-17
various skills related,-1.5612511283791264e-17
concepts and,-1.5612511283791264e-17
various skills,-1.5612511283791264e-17
their financial,-1.5612511283791264e-17
build their,-1.5612511283791264e-17
writing therefore,-1.5612511283791264e-17
writing therefore reading,-1.5612511283791264e-17
related to reading,-1.5612511283791264e-17
their financial literacy,-1.5612511283791264e-17
such as earning,-1.5612511283791264e-17
valuable and practical,-1.5612511283791264e-17
saving this,-1.5612511283791264e-17
stability additionally reading,-1.5612511283791264e-17
therefore reading newspapers,-1.5612511283791264e-17
their overall financial,-1.5612511283791264e-17
stability additionally,-1.5612511283791264e-17
therefore reading,-1.5612511283791264e-17
related to money,-1.5612511283791264e-17
such as comprehension,-1.5612511283791264e-17
skills related to,-1.5612511283791264e-17
valuable and,-1.5612511283791264e-17
practical way to,-1.5612511283791264e-17
skills related,-1.5612511283791264e-17
thinking,-1.5612511283791264e-17
thinking and,-1.5612511283791264e-17
sense of happiness,-1.5612511283791264e-17
of happiness or,-1.5612511283791264e-17
emotion,-1.5612511283791264e-17
understanding the concepts,-1.5612511283791264e-17
appropriate answer,-1.5612511283791264e-17
saving this can,-1.5612511283791264e-17
thinking and writing,-1.5612511283791264e-17
answer is that,-1.5612511283791264e-17
spending and,-1.5612511283791264e-17
spending and saving,-1.5612511283791264e-17
which involves understanding,-1.5612511283791264e-17
to money such,-1.5612511283791264e-17
the concepts and,-1.5612511283791264e-17
to reading,-1.5612511283791264e-17
overall financial,-1.5612511283791264e-17
concepts and concepts,-1.5612511283791264e-17
valuable,-1.5612511283791264e-17
practical way,-1.5612511283791264e-17
concepts related to,-1.5612511283791264e-17
the concepts,-1.5612511283791264e-17
concepts related,-1.5612511283791264e-17
to reading such,-1.5612511283791264e-17
reading such as,-1.5612511283791264e-17
reading such,-1.5612511283791264e-17
overall financial stability,-1.5612511283791264e-17
to money,-1.5612511283791264e-17
with their,-1.56396163381034e-17
when they engage,-1.56396163381034e-17
such as going,-1.56396163381034e-17
they can engage,-1.56396163381034e-17
they engage,-1.56396163381034e-17
with their partner,-1.56396163381034e-17
their partner this,-1.56396163381034e-17
they engage in,-1.56396163381034e-17
reproducing when,-1.56396163381034e-17
partner this,-1.56396163381034e-17
partner this is,-1.56396163381034e-17
reproducing when they,-1.56396163381034e-17
on date where,-1.56396163381034e-17
partner,-1.56396163381034e-17
their partner,-1.56396163381034e-17
physical activity,-1.56396163381034e-17
physical activity such,-1.56396163381034e-17
general,-1.5829351718288365e-17
to be relocation,-1.588356182691264e-17
acid,-1.6046192152785466e-17
result of,-1.6046192152785466e-17
stomach acid,-1.6046192152785466e-17
environments,-1.6046192152785466e-17
stomach,-1.6046192152785466e-17
the job,-1.6263032587282567e-17
torn,-1.6479873021779667e-17
because the smile,-1.6479873021779667e-17
which is common,-1.6479873021779667e-17
using toilet,-1.6479873021779667e-17
this can,-1.6479873021779667e-17
exhaustion,-1.6479873021779667e-17
it was,-1.6479873021779667e-17
into,-1.6479873021779667e-17
re,-1.6886448836461732e-17
you re,-1.6886448836461732e-17
outcomes the,-1.691355389077387e-17
physical discomfort and,-1.691355389077387e-17
conclusion based,-1.691355389077387e-17
that traveling,-1.691355389077387e-17
conclusion based on,-1.691355389077387e-17
setting this is,-1.691355389077387e-17
that traveling could,-1.691355389077387e-17
while exhilarating,-1.691355389077387e-17
of traveling involves,-1.691355389077387e-17
physical discomfort,-1.691355389077387e-17
somewhere is the,-1.691355389077387e-17
or other natural,-1.691355389077387e-17
options such,-1.691355389077387e-17
of traveling going,-1.691355389077387e-17
typical experience of,-1.691355389077387e-17
would typically be,-1.691355389077387e-17
would typically,-1.691355389077387e-17
real,-1.691355389077387e-17
real animal,-1.691355389077387e-17
conclusion,-1.691355389077387e-17
cause physical discomfort,-1.691355389077387e-17
of the journey,-1.691355389077387e-17
this is logical,-1.691355389077387e-17
concept of fox,-1.691355389077387e-17
new location,-1.691355389077387e-17
possible outcomes the,-1.691355389077387e-17
relocation are,-1.691355389077387e-17
such as forest,-1.691355389077387e-17
outcomes the most,-1.691355389077387e-17
possible outcomes,-1.691355389077387e-17
fictional,-1.691355389077387e-17
typically be found,-1.691355389077387e-17
possible that traveling,-1.691355389077387e-17
to cause physical,-1.691355389077387e-17
real animal however,-1.691355389077387e-17
if you,-1.691355389077387e-17
typically be,-1.691355389077387e-17
the journey is,-1.691355389077387e-17
to new location,-1.691355389077387e-17
typical experience,-1.691355389077387e-17
traveling to,-1.691355389077387e-17
provided the closest,-1.691355389077387e-17
the physical and,-1.691355389077387e-17
provided the,-1.691355389077387e-17
that is based,-1.691355389077387e-17
traveling to new,-1.691355389077387e-17
traveling could,-1.691355389077387e-17
traveling could be,-1.691355389077387e-17
location which is,-1.691355389077387e-17
to another is,-1.691355389077387e-17
relocation are also,-1.691355389077387e-17
traveling going,-1.691355389077387e-17
other options such,-1.691355389077387e-17
up as it,-1.691355389077387e-17
traveling involves traveling,-1.691355389077387e-17
traveling involves,-1.691355389077387e-17
up as,-1.691355389077387e-17
traveling going somewhere,-1.691355389077387e-17
is often found,-1.691355389077387e-17
on real,-1.691355389077387e-17
of fox being,-1.691355389077387e-17
while exhilarating diarrhea,-1.691355389077387e-17
the journey,-1.691355389077387e-17
the typical experience,-1.691355389077387e-17
on real animal,-1.691355389077387e-17
other natural,-1.691355389077387e-17
or even,-1.691355389077387e-17
up would be,-1.691355389077387e-17
location which,-1.691355389077387e-17
setting this,-1.691355389077387e-17
where fox that,-1.691355389077387e-17
on the concept,-1.691355389077387e-17
other natural setting,-1.691355389077387e-17
up would typically,-1.691355389077387e-17
physically and,-1.713039432527097e-17
physically,-1.713039432527097e-17
word exciting is,-1.713039432527097e-17
of the experience,-1.713039432527097e-17
or traveling,-1.713039432527097e-17
to be exhilarating,-1.713039432527097e-17
of traveling from,-1.713039432527097e-17
important and,-1.713039432527097e-17
or traveling from,-1.713039432527097e-17
suitable answer because,-1.713039432527097e-17
the choices,-1.713039432527097e-17
of self confidence,-1.713039432527097e-17
the word exciting,-1.713039432527097e-17
work the,-1.713039432527097e-17
can be described,-1.713039432527097e-17
word exciting,-1.713039432527097e-17
to another the,-1.713039432527097e-17
physically and mentally,-1.713039432527097e-17
choices and,-1.713039432527097e-17
choices and are,-1.713039432527097e-17
the experience of,-1.713039432527097e-17
self confidence,-1.713039432527097e-17
be described,-1.713039432527097e-17
the choices and,-1.713039432527097e-17
be described as,-1.713039432527097e-17
the experience,-1.713039432527097e-17
work the choices,-1.713039432527097e-17
described,-1.734723475976807e-17
for someone to,-1.734723475976807e-17
environment,-1.734723475976807e-17
described as,-1.734723475976807e-17
talking,-1.734723475976807e-17
therefore it,-1.734723475976807e-17
therefore it is,-1.734723475976807e-17
answer the,-1.734723475976807e-17
gentleman,-1.734723475976807e-17
frustrated,-1.734723475976807e-17
the act,-1.734723475976807e-17
someone to,-1.734723475976807e-17
religious gentleman,-1.734723475976807e-17
act of,-1.734723475976807e-17
not handshake,-1.734723475976807e-17
but rather,-1.734723475976807e-17
the act of,-1.734723475976807e-17
somewhere is,-1.7564075194265172e-17
somewhere,-1.7564075194265172e-17
going somewhere is,-1.7564075194265172e-17
going somewhere,-1.7564075194265172e-17
because the question,-1.7618285302889447e-17
characteristic of clowns,-1.7618285302889447e-17
word silly is,-1.7618285302889447e-17
word silly implies,-1.7618285302889447e-17
schizophrenic it,-1.7618285302889447e-17
which is characteristic,-1.7618285302889447e-17
of clowns however,-1.7618285302889447e-17
of clowns,-1.7618285302889447e-17
silly is not,-1.7618285302889447e-17
silly is,-1.7618285302889447e-17
person actions,-1.7618285302889447e-17
clown and,-1.7618285302889447e-17
clown and the,-1.7618285302889447e-17
person actions being,-1.7618285302889447e-17
schizophrenic,-1.7618285302889447e-17
clowns,-1.7618285302889447e-17
clowns however,-1.7618285302889447e-17
silly implies that,-1.7618285302889447e-17
clowns however it,-1.7618285302889447e-17
schizophrenic it important,-1.7618285302889447e-17
silly implies,-1.7618285302889447e-17
synonym for making,-1.7618285302889447e-17
person is making,-1.7618285302889447e-17
the person actions,-1.7618285302889447e-17
that the word,-1.7618285302889447e-17
person is schizophrenic,-1.7618285302889447e-17
entertainment,-1.7780915628762273e-17
areas,-1.7780915628762273e-17
the ground fields,-1.7780915628762273e-17
vegetation,-1.7780915628762273e-17
vegetation and,-1.7780915628762273e-17
them the,-1.7780915628762273e-17
them the most,-1.7780915628762273e-17
suitable and abundant,-1.7780915628762273e-17
suitable and,-1.7780915628762273e-17
vegetation and the,-1.7780915628762273e-17
of entertainment,-1.7780915628762273e-17
and may,-1.7780915628762273e-17
productive areas,-1.7780915628762273e-17
to the dense,-1.7780915628762273e-17
plant to grow,-1.7780915628762273e-17
plant,-1.7780915628762273e-17
fields are,-1.7780915628762273e-17
obtain toilet,-1.7780915628762273e-17
you can,-1.7780915628762273e-17
plant to,-1.7780915628762273e-17
the ground,-1.7780915628762273e-17
learning is likely,-1.7780915628762273e-17
reach the ground,-1.7780915628762273e-17
populated and,-1.7780915628762273e-17
populated,-1.7780915628762273e-17
the dense,-1.7780915628762273e-17
the dense vegetation,-1.7780915628762273e-17
of leafs due,-1.7780915628762273e-17
can find,-1.7780915628762273e-17
can find the,-1.7780915628762273e-17
reach the,-1.7780915628762273e-17
to grow making,-1.7780915628762273e-17
of land,-1.7780915628762273e-17
soil,-1.7780915628762273e-17
productive areas of,-1.7780915628762273e-17
you can find,-1.7780915628762273e-17
soil and,-1.7780915628762273e-17
soil and nutrients,-1.7780915628762273e-17
where you can,-1.7780915628762273e-17
populated and productive,-1.7780915628762273e-17
sunlight to reach,-1.7780915628762273e-17
sunlight to,-1.7780915628762273e-17
sunlight soil and,-1.7780915628762273e-17
sunlight soil,-1.7780915628762273e-17
of land where,-1.7780915628762273e-17
the need for,-1.7780915628762273e-17
the most amount,-1.7780915628762273e-17
amount,-1.7780915628762273e-17
most amount,-1.7780915628762273e-17
most amount of,-1.7780915628762273e-17
to reach the,-1.7780915628762273e-17
and nutrients,-1.7780915628762273e-17
nutrients for,-1.7780915628762273e-17
typically the most,-1.7780915628762273e-17
amount of,-1.7780915628762273e-17
nutrients for the,-1.7780915628762273e-17
amount of leafs,-1.7780915628762273e-17
the plant to,-1.7780915628762273e-17
the most suitable,-1.7780915628762273e-17
the plant,-1.7780915628762273e-17
job,-1.7780915628762273e-17
the most densely,-1.7780915628762273e-17
the necessary sunlight,-1.7780915628762273e-17
the need,-1.7780915628762273e-17
him to,-1.7997756063259374e-17
for him,-1.7997756063259374e-17
for him to,-1.7997756063259374e-17
new life this,-1.7997756063259374e-17
life this is,-1.7997756063259374e-17
life this,-1.7997756063259374e-17
why,-1.8214596497756474e-17
to city or,-1.8214596497756474e-17
to city,-1.8214596497756474e-17
considered,-1.8214596497756474e-17
there,-1.8214596497756474e-17
answer because,-1.8431436932253575e-17
is not an,-1.8431436932253575e-17
not an,-1.8431436932253575e-17
locate and,-1.8648277366750676e-17
location for businesses,-1.8648277366750676e-17
located in,-1.8648277366750676e-17
to someone,-1.8648277366750676e-17
the central,-1.8648277366750676e-17
locate,-1.8648277366750676e-17
to locate and,-1.8648277366750676e-17
because the phrase,-1.8648277366750676e-17
to accomplish the,-1.8648277366750676e-17
to locate,-1.8648277366750676e-17
central location for,-1.8648277366750676e-17
of pain,-1.8648277366750676e-17
the feeling of,-1.8648277366750676e-17
the feeling,-1.8648277366750676e-17
typical activities of,-1.8865117801247777e-17
store additionally the,-1.8865117801247777e-17
gambling at,-1.8865117801247777e-17
gambling at grocery,-1.8865117801247777e-17
or spaceship the,-1.8865117801247777e-17
at grocery,-1.8865117801247777e-17
wine is type,-1.8865117801247777e-17
wine none,-1.8865117801247777e-17
they could get,-1.8865117801247777e-17
purchase alcoholic beverages,-1.8865117801247777e-17
type of wine,-1.8865117801247777e-17
bottle is container,-1.8865117801247777e-17
hockey game,-1.8865117801247777e-17
beer at,-1.8865117801247777e-17
purchase alcoholic,-1.8865117801247777e-17
casino,-1.8865117801247777e-17
purchase,-1.8865117801247777e-17
getting beer,-1.8865117801247777e-17
bottle is,-1.8865117801247777e-17
at grocery store,-1.8865117801247777e-17
casino or,-1.8865117801247777e-17
sport and bottle,-1.8865117801247777e-17
or spaceship,-1.8865117801247777e-17
possible that they,-1.8865117801247777e-17
spaceship the most,-1.8865117801247777e-17
can purchase,-1.8865117801247777e-17
spaceship the,-1.8865117801247777e-17
they can purchase,-1.8865117801247777e-17
wine is,-1.8865117801247777e-17
container,-1.8865117801247777e-17
of gambling at,-1.8865117801247777e-17
store where,-1.8865117801247777e-17
store where they,-1.8865117801247777e-17
common and likely,-1.8865117801247777e-17
get beer at,-1.8865117801247777e-17
they could,-1.8865117801247777e-17
that they could,-1.8865117801247777e-17
casino or spaceship,-1.8865117801247777e-17
bottle of wine,-1.8865117801247777e-17
of wine is,-1.8865117801247777e-17
wine none of,-1.8865117801247777e-17
other locations like,-1.8865117801247777e-17
bottle of,-1.8865117801247777e-17
of getting,-1.8865117801247777e-17
can purchase alcoholic,-1.8865117801247777e-17
hockey,-1.8865117801247777e-17
typical activities,-1.8865117801247777e-17
the typical activities,-1.8865117801247777e-17
store additionally,-1.8865117801247777e-17
of wine none,-1.8865117801247777e-17
of getting beer,-1.8865117801247777e-17
as it provides,-1.9081958235744878e-17
it provides,-1.9081958235744878e-17
the necessary,-1.9081958235744878e-17
activities this is,-1.9081958235744878e-17
will be,-1.9081958235744878e-17
to make,-1.9081958235744878e-17
physical,-1.9081958235744878e-17
necessary,-1.9081958235744878e-17
additionally the other,-1.9380113833178392e-17
restaurant,-1.940721888749053e-17
the house,-1.9786689647860456e-17
went to the,-1.9786689647860456e-17
to the house,-1.9786689647860456e-17
billy might,-1.9949319973733282e-17
activity,-1.9949319973733282e-17
cat,-1.9949319973733282e-17
it is the,-1.9949319973733282e-17
the job interview,-1.9949319973733282e-17
people and,-1.9949319973733282e-17
it is way,-1.9949319973733282e-17
jumped into,-1.9949319973733282e-17
jumped,-1.9949319973733282e-17
mentally,-1.9949319973733282e-17
bit of,-1.9993365686990505e-17
is because people,-1.9993365686990505e-17
get beer after,-1.9993365686990505e-17
because people typically,-1.9993365686990505e-17
people typically get,-1.9993365686990505e-17
beer after,-1.9993365686990505e-17
bit,-1.9993365686990505e-17
of gambling,-1.9993365686990505e-17
typically get,-1.9993365686990505e-17
typically get beer,-1.9993365686990505e-17
bit of gambling,-1.9993365686990505e-17
spaceship,-1.9993365686990505e-17
because people,-1.9993365686990505e-17
beer after bit,-1.9993365686990505e-17
gambling,-1.9993365686990505e-17
after bit,-1.9993365686990505e-17
after bit of,-1.9993365686990505e-17
priority during the,-2.0166160408230382e-17
with leisure,-2.0166160408230382e-17
priority,-2.0166160408230382e-17
priority during,-2.0166160408230382e-17
time and,-2.0166160408230382e-17
set aside time,-2.0166160408230382e-17
to have,-2.0166160408230382e-17
time for leisure,-2.0166160408230382e-17
to have fun,-2.0166160408230382e-17
time which is,-2.0166160408230382e-17
time and may,-2.0166160408230382e-17
with leisure activities,-2.0166160408230382e-17
to engage,-2.0166160408230382e-17
to engage in,-2.0166160408230382e-17
provide sense of,-2.0166160408230382e-17
social life,-2.0166160408230382e-17
common reason for,-2.0166160408230382e-17
work which suggests,-2.0166160408230382e-17
common reason,-2.0166160408230382e-17
work which,-2.0166160408230382e-17
provide sense,-2.0166160408230382e-17
billy set aside,-2.0166160408230382e-17
billy set,-2.0166160408230382e-17
can provide sense,-2.0166160408230382e-17
social life priority,-2.0166160408230382e-17
billy is likely,-2.0166160408230382e-17
billy is,-2.0166160408230382e-17
people to set,-2.0166160408230382e-17
that he is,-2.0166160408230382e-17
reason for him,-2.0166160408230382e-17
that billy is,-2.0166160408230382e-17
life priority during,-2.0166160408230382e-17
life priority,-2.0166160408230382e-17
suggests that billy,-2.0166160408230382e-17
that billy,-2.0166160408230382e-17
reason for people,-2.0166160408230382e-17
of punishment and,-2.0383000842727483e-17
murder is criminal,-2.0383000842727483e-17
is most likely,-2.0383000842727483e-17
trying person,-2.0383000842727483e-17
the person will,-2.0383000842727483e-17
pursued in fair,-2.0383000842727483e-17
punishable by,-2.0383000842727483e-17
of punishment,-2.0383000842727483e-17
certainty and must,-2.0383000842727483e-17
punishable,-2.0383000842727483e-17
person will be,-2.0383000842727483e-17
certainty and,-2.0383000842727483e-17
and accurate answer,-2.0383000842727483e-17
punishable by law,-2.0383000842727483e-17
and accurate,-2.0383000842727483e-17
person will,-2.0383000842727483e-17
process of charging,-2.0383000842727483e-17
punishment,-2.0383000842727483e-17
punishment and,-2.0383000842727483e-17
pursued,-2.0383000842727483e-17
they have committed,-2.0383000842727483e-17
of charging,-2.0383000842727483e-17
and one,-2.0383000842727483e-17
of charging and,-2.0383000842727483e-17
committed,-2.0383000842727483e-17
committed which,-2.0383000842727483e-17
committed which is,-2.0383000842727483e-17
committing this,-2.0383000842727483e-17
committing this crime,-2.0383000842727483e-17
he was not,-2.0383000842727483e-17
charging and trying,-2.0383000842727483e-17
charging and,-2.0383000842727483e-17
punishment and rehabilitation,-2.0383000842727483e-17
person for,-2.0383000842727483e-17
common place where,-2.0383000842727483e-17
charging,-2.0383000842727483e-17
case is not,-2.0383000842727483e-17
person for crime,-2.0383000842727483e-17
case is the,-2.0383000842727483e-17
trying person for,-2.0383000842727483e-17
rehabilitation it,-2.0383000842727483e-17
by law and,-2.0383000842727483e-17
will be prosecuted,-2.0383000842727483e-17
assumption,-2.0383000842727483e-17
their actions the,-2.0383000842727483e-17
their actions,-2.0383000842727483e-17
prosecuted,-2.0383000842727483e-17
prosecuted for,-2.0383000842727483e-17
prosecuted for their,-2.0383000842727483e-17
during the,-2.0383000842727483e-17
one possible outcome,-2.0383000842727483e-17
one possible,-2.0383000842727483e-17
accurate answer,-2.0383000842727483e-17
that is punishable,-2.0383000842727483e-17
which is form,-2.0383000842727483e-17
by law,-2.0383000842727483e-17
pursued in,-2.0383000842727483e-17
criminal offense,-2.0383000842727483e-17
that the prosecution,-2.0383000842727483e-17
offense that,-2.0383000842727483e-17
offense,-2.0383000842727483e-17
this crime is,-2.0383000842727483e-17
is criminal,-2.0383000842727483e-17
is criminal offense,-2.0383000842727483e-17
is form,-2.0383000842727483e-17
offense that is,-2.0383000842727483e-17
is form of,-2.0383000842727483e-17
this crime,-2.0383000842727483e-17
rehabilitation it is,-2.0383000842727483e-17
connected to the,-2.0491421059976034e-17
to process,-2.0491421059976034e-17
the internet allowing,-2.0491421059976034e-17
internet allowing,-2.0491421059976034e-17
are running,-2.0816681711721685e-17
they are running,-2.0816681711721685e-17
as it is,-2.0816681711721685e-17
not specific,-2.0816681711721685e-17
resulting in,-2.0816681711721685e-17
are,-2.0816681711721685e-17
resulting,-2.0816681711721685e-17
stop someone,-2.0816681711721685e-17
stopping someone,-2.0816681711721685e-17
running,-2.1033522146218786e-17
rainbow,-2.1250362580715887e-17
of happiness therefore,-2.1250362580715887e-17
universal sign of,-2.1250362580715887e-17
one of happiness,-2.1250362580715887e-17
universal sign,-2.1250362580715887e-17
universal,-2.1250362580715887e-17
question or are,-2.1250362580715887e-17
revealing the truth,-2.1250362580715887e-17
question or,-2.1250362580715887e-17
stranger the,-2.1250362580715887e-17
because when you,-2.1250362580715887e-17
revealing the,-2.1250362580715887e-17
strange,-2.1250362580715887e-17
revealing,-2.1250362580715887e-17
smile is revealing,-2.1250362580715887e-17
or are unrelated,-2.1250362580715887e-17
unrelated,-2.1250362580715887e-17
of happiness manuals,-2.1250362580715887e-17
result of the,-2.1250362580715887e-17
of happiness is,-2.1250362580715887e-17
smile is universal,-2.1250362580715887e-17
others happy,-2.1250362580715887e-17
of happiness for,-2.1250362580715887e-17
unrelated to the,-2.1250362580715887e-17
others happy too,-2.1250362580715887e-17
rainbow is natural,-2.1250362580715887e-17
where fox,-2.1250362580715887e-17
unrelated to,-2.1250362580715887e-17
rainbow is,-2.1250362580715887e-17
truth it,-2.1250362580715887e-17
the truth it,-2.1250362580715887e-17
phenomenon and,-2.1250362580715887e-17
phenomenon and not,-2.1250362580715887e-17
it would,-2.1250362580715887e-17
train is,-2.1250362580715887e-17
the object of,-2.1250362580715887e-17
train,-2.1250362580715887e-17
truth it would,-2.1250362580715887e-17
would mean,-2.1250362580715887e-17
the question or,-2.1250362580715887e-17
too the other,-2.1250362580715887e-17
too the,-2.1250362580715887e-17
the truth,-2.1250362580715887e-17
would mean that,-2.1250362580715887e-17
concept of happiness,-2.1250362580715887e-17
object of,-2.1250362580715887e-17
truth,-2.1250362580715887e-17
object of happiness,-2.1250362580715887e-17
phenomenon,-2.1250362580715887e-17
with his former,-2.1467203015212988e-17
connection to their,-2.1467203015212988e-17
want to live,-2.1467203015212988e-17
smaller town jail,-2.1467203015212988e-17
the answers,-2.1467203015212988e-17
connection to,-2.1467203015212988e-17
wants,-2.1467203015212988e-17
wants to,-2.1467203015212988e-17
the answers to,-2.1467203015212988e-17
states if he,-2.1467203015212988e-17
capital this,-2.1467203015212988e-17
capital this is,-2.1467203015212988e-17
with his,-2.1467203015212988e-17
states if,-2.1467203015212988e-17
the question additionally,-2.1467203015212988e-17
smaller town,-2.1467203015212988e-17
question additionally,-2.1467203015212988e-17
wants to live,-2.1467203015212988e-17
but still have,-2.1467203015212988e-17
original one,-2.1467203015212988e-17
original one this,-2.1467203015212988e-17
which are not,-2.1467203015212988e-17
their original one,-2.1467203015212988e-17
their original,-2.1467203015212988e-17
or containing governmental,-2.1467203015212988e-17
or containing,-2.1467203015212988e-17
to smaller town,-2.1467203015212988e-17
to smaller,-2.1467203015212988e-17
to their original,-2.1467203015212988e-17
touch,-2.1467203015212988e-17
touch with,-2.1467203015212988e-17
one this is,-2.1467203015212988e-17
one this,-2.1467203015212988e-17
touch with his,-2.1467203015212988e-17
town jail,-2.1467203015212988e-17
but still,-2.1467203015212988e-17
town jail or,-2.1467203015212988e-17
this is different,-2.1467203015212988e-17
common practice,-2.1467203015212988e-17
still have connection,-2.1467203015212988e-17
still be,-2.1467203015212988e-17
united states if,-2.1467203015212988e-17
practice for those,-2.1467203015212988e-17
question additionally lowercase,-2.1467203015212988e-17
practice for,-2.1467203015212988e-17
to lowercase country,-2.1467203015212988e-17
common practice for,-2.1467203015212988e-17
still be in,-2.1467203015212988e-17
still have,-2.1467203015212988e-17
such as the,-2.1467203015212988e-17
pet and can,-2.168404344971009e-17
common domestic,-2.168404344971009e-17
such environments,-2.168404344971009e-17
pet and,-2.168404344971009e-17
such environments the,-2.168404344971009e-17
money at thrift,-2.168404344971009e-17
or hen house,-2.168404344971009e-17
or hen,-2.168404344971009e-17
physical object,-2.168404344971009e-17
object that can,-2.168404344971009e-17
can be made,-2.168404344971009e-17
up is typically,-2.168404344971009e-17
object that,-2.168404344971009e-17
that is kept,-2.168404344971009e-17
common domestic animal,-2.168404344971009e-17
spending money at,-2.168404344971009e-17
is not location,-2.168404344971009e-17
where fox can,-2.168404344971009e-17
storybook or hen,-2.168404344971009e-17
storybook or,-2.168404344971009e-17
physical object that,-2.168404344971009e-17
not location,-2.168404344971009e-17
be made,-2.168404344971009e-17
yard as it,-2.168404344971009e-17
yard as,-2.168404344971009e-17
spending money,-2.168404344971009e-17
yard,-2.168404344971009e-17
is where,-2.200930410145574e-17
she,-2.211772431870429e-17
question therefore the,-2.233456475320139e-17
town is,-2.233456475320139e-17
collection is,-2.233456475320139e-17
of collection is,-2.233456475320139e-17
collection is asking,-2.233456475320139e-17
retail establishment therefore,-2.233456475320139e-17
businesses whereas,-2.233456475320139e-17
question therefore,-2.233456475320139e-17
town is larger,-2.233456475320139e-17
town city,-2.233456475320139e-17
town city or,-2.233456475320139e-17
shops in city,-2.233456475320139e-17
businesses whereas supermarket,-2.233456475320139e-17
whereas supermarket is,-2.233456475320139e-17
type of location,-2.233456475320139e-17
with greater,-2.233456475320139e-17
of location which,-2.233456475320139e-17
of location,-2.233456475320139e-17
or town is,-2.233456475320139e-17
with greater variety,-2.233456475320139e-17
the question asking,-2.233456475320139e-17
shops and businesses,-2.233456475320139e-17
or town city,-2.233456475320139e-17
supermarket is specific,-2.233456475320139e-17
question asking,-2.233456475320139e-17
common type of,-2.233456475320139e-17
whereas supermarket,-2.233456475320139e-17
whereas,-2.233456475320139e-17
shops in,-2.233456475320139e-17
common type,-2.233456475320139e-17
the question therefore,-2.233456475320139e-17
supermarket is not,-2.233456475320139e-17
of shops in,-2.233456475320139e-17
variety of shops,-2.233456475320139e-17
question asking for,-2.233456475320139e-17
to the concept,-2.2551405187698492e-17
pleasure the,-2.2551405187698492e-17
productive activities,-2.2551405187698492e-17
pleasure the other,-2.2551405187698492e-17
collaborate therefore,-2.2551405187698492e-17
productive activities and,-2.2551405187698492e-17
connected,-2.2551405187698492e-17
collaborate therefore post,-2.2551405187698492e-17
to be located,-2.2551405187698492e-17
connected to,-2.2551405187698492e-17
conduct their operations,-2.2551405187698492e-17
conduct their,-2.2551405187698492e-17
conduct,-2.2551405187698492e-17
central location such,-2.2551405187698492e-17
used for productive,-2.2551405187698492e-17
rationale is based,-2.2551405187698492e-17
rationale is,-2.2551405187698492e-17
collaborate,-2.2551405187698492e-17
can serve as,-2.2551405187698492e-17
can serve,-2.2551405187698492e-17
can manifest as,-2.2551405187698492e-17
as town,-2.2551405187698492e-17
can manifest,-2.2551405187698492e-17
relief nor,-2.2551405187698492e-17
relief nor is,-2.2551405187698492e-17
can cause,-2.2551405187698492e-17
way to alleviate,-2.2551405187698492e-17
businesses to locate,-2.2551405187698492e-17
business district however,-2.2551405187698492e-17
to alleviate stress,-2.2551405187698492e-17
town because it,-2.2551405187698492e-17
town because,-2.2551405187698492e-17
processing and distributing,-2.2551405187698492e-17
businesses to gather,-2.2551405187698492e-17
which can manifest,-2.2551405187698492e-17
time is used,-2.2551405187698492e-17
therefore post office,-2.2551405187698492e-17
of time is,-2.2551405187698492e-17
therefore post,-2.2551405187698492e-17
operations post office,-2.2551405187698492e-17
manifest as,-2.2551405187698492e-17
on the assumption,-2.2551405187698492e-17
this rationale is,-2.2551405187698492e-17
this rationale,-2.2551405187698492e-17
operations post,-2.2551405187698492e-17
operations,-2.2551405187698492e-17
oneself it is,-2.2551405187698492e-17
oneself it,-2.2551405187698492e-17
setting aside,-2.2551405187698492e-17
making it,-2.2551405187698492e-17
setting aside block,-2.2551405187698492e-17
the assumption,-2.2551405187698492e-17
services and it,-2.2551405187698492e-17
the assumption that,-2.2551405187698492e-17
place for businesses,-2.2551405187698492e-17
work is common,-2.2551405187698492e-17
the central location,-2.2551405187698492e-17
stress relief nor,-2.2551405187698492e-17
stress and enjoy,-2.2551405187698492e-17
the block of,-2.2551405187698492e-17
the block,-2.2551405187698492e-17
that this rationale,-2.2551405187698492e-17
serve as hub,-2.2551405187698492e-17
office can also,-2.2551405187698492e-17
office is most,-2.2551405187698492e-17
most likely to,-2.2551405187698492e-17
their operations post,-2.2551405187698492e-17
that the block,-2.2551405187698492e-17
such as town,-2.2551405187698492e-17
time is,-2.2551405187698492e-17
serve as,-2.2551405187698492e-17
or stress,-2.2551405187698492e-17
office can serve,-2.2551405187698492e-17
or stress relief,-2.2551405187698492e-17
their operations,-2.2551405187698492e-17
is possible outcome,-2.2768245622195593e-17
manifest,-2.2985086056692694e-17
improve,-2.2985086056692694e-17
of self,-2.3201926491189795e-17
trusting,-2.3201926491189795e-17
amounts of,-2.3418766925686896e-17
process itself,-2.3418766925686896e-17
process leading to,-2.3418766925686896e-17
to increased knowledge,-2.3418766925686896e-17
way for,-2.3418766925686896e-17
not necessarily result,-2.3418766925686896e-17
are potential,-2.3418766925686896e-17
amounts,-2.3418766925686896e-17
necessarily result,-2.3418766925686896e-17
outcomes they are,-2.3418766925686896e-17
is not common,-2.3418766925686896e-17
to growth,-2.3418766925686896e-17
not common,-2.3418766925686896e-17
to growth in,-2.3418766925686896e-17
potential outcomes they,-2.3418766925686896e-17
potential outcomes,-2.3418766925686896e-17
similarly knowing more,-2.3418766925686896e-17
understanding similarly knowing,-2.3418766925686896e-17
often leads to,-2.3418766925686896e-17
which is process,-2.3418766925686896e-17
similarly knowing,-2.3418766925686896e-17
often leads,-2.3418766925686896e-17
similarly,-2.3418766925686896e-17
process leading,-2.3418766925686896e-17
way to practice,-2.3418766925686896e-17
process itself head,-2.3418766925686896e-17
less,-2.3418766925686896e-17
understanding similarly,-2.3418766925686896e-17
to increased,-2.3418766925686896e-17
understanding the other,-2.3418766925686896e-17
characteristic of learning,-2.3418766925686896e-17
while overconfidence and,-2.3418766925686896e-17
cost,-2.3418766925686896e-17
the same as,-2.3418766925686896e-17
outcomes they,-2.3418766925686896e-17
result of learning,-2.3418766925686896e-17
while overconfidence,-2.3418766925686896e-17
make,-2.3418766925686896e-17
itself which,-2.3418766925686896e-17
the learning process,-2.3418766925686896e-17
pleasure,-2.3418766925686896e-17
same as learning,-2.3418766925686896e-17
same as,-2.3418766925686896e-17
synonym,-2.3852447794681098e-17
decomposition of,-2.3852447794681098e-17
activities and,-2.3852447794681098e-17
synonym for,-2.3852447794681098e-17
planned to skip,-2.42861286636753e-17
increase,-2.42861286636753e-17
people typically,-2.42861286636753e-17
planned to,-2.42861286636753e-17
skip,-2.42861286636753e-17
typically the,-2.42861286636753e-17
and make,-2.42861286636753e-17
planned,-2.42861286636753e-17
using,-2.42861286636753e-17
fundamental,-2.42861286636753e-17
pebble across,-2.42861286636753e-17
handshake,-2.42861286636753e-17
he planned to,-2.42861286636753e-17
to skip,-2.42861286636753e-17
is fundamental,-2.42861286636753e-17
mental,-2.42861286636753e-17
he planned,-2.42861286636753e-17
space,-2.45029690981724e-17
can help individuals,-2.5153490401663703e-17
diamond,-2.5153490401663703e-17
help individuals,-2.5153490401663703e-17
baseball diamond,-2.5153490401663703e-17
the most direct,-2.5153490401663703e-17
work is,-2.5153490401663703e-17
most direct,-2.5153490401663703e-17
is typically,-2.5153490401663703e-17
most direct and,-2.5153490401663703e-17
used in,-2.5153490401663703e-17
person begins,-2.531612072753653e-17
begins reproducing,-2.531612072753653e-17
because person begins,-2.531612072753653e-17
reproducing,-2.531612072753653e-17
person begins reproducing,-2.531612072753653e-17
and mental,-2.5587171270657905e-17
was not,-2.5587171270657905e-17
re stranger,-2.5587171270657905e-17
when you re,-2.5587171270657905e-17
physical and,-2.5587171270657905e-17
you re stranger,-2.5587171270657905e-17
physical and mental,-2.5587171270657905e-17
of body after,-2.5695591487906455e-17
the natural process,-2.5695591487906455e-17
of body,-2.5695591487906455e-17
of decomposition which,-2.5695591487906455e-17
of decomposition of,-2.5695591487906455e-17
harm to the,-2.6020852139652106e-17
understanding of financial,-2.6020852139652106e-17
of financial concepts,-2.6020852139652106e-17
small hole in,-2.6020852139652106e-17
understanding of,-2.6020852139652106e-17
of financial,-2.6020852139652106e-17
mouse home,-2.6020852139652106e-17
who,-2.6020852139652106e-17
walls,-2.6020852139652106e-17
harm to,-2.6020852139652106e-17
food and,-2.6020852139652106e-17
to improve one,-2.6020852139652106e-17
to improve,-2.6020852139652106e-17
can gain,-2.6020852139652106e-17
can gain better,-2.6020852139652106e-17
such as saving,-2.6020852139652106e-17
of income,-2.6020852139652106e-17
stability and,-2.6020852139652106e-17
stability and prepare,-2.6020852139652106e-17
can provide source,-2.6020852139652106e-17
used to build,-2.6020852139652106e-17
used to improve,-2.6020852139652106e-17
reading newspapers one,-2.6020852139652106e-17
practice your financial,-2.6020852139652106e-17
of income and,-2.6020852139652106e-17
physical harm to,-2.6020852139652106e-17
by reading newspapers,-2.6020852139652106e-17
provides source of,-2.6020852139652106e-17
saving investing and,-2.6020852139652106e-17
build financial stability,-2.6020852139652106e-17
build financial,-2.6020852139652106e-17
budgeting which are,-2.6020852139652106e-17
budgeting which,-2.6020852139652106e-17
budgeting,-2.6020852139652106e-17
one can gain,-2.6020852139652106e-17
one mental,-2.6020852139652106e-17
one mental health,-2.6020852139652106e-17
to build financial,-2.6020852139652106e-17
to build,-2.6020852139652106e-17
source of entertainment,-2.6020852139652106e-17
provides source,-2.6020852139652106e-17
concepts such,-2.6020852139652106e-17
by reading,-2.6020852139652106e-17
source of income,-2.6020852139652106e-17
saving investing,-2.6020852139652106e-17
your financial,-2.6020852139652106e-17
your financial literacy,-2.6020852139652106e-17
better understanding of,-2.6020852139652106e-17
better understanding,-2.6020852139652106e-17
better,-2.6020852139652106e-17
provide source of,-2.6020852139652106e-17
develop,-2.6020852139652106e-17
provide source,-2.6020852139652106e-17
which are essential,-2.6020852139652106e-17
concepts such as,-2.6020852139652106e-17
of entertainment and,-2.6020852139652106e-17
hole in,-2.6020852139652106e-17
health and,-2.6020852139652106e-17
prepare for financial,-2.6020852139652106e-17
are also,-2.667137344314341e-17
on sharp object,-2.667137344314341e-17
paying attention to,-2.688821387764051e-17
being this,-2.688821387764051e-17
or approval which,-2.688821387764051e-17
without external,-2.688821387764051e-17
of confidence and,-2.688821387764051e-17
of control,-2.688821387764051e-17
self assurance,-2.688821387764051e-17
to make decisions,-2.688821387764051e-17
to make informed,-2.688821387764051e-17
not paying attention,-2.688821387764051e-17
themselves to,-2.688821387764051e-17
this trust is,-2.688821387764051e-17
this trust allows,-2.688821387764051e-17
sense of confidence,-2.688821387764051e-17
being this is,-2.688821387764051e-17
or approval,-2.688821387764051e-17
sense of control,-2.688821387764051e-17
person ability to,-2.688821387764051e-17
self assurance this,-2.688821387764051e-17
with uncertainty,-2.688821387764051e-17
of self assurance,-2.688821387764051e-17
with uncertainty and,-2.688821387764051e-17
trust allows,-2.688821387764051e-17
trusting themselves to,-2.688821387764051e-17
trust is often,-2.688821387764051e-17
person ability,-2.688821387764051e-17
can be found,-2.688821387764051e-17
without external guidance,-2.688821387764051e-17
often has,-2.688821387764051e-17
take actions,-2.688821387764051e-17
to cope with,-2.688821387764051e-17
to cope,-2.688821387764051e-17
of confidence,-2.688821387764051e-17
uncertainty,-2.688821387764051e-17
themselves to make,-2.688821387764051e-17
take actions this,-2.688821387764051e-17
confidence and strong,-2.688821387764051e-17
person often has,-2.688821387764051e-17
uncertainty and,-2.688821387764051e-17
uncertainty and make,-2.688821387764051e-17
often key aspect,-2.688821387764051e-17
of water,-2.688821387764051e-17
take action without,-2.688821387764051e-17
trust allows them,-2.688821387764051e-17
take action,-2.688821387764051e-17
them to make,-2.688821387764051e-17
paying attention,-2.688821387764051e-17
over their lives,-2.688821387764051e-17
if the,-2.688821387764051e-17
over their,-2.688821387764051e-17
of control over,-2.688821387764051e-17
attention to their,-2.688821387764051e-17
their lives,-2.688821387764051e-17
their lives which,-2.688821387764051e-17
often has strong,-2.688821387764051e-17
trust is,-2.688821387764051e-17
is because bass,-2.710505431213761e-17
because bass clarinet,-2.710505431213761e-17
clarinet is,-2.710505431213761e-17
bass clarinet is,-2.710505431213761e-17
because bass,-2.710505431213761e-17
for the interviewer,-2.7321894746634712e-17
given to,-2.7321894746634712e-17
often found,-2.7321894746634712e-17
often found in,-2.7321894746634712e-17
to help the,-2.7321894746634712e-17
is often given,-2.7321894746634712e-17
help the,-2.7321894746634712e-17
help the candidate,-2.7321894746634712e-17
often given to,-2.7321894746634712e-17
often given,-2.7321894746634712e-17
given to help,-2.7321894746634712e-17
dan,-2.7755575615628914e-17
someone curiosity and,-2.7755575615628914e-17
game is,-2.7755575615628914e-17
to take,-2.7755575615628914e-17
curiosity and,-2.7755575615628914e-17
advice,-2.7755575615628914e-17
job interview,-2.7755575615628914e-17
found,-2.7755575615628914e-17
are not the,-2.7755575615628914e-17
because fox is,-2.7755575615628914e-17
life,-2.7755575615628914e-17
the interviewer,-2.7863995832877464e-17
interviewer,-2.7863995832877464e-17
place where he,-2.802662615875029e-17
leads to,-2.8189256484623115e-17
down this,-2.8189256484623115e-17
and analyze,-2.8189256484623115e-17
their surroundings,-2.8189256484623115e-17
lose,-2.8189256484623115e-17
lose their,-2.8189256484623115e-17
analyze,-2.8189256484623115e-17
their surroundings or,-2.8189256484623115e-17
leads,-2.8189256484623115e-17
them to lose,-2.8189256484623115e-17
and fall down,-2.8189256484623115e-17
and fall,-2.8189256484623115e-17
to their surroundings,-2.8189256484623115e-17
suddenly,-2.8189256484623115e-17
especially if they,-2.8189256484623115e-17
especially if,-2.8189256484623115e-17
fall down,-2.8189256484623115e-17
fall down this,-2.8189256484623115e-17
to lose their,-2.8189256484623115e-17
down this is,-2.8189256484623115e-17
is direct,-2.8189256484623115e-17
cause them,-2.8189256484623115e-17
surroundings,-2.8189256484623115e-17
surroundings or,-2.8189256484623115e-17
surroundings or are,-2.8189256484623115e-17
to lose,-2.8189256484623115e-17
is direct result,-2.8189256484623115e-17
cause them to,-2.8189256484623115e-17
tired and,-2.8189256484623115e-17
or are not,-2.8189256484623115e-17
to be exhausting,-2.8514517136368767e-17
diarrhea,-2.8514517136368767e-17
another,-2.8514517136368767e-17
place to another,-2.8514517136368767e-17
be exhilarating,-2.8514517136368767e-17
be exhausting,-2.8514517136368767e-17
one place to,-2.8514517136368767e-17
experience of traveling,-2.8514517136368767e-17
experience of,-2.8514517136368767e-17
exhilarating or,-2.8514517136368767e-17
traveling from one,-2.8514517136368767e-17
to another,-2.8514517136368767e-17
exhausting,-2.8514517136368767e-17
one place,-2.8514517136368767e-17
from one place,-2.8514517136368767e-17
from one,-2.8514517136368767e-17
be exhilarating or,-2.8514517136368767e-17
and is,-2.862293735361732e-17
natural emotion,-2.862293735361732e-17
is natural emotion,-2.862293735361732e-17
bass,-2.862293735361732e-17
clarinet,-2.862293735361732e-17
bass clarinet,-2.862293735361732e-17
located,-2.873135757086587e-17
stopping,-2.883977778811442e-17
joy,-2.905661822261152e-17
joy and,-2.905661822261152e-17
as they,-2.905661822261152e-17
aspect of,-2.905661822261152e-17
when you,-2.905661822261152e-17
aspect,-2.905661822261152e-17
fall,-2.927345865710862e-17
process of reproduction,-2.927345865710862e-17
and likely,-2.949029909160572e-17
potential risks,-2.949029909160572e-17
not certainty,-2.949029909160572e-17
potential risks associated,-2.949029909160572e-17
the potential risks,-2.949029909160572e-17
certainty,-2.949029909160572e-17
is not certainty,-2.949029909160572e-17
risks associated,-2.949029909160572e-17
being stranger,-2.949029909160572e-17
charge of,-2.949029909160572e-17
risks associated with,-2.949029909160572e-17
charge,-2.949029909160572e-17
dangerous,-2.949029909160572e-17
stress,-2.949029909160572e-17
lives,-2.949029909160572e-17
because fox that,-2.959871930885427e-17
as form,-2.992397996059992e-17
as form of,-2.992397996059992e-17
is because person,-2.992397996059992e-17
because person,-2.992397996059992e-17
or take charge,-3.0357660829594124e-17
risks make bold,-3.0357660829594124e-17
often trusts,-3.0357660829594124e-17
well being and,-3.0357660829594124e-17
person often trusts,-3.0357660829594124e-17
or take,-3.0357660829594124e-17
seen as,-3.0357660829594124e-17
charge of their,-3.0357660829594124e-17
take charge of,-3.0357660829594124e-17
to their overall,-3.0357660829594124e-17
often trusts in,-3.0357660829594124e-17
take charge,-3.0357660829594124e-17
success,-3.0357660829594124e-17
which can contribute,-3.0357660829594124e-17
by acknowledging,-3.0357660829594124e-17
success by,-3.0357660829594124e-17
success by acknowledging,-3.0357660829594124e-17
and success,-3.0357660829594124e-17
by acknowledging their,-3.0357660829594124e-17
risks make,-3.0357660829594124e-17
this can be,-3.0357660829594124e-17
bold,-3.0357660829594124e-17
take risks,-3.0357660829594124e-17
bold decisions,-3.0357660829594124e-17
trusts in their,-3.0357660829594124e-17
of making,-3.0357660829594124e-17
of making good,-3.0357660829594124e-17
bold decisions or,-3.0357660829594124e-17
trusts in,-3.0357660829594124e-17
and is not,-3.0357660829594124e-17
take risks make,-3.0357660829594124e-17
themselves they,-3.0357660829594124e-17
trusts,-3.0357660829594124e-17
trusting themselves they,-3.0357660829594124e-17
lives this,-3.0357660829594124e-17
outcomes,-3.0357660829594124e-17
themselves they can,-3.0357660829594124e-17
seen as form,-3.0357660829594124e-17
confidence and independence,-3.0357660829594124e-17
making good,-3.0357660829594124e-17
relocation,-3.0357660829594124e-17
by trusting,-3.0357660829594124e-17
their own lives,-3.0357660829594124e-17
overall sense,-3.0357660829594124e-17
not necessarily,-3.0357660829594124e-17
of well,-3.0357660829594124e-17
capable of,-3.0357660829594124e-17
of well being,-3.0357660829594124e-17
capable of making,-3.0357660829594124e-17
self confidence and,-3.0357660829594124e-17
they can feel,-3.0357660829594124e-17
capable which,-3.0357660829594124e-17
capable which can,-3.0357660829594124e-17
overall sense of,-3.0357660829594124e-17
own lives,-3.0357660829594124e-17
own lives this,-3.0357660829594124e-17
of their own,-3.0357660829594124e-17
sense of well,-3.0357660829594124e-17
their overall sense,-3.0357660829594124e-17
to take risks,-3.0357660829594124e-17
by trusting themselves,-3.0357660829594124e-17
your knowing,-3.04118709382184e-17
reading newspaper,-3.04118709382184e-17
practice your knowing,-3.04118709382184e-17
ways to,-3.04118709382184e-17
ways to practice,-3.04118709382184e-17
reading newspaper one,-3.04118709382184e-17
one of many,-3.04118709382184e-17
of many ways,-3.04118709382184e-17
of many,-3.04118709382184e-17
your knowing how,-3.04118709382184e-17
information which,-3.050673862831088e-17
serve food,-3.0791341698588326e-17
of intoxication,-3.0791341698588326e-17
stools are often,-3.0791341698588326e-17
it suitable,-3.0791341698588326e-17
to be when,-3.0791341698588326e-17
restaurant this suggests,-3.0791341698588326e-17
in place where,-3.0791341698588326e-17
restaurants,-3.0791341698588326e-17
in place,-3.0791341698588326e-17
place for people,-3.0791341698588326e-17
making it suitable,-3.0791341698588326e-17
where he was,-3.0791341698588326e-17
people to be,-3.0791341698588326e-17
state of intoxication,-3.0791341698588326e-17
stools are,-3.0791341698588326e-17
restaurant this is,-3.0791341698588326e-17
with being in,-3.0791341698588326e-17
such as restaurant,-3.0791341698588326e-17
was in state,-3.0791341698588326e-17
was in place,-3.0791341698588326e-17
which is consistent,-3.0791341698588326e-17
such as restaurants,-3.0791341698588326e-17
serve food and,-3.0791341698588326e-17
stool which,-3.0791341698588326e-17
to being,-3.0791341698588326e-17
stool which is,-3.0791341698588326e-17
of intoxication which,-3.0791341698588326e-17
they are intoxicated,-3.0791341698588326e-17
events,-3.0791341698588326e-17
to being such,-3.0791341698588326e-17
that serve food,-3.0791341698588326e-17
that serve,-3.0791341698588326e-17
stools,-3.0791341698588326e-17
was not accustomed,-3.0791341698588326e-17
object while,-3.1008182133085427e-17
object becoming,-3.1008182133085427e-17
object becoming torn,-3.1008182133085427e-17
the clothes resulting,-3.1008182133085427e-17
clothes this is,-3.1008182133085427e-17
object while washing,-3.1008182133085427e-17
the person and,-3.1008182133085427e-17
clothes this,-3.1008182133085427e-17
the clothes this,-3.1008182133085427e-17
clothes the object,-3.1008182133085427e-17
clothes the,-3.1008182133085427e-17
torn this is,-3.1008182133085427e-17
clothes resulting in,-3.1008182133085427e-17
clothes resulting,-3.1008182133085427e-17
torn this,-3.1008182133085427e-17
while washing clothes,-3.1008182133085427e-17
of this,-3.1008182133085427e-17
person and,-3.1008182133085427e-17
consequence of this,-3.1008182133085427e-17
sharp object while,-3.1008182133085427e-17
of this is,-3.1008182133085427e-17
person becomes caught,-3.1008182133085427e-17
this is that,-3.1008182133085427e-17
person becomes,-3.1008182133085427e-17
when person becomes,-3.1008182133085427e-17
consequence is,-3.1008182133085427e-17
consequence is that,-3.1008182133085427e-17
the object becoming,-3.1008182133085427e-17
physical harm and,-3.1008182133085427e-17
person and the,-3.1008182133085427e-17
washing clothes,-3.1008182133085427e-17
resulting in the,-3.1008182133085427e-17
washing clothes the,-3.1008182133085427e-17
to the person,-3.1008182133085427e-17
and are not,-3.122502256758253e-17
when person,-3.122502256758253e-17
and are,-3.122502256758253e-17
the potential,-3.122502256758253e-17
ways,-3.122502256758253e-17
provide,-3.122502256758253e-17
mouse,-3.122502256758253e-17
to practice financial,-3.122502256758253e-17
practice financial,-3.122502256758253e-17
practice financial literacy,-3.122502256758253e-17
feel more,-3.122502256758253e-17
creation of,-3.12792326762068e-17
engage in intimate,-3.12792326762068e-17
creation of new,-3.12792326762068e-17
in intimate,-3.12792326762068e-17
of new life,-3.12792326762068e-17
of new,-3.12792326762068e-17
the creation of,-3.12792326762068e-17
decomposition which,-3.144186300207963e-17
decomposition which is,-3.144186300207963e-17
place,-3.187554387107383e-17
to move,-3.187554387107383e-17
to move to,-3.187554387107383e-17
original,-3.252606517456513e-17
how,-3.252606517456513e-17
services and,-3.2959746043559335e-17
at thrift,-3.2959746043559335e-17
growth,-3.2959746043559335e-17
interview,-3.2959746043559335e-17
at thrift store,-3.2959746043559335e-17
services,-3.2959746043559335e-17
that meaning additionally,-3.3176586478056436e-17
was implies,-3.3176586478056436e-17
who caused,-3.3176586478056436e-17
the problem,-3.3176586478056436e-17
the problem which,-3.3176586478056436e-17
who did the,-3.3176586478056436e-17
of troublemaker,-3.3176586478056436e-17
of troublemaker therefore,-3.3176586478056436e-17
stool and the,-3.3176586478056436e-17
off the,-3.3176586478056436e-17
off the stool,-3.3176586478056436e-17
was suggests that,-3.3176586478056436e-17
who caused the,-3.3176586478056436e-17
that meaning,-3.3176586478056436e-17
was implies that,-3.3176586478056436e-17
the word troublemaker,-3.3176586478056436e-17
which fits,-3.3176586478056436e-17
troublemaker therefore the,-3.3176586478056436e-17
troublemaker therefore,-3.3176586478056436e-17
this because he,-3.3176586478056436e-17
this because,-3.3176586478056436e-17
troublemaker fits that,-3.3176586478056436e-17
was suggests,-3.3176586478056436e-17
troublemaker fits,-3.3176586478056436e-17
stool and,-3.3176586478056436e-17
who did,-3.3176586478056436e-17
word troublemaker,-3.3176586478056436e-17
the falling,-3.3176586478056436e-17
word troublemaker fits,-3.3176586478056436e-17
the stool and,-3.3176586478056436e-17
the falling off,-3.3176586478056436e-17
phrase he was,-3.3176586478056436e-17
the definition of,-3.3176586478056436e-17
the definition,-3.3176586478056436e-17
the stool,-3.3176586478056436e-17
one who did,-3.3176586478056436e-17
caused the problem,-3.3176586478056436e-17
caused the,-3.3176586478056436e-17
phrase he did,-3.3176586478056436e-17
one who caused,-3.3176586478056436e-17
suggests that dan,-3.3176586478056436e-17
problem which,-3.3176586478056436e-17
problem which fits,-3.3176586478056436e-17
which fits the,-3.3176586478056436e-17
house but,-3.3393426912553537e-17
your house but,-3.3393426912553537e-17
cupboard,-3.3393426912553537e-17
you might also,-3.3393426912553537e-17
see,-3.3393426912553537e-17
but you,-3.3393426912553537e-17
but you might,-3.3393426912553537e-17
you might,-3.3393426912553537e-17
in cupboard,-3.3393426912553537e-17
see him,-3.3393426912553537e-17
see him in,-3.3393426912553537e-17
made up would,-3.382710778154774e-17
structures where elevators,-3.382710778154774e-17
the structures where,-3.382710778154774e-17
passage is defining,-3.382710778154774e-17
because he was,-3.382710778154774e-17
with being,-3.382710778154774e-17
passage is,-3.382710778154774e-17
commonly found therefore,-3.382710778154774e-17
structures where,-3.382710778154774e-17
used for,-3.382710778154774e-17
location where fox,-3.382710778154774e-17
the structures,-3.382710778154774e-17
where elevators are,-3.382710778154774e-17
where elevators,-3.382710778154774e-17
up would,-3.382710778154774e-17
of house and,-3.382710778154774e-17
made,-3.382710778154774e-17
central passage is,-3.382710778154774e-17
be located,-3.426078865054194e-17
because she,-3.436920886779049e-17
is because she,-3.436920886779049e-17
not accurately describe,-3.447762908503904e-17
accurately describe,-3.447762908503904e-17
concert setting an,-3.469446951953614e-17
you have,-3.469446951953614e-17
common and,-3.469446951953614e-17
and exhaustion,-3.469446951953614e-17
setting an orchestra,-3.469446951953614e-17
attention to,-3.469446951953614e-17
setting an,-3.469446951953614e-17
location where,-3.469446951953614e-17
making them,-3.480288973678469e-17
still,-3.491130995403324e-17
can provide,-3.5128150388530344e-17
activities this,-3.5128150388530344e-17
imply that the,-3.5236570605778894e-17
word silly,-3.5236570605778894e-17
the word silly,-3.5236570605778894e-17
mistakes,-3.5236570605778894e-17
making mistakes,-3.5236570605778894e-17
that learning,-3.5561831257524545e-17
to change,-3.5561831257524545e-17
change and,-3.5561831257524545e-17
that learning is,-3.5561831257524545e-17
outcome of learning,-3.5561831257524545e-17
of learning it,-3.5561831257524545e-17
process that results,-3.5561831257524545e-17
likely answer is,-3.5561831257524545e-17
to change and,-3.5561831257524545e-17
likely answer,-3.5561831257524545e-17
change and knowing,-3.5561831257524545e-17
to happen while,-3.5561831257524545e-17
same,-3.5561831257524545e-17
while growth is,-3.5561831257524545e-17
businesses,-3.5561831257524545e-17
common outcome of,-3.5561831257524545e-17
common outcome,-3.5561831257524545e-17
to occur as,-3.5561831257524545e-17
that results,-3.5561831257524545e-17
that results in,-3.5561831257524545e-17
personal growth and,-3.5561831257524545e-17
crime,-3.5561831257524545e-17
to occur,-3.5561831257524545e-17
fields,-3.5561831257524545e-17
which is likely,-3.5561831257524545e-17
the same,-3.5561831257524545e-17
occur as,-3.5561831257524545e-17
occur as result,-3.5561831257524545e-17
rationale for answer,-3.5561831257524545e-17
while growth,-3.5561831257524545e-17
results in personal,-3.5561831257524545e-17
is based,-3.599551212651875e-17
based on the,-3.599551212651875e-17
is based on,-3.599551212651875e-17
allows,-3.599551212651875e-17
for its,-3.642919299551295e-17
provide the,-3.642919299551295e-17
results in,-3.642919299551295e-17
provide the necessary,-3.642919299551295e-17
trying,-3.642919299551295e-17
results,-3.642919299551295e-17
woodwind,-3.642919299551295e-17
where they can,-3.664603343001005e-17
is because james,-3.686287386450715e-17
that can satisfy,-3.686287386450715e-17
outcome for,-3.686287386450715e-17
for leisure activities,-3.686287386450715e-17
for leisure,-3.686287386450715e-17
best,-3.686287386450715e-17
rather than,-3.686287386450715e-17
can satisfy someone,-3.686287386450715e-17
can satisfy,-3.686287386450715e-17
is not specific,-3.686287386450715e-17
not suitable,-3.729655473350135e-17
not suitable answer,-3.729655473350135e-17
is not suitable,-3.729655473350135e-17
larger,-3.729655473350135e-17
of wine,-3.7730235602495554e-17
prepare,-3.7730235602495554e-17
prepare for,-3.7730235602495554e-17
bottle,-3.7730235602495554e-17
grocery,-3.7730235602495554e-17
grocery store,-3.7730235602495554e-17
wine,-3.7730235602495554e-17
concept,-3.8163916471489756e-17
fundamental biological,-3.8163916471489756e-17
natural habitat,-3.8163916471489756e-17
accurate,-3.8163916471489756e-17
the typical,-3.8163916471489756e-17
to the typical,-3.8163916471489756e-17
is fundamental biological,-3.8163916471489756e-17
fox that,-3.859759734048396e-17
fox that is,-3.859759734048396e-17
of house,-3.859759734048396e-17
often associated,-3.859759734048396e-17
often associated with,-3.859759734048396e-17
is not necessarily,-3.859759734048396e-17
that is made,-3.859759734048396e-17
to skip the,-3.8760227666356784e-17
skip the,-3.8760227666356784e-17
skip the pebble,-3.8760227666356784e-17
the pebble across,-3.8760227666356784e-17
small pond,-3.8760227666356784e-17
pebble across the,-3.8760227666356784e-17
get beer,-3.903127820947816e-17
allowing,-3.903127820947816e-17
the phrase he,-3.903127820947816e-17
phrase he,-3.903127820947816e-17
variety,-3.962758940434519e-17
variety of,-3.962758940434519e-17
someone who,-3.968179951296946e-17
someone who is,-3.968179951296946e-17
is learning,-3.968179951296946e-17
who is learning,-3.968179951296946e-17
in lot of,-3.979021973021801e-17
in lot,-3.979021973021801e-17
she spent,-3.979021973021801e-17
shelf,-3.979021973021801e-17
lot of,-3.979021973021801e-17
satisfaction on,-3.979021973021801e-17
lot,-3.979021973021801e-17
the thrift,-3.979021973021801e-17
the thrift store,-3.979021973021801e-17
on every,-3.979021973021801e-17
shelf in,-3.979021973021801e-17
lot of satisfaction,-3.979021973021801e-17
shelf in her,-3.979021973021801e-17
on every shelf,-3.979021973021801e-17
satisfaction on every,-3.979021973021801e-17
spent,-3.979021973021801e-17
at the thrift,-3.979021973021801e-17
on knickknacks which,-3.979021973021801e-17
of satisfaction,-3.979021973021801e-17
of satisfaction on,-3.979021973021801e-17
resulted,-3.979021973021801e-17
resulted in,-3.979021973021801e-17
resulted in lot,-3.979021973021801e-17
which resulted in,-3.979021973021801e-17
which resulted,-3.979021973021801e-17
she spent money,-3.979021973021801e-17
at the,-3.979021973021801e-17
money at the,-3.979021973021801e-17
spent money at,-3.979021973021801e-17
spent money,-3.979021973021801e-17
understanding the,-3.9898639947466563e-17
assured person,-3.9898639947466563e-17
self assured,-3.9898639947466563e-17
answer is,-3.9898639947466563e-17
self assured person,-3.9898639947466563e-17
response to,-3.9898639947466563e-17
assured,-3.9898639947466563e-17
establishment,-3.9898639947466563e-17
did,-4.0088375327651526e-17
situation,-4.0115480381963664e-17
if they,-4.026455818068042e-17
free,-4.0332320816460765e-17
free time,-4.0332320816460765e-17
his free,-4.0332320816460765e-17
his free time,-4.0332320816460765e-17
to set,-4.0332320816460765e-17
to set aside,-4.0332320816460765e-17
during his,-4.0332320816460765e-17
during his free,-4.0332320816460765e-17
leisure activities this,-4.0332320816460765e-17
reading,-4.0766001685454967e-17
of criminal,-4.0766001685454967e-17
of criminal case,-4.0766001685454967e-17
case is,-4.0766001685454967e-17
stress and,-4.0766001685454967e-17
prosecution of criminal,-4.0766001685454967e-17
prosecution of,-4.0766001685454967e-17
criminal case is,-4.0766001685454967e-17
describe,-4.0766001685454967e-17
prosecution,-4.0766001685454967e-17
the prosecution,-4.0766001685454967e-17
the prosecution of,-4.0766001685454967e-17
criminal case,-4.0766001685454967e-17
caused,-4.119968255444917e-17
well being,-4.119968255444917e-17
associated with,-4.163336342344337e-17
provides,-4.163336342344337e-17
associated,-4.163336342344337e-17
used,-4.163336342344337e-17
lazy,-4.163336342344337e-17
but,-4.163336342344337e-17
good at,-4.163336342344337e-17
key,-4.163336342344337e-17
items,-4.163336342344337e-17
who is,-4.163336342344337e-17
orchestra,-4.163336342344337e-17
direct result of,-4.212125440106185e-17
direct result,-4.212125440106185e-17
that dan,-4.217546450968612e-17
often key factor,-4.228388472693467e-17
factor,-4.228388472693467e-17
key factor,-4.228388472693467e-17
key factor in,-4.228388472693467e-17
factor in,-4.228388472693467e-17
gentlemen,-4.2500725161431774e-17
candidate,-4.2500725161431774e-17
not sign of,-4.2500725161431774e-17
not sign,-4.2500725161431774e-17
the smile is,-4.2500725161431774e-17
socialize,-4.2500725161431774e-17
religious gentlemen,-4.2500725161431774e-17
the candidate,-4.2500725161431774e-17
of happiness and,-4.2500725161431774e-17
happiness and,-4.2500725161431774e-17
and not sign,-4.2500725161431774e-17
fits,-4.2717565595928875e-17
is because fox,-4.2717565595928875e-17
different country,-4.2934406030425976e-17
in different country,-4.2934406030425976e-17
lowercase country,-4.2934406030425976e-17
to live in,-4.2934406030425976e-17
in different,-4.2934406030425976e-17
live in different,-4.2934406030425976e-17
to live,-4.2934406030425976e-17
leading to,-4.336808689942018e-17
that the answer,-4.336808689942018e-17
sunlight,-4.336808689942018e-17
to gather,-4.336808689942018e-17
to gather and,-4.336808689942018e-17
most likely,-4.336808689942018e-17
fox is not,-4.336808689942018e-17
leading,-4.336808689942018e-17
gather and,-4.336808689942018e-17
habitat for,-4.423544863740858e-17
stop,-4.423544863740858e-17
because reading,-4.434386885465713e-17
is because reading,-4.434386885465713e-17
build,-4.466912950640278e-17
literacy additionally,-4.466912950640278e-17
because reading newspapers,-4.466912950640278e-17
financial stability,-4.466912950640278e-17
if they are,-4.466912950640278e-17
financial literacy additionally,-4.466912950640278e-17
literacy additionally reading,-4.466912950640278e-17
asking for,-4.466912950640278e-17
stability,-4.466912950640278e-17
of not,-4.466912950640278e-17
saving,-4.466912950640278e-17
newspapers is common,-4.466912950640278e-17
people can go,-4.4885969940899884e-17
their regular,-4.4885969940899884e-17
pubs often,-4.4885969940899884e-17
someone to be,-4.4885969940899884e-17
their regular clientele,-4.4885969940899884e-17
pubs have religious,-4.4885969940899884e-17
pubs often have,-4.4885969940899884e-17
part of their,-4.4885969940899884e-17
beer and,-4.4885969940899884e-17
services and events,-4.4885969940899884e-17
of their regular,-4.4885969940899884e-17
range,-4.4885969940899884e-17
suitable environment,-4.4885969940899884e-17
regular clientele pubs,-4.4885969940899884e-17
often have range,-4.4885969940899884e-17
regular,-4.4885969940899884e-17
pub,-4.4885969940899884e-17
range of,-4.4885969940899884e-17
range of religious,-4.4885969940899884e-17
suitable environment for,-4.4885969940899884e-17
regular clientele,-4.4885969940899884e-17
pub is,-4.4885969940899884e-17
common establishment,-4.4885969940899884e-17
common establishment where,-4.4885969940899884e-17
people can gather,-4.4885969940899884e-17
pubs have,-4.4885969940899884e-17
can gather,-4.4885969940899884e-17
pub is common,-4.4885969940899884e-17
religious gentleman as,-4.4885969940899884e-17
of religious,-4.4885969940899884e-17
religious services and,-4.4885969940899884e-17
religious services,-4.4885969940899884e-17
religious gentlemen as,-4.4885969940899884e-17
clientele,-4.4885969940899884e-17
socialize and many,-4.4885969940899884e-17
clientele pubs,-4.4885969940899884e-17
clientele pubs often,-4.4885969940899884e-17
of religious services,-4.4885969940899884e-17
socialize and,-4.4885969940899884e-17
can gather to,-4.4885969940899884e-17
to drink beer,-4.4885969940899884e-17
to drink,-4.4885969940899884e-17
office can,-4.5102810375396984e-17
satisfy,-4.5102810375396984e-17
post office can,-4.5102810375396984e-17
cause,-4.5102810375396984e-17
mail,-4.5102810375396984e-17
for businesses to,-4.5102810375396984e-17
businesses to,-4.5102810375396984e-17
case that,-4.5102810375396984e-17
necessarily the,-4.5102810375396984e-17
the case,-4.5102810375396984e-17
the case that,-4.5102810375396984e-17
of leafs,-4.5102810375396984e-17
necessarily the case,-4.5102810375396984e-17
leafs,-4.5102810375396984e-17
case that the,-4.5102810375396984e-17
release of,-4.5536491244391186e-17
exhilarating,-4.575333167888829e-17
of traveling,-4.575333167888829e-17
of town,-4.597017211338539e-17
location for post,-4.597017211338539e-17
center of,-4.597017211338539e-17
center of town,-4.597017211338539e-17
for post,-4.597017211338539e-17
is made up,-4.597017211338539e-17
is made,-4.597017211338539e-17
the smile,-4.597017211338539e-17
for why,-4.607859233063394e-17
town making it,-4.607859233063394e-17
such as lowercase,-4.607859233063394e-17
to different,-4.607859233063394e-17
capital city,-4.607859233063394e-17
to different location,-4.607859233063394e-17
why billy,-4.607859233063394e-17
why billy might,-4.607859233063394e-17
to this,-4.607859233063394e-17
specific geographical location,-4.607859233063394e-17
to this is,-4.607859233063394e-17
specific geographical,-4.607859233063394e-17
town making,-4.607859233063394e-17
than capital,-4.607859233063394e-17
plausible destination,-4.607859233063394e-17
than capital city,-4.607859233063394e-17
billy to move,-4.607859233063394e-17
billy to,-4.607859233063394e-17
that can refer,-4.607859233063394e-17
different location,-4.607859233063394e-17
different location such,-4.607859233063394e-17
location and,-4.607859233063394e-17
can refer to,-4.607859233063394e-17
can refer,-4.607859233063394e-17
explanation for why,-4.607859233063394e-17
capital city or,-4.607859233063394e-17
plausible destination for,-4.607859233063394e-17
capital of,-4.607859233063394e-17
of country is,-4.607859233063394e-17
rather than capital,-4.607859233063394e-17
for billy,-4.607859233063394e-17
or town making,-4.607859233063394e-17
for billy to,-4.607859233063394e-17
with specific,-4.607859233063394e-17
the capital,-4.607859233063394e-17
with specific geographical,-4.607859233063394e-17
the capital of,-4.607859233063394e-17
because the capital,-4.607859233063394e-17
capital of country,-4.607859233063394e-17
refer,-4.607859233063394e-17
refer to,-4.607859233063394e-17
refer to city,-4.607859233063394e-17
built up can,-4.640385298237959e-17
up can,-4.640385298237959e-17
reproduction as it,-4.651227319962814e-17
begins the,-4.651227319962814e-17
fundamental biological process,-4.651227319962814e-17
it allows for,-4.651227319962814e-17
of reproduction as,-4.651227319962814e-17
biological process that,-4.651227319962814e-17
allows for the,-4.651227319962814e-17
for the creation,-4.651227319962814e-17
reproduction as,-4.651227319962814e-17
that begins the,-4.651227319962814e-17
the creation,-4.651227319962814e-17
begins the process,-4.651227319962814e-17
process that begins,-4.651227319962814e-17
allows for,-4.651227319962814e-17
that begins,-4.651227319962814e-17
the result,-4.683753385137379e-17
and understanding,-4.683753385137379e-17
for james,-4.683753385137379e-17
attention,-4.683753385137379e-17
common psychological,-4.683753385137379e-17
space and,-4.683753385137379e-17
knowledge and understanding,-4.683753385137379e-17
the result of,-4.683753385137379e-17
of learning but,-4.683753385137379e-17
learning but,-4.683753385137379e-17
knowledge and,-4.683753385137379e-17
rather the result,-4.683753385137379e-17
rather the,-4.683753385137379e-17
is common psychological,-4.683753385137379e-17
but rather the,-4.683753385137379e-17
psychological,-4.683753385137379e-17
learning but rather,-4.683753385137379e-17
knowledge,-4.683753385137379e-17
confidence,-4.705437428587089e-17
because self,-4.705437428587089e-17
is because self,-4.705437428587089e-17
because self assured,-4.705437428587089e-17
his,-4.7704895589362195e-17
or burden but,-4.824699667560495e-17
time as,-4.824699667560495e-17
time which can,-4.824699667560495e-17
time as it,-4.824699667560495e-17
or release,-4.824699667560495e-17
or blessing,-4.824699667560495e-17
best described,-4.824699667560495e-17
or burden of,-4.824699667560495e-17
which can feel,-4.824699667560495e-17
or blessing this,-4.824699667560495e-17
best described as,-4.824699667560495e-17
blessing this,-4.824699667560495e-17
release of pent,-4.824699667560495e-17
pent up,-4.824699667560495e-17
this case,-4.824699667560495e-17
but in this,-4.824699667560495e-17
pent up frustration,-4.824699667560495e-17
but in,-4.824699667560495e-17
which is best,-4.824699667560495e-17
over time as,-4.824699667560495e-17
over time which,-4.824699667560495e-17
burden of effort,-4.824699667560495e-17
up can feel,-4.824699667560495e-17
burden of,-4.824699667560495e-17
burden but in,-4.824699667560495e-17
up frustration,-4.824699667560495e-17
up frustration or,-4.824699667560495e-17
burden but,-4.824699667560495e-17
of effort which,-4.824699667560495e-17
of effort,-4.824699667560495e-17
case it,-4.824699667560495e-17
this case it,-4.824699667560495e-17
case it is,-4.824699667560495e-17
pent,-4.824699667560495e-17
to releasing,-4.824699667560495e-17
released,-4.824699667560495e-17
of pent up,-4.824699667560495e-17
of pent,-4.824699667560495e-17
released it,-4.824699667560495e-17
released it can,-4.824699667560495e-17
blessing,-4.824699667560495e-17
to releasing energy,-4.824699667560495e-17
blessing this is,-4.824699667560495e-17
when energy is,-4.824699667560495e-17
when energy,-4.824699667560495e-17
response to releasing,-4.824699667560495e-17
what is likely,-4.830120678422922e-17
and effectiveness are,-4.830120678422922e-17
happen to someone,-4.830120678422922e-17
of the learning,-4.830120678422922e-17
happen to,-4.830120678422922e-17
to happen to,-4.830120678422922e-17
overconfidence and effectiveness,-4.830120678422922e-17
effectiveness are,-4.830120678422922e-17
effectiveness,-4.830120678422922e-17
and effectiveness,-4.830120678422922e-17
overconfidence,-4.830120678422922e-17
what is,-4.830120678422922e-17
overconfidence and,-4.830120678422922e-17
more is,-4.830120678422922e-17
knowing more is,-4.830120678422922e-17
more is not,-4.830120678422922e-17
knowing more,-4.830120678422922e-17
to someone who,-4.830120678422922e-17
overall,-4.85722573273506e-17
satisfy someone curiosity,-4.85722573273506e-17
satisfy someone,-4.85722573273506e-17
someone curiosity,-4.85722573273506e-17
easy,-4.90059381963448e-17
where they,-4.92227786308419e-17
used in school,-4.92227786308419e-17
where he,-4.92227786308419e-17
commonly used in,-4.92227786308419e-17
commonly used,-4.92227786308419e-17
school bands,-4.92227786308419e-17
clarinet is commonly,-4.92227786308419e-17
in their own,-4.933119884809045e-17
because james,-4.933119884809045e-17
to practice your,-4.9439619065339e-17
central location,-4.9439619065339e-17
for businesses,-4.9439619065339e-17
practice your,-4.9439619065339e-17
what,-4.9439619065339e-17
because traveling from,-4.9873299934333204e-17
because traveling,-4.9873299934333204e-17
that he,-4.9873299934333204e-17
is because traveling,-4.9873299934333204e-17
direct,-5.0306980803327406e-17
be,-5.0306980803327406e-17
frustration,-5.0306980803327406e-17
is because releasing,-5.117434254131581e-17
potential,-5.117434254131581e-17
because releasing energy,-5.117434254131581e-17
one of,-5.117434254131581e-17
because releasing,-5.117434254131581e-17
central,-5.117434254131581e-17
productive,-5.117434254131581e-17
living being,-5.139118297581291e-17
until it is,-5.139118297581291e-17
longer recognizable,-5.139118297581291e-17
longer recognizable as,-5.139118297581291e-17
living being this,-5.139118297581291e-17
as living,-5.139118297581291e-17
as living being,-5.139118297581291e-17
no longer recognizable,-5.139118297581291e-17
recognizable,-5.139118297581291e-17
it is no,-5.139118297581291e-17
recognizable as,-5.139118297581291e-17
recognizable as living,-5.139118297581291e-17
of country,-5.160802341031001e-17
country is,-5.160802341031001e-17
source of,-5.204170427930421e-17
smile is,-5.204170427930421e-17
necessarily,-5.204170427930421e-17
sign of happiness,-5.204170427930421e-17
source,-5.204170427930421e-17
sign of,-5.204170427930421e-17
sign,-5.204170427930421e-17
for financial,-5.204170427930421e-17
can be used,-5.204170427930421e-17
be used to,-5.204170427930421e-17
information which can,-5.204170427930421e-17
spending,-5.204170427930421e-17
be used,-5.204170427930421e-17
post office additionally,-5.2909066017292616e-17
and practical location,-5.2909066017292616e-17
office in terms,-5.2909066017292616e-17
provides easy,-5.2909066017292616e-17
space and cost,-5.2909066017292616e-17
business district above,-5.2909066017292616e-17
general term that,-5.2909066017292616e-17
provides easy access,-5.2909066017292616e-17
the post,-5.2909066017292616e-17
general term,-5.2909066017292616e-17
while business,-5.2909066017292616e-17
post office in,-5.2909066017292616e-17
providing,-5.2909066017292616e-17
office in,-5.2909066017292616e-17
is more general,-5.2909066017292616e-17
while business district,-5.2909066017292616e-17
people to,-5.2909066017292616e-17
providing post,-5.2909066017292616e-17
towns or center,-5.2909066017292616e-17
towns or,-5.2909066017292616e-17
office while business,-5.2909066017292616e-17
office while,-5.2909066017292616e-17
towns,-5.2909066017292616e-17
building which,-5.2909066017292616e-17
creation,-5.2909066017292616e-17
providing post office,-5.2909066017292616e-17
office is place,-5.2909066017292616e-17
building which provides,-5.2909066017292616e-17
sent and,-5.2909066017292616e-17
buildings are the,-5.2909066017292616e-17
buildings are,-5.2909066017292616e-17
office additionally,-5.2909066017292616e-17
post office while,-5.2909066017292616e-17
term that,-5.2909066017292616e-17
received and,-5.2909066017292616e-17
or center,-5.2909066017292616e-17
more general term,-5.2909066017292616e-17
of town are,-5.2909066017292616e-17
the purpose of,-5.2909066017292616e-17
terms of space,-5.2909066017292616e-17
terms of,-5.2909066017292616e-17
terms,-5.2909066017292616e-17
or center of,-5.2909066017292616e-17
term that can,-5.2909066017292616e-17
place where letters,-5.2909066017292616e-17
the purpose,-5.2909066017292616e-17
visibility for the,-5.2909066017292616e-17
which provides easy,-5.2909066017292616e-17
visibility for,-5.2909066017292616e-17
visibility,-5.2909066017292616e-17
practical for,-5.2909066017292616e-17
other locations such,-5.2909066017292616e-17
or not,-5.2909066017292616e-17
of space,-5.2909066017292616e-17
or not practical,-5.2909066017292616e-17
of space and,-5.2909066017292616e-17
sent and received,-5.2909066017292616e-17
practical for the,-5.2909066017292616e-17
practical location,-5.2909066017292616e-17
practical location for,-5.2909066017292616e-17
common and practical,-5.2909066017292616e-17
received and it,-5.2909066017292616e-17
town are,-5.2909066017292616e-17
of providing post,-5.2909066017292616e-17
for people to,-5.2909066017292616e-17
for people,-5.2909066017292616e-17
the post office,-5.2909066017292616e-17
town are less,-5.2909066017292616e-17
office additionally buildings,-5.2909066017292616e-17
purpose of providing,-5.2909066017292616e-17
more general,-5.2909066017292616e-17
itself,-5.2909066017292616e-17
purpose of,-5.2909066017292616e-17
of providing,-5.2909066017292616e-17
which provides,-5.2909066017292616e-17
purpose,-5.2909066017292616e-17
such as business,-5.2909066017292616e-17
where letters,-5.2909066017292616e-17
received,-5.2909066017292616e-17
where letters are,-5.2909066017292616e-17
object can,-5.312590645178972e-17
for post office,-5.334274688628682e-17
satisfaction,-5.334274688628682e-17
psychological response,-5.334274688628682e-17
store on,-5.334274688628682e-17
psychological response to,-5.334274688628682e-17
store on knickknacks,-5.334274688628682e-17
on knickknacks,-5.334274688628682e-17
knickknacks,-5.334274688628682e-17
common psychological response,-5.334274688628682e-17
thrift store on,-5.334274688628682e-17
informed decisions,-5.377642775528102e-17
strong sense of,-5.377642775528102e-17
and take,-5.377642775528102e-17
newspapers can,-5.377642775528102e-17
make informed,-5.377642775528102e-17
this trust,-5.377642775528102e-17
make informed decisions,-5.377642775528102e-17
informed,-5.377642775528102e-17
decisions and take,-5.377642775528102e-17
strong sense,-5.377642775528102e-17
newspapers is,-5.377642775528102e-17
reading newspapers is,-5.377642775528102e-17
additionally reading,-5.377642775528102e-17
is that,-5.377642775528102e-17
concepts,-5.377642775528102e-17
additionally reading newspapers,-5.377642775528102e-17
stranger,-5.377642775528102e-17
reading newspapers can,-5.377642775528102e-17
strong,-5.377642775528102e-17
is the process,-5.4643789493269423e-17
would be unable,-5.5294310796760726e-17
consequence of not,-5.5294310796760726e-17
up in situation,-5.5294310796760726e-17
to escape,-5.5294310796760726e-17
to escape the,-5.5294310796760726e-17
he was good,-5.5294310796760726e-17
where he would,-5.5294310796760726e-17
unable to escape,-5.5294310796760726e-17
that he would,-5.5294310796760726e-17
reason for james,-5.5294310796760726e-17
james loved to,-5.5294310796760726e-17
surf but he,-5.5294310796760726e-17
was good,-5.5294310796760726e-17
would likely end,-5.5294310796760726e-17
james loved,-5.5294310796760726e-17
he would likely,-5.5294310796760726e-17
loved to surf,-5.5294310796760726e-17
the water such,-5.5294310796760726e-17
was good at,-5.5294310796760726e-17
loved to,-5.5294310796760726e-17
of not being,-5.5294310796760726e-17
loved,-5.5294310796760726e-17
situation where he,-5.5294310796760726e-17
sport and it,-5.5294310796760726e-17
but he,-5.5294310796760726e-17
but he was,-5.5294310796760726e-17
skilled at,-5.5294310796760726e-17
situation where,-5.5294310796760726e-17
skilled at sport,-5.5294310796760726e-17
to dislike it,-5.5294310796760726e-17
to dislike,-5.5294310796760726e-17
skilled,-5.5294310796760726e-17
such as drowning,-5.5294310796760726e-17
prefer your,-5.551115123125783e-17
prefer your house,-5.551115123125783e-17
might prefer,-5.551115123125783e-17
because mouse,-5.551115123125783e-17
decisions and,-5.551115123125783e-17
prefer,-5.551115123125783e-17
and not,-5.551115123125783e-17
office is the,-5.551115123125783e-17
because mouse might,-5.551115123125783e-17
might prefer your,-5.551115123125783e-17
mouse might prefer,-5.551115123125783e-17
is because mouse,-5.551115123125783e-17
by,-5.551115123125783e-17
common way,-5.572799166575493e-17
are the most,-5.594483210025203e-17
fox is,-5.637851296924623e-17
are not paying,-5.637851296924623e-17
form of,-5.637851296924623e-17
engage in,-5.637851296924623e-17
form,-5.637851296924623e-17
not paying,-5.637851296924623e-17
engage,-5.637851296924623e-17
paying,-5.637851296924623e-17
term,-5.637851296924623e-17
is often associated,-5.659535340374333e-17
are the,-5.659535340374333e-17
individuals,-5.670377362099188e-17
him,-5.724587470723463e-17
and other,-5.724587470723463e-17
unable to,-5.767955557622884e-17
unable,-5.767955557622884e-17
has,-5.811323644522304e-17
can cause physical,-5.811323644522304e-17
to be religious,-5.811323644522304e-17
be religious gentleman,-5.811323644522304e-17
be religious,-5.811323644522304e-17
is no,-5.850964786453805e-17
is no longer,-5.850964786453805e-17
because committing,-5.854691731421724e-17
is because committing,-5.854691731421724e-17
because committing murder,-5.854691731421724e-17
committing murder is,-5.854691731421724e-17
which is often,-5.898059818321144e-17
begins,-5.898059818321144e-17
criminal,-5.898059818321144e-17
good,-5.898059818321144e-17
risks,-5.898059818321144e-17
access and,-5.898059818321144e-17
they can also,-5.898059818321144e-17
not being,-5.898059818321144e-17
accurately,-5.941427905220564e-17
do not accurately,-5.941427905220564e-17
not accurately,-5.941427905220564e-17
curiosity,-5.984795992119984e-17
this suggests,-5.984795992119984e-17
often have,-5.984795992119984e-17
this suggests that,-5.984795992119984e-17
during,-6.006480035569695e-17
sport and,-6.006480035569695e-17
be found in,-6.028164079019405e-17
the ideal location,-6.071532165918825e-17
their own abilities,-6.071532165918825e-17
location for business,-6.071532165918825e-17
sharp,-6.071532165918825e-17
decisions they,-6.071532165918825e-17
for business,-6.071532165918825e-17
serve,-6.071532165918825e-17
the ideal,-6.071532165918825e-17
judgment and decisions,-6.071532165918825e-17
for committing,-6.071532165918825e-17
judgment,-6.071532165918825e-17
capable,-6.071532165918825e-17
own abilities judgment,-6.071532165918825e-17
for business district,-6.071532165918825e-17
outcome for committing,-6.071532165918825e-17
possible outcome for,-6.071532165918825e-17
and decisions they,-6.071532165918825e-17
judgment and,-6.071532165918825e-17
and capable,-6.071532165918825e-17
ideal location,-6.071532165918825e-17
ideal location for,-6.071532165918825e-17
is the ideal,-6.071532165918825e-17
own abilities,-6.071532165918825e-17
abilities judgment and,-6.071532165918825e-17
and decisions,-6.071532165918825e-17
abilities judgment,-6.071532165918825e-17
it is plausible,-6.093216209368535e-17
sport,-6.098637220230962e-17
murder is,-6.114900252818245e-17
the water,-6.114900252818245e-17
restaurant this,-6.158268339717665e-17
he was in,-6.158268339717665e-17
that he was,-6.158268339717665e-17
instruments,-6.179952383167375e-17
object will,-6.201636426617085e-17
tear the clothes,-6.201636426617085e-17
consequence of being,-6.201636426617085e-17
on sharp objects,-6.201636426617085e-17
will tear the,-6.201636426617085e-17
will tear,-6.201636426617085e-17
tear the,-6.201636426617085e-17
as the object,-6.201636426617085e-17
sharp objects,-6.201636426617085e-17
tear,-6.201636426617085e-17
sharp objects as,-6.201636426617085e-17
being caught,-6.201636426617085e-17
being caught on,-6.201636426617085e-17
and the most,-6.201636426617085e-17
cause physical harm,-6.201636426617085e-17
objects as the,-6.201636426617085e-17
objects as,-6.201636426617085e-17
the object will,-6.201636426617085e-17
the object can,-6.201636426617085e-17
object will tear,-6.201636426617085e-17
likely consequence,-6.201636426617085e-17
object can cause,-6.201636426617085e-17
most likely consequence,-6.201636426617085e-17
objects,-6.201636426617085e-17
of being caught,-6.201636426617085e-17
up in,-6.223320470066795e-17
drink,-6.223320470066795e-17
their overall,-6.245004513516506e-17
large,-6.245004513516506e-17
you,-6.245004513516506e-17
for the,-6.245004513516506e-17
physical harm,-6.245004513516506e-17
place to new,-6.331740687315346e-17
new place to,-6.331740687315346e-17
confidence and,-6.331740687315346e-17
place is likely,-6.331740687315346e-17
place is,-6.331740687315346e-17
new place is,-6.331740687315346e-17
from new place,-6.331740687315346e-17
assured person often,-6.331740687315346e-17
trusting themselves,-6.331740687315346e-17
traveling from new,-6.331740687315346e-17
from new,-6.331740687315346e-17
person often,-6.331740687315346e-17
control,-6.331740687315346e-17
without,-6.331740687315346e-17
to new place,-6.331740687315346e-17
is common way,-6.375108774214766e-17
is that the,-6.396792817664476e-17
surf,-6.418476861114186e-17
good at it,-6.418476861114186e-17
to surf but,-6.418476861114186e-17
to surf,-6.418476861114186e-17
at it,-6.418476861114186e-17
surf but,-6.418476861114186e-17
the program,-6.418476861114186e-17
drowning,-6.418476861114186e-17
rather,-6.418476861114186e-17
buildings,-6.418476861114186e-17
because the amateur,-6.418476861114186e-17
themselves,-6.440160904563896e-17
time which,-6.440160904563896e-17
trust,-6.461844948013606e-17
location such as,-6.505213034913027e-17
because fox,-6.505213034913027e-17
would likely,-6.505213034913027e-17
location such,-6.505213034913027e-17
billy might move,-6.526897078362737e-17
might move to,-6.526897078362737e-17
might move,-6.526897078362737e-17
self,-6.591949208711867e-17
money,-6.591949208711867e-17
money at,-6.591949208711867e-17
the answer,-6.591949208711867e-17
many,-6.591949208711867e-17
dan was the,-6.635317295611287e-17
the one who,-6.635317295611287e-17
dan was,-6.635317295611287e-17
was the,-6.635317295611287e-17
troublemaker,-6.635317295611287e-17
that dan was,-6.635317295611287e-17
one who,-6.635317295611287e-17
was the one,-6.635317295611287e-17
mouse might,-6.678685382510707e-17
they are not,-6.678685382510707e-17
suggests that,-6.678685382510707e-17
the one,-6.678685382510707e-17
your house,-6.678685382510707e-17
suggests,-6.678685382510707e-17
common way to,-6.700369425960417e-17
bass clarinet which,-6.938893903907228e-17
an orchestra,-6.938893903907228e-17
are often played,-6.938893903907228e-17
woodwind instruments like,-6.938893903907228e-17
an orchestra typically,-6.938893903907228e-17
woodwind instruments,-6.938893903907228e-17
orchestra typically,-6.938893903907228e-17
which are often,-6.938893903907228e-17
instruments including,-6.938893903907228e-17
like the bass,-6.938893903907228e-17
like the,-6.938893903907228e-17
concert,-6.938893903907228e-17
played,-6.938893903907228e-17
variety of instruments,-6.938893903907228e-17
played in,-6.938893903907228e-17
played in symphony,-6.938893903907228e-17
instruments like the,-6.938893903907228e-17
instruments like,-6.938893903907228e-17
instruments including woodwind,-6.938893903907228e-17
including woodwind instruments,-6.938893903907228e-17
of instruments including,-6.938893903907228e-17
including woodwind,-6.938893903907228e-17
in symphony or,-6.938893903907228e-17
in symphony,-6.938893903907228e-17
clarinet which,-6.938893903907228e-17
clarinet which are,-6.938893903907228e-17
consists of variety,-6.938893903907228e-17
consists of,-6.938893903907228e-17
consists,-6.938893903907228e-17
typically consists of,-6.938893903907228e-17
typically consists,-6.938893903907228e-17
of instruments,-6.938893903907228e-17
concert setting,-6.938893903907228e-17
symphony or concert,-6.938893903907228e-17
orchestra typically consists,-6.938893903907228e-17
that can,-6.938893903907228e-17
often played in,-6.938893903907228e-17
often played,-6.938893903907228e-17
of variety of,-6.938893903907228e-17
of variety,-6.938893903907228e-17
or concert,-6.938893903907228e-17
symphony or,-6.938893903907228e-17
symphony,-6.938893903907228e-17
or concert setting,-6.938893903907228e-17
the bass clarinet,-6.938893903907228e-17
the bass,-6.938893903907228e-17
is often key,-7.068998164605489e-17
often key,-7.068998164605489e-17
learning experience,-7.112366251504909e-17
locations,-7.112366251504909e-17
to result,-7.112366251504909e-17
the learning experience,-7.112366251504909e-17
to result in,-7.112366251504909e-17
or are,-7.112366251504909e-17
habitat,-7.112366251504909e-17
guaranteed to happen,-7.112366251504909e-17
is not guaranteed,-7.112366251504909e-17
likely to result,-7.112366251504909e-17
program,-7.134050294954619e-17
the body,-7.19910242530375e-17
until it,-7.19910242530375e-17
decomposition as,-7.19910242530375e-17
until,-7.19910242530375e-17
decomposition as the,-7.19910242530375e-17
decomposes until it,-7.19910242530375e-17
as the body,-7.19910242530375e-17
body decomposes,-7.19910242530375e-17
decomposes and,-7.19910242530375e-17
body decomposes and,-7.19910242530375e-17
other locations,-7.19910242530375e-17
of decomposition as,-7.19910242530375e-17
the body decomposes,-7.19910242530375e-17
natural part of,-7.19910242530375e-17
natural part,-7.19910242530375e-17
most common and,-7.19910242530375e-17
decomposes and decomposes,-7.19910242530375e-17
and decomposes,-7.19910242530375e-17
this is natural,-7.19910242530375e-17
is natural part,-7.19910242530375e-17
and decomposes until,-7.19910242530375e-17
decomposes until,-7.19910242530375e-17
ground,-7.274996577377735e-17
sent,-7.28583859910259e-17
the amateur,-7.28583859910259e-17
the amateur end,-7.28583859910259e-17
setting,-7.28583859910259e-17
and practical,-7.28583859910259e-17
commonly,-7.37257477290143e-17
knowing,-7.383416794626285e-17
that has,-7.43762690325056e-17
of their,-7.45931094670027e-17
abilities,-7.45931094670027e-17
compile the,-7.470152968425126e-17
user began to,-7.470152968425126e-17
to compile the,-7.470152968425126e-17
compile,-7.470152968425126e-17
to compile,-7.470152968425126e-17
compile the program,-7.470152968425126e-17
user began,-7.470152968425126e-17
access,-7.475573979287553e-17
made up,-7.486416001012408e-17
body of water,-7.546047120499111e-17
body of,-7.546047120499111e-17
its,-7.589415207398531e-17
is plausible reason,-7.589415207398531e-17
plausible reason,-7.589415207398531e-17
plausible reason for,-7.589415207398531e-17
different,-7.632783294297951e-17
is natural,-7.632783294297951e-17
have,-7.632783294297951e-17
building,-7.632783294297951e-17
to happen,-7.676151381197371e-17
happen,-7.676151381197371e-17
the learning,-7.676151381197371e-17
was in,-7.719519468096792e-17
caught on,-7.762887554996212e-17
caught,-7.762887554996212e-17
guaranteed to,-7.806255641895632e-17
not guaranteed,-7.806255641895632e-17
not guaranteed to,-7.806255641895632e-17
guaranteed,-7.806255641895632e-17
to new,-7.892991815694472e-17
likely to be,-7.936359902593892e-17
them to,-7.974306978630885e-17
thrift store,-7.979727989493313e-17
country,-7.979727989493313e-17
pubs,-7.979727989493313e-17
they can,-7.979727989493313e-17
might,-7.979727989493313e-17
harm,-7.98514900035574e-17
location the phrase,-8.023096076392733e-17
plausible explanation,-8.023096076392733e-17
as pond to,-8.023096076392733e-17
as pond,-8.023096076392733e-17
and carried across,-8.023096076392733e-17
reach desired location,-8.023096076392733e-17
carried across,-8.023096076392733e-17
carried across large,-8.023096076392733e-17
reach desired,-8.023096076392733e-17
pond to reach,-8.023096076392733e-17
is plausible explanation,-8.023096076392733e-17
large body of,-8.023096076392733e-17
large body,-8.023096076392733e-17
and carried,-8.023096076392733e-17
pond to,-8.023096076392733e-17
carried,-8.023096076392733e-17
location the,-8.023096076392733e-17
to reach desired,-8.023096076392733e-17
such as pond,-8.023096076392733e-17
across large,-8.023096076392733e-17
across large body,-8.023096076392733e-17
of water such,-8.023096076392733e-17
desired,-8.023096076392733e-17
desired location,-8.023096076392733e-17
desired location the,-8.023096076392733e-17
up and carried,-8.023096076392733e-17
plausible explanation for,-8.023096076392733e-17
or,-8.066464163292153e-17
is because he,-8.131516293641283e-17
suggests that the,-8.153200337090993e-17
caught on sharp,-8.196568423990414e-17
on sharp,-8.196568423990414e-17
cause physical,-8.196568423990414e-17
that the,-8.239936510889834e-17
as it can,-8.245357521752261e-17
amateur,-8.283304597789254e-17
amateur end user,-8.283304597789254e-17
indicating that,-8.283304597789254e-17
indicating,-8.283304597789254e-17
indicating that he,-8.283304597789254e-17
amateur end,-8.283304597789254e-17
gather,-8.326672684688674e-17
thrift,-8.326672684688674e-17
place for,-8.326672684688674e-17
leisure activities,-8.326672684688674e-17
leisure,-8.326672684688674e-17
end user,-8.370040771588094e-17
user,-8.370040771588094e-17
reason,-8.500145032286355e-17
explanation,-8.500145032286355e-17
reason for,-8.500145032286355e-17
explanation for,-8.500145032286355e-17
lowercase,-8.500145032286355e-17
that the object,-8.57603918436034e-17
own,-8.673617379884035e-17
body,-8.716985466783456e-17
part of the,-8.803721640582296e-17
of the process,-8.803721640582296e-17
common consequence,-8.847089727481716e-17
common consequence of,-8.847089727481716e-17
is common consequence,-8.847089727481716e-17
smile,-8.933825901280557e-17
and the word,-9.020562075079397e-17
location for,-9.020562075079397e-17
like burden,-9.020562075079397e-17
feel like burden,-9.020562075079397e-17
burden or,-9.020562075079397e-17
new,-9.020562075079397e-17
water,-9.020562075079397e-17
like burden or,-9.020562075079397e-17
most common,-9.194034422677078e-17
traveling from,-9.194034422677078e-17
the most common,-9.194034422677078e-17
move to,-9.367506770274758e-17
word,-9.367506770274758e-17
the word,-9.367506770274758e-17
move,-9.367506770274758e-17
are often,-9.454242944073599e-17
natural,-9.454242944073599e-17
murder,-9.492190020110591e-17
take,-9.540979117872439e-17
release,-9.627715291671279e-17
and it is,-9.64939933512099e-17
burden or burden,-9.64939933512099e-17
or burden,-9.64939933512099e-17
it can feel,-9.64939933512099e-17
common place for,-9.71445146547012e-17
found in,-9.71445146547012e-17
actions,-9.80118763926896e-17
as the,-9.8879238130678e-17
committing murder,-9.93129189996722e-17
is common place,-1.0061396160665481e-16
it is common,-1.0234868508263162e-16
because he,-1.0234868508263162e-16
up over time,-1.0321604682062002e-16
up over,-1.0321604682062002e-16
built up over,-1.0321604682062002e-16
can also,-1.0321604682062002e-16
over time,-1.0321604682062002e-16
sense,-1.0408340855860843e-16
experience,-1.0408340855860843e-16
house,-1.0408340855860843e-16
also,-1.0408340855860843e-16
the most,-1.0408340855860843e-16
place to,-1.0495077029659683e-16
to their,-1.0495077029659683e-16
religious,-1.0581813203458523e-16
reach,-1.0581813203458523e-16
to reach,-1.0581813203458523e-16
from,-1.0722759485881639e-16
that,-1.0755285551056204e-16
beer,-1.0809495659680479e-16
literacy,-1.0928757898653885e-16
financial literacy,-1.0928757898653885e-16
fox,-1.0972125985553305e-16
activities,-1.1102230246251565e-16
because post,-1.1167282376600696e-16
is because post,-1.1167282376600696e-16
because post office,-1.1167282376600696e-16
capital,-1.1319070680748666e-16
he would,-1.1362438767648086e-16
committing,-1.1709383462843448e-16
it is,-1.1796119636642288e-16
additionally,-1.1796119636642288e-16
are not,-1.1796119636642288e-16
it can,-1.1817803680091998e-16
pebble is intended,-1.1839487723541708e-16
that the pebble,-1.1839487723541708e-16
pebble is,-1.1839487723541708e-16
the pebble is,-1.1839487723541708e-16
entire small suggests,-1.1839487723541708e-16
small suggests,-1.1839487723541708e-16
small suggests that,-1.1839487723541708e-16
phrase across the,-1.1839487723541708e-16
phrase across,-1.1839487723541708e-16
up and,-1.1839487723541708e-16
the phrase across,-1.1839487723541708e-16
intended to be,-1.1839487723541708e-16
be picked,-1.1839487723541708e-16
be picked up,-1.1839487723541708e-16
is intended,-1.1839487723541708e-16
intended to,-1.1839487723541708e-16
picked up and,-1.1839487723541708e-16
to be picked,-1.1839487723541708e-16
intended,-1.1839487723541708e-16
is intended to,-1.1839487723541708e-16
part,-1.1888276821303556e-16
of decomposition,-1.205632815803881e-16
process of decomposition,-1.205632815803881e-16
your,-1.214306433183765e-16
learning,-1.214306433183765e-16
this is plausible,-1.222980050563649e-16
part of,-1.222980050563649e-16
pond,-1.222980050563649e-16
city or,-1.235990476633475e-16
or town,-1.235990476633475e-16
city or town,-1.235990476633475e-16
water such,-1.244664094013359e-16
water such as,-1.244664094013359e-16
practical,-1.249000902703301e-16
their own,-1.2663481374630692e-16
which are,-1.2663481374630692e-16
new place,-1.2663481374630692e-16
of happiness,-1.2836953722228372e-16
suitable,-1.2836953722228372e-16
and it,-1.2923689896027213e-16
sense of,-1.2934531917752068e-16
over,-1.3010426069826053e-16
case,-1.3097162243624894e-16
phrase,-1.3292318634672284e-16
the phrase,-1.3292318634672284e-16
picked up,-1.3314002678121994e-16
picked,-1.3314002678121994e-16
consequence of,-1.3357370765021415e-16
built,-1.3530843112619095e-16
newspapers,-1.3877787807814457e-16
reading newspapers,-1.3877787807814457e-16
process,-1.3964523981613297e-16
them,-1.4137996329210978e-16
decomposes,-1.43982048506075e-16
common place,-1.457167719820518e-16
post office is,-1.463672932855431e-16
office is,-1.474514954580286e-16
end,-1.489693784995083e-16
releasing energy,-1.491862189340054e-16
releasing,-1.491862189340054e-16
this is common,-1.5092094240998222e-16
pebble,-1.5265566588595902e-16
answer,-1.5352302762394743e-16
releasing energy that,-1.5363144784119598e-16
process of,-1.5439038936193583e-16
has built,-1.5525775109992423e-16
energy that has,-1.5525775109992423e-16
has built up,-1.5525775109992423e-16
that has built,-1.5525775109992423e-16
built up,-1.5525775109992423e-16
energy that,-1.5525775109992423e-16
the answer is,-1.5612511283791264e-16
typically,-1.5785983631388945e-16
the entire small,-1.5872719805187785e-16
entire small,-1.5872719805187785e-16
the entire,-1.5872719805187785e-16
across the entire,-1.5872719805187785e-16
entire,-1.5872719805187785e-16
across the,-1.5872719805187785e-16
the pebble,-1.6263032587282567e-16
making,-1.6306400674181987e-16
traveling,-1.6458188978329957e-16
feel like,-1.6479873021779667e-16
decomposition,-1.6566609195578508e-16
as it,-1.6653345369377348e-16
consequence,-1.682681771697503e-16
is likely,-1.700029006457271e-16
is often,-1.700029006457271e-16
is plausible,-1.7433970933566911e-16
the process,-1.7694179454963432e-16
happiness,-1.7694179454963432e-16
decisions,-1.8041124150158794e-16
ideal,-1.8735013540549517e-16
district,-1.8735013540549517e-16
business,-1.8735013540549517e-16
business district,-1.8735013540549517e-16
which,-1.8821749714348357e-16
small,-1.8908485888147197e-16
is likely to,-1.8908485888147197e-16
the process of,-1.9081958235744878e-16
can feel like,-1.929879867024198e-16
is because,-1.93421667571414e-16
town,-1.9353008778866254e-16
often,-1.942890293094024e-16
across,-1.960237527853792e-16
time,-2.0122792321330962e-16
in,-2.0556473190325164e-16
one,-2.0903417885520525e-16
answer is because,-2.0903417885520525e-16
burden,-2.0925101928970236e-16
financial,-2.1076890233118206e-16
the object,-2.1076890233118206e-16
likely to,-2.1120258320017626e-16
he was,-2.1163626406917047e-16
object,-2.1163626406917047e-16
most,-2.1163626406917047e-16
energy,-2.122325752640375e-16
at,-2.1510571102112408e-16
to be,-2.203098814490545e-16
like,-2.255140518769849e-16
can feel,-2.2876665839444144e-16
feel,-2.3592239273284576e-16
plausible,-2.411265631607762e-16
being,-2.463307335887066e-16
this,-2.498001805406602e-16
likely,-2.5673907444456745e-16
he,-2.632442874794805e-16
this is,-2.8449465006019636e-16
their,-2.8622937353617317e-16
because,-2.905661822261152e-16
was,-3.0010716134398763e-16
up,-3.15936513062276e-16
post,-3.382710778154774e-16
office,-3.478120569333498e-16
location,-3.608224830031759e-16
post office,-3.7556763254897874e-16
such as,-3.885780586188048e-16
such,-3.920475055707584e-16
is common,-4.40619762898109e-16
can,-4.440892098500626e-16
common,-4.683753385137379e-16
it,-4.9439619065339e-16
as,-5.238864897449957e-16
to,-5.499073418846478e-16
for,-6.349087922075114e-16
is,-6.522560269672795e-16
and,-7.632783294297951e-16
of,-9.43689570931383e-16
