feature,importance
the,7.882583474838611e-15
to,2.579533808777512e-15
is,2.1163626406917047e-15
that,1.605486577016535e-15
more,1.2559397966072083e-15
of,1.244664094013359e-15
question,1.1761425167122752e-15
than,1.1683362610703796e-15
therefore the,1.061650767297806e-15
states that,1.038232000372119e-15
mass,1.0217521273503394e-15
question states that,9.519295074422729e-16
question states,9.332812300755222e-16
the question states,9.332812300755222e-16
states,9.228728892196614e-16
be,9.211381657436846e-16
therefore,9.159339953157541e-16
and,9.05254603916772e-16
because,8.881784197001252e-16
distance,8.81239525796218e-16
ball,8.743006318923108e-16
the answer is,8.708311849403572e-16
answer,8.638922910364499e-16
answer is,8.512071256183695e-16
the question,8.422082475867398e-16
the answer,8.153200337090993e-16
is because,7.875644580934704e-16
in,7.840950111415168e-16
answer is because,7.546047120499111e-16
because the,7.37257477290143e-16
is because the,6.826136877968736e-16
because the question,6.800116025829084e-16
to the,6.522560269672795e-16
states that the,6.513886652292911e-16
the ball,6.245004513516506e-16
less,6.245004513516506e-16
has,6.140921104957897e-16
than the,6.106226635438361e-16
which,5.967448757360216e-16
that the,5.850354922731782e-16
it,5.676882575134101e-16
as,5.672545766444159e-16
greater,5.620504062164855e-16
more mass,4.631711680858075e-16
for,4.440892098500626e-16
for the,4.180683577104105e-16
skateboard,4.163336342344337e-16
would,4.145989107584569e-16
when,4.0766001685454967e-16
mass than the,4.0679265511656126e-16
more mass than,4.0679265511656126e-16
mass than,4.0419056990259605e-16
surface,4.0245584642661925e-16
throw,3.8510861166685117e-16
stagecoach,3.8424124992886277e-16
will,3.8077180297690916e-16
greater distance,3.7383290907300193e-16
speed,3.677613769070831e-16
have,3.5908775952719907e-16
the stagecoach,3.5648567431323386e-16
load,3.5041414214731503e-16
bunny,3.434752482434078e-16
likely,3.3306690738754696e-16
would be,3.3219954564955856e-16
not,3.2959746043559335e-16
with,3.2786273695961654e-16
in the,3.191891195797325e-16
friction,3.191891195797325e-16
the creation,3.165870343657673e-16
the creation of,3.165870343657673e-16
for the creation,3.165870343657673e-16
creation of,3.165870343657673e-16
creation,3.165870343657673e-16
creation of more,3.165870343657673e-16
of more,3.165870343657673e-16
of more mass,3.165870343657673e-16
allows for the,3.165870343657673e-16
throw the,3.139849491518021e-16
and the,3.122502256758253e-16
of the,3.0644974405302783e-16
allows,3.0574501264091225e-16
dog,3.0357660829594124e-16
time,3.0097452308197603e-16
allows for,2.972611306412132e-16
between,2.914335439641036e-16
person,2.8796409701215e-16
likely to,2.8449465006019636e-16
to throw,2.8362728832220796e-16
floor,2.8102520310824275e-16
the dog,2.7755575615628914e-16
making,2.7755575615628914e-16
on,2.7668839441830073e-16
truck,2.740863092043355e-16
smoother,2.671474153004283e-16
the person,2.636779683484747e-16
its,2.6020852139652106e-16
earth,2.5847379792054426e-16
to throw the,2.5538382172896057e-16
the skateboard,2.5413698923060224e-16
due to,2.480654570646834e-16
due,2.480654570646834e-16
his,2.454633718507182e-16
passengers,2.45029690981724e-16
sun,2.42861286636753e-16
the sun,2.42861286636753e-16
indicating,2.42861286636753e-16
indicating that,2.42861286636753e-16
boat,2.398255205537936e-16
pull,2.3744027577432547e-16
mary,2.3592239273284576e-16
the earth,2.3592239273284576e-16
the ocean,2.3418766925686896e-16
at the,2.3418766925686896e-16
ocean,2.3418766925686896e-16
there,2.3245294578089215e-16
strength,2.3245294578089215e-16
closer,2.3180242447740085e-16
weighs,2.3071822230491534e-16
gravity,2.3071822230491534e-16
amount,2.2941717969793274e-16
amount of,2.2941717969793274e-16
option,2.2898349882893854e-16
table,2.2724877535296173e-16
earthnanotechnology allows,2.2638141361497333e-16
the earthnanotechnology allows,2.2638141361497333e-16
the earthnanotechnology,2.2638141361497333e-16
than the earthnanotechnology,2.2638141361497333e-16
earthnanotechnology,2.2638141361497333e-16
earthnanotechnology allows for,2.2638141361497333e-16
it would,2.220446049250313e-16
longer,2.220446049250313e-16
compared,2.203098814490545e-16
the creek,2.190088388420719e-16
creek,2.190088388420719e-16
can,2.185751579730777e-16
weaker,2.172741153660951e-16
is likely,2.1618991319360958e-16
strong,2.1597307275911248e-16
much,2.1337098754514727e-16
is towing,2.0990154059319366e-16
accelerate,2.0990154059319366e-16
him,2.0903417885520525e-16
is smoother,2.0816681711721685e-16
the blue truck,2.0643209364124004e-16
blue truck,2.0643209364124004e-16
farther,2.0296264668928643e-16
more likely,2.0296264668928643e-16
after,1.9873425821659296e-16
across it,1.986258379993444e-16
more friction,1.97758476261356e-16
due to the,1.97758476261356e-16
stronger,1.97758476261356e-16
move more,1.960237527853792e-16
to move more,1.960237527853792e-16
physical,1.945058697438995e-16
which suggests,1.942890293094024e-16
in contrast the,1.942890293094024e-16
slowly,1.942890293094024e-16
jake,1.93421667571414e-16
slows,1.9255430583342559e-16
the distance,1.9081958235744878e-16
which is,1.9081958235744878e-16
move more slowly,1.9081958235744878e-16
sound,1.8908485888147197e-16
being,1.8843433757798067e-16
rode,1.8821749714348357e-16
same,1.8735013540549517e-16
the same,1.8735013540549517e-16
since the,1.8604909279851256e-16
making it,1.8561541192951836e-16
move,1.8518173106052416e-16
to move,1.8417884405097507e-16
does,1.8388068845354155e-16
since,1.8388068845354155e-16
so,1.8301332671555315e-16
holly,1.822543851948133e-16
quickly,1.8041124150158794e-16
closer to,1.7911019889460533e-16
faster,1.7867651802561113e-16
throw the ball,1.7780915628762273e-16
to its,1.7775494617899845e-16
mike,1.7694179454963432e-16
the green,1.7650811368064012e-16
green truck,1.7650811368064012e-16
the green truck,1.7650811368064012e-16
green,1.7650811368064012e-16
rollerblades,1.7607443281164592e-16
more likely to,1.7477339020466331e-16
black bunny,1.726049858596923e-16
amount of time,1.726049858596923e-16
the black,1.726049858596923e-16
the black bunny,1.726049858596923e-16
black,1.726049858596923e-16
not be,1.710871028182126e-16
truck has,1.704365815147213e-16
green truck has,1.704365815147213e-16
carrie,1.700029006457271e-16
at,1.700029006457271e-16
or,1.682681771697503e-16
this,1.6653345369377348e-16
gravitational pull,1.6631661325927638e-16
able,1.6555767173853653e-16
able to,1.6555767173853653e-16
physical strength,1.6479873021779667e-16
of time,1.6479873021779667e-16
bunny is,1.6306400674181987e-16
more slowly,1.6306400674181987e-16
effort,1.6263032587282567e-16
effort to,1.6246769554695284e-16
more effort,1.6246769554695284e-16
more effort to,1.6246769554695284e-16
resistance on the,1.6132928326584306e-16
easier,1.6132928326584306e-16
to the person,1.6132928326584306e-16
resistance on,1.6132928326584306e-16
likely to throw,1.6089560239684886e-16
proportional to,1.6089560239684886e-16
proportional,1.6089560239684886e-16
in contrast,1.5959455978986625e-16
opposite,1.5959455978986625e-16
the opposite,1.5959455978986625e-16
weight,1.5959455978986625e-16
were,1.5785983631388945e-16
compared to,1.5785983631388945e-16
carrie face,1.5785983631388945e-16
weighs less,1.5785983631388945e-16
to carrie face,1.5785983631388945e-16
therefore the answer,1.5742615544489524e-16
that the stagecoach,1.5699247457590104e-16
muddy path,1.5699247457590104e-16
the muddy path,1.5699247457590104e-16
when it,1.5699247457590104e-16
result,1.5655879370690684e-16
pen,1.5655879370690684e-16
the pen,1.5655879370690684e-16
appear,1.5439038936193583e-16
to be,1.5439038936193583e-16
farther away,1.5265566588595902e-16
indicating that the,1.5265566588595902e-16
on the,1.5265566588595902e-16
movement,1.5265566588595902e-16
gravitational,1.5265566588595902e-16
no,1.5178830414797062e-16
distance therefore,1.5092094240998222e-16
to carrie,1.5092094240998222e-16
plastic,1.5048726154098802e-16
must,1.5005358067199381e-16
towing,1.474514954580286e-16
fact that,1.474514954580286e-16
the fact that,1.474514954580286e-16
the fact,1.474514954580286e-16
quickly in,1.470178145890344e-16
distance between,1.465841337200402e-16
more resistance,1.457167719820518e-16
north,1.452830911130576e-16
the north,1.452830911130576e-16
terry,1.448494102440634e-16
field,1.444157293750692e-16
than the earth,1.4224732503009818e-16
much more,1.4181364416110398e-16
has more,1.4051260155412137e-16
sun has,1.4051260155412137e-16
the sun has,1.4051260155412137e-16
to reach,1.3964523981613297e-16
made him travel,1.3877787807814457e-16
him travel,1.3877787807814457e-16
made him,1.3877787807814457e-16
resulting in,1.3704315460216776e-16
resulting,1.3704315460216776e-16
the muddy,1.3660947373317356e-16
muddy,1.3660947373317356e-16
slows down,1.3530843112619095e-16
her,1.3530843112619095e-16
them,1.3444106938820255e-16
to accelerate,1.3357370765021415e-16
is directly proportional,1.3357370765021415e-16
directly proportional to,1.3357370765021415e-16
directly proportional,1.3357370765021415e-16
fact that the,1.3357370765021415e-16
his skateboard,1.3335686721571705e-16
directly,1.3314002678121994e-16
is directly,1.3314002678121994e-16
quickly in the,1.3292318634672284e-16
in the creek,1.3292318634672284e-16
less quickly in,1.3292318634672284e-16
less quickly,1.3292318634672284e-16
the stagecoach weighs,1.3183898417423734e-16
stagecoach weighs,1.3183898417423734e-16
is likely to,1.3010426069826053e-16
is due to,1.3010426069826053e-16
is due,1.3010426069826053e-16
implies that,1.3010426069826053e-16
implies,1.3010426069826053e-16
skateboard for longer,1.2923689896027213e-16
longer amount of,1.2923689896027213e-16
travel greater,1.2923689896027213e-16
longer amount,1.2923689896027213e-16
for longer amount,1.2923689896027213e-16
skateboard for,1.2923689896027213e-16
travel greater distance,1.2923689896027213e-16
likely to be,1.2836953722228372e-16
resistance,1.2750217548429532e-16
pants,1.2706849461530112e-16
the pants,1.2706849461530112e-16
is more likely,1.2663481374630692e-16
is more resistance,1.2652639352905837e-16
the skateboard is,1.249000902703301e-16
therefore the skateboard,1.249000902703301e-16
skateboard is the,1.249000902703301e-16
skateboard is,1.249000902703301e-16
wood,1.249000902703301e-16
the wood,1.249000902703301e-16
the table,1.249000902703301e-16
tennis ball,1.244664094013359e-16
tennis,1.244664094013359e-16
the plastic,1.240327285323417e-16
him travel greater,1.231653667943533e-16
that made him,1.231653667943533e-16
that made,1.231653667943533e-16
reach,1.231653667943533e-16
light,1.231653667943533e-16
one that made,1.231653667943533e-16
up,1.214306433183765e-16
the dresser,1.20346441145891e-16
dresser,1.20346441145891e-16
could be,1.201296007113939e-16
could,1.201296007113939e-16
seems,1.196959198423997e-16
very,1.196959198423997e-16
across,1.196959198423997e-16
the principle,1.196959198423997e-16
principle,1.196959198423997e-16
face,1.1882855810441129e-16
is the one,1.1882855810441129e-16
down,1.1806961658367143e-16
greater distance therefore,1.1796119636642288e-16
which suggests that,1.1796119636642288e-16
throws,1.1709383462843448e-16
misconception,1.1709383462843448e-16
the steep,1.1709383462843448e-16
rolled across,1.1709383462843448e-16
soccer,1.1709383462843448e-16
the steep hill,1.1709383462843448e-16
soccer ball,1.1709383462843448e-16
jane,1.1622647289044608e-16
therefore the sun,1.1622647289044608e-16
information,1.1622647289044608e-16
to its mass,1.1579279202145187e-16
its mass,1.1579279202145187e-16
proportional to its,1.1579279202145187e-16
an,1.1535911115245767e-16
this is,1.1492543028346347e-16
exert,1.1449174941446927e-16
further,1.1449174941446927e-16
must be,1.1449174941446927e-16
as the,1.1449174941446927e-16
causing,1.1449174941446927e-16
greater mass,1.1275702593849246e-16
plastic table,1.1232334506949826e-16
to the inverse,1.1232334506949826e-16
fact,1.1145598333150986e-16
for longer,1.1102230246251565e-16
strength of,1.1102230246251565e-16
which means that,1.1102230246251565e-16
the strength,1.1102230246251565e-16
on the muddy,1.1102230246251565e-16
distance than,1.1102230246251565e-16
the strength of,1.1102230246251565e-16
has much,1.1080546202801855e-16
inverse,1.0993810029003015e-16
katie,1.0950441942103595e-16
katie boat,1.0950441942103595e-16
perspective and,1.0928757898653885e-16
between carrie and,1.0928757898653885e-16
easier to,1.0928757898653885e-16
and the ball,1.0928757898653885e-16
between carrie,1.0928757898653885e-16
perspective and distance,1.0928757898653885e-16
to the perspective,1.0928757898653885e-16
and distance,1.0928757898653885e-16
the perspective,1.0928757898653885e-16
distance between carrie,1.0928757898653885e-16
and distance between,1.0928757898653885e-16
carrie and the,1.0928757898653885e-16
carrie and,1.0928757898653885e-16
to exert,1.0928757898653885e-16
the perspective and,1.0928757898653885e-16
weedy,1.0842021724855044e-16
toy,1.0798653637955624e-16
less friction and,1.0755285551056204e-16
gravity is,1.0755285551056204e-16
compared to the,1.0755285551056204e-16
that the green,1.0668549377257364e-16
load of products,1.0668549377257364e-16
load of,1.0668549377257364e-16
of products,1.0668549377257364e-16
has more friction,1.0668549377257364e-16
products,1.0668549377257364e-16
resistance to,1.0668549377257364e-16
states that mike,1.0646865333807654e-16
skateboard and,1.0646865333807654e-16
jim house,1.0625181290357943e-16
to jim house,1.0625181290357943e-16
jim,1.0625181290357943e-16
house,1.0625181290357943e-16
to jim,1.0625181290357943e-16
closer to jim,1.0625181290357943e-16
dog farther,1.0603497246908233e-16
the dog farther,1.0603497246908233e-16
this is due,1.0581813203458523e-16
that mike,1.0581813203458523e-16
that mike rode,1.0581813203458523e-16
mike rode,1.0581813203458523e-16
field at,1.0581813203458523e-16
field at the,1.0581813203458523e-16
john,1.0581813203458523e-16
heavier,1.0549287138283958e-16
the pet food,1.0516761073109393e-16
pet food,1.0516761073109393e-16
the pet,1.0516761073109393e-16
pet,1.0516761073109393e-16
food,1.0516761073109393e-16
is towing large,1.0495077029659683e-16
which is towing,1.0495077029659683e-16
ball greater distance,1.0495077029659683e-16
ball greater,1.0495077029659683e-16
truck which is,1.0495077029659683e-16
the ball greater,1.0495077029659683e-16
heavier load,1.0495077029659683e-16
truck which,1.0495077029659683e-16
truck is towing,1.0495077029659683e-16
blue truck which,1.0495077029659683e-16
wood floor,1.0451708942760263e-16
the wood floor,1.0451708942760263e-16
greater distance than,1.0408340855860843e-16
closer to carrie,1.0408340855860843e-16
rolled,1.0256552551712872e-16
that of,1.0234868508263162e-16
gun,1.0234868508263162e-16
the gun,1.0234868508263162e-16
where,1.0234868508263162e-16
one,1.0234868508263162e-16
ball is,1.0202342443088597e-16
when the,1.0104764247564901e-16
when the soccer,1.0104764247564901e-16
the soccer,1.0104764247564901e-16
rolled across it,1.0104764247564901e-16
the soccer ball,1.0104764247564901e-16
the plastic table,1.0083080204115191e-16
that terry,1.0061396160665481e-16
travel,1.0061396160665481e-16
is as,1.0061396160665481e-16
as the ball,9.974659986866641e-17
park,9.8879238130678e-17
the park,9.8879238130678e-17
at the park,9.8879238130678e-17
same speed,9.812029660993815e-17
the same speed,9.812029660993815e-17
and since,9.80118763926896e-17
object,9.80118763926896e-17
to speed,9.732069750773009e-17
as far,9.71445146547012e-17
to float longer,9.6710833785707e-17
float longer,9.6710833785707e-17
float,9.6710833785707e-17
to float,9.6710833785707e-17
hear,9.638557313396134e-17
to hear,9.638557313396134e-17
he,9.627715291671279e-17
to move less,9.627715291671279e-17
forced,9.627715291671279e-17
move less quickly,9.627715291671279e-17
forced to,9.627715291671279e-17
move less,9.627715291671279e-17
forced to move,9.627715291671279e-17
strongman,9.627715291671279e-17
be easier,9.573505183047004e-17
the wooden,9.540979117872439e-17
gym floor,9.540979117872439e-17
wooden,9.540979117872439e-17
gym,9.540979117872439e-17
smoother surface,9.540979117872439e-17
wooden gym,9.540979117872439e-17
wooden gym floor,9.540979117872439e-17
the wooden gym,9.540979117872439e-17
black bunny is,9.454242944073599e-17
far,9.454242944073599e-17
from the north,9.367506770274758e-17
the sound,9.367506770274758e-17
fired the gun,9.367506770274758e-17
faster bunny,9.367506770274758e-17
who fired,9.367506770274758e-17
the faster,9.367506770274758e-17
fired,9.367506770274758e-17
fired the,9.367506770274758e-17
person who fired,9.367506770274758e-17
the faster bunny,9.367506770274758e-17
who fired the,9.367506770274758e-17
the skateboard for,9.280770596475918e-17
rode the skateboard,9.280770596475918e-17
rode the,9.280770596475918e-17
more resistance on,9.237402509576498e-17
has less mass,9.194034422677078e-17
less mass,9.194034422677078e-17
and since the,9.194034422677078e-17
the weight,9.194034422677078e-17
cover,9.150666335777657e-17
the force,9.118140270603092e-17
rode his skateboard,9.107298248878237e-17
law,9.107298248878237e-17
his skateboard and,9.107298248878237e-17
mike rode his,9.107298248878237e-17
rode his,9.107298248878237e-17
mass therefore,9.063930161978817e-17
more quickly,9.020562075079397e-17
speed up faster,9.020562075079397e-17
up faster,9.020562075079397e-17
the white,9.020562075079397e-17
white,9.020562075079397e-17
the concrete,8.933825901280557e-17
distance the,8.933825901280557e-17
mary is,8.933825901280557e-17
it would be,8.933825901280557e-17
distance therefore the,8.933825901280557e-17
concrete,8.933825901280557e-17
slows down the,8.933825901280557e-17
racetrack,8.922983879555701e-17
the racetrack,8.922983879555701e-17
while the,8.890457814381136e-17
child,8.847089727481716e-17
slowly therefore,8.847089727481716e-17
slowly therefore the,8.847089727481716e-17
such as,8.847089727481716e-17
more slowly therefore,8.847089727481716e-17
that mary,8.847089727481716e-17
suggests that there,8.847089727481716e-17
than jake,8.825405684032006e-17
this question,8.803721640582296e-17
the rollerblades,8.760353553682876e-17
are,8.673617379884035e-17
means,8.673617379884035e-17
therefore the rationale,8.673617379884035e-17
neptune,8.673617379884035e-17
does not,8.673617379884035e-17
of products the,8.632959798415829e-17
products the,8.632959798415829e-17
mass it,8.586881206085195e-17
rollerblades one after,8.586881206085195e-17
skateboard and his,8.586881206085195e-17
rollerblades one,8.586881206085195e-17
his rollerblades one,8.586881206085195e-17
one after the,8.586881206085195e-17
after the other,8.586881206085195e-17
one after,8.586881206085195e-17
after the,8.586881206085195e-17
and his,8.586881206085195e-17
his rollerblades,8.586881206085195e-17
and his rollerblades,8.586881206085195e-17
slows down on,8.565197162635485e-17
down on the,8.565197162635485e-17
provide,8.500145032286355e-17
that there,8.478460988836645e-17
the person who,8.413408858487514e-17
resulting in the,8.413408858487514e-17
sound of the,8.413408858487514e-17
the sound of,8.413408858487514e-17
person who,8.413408858487514e-17
sound of,8.413408858487514e-17
dresser surface,8.413408858487514e-17
of the dog,8.413408858487514e-17
mass and,8.413408858487514e-17
the dresser surface,8.413408858487514e-17
basketball court,8.326672684688674e-17
the concrete basketball,8.326672684688674e-17
basketball,8.326672684688674e-17
court,8.326672684688674e-17
concrete basketball,8.326672684688674e-17
concrete basketball court,8.326672684688674e-17
has much more,8.283304597789254e-17
sun has much,8.283304597789254e-17
much more mass,8.283304597789254e-17
one that,8.283304597789254e-17
friction than,8.283304597789254e-17
the one that,8.283304597789254e-17
table cloth,8.239936510889834e-17
cloth,8.239936510889834e-17
the table cloth,8.239936510889834e-17
the ball seems,8.196568423990414e-17
longer than,8.196568423990414e-17
ball seems,8.196568423990414e-17
seems to float,8.196568423990414e-17
seems to,8.196568423990414e-17
longer than typically,8.196568423990414e-17
ball seems to,8.196568423990414e-17
than typically,8.196568423990414e-17
float longer than,8.196568423990414e-17
the vacuum,8.153200337090993e-17
any,8.153200337090993e-17
weight further,8.153200337090993e-17
vacuum,8.153200337090993e-17
provide any,8.153200337090993e-17
not provide any,8.153200337090993e-17
does not provide,8.153200337090993e-17
the weight further,8.153200337090993e-17
not provide,8.153200337090993e-17
decreases with,8.066464163292153e-17
decreases with distance,8.066464163292153e-17
it would appear,8.066464163292153e-17
perspective,8.066464163292153e-17
quieter,8.066464163292153e-17
with distance,8.066464163292153e-17
that there is,8.066464163292153e-17
would appear,8.066464163292153e-17
the west,8.023096076392733e-17
less strong,8.023096076392733e-17
west,8.023096076392733e-17
can not be,8.012254054667878e-17
the distance between,8.001412032943023e-17
the toy,7.979727989493313e-17
in less,7.979727989493313e-17
bike,7.979727989493313e-17
their,7.979727989493313e-17
option is,7.979727989493313e-17
quieter to,7.979727989493313e-17
is more,7.979727989493313e-17
on the wooden,7.979727989493313e-17
mass results in,7.936359902593892e-17
sun greater mass,7.936359902593892e-17
weaker gravity,7.936359902593892e-17
mass results,7.936359902593892e-17
the person would,7.936359902593892e-17
the sun greater,7.936359902593892e-17
sun greater,7.936359902593892e-17
person would,7.936359902593892e-17
can not,7.8984128265569e-17
law which,7.892991815694472e-17
that the force,7.892991815694472e-17
law which states,7.892991815694472e-17
since distance,7.892991815694472e-17
distance is,7.892991815694472e-17
square law which,7.892991815694472e-17
since distance is,7.892991815694472e-17
provide any information,7.806255641895632e-17
any information,7.806255641895632e-17
any information about,7.806255641895632e-17
question does,7.806255641895632e-17
information about,7.806255641895632e-17
the question does,7.806255641895632e-17
question does not,7.806255641895632e-17
about,7.806255641895632e-17
than that,7.806255641895632e-17
than that of,7.806255641895632e-17
passengers have,7.784571598445922e-17
no passengers,7.784571598445922e-17
passengers have boarded,7.784571598445922e-17
speed after passengers,7.784571598445922e-17
speed after,7.784571598445922e-17
have boarded,7.784571598445922e-17
after passengers,7.784571598445922e-17
boarded,7.784571598445922e-17
after passengers have,7.784571598445922e-17
there is more,7.762887554996212e-17
shot,7.676151381197371e-17
but,7.676151381197371e-17
the inverse,7.676151381197371e-17
more friction when,7.661921227683499e-17
ocean has,7.632783294297951e-17
the boat would,7.632783294297951e-17
the boat,7.632783294297951e-17
be forced,7.632783294297951e-17
creek not,7.632783294297951e-17
states that katie,7.632783294297951e-17
move more easily,7.632783294297951e-17
the creek not,7.632783294297951e-17
the ocean has,7.632783294297951e-17
therefore the boat,7.632783294297951e-17
creek not the,7.632783294297951e-17
be forced to,7.632783294297951e-17
would be forced,7.632783294297951e-17
not the ocean,7.632783294297951e-17
that holly,7.632783294297951e-17
boat would,7.632783294297951e-17
that katie,7.632783294297951e-17
that katie boat,7.632783294297951e-17
boat would be,7.632783294297951e-17
dog was,7.627362283435524e-17
than the dog,7.627362283435524e-17
the dog was,7.627362283435524e-17
boat to move,7.589415207398531e-17
creek therefore,7.589415207398531e-17
creek therefore the,7.589415207398531e-17
the creek therefore,7.589415207398531e-17
boat to,7.589415207398531e-17
bearded,7.562310153086393e-17
bearded lady,7.562310153086393e-17
lady,7.562310153086393e-17
objects,7.556889142223966e-17
the shiny floor,7.546047120499111e-17
truck has less,7.546047120499111e-17
the shiny,7.546047120499111e-17
of the pet,7.546047120499111e-17
top speed,7.502679033599691e-17
top,7.502679033599691e-17
which states,7.41594285980085e-17
which states that,7.41594285980085e-17
large load of,7.399679827213568e-17
large load,7.399679827213568e-17
towing large load,7.399679827213568e-17
truck has no,7.399679827213568e-17
to pull,7.399679827213568e-17
towing large,7.399679827213568e-17
has no load,7.399679827213568e-17
has no,7.399679827213568e-17
no load,7.399679827213568e-17
no load to,7.399679827213568e-17
large,7.399679827213568e-17
load to,7.399679827213568e-17
load to pull,7.399679827213568e-17
strong than the,7.37257477290143e-17
less strong than,7.37257477290143e-17
the year old,7.37257477290143e-17
that mary lacks,7.37257477290143e-17
lacks the,7.37257477290143e-17
the year,7.37257477290143e-17
strong than,7.37257477290143e-17
mary lacks the,7.37257477290143e-17
mary lacks,7.37257477290143e-17
lacks,7.37257477290143e-17
they,7.35089072945172e-17
shiny,7.334627696864437e-17
shiny floor,7.334627696864437e-17
making it harder,7.3075226425523e-17
far as,7.28583859910259e-17
distance compared,7.28583859910259e-17
speed up,7.28583859910259e-17
therefore the black,7.28583859910259e-17
as far as,7.28583859910259e-17
indicating that there,7.28583859910259e-17
distance compared to,7.28583859910259e-17
likely due to,7.19910242530375e-17
likely due,7.19910242530375e-17
cause,7.112366251504909e-17
at the same,7.112366251504909e-17
required to,7.112366251504909e-17
the strongman,7.112366251504909e-17
friction than the,7.068998164605489e-17
pull therefore,7.025630077706069e-17
gravitational pull therefore,7.025630077706069e-17
the white bunny,7.003946034256359e-17
white bunny,7.003946034256359e-17
earth according,6.982261990806649e-17
earth according to,6.982261990806649e-17
less friction,6.982261990806649e-17
gravitation the strength,6.982261990806649e-17
it can,6.949735925632083e-17
so the,6.938893903907228e-17
less than,6.938893903907228e-17
harder,6.938893903907228e-17
rationale,6.938893903907228e-17
than mary,6.938893903907228e-17
distance than mary,6.938893903907228e-17
mars,6.938893903907228e-17
who,6.938893903907228e-17
earth therefore,6.89976098174408e-17
the earth therefore,6.89976098174408e-17
its mass therefore,6.89976098174408e-17
earth therefore the,6.89976098174408e-17
shorter,6.873841773558098e-17
required,6.852157730108388e-17
down the,6.841315708383533e-17
dog farther away,6.819631664933823e-17
is likely due,6.808789643208968e-17
the north is,6.808789643208968e-17
north is,6.808789643208968e-17
time and,6.787105599759258e-17
is smoother therefore,6.765421556309548e-17
path,6.765421556309548e-17
the butter,6.765421556309548e-17
pants and,6.765421556309548e-17
friction would cause,6.765421556309548e-17
between the,6.765421556309548e-17
common,6.765421556309548e-17
reach higher,6.765421556309548e-17
will cover,6.765421556309548e-17
that the sun,6.765421556309548e-17
affect,6.765421556309548e-17
smoother therefore,6.765421556309548e-17
the pants and,6.765421556309548e-17
butter,6.765421556309548e-17
that the wood,6.743737512859838e-17
throw the weight,6.722053469410127e-17
is the,6.722053469410127e-17
would have,6.722053469410127e-17
it therefore,6.613633252161577e-17
would cause less,6.613633252161577e-17
it therefore the,6.613633252161577e-17
be generated,6.613633252161577e-17
heat to be,6.613633252161577e-17
surface would result,6.613633252161577e-17
heat to,6.613633252161577e-17
smoother surface would,6.613633252161577e-17
which is likely,6.613633252161577e-17
ball heating up,6.613633252161577e-17
ball heating,6.613633252161577e-17
ball rolls,6.613633252161577e-17
ball rolls across,6.613633252161577e-17
cause more friction,6.613633252161577e-17
cause more,6.613633252161577e-17
cause less heat,6.613633252161577e-17
surface would,6.613633252161577e-17
be generated when,6.613633252161577e-17
cause less,6.613633252161577e-17
weedy smoother surface,6.613633252161577e-17
weedy smoother,6.613633252161577e-17
smoother field,6.613633252161577e-17
smoother field at,6.613633252161577e-17
soccer ball rolls,6.613633252161577e-17
across it resulting,6.613633252161577e-17
generated when the,6.613633252161577e-17
and less friction,6.613633252161577e-17
rolls across it,6.613633252161577e-17
across it in,6.613633252161577e-17
rolls across,6.613633252161577e-17
rougher will cause,6.613633252161577e-17
rolls,6.613633252161577e-17
the ball heating,6.613633252161577e-17
contrast the smoother,6.613633252161577e-17
be rougher will,6.613633252161577e-17
be rougher,6.613633252161577e-17
weedy field which,6.613633252161577e-17
friction when the,6.613633252161577e-17
the smoother field,6.613633252161577e-17
rougher will,6.613633252161577e-17
therefore the weedy,6.613633252161577e-17
will cause more,6.613633252161577e-17
field which is,6.613633252161577e-17
friction and less,6.613633252161577e-17
to be rougher,6.613633252161577e-17
across it therefore,6.613633252161577e-17
to be generated,6.613633252161577e-17
the movement,6.591949208711867e-17
additionally the question,6.591949208711867e-17
down the movement,6.591949208711867e-17
means that the,6.591949208711867e-17
meredith to move,6.591949208711867e-17
the movement of,6.591949208711867e-17
movement of,6.591949208711867e-17
additionally the,6.591949208711867e-17
that terry weighs,6.505213034913027e-17
less than jake,6.505213034913027e-17
has less,6.505213034913027e-17
terry weighs,6.505213034913027e-17
less friction than,6.494371013188172e-17
decreased,6.483528991463317e-17
the sand,6.478107980600889e-17
sand,6.478107980600889e-17
speed but,6.461844948013606e-17
same speed but,6.461844948013606e-17
he rode,6.461844948013606e-17
he rode the,6.461844948013606e-17
but he,6.461844948013606e-17
but he rode,6.461844948013606e-17
speed but he,6.461844948013606e-17
meaning,6.418476861114186e-17
weedy field,6.418476861114186e-17
while,6.418476861114186e-17
will be,6.396792817664476e-17
to hear the,6.396792817664476e-17
hear the,6.396792817664476e-17
more physical strength,6.385950795939621e-17
more physical,6.385950795939621e-17
required to throw,6.375108774214766e-17
down on,6.375108774214766e-17
physical strength and,6.364266752489911e-17
strength and,6.364266752489911e-17
and less,6.353424730765056e-17
gravitation the,6.331740687315346e-17
according to the,6.331740687315346e-17
gravitation,6.331740687315346e-17
of universal gravitation,6.331740687315346e-17
answer the,6.331740687315346e-17
the law,6.331740687315346e-17
the law of,6.331740687315346e-17
of universal,6.331740687315346e-17
more friction making,6.331740687315346e-17
universal gravitation,6.331740687315346e-17
to the law,6.331740687315346e-17
law of universal,6.331740687315346e-17
universal,6.331740687315346e-17
universal gravitation the,6.331740687315346e-17
year,6.288372600415926e-17
year old child,6.288372600415926e-17
year old,6.288372600415926e-17
matte,6.288372600415926e-17
old child,6.288372600415926e-17
matte floor,6.288372600415926e-17
the rationale,6.245004513516506e-17
effort to reach,6.245004513516506e-17
exert more,6.245004513516506e-17
exert more effort,6.245004513516506e-17
friction and,6.245004513516506e-17
to exert more,6.245004513516506e-17
than when,6.218068865793819e-17
it resulting,6.201636426617085e-17
it resulting in,6.201636426617085e-17
motorcycle,6.179952383167375e-17
the motorcycle,6.179952383167375e-17
time he would,6.158268339717665e-17
speed multiplied by,6.158268339717665e-17
by time and,6.158268339717665e-17
with lower resistance,6.158268339717665e-17
with lower,6.158268339717665e-17
speed multiplied,6.158268339717665e-17
traveled greater distance,6.158268339717665e-17
would have traveled,6.158268339717665e-17
phil bike slows,6.158268339717665e-17
generated when,6.158268339717665e-17
phil bike,6.158268339717665e-17
phil,6.158268339717665e-17
calculated,6.158268339717665e-17
path which,6.158268339717665e-17
been riding,6.158268339717665e-17
been riding his,6.158268339717665e-17
path which suggests,6.158268339717665e-17
that phil bike,6.158268339717665e-17
calculated as,6.158268339717665e-17
calculated as speed,6.158268339717665e-17
will cause,6.158268339717665e-17
that phil,6.158268339717665e-17
multiplied by time,6.158268339717665e-17
riding his skateboard,6.158268339717665e-17
however,6.158268339717665e-17
multiplied by,6.158268339717665e-17
and mike has,6.158268339717665e-17
time he,6.158268339717665e-17
time and mike,6.158268339717665e-17
states that phil,6.158268339717665e-17
by time,6.158268339717665e-17
riding his,6.158268339717665e-17
time since distance,6.158268339717665e-17
as speed,6.158268339717665e-17
muddy path which,6.158268339717665e-17
the other at,6.158268339717665e-17
multiplied,6.158268339717665e-17
distance is calculated,6.158268339717665e-17
and mike,6.158268339717665e-17
traveled,6.158268339717665e-17
traveled greater,6.158268339717665e-17
as speed multiplied,6.158268339717665e-17
the street light,6.10405823109339e-17
street light on,6.10405823109339e-17
light on,6.10405823109339e-17
light on the,6.10405823109339e-17
field which,6.071532165918825e-17
will allow,6.071532165918825e-17
speed therefore,6.071532165918825e-17
speed therefore the,6.071532165918825e-17
will allow the,6.071532165918825e-17
andy closer to,6.028164079019405e-17
right would,6.028164079019405e-17
be closer,6.028164079019405e-17
be closer to,6.028164079019405e-17
conversely the street,6.028164079019405e-17
was brighter,6.028164079019405e-17
that the two,6.028164079019405e-17
the right would,6.028164079019405e-17
be farther,6.028164079019405e-17
would be closer,6.028164079019405e-17
therefore the one,6.028164079019405e-17
be farther away,6.028164079019405e-17
to be andy,6.028164079019405e-17
and the one,6.028164079019405e-17
appear dimmer,6.028164079019405e-17
right would be,6.028164079019405e-17
appear dimmer therefore,6.028164079019405e-17
andy closer,6.028164079019405e-17
andy as its,6.028164079019405e-17
the distance and,6.028164079019405e-17
that the skateboard,6.028164079019405e-17
street lights were,6.028164079019405e-17
with distance the,6.028164079019405e-17
andy as,6.028164079019405e-17
would be farther,6.028164079019405e-17
closer to him,6.028164079019405e-17
distance the street,6.028164079019405e-17
dimmer,6.028164079019405e-17
the left is,6.028164079019405e-17
as its light,6.028164079019405e-17
since the intensity,6.028164079019405e-17
brighter than,6.028164079019405e-17
brighter,6.028164079019405e-17
farther away making,6.028164079019405e-17
distance and the,6.028164079019405e-17
dimmer therefore,6.028164079019405e-17
away making it,6.028164079019405e-17
was brighter than,6.028164079019405e-17
to him the,6.028164079019405e-17
brighter than the,6.028164079019405e-17
the left would,6.028164079019405e-17
to him,6.028164079019405e-17
dimmer therefore the,6.028164079019405e-17
were in,6.028164079019405e-17
be andy,6.028164079019405e-17
be andy closer,6.028164079019405e-17
were in the,6.028164079019405e-17
away making,6.028164079019405e-17
to andy as,6.028164079019405e-17
ball as,5.99563801384484e-17
that this,5.99563801384484e-17
note that this,5.99563801384484e-17
smoother therefore the,5.984795992119984e-17
that the pen,5.984795992119984e-17
when rolled,5.963111948670274e-17
when rolled across,5.963111948670274e-17
compared to when,5.963111948670274e-17
to when it,5.963111948670274e-17
more when rolled,5.963111948670274e-17
to when,5.963111948670274e-17
was more,5.960401443239061e-17
and speed,5.919743861770854e-17
truck is,5.919743861770854e-17
question asks which,5.898059818321144e-17
more difficult to,5.898059818321144e-17
surface causing,5.898059818321144e-17
down and,5.898059818321144e-17
skate in the,5.898059818321144e-17
difficult to,5.898059818321144e-17
skate in,5.898059818321144e-17
to skate in,5.898059818321144e-17
asks which,5.898059818321144e-17
rougher surface,5.898059818321144e-17
rougher surface causing,5.898059818321144e-17
as strong,5.876375774871434e-17
distance and,5.854691731421724e-17
states that terry,5.854691731421724e-17
incorrect,5.833007687972014e-17
to the table,5.833007687972014e-17
stagecoach has to,5.811323644522304e-17
has to,5.811323644522304e-17
has to exert,5.811323644522304e-17
it has,5.811323644522304e-17
boarded indicating,5.811323644522304e-17
slowly in,5.811323644522304e-17
have boarded indicating,5.811323644522304e-17
the passengers,5.811323644522304e-17
slowly in the,5.811323644522304e-17
stagecoach has,5.811323644522304e-17
the stagecoach has,5.811323644522304e-17
as result,5.811323644522304e-17
more slowly in,5.811323644522304e-17
boarded indicating that,5.811323644522304e-17
may,5.811323644522304e-17
relationship between,5.767955557622884e-17
relationship,5.767955557622884e-17
is as strong,5.746271514173174e-17
as holly,5.746271514173174e-17
as strong as,5.746271514173174e-17
that mary is,5.746271514173174e-17
mary is as,5.746271514173174e-17
strong as,5.746271514173174e-17
strong as holly,5.746271514173174e-17
states that mary,5.746271514173174e-17
sound quieter,5.724587470723463e-17
as cardboard,5.724587470723463e-17
bike to move,5.724587470723463e-17
child is,5.724587470723463e-17
muddy path compared,5.724587470723463e-17
it more,5.724587470723463e-17
sound quieter to,5.724587470723463e-17
on the racetrack,5.692061405548898e-17
faster on,5.681219383824043e-17
faster on the,5.681219383824043e-17
and therefore,5.637851296924623e-17
it harder,5.637851296924623e-17
top speed therefore,5.637851296924623e-17
be able,5.616167253474913e-17
able to throw,5.616167253474913e-17
be able to,5.616167253474913e-17
friction making,5.606680484465665e-17
further than,5.594483210025203e-17
weight further distance,5.594483210025203e-17
further distance,5.594483210025203e-17
appear larger,5.572799166575493e-17
floor has more,5.551115123125783e-17
the weedy field,5.5077470362263625e-17
to speed up,5.5077470362263625e-17
the weedy,5.5077470362263625e-17
green truck is,5.5077470362263625e-17
in the blue,5.5077470362263625e-17
result in,5.4969050145015075e-17
than the ocean,5.4752209710517974e-17
creek has less,5.4752209710517974e-17
the ocean it,5.4752209710517974e-17
ocean it,5.4752209710517974e-17
an object,5.4752209710517974e-17
the creek has,5.4752209710517974e-17
creek has,5.4752209710517974e-17
her boat,5.4752209710517974e-17
her boat to,5.4752209710517974e-17
the ball appearing,5.4643789493269423e-17
after few,5.4643789493269423e-17
rather than decreased,5.4643789493269423e-17
rather than,5.4643789493269423e-17
therefore the ball,5.4643789493269423e-17
few,5.4643789493269423e-17
rather,5.4643789493269423e-17
decreasing additionally,5.4643789493269423e-17
the ball decreasing,5.4643789493269423e-17
gets,5.4643789493269423e-17
face it would,5.4643789493269423e-17
gets closer,5.4643789493269423e-17
gets closer to,5.4643789493269423e-17
face it,5.4643789493269423e-17
face increased rather,5.4643789493269423e-17
ball appearing,5.4643789493269423e-17
ball appearing smaller,5.4643789493269423e-17
were closer,5.4643789493269423e-17
ball decreasing additionally,5.4643789493269423e-17
ball were closer,5.4643789493269423e-17
ball were,5.4643789493269423e-17
were closer to,5.4643789493269423e-17
distance in,5.4643789493269423e-17
ball gets,5.4643789493269423e-17
ball gets closer,5.4643789493269423e-17
smaller therefore the,5.4643789493269423e-17
smaller therefore,5.4643789493269423e-17
decreasing,5.4643789493269423e-17
face increased,5.4643789493269423e-17
smaller is likely,5.4643789493269423e-17
smaller is,5.4643789493269423e-17
ball proximity to,5.4643789493269423e-17
ball proximity,5.4643789493269423e-17
face after few,5.4643789493269423e-17
ball increasing,5.4643789493269423e-17
ball increasing if,5.4643789493269423e-17
decreasing additionally the,5.4643789493269423e-17
up more,5.4643789493269423e-17
than decreased,5.4643789493269423e-17
few seconds,5.4643789493269423e-17
appearing smaller is,5.4643789493269423e-17
few seconds which,5.4643789493269423e-17
the ball gets,5.4643789493269423e-17
after few seconds,5.4643789493269423e-17
would appear smaller,5.4643789493269423e-17
bunny therefore the,5.4643789493269423e-17
the ball increasing,5.4643789493269423e-17
bunny therefore,5.4643789493269423e-17
because as the,5.4643789493269423e-17
because as,5.4643789493269423e-17
the ball proximity,5.4643789493269423e-17
the ball were,5.4643789493269423e-17
bunny the,5.4643789493269423e-17
seconds,5.4643789493269423e-17
seconds which,5.4643789493269423e-17
seconds which suggests,5.4643789493269423e-17
appear larger due,5.4643789493269423e-17
appear smaller,5.4643789493269423e-17
appear smaller therefore,5.4643789493269423e-17
face after,5.4643789493269423e-17
carrie face after,5.4643789493269423e-17
carrie face increased,5.4643789493269423e-17
bunny is the,5.4643789493269423e-17
carrie face it,5.4643789493269423e-17
greater distance in,5.4643789493269423e-17
appearing,5.4643789493269423e-17
appearing smaller,5.4643789493269423e-17
ball decreasing,5.4643789493269423e-17
muscle,5.421010862427522e-17
muscle mass,5.421010862427522e-17
it would have,5.421010862427522e-17
throw the toy,5.399326818977812e-17
the adult,5.399326818977812e-17
faster bunny the,5.377642775528102e-17
than the one,5.377642775528102e-17
is the faster,5.377642775528102e-17
that the ball,5.377642775528102e-17
pace than,5.377642775528102e-17
pace than the,5.377642775528102e-17
moving at,5.377642775528102e-17
pace,5.377642775528102e-17
is able to,5.334274688628682e-17
is able,5.334274688628682e-17
throwing,5.2909066017292616e-17
throw as far,5.2909066017292616e-17
as jake,5.2909066017292616e-17
results,5.2909066017292616e-17
throw as,5.2909066017292616e-17
not the,5.2909066017292616e-17
far as jake,5.2909066017292616e-17
results in,5.2909066017292616e-17
is rolled across,5.2475385148298415e-17
ball is rolled,5.2475385148298415e-17
less friction would,5.2475385148298415e-17
soccer ball is,5.2475385148298415e-17
more when,5.2258544713801314e-17
up more when,5.2258544713801314e-17
that the dog,5.2136571969396694e-17
that it,5.204170427930421e-17
the question therefore,5.204170427930421e-17
flower garden,5.204170427930421e-17
the principle that,5.204170427930421e-17
would appear larger,5.204170427930421e-17
is greater,5.204170427930421e-17
meaning that,5.204170427930421e-17
principle that,5.204170427930421e-17
garden,5.204170427930421e-17
gravitational force,5.204170427930421e-17
her it would,5.204170427930421e-17
to her it,5.204170427930421e-17
quieter to the,5.204170427930421e-17
her it,5.204170427930421e-17
the flower,5.204170427930421e-17
flower,5.204170427930421e-17
the flower garden,5.204170427930421e-17
the earth which,5.204170427930421e-17
question therefore,5.204170427930421e-17
allowed,5.204170427930421e-17
heating,5.171644362755856e-17
heating up,5.171644362755856e-17
is factor,5.160802341031001e-17
flexible,5.149960319306146e-17
likely closer,5.117434254131581e-17
court at the,5.117434254131581e-17
court at,5.117434254131581e-17
the park indicating,5.117434254131581e-17
park indicating that,5.117434254131581e-17
the west being,5.117434254131581e-17
to her,5.117434254131581e-17
away,5.117434254131581e-17
likely closer to,5.117434254131581e-17
the gun from,5.117434254131581e-17
plastic table is,5.117434254131581e-17
basketball court at,5.117434254131581e-17
jim house the,5.117434254131581e-17
therefore the person,5.117434254131581e-17
such,5.117434254131581e-17
park indicating,5.117434254131581e-17
house the,5.117434254131581e-17
therefore the flat,5.117434254131581e-17
north is likely,5.117434254131581e-17
west being,5.117434254131581e-17
table is,5.117434254131581e-17
gun from the,5.117434254131581e-17
gun from,5.117434254131581e-17
is likely closer,5.117434254131581e-17
house the west,5.117434254131581e-17
of gravity,5.095750210681871e-17
uniform,5.074066167232161e-17
accelerate resulting in,5.0306980803327406e-17
blue truck with,5.0306980803327406e-17
can accelerate,5.0306980803327406e-17
once,5.0306980803327406e-17
can accelerate faster,5.0306980803327406e-17
moves more quickly,5.0306980803327406e-17
accelerate faster than,5.0306980803327406e-17
towing load of,5.0306980803327406e-17
towing load,5.0306980803327406e-17
fall,5.0306980803327406e-17
accelerate resulting,5.0306980803327406e-17
blue truck being,5.0306980803327406e-17
accelerate faster,5.0306980803327406e-17
moves more,5.0306980803327406e-17
since friction,5.0306980803327406e-17
since friction is,5.0306980803327406e-17
slower therefore,5.0306980803327406e-17
more friction on,5.0306980803327406e-17
slower therefore it,5.0306980803327406e-17
truck with its,5.0306980803327406e-17
must be slower,5.0306980803327406e-17
to accelerate resulting,5.0306980803327406e-17
to pull meaning,5.0306980803327406e-17
truck being able,5.0306980803327406e-17
truck being,5.0306980803327406e-17
being able to,5.0306980803327406e-17
being able,5.0306980803327406e-17
truck with,5.0306980803327406e-17
able to speed,5.0306980803327406e-17
need more,5.0306980803327406e-17
need more effort,5.0306980803327406e-17
be slower therefore,5.0306980803327406e-17
which is heavier,5.0306980803327406e-17
up faster therefore,5.0306980803327406e-17
brick,5.0306980803327406e-17
effort to accelerate,5.0306980803327406e-17
with its lighter,5.0306980803327406e-17
will need,5.0306980803327406e-17
will need more,5.0306980803327406e-17
the plate,5.0306980803327406e-17
with its,5.0306980803327406e-17
to exert much,4.9873299934333204e-17
vacuum will,4.9873299934333204e-17
exert much,4.9873299934333204e-17
exert much more,4.9873299934333204e-17
stagecoach up to,4.9873299934333204e-17
effort to get,4.9873299934333204e-17
will be easier,4.9873299934333204e-17
stagecoach up,4.9873299934333204e-17
the right since,4.9873299934333204e-17
to get the,4.9873299934333204e-17
on the wood,4.9873299934333204e-17
up to speed,4.9873299934333204e-17
to get,4.9873299934333204e-17
up to,4.9873299934333204e-17
much more effort,4.9873299934333204e-17
easier to roll,4.9873299934333204e-17
vacuum will be,4.9873299934333204e-17
right since,4.9873299934333204e-17
the stagecoach up,4.9873299934333204e-17
get,4.9873299934333204e-17
right since the,4.9873299934333204e-17
get the,4.9873299934333204e-17
to speed after,4.9873299934333204e-17
to roll on,4.9873299934333204e-17
get the stagecoach,4.9873299934333204e-17
the vacuum will,4.9873299934333204e-17
be easier to,4.9873299934333204e-17
roll on,4.9873299934333204e-17
roll on the,4.9873299934333204e-17
that the vacuum,4.9873299934333204e-17
resistance to the,4.981908982570893e-17
there is,4.9439619065339e-17
meredith,4.9439619065339e-17
been,4.933119884809045e-17
to the north,4.933119884809045e-17
the earth this,4.92227786308419e-17
when sliding,4.92227786308419e-17
when sliding across,4.92227786308419e-17
is inverse,4.92227786308419e-17
gravity is inverse,4.92227786308419e-17
smoother when it,4.90059381963448e-17
higher level,4.90059381963448e-17
when it wet,4.90059381963448e-17
the top speed,4.90059381963448e-17
pants and the,4.90059381963448e-17
when it weedy,4.90059381963448e-17
between the pants,4.90059381963448e-17
smoother when,4.90059381963448e-17
than when there,4.90059381963448e-17
answer is more,4.90059381963448e-17
the table surface,4.90059381963448e-17
it wet,4.90059381963448e-17
horses have to,4.90059381963448e-17
the park is,4.90059381963448e-17
horses have,4.90059381963448e-17
when there were,4.90059381963448e-17
is smoother when,4.90059381963448e-17
it wet compared,4.90059381963448e-17
terry weighs less,4.90059381963448e-17
that the field,4.90059381963448e-17
have to exert,4.90059381963448e-17
have to,4.90059381963448e-17
there were,4.90059381963448e-17
park is smoother,4.90059381963448e-17
park is,4.90059381963448e-17
the top,4.90059381963448e-17
the field at,4.90059381963448e-17
the field,4.90059381963448e-17
there were no,4.90059381963448e-17
table surface,4.90059381963448e-17
reach higher level,4.90059381963448e-17
stagecoach weighs less,4.90059381963448e-17
horses,4.90059381963448e-17
weighs less than,4.90059381963448e-17
were no,4.90059381963448e-17
wet compared to,4.90059381963448e-17
it weedy,4.90059381963448e-17
wet compared,4.90059381963448e-17
where the,4.90059381963448e-17
level,4.90059381963448e-17
were no passengers,4.90059381963448e-17
friction when,4.889751797909625e-17
parking lot compared,4.868067754459915e-17
lot compared,4.868067754459915e-17
lot compared to,4.868067754459915e-17
about the,4.85722573273506e-17
information about the,4.85722573273506e-17
the sun gravity,4.85722573273506e-17
jake additionally,4.85722573273506e-17
as jake additionally,4.85722573273506e-17
based on the,4.85722573273506e-17
this can not,4.85722573273506e-17
move more quickly,4.85722573273506e-17
the throws,4.85722573273506e-17
the other,4.85722573273506e-17
break,4.85722573273506e-17
sun gravity is,4.85722573273506e-17
other,4.85722573273506e-17
sun gravity,4.85722573273506e-17
of the throws,4.85722573273506e-17
bike to,4.8138576458356397e-17
farther distance,4.8138576458356397e-17
bike slows,4.8138576458356397e-17
the bike to,4.8138576458356397e-17
bike slows down,4.8138576458356397e-17
it more difficult,4.8030156241107846e-17
on it,4.8030156241107846e-17
more difficult for,4.8030156241107846e-17
difficult for,4.8030156241107846e-17
him to throw,4.7704895589362195e-17
stronger than that,4.7704895589362195e-17
shiny floor with,4.7704895589362195e-17
floor with,4.7704895589362195e-17
that there was,4.7704895589362195e-17
floor with lower,4.7704895589362195e-17
square,4.7704895589362195e-17
resistance will allow,4.7704895589362195e-17
lower resistance will,4.7704895589362195e-17
is weaker,4.7704895589362195e-17
inverse square,4.7704895589362195e-17
surfboard,4.7704895589362195e-17
the information,4.7596475372113645e-17
therefore the ocean,4.7271214720367993e-17
is rolled,4.7271214720367993e-17
more sweat,4.7271214720367993e-17
ocean has more,4.7271214720367993e-17
made,4.7271214720367993e-17
in the ocean,4.7271214720367993e-17
the dog closer,4.683753385137379e-17
louder than the,4.683753385137379e-17
so the sound,4.683753385137379e-17
surface which,4.683753385137379e-17
louder than,4.683753385137379e-17
dog closer,4.683753385137379e-17
who is,4.683753385137379e-17
roll,4.683753385137379e-17
dog closer to,4.683753385137379e-17
that the black,4.683753385137379e-17
floor has,4.683753385137379e-17
person would be,4.683753385137379e-17
than the sound,4.683753385137379e-17
to roll,4.683753385137379e-17
be louder than,4.683753385137379e-17
that jane,4.683753385137379e-17
to reach higher,4.662069341687669e-17
implies that the,4.640385298237959e-17
meredith to,4.640385298237959e-17
louder,4.629543276513104e-17
bryan,4.618701254788249e-17
causing it to,4.597017211338539e-17
since the sun,4.597017211338539e-17
therefore since the,4.597017211338539e-17
weaker gravity endoftext,4.597017211338539e-17
therefore since,4.597017211338539e-17
to the earth,4.597017211338539e-17
causing it,4.597017211338539e-17
has more mass,4.597017211338539e-17
results in weaker,4.597017211338539e-17
sweat,4.597017211338539e-17
object gravitational,4.597017211338539e-17
an object gravitational,4.597017211338539e-17
was,4.597017211338539e-17
gravity compared to,4.597017211338539e-17
weight and,4.597017211338539e-17
gravity endoftext,4.597017211338539e-17
stronger gravity compared,4.597017211338539e-17
stronger gravity,4.597017211338539e-17
gravitational pull is,4.597017211338539e-17
object gravitational pull,4.597017211338539e-17
is the correct,4.597017211338539e-17
greater mass results,4.597017211338539e-17
sun has more,4.597017211338539e-17
physical strength than,4.597017211338539e-17
slid,4.597017211338539e-17
strength than the,4.597017211338539e-17
strength than,4.597017211338539e-17
would have stronger,4.597017211338539e-17
the earth according,4.597017211338539e-17
strength of an,4.597017211338539e-17
gravity compared,4.597017211338539e-17
should,4.575333167888829e-17
provided,4.5672016515951874e-17
baseball,4.5536491244391186e-17
inverse square law,4.5536491244391186e-17
the inverse square,4.5536491244391186e-17
square law,4.5536491244391186e-17
speed which,4.537386091851836e-17
resistance will,4.5211230592645535e-17
on the matte,4.5211230592645535e-17
the matte floor,4.5211230592645535e-17
the matte,4.5211230592645535e-17
gym floor has,4.5102810375396984e-17
away would,4.5102810375396984e-17
away would be,4.5102810375396984e-17
hill,4.5102810375396984e-17
if the,4.5102810375396984e-17
lower resistance,4.5102810375396984e-17
farther away would,4.5102810375396984e-17
therefore more,4.5102810375396984e-17
steep hill,4.5102810375396984e-17
pull therefore the,4.5102810375396984e-17
steep,4.5102810375396984e-17
between mass and,4.4885969940899884e-17
between mass,4.4885969940899884e-17
relationship between mass,4.4885969940899884e-17
increase,4.4885969940899884e-17
result in less,4.466912950640278e-17
would result in,4.466912950640278e-17
would result,4.466912950640278e-17
still,4.466912950640278e-17
that the motorcycle,4.461491939777851e-17
this is based,4.423544863740858e-17
is based,4.423544863740858e-17
food to reach,4.423544863740858e-17
when they,4.423544863740858e-17
top speed of,4.423544863740858e-17
allow the top,4.423544863740858e-17
on the principle,4.423544863740858e-17
is based on,4.423544863740858e-17
intensity,4.4086370838691824e-17
where objects,4.380176776841438e-17
allow the,4.358492733391728e-17
go,4.336808689942018e-17
time since,4.336808689942018e-17
force,4.336808689942018e-17
important to,4.336808689942018e-17
be the,4.336808689942018e-17
harder for the,4.336808689942018e-17
important,4.336808689942018e-17
friend,4.3151246464923076e-17
much larger,4.2500725161431774e-17
in less friction,4.2500725161431774e-17
bent,4.2500725161431774e-17
in the question,4.2500725161431774e-17
time than,4.206704429243757e-17
to navigate,4.206704429243757e-17
navigate,4.206704429243757e-17
steep hill is,4.206704429243757e-17
hill is,4.206704429243757e-17
covers greater,4.206704429243757e-17
hill is more,4.206704429243757e-17
smoother than the,4.206704429243757e-17
covers greater distance,4.206704429243757e-17
smoother than,4.206704429243757e-17
ground is,4.206704429243757e-17
ground is smoother,4.206704429243757e-17
flat ground is,4.206704429243757e-17
difficult to navigate,4.206704429243757e-17
than the steep,4.206704429243757e-17
it is smoother,4.206704429243757e-17
is smoother than,4.206704429243757e-17
object is,4.163336342344337e-17
an object is,4.163336342344337e-17
it will,4.163336342344337e-17
earth which,4.163336342344337e-17
friction between the,4.163336342344337e-17
friction between,4.163336342344337e-17
that the plastic,4.141652298894627e-17
plays,4.119968255444917e-17
travel the,4.119968255444917e-17
for half,4.119968255444917e-17
half,4.119968255444917e-17
sweat on,4.119968255444917e-17
go as fast,4.119968255444917e-17
go as,4.119968255444917e-17
plays for half,4.119968255444917e-17
plays for,4.119968255444917e-17
whimpering,4.117257750013703e-17
block and the,4.117257750013703e-17
dog was barking,4.117257750013703e-17
bark was louder,4.117257750013703e-17
my block,4.117257750013703e-17
my block and,4.117257750013703e-17
street indicating,4.117257750013703e-17
street indicating that,4.117257750013703e-17
the street indicating,4.117257750013703e-17
bark,4.117257750013703e-17
bark was,4.117257750013703e-17
the dog whimpering,4.117257750013703e-17
the dog bark,4.117257750013703e-17
to me than,4.117257750013703e-17
barking on my,4.117257750013703e-17
dog bark was,4.117257750013703e-17
block and,4.117257750013703e-17
block,4.117257750013703e-17
dog whimpering,4.117257750013703e-17
and the dog,4.117257750013703e-17
dog bark,4.117257750013703e-17
across the frying,4.0766001685454967e-17
which would,4.0766001685454967e-17
than the white,4.0766001685454967e-17
in the sun,4.0766001685454967e-17
generated,4.0549161250957866e-17
next to the,4.0332320816460765e-17
is less strong,4.0332320816460765e-17
indicates that it,4.0332320816460765e-17
that the plate,4.0332320816460765e-17
than the chandelier,4.0332320816460765e-17
strength of the,4.027811070783649e-17
counterintuitive,4.0223900599212215e-17
this implies that,4.0115480381963664e-17
this implies,4.0115480381963664e-17
resistance and,3.9898639947466563e-17
street light,3.9898639947466563e-17
mass resulting,3.9898639947466563e-17
mass resulting in,3.9898639947466563e-17
will have,3.9898639947466563e-17
it is more,3.9898639947466563e-17
is actually,3.9898639947466563e-17
friction would,3.962758940434519e-17
goes faster on,3.924811864397526e-17
goes faster,3.924811864397526e-17
making it more,3.9193908535350985e-17
the same amount,3.90583832637903e-17
same amount,3.90583832637903e-17
same amount of,3.90583832637903e-17
that the child,3.903127820947816e-17
of their,3.903127820947816e-17
the child,3.903127820947816e-17
child would,3.903127820947816e-17
old child is,3.903127820947816e-17
will experience,3.903127820947816e-17
therefore the year,3.903127820947816e-17
child is weaker,3.903127820947816e-17
experience,3.903127820947816e-17
difficult,3.903127820947816e-17
more difficult,3.903127820947816e-17
thrown from,3.903127820947816e-17
sliding across,3.859759734048396e-17
so it,3.859759734048396e-17
case the,3.859759734048396e-17
misconception arises,3.859759734048396e-17
arises,3.859759734048396e-17
sliding,3.859759734048396e-17
typically could,3.843496701461113e-17
smooth or,3.843496701461113e-17
typically could be,3.843496701461113e-17
this question could,3.843496701461113e-17
ball in,3.843496701461113e-17
ball as the,3.843496701461113e-17
ball is actually,3.843496701461113e-17
smooth or as,3.843496701461113e-17
ball however it,3.843496701461113e-17
ball however,3.843496701461113e-17
or tennis,3.843496701461113e-17
that of tennis,3.843496701461113e-17
typically which,3.843496701461113e-17
as that of,3.843496701461113e-17
allie throws,3.843496701461113e-17
allie throws ball,3.843496701461113e-17
as the statement,3.843496701461113e-17
throws ball to,3.843496701461113e-17
as uniform,3.843496701461113e-17
throws ball,3.843496701461113e-17
as uniform as,3.843496701461113e-17
which could be,3.843496701461113e-17
the statement allie,3.843496701461113e-17
as that,3.843496701461113e-17
typically which could,3.843496701461113e-17
statement allie throws,3.843496701461113e-17
statement allie,3.843496701461113e-17
not be as,3.843496701461113e-17
to her friend,3.843496701461113e-17
uniform as that,3.843496701461113e-17
ball surface,3.843496701461113e-17
uniform as,3.843496701461113e-17
as smooth or,3.843496701461113e-17
as smooth,3.843496701461113e-17
surface may,3.843496701461113e-17
ball to her,3.843496701461113e-17
ball surface may,3.843496701461113e-17
be misconstrued,3.843496701461113e-17
that this question,3.843496701461113e-17
be as,3.843496701461113e-17
shorter than tennis,3.843496701461113e-17
shorter than,3.843496701461113e-17
be indicative,3.843496701461113e-17
be indicative of,3.843496701461113e-17
than tennis,3.843496701461113e-17
than tennis ball,3.843496701461113e-17
be misconstrued to,3.843496701461113e-17
tennis ball however,3.843496701461113e-17
be misleading,3.843496701461113e-17
be misleading as,3.843496701461113e-17
allie,3.843496701461113e-17
friend the ball,3.843496701461113e-17
than typically could,3.843496701461113e-17
than typically which,3.843496701461113e-17
friend the,3.843496701461113e-17
actually shorter than,3.843496701461113e-17
tennis ball in,3.843496701461113e-17
be as smooth,3.843496701461113e-17
tennis ball as,3.843496701461113e-17
to mean,3.843496701461113e-17
could be misleading,3.843496701461113e-17
could be misconstrued,3.843496701461113e-17
could be indicative,3.843496701461113e-17
surface may not,3.843496701461113e-17
actually shorter,3.843496701461113e-17
or tennis ball,3.843496701461113e-17
the ball is,3.843496701461113e-17
which could,3.843496701461113e-17
to mean the,3.843496701461113e-17
baseball or,3.843496701461113e-17
baseball or tennis,3.843496701461113e-17
the ball surface,3.843496701461113e-17
mass causes stronger,3.8272336688738307e-17
causes stronger gravitational,3.8272336688738307e-17
mass causes,3.8272336688738307e-17
in reality,3.8272336688738307e-17
greater mass causes,3.8272336688738307e-17
this misconception,3.8272336688738307e-17
reality,3.8272336688738307e-17
reality the,3.8272336688738307e-17
causes stronger,3.8272336688738307e-17
in reality the,3.8272336688738307e-17
has rougher surface,3.8163916471489756e-17
katie boat was,3.8163916471489756e-17
has rougher,3.8163916471489756e-17
kumquat will travel,3.8163916471489756e-17
environments,3.8163916471489756e-17
environments and,3.8163916471489756e-17
for her boat,3.8163916471489756e-17
environments and since,3.8163916471489756e-17
kumquat will,3.8163916471489756e-17
was forced,3.8163916471489756e-17
the environments and,3.8163916471489756e-17
resulting in less,3.8163916471489756e-17
sheet since,3.8163916471489756e-17
the kumquat will,3.8163916471489756e-17
boat was,3.8163916471489756e-17
means that,3.8163916471489756e-17
was forced to,3.8163916471489756e-17
shorter distance the,3.8163916471489756e-17
be easier for,3.8163916471489756e-17
room but,3.8163916471489756e-17
the environments,3.8163916471489756e-17
would be easier,3.8163916471489756e-17
boat was forced,3.8163916471489756e-17
since the creek,3.8163916471489756e-17
ocean it would,3.8163916471489756e-17
the ocean the,3.8163916471489756e-17
the ocean therefore,3.8163916471489756e-17
easier for her,3.8163916471489756e-17
by,3.7947076036992655e-17
to accelerate an,3.7730235602495554e-17
and friction allowing,3.7730235602495554e-17
and friction,3.7730235602495554e-17
the force required,3.7730235602495554e-17
while the blue,3.7730235602495554e-17
to accelerate and,3.7730235602495554e-17
faster compared to,3.7730235602495554e-17
blue truck is,3.7730235602495554e-17
required to accelerate,3.7730235602495554e-17
to the blue,3.7730235602495554e-17
resistance and friction,3.7730235602495554e-17
faster compared,3.7730235602495554e-17
force required,3.7730235602495554e-17
and speed up,3.7730235602495554e-17
towing heavier load,3.7730235602495554e-17
accelerate and speed,3.7730235602495554e-17
up faster compared,3.7730235602495554e-17
accelerate and,3.7730235602495554e-17
accelerate an object,3.7730235602495554e-17
accelerate an,3.7730235602495554e-17
towing heavier,3.7730235602495554e-17
causing the,3.7730235602495554e-17
object is directly,3.7730235602495554e-17
since the green,3.7730235602495554e-17
to pull while,3.7730235602495554e-17
force required to,3.7730235602495554e-17
factor,3.7621815385247004e-17
fridge,3.729655473350135e-17
shorter distance,3.729655473350135e-17
the fridge,3.729655473350135e-17
based,3.729655473350135e-17
based on,3.729655473350135e-17
each,3.729655473350135e-17
cloth this is,3.7025504190379976e-17
table cloth this,3.7025504190379976e-17
cloth this,3.7025504190379976e-17
between mary and,3.686287386450715e-17
will travel smaller,3.686287386450715e-17
between them,3.686287386450715e-17
friction means smoother,3.686287386450715e-17
friction means,3.686287386450715e-17
between mary,3.686287386450715e-17
between them therefore,3.686287386450715e-17
the ball shorter,3.686287386450715e-17
easier movement,3.686287386450715e-17
easier movement the,3.686287386450715e-17
than the distance,3.686287386450715e-17
associated with being,3.686287386450715e-17
easier for,3.686287386450715e-17
associated with,3.686287386450715e-17
ball shorter distance,3.686287386450715e-17
ball shorter,3.686287386450715e-17
smaller distance,3.686287386450715e-17
smaller distance on,3.686287386450715e-17
since less friction,3.686287386450715e-17
since less,3.686287386450715e-17
silk sheet since,3.686287386450715e-17
smoother easier,3.686287386450715e-17
smoother easier movement,3.686287386450715e-17
shorter distance compared,3.686287386450715e-17
sheet therefore the,3.686287386450715e-17
sheet since less,3.686287386450715e-17
weaker as result,3.686287386450715e-17
with being weaker,3.686287386450715e-17
being weaker as,3.686287386450715e-17
associated,3.686287386450715e-17
with being,3.686287386450715e-17
statement,3.686287386450715e-17
greater than the,3.686287386450715e-17
greater than,3.686287386450715e-17
as result mary,3.686287386450715e-17
travel smaller,3.686287386450715e-17
travel smaller distance,3.686287386450715e-17
strength required to,3.686287386450715e-17
result mary is,3.686287386450715e-17
result mary,3.686287386450715e-17
greater distance which,3.686287386450715e-17
being weaker,3.686287386450715e-17
strength required,3.686287386450715e-17
cotton sheet than,3.686287386450715e-17
them therefore,3.686287386450715e-17
and holly,3.686287386450715e-17
the opposite question,3.686287386450715e-17
the physical,3.686287386450715e-17
the physical strength,3.686287386450715e-17
the statement,3.686287386450715e-17
distance between them,3.686287386450715e-17
movement the kumquat,3.686287386450715e-17
movement the,3.686287386450715e-17
distance which,3.686287386450715e-17
distance which is,3.686287386450715e-17
distance between mary,3.686287386450715e-17
them therefore the,3.686287386450715e-17
therefore the distance,3.686287386450715e-17
to holly therefore,3.686287386450715e-17
case,3.686287386450715e-17
weaker as,3.686287386450715e-17
characteristic associated with,3.686287386450715e-17
characteristic associated,3.686287386450715e-17
characteristic,3.686287386450715e-17
and holly is,3.686287386450715e-17
which is characteristic,3.686287386450715e-17
he would,3.6808663755882876e-17
which is that,3.642919299551295e-17
being farther away,3.642919299551295e-17
being farther,3.642919299551295e-17
stronger gravitational,3.642919299551295e-17
thrown,3.642919299551295e-17
stronger gravitational pull,3.642919299551295e-17
and more,3.642919299551295e-17
they are,3.642919299551295e-17
only,3.642919299551295e-17
greater physical,3.599551212651875e-17
greater physical strength,3.599551212651875e-17
my,3.599551212651875e-17
dog farther down,3.599551212651875e-17
when tom,3.599551212651875e-17
tom,3.599551212651875e-17
less resistance to,3.5778671692021646e-17
closer to her,3.5697356529085233e-17
wet,3.561604136614882e-17
left was less,3.5561831257524545e-17
when bent,3.5561831257524545e-17
farthest,3.5561831257524545e-17
was less bright,3.5561831257524545e-17
surface therefore,3.5561831257524545e-17
surface therefore the,3.5561831257524545e-17
covers,3.5561831257524545e-17
surfboard is,3.5561831257524545e-17
footballs,3.5453411040275995e-17
event,3.5453411040275995e-17
throwing footballs,3.5453411040275995e-17
wood floor has,3.5344990823027445e-17
floor than on,3.516880796999855e-17
gym floor than,3.516880796999855e-17
floor than,3.516880796999855e-17
the ball goes,3.516880796999855e-17
ball goes faster,3.516880796999855e-17
ball goes,3.516880796999855e-17
on the concrete,3.516880796999855e-17
the basement indicating,3.5128150388530344e-17
has very small,3.5128150388530344e-17
basement indicating,3.5128150388530344e-17
in the basement,3.5128150388530344e-17
mercury has very,3.5128150388530344e-17
basement indicating that,3.5128150388530344e-17
has very,3.5128150388530344e-17
states that it,3.5128150388530344e-17
be counterintuitive,3.469446951953614e-17
for option,3.469446951953614e-17
moved,3.469446951953614e-17
pet food to,3.469446951953614e-17
were incorrect,3.469446951953614e-17
strength and is,3.469446951953614e-17
were incorrect it,3.469446951953614e-17
that holly has,3.469446951953614e-17
the information provided,3.469446951953614e-17
answer the rationale,3.469446951953614e-17
food to,3.469446951953614e-17
to the information,3.469446951953614e-17
be counterintuitive to,3.469446951953614e-17
for option is,3.469446951953614e-17
than mary therefore,3.469446951953614e-17
counterintuitive to the,3.469446951953614e-17
distance in the,3.469446951953614e-17
rationale for option,3.469446951953614e-17
counterintuitive to,3.469446951953614e-17
for the opposite,3.469446951953614e-17
in the same,3.469446951953614e-17
suggests that,3.469446951953614e-17
correct answer the,3.469446951953614e-17
than mary making,3.469446951953614e-17
suggests,3.469446951953614e-17
correct answer if,3.469446951953614e-17
as holly which,3.469446951953614e-17
therefore more likely,3.469446951953614e-17
would be counterintuitive,3.469446951953614e-17
answer if option,3.469446951953614e-17
more friction between,3.469446951953614e-17
the bike,3.469446951953614e-17
and is therefore,3.469446951953614e-17
answer if,3.469446951953614e-17
which would slow,3.4531839193663316e-17
did at,3.4314998759166215e-17
the bare,3.4314998759166215e-17
the bare plastic,3.4314998759166215e-17
over the table,3.4314998759166215e-17
bare plastic table,3.4314998759166215e-17
bare plastic,3.4314998759166215e-17
bare,3.4314998759166215e-17
at the bare,3.4314998759166215e-17
plastic table indicating,3.4314998759166215e-17
fast over,3.4314998759166215e-17
than it did,3.4314998759166215e-17
than it,3.4314998759166215e-17
table cloth than,3.4314998759166215e-17
as fast over,3.4314998759166215e-17
cloth than it,3.4314998759166215e-17
it did,3.4314998759166215e-17
it did at,3.4314998759166215e-17
did at the,3.4314998759166215e-17
cloth than,3.4314998759166215e-17
fast over the,3.4314998759166215e-17
would sound,3.4098158324669114e-17
dog was next,3.4098158324669114e-17
person would sound,3.4098158324669114e-17
would sound quieter,3.4098158324669114e-17
therefore the dog,3.4098158324669114e-17
new technology that,3.404394821604484e-17
stronger gravitynanotechnology allows,3.404394821604484e-17
nanotechnology,3.404394821604484e-17
nanotechnology is,3.404394821604484e-17
technology that allows,3.404394821604484e-17
nanotechnology is new,3.404394821604484e-17
technology that,3.404394821604484e-17
technology,3.404394821604484e-17
new technology,3.404394821604484e-17
which has stronger,3.404394821604484e-17
stronger gravitynanotechnology,3.404394821604484e-17
that allows,3.404394821604484e-17
gravitynanotechnology,3.404394821604484e-17
gravitynanotechnology allows for,3.404394821604484e-17
that allows for,3.404394821604484e-17
gravitynanotechnology allows,3.404394821604484e-17
intense,3.382710778154774e-17
adult,3.367802998283098e-17
though they are,3.3393426912553537e-17
though they,3.3393426912553537e-17
though,3.3393426912553537e-17
street where,3.3393426912553537e-17
greater gravitational,3.3393426912553537e-17
greater gravitational pull,3.3393426912553537e-17
even though they,3.3393426912553537e-17
even though,3.3393426912553537e-17
even,3.3393426912553537e-17
skates quickly this,3.2959746043559335e-17
was able to,3.2959746043559335e-17
through therefore the,3.2959746043559335e-17
smooth surface of,3.2959746043559335e-17
able to skates,3.2959746043559335e-17
flower garden indicating,3.2959746043559335e-17
garden indicating that,3.2959746043559335e-17
garden indicating,3.2959746043559335e-17
where she was,3.2959746043559335e-17
was able,3.2959746043559335e-17
to skates quickly,3.2959746043559335e-17
she was,3.2959746043559335e-17
of the paved,3.2959746043559335e-17
harder for meredith,3.2959746043559335e-17
the basement,3.2959746043559335e-17
because the smooth,3.2959746043559335e-17
to skates,3.2959746043559335e-17
more muscle,3.2959746043559335e-17
she was able,3.2959746043559335e-17
that meredith can,3.2959746043559335e-17
more muscle mass,3.2959746043559335e-17
smooth surface,3.2959746043559335e-17
street allows,3.2959746043559335e-17
street allows for,3.2959746043559335e-17
slowly through the,3.2959746043559335e-17
move through therefore,3.2959746043559335e-17
the sun room,3.2959746043559335e-17
very slowly through,3.2959746043559335e-17
the smooth surface,3.2959746043559335e-17
skates quickly,3.2959746043559335e-17
skates,3.2959746043559335e-17
allowing meredith,3.2959746043559335e-17
it easier,3.2959746043559335e-17
slowly through,3.2959746043559335e-17
allowing meredith to,3.2959746043559335e-17
resistance allowing meredith,3.2959746043559335e-17
contrast the flower,3.2959746043559335e-17
sun room,3.2959746043559335e-17
basement,3.2959746043559335e-17
through therefore,3.2959746043559335e-17
street where she,3.2959746043559335e-17
paved street allows,3.2959746043559335e-17
this is an,3.252606517456513e-17
is an,3.252606517456513e-17
time skating through,3.252606517456513e-17
hard time skating,3.252606517456513e-17
time skating,3.252606517456513e-17
hard time,3.252606517456513e-17
the relationship,3.252606517456513e-17
chandelier,3.252606517456513e-17
the relationship between,3.252606517456513e-17
has hard time,3.252606517456513e-17
the chandelier,3.252606517456513e-17
has hard,3.252606517456513e-17
path compared,3.252606517456513e-17
skating through,3.252606517456513e-17
skating,3.252606517456513e-17
is closer,3.241764495731658e-17
is closer to,3.241764495731658e-17
very slow,3.2390539903004445e-17
the sand and,3.2390539903004445e-17
the racetrack suggesting,3.2390539903004445e-17
the racetrack has,3.2390539903004445e-17
very slow on,3.2390539903004445e-17
racetrack suggesting that,3.2390539903004445e-17
and very quickly,3.2390539903004445e-17
very quickly on,3.2390539903004445e-17
very quickly,3.2390539903004445e-17
racetrack suggesting,3.2390539903004445e-17
and very,3.2390539903004445e-17
racetrack has less,3.2390539903004445e-17
racetrack has,3.2390539903004445e-17
quickly on the,3.2390539903004445e-17
quickly on,3.2390539903004445e-17
that the racetrack,3.2390539903004445e-17
the motorcycle is,3.2390539903004445e-17
than the sand,3.2390539903004445e-17
sand and,3.2390539903004445e-17
sand and very,3.2390539903004445e-17
slow on,3.2390539903004445e-17
slow on the,3.2390539903004445e-17
more resistance in,3.230922474006803e-17
resistance than the,3.209238430557093e-17
has greater,3.209238430557093e-17
more friction compared,3.209238430557093e-17
it must,3.209238430557093e-17
smaller,3.209238430557093e-17
old,3.209238430557093e-17
be louder,3.176712365382528e-17
would be louder,3.176712365382528e-17
to cover,3.165870343657673e-17
table which,3.165870343657673e-17
to cover greater,3.165870343657673e-17
therefore the shiny,3.144186300207963e-17
since the ball,3.122502256758253e-17
stagecoach making,3.122502256758253e-17
to reach its,3.122502256758253e-17
for it,3.122502256758253e-17
to reach speed,3.122502256758253e-17
factor that slows,3.122502256758253e-17
which means the,3.122502256758253e-17
top speed which,3.122502256758253e-17
the horses,3.122502256758253e-17
easier to hear,3.122502256758253e-17
therefore the weight,3.122502256758253e-17
the horses have,3.122502256758253e-17
weighs less therefore,3.122502256758253e-17
factor that,3.122502256758253e-17
mona is,3.122502256758253e-17
stagecoach weighs more,3.122502256758253e-17
stagecoach making it,3.122502256758253e-17
that mona,3.122502256758253e-17
down the stagecoach,3.122502256758253e-17
passengers is,3.122502256758253e-17
of the passengers,3.122502256758253e-17
less therefore the,3.122502256758253e-17
for it to,3.122502256758253e-17
therefore the horses,3.122502256758253e-17
the passengers is,3.122502256758253e-17
no passengers therefore,3.122502256758253e-17
passengers therefore,3.122502256758253e-17
that mona is,3.122502256758253e-17
answer is which,3.122502256758253e-17
weight of,3.122502256758253e-17
speed which means,3.122502256758253e-17
that slows down,3.122502256758253e-17
that slows,3.122502256758253e-17
difficult for it,3.122502256758253e-17
passengers therefore the,3.122502256758253e-17
to reach their,3.122502256758253e-17
reach its,3.122502256758253e-17
their top,3.122502256758253e-17
means the stagecoach,3.122502256758253e-17
the stagecoach making,3.122502256758253e-17
means the,3.122502256758253e-17
weight of the,3.122502256758253e-17
reach its top,3.122502256758253e-17
reach speed,3.122502256758253e-17
reach speed after,3.122502256758253e-17
its top,3.122502256758253e-17
this increased,3.122502256758253e-17
reach their,3.122502256758253e-17
the weight of,3.122502256758253e-17
reach their top,3.122502256758253e-17
their top speed,3.122502256758253e-17
its top speed,3.122502256758253e-17
that todd will,3.085910433436867e-17
much larger on,3.085910433436867e-17
earth is much,3.085910433436867e-17
as the mass,3.085910433436867e-17
earth is,3.085910433436867e-17
very small,3.0791341698588326e-17
to move therefore,3.0791341698588326e-17
sidewalk causing,3.0791341698588326e-17
move therefore,3.0791341698588326e-17
therefore the muddy,3.0791341698588326e-17
muddy path has,3.0791341698588326e-17
sidewalk causing the,3.0791341698588326e-17
small fraction of,3.0791341698588326e-17
the sidewalk causing,3.0791341698588326e-17
resistance this,3.0791341698588326e-17
very small fraction,3.0791341698588326e-17
move therefore the,3.0791341698588326e-17
resistance this is,3.0791341698588326e-17
small fraction,3.0791341698588326e-17
small,3.0791341698588326e-17
goes,3.0682921481339775e-17
was easier to,3.0574501264091225e-17
was easier,3.0574501264091225e-17
stagecoach is,3.0466081046842675e-17
and increase the,3.0466081046842675e-17
now carrying more,3.0466081046842675e-17
now carrying,3.0466081046842675e-17
stagecoach is now,3.0466081046842675e-17
them down and,3.0466081046842675e-17
where the lighter,3.0466081046842675e-17
the passengers which,3.0466081046842675e-17
weighs less this,3.0466081046842675e-17
that it weighs,3.0466081046842675e-17
acceleration where the,3.0466081046842675e-17
no passengers weighs,3.0466081046842675e-17
contrast the stagecoach,3.0466081046842675e-17
more weight,3.0466081046842675e-17
and acceleration,3.0466081046842675e-17
and acceleration where,3.0466081046842675e-17
would slow them,3.0466081046842675e-17
stagecoach overall,3.0466081046842675e-17
stagecoach overall weight,3.0466081046842675e-17
weighs less suggesting,3.0466081046842675e-17
the inverse relationship,3.0466081046842675e-17
carrying more weight,3.0466081046842675e-17
weight this increased,3.0466081046842675e-17
stagecoach with,3.0466081046842675e-17
stagecoach with no,3.0466081046842675e-17
the lighter,3.0466081046842675e-17
the lighter stagecoach,3.0466081046842675e-17
and increase,3.0466081046842675e-17
now,3.0466081046842675e-17
them down,3.0466081046842675e-17
the stagecoach overall,3.0466081046842675e-17
friction caused,3.0466081046842675e-17
with no,3.0466081046842675e-17
friction caused by,3.0466081046842675e-17
weight is,3.0466081046842675e-17
the stagecoach with,3.0466081046842675e-17
by the passengers,3.0466081046842675e-17
slow them down,3.0466081046842675e-17
carrying more,3.0466081046842675e-17
weight in,3.0466081046842675e-17
this increased weight,3.0466081046842675e-17
acceleration where,3.0466081046842675e-17
weight in contrast,3.0466081046842675e-17
the stagecoach is,3.0466081046842675e-17
with no passengers,3.0466081046842675e-17
carrying,3.0466081046842675e-17
down and increase,3.0466081046842675e-17
slow them,3.0466081046842675e-17
weight this,3.0466081046842675e-17
weight is likely,3.0466081046842675e-17
clear,3.0357660829594124e-17
which substance,3.0357660829594124e-17
falling,3.0357660829594124e-17
very strong,3.0357660829594124e-17
clear air,3.0357660829594124e-17
falling brick,3.0357660829594124e-17
substance,3.0357660829594124e-17
question could be,3.0140820395097023e-17
it was easier,3.0140820395097023e-17
question could,3.0140820395097023e-17
harder to,3.0140820395097023e-17
and time,2.992397996059992e-17
skateboard made him,2.9896874906287785e-17
the other indicating,2.9896874906287785e-17
skateboard made,2.9896874906287785e-17
the skateboard made,2.9896874906287785e-17
travel the greater,2.9896874906287785e-17
the greater distance,2.9896874906287785e-17
the greater,2.9896874906287785e-17
greater distance compared,2.9896874906287785e-17
to the rollerblades,2.9896874906287785e-17
but found it,2.9761349634727097e-17
room but found,2.9761349634727097e-17
sun room compared,2.9761349634727097e-17
sun room but,2.9761349634727097e-17
room compared,2.9761349634727097e-17
but found,2.9761349634727097e-17
room compared to,2.9761349634727097e-17
tried to skate,2.9761349634727097e-17
tried to,2.9761349634727097e-17
tried,2.9761349634727097e-17
that mica tried,2.9761349634727097e-17
resistance making it,2.9544509200229996e-17
more likely that,2.949029909160572e-17
be used to,2.949029909160572e-17
as flexible as,2.949029909160572e-17
surfboard is as,2.949029909160572e-17
as flexible,2.949029909160572e-17
contrast,2.949029909160572e-17
is as flexible,2.949029909160572e-17
move through,2.949029909160572e-17
athletic,2.949029909160572e-17
used to determine,2.949029909160572e-17
floor has less,2.949029909160572e-17
the one,2.949029909160572e-17
used to,2.949029909160572e-17
not be used,2.949029909160572e-17
flexible as,2.949029909160572e-17
flexible as cardboard,2.949029909160572e-17
that bryan notices,2.9327668765732895e-17
notices,2.9327668765732895e-17
court has more,2.9327668765732895e-17
notices that,2.9327668765732895e-17
that the concrete,2.9327668765732895e-17
court has,2.9327668765732895e-17
basketball court has,2.9327668765732895e-17
notices that the,2.9327668765732895e-17
bryan notices that,2.9327668765732895e-17
states that bryan,2.9327668765732895e-17
bryan notices,2.9327668765732895e-17
that bryan,2.9327668765732895e-17
masses since,2.927345865710862e-17
fast,2.927345865710862e-17
two objects is,2.927345865710862e-17
their masses since,2.927345865710862e-17
objects is,2.927345865710862e-17
to the product,2.927345865710862e-17
as fast,2.927345865710862e-17
proportional to the,2.927345865710862e-17
product of their,2.927345865710862e-17
of their masses,2.927345865710862e-17
objects is directly,2.927345865710862e-17
weaker gravitational,2.927345865710862e-17
the product,2.927345865710862e-17
the product of,2.927345865710862e-17
affect the,2.905661822261152e-17
due to its,2.873135757086587e-17
less friction on,2.862293735361732e-17
stronger than,2.862293735361732e-17
more resistance than,2.862293735361732e-17
indicating that it,2.862293735361732e-17
caused,2.862293735361732e-17
frying pan,2.8514517136368767e-17
frying,2.8514517136368767e-17
pan,2.8514517136368767e-17
the frying,2.8514517136368767e-17
the frying pan,2.8514517136368767e-17
is more difficult,2.835188681049594e-17
allow,2.8189256484623115e-17
therefore the opposite,2.8189256484623115e-17
throw it,2.7972416050126014e-17
as not so,2.7972416050126014e-17
strength is factor,2.7972416050126014e-17
contrast the bearded,2.7972416050126014e-17
strength is,2.7972416050126014e-17
as not,2.7972416050126014e-17
bearded lady which,2.7972416050126014e-17
bearded lady being,2.7972416050126014e-17
distance he is,2.7972416050126014e-17
throwing weight and,2.7972416050126014e-17
throw it farthest,2.7972416050126014e-17
farthest in contrast,2.7972416050126014e-17
bearded lady as,2.7972416050126014e-17
throwing weight,2.7972416050126014e-17
strong indicating that,2.7972416050126014e-17
lighter object,2.7972416050126014e-17
so strong indicating,2.7972416050126014e-17
to throw it,2.7972416050126014e-17
since the strongman,2.7972416050126014e-17
strong indicating,2.7972416050126014e-17
farthest in,2.7972416050126014e-17
stronger and,2.7972416050126014e-17
stronger and more,2.7972416050126014e-17
weight and since,2.7972416050126014e-17
and more likely,2.7972416050126014e-17
that physical strength,2.7972416050126014e-17
that physical,2.7972416050126014e-17
that lighter object,2.7972416050126014e-17
that lighter,2.7972416050126014e-17
principle that lighter,2.7972416050126014e-17
the strongman has,2.7972416050126014e-17
factor in throwing,2.7972416050126014e-17
further distance he,2.7972416050126014e-17
factor in,2.7972416050126014e-17
further distance this,2.7972416050126014e-17
distance he,2.7972416050126014e-17
being less strong,2.7972416050126014e-17
being less,2.7972416050126014e-17
strongman has greater,2.7972416050126014e-17
strongman has,2.7972416050126014e-17
instead,2.7863995832877464e-17
each method,2.7755575615628914e-17
each method will,2.7755575615628914e-17
rationale is,2.7755575615628914e-17
exertion during,2.7755575615628914e-17
of sweat,2.7755575615628914e-17
therefore option is,2.7755575615628914e-17
therefore option,2.7755575615628914e-17
the rationale is,2.7755575615628914e-17
amount of sweat,2.7755575615628914e-17
rationale is that,2.7755575615628914e-17
exertion during the,2.7755575615628914e-17
physical exertion during,2.7755575615628914e-17
option is the,2.7755575615628914e-17
during,2.7755575615628914e-17
during the,2.7755575615628914e-17
method will,2.7755575615628914e-17
likely because the,2.7755575615628914e-17
is likely because,2.7755575615628914e-17
likely because,2.7755575615628914e-17
the question should,2.7647155398380363e-17
question should,2.7647155398380363e-17
top speed when,2.7620050344068225e-17
across the dresser,2.7620050344068225e-17
that the dresser,2.7620050344068225e-17
speed when,2.7620050344068225e-17
sliding across the,2.7620050344068225e-17
speed when sliding,2.7620050344068225e-17
vacuum to,2.7538735181131813e-17
for the vacuum,2.7538735181131813e-17
the vacuum to,2.7538735181131813e-17
than the rollerblades,2.7321894746634712e-17
the smoother,2.7321894746634712e-17
riding,2.7321894746634712e-17
as it,2.710505431213761e-17
pounds less than,2.699663409488906e-17
weighs about,2.699663409488906e-17
jake has,2.699663409488906e-17
weighs about 30,2.699663409488906e-17
terry weighs about,2.699663409488906e-17
pounds,2.699663409488906e-17
muscle mass and,2.699663409488906e-17
30 pounds,2.699663409488906e-17
throws farther,2.699663409488906e-17
pounds less,2.699663409488906e-17
30,2.699663409488906e-17
30 pounds less,2.699663409488906e-17
about 30,2.699663409488906e-17
about 30 pounds,2.699663409488906e-17
more force,2.688821387764051e-17
bunny the answer,2.688821387764051e-17
black bunny therefore,2.688821387764051e-17
at slower,2.688821387764051e-17
when there,2.688821387764051e-17
able to cover,2.688821387764051e-17
at slower pace,2.688821387764051e-17
than the black,2.688821387764051e-17
bunny making it,2.688821387764051e-17
bunny making,2.688821387764051e-17
bunny is moving,2.688821387764051e-17
bunny is just,2.688821387764051e-17
white bunny is,2.688821387764051e-17
white bunny making,2.688821387764051e-17
bunny the white,2.688821387764051e-17
bunny which,2.688821387764051e-17
bunny is able,2.688821387764051e-17
bunny which means,2.688821387764051e-17
slower pace than,2.688821387764051e-17
slower pace,2.688821387764051e-17
at faster pace,2.688821387764051e-17
at faster,2.688821387764051e-17
moving at slower,2.688821387764051e-17
moving at faster,2.688821387764051e-17
actually,2.688821387764051e-17
time this implies,2.688821387764051e-17
faster pace than,2.688821387764051e-17
faster pace,2.688821387764051e-17
faster bunny therefore,2.688821387764051e-17
mary is likely,2.688821387764051e-17
bunny is faster,2.688821387764051e-17
in this,2.688821387764051e-17
to holly,2.688821387764051e-17
is faster,2.688821387764051e-17
compared to holly,2.688821387764051e-17
white bunny which,2.688821387764051e-17
toy shorter,2.677979366039196e-17
toy shorter distance,2.677979366039196e-17
the toy shorter,2.677979366039196e-17
the context,2.667137344314341e-17
that holly can,2.6454533008646308e-17
be slower,2.6454533008646308e-17
holly can,2.6454533008646308e-17
holly can throw,2.6454533008646308e-17
is stronger than,2.6454533008646308e-17
rationale for,2.6020852139652106e-17
their speed,2.6020852139652106e-17
better method of,2.6020852139652106e-17
therefore the pen,2.6020852139652106e-17
rollerblades were,2.6020852139652106e-17
reached the end,2.6020852139652106e-17
rollerblades were stopped,2.6020852139652106e-17
better method,2.6020852139652106e-17
such as the,2.6020852139652106e-17
for her,2.6020852139652106e-17
time the,2.6020852139652106e-17
better,2.6020852139652106e-17
end,2.6020852139652106e-17
for longer time,2.6020852139652106e-17
it sound,2.6020852139652106e-17
the rollerblades since,2.6020852139652106e-17
travel for longer,2.6020852139652106e-17
it sound quieter,2.6020852139652106e-17
their speed therefore,2.6020852139652106e-17
time this means,2.6020852139652106e-17
the rollerblades were,2.6020852139652106e-17
end of their,2.6020852139652106e-17
end of,2.6020852139652106e-17
as it allowed,2.6020852139652106e-17
moved to smoother,2.6020852139652106e-17
john therefore,2.6020852139652106e-17
and more startling,2.6020852139652106e-17
since the rollerblades,2.6020852139652106e-17
startling to the,2.6020852139652106e-17
startling to,2.6020852139652106e-17
startling,2.6020852139652106e-17
surface such as,2.6020852139652106e-17
the better method,2.6020852139652106e-17
the better,2.6020852139652106e-17
surface such,2.6020852139652106e-17
more startling,2.6020852139652106e-17
skateboard allowed,2.6020852139652106e-17
skateboard allowed him,2.6020852139652106e-17
skateboard and rollerblades,2.6020852139652106e-17
more startling to,2.6020852139652106e-17
rollerblades since the,2.6020852139652106e-17
the bearded lady,2.6020852139652106e-17
the rationale for,2.6020852139652106e-17
were stopped once,2.6020852139652106e-17
the bearded,2.6020852139652106e-17
and rollerblades,2.6020852139652106e-17
and rollerblades for,2.6020852139652106e-17
were stopped,2.6020852139652106e-17
is common,2.6020852139652106e-17
moved to,2.6020852139652106e-17
rollerblades for,2.6020852139652106e-17
rollerblades for the,2.6020852139652106e-17
rollerblades since,2.6020852139652106e-17
time does,2.6020852139652106e-17
fact that mike,2.6020852139652106e-17
to smoother,2.6020852139652106e-17
the end,2.6020852139652106e-17
smoother surface such,2.6020852139652106e-17
be moved,2.6020852139652106e-17
stopped once mike,2.6020852139652106e-17
the pen must,2.6020852139652106e-17
allowed mike to,2.6020852139652106e-17
the end of,2.6020852139652106e-17
for the same,2.6020852139652106e-17
person therefore the,2.6020852139652106e-17
to travel greater,2.6020852139652106e-17
louder and more,2.6020852139652106e-17
the skateboard allowed,2.6020852139652106e-17
person therefore,2.6020852139652106e-17
person making it,2.6020852139652106e-17
person making,2.6020852139652106e-17
pen must be,2.6020852139652106e-17
pen must,2.6020852139652106e-17
be louder and,2.6020852139652106e-17
time the fact,2.6020852139652106e-17
to travel for,2.6020852139652106e-17
making it sound,2.6020852139652106e-17
be moved to,2.6020852139652106e-17
louder and,2.6020852139652106e-17
the person therefore,2.6020852139652106e-17
travel for,2.6020852139652106e-17
travel as it,2.6020852139652106e-17
travel as,2.6020852139652106e-17
allowed him,2.6020852139652106e-17
allowed him to,2.6020852139652106e-17
as the plastic,2.6020852139652106e-17
must be moved,2.6020852139652106e-17
time does not,2.6020852139652106e-17
allowed mike,2.6020852139652106e-17
than john therefore,2.6020852139652106e-17
force of,2.6020852139652106e-17
the person making,2.6020852139652106e-17
to smoother surface,2.6020852139652106e-17
went faster over,2.5587171270657905e-17
gun shot from,2.5587171270657905e-17
would be harder,2.5587171270657905e-17
went faster,2.5587171270657905e-17
gun to,2.5587171270657905e-17
to have more,2.5587171270657905e-17
gun to the,2.5587171270657905e-17
went,2.5587171270657905e-17
the question actually,2.5587171270657905e-17
be harder,2.5587171270657905e-17
the pen did,2.5587171270657905e-17
the pen to,2.5587171270657905e-17
faster over the,2.5587171270657905e-17
should have been,2.5587171270657905e-17
faster over,2.5587171270657905e-17
mercury as,2.5587171270657905e-17
harder to hear,2.5587171270657905e-17
did go as,2.5587171270657905e-17
rougher and slows,2.5587171270657905e-17
the pen went,2.5587171270657905e-17
rougher and,2.5587171270657905e-17
did go,2.5587171270657905e-17
shot from the,2.5587171270657905e-17
shot from,2.5587171270657905e-17
shot and therefore,2.5587171270657905e-17
shot and,2.5587171270657905e-17
be harder to,2.5587171270657905e-17
misconception but,2.5587171270657905e-17
misconception but the,2.5587171270657905e-17
the pen more,2.5587171270657905e-17
gun shot,2.5587171270657905e-17
is common misconception,2.5587171270657905e-17
been phrased,2.5587171270657905e-17
easily the question,2.5587171270657905e-17
but the truth,2.5587171270657905e-17
truth,2.5587171270657905e-17
truth is,2.5587171270657905e-17
truth is that,2.5587171270657905e-17
west which,2.5587171270657905e-17
west which suggests,2.5587171270657905e-17
differently,2.5587171270657905e-17
been phrased differently,2.5587171270657905e-17
the truth is,2.5587171270657905e-17
the truth,2.5587171270657905e-17
differently explaining,2.5587171270657905e-17
easily the,2.5587171270657905e-17
the gun to,2.5587171270657905e-17
that the person,2.5587171270657905e-17
differently explaining that,2.5587171270657905e-17
smoother and allows,2.5587171270657905e-17
common misconception but,2.5587171270657905e-17
the shot and,2.5587171270657905e-17
than the table,2.5587171270657905e-17
the shot,2.5587171270657905e-17
than the west,2.5587171270657905e-17
north than,2.5587171270657905e-17
north than the,2.5587171270657905e-17
and therefore the,2.5587171270657905e-17
the west which,2.5587171270657905e-17
and slows down,2.5587171270657905e-17
floor which,2.5587171270657905e-17
table which is,2.5587171270657905e-17
allows the pen,2.5587171270657905e-17
and slows,2.5587171270657905e-17
table is rougher,2.5587171270657905e-17
table is smoother,2.5587171270657905e-17
down the pen,2.5587171270657905e-17
and allows the,2.5587171270657905e-17
there was more,2.5587171270657905e-17
and allows,2.5587171270657905e-17
the gun shot,2.5587171270657905e-17
being closer,2.5587171270657905e-17
west being closer,2.5587171270657905e-17
west being farther,2.5587171270657905e-17
the north than,2.5587171270657905e-17
street lights,2.5153490401663703e-17
bunny since,2.5153490401663703e-17
bunny moves more,2.5153490401663703e-17
same for,2.5153490401663703e-17
same for both,2.5153490401663703e-17
bunny moves,2.5153490401663703e-17
bunnies the,2.5153490401663703e-17
the bunny,2.5153490401663703e-17
the bunny that,2.5153490401663703e-17
both bunnies,2.5153490401663703e-17
bunnies the bunny,2.5153490401663703e-17
two street,2.5153490401663703e-17
bunny since distance,2.5153490401663703e-17
bunny endoftext,2.5153490401663703e-17
distance is product,2.5153490401663703e-17
two street lights,2.5153490401663703e-17
quickly will cover,2.5153490401663703e-17
bunny that,2.5153490401663703e-17
both bunnies the,2.5153490401663703e-17
of light,2.5153490401663703e-17
offers less resistance,2.5153490401663703e-17
the white one,2.5153490401663703e-17
that moves,2.5153490401663703e-17
that moves more,2.5153490401663703e-17
for both bunnies,2.5153490401663703e-17
will cover greater,2.5153490401663703e-17
for both,2.5153490401663703e-17
distance each,2.5153490401663703e-17
rug which,2.5153490401663703e-17
of light decreases,2.5153490401663703e-17
rug which suggests,2.5153490401663703e-17
the same for,2.5153490401663703e-17
and time and,2.5153490401663703e-17
and the speed,2.5153490401663703e-17
black bunny moves,2.5153490401663703e-17
bunnies,2.5153490401663703e-17
bunny that moves,2.5153490401663703e-17
quickly will,2.5153490401663703e-17
the two street,2.5153490401663703e-17
the speed is,2.5153490401663703e-17
speed and time,2.5153490401663703e-17
the intensity of,2.5153490401663703e-17
white one indicating,2.5153490401663703e-17
is the same,2.5153490401663703e-17
white bunny since,2.5153490401663703e-17
this is common,2.5153490401663703e-17
white one,2.5153490401663703e-17
lights,2.5153490401663703e-17
intensity of light,2.5153490401663703e-17
intensity of,2.5153490401663703e-17
time and the,2.5153490401663703e-17
speed is the,2.5153490401663703e-17
white bunny endoftext,2.5153490401663703e-17
with less,2.5153490401663703e-17
light decreases,2.5153490401663703e-17
the intensity,2.5153490401663703e-17
further than the,2.4936649967166602e-17
bunny goes,2.4936649967166602e-17
bunny goes further,2.4936649967166602e-17
goes further,2.4936649967166602e-17
goes further than,2.4936649967166602e-17
this case,2.4936649967166602e-17
this case the,2.4936649967166602e-17
black bunny goes,2.4936649967166602e-17
in this case,2.4936649967166602e-17
encounters more,2.47198095326695e-17
encounters,2.47198095326695e-17
as its,2.47198095326695e-17
encounters more resistance,2.47198095326695e-17
would not,2.47198095326695e-17
rationale for this,2.4652046896889157e-17
vacuum to roll,2.45029690981724e-17
dresser surface the,2.45029690981724e-17
surface offers,2.45029690981724e-17
to the motion,2.45029690981724e-17
wood floor which,2.45029690981724e-17
reach lower top,2.45029690981724e-17
dresser surface offers,2.45029690981724e-17
reach lower,2.45029690981724e-17
the motion,2.45029690981724e-17
therefore the pants,2.45029690981724e-17
and the table,2.45029690981724e-17
the motion of,2.45029690981724e-17
and the dresser,2.45029690981724e-17
experience less friction,2.45029690981724e-17
surface offers less,2.45029690981724e-17
friction and can,2.45029690981724e-17
dresser surface which,2.45029690981724e-17
to roll therefore,2.45029690981724e-17
surface the,2.45029690981724e-17
surface the question,2.45029690981724e-17
down the pants,2.45029690981724e-17
to reach lower,2.45029690981724e-17
surface which means,2.45029690981724e-17
surface which would,2.45029690981724e-17
can reach higher,2.45029690981724e-17
can reach,2.45029690981724e-17
cause them to,2.45029690981724e-17
roll therefore,2.45029690981724e-17
roll therefore the,2.45029690981724e-17
and cause them,2.45029690981724e-17
the pants compared,2.45029690981724e-17
will experience less,2.45029690981724e-17
cause them,2.45029690981724e-17
them to reach,2.45029690981724e-17
therefore the dresser,2.45029690981724e-17
table surface which,2.45029690981724e-17
table surface therefore,2.45029690981724e-17
floor which suggests,2.45029690981724e-17
and can reach,2.45029690981724e-17
them to,2.45029690981724e-17
which implies,2.42861286636753e-17
throw the football,2.42861286636753e-17
football therefore it,2.42861286636753e-17
more force to,2.42861286636753e-17
football therefore,2.42861286636753e-17
affects the,2.42861286636753e-17
which implies that,2.42861286636753e-17
throw with,2.42861286636753e-17
muscle mass affects,2.42861286636753e-17
affects,2.42861286636753e-17
affects the force,2.42861286636753e-17
additionally muscle,2.42861286636753e-17
gravity is stronger,2.42861286636753e-17
decreases,2.42861286636753e-17
for him,2.42861286636753e-17
requiring,2.42861286636753e-17
for him to,2.42861286636753e-17
the football therefore,2.42861286636753e-17
requiring more,2.42861286636753e-17
additionally muscle mass,2.42861286636753e-17
with heavier,2.42861286636753e-17
with heavier individuals,2.42861286636753e-17
requiring more force,2.42861286636753e-17
throw with heavier,2.42861286636753e-17
than jake which,2.42861286636753e-17
force to throw,2.42861286636753e-17
the throw with,2.42861286636753e-17
determine the,2.42861286636753e-17
the throws however,2.42861286636753e-17
the throws so,2.42861286636753e-17
make it more,2.42861286636753e-17
the throw,2.42861286636753e-17
force to,2.42861286636753e-17
to throw as,2.42861286636753e-17
which would make,2.42861286636753e-17
determine the distance,2.42861286636753e-17
force of the,2.42861286636753e-17
that of the,2.42861286636753e-17
would make,2.42861286636753e-17
high,2.42861286636753e-17
of the earth,2.42861286636753e-17
difficult for him,2.42861286636753e-17
high resistance,2.42861286636753e-17
throws so this,2.42861286636753e-17
to determine the,2.42861286636753e-17
throws so,2.42861286636753e-17
would make it,2.42861286636753e-17
throws however,2.42861286636753e-17
friction slows down,2.4069288229178198e-17
takes,2.4069288229178198e-17
daughter,2.4069288229178198e-17
college,2.4069288229178198e-17
should have,2.4069288229178198e-17
floor therefore the,2.4069288229178198e-17
floor therefore,2.4069288229178198e-17
floor it must,2.4069288229178198e-17
court this,2.4069288229178198e-17
basketball court this,2.4069288229178198e-17
the ball slows,2.4069288229178198e-17
of objects,2.4069288229178198e-17
basketball court bryan,2.4069288229178198e-17
bryan takes his,2.4069288229178198e-17
bryan takes,2.4069288229178198e-17
objects and,2.4069288229178198e-17
objects and since,2.4069288229178198e-17
gym floor therefore,2.4069288229178198e-17
gym floor it,2.4069288229178198e-17
daughter to,2.4069288229178198e-17
daughter to the,2.4069288229178198e-17
movement of objects,2.4069288229178198e-17
the pen is,2.4069288229178198e-17
must have less,2.4069288229178198e-17
court bryan takes,2.4069288229178198e-17
court bryan,2.4069288229178198e-17
experiencing,2.4069288229178198e-17
it must have,2.4069288229178198e-17
therefore the wooden,2.4069288229178198e-17
court this is,2.4069288229178198e-17
experiencing more,2.4069288229178198e-17
ball slows down,2.4069288229178198e-17
question should have,2.4069288229178198e-17
takes his,2.4069288229178198e-17
experiencing more friction,2.4069288229178198e-17
the college,2.4069288229178198e-17
ball slows,2.4069288229178198e-17
than the concrete,2.4069288229178198e-17
takes his daughter,2.4069288229178198e-17
pen is,2.4069288229178198e-17
to the college,2.4069288229178198e-17
was more friction,2.4069288229178198e-17
food so the,2.3852447794681098e-17
the principle of,2.3852447794681098e-17
allowing it to,2.3852447794681098e-17
principle of,2.3852447794681098e-17
food has,2.3852447794681098e-17
food has high,2.3852447794681098e-17
movement of the,2.3852447794681098e-17
that the steep,2.3852447794681098e-17
resistance typically slows,2.3852447794681098e-17
typically slows down,2.3852447794681098e-17
pet food has,2.3852447794681098e-17
that it encounters,2.3852447794681098e-17
so the shiny,2.3852447794681098e-17
floor compared,2.3852447794681098e-17
floor compared to,2.3852447794681098e-17
to the shiny,2.3852447794681098e-17
floor high,2.3852447794681098e-17
floor high resistance,2.3852447794681098e-17
in the fridge,2.3852447794681098e-17
typically slows,2.3852447794681098e-17
to the tile,2.3852447794681098e-17
friction allowing it,2.3852447794681098e-17
food so,2.3852447794681098e-17
shiny floor high,2.3852447794681098e-17
meaning it,2.3852447794681098e-17
less resistance on,2.3852447794681098e-17
to the principle,2.3852447794681098e-17
cover greater distance,2.3798237686056822e-17
cover greater,2.3798237686056822e-17
to the creek,2.3635607360183997e-17
boat moves,2.3635607360183997e-17
that the creek,2.3635607360183997e-17
can be inferred,2.3635607360183997e-17
that the ocean,2.3635607360183997e-17
boat moves less,2.3635607360183997e-17
was less,2.3635607360183997e-17
ocean since,2.3635607360183997e-17
moves less,2.3635607360183997e-17
ocean it can,2.3635607360183997e-17
ocean has less,2.3635607360183997e-17
moves less quickly,2.3635607360183997e-17
caused katie,2.3635607360183997e-17
friction which caused,2.3635607360183997e-17
caused katie boat,2.3635607360183997e-17
causing her boat,2.3635607360183997e-17
causing her,2.3635607360183997e-17
since katie boat,2.3635607360183997e-17
be inferred,2.3635607360183997e-17
ocean causing,2.3635607360183997e-17
for the bike,2.3635607360183997e-17
be inferred that,2.3635607360183997e-17
which caused katie,2.3635607360183997e-17
since katie,2.3635607360183997e-17
ocean causing her,2.3635607360183997e-17
the ocean since,2.3635607360183997e-17
friction making the,2.3635607360183997e-17
the ocean causing,2.3635607360183997e-17
with distance so,2.3418766925686896e-17
them my,2.3418766925686896e-17
away therefore,2.3418766925686896e-17
away sound intensity,2.3418766925686896e-17
away so,2.3418766925686896e-17
street was farther,2.3418766925686896e-17
away therefore the,2.3418766925686896e-17
allows for less,2.3418766925686896e-17
away so the,2.3418766925686896e-17
away sound,2.3418766925686896e-17
over the plastic,2.3418766925686896e-17
while the dog,2.3418766925686896e-17
sound intensity,2.3418766925686896e-17
was farther,2.3418766925686896e-17
my dog is,2.3418766925686896e-17
quieter than,2.3418766925686896e-17
intensity decreases,2.3418766925686896e-17
quieter than the,2.3418766925686896e-17
quieter to them,2.3418766925686896e-17
much quieter than,2.3418766925686896e-17
much quieter,2.3418766925686896e-17
intensity decreases with,2.3418766925686896e-17
for less,2.3418766925686896e-17
the person while,2.3418766925686896e-17
who was closer,2.3418766925686896e-17
farther away therefore,2.3418766925686896e-17
farther away sound,2.3418766925686896e-17
through the,2.3418766925686896e-17
sound intensity decreases,2.3418766925686896e-17
farther away so,2.3418766925686896e-17
was farther away,2.3418766925686896e-17
is stronger,2.3418766925686896e-17
them my dog,2.3418766925686896e-17
not which,2.3418766925686896e-17
to them,2.3418766925686896e-17
dog is generally,2.3418766925686896e-17
to them my,2.3418766925686896e-17
however the question,2.3418766925686896e-17
dog is,2.3418766925686896e-17
distance so the,2.3418766925686896e-17
generally much quieter,2.3418766925686896e-17
generally much,2.3418766925686896e-17
distance so,2.3418766925686896e-17
forest this,2.2985086056692694e-17
correct choice,2.2985086056692694e-17
it easier to,2.2985086056692694e-17
sense in this,2.2985086056692694e-17
there are,2.2985086056692694e-17
there are more,2.2985086056692694e-17
sense in,2.2985086056692694e-17
the forest for,2.2985086056692694e-17
answer the correct,2.2985086056692694e-17
the forest this,2.2985086056692694e-17
to overcome,2.2985086056692694e-17
to overcome making,2.2985086056692694e-17
this question lies,2.2985086056692694e-17
correct choice conversely,2.2985086056692694e-17
are more,2.2985086056692694e-17
conversely the,2.2985086056692694e-17
forest for,2.2985086056692694e-17
the correct choice,2.2985086056692694e-17
this context,2.2985086056692694e-17
the context provided,2.2985086056692694e-17
the answer the,2.2985086056692694e-17
conversely the opposite,2.2985086056692694e-17
not make logical,2.2985086056692694e-17
obstacles in the,2.2985086056692694e-17
context provided,2.2985086056692694e-17
found,2.2985086056692694e-17
context therefore,2.2985086056692694e-17
context therefore the,2.2985086056692694e-17
this context therefore,2.2985086056692694e-17
that the blue,2.2985086056692694e-17
for the horse,2.2985086056692694e-17
found it,2.2985086056692694e-17
are more obstacles,2.2985086056692694e-17
that there are,2.2985086056692694e-17
choice conversely,2.2985086056692694e-17
the opposite would,2.2985086056692694e-17
would not make,2.2985086056692694e-17
found it easier,2.2985086056692694e-17
obstacles in,2.2985086056692694e-17
choice conversely the,2.2985086056692694e-17
conversely,2.2985086056692694e-17
forest this implies,2.2985086056692694e-17
sense,2.2985086056692694e-17
forest for the,2.2985086056692694e-17
friction on the,2.2849560785132006e-17
friction on,2.2849560785132006e-17
therefore larry,2.2551405187698492e-17
so strong,2.2551405187698492e-17
very strong and,2.2551405187698492e-17
this can,2.2551405187698492e-17
strong and,2.2551405187698492e-17
strong and bearded,2.2551405187698492e-17
and bearded,2.2551405187698492e-17
mass of,2.2551405187698492e-17
so this can,2.2551405187698492e-17
not so strong,2.2551405187698492e-17
not so,2.2551405187698492e-17
the mass of,2.2551405187698492e-17
time this,2.2551405187698492e-17
floor this,2.2551405187698492e-17
the mass,2.2551405187698492e-17
less resistance and,2.2551405187698492e-17
and bearded lady,2.2551405187698492e-17
is very,2.2388774861825667e-17
the sandbox,2.2280354644577116e-17
sandbox,2.2280354644577116e-17
it more likely,2.211772431870429e-17
snap or,2.211772431870429e-17
to snap or,2.211772431870429e-17
snap or break,2.211772431870429e-17
likely to snap,2.211772431870429e-17
has high,2.211772431870429e-17
has high resistance,2.211772431870429e-17
or break,2.211772431870429e-17
strongman is,2.200930410145574e-17
the strongman is,2.200930410145574e-17
easily in contrast,2.168404344971009e-17
easily in,2.168404344971009e-17
more easily in,2.168404344971009e-17
push the shopping,2.168404344971009e-17
friction or resistance,2.168404344971009e-17
has higher resistance,2.168404344971009e-17
is true for,2.168404344971009e-17
is true,2.168404344971009e-17
friction or,2.168404344971009e-17
harder for,2.168404344971009e-17
is because friction,2.168404344971009e-17
it harder for,2.168404344971009e-17
friction slows,2.168404344971009e-17
or resistance,2.168404344971009e-17
opposite is true,2.168404344971009e-17
where she,2.168404344971009e-17
because friction,2.168404344971009e-17
to the infield,2.168404344971009e-17
because friction slows,2.168404344971009e-17
it to move,2.168404344971009e-17
that the outfield,2.168404344971009e-17
true for the,2.168404344971009e-17
true for,2.168404344971009e-17
higher top,2.1467203015212988e-17
grass has higher,2.1467203015212988e-17
higher top speed,2.1467203015212988e-17
that the softball,2.1467203015212988e-17
reach higher top,2.1467203015212988e-17
to skate,2.1250362580715887e-17
the force of,2.1250362580715887e-17
or friction,2.1250362580715887e-17
resistance or,2.1250362580715887e-17
resistance or friction,2.1250362580715887e-17
skate,2.1250362580715887e-17
north is closer,2.1141942363467336e-17
navigate which implies,2.1033522146218786e-17
navigate which,2.1033522146218786e-17
navigate indicating that,2.1033522146218786e-17
resistance is smoother,2.1033522146218786e-17
steep hill therefore,2.1033522146218786e-17
navigate indicating,2.1033522146218786e-17
to navigate which,2.1033522146218786e-17
ground indicating that,2.1033522146218786e-17
to navigate indicating,2.1033522146218786e-17
because the steep,2.1033522146218786e-17
where the steep,2.1033522146218786e-17
flat ground indicating,2.1033522146218786e-17
flat ground where,2.1033522146218786e-17
ground where the,2.1033522146218786e-17
ground where,2.1033522146218786e-17
ground indicating,2.1033522146218786e-17
surface of,2.0816681711721685e-17
that the toy,2.0816681711721685e-17
caused by,2.0816681711721685e-17
toy is,2.0816681711721685e-17
easier to skate,2.0816681711721685e-17
have more physical,2.0816681711721685e-17
garden has,2.0816681711721685e-17
the toy is,2.0816681711721685e-17
caused by the,2.0816681711721685e-17
garden has more,2.0816681711721685e-17
surface of the,2.0816681711721685e-17
butter and,2.0816681711721685e-17
can throw the,2.0816681711721685e-17
between the butter,2.0816681711721685e-17
by the,2.0816681711721685e-17
butter and the,2.0816681711721685e-17
the butter and,2.0816681711721685e-17
this is likely,2.0816681711721685e-17
flower garden has,2.0816681711721685e-17
can throw,2.0816681711721685e-17
case the question,2.0599841277224584e-17
provides more resistance,2.0491421059976034e-17
movement making it,2.0491421059976034e-17
quickly the,2.0491421059976034e-17
it slower,2.0491421059976034e-17
quickly the opposite,2.0491421059976034e-17
more resistance to,2.0491421059976034e-17
which provides more,2.0491421059976034e-17
movement making,2.0491421059976034e-17
making it slower,2.0491421059976034e-17
which provides,2.0491421059976034e-17
than across,2.0383000842727483e-17
slid slower in,2.0383000842727483e-17
slid the,2.0383000842727483e-17
butter across,2.0383000842727483e-17
that more,2.0383000842727483e-17
butter slid slower,2.0383000842727483e-17
fridge than across,2.0383000842727483e-17
fridge than,2.0383000842727483e-17
slid slower,2.0383000842727483e-17
slid the butter,2.0383000842727483e-17
that the pet,2.0383000842727483e-17
heat was,2.0383000842727483e-17
heat was being,2.0383000842727483e-17
the butter slid,2.0383000842727483e-17
was being generated,2.0383000842727483e-17
was being,2.0383000842727483e-17
butter slid,2.0383000842727483e-17
the fridge than,2.0383000842727483e-17
that the butter,2.0383000842727483e-17
than across the,2.0383000842727483e-17
more heat was,2.0383000842727483e-17
in more,2.0383000842727483e-17
being generated when,2.0383000842727483e-17
the butter across,2.0383000842727483e-17
butter across the,2.0383000842727483e-17
table was cracked,2.0166160408230382e-17
chandelier in,2.0166160408230382e-17
break indicates that,2.0166160408230382e-17
not break indicates,2.0166160408230382e-17
chandelier fell,2.0166160408230382e-17
to pieces once,2.0166160408230382e-17
break indicates,2.0166160408230382e-17
chandelier fell on,2.0166160408230382e-17
chandelier is stronger,2.0166160408230382e-17
chandelier in contrast,2.0166160408230382e-17
the plate on,2.0166160408230382e-17
fell,2.0166160408230382e-17
fell on,2.0166160408230382e-17
the plate indicates,2.0166160408230382e-17
chandelier to have,2.0166160408230382e-17
the plate did,2.0166160408230382e-17
fell on it,2.0166160408230382e-17
to pieces,2.0166160408230382e-17
table was,2.0166160408230382e-17
chandelier to,2.0166160408230382e-17
the plate must,2.0166160408230382e-17
survived the fall,2.0166160408230382e-17
be less strong,2.0166160408230382e-17
the chandelier to,2.0166160408230382e-17
contrast the fact,2.0166160408230382e-17
the plate therefore,2.0166160408230382e-17
therefore the plate,2.0166160408230382e-17
broke the plate,2.0166160408230382e-17
the chandelier broke,2.0166160408230382e-17
the fall,2.0166160408230382e-17
broke the,2.0166160408230382e-17
the chandelier fell,2.0166160408230382e-17
chandelier broke the,2.0166160408230382e-17
chandelier broke,2.0166160408230382e-17
the chandelier in,2.0166160408230382e-17
cracked to pieces,2.0166160408230382e-17
must be less,2.0166160408230382e-17
cracked to,2.0166160408230382e-17
broke,2.0166160408230382e-17
cracked,2.0166160408230382e-17
to have survived,2.0166160408230382e-17
the plate the,2.0166160408230382e-17
the table was,2.0166160408230382e-17
pieces,2.0166160408230382e-17
be less,2.0166160408230382e-17
the fall however,2.0166160408230382e-17
plate therefore the,2.0166160408230382e-17
fall however,2.0166160408230382e-17
survived the,2.0166160408230382e-17
survived,2.0166160408230382e-17
was cracked to,2.0166160408230382e-17
on it indicating,2.0166160408230382e-17
plate therefore,2.0166160408230382e-17
was cracked,2.0166160408230382e-17
fall however the,2.0166160408230382e-17
driver,2.0111950299606107e-17
the driver,2.0111950299606107e-17
driver sees that,2.0111950299606107e-17
that the driver,2.0111950299606107e-17
sees that,2.0111950299606107e-17
that her,2.0111950299606107e-17
her horses have,2.0111950299606107e-17
that her horses,2.0111950299606107e-17
her horses,2.0111950299606107e-17
sees that her,2.0111950299606107e-17
sees,2.0111950299606107e-17
the driver sees,2.0111950299606107e-17
driver sees,2.0111950299606107e-17
that when passengers,2.0111950299606107e-17
are on,2.0111950299606107e-17
when passengers,2.0111950299606107e-17
when passengers are,2.0111950299606107e-17
boarded than when,2.0111950299606107e-17
boarded than,2.0111950299606107e-17
no passengers indicating,2.0111950299606107e-17
that when,2.0111950299606107e-17
are on it,2.0111950299606107e-17
on the table,1.9949319973733282e-17
less resistance,1.9949319973733282e-17
than john,1.9949319973733282e-17
method,1.973247953923618e-17
causing the bike,1.9718927012080112e-17
to the sidewalk,1.9718927012080112e-17
toy was,1.951563910473908e-17
the adult therefore,1.951563910473908e-17
the toy as,1.951563910473908e-17
as the adult,1.951563910473908e-17
toy as far,1.951563910473908e-17
old child would,1.951563910473908e-17
as the strength,1.951563910473908e-17
affect the distance,1.951563910473908e-17
the adult which,1.951563910473908e-17
distance the fact,1.951563910473908e-17
does not change,1.951563910473908e-17
change the fact,1.951563910473908e-17
that mica,1.951563910473908e-17
toy is thrown,1.951563910473908e-17
the toy was,1.951563910473908e-17
child would throw,1.951563910473908e-17
child would not,1.951563910473908e-17
stronger person,1.951563910473908e-17
that the year,1.951563910473908e-17
from weaker person,1.951563910473908e-17
from weaker,1.951563910473908e-17
from therefore the,1.951563910473908e-17
from therefore,1.951563910473908e-17
thrower,1.951563910473908e-17
thrower does,1.951563910473908e-17
higher,1.951563910473908e-17
thrower does not,1.951563910473908e-17
the child is,1.951563910473908e-17
the child would,1.951563910473908e-17
of an object,1.951563910473908e-17
weaker does,1.951563910473908e-17
child is likely,1.951563910473908e-17
weaker does not,1.951563910473908e-17
would not be,1.951563910473908e-17
than the adult,1.951563910473908e-17
stronger person as,1.951563910473908e-17
covered greater distance,1.951563910473908e-17
thrown from therefore,1.951563910473908e-17
the thrower,1.951563910473908e-17
not change,1.951563910473908e-17
would throw,1.951563910473908e-17
to stronger person,1.951563910473908e-17
toy as,1.951563910473908e-17
adult therefore,1.951563910473908e-17
weaker person,1.951563910473908e-17
was thrown from,1.951563910473908e-17
distance the toy,1.951563910473908e-17
adult which implies,1.951563910473908e-17
weaker than the,1.951563910473908e-17
would throw the,1.951563910473908e-17
there was,1.951563910473908e-17
weaker person to,1.951563910473908e-17
adult which,1.951563910473908e-17
adult therefore the,1.951563910473908e-17
not be able,1.951563910473908e-17
not change the,1.951563910473908e-17
far as the,1.951563910473908e-17
to stronger,1.951563910473908e-17
was thrown,1.951563910473908e-17
toy was thrown,1.951563910473908e-17
the distance the,1.951563910473908e-17
change the,1.951563910473908e-17
not affect the,1.951563910473908e-17
states that mica,1.951563910473908e-17
weaker than,1.951563910473908e-17
the thrower does,1.951563910473908e-17
covered greater,1.951563910473908e-17
change,1.951563910473908e-17
thrown from weaker,1.951563910473908e-17
the paved surface,1.929879867024198e-17
on the paved,1.929879867024198e-17
wood floor was,1.9149720871525222e-17
wood floor suggesting,1.9149720871525222e-17
dana knows,1.9149720871525222e-17
dana knows that,1.9149720871525222e-17
dana,1.9149720871525222e-17
floor was more,1.9149720871525222e-17
that dana knows,1.9149720871525222e-17
that dana,1.9149720871525222e-17
floor was,1.9149720871525222e-17
and gravity,1.9136168344369153e-17
decrease,1.9136168344369153e-17
common misinterpretation that,1.9136168344369153e-17
common misinterpretation,1.9136168344369153e-17
although the sun,1.9136168344369153e-17
means weaker gravity,1.9136168344369153e-17
decrease in,1.9136168344369153e-17
decrease in gravitational,1.9136168344369153e-17
and gravity is,1.9136168344369153e-17
an increase in,1.9136168344369153e-17
common in,1.9136168344369153e-17
an increase,1.9136168344369153e-17
and in,1.9136168344369153e-17
gravity in reality,1.9136168344369153e-17
gravity in,1.9136168344369153e-17
gravitational pull this,1.9136168344369153e-17
and in some,1.9136168344369153e-17
weaker gravity in,1.9136168344369153e-17
gravitational pull than,1.9136168344369153e-17
the earth its,1.9136168344369153e-17
that more mass,1.9136168344369153e-17
means weaker,1.9136168344369153e-17
common in astronomy,1.9136168344369153e-17
astronomy and,1.9136168344369153e-17
arises due,1.9136168344369153e-17
some physics textbooks,1.9136168344369153e-17
some physics,1.9136168344369153e-17
that an,1.9136168344369153e-17
some,1.9136168344369153e-17
that an increase,1.9136168344369153e-17
results in decrease,1.9136168344369153e-17
astronomy and in,1.9136168344369153e-17
textbooks in,1.9136168344369153e-17
this misconception is,1.9136168344369153e-17
earth this misconception,1.9136168344369153e-17
earth its greater,1.9136168344369153e-17
earth its,1.9136168344369153e-17
this misconception arises,1.9136168344369153e-17
reality the relationship,1.9136168344369153e-17
arises due to,1.9136168344369153e-17
textbooks,1.9136168344369153e-17
to common,1.9136168344369153e-17
to common misinterpretation,1.9136168344369153e-17
square meaning that,1.9136168344369153e-17
square meaning,1.9136168344369153e-17
astronomy,1.9136168344369153e-17
due to common,1.9136168344369153e-17
textbooks in reality,1.9136168344369153e-17
determine,1.9081958235744878e-17
assumed,1.9081958235744878e-17
assumed to,1.9081958235744878e-17
assumed to be,1.9081958235744878e-17
allowing the ball,1.9081958235744878e-17
not be assumed,1.9081958235744878e-17
to determine,1.9081958235744878e-17
question states should,1.9081958235744878e-17
states should not,1.9081958235744878e-17
be the case,1.9081958235744878e-17
correct answer,1.9081958235744878e-17
the football,1.9081958235744878e-17
the correct answer,1.9081958235744878e-17
be assumed,1.9081958235744878e-17
be assumed to,1.9081958235744878e-17
fall the,1.9081958235744878e-17
should not be,1.9081958235744878e-17
states should,1.9081958235744878e-17
just,1.9081958235744878e-17
should not,1.9081958235744878e-17
the case,1.9081958235744878e-17
football,1.9081958235744878e-17
provides,1.8865117801247777e-17
provides more,1.8865117801247777e-17
about the friction,1.8648277366750676e-17
not be deduced,1.8648277366750676e-17
deduced,1.8648277366750676e-17
question only mentions,1.8648277366750676e-17
the ball got,1.8648277366750676e-17
question only,1.8648277366750676e-17
the pen does,1.8648277366750676e-17
having,1.8648277366750676e-17
mass and therefore,1.8648277366750676e-17
does go as,1.8648277366750676e-17
ball got,1.8648277366750676e-17
less energy,1.8648277366750676e-17
the question only,1.8648277366750676e-17
which makes it,1.8648277366750676e-17
only mentions,1.8648277366750676e-17
does go,1.8648277366750676e-17
which makes,1.8648277366750676e-17
be deduced,1.8648277366750676e-17
got,1.8648277366750676e-17
pen does,1.8648277366750676e-17
pen does go,1.8648277366750676e-17
have less,1.8539857149502126e-17
weighs more,1.83772268236293e-17
weighs more than,1.83772268236293e-17
woman who,1.8214596497756474e-17
than non,1.8214596497756474e-17
produced,1.8214596497756474e-17
being described as,1.8214596497756474e-17
therefore be,1.8214596497756474e-17
strength and therefore,1.8214596497756474e-17
being very,1.8214596497756474e-17
very strong is,1.8214596497756474e-17
and it is,1.8214596497756474e-17
ground,1.8214596497756474e-17
as being very,1.8214596497756474e-17
than non strong,1.8214596497756474e-17
strong woman,1.8214596497756474e-17
being very strong,1.8214596497756474e-17
more resistance making,1.8214596497756474e-17
strong woman who,1.8214596497756474e-17
therefore the strongman,1.8214596497756474e-17
resistance making,1.8214596497756474e-17
being described,1.8214596497756474e-17
strongman being,1.8214596497756474e-17
strongman being described,1.8214596497756474e-17
strongman or,1.8214596497756474e-17
woman,1.8214596497756474e-17
woman who is,1.8214596497756474e-17
misconception is,1.8214596497756474e-17
flat,1.8214596497756474e-17
strong is,1.8214596497756474e-17
strength therefore the,1.8214596497756474e-17
flat ground,1.8214596497756474e-17
farthest this,1.8214596497756474e-17
farthest this is,1.8214596497756474e-17
bearded lady and,1.8214596497756474e-17
to be able,1.8214596497756474e-17
strength therefore,1.8214596497756474e-17
strong is likely,1.8214596497756474e-17
does not affect,1.8214596497756474e-17
strongman or bearded,1.8214596497756474e-17
as it does,1.8214596497756474e-17
therefore be able,1.8214596497756474e-17
unusual question as,1.8214596497756474e-17
who is likely,1.8214596497756474e-17
non strong woman,1.8214596497756474e-17
non strong,1.8214596497756474e-17
non,1.8214596497756474e-17
answer is as,1.8214596497756474e-17
further than non,1.8214596497756474e-17
weight further than,1.8214596497756474e-17
not affect,1.8214596497756474e-17
an unusual,1.8214596497756474e-17
an unusual question,1.8214596497756474e-17
assume that strongman,1.8214596497756474e-17
in more sweat,1.8214596497756474e-17
the strongman or,1.8214596497756474e-17
that strongman being,1.8214596497756474e-17
and therefore be,1.8214596497756474e-17
that strongman,1.8214596497756474e-17
unusual question,1.8214596497756474e-17
is as the,1.8214596497756474e-17
on mercury,1.8214596497756474e-17
unusual,1.8214596497756474e-17
weight farthest this,1.8214596497756474e-17
about the strength,1.8214596497756474e-17
as the question,1.8214596497756474e-17
the time,1.7997756063259374e-17
the sidewalk,1.7780915628762273e-17
has less resistance,1.7780915628762273e-17
pants will,1.7780915628762273e-17
question is phrased,1.7780915628762273e-17
the question is,1.7780915628762273e-17
more flexible,1.7780915628762273e-17
the street,1.7780915628762273e-17
incorrectly,1.7780915628762273e-17
incorrectly and,1.7780915628762273e-17
question is,1.7780915628762273e-17
incorrectly and the,1.7780915628762273e-17
phrased incorrectly and,1.7780915628762273e-17
is phrased,1.7780915628762273e-17
phrased incorrectly,1.7780915628762273e-17
the pants will,1.7780915628762273e-17
is phrased incorrectly,1.7780915628762273e-17
result todd will,1.7564075194265172e-17
result todd,1.7564075194265172e-17
table has,1.7564075194265172e-17
earth it will,1.7564075194265172e-17
resulting in todd,1.7564075194265172e-17
plastic table has,1.7564075194265172e-17
earth it,1.7564075194265172e-17
gravitational force resulting,1.7564075194265172e-17
force resulting,1.7564075194265172e-17
earth has,1.7564075194265172e-17
much larger fraction,1.7564075194265172e-17
force resulting in,1.7564075194265172e-17
will have weaker,1.7564075194265172e-17
earth has much,1.7564075194265172e-17
that mercury,1.7564075194265172e-17
contrast earth,1.7564075194265172e-17
contrast earth has,1.7564075194265172e-17
todd feeling,1.7564075194265172e-17
weaker gravitational force,1.7564075194265172e-17
states that mercury,1.7564075194265172e-17
feeling less gravitational,1.7564075194265172e-17
todd feeling less,1.7564075194265172e-17
feeling less,1.7564075194265172e-17
as result todd,1.7564075194265172e-17
strength of gravitational,1.7564075194265172e-17
feeling,1.7564075194265172e-17
that mercury has,1.7564075194265172e-17
more resistance and,1.734723475976807e-17
phrased,1.734723475976807e-17
friction compared to,1.734723475976807e-17
experience less,1.734723475976807e-17
poster made,1.734723475976807e-17
poster made of,1.734723475976807e-17
distance than the,1.734723475976807e-17
the surface,1.734723475976807e-17
dropped,1.734723475976807e-17
made of,1.734723475976807e-17
less friction between,1.734723475976807e-17
friction compared,1.734723475976807e-17
larger,1.734723475976807e-17
reading book suggesting,1.702197410802242e-17
suggesting that mona,1.702197410802242e-17
and milo is,1.702197410802242e-17
and milo,1.702197410802242e-17
book suggesting that,1.702197410802242e-17
book suggesting,1.702197410802242e-17
doing pushups and,1.702197410802242e-17
which offers more,1.691355389077387e-17
and obstacles,1.691355389077387e-17
because rainwater,1.691355389077387e-17
the kite is,1.691355389077387e-17
sweat on his,1.691355389077387e-17
and obstacles while,1.691355389077387e-17
because rainwater encounters,1.691355389077387e-17
his body,1.691355389077387e-17
half as,1.691355389077387e-17
half as long,1.691355389077387e-17
storm sky which,1.691355389077387e-17
more sweat on,1.691355389077387e-17
long,1.691355389077387e-17
sidewalk,1.691355389077387e-17
exertion,1.691355389077387e-17
long as,1.691355389077387e-17
long as john,1.691355389077387e-17
while moving through,1.691355389077387e-17
which offers,1.691355389077387e-17
causing the kite,1.691355389077387e-17
have more sweat,1.691355389077387e-17
have more,1.691355389077387e-17
while moving,1.691355389077387e-17
sky causing,1.691355389077387e-17
sky causing the,1.691355389077387e-17
through the air,1.691355389077387e-17
storm sky this,1.691355389077387e-17
as long,1.691355389077387e-17
jane only plays,1.691355389077387e-17
jane only,1.691355389077387e-17
as john,1.691355389077387e-17
sky this is,1.691355389077387e-17
sky which,1.691355389077387e-17
sky which offers,1.691355389077387e-17
therefore the kite,1.691355389077387e-17
obstacles while moving,1.691355389077387e-17
to the storm,1.691355389077387e-17
as long as,1.691355389077387e-17
obstacles while,1.691355389077387e-17
rainy sky causing,1.691355389077387e-17
on his body,1.691355389077387e-17
friction however,1.691355389077387e-17
air causing,1.691355389077387e-17
rainwater,1.691355389077387e-17
moving through the,1.691355389077387e-17
rainwater encounters,1.691355389077387e-17
rainwater encounters more,1.691355389077387e-17
air causing it,1.691355389077387e-17
for half as,1.691355389077387e-17
the air,1.691355389077387e-17
the air causing,1.691355389077387e-17
only plays for,1.691355389077387e-17
only plays,1.691355389077387e-17
that jane only,1.691355389077387e-17
physical exertion,1.691355389077387e-17
resistance is,1.691355389077387e-17
resistance and obstacles,1.691355389077387e-17
on his,1.691355389077387e-17
table cloth since,1.6479873021779667e-17
than terry this,1.6479873021779667e-17
that jake,1.6479873021779667e-17
throws farther distance,1.6479873021779667e-17
cloth since,1.6479873021779667e-17
are both throwing,1.6479873021779667e-17
would likely throw,1.6479873021779667e-17
faster than the,1.6479873021779667e-17
throw farther distance,1.6479873021779667e-17
that the pants,1.6479873021779667e-17
for charity event,1.6479873021779667e-17
where objects with,1.6479873021779667e-17
for charity,1.6479873021779667e-17
smoother surface since,1.6479873021779667e-17
and therefore throws,1.6479873021779667e-17
reached the,1.6479873021779667e-17
cloth since friction,1.6479873021779667e-17
table cloth it,1.6479873021779667e-17
gravity where,1.6479873021779667e-17
rough surface of,1.6479873021779667e-17
rough surface,1.6479873021779667e-17
gravity where objects,1.6479873021779667e-17
object in,1.6479873021779667e-17
therefore throws,1.6479873021779667e-17
cloth it must,1.6479873021779667e-17
suggesting smoother surface,1.6479873021779667e-17
having more,1.6479873021779667e-17
throwing footballs for,1.6479873021779667e-17
that jake has,1.6479873021779667e-17
event this is,1.6479873021779667e-17
principle of gravity,1.6479873021779667e-17
event this,1.6479873021779667e-17
cloth it,1.6479873021779667e-17
than terry,1.6479873021779667e-17
than jake indicating,1.6479873021779667e-17
case the football,1.6479873021779667e-17
it follows,1.6479873021779667e-17
must be experiencing,1.6479873021779667e-17
fast on the,1.6479873021779667e-17
farther distance even,1.6479873021779667e-17
muscle mass would,1.6479873021779667e-17
it follows that,1.6479873021779667e-17
since the pen,1.6479873021779667e-17
the rough surface,1.6479873021779667e-17
the rough,1.6479873021779667e-17
terry this is,1.6479873021779667e-17
terry this,1.6479873021779667e-17
therefore throws farther,1.6479873021779667e-17
fast on,1.6479873021779667e-17
suggesting smoother,1.6479873021779667e-17
throw farther,1.6479873021779667e-17
footballs for charity,1.6479873021779667e-17
follows that,1.6479873021779667e-17
distance even,1.6479873021779667e-17
charity,1.6479873021779667e-17
both throwing,1.6479873021779667e-17
distance even though,1.6479873021779667e-17
distance than terry,1.6479873021779667e-17
charity event,1.6479873021779667e-17
surface since,1.6479873021779667e-17
object in this,1.6479873021779667e-17
surface since the,1.6479873021779667e-17
the object,1.6479873021779667e-17
charity event this,1.6479873021779667e-17
objects with,1.6479873021779667e-17
table suggesting smoother,1.6479873021779667e-17
both throwing footballs,1.6479873021779667e-17
table suggesting,1.6479873021779667e-17
table has smoother,1.6479873021779667e-17
objects with more,1.6479873021779667e-17
wet field,1.6479873021779667e-17
able to move,1.6479873021779667e-17
therefore jake having,1.6479873021779667e-17
therefore jake,1.6479873021779667e-17
follows,1.6479873021779667e-17
reached,1.6479873021779667e-17
as fast on,1.6479873021779667e-17
be experiencing,1.6479873021779667e-17
be experiencing more,1.6479873021779667e-17
footballs for,1.6479873021779667e-17
with more mass,1.6479873021779667e-17
of gravity where,1.6479873021779667e-17
stopped,1.6479873021779667e-17
meredith to skate,1.6263032587282567e-17
wire and the,1.6263032587282567e-17
tom twisted,1.6263032587282567e-17
garden and can,1.6263032587282567e-17
friction makes it,1.6263032587282567e-17
why she,1.6263032587282567e-17
as she needs,1.6263032587282567e-17
control this,1.6263032587282567e-17
when tom twisted,1.6263032587282567e-17
avoid excessive,1.6263032587282567e-17
garden and,1.6263032587282567e-17
slowly indicating,1.6263032587282567e-17
meredith has hard,1.6263032587282567e-17
control,1.6263032587282567e-17
skate quickly as,1.6263032587282567e-17
wire and,1.6263032587282567e-17
street which is,1.6263032587282567e-17
skate quickly,1.6263032587282567e-17
needs to slow,1.6263032587282567e-17
she needs to,1.6263032587282567e-17
she needs,1.6263032587282567e-17
why she has,1.6263032587282567e-17
than the paved,1.6263032587282567e-17
excessive,1.6263032587282567e-17
excessive friction,1.6263032587282567e-17
excessive friction and,1.6263032587282567e-17
she has hard,1.6263032587282567e-17
slow down to,1.6263032587282567e-17
street this increased,1.6263032587282567e-17
meredith has,1.6263032587282567e-17
the wire and,1.6263032587282567e-17
between the wire,1.6263032587282567e-17
that meredith has,1.6263032587282567e-17
paved street this,1.6263032587282567e-17
skating through the,1.6263032587282567e-17
friction and maintain,1.6263032587282567e-17
down to avoid,1.6263032587282567e-17
avoid excessive friction,1.6263032587282567e-17
down to,1.6263032587282567e-17
and maintain control,1.6263032587282567e-17
flower garden and,1.6263032587282567e-17
avoid,1.6263032587282567e-17
she has,1.6263032587282567e-17
through it,1.6263032587282567e-17
and maintain,1.6263032587282567e-17
and can only,1.6263032587282567e-17
very slowly indicating,1.6263032587282567e-17
to avoid,1.6263032587282567e-17
control this suggests,1.6263032587282567e-17
to avoid excessive,1.6263032587282567e-17
skating through it,1.6263032587282567e-17
difficult for meredith,1.6263032587282567e-17
slowly indicating that,1.6263032587282567e-17
to skate quickly,1.6263032587282567e-17
to slow down,1.6046192152785466e-17
grass has,1.6046192152785466e-17
outfield grass has,1.6046192152785466e-17
the friction,1.6046192152785466e-17
to slow,1.6046192152785466e-17
than truck indicating,1.582257545471033e-17
truck indicating,1.582257545471033e-17
truck indicating that,1.582257545471033e-17
that bulldozer,1.582257545471033e-17
than truck,1.582257545471033e-17
states that bulldozer,1.582257545471033e-17
that bulldozer weighs,1.582257545471033e-17
likely that,1.5612511283791264e-17
holly indicating that,1.5612511283791264e-17
doing pushups,1.5612511283791264e-17
doing,1.5612511283791264e-17
him to,1.5612511283791264e-17
less than milo,1.5612511283791264e-17
holly indicating,1.5612511283791264e-17
indicating that mary,1.5612511283791264e-17
than milo,1.5612511283791264e-17
terry does,1.5612511283791264e-17
that terry does,1.5612511283791264e-17
mona is sweating,1.5612511283791264e-17
mona is doing,1.5612511283791264e-17
is doing pushups,1.5612511283791264e-17
is doing,1.5612511283791264e-17
its greater,1.5612511283791264e-17
as holly indicating,1.5612511283791264e-17
floor indicating that,1.5612511283791264e-17
earth which has,1.5612511283791264e-17
terry does throw,1.5612511283791264e-17
making the,1.5612511283791264e-17
floor indicating,1.5612511283791264e-17
making it the,1.5612511283791264e-17
he is,1.5612511283791264e-17
does throw,1.5612511283791264e-17
does throw as,1.5612511283791264e-17
its greater mass,1.5612511283791264e-17
enable him to,1.5178830414797062e-17
not which substance,1.5178830414797062e-17
enable,1.5178830414797062e-17
air this resistance,1.5178830414797062e-17
clear air this,1.5178830414797062e-17
clear air the,1.5178830414797062e-17
enable him,1.5178830414797062e-17
through in fact,1.5178830414797062e-17
air the correct,1.5178830414797062e-17
air the,1.5178830414797062e-17
this resistance slows,1.5178830414797062e-17
through in,1.5178830414797062e-17
air not which,1.5178830414797062e-17
air not,1.5178830414797062e-17
air indicating that,1.5178830414797062e-17
which substance causes,1.5178830414797062e-17
this question seems,1.5178830414797062e-17
air indicating,1.5178830414797062e-17
asks which substance,1.5178830414797062e-17
causes the jetliner,1.5178830414797062e-17
thin air not,1.5178830414797062e-17
fact the question,1.5178830414797062e-17
resistance slows down,1.5178830414797062e-17
resistance slows,1.5178830414797062e-17
move through in,1.5178830414797062e-17
seems incorrect,1.5178830414797062e-17
substance causes,1.5178830414797062e-17
seems incorrect because,1.5178830414797062e-17
move slower through,1.5178830414797062e-17
thin air compared,1.5178830414797062e-17
the softball,1.5178830414797062e-17
fact the,1.5178830414797062e-17
thin air indicating,1.5178830414797062e-17
substance causes the,1.5178830414797062e-17
substance the,1.5178830414797062e-17
to clear air,1.5178830414797062e-17
substance the jetliner,1.5178830414797062e-17
resistance in thin,1.5178830414797062e-17
softball,1.5178830414797062e-17
to clear,1.5178830414797062e-17
which substance the,1.5178830414797062e-17
can move through,1.5178830414797062e-17
freely and,1.5178830414797062e-17
the jetliner making,1.5178830414797062e-17
compared to clear,1.5178830414797062e-17
more freely and,1.5178830414797062e-17
mass of earth,1.485356976305141e-17
of earth,1.485356976305141e-17
so the answer,1.474514954580286e-17
faster than,1.474514954580286e-17
the correct,1.474514954580286e-17
to the basement,1.474514954580286e-17
have less friction,1.474514954580286e-17
correct,1.474514954580286e-17
be used,1.474514954580286e-17
experience slower,1.474514954580286e-17
experience slower fall,1.474514954580286e-17
slower fall,1.474514954580286e-17
will experience slower,1.474514954580286e-17
was more resistance,1.474514954580286e-17
to the concrete,1.474514954580286e-17
floor it,1.474514954580286e-17
resistance to her,1.452830911130576e-17
and the smooth,1.452830911130576e-17
that it has,1.452830911130576e-17
can bike faster,1.452830911130576e-17
can bike,1.452830911130576e-17
down and the,1.452830911130576e-17
movement as result,1.452830911130576e-17
movement as,1.452830911130576e-17
friction slows jane,1.452830911130576e-17
slows jane down,1.452830911130576e-17
smooth path offers,1.452830911130576e-17
street this is,1.452830911130576e-17
bike faster on,1.452830911130576e-17
slows jane,1.452830911130576e-17
to her movement,1.452830911130576e-17
result jane can,1.452830911130576e-17
as result jane,1.452830911130576e-17
result jane,1.452830911130576e-17
bike faster,1.452830911130576e-17
as soon,1.431146867680866e-17
their masses,1.431146867680866e-17
masses,1.431146867680866e-17
stopped as soon,1.431146867680866e-17
stopped as,1.431146867680866e-17
soon,1.431146867680866e-17
as soon as,1.431146867680866e-17
soon as it,1.431146867680866e-17
two objects,1.431146867680866e-17
between two objects,1.431146867680866e-17
between two,1.431146867680866e-17
as it reached,1.431146867680866e-17
softball stopped as,1.431146867680866e-17
soon as,1.431146867680866e-17
the softball stopped,1.4094628242311558e-17
it reached,1.4094628242311558e-17
reached the outfield,1.4094628242311558e-17
it reached the,1.4094628242311558e-17
softball stopped,1.4094628242311558e-17
to result,1.3877787807814457e-17
speed determines,1.3877787807814457e-17
it easier for,1.3877787807814457e-17
that john does,1.3877787807814457e-17
speed determines how,1.3877787807814457e-17
of time this,1.3877787807814457e-17
to travel not,1.3877787807814457e-17
that jane covers,1.3877787807814457e-17
of time than,1.3877787807814457e-17
and diet,1.3877787807814457e-17
to result in,1.3877787807814457e-17
and diet can,1.3877787807814457e-17
that jane plays,1.3877787807814457e-17
speed and,1.3877787807814457e-17
sweat production than,1.3877787807814457e-17
speed which implies,1.3877787807814457e-17
the answer can,1.3877787807814457e-17
training,1.3877787807814457e-17
training and,1.3877787807814457e-17
training and diet,1.3877787807814457e-17
the amount,1.3877787807814457e-17
the amount of,1.3877787807814457e-17
such as training,1.3877787807814457e-17
will cover shorter,1.3877787807814457e-17
will cover therefore,1.3877787807814457e-17
rollerblades however it,1.3877787807814457e-17
rollerblades however,1.3877787807814457e-17
rollerblades because they,1.3877787807814457e-17
rollerblades because,1.3877787807814457e-17
rollerblades at the,1.3877787807814457e-17
rollerblades at,1.3877787807814457e-17
travel not,1.3877787807814457e-17
the actual,1.3877787807814457e-17
rode both the,1.3877787807814457e-17
rode both,1.3877787807814457e-17
travel not the,1.3877787807814457e-17
take to travel,1.3877787807814457e-17
travel the question,1.3877787807814457e-17
ride not the,1.3877787807814457e-17
ride not,1.3877787807814457e-17
take to,1.3877787807814457e-17
because they,1.3877787807814457e-17
because they will,1.3877787807814457e-17
result in more,1.3877787807814457e-17
sweat on john,1.3877787807814457e-17
sweat produced,1.3877787807814457e-17
sweat produced therefore,1.3877787807814457e-17
the actual amount,1.3877787807814457e-17
making it easier,1.3877787807814457e-17
it to,1.3877787807814457e-17
as training and,1.3877787807814457e-17
that other factors,1.3877787807814457e-17
not the speed,1.3877787807814457e-17
not the distance,1.3877787807814457e-17
both the skateboard,1.3877787807814457e-17
both the,1.3877787807814457e-17
answer can,1.3877787807814457e-17
the game is,1.3877787807814457e-17
skateboard covered greater,1.3877787807814457e-17
skateboard covered,1.3877787807814457e-17
not be rollerblades,1.3877787807814457e-17
the game,1.3877787807814457e-17
skateboard and the,1.3877787807814457e-17
answer can not,1.3877787807814457e-17
both,1.3877787807814457e-17
path indicating,1.3877787807814457e-17
than john decreased,1.3877787807814457e-17
path indicating that,1.3877787807814457e-17
will take to,1.3877787807814457e-17
total,1.3877787807814457e-17
total than,1.3877787807814457e-17
as training,1.3877787807814457e-17
that the length,1.3877787807814457e-17
total than the,1.3877787807814457e-17
sweat production,1.3877787807814457e-17
will travel the,1.3877787807814457e-17
be rollerblades,1.3877787807814457e-17
be rollerblades because,1.3877787807814457e-17
the distance each,1.3877787807814457e-17
and the rollerblades,1.3877787807814457e-17
same speed which,1.3877787807814457e-17
time each method,1.3877787807814457e-17
mentions the,1.3877787807814457e-17
determines how far,1.3877787807814457e-17
decreased physical,1.3877787807814457e-17
for half the,1.3877787807814457e-17
the skateboard covered,1.3877787807814457e-17
the time each,1.3877787807814457e-17
actual,1.3877787807814457e-17
actual amount,1.3877787807814457e-17
decreased physical exertion,1.3877787807814457e-17
actual amount of,1.3877787807814457e-17
therefore the actual,1.3877787807814457e-17
game is likely,1.3877787807814457e-17
game is,1.3877787807814457e-17
game,1.3877787807814457e-17
which means it,1.3877787807814457e-17
therefore jane,1.3877787807814457e-17
the speed determines,1.3877787807814457e-17
therefore jane increased,1.3877787807814457e-17
the skateboard and,1.3877787807814457e-17
affect the amount,1.3877787807814457e-17
far each,1.3877787807814457e-17
does meaning,1.3877787807814457e-17
time that,1.3877787807814457e-17
time that john,1.3877787807814457e-17
cover therefore,1.3877787807814457e-17
cover shorter,1.3877787807814457e-17
distance each will,1.3877787807814457e-17
cover therefore the,1.3877787807814457e-17
does meaning that,1.3877787807814457e-17
far each method,1.3877787807814457e-17
time than john,1.3877787807814457e-17
half the time,1.3877787807814457e-17
half the,1.3877787807814457e-17
the rollerblades however,1.3877787807814457e-17
the rollerblades at,1.3877787807814457e-17
distance in total,1.3877787807814457e-17
determines,1.3877787807814457e-17
the time that,1.3877787807814457e-17
determines how,1.3877787807814457e-17
factors such as,1.3877787807814457e-17
the length,1.3877787807814457e-17
how,1.3877787807814457e-17
diet can affect,1.3877787807814457e-17
each will,1.3877787807814457e-17
time each,1.3877787807814457e-17
during the same,1.3877787807814457e-17
each will cover,1.3877787807814457e-17
during the game,1.3877787807814457e-17
time however,1.3877787807814457e-17
the ride not,1.3877787807814457e-17
time however it,1.3877787807814457e-17
the ride,1.3877787807814457e-17
factors such,1.3877787807814457e-17
diet can,1.3877787807814457e-17
they will cover,1.3877787807814457e-17
they will,1.3877787807814457e-17
diet,1.3877787807814457e-17
the length of,1.3877787807814457e-17
when she slid,1.3850682753502319e-17
generated when she,1.3850682753502319e-17
she slid,1.3850682753502319e-17
she slid the,1.3850682753502319e-17
todd will feel,1.3444106938820255e-17
todd will,1.3444106938820255e-17
force on,1.3444106938820255e-17
force on mercury,1.3444106938820255e-17
less gravitational,1.3444106938820255e-17
gravitational force on,1.3444106938820255e-17
feel,1.3444106938820255e-17
less gravitational force,1.3444106938820255e-17
strongman is more,1.3444106938820255e-17
the question the,1.3444106938820255e-17
surface compared,1.3444106938820255e-17
question the,1.3444106938820255e-17
will feel,1.3444106938820255e-17
the weight farthest,1.3444106938820255e-17
weight farthest,1.3444106938820255e-17
cloudy air which,1.3444106938820255e-17
surface compared to,1.3444106938820255e-17
strength and endurance,1.3227266504323154e-17
and endurance,1.3227266504323154e-17
endurance,1.3227266504323154e-17
farther than jake,1.3118846287074604e-17
farther than,1.3118846287074604e-17
the person the,1.3010426069826053e-17
of what the,1.3010426069826053e-17
the neighbor dog,1.3010426069826053e-17
the neighbor,1.3010426069826053e-17
air this,1.3010426069826053e-17
table therefore,1.3010426069826053e-17
the strongman as,1.3010426069826053e-17
air which is,1.3010426069826053e-17
table therefore the,1.3010426069826053e-17
air compared,1.3010426069826053e-17
surface causing it,1.3010426069826053e-17
rug suggesting that,1.3010426069826053e-17
rug suggesting,1.3010426069826053e-17
the person than,1.3010426069826053e-17
describes the strongman,1.3010426069826053e-17
air compared to,1.3010426069826053e-17
because the pen,1.3010426069826053e-17
describes the,1.3010426069826053e-17
what the question,1.3010426069826053e-17
which would enable,1.3010426069826053e-17
would enable,1.3010426069826053e-17
what the,1.3010426069826053e-17
jetliner can move,1.3010426069826053e-17
jetliner can,1.3010426069826053e-17
as very,1.3010426069826053e-17
strongman is stronger,1.3010426069826053e-17
other factors,1.3010426069826053e-17
as very strong,1.3010426069826053e-17
would be quieter,1.3010426069826053e-17
strongman as very,1.3010426069826053e-17
strongman as,1.3010426069826053e-17
the person so,1.3010426069826053e-17
describes,1.3010426069826053e-17
would enable him,1.3010426069826053e-17
neighbor,1.3010426069826053e-17
factors,1.3010426069826053e-17
be quieter,1.3010426069826053e-17
it is the,1.3010426069826053e-17
farther away the,1.3010426069826053e-17
the rougher surface,1.3010426069826053e-17
the rougher,1.3010426069826053e-17
dog being,1.3010426069826053e-17
be quieter to,1.3010426069826053e-17
the question describes,1.3010426069826053e-17
dog being farther,1.3010426069826053e-17
away the neighbor,1.3010426069826053e-17
red rug suggesting,1.3010426069826053e-17
question describes,1.3010426069826053e-17
question describes the,1.3010426069826053e-17
the jetliner can,1.3010426069826053e-17
neighbor dog,1.3010426069826053e-17
neighbor dog being,1.3010426069826053e-17
ball to,1.2793585635328952e-17
paved surface,1.2685165418080402e-17
ends of the,1.2576745200831851e-17
wire however the,1.2576745200831851e-17
intact,1.2576745200831851e-17
rougher surface compared,1.2576745200831851e-17
the wire however,1.2576745200831851e-17
rest,1.2576745200831851e-17
rest of,1.2576745200831851e-17
remaining,1.2576745200831851e-17
circuit,1.2576745200831851e-17
that surfboard,1.2576745200831851e-17
the wire remaining,1.2576745200831851e-17
wire were much,1.2576745200831851e-17
wire were,1.2576745200831851e-17
snipped it,1.2576745200831851e-17
snipped it resulting,1.2576745200831851e-17
friction when tom,1.2576745200831851e-17
tom twisted it,1.2576745200831851e-17
circuit so,1.2576745200831851e-17
the ends of,1.2576745200831851e-17
the rest of,1.2576745200831851e-17
wire however,1.2576745200831851e-17
circuit so it,1.2576745200831851e-17
table has rougher,1.2576745200831851e-17
the surface when,1.2576745200831851e-17
when tom snipped,1.2576745200831851e-17
deduced that there,1.2576745200831851e-17
rest of the,1.2576745200831851e-17
that the ends,1.2576745200831851e-17
horse to,1.2576745200831851e-17
remaining intact,1.2576745200831851e-17
the horse to,1.2576745200831851e-17
remaining intact the,1.2576745200831851e-17
be deduced that,1.2576745200831851e-17
ends of,1.2576745200831851e-17
tom snipped,1.2576745200831851e-17
when snipped,1.2576745200831851e-17
and the rest,1.2576745200831851e-17
were much,1.2576745200831851e-17
twisted it indicating,1.2576745200831851e-17
twisted it,1.2576745200831851e-17
tom snipped it,1.2576745200831851e-17
wire remaining,1.2576745200831851e-17
the rest,1.2576745200831851e-17
surface when,1.2576745200831851e-17
were much hotter,1.2576745200831851e-17
wire remaining intact,1.2576745200831851e-17
the circuit,1.2576745200831851e-17
the circuit so,1.2576745200831851e-17
surface when tom,1.2576745200831851e-17
and the wire,1.2576745200831851e-17
so it can,1.2576745200831851e-17
it is less,1.2576745200831851e-17
deduced that,1.2576745200831851e-17
much hotter when,1.2576745200831851e-17
much hotter,1.2576745200831851e-17
the wire were,1.2576745200831851e-17
the carpet making,1.22514845490862e-17
to the carpet,1.22514845490862e-17
friction this is,1.22514845490862e-17
friction this,1.22514845490862e-17
carpet making it,1.22514845490862e-17
carpet,1.22514845490862e-17
carpet making,1.22514845490862e-17
the carpet,1.22514845490862e-17
able to attract,1.214306433183765e-17
than the flat,1.214306433183765e-17
mona,1.214306433183765e-17
he will,1.214306433183765e-17
to attract,1.214306433183765e-17
and therefore stronger,1.214306433183765e-17
because the sun,1.214306433183765e-17
while the earth,1.214306433183765e-17
with more,1.214306433183765e-17
john will,1.214306433183765e-17
ride,1.214306433183765e-17
john will have,1.214306433183765e-17
gravity is directly,1.214306433183765e-17
allows the,1.214306433183765e-17
attract more,1.214306433183765e-17
to attract more,1.214306433183765e-17
earth gravity is,1.214306433183765e-17
earth gravity,1.214306433183765e-17
therefore stronger,1.214306433183765e-17
therefore stronger than,1.214306433183765e-17
the earth gravity,1.214306433183765e-17
gravity is able,1.214306433183765e-17
are both,1.214306433183765e-17
attract,1.214306433183765e-17
will have more,1.214306433183765e-17
attract more matter,1.214306433183765e-17
they are both,1.214306433183765e-17
the resistance,1.1926223897340549e-17
greater in,1.1926223897340549e-17
the resistance to,1.1926223897340549e-17
the case the,1.1926223897340549e-17
should be,1.1926223897340549e-17
was less friction,1.1926223897340549e-17
as the resistance,1.1926223897340549e-17
which surface will,1.1926223897340549e-17
movement is,1.1926223897340549e-17
to movement,1.1926223897340549e-17
movement is greater,1.1926223897340549e-17
will provide,1.1926223897340549e-17
to movement is,1.1926223897340549e-17
states that larry,1.1926223897340549e-17
will provide less,1.1926223897340549e-17
greater in the,1.1926223897340549e-17
friction so,1.1926223897340549e-17
tile floor however,1.1926223897340549e-17
there was less,1.1926223897340549e-17
floor this suggests,1.1926223897340549e-17
tile floor as,1.1926223897340549e-17
surface will,1.1926223897340549e-17
surface will provide,1.1926223897340549e-17
friction so the,1.1926223897340549e-17
floor as the,1.1926223897340549e-17
floor as,1.1926223897340549e-17
resistance to movement,1.1926223897340549e-17
that more heat,1.1709383462843448e-17
pan indicating,1.1709383462843448e-17
pan indicating that,1.1709383462843448e-17
the flat,1.1709383462843448e-17
the flat ground,1.1709383462843448e-17
frying pan indicating,1.1709383462843448e-17
the first,1.1492543028346347e-17
blue rug which,1.1275702593849246e-17
john and,1.1275702593849246e-17
ball was,1.1275702593849246e-17
ball was closer,1.1275702593849246e-17
the ball was,1.1275702593849246e-17
for less friction,1.1275702593849246e-17
is dropped,1.1275702593849246e-17
surface allows for,1.1275702593849246e-17
compared to jane,1.1275702593849246e-17
more smooth the,1.1275702593849246e-17
tile floor being,1.1275702593849246e-17
cart therefore larry,1.1275702593849246e-17
floor being smoother,1.1275702593849246e-17
cart therefore,1.1275702593849246e-17
that todd,1.1275702593849246e-17
shopping cart therefore,1.1275702593849246e-17
must push,1.1275702593849246e-17
smooth the question,1.1275702593849246e-17
must push the,1.1275702593849246e-17
body compared to,1.1275702593849246e-17
body compared,1.1275702593849246e-17
friction and faster,1.1275702593849246e-17
faster speed therefore,1.1275702593849246e-17
being smoother surface,1.1275702593849246e-17
rug has,1.1275702593849246e-17
faster speed,1.1275702593849246e-17
friction when pushing,1.1275702593849246e-17
to jane,1.1275702593849246e-17
appear larger when,1.1275702593849246e-17
being smoother,1.1275702593849246e-17
smooth the,1.1275702593849246e-17
when they are,1.1275702593849246e-17
when pushing the,1.1275702593849246e-17
when pushing,1.1275702593849246e-17
therefore larry is,1.1275702593849246e-17
because the old,1.1275702593849246e-17
his body compared,1.1275702593849246e-17
higher resistance compared,1.1275702593849246e-17
therefore larry must,1.1275702593849246e-17
speed therefore larry,1.1275702593849246e-17
less friction or,1.1275702593849246e-17
on mercury as,1.1275702593849246e-17
when it was,1.1275702593849246e-17
and faster,1.1275702593849246e-17
and faster speed,1.1275702593849246e-17
states that peter,1.1140177322288558e-17
the racetrack compared,1.1140177322288558e-17
the racetrack indicating,1.1140177322288558e-17
racetrack compared to,1.1140177322288558e-17
the context of,1.1140177322288558e-17
case instead,1.1140177322288558e-17
to the motorcycle,1.1140177322288558e-17
motorcycle goes,1.1140177322288558e-17
motorcycle to,1.1140177322288558e-17
motorcycle to move,1.1140177322288558e-17
to the sandbox,1.1140177322288558e-17
racetrack indicating that,1.1140177322288558e-17
that peter is,1.1140177322288558e-17
case instead it,1.1140177322288558e-17
sandbox which provides,1.1140177322288558e-17
allowing the motorcycle,1.1140177322288558e-17
peter,1.1140177322288558e-17
the motorcycle to,1.1140177322288558e-17
the motorcycle goes,1.1140177322288558e-17
consider,1.1140177322288558e-17
consider the,1.1140177322288558e-17
consider the context,1.1140177322288558e-17
sandbox allowing,1.1140177322288558e-17
sandbox allowing the,1.1140177322288558e-17
racetrack indicating,1.1140177322288558e-17
the case instead,1.1140177322288558e-17
the sandbox allowing,1.1140177322288558e-17
freely and quickly,1.1140177322288558e-17
for the sandbox,1.1140177322288558e-17
the sandbox which,1.1140177322288558e-17
sandbox which,1.1140177322288558e-17
that peter,1.1140177322288558e-17
the motorcycle movement,1.1140177322288558e-17
and quickly the,1.1140177322288558e-17
to consider,1.1140177322288558e-17
context of,1.1140177322288558e-17
slower therefore the,1.1140177322288558e-17
racetrack compared,1.1140177322288558e-17
move more freely,1.1140177322288558e-17
to consider the,1.1140177322288558e-17
context of the,1.1140177322288558e-17
give as,1.1058862159352145e-17
give as cardboard,1.1058862159352145e-17
give,1.1058862159352145e-17
break because,1.1058862159352145e-17
replacing,1.1058862159352145e-17
and when,1.1058862159352145e-17
so it more,1.1058862159352145e-17
bent so the,1.1058862159352145e-17
when it bent,1.1058862159352145e-17
because surfboard,1.1058862159352145e-17
replacing therefore the,1.1058862159352145e-17
replacing therefore,1.1058862159352145e-17
which item,1.1058862159352145e-17
asks which item,1.1058862159352145e-17
cardboard so it,1.1058862159352145e-17
bent so,1.1058862159352145e-17
because surfboard is,1.1058862159352145e-17
cardboard and when,1.1058862159352145e-17
cardboard and,1.1058862159352145e-17
same give as,1.1058862159352145e-17
same give,1.1058862159352145e-17
cardboard however,1.1058862159352145e-17
cardboard however the,1.1058862159352145e-17
that john,1.1058862159352145e-17
does have the,1.1058862159352145e-17
cardboard so,1.1058862159352145e-17
does have,1.1058862159352145e-17
the same give,1.1058862159352145e-17
cardboard it,1.1058862159352145e-17
cardboard it replacing,1.1058862159352145e-17
the cardboard it,1.1058862159352145e-17
when bent so,1.1058862159352145e-17
which item will,1.1058862159352145e-17
to the cardboard,1.1058862159352145e-17
break because it,1.1058862159352145e-17
bent it,1.1058862159352145e-17
when bent compared,1.1058862159352145e-17
break when,1.1058862159352145e-17
because it does,1.1058862159352145e-17
bent it more,1.1058862159352145e-17
as cardboard so,1.1058862159352145e-17
break when bent,1.1058862159352145e-17
as cardboard however,1.1058862159352145e-17
as cardboard and,1.1058862159352145e-17
bent compared,1.1058862159352145e-17
bent compared to,1.1058862159352145e-17
because it,1.1058862159352145e-17
and when it,1.1058862159352145e-17
barking on,1.1031757105040008e-17
louder to me,1.1031757105040008e-17
was barking on,1.1031757105040008e-17
was louder,1.1031757105040008e-17
was louder to,1.1031757105040008e-17
less resistance than,1.100465205072787e-17
tile floor this,1.0950441942103595e-17
piece,1.0842021724855044e-17
generate heat therefore,1.0842021724855044e-17
the brick will,1.0842021724855044e-17
that can cause,1.0842021724855044e-17
as stones or,1.0842021724855044e-17
obstacles such,1.0842021724855044e-17
the brick,1.0842021724855044e-17
which surface,1.0842021724855044e-17
brick will,1.0842021724855044e-17
obstacles such as,1.0842021724855044e-17
brick will fall,1.0842021724855044e-17
asks which surface,1.0842021724855044e-17
temperature,1.0842021724855044e-17
field may have,1.0842021724855044e-17
to the weedy,1.0842021724855044e-17
temperature of,1.0842021724855044e-17
generate heat,1.0842021724855044e-17
the fastest on,1.0842021724855044e-17
without,1.0842021724855044e-17
generate,1.0842021724855044e-17
will not make,1.0842021724855044e-17
and generate heat,1.0842021724855044e-17
grass that,1.0842021724855044e-17
grass that can,1.0842021724855044e-17
weedy weedy,1.0842021724855044e-17
fall the fastest,1.0842021724855044e-17
cause friction and,1.0842021724855044e-17
that the temperature,1.0842021724855044e-17
that the surfboard,1.0842021724855044e-17
stones or grass,1.0842021724855044e-17
cause friction,1.0842021724855044e-17
across it compared,1.0842021724855044e-17
stones or,1.0842021724855044e-17
stones,1.0842021724855044e-17
the piece,1.0842021724855044e-17
still affect the,1.0842021724855044e-17
still affect,1.0842021724855044e-17
field however it,1.0842021724855044e-17
weedy weedy field,1.0842021724855044e-17
temperature of the,1.0842021724855044e-17
can still affect,1.0842021724855044e-17
the fastest,1.0842021724855044e-17
surface can,1.0842021724855044e-17
therefore will,1.0842021724855044e-17
weedy field may,1.0842021724855044e-17
weedy field however,1.0842021724855044e-17
not make soccer,1.0842021724855044e-17
can still,1.0842021724855044e-17
field is,1.0842021724855044e-17
therefore will not,1.0842021724855044e-17
surface can still,1.0842021724855044e-17
and therefore will,1.0842021724855044e-17
the surface can,1.0842021724855044e-17
fastest on,1.0842021724855044e-17
affect the performance,1.0842021724855044e-17
the temperature of,1.0842021724855044e-17
such as stones,1.0842021724855044e-17
such obstacles,1.0842021724855044e-17
such obstacles and,1.0842021724855044e-17
can cause friction,1.0842021724855044e-17
without breaking,1.0842021724855044e-17
the surfboard,1.0842021724855044e-17
field however,1.0842021724855044e-17
field is less,1.0842021724855044e-17
the temperature,1.0842021724855044e-17
friction and generate,1.0842021724855044e-17
and generate,1.0842021724855044e-17
field may,1.0842021724855044e-17
obstacles and therefore,1.0842021724855044e-17
heat therefore the,1.0842021724855044e-17
obstacles and,1.0842021724855044e-17
as stones,1.0842021724855044e-17
will fall the,1.0842021724855044e-17
wet field is,1.0842021724855044e-17
heat therefore,1.0842021724855044e-17
the performance of,1.0842021724855044e-17
the performance,1.0842021724855044e-17
to have such,1.0842021724855044e-17
for meredith,1.0408340855860843e-17
and the frying,1.0408340855860843e-17
snap,1.0408340855860843e-17
seems like the,1.0408340855860843e-17
greater amount,1.0408340855860843e-17
greater amount of,1.0408340855860843e-17
seems like,1.0408340855860843e-17
fridge therefore,1.0408340855860843e-17
can only go,1.0408340855860843e-17
the question also,1.0408340855860843e-17
is more resistant,1.0408340855860843e-17
very slowly,1.0408340855860843e-17
question also,1.0408340855860843e-17
butter to move,1.0408340855860843e-17
more heat,1.0408340855860843e-17
to snap,1.0408340855860843e-17
more resistant to,1.0408340855860843e-17
and the fridge,1.0408340855860843e-17
more resistant,1.0408340855860843e-17
earth this,1.0408340855860843e-17
therefore when,1.0408340855860843e-17
fridge therefore more,1.0408340855860843e-17
can only,1.0408340855860843e-17
for meredith to,1.0408340855860843e-17
mentioned that there,1.0408340855860843e-17
mentioned,1.0408340855860843e-17
through the flower,1.0408340855860843e-17
slid more slowly,1.0408340855860843e-17
the fridge therefore,1.0408340855860843e-17
only go very,1.0408340855860843e-17
only go,1.0408340855860843e-17
should have mentioned,1.0408340855860843e-17
go very slowly,1.0408340855860843e-17
slid more,1.0408340855860843e-17
to the paved,1.0408340855860843e-17
that meredith,1.0408340855860843e-17
go very,1.0408340855860843e-17
amount of friction,1.0408340855860843e-17
surface with,1.0408340855860843e-17
flexible and,1.0408340855860843e-17
jane physical,1.0408340855860843e-17
why it slid,1.0408340855860843e-17
when it is,1.0408340855860843e-17
states that meredith,1.0408340855860843e-17
of construction paper,1.0408340855860843e-17
frying pan which,1.0408340855860843e-17
slowly which,1.0408340855860843e-17
slowly which is,1.0408340855860843e-17
grass has lower,1.0408340855860843e-17
of construction,1.0408340855860843e-17
cause the butter,1.0408340855860843e-17
frying pan however,1.0408340855860843e-17
of friction,1.0408340855860843e-17
frying pan greater,1.0408340855860843e-17
that the adult,1.0191500421363742e-17
old child and,1.0191500421363742e-17
will throw,1.0191500421363742e-17
will throw the,1.0191500421363742e-17
weaker year old,1.0191500421363742e-17
allow the pants,1.0191500421363742e-17
adult will,1.0191500421363742e-17
the adult will,1.0191500421363742e-17
the pants to,1.0191500421363742e-17
pants to,1.0191500421363742e-17
child and,1.0191500421363742e-17
adult will throw,1.0191500421363742e-17
weaker year,1.0191500421363742e-17
stronger adult,1.0191500421363742e-17
pants to reach,1.0191500421363742e-17
grass suggesting that,1.0164395367051604e-17
grass suggesting,1.0164395367051604e-17
mass of mars,9.974659986866641e-18
mass of neptune,9.974659986866641e-18
mars is,9.974659986866641e-18
mars is less,9.974659986866641e-18
of mars is,9.974659986866641e-18
than the mass,9.974659986866641e-18
farther distance than,9.974659986866641e-18
that the mass,9.974659986866641e-18
less than the,9.974659986866641e-18
will fall,9.974659986866641e-18
speed of,9.75781955236954e-18
speed of the,9.75781955236954e-18
field which provides,9.64939933512099e-18
move quickly,9.64939933512099e-18
surface indicating that,9.64939933512099e-18
sentence,9.64939933512099e-18
sentence which,9.64939933512099e-18
sentence which states,9.64939933512099e-18
terry bicycle was,9.64939933512099e-18
for terry to,9.64939933512099e-18
move quickly the,9.64939933512099e-18
slower this,9.64939933512099e-18
riding on,9.64939933512099e-18
the first part,9.64939933512099e-18
riding on the,9.64939933512099e-18
slower this is,9.64939933512099e-18
for terry,9.64939933512099e-18
field making,9.64939933512099e-18
terry to,9.64939933512099e-18
terry to pedal,9.64939933512099e-18
field making it,9.64939933512099e-18
bicycle riding on,9.64939933512099e-18
and move quickly,9.64939933512099e-18
the bicycle movement,9.64939933512099e-18
bicycle and move,9.64939933512099e-18
bicycle movement making,9.64939933512099e-18
to pedal his,9.64939933512099e-18
surface indicating,9.64939933512099e-18
that terry bicycle,9.64939933512099e-18
bicycle and,9.64939933512099e-18
grass field which,9.64939933512099e-18
first part of,9.64939933512099e-18
the sentence,9.64939933512099e-18
the bicycle,9.64939933512099e-18
grass field making,9.64939933512099e-18
the sentence which,9.64939933512099e-18
first part,9.64939933512099e-18
part of the,9.64939933512099e-18
bicycle was faster,9.64939933512099e-18
for the grass,9.64939933512099e-18
for the first,9.64939933512099e-18
bicycle was,9.64939933512099e-18
to the bicycle,9.64939933512099e-18
easier for terry,9.64939933512099e-18
bicycle movement,9.64939933512099e-18
across it the,9.595189226496714e-18
to tear,9.540979117872439e-18
break easier,9.540979117872439e-18
flexible and light,9.540979117872439e-18
to experience,9.540979117872439e-18
that will,9.540979117872439e-18
food to experience,9.540979117872439e-18
displayed,9.540979117872439e-18
to experience more,9.540979117872439e-18
break easier when,9.540979117872439e-18
that surfboard is,9.540979117872439e-18
or displayed,9.540979117872439e-18
common misconception,9.540979117872439e-18
explaining that,9.540979117872439e-18
less friction making,9.540979117872439e-18
experience more friction,9.540979117872439e-18
hung or displayed,9.540979117872439e-18
cause the pet,9.540979117872439e-18
hung or,9.540979117872439e-18
hung,9.540979117872439e-18
likely to tear,9.540979117872439e-18
will break easier,9.540979117872439e-18
easier when,9.540979117872439e-18
hill has,9.540979117872439e-18
will break,9.540979117872439e-18
made of construction,9.540979117872439e-18
and light,9.540979117872439e-18
to have less,9.540979117872439e-18
light weight,9.540979117872439e-18
and it,9.540979117872439e-18
steep hill has,9.540979117872439e-18
and light weight,9.540979117872439e-18
easier when bent,9.540979117872439e-18
will cause the,9.540979117872439e-18
explaining,9.540979117872439e-18
explaining that the,9.540979117872439e-18
increased,9.540979117872439e-18
can be,9.324138683375338e-18
neither one,9.107298248878237e-18
far however it,9.107298248878237e-18
that he will,9.107298248878237e-18
neither,9.107298248878237e-18
so neither,9.107298248878237e-18
far however,9.107298248878237e-18
footballs so,9.107298248878237e-18
force is,9.107298248878237e-18
going to throw,9.107298248878237e-18
resulting in terry,9.107298248878237e-18
going to,9.107298248878237e-18
going,9.107298248878237e-18
than jake so,9.107298248878237e-18
necessarily going to,9.107298248878237e-18
ball further,9.107298248878237e-18
throwing footballs so,9.107298248878237e-18
necessarily going,9.107298248878237e-18
throwing farther than,9.107298248878237e-18
are throwing footballs,9.107298248878237e-18
ball as far,9.107298248878237e-18
throwing farther,9.107298248878237e-18
mentions that terry,9.107298248878237e-18
ball further the,9.107298248878237e-18
friction making it,9.107298248878237e-18
weight means less,9.107298248878237e-18
as far however,9.107298248878237e-18
both terry,9.107298248878237e-18
ball resulting,9.107298248878237e-18
both terry and,9.107298248878237e-18
ball resulting in,9.107298248878237e-18
are throwing,9.107298248878237e-18
that this is,9.107298248878237e-18
force is required,9.107298248878237e-18
neither one is,9.107298248878237e-18
footballs so neither,9.107298248878237e-18
and jake,9.107298248878237e-18
the ball as,9.107298248878237e-18
so neither one,9.107298248878237e-18
not throw,9.107298248878237e-18
not throw the,9.107298248878237e-18
and jake are,9.107298248878237e-18
terry and,9.107298248878237e-18
terry and jake,9.107298248878237e-18
the ball further,9.107298248878237e-18
will not throw,9.107298248878237e-18
where both terry,9.107298248878237e-18
terry throwing farther,9.107298248878237e-18
event where both,9.107298248878237e-18
an event where,9.107298248878237e-18
event where,9.107298248878237e-18
so it reasonable,9.107298248878237e-18
the ball resulting,9.107298248878237e-18
terry throwing,9.107298248878237e-18
further the question,9.107298248878237e-18
than jake however,9.107298248878237e-18
assume that he,9.107298248878237e-18
than jake and,9.107298248878237e-18
an event,9.107298248878237e-18
where both,9.107298248878237e-18
further the,9.107298248878237e-18
and less weight,9.107298248878237e-18
being generated,9.073416930988065e-18
mars has,8.890457814381136e-18
than neptune it,8.890457814381136e-18
mass will result,8.890457814381136e-18
mass will,8.890457814381136e-18
mass than neptune,8.890457814381136e-18
since mars has,8.890457814381136e-18
neptune it,8.890457814381136e-18
since mars,8.890457814381136e-18
than neptune,8.890457814381136e-18
is that,8.673617379884035e-18
the person on,8.673617379884035e-18
note that the,8.673617379884035e-18
this resistance,8.673617379884035e-18
can move,8.673617379884035e-18
which will,8.673617379884035e-18
for less resistance,8.673617379884035e-18
can speed up,8.673617379884035e-18
can speed,8.673617379884035e-18
however it,8.673617379884035e-18
person on the,8.673617379884035e-18
person on,8.673617379884035e-18
less therefore,8.673617379884035e-18
and around until,8.51098705401121e-18
the piece snapped,8.51098705401121e-18
than snipping,8.51098705401121e-18
until the piece,8.51098705401121e-18
friction than snipping,8.51098705401121e-18
wire around and,8.51098705401121e-18
snapped off indicating,8.51098705401121e-18
until,8.51098705401121e-18
until the,8.51098705401121e-18
around until the,8.51098705401121e-18
around until,8.51098705401121e-18
the floor,8.456776945386935e-18
it can not,8.239936510889834e-18
covered,8.239936510889834e-18
it does,8.023096076392733e-18
that the chandelier,8.023096076392733e-18
and can,8.023096076392733e-18
was next,7.806255641895632e-18
was next to,7.806255641895632e-18
next,7.806255641895632e-18
next to,7.806255641895632e-18
lose,7.806255641895632e-18
floor this is,7.806255641895632e-18
to lose,7.806255641895632e-18
surface allows,7.806255641895632e-18
causing more friction,7.806255641895632e-18
surface causing more,7.806255641895632e-18
causing more,7.806255641895632e-18
floor being,7.806255641895632e-18
also,7.806255641895632e-18
smoother surface allows,7.806255641895632e-18
and inertia suggesting,7.589415207398531e-18
will experience more,7.589415207398531e-18
object like,7.589415207398531e-18
object like toy,7.589415207398531e-18
and the stronger,7.589415207398531e-18
throw the same,7.589415207398531e-18
stronger adult throw,7.589415207398531e-18
than the year,7.589415207398531e-18
be thrown shorter,7.589415207398531e-18
the stronger,7.589415207398531e-18
the same toy,7.589415207398531e-18
and inertia,7.589415207398531e-18
the stronger adult,7.589415207398531e-18
air resistance and,7.589415207398531e-18
room but the,7.589415207398531e-18
experience more air,7.589415207398531e-18
across the room,7.589415207398531e-18
be thrown,7.589415207398531e-18
air resistance,7.589415207398531e-18
the room but,7.589415207398531e-18
the weaker,7.589415207398531e-18
shorter distance due,7.589415207398531e-18
that the weaker,7.589415207398531e-18
the weaker year,7.589415207398531e-18
child suggesting,7.589415207398531e-18
and can be,7.589415207398531e-18
adult throw,7.589415207398531e-18
the adult is,7.589415207398531e-18
adult throw the,7.589415207398531e-18
blue,7.589415207398531e-18
thrown shorter,7.589415207398531e-18
toy will,7.589415207398531e-18
toy will experience,7.589415207398531e-18
child suggesting that,7.589415207398531e-18
but the adult,7.589415207398531e-18
to have greater,7.589415207398531e-18
same toy,7.589415207398531e-18
same toy across,7.589415207398531e-18
distance due,7.589415207398531e-18
the blue,7.589415207398531e-18
the room,7.589415207398531e-18
distance due to,7.589415207398531e-18
toy across the,7.589415207398531e-18
child and the,7.589415207398531e-18
toy across,7.589415207398531e-18
adult is,7.589415207398531e-18
greater mass and,7.589415207398531e-18
adult is likely,7.589415207398531e-18
shorter distance this,7.589415207398531e-18
to its greater,7.589415207398531e-18
can be thrown,7.589415207398531e-18
to stop,7.48099499014998e-18
therefore the outfield,7.48099499014998e-18
than jake suggesting,7.453889935837843e-18
and throws farther,7.453889935837843e-18
suggesting that terry,7.453889935837843e-18
throws farther than,7.453889935837843e-18
than jake has,7.453889935837843e-18
and throws,7.453889935837843e-18
the misconception,7.37257477290143e-18
greater mass than,7.37257477290143e-18
the falling,7.37257477290143e-18
greater mass does,7.37257477290143e-18
fall the same,7.37257477290143e-18
the falling brick,7.37257477290143e-18
states that jane,7.37257477290143e-18
brick causing it,7.37257477290143e-18
brick causing,7.37257477290143e-18
fall when brick,7.37257477290143e-18
slower fall when,7.37257477290143e-18
that mars will,7.37257477290143e-18
fall when,7.37257477290143e-18
result in greater,7.37257477290143e-18
because neptune has,7.37257477290143e-18
greater mass will,7.37257477290143e-18
not mean,7.37257477290143e-18
not mean it,7.37257477290143e-18
greater resistance to,7.37257477290143e-18
the misconception arises,7.37257477290143e-18
states for the,7.37257477290143e-18
dropped from its,7.37257477290143e-18
greater resistance,7.37257477290143e-18
to its gravitational,7.37257477290143e-18
from its surface,7.37257477290143e-18
speed the misconception,7.37257477290143e-18
gravitational pull since,7.37257477290143e-18
because the mass,7.37257477290143e-18
fall instead,7.37257477290143e-18
falling brick causing,7.37257477290143e-18
from its,7.37257477290143e-18
because neptune,7.37257477290143e-18
fall instead neptune,7.37257477290143e-18
to the falling,7.37257477290143e-18
that mars,7.37257477290143e-18
slower fall instead,7.37257477290143e-18
surface but it,7.37257477290143e-18
than mars,7.37257477290143e-18
will still,7.37257477290143e-18
to fall,7.37257477290143e-18
follows that mars,7.37257477290143e-18
but its greater,7.37257477290143e-18
neptune greater,7.37257477290143e-18
but it will,7.37257477290143e-18
but it,7.37257477290143e-18
related,7.37257477290143e-18
neptune greater mass,7.37257477290143e-18
same speed the,7.37257477290143e-18
related to,7.37257477290143e-18
related to its,7.37257477290143e-18
neptune has,7.37257477290143e-18
will still fall,7.37257477290143e-18
neptune has greater,7.37257477290143e-18
still fall,7.37257477290143e-18
still fall the,7.37257477290143e-18
neptune it follows,7.37257477290143e-18
does not mean,7.37257477290143e-18
but its,7.37257477290143e-18
arises because neptune,7.37257477290143e-18
directly related,7.37257477290143e-18
speed the,7.37257477290143e-18
than mars but,7.37257477290143e-18
arises because,7.37257477290143e-18
directly related to,7.37257477290143e-18
surface but,7.37257477290143e-18
so it would,7.15573433840433e-18
over the,7.047314121155779e-18
closer to the,7.020209066843641e-18
friction and the,6.952446431063297e-18
more than,6.938893903907228e-18
to move through,6.938893903907228e-18
will not,6.938893903907228e-18
she,6.938893903907228e-18
that he,6.938893903907228e-18
the opposite is,6.938893903907228e-18
opposite is,6.938893903907228e-18
contrast the,6.938893903907228e-18
it the,6.938893903907228e-18
causes the,6.938893903907228e-18
of an,6.830473686658678e-18
the object with,6.7220534694101275e-18
sheet this is,6.7220534694101275e-18
cotton sheet since,6.7220534694101275e-18
will be larger,6.7220534694101275e-18
cotton sheet this,6.7220534694101275e-18
silk sheet it,6.7220534694101275e-18
will travel greater,6.7220534694101275e-18
silk sheet therefore,6.7220534694101275e-18
sheet since friction,6.7220534694101275e-18
be larger than,6.7220534694101275e-18
object with less,6.7220534694101275e-18
object with,6.7220534694101275e-18
friction the,6.7220534694101275e-18
sheet this,6.7220534694101275e-18
be larger,6.7220534694101275e-18
friction the kumquat,6.7220534694101275e-18
greater distance on,6.7220534694101275e-18
that john will,6.6542908336297835e-18
as john suggesting,6.6542908336297835e-18
suggesting that john,6.6542908336297835e-18
being produced on,6.613633252161577e-18
ball with,6.613633252161577e-18
being produced,6.613633252161577e-18
ball with more,6.613633252161577e-18
distance and time,6.613633252161577e-18
endurance than jane,6.613633252161577e-18
are both athletic,6.613633252161577e-18
of inertia,6.613633252161577e-18
speed resulting in,6.613633252161577e-18
force and speed,6.613633252161577e-18
and endurance than,6.613633252161577e-18
force and,6.613633252161577e-18
than jane he,6.613633252161577e-18
than jane,6.613633252161577e-18
resulting in more,6.613633252161577e-18
speed resulting,6.613633252161577e-18
with more force,6.613633252161577e-18
sweat being,6.613633252161577e-18
endurance than,6.613633252161577e-18
to jane this,6.613633252161577e-18
relationship between distance,6.613633252161577e-18
endurance will,6.613633252161577e-18
endurance will enable,6.613633252161577e-18
sweat being produced,6.613633252161577e-18
between distance and,6.613633252161577e-18
both athletic john,6.613633252161577e-18
between distance,6.613633252161577e-18
both athletic,6.613633252161577e-18
athletic john greater,6.613633252161577e-18
athletic john,6.613633252161577e-18
and endurance will,6.613633252161577e-18
and since they,6.613633252161577e-18
and the relationship,6.613633252161577e-18
since john is,6.613633252161577e-18
will be able,6.613633252161577e-18
and time since,6.613633252161577e-18
since john,6.613633252161577e-18
the ball with,6.613633252161577e-18
since they are,6.613633252161577e-18
as john and,6.613633252161577e-18
will enable him,6.613633252161577e-18
since they,6.613633252161577e-18
time since john,6.613633252161577e-18
and speed resulting,6.613633252161577e-18
will enable,6.613633252161577e-18
floor however,6.5052130349130266e-18
it indicating,6.5052130349130266e-18
jetliner to,6.5052130349130266e-18
the jetliner to,6.5052130349130266e-18
it indicating that,6.5052130349130266e-18
jetliner to move,6.5052130349130266e-18
down the jetliner,6.5052130349130266e-18
floor however the,6.5052130349130266e-18
her speed,6.5052130349130266e-18
did,6.5052130349130266e-18
neptune larger mass,6.396792817664476e-18
gravity between two,6.396792817664476e-18
neptune larger,6.396792817664476e-18
neptune it will,6.396792817664476e-18
smaller mass,6.396792817664476e-18
neptune according,6.396792817664476e-18
smaller mass than,6.396792817664476e-18
in faster,6.396792817664476e-18
falling brick in,6.396792817664476e-18
exert weaker,6.396792817664476e-18
falling brick due,6.396792817664476e-18
therefore the brick,6.396792817664476e-18
to its stronger,6.396792817664476e-18
will exert weaker,6.396792817664476e-18
faster falling brick,6.396792817664476e-18
brick due,6.396792817664476e-18
brick due to,6.396792817664476e-18
brick in,6.396792817664476e-18
brick in contrast,6.396792817664476e-18
gravity between,6.396792817664476e-18
exert weaker gravitational,6.396792817664476e-18
contrast neptune larger,6.396792817664476e-18
contrast neptune,6.396792817664476e-18
weaker gravitational pull,6.396792817664476e-18
slower falling brick,6.396792817664476e-18
result in faster,6.396792817664476e-18
force of gravity,6.396792817664476e-18
gravitation the force,6.396792817664476e-18
will exert,6.396792817664476e-18
gravitational pull resulting,6.396792817664476e-18
faster falling,6.396792817664476e-18
slower falling,6.396792817664476e-18
neptune according to,6.396792817664476e-18
sheet therefore,6.288372600415926e-18
mica to skate,6.179952383167375e-18
smoother surface compared,6.085084693074894e-18
has smoother surface,6.085084693074894e-18
reading,6.071532165918825e-18
pushups,6.071532165918825e-18
milo is reading,6.071532165918825e-18
is reading,6.071532165918825e-18
its gravitational,6.071532165918825e-18
is reading book,6.071532165918825e-18
reading book,6.071532165918825e-18
through,6.071532165918825e-18
book,6.071532165918825e-18
sweating less than,6.071532165918825e-18
that the brick,5.664956351236761e-18
neptune suggesting that,5.664956351236761e-18
fastest on mars,5.664956351236761e-18
neptune suggesting,5.664956351236761e-18
carrie eyes,5.637851296924623e-18
deduced from,5.637851296924623e-18
again,5.637851296924623e-18
dresser meaning,5.637851296924623e-18
face this is,5.637851296924623e-18
has smoother,5.637851296924623e-18
away since the,5.637851296924623e-18
given however the,5.637851296924623e-18
rougher surface therefore,5.637851296924623e-18
given however,5.637851296924623e-18
the friction or,5.637851296924623e-18
the observer and,5.637851296924623e-18
rug has smoother,5.637851296924623e-18
to be annabel,5.637851296924623e-18
given time,5.637851296924623e-18
rug has rougher,5.637851296924623e-18
where objects appear,5.637851296924623e-18
experiences high resistance,5.637851296924623e-18
the closer,5.637851296924623e-18
given time therefore,5.637851296924623e-18
resistance of,5.637851296924623e-18
across the table,5.637851296924623e-18
dresser meaning that,5.637851296924623e-18
experiences high,5.637851296924623e-18
resistance of the,5.637851296924623e-18
face this,5.637851296924623e-18
the closer the,5.637851296924623e-18
proximity,5.637851296924623e-18
known,5.637851296924623e-18
be deduced from,5.637851296924623e-18
the table which,5.637851296924623e-18
face the larger,5.637851296924623e-18
peanut experiences high,5.637851296924623e-18
got to,5.637851296924623e-18
got to carrie,5.637851296924623e-18
again compared to,5.637851296924623e-18
easier journey across,5.637851296924623e-18
shorter distance each,5.637851296924623e-18
distance each time,5.637851296924623e-18
hand is known,5.637851296924623e-18
table which will,5.637851296924623e-18
appeared indicating,5.637851296924623e-18
appeared indicating that,5.637851296924623e-18
dresser surface so,5.637851296924623e-18
covers shorter distance,5.637851296924623e-18
eyes,5.637851296924623e-18
must have,5.637851296924623e-18
farther away since,5.637851296924623e-18
eyes when it,5.637851296924623e-18
blue rug has,5.637851296924623e-18
covers shorter,5.637851296924623e-18
red rug which,5.637851296924623e-18
eyes when,5.637851296924623e-18
red rug has,5.637851296924623e-18
got closer to,5.637851296924623e-18
got closer,5.637851296924623e-18
journey across the,5.637851296924623e-18
face the,5.637851296924623e-18
journey across,5.637851296924623e-18
information given however,5.637851296924623e-18
and is likely,5.637851296924623e-18
pants have an,5.637851296924623e-18
journey,5.637851296924623e-18
the table so,5.637851296924623e-18
therefore annabel on,5.637851296924623e-18
therefore annabel,5.637851296924623e-18
deduced from the,5.637851296924623e-18
again compared,5.637851296924623e-18
answer is likely,5.637851296924623e-18
table so,5.637851296924623e-18
ball got to,5.637851296924623e-18
table so the,5.637851296924623e-18
to the observer,5.637851296924623e-18
ball got closer,5.637851296924623e-18
distance in given,5.637851296924623e-18
speed and is,5.637851296924623e-18
smaller when,5.637851296924623e-18
smaller when they,5.637851296924623e-18
easier journey,5.637851296924623e-18
resistance when sliding,5.637851296924623e-18
pants have,5.637851296924623e-18
it the question,5.637851296924623e-18
the dresser has,5.637851296924623e-18
surface so,5.637851296924623e-18
face when it,5.637851296924623e-18
the dresser meaning,5.637851296924623e-18
are closer,5.637851296924623e-18
which will allow,5.637851296924623e-18
annabel on,5.637851296924623e-18
she pedals her,5.637851296924623e-18
have an easier,5.637851296924623e-18
annabel meaning that,5.637851296924623e-18
an easier journey,5.637851296924623e-18
the pants have,5.637851296924623e-18
that lydia covers,5.637851296924623e-18
as annabel meaning,5.637851296924623e-18
dresser has,5.637851296924623e-18
each time she,5.637851296924623e-18
observer and,5.637851296924623e-18
offers more friction,5.637851296924623e-18
tricycle,5.637851296924623e-18
annabel shorter,5.637851296924623e-18
tricycle therefore,5.637851296924623e-18
be annabel,5.637851296924623e-18
annabel on the,5.637851296924623e-18
be annabel shorter,5.637851296924623e-18
face when,5.637851296924623e-18
logical,5.637851296924623e-18
sliding across it,5.637851296924623e-18
tricycle therefore annabel,5.637851296924623e-18
that the closer,5.637851296924623e-18
annabel shorter distance,5.637851296924623e-18
to the red,5.637851296924623e-18
surface so this,5.637851296924623e-18
observer and smaller,5.637851296924623e-18
offers more,5.637851296924623e-18
away since,5.637851296924623e-18
encounter less friction,5.637851296924623e-18
encounter,5.637851296924623e-18
encounter less,5.637851296924623e-18
the pants encounter,5.637851296924623e-18
objects appear larger,5.637851296924623e-18
objects appear,5.637851296924623e-18
to carrie eyes,5.637851296924623e-18
and smaller when,5.637851296924623e-18
she pedals,5.637851296924623e-18
an easier,5.637851296924623e-18
the larger,5.637851296924623e-18
the larger it,5.637851296924623e-18
time she,5.637851296924623e-18
and smaller,5.637851296924623e-18
dresser has less,5.637851296924623e-18
they are farther,5.637851296924623e-18
to her again,5.637851296924623e-18
are farther away,5.637851296924623e-18
from the information,5.637851296924623e-18
time she pedals,5.637851296924623e-18
for her speed,5.637851296924623e-18
closer the ball,5.637851296924623e-18
have an,5.637851296924623e-18
they are closer,5.637851296924623e-18
carrie face when,5.637851296924623e-18
is known,5.637851296924623e-18
carrie face the,5.637851296924623e-18
carrie eyes when,5.637851296924623e-18
closer the,5.637851296924623e-18
annabel meaning,5.637851296924623e-18
are closer to,5.637851296924623e-18
are farther,5.637851296924623e-18
each time,5.637851296924623e-18
and around,5.5294310796760726e-18
around and,5.5294310796760726e-18
around and around,5.5294310796760726e-18
without breaking in,5.421010862427522e-18
to withstand,5.421010862427522e-18
when bent the,5.421010862427522e-18
stress as well,5.421010862427522e-18
well,5.421010862427522e-18
well as,5.421010862427522e-18
absorb,5.421010862427522e-18
bent the,5.421010862427522e-18
absorb or,5.421010862427522e-18
bent the answer,5.421010862427522e-18
can bend,5.421010862427522e-18
actually because the,5.421010862427522e-18
absorb or distribute,5.421010862427522e-18
actually because,5.421010862427522e-18
well as the,5.421010862427522e-18
and more prone,5.421010862427522e-18
and inability to,5.421010862427522e-18
withstand,5.421010862427522e-18
stress as,5.421010862427522e-18
therefore the cardboard,5.421010862427522e-18
and inability,5.421010862427522e-18
the cardboard is,5.421010862427522e-18
rigidity and inability,5.421010862427522e-18
without breaking therefore,5.421010862427522e-18
rigidity and,5.421010862427522e-18
distribute the stress,5.421010862427522e-18
distribute the,5.421010862427522e-18
rigidity,5.421010862427522e-18
can bend without,5.421010862427522e-18
when bent as,5.421010862427522e-18
contrast the cardboard,5.421010862427522e-18
prone to breaking,5.421010862427522e-18
breaking therefore the,5.421010862427522e-18
cardboard this,5.421010862427522e-18
breaking in contrast,5.421010862427522e-18
breaking in,5.421010862427522e-18
cardboard this is,5.421010862427522e-18
the more flexible,5.421010862427522e-18
bending without,5.421010862427522e-18
bending,5.421010862427522e-18
cardboard will,5.421010862427522e-18
as it can,5.421010862427522e-18
cardboard will break,5.421010862427522e-18
can not absorb,5.421010862427522e-18
flexible and can,5.421010862427522e-18
withstand bending without,5.421010862427522e-18
flexible and more,5.421010862427522e-18
surfboard is less,5.421010862427522e-18
to breaking when,5.421010862427522e-18
less flexible,5.421010862427522e-18
to breaking,5.421010862427522e-18
the stress as,5.421010862427522e-18
bend without breaking,5.421010862427522e-18
flexible cardboard,5.421010862427522e-18
bend,5.421010862427522e-18
not absorb,5.421010862427522e-18
not absorb or,5.421010862427522e-18
the stress,5.421010862427522e-18
flexible cardboard this,5.421010862427522e-18
bend without,5.421010862427522e-18
breaking therefore,5.421010862427522e-18
to its rigidity,5.421010862427522e-18
bending without breaking,5.421010862427522e-18
answer is actually,5.421010862427522e-18
as well as,5.421010862427522e-18
as well,5.421010862427522e-18
to withstand bending,5.421010862427522e-18
distribute,5.421010862427522e-18
and can bend,5.421010862427522e-18
the surfboard is,5.421010862427522e-18
the cardboard will,5.421010862427522e-18
as the more,5.421010862427522e-18
bent as it,5.421010862427522e-18
breaking when,5.421010862427522e-18
bent as,5.421010862427522e-18
withstand bending,5.421010862427522e-18
breaking when bent,5.421010862427522e-18
the more,5.421010862427522e-18
softball stopped once,5.204170427930421e-18
can maintain her,5.204170427930421e-18
dirt therefore the,5.204170427930421e-18
for longer period,5.204170427930421e-18
infield dirt,5.204170427930421e-18
for that,5.204170427930421e-18
therefore when they,5.204170427930421e-18
for that time,5.204170427930421e-18
more flexible and,5.204170427930421e-18
street this,5.204170427930421e-18
with less friction,5.204170427930421e-18
to stop however,5.204170427930421e-18
time and therefore,5.204170427930421e-18
abilities,5.204170427930421e-18
dirt when,5.204170427930421e-18
who is equally,5.204170427930421e-18
infield,5.204170427930421e-18
dirt when an,5.204170427930421e-18
the infield dirt,5.204170427930421e-18
to the west,5.204170427930421e-18
softball to,5.204170427930421e-18
abilities so this,5.204170427930421e-18
abilities so,5.204170427930421e-18
that time is,5.204170427930421e-18
that time,5.204170427930421e-18
can maintain,5.204170427930421e-18
they both,5.204170427930421e-18
moves from surface,5.204170427930421e-18
moves from,5.204170427930421e-18
with higher resistance,5.204170427930421e-18
athletic will,5.204170427930421e-18
stopped once it,5.204170427930421e-18
they both play,5.204170427930421e-18
softball to stop,5.204170427930421e-18
annabel can maintain,5.204170427930421e-18
stop therefore the,5.204170427930421e-18
resistance to surface,5.204170427930421e-18
of time and,5.204170427930421e-18
distance therefore lydia,5.204170427930421e-18
about john and,5.204170427930421e-18
therefore lydia,5.204170427930421e-18
about john,5.204170427930421e-18
air which means,5.204170427930421e-18
to determine who,5.204170427930421e-18
causing the softball,5.204170427930421e-18
activity for that,5.204170427930421e-18
surface with higher,5.204170427930421e-18
surface with lower,5.204170427930421e-18
north was,5.204170427930421e-18
to surface with,5.204170427930421e-18
activity for,5.204170427930421e-18
slower through the,5.204170427930421e-18
activity,5.204170427930421e-18
the infield,5.204170427930421e-18
that annabel,5.204170427930421e-18
both play john,5.204170427930421e-18
both play,5.204170427930421e-18
context,5.204170427930421e-18
will stop,5.204170427930421e-18
speed for longer,5.204170427930421e-18
resistance it will,5.204170427930421e-18
that it is,5.204170427930421e-18
annabel which,5.204170427930421e-18
and therefore travel,5.204170427930421e-18
an object moves,5.204170427930421e-18
object moves,5.204170427930421e-18
object moves from,5.204170427930421e-18
equally athletic will,5.204170427930421e-18
annabel can,5.204170427930421e-18
the softball to,5.204170427930421e-18
equally athletic,5.204170427930421e-18
equally,5.204170427930421e-18
determine who is,5.204170427930421e-18
determine who,5.204170427930421e-18
longer period of,5.204170427930421e-18
longer period,5.204170427930421e-18
that john who,5.204170427930421e-18
time is less,5.204170427930421e-18
her speed for,5.204170427930421e-18
time is,5.204170427930421e-18
and jane,5.204170427930421e-18
from surface with,5.204170427930421e-18
likely to have,5.204170427930421e-18
from surface,5.204170427930421e-18
as annabel which,5.204170427930421e-18
and jane physical,5.204170427930421e-18
maintain her,5.204170427930421e-18
maintain her speed,5.204170427930421e-18
resistance it,5.204170427930421e-18
that annabel can,5.204170427930421e-18
that jane physical,5.204170427930421e-18
cardboard is more,5.204170427930421e-18
stop therefore,5.204170427930421e-18
two,5.204170427930421e-18
mercury,5.204170427930421e-18
as john which,5.204170427930421e-18
period of,5.204170427930421e-18
stop however,5.204170427930421e-18
period,5.204170427930421e-18
stop however the,5.204170427930421e-18
dirt,5.204170427930421e-18
therefore travel,5.204170427930421e-18
to jane additionally,5.204170427930421e-18
athletic therefore,5.204170427930421e-18
the thin air,5.204170427930421e-18
dirt therefore,5.204170427930421e-18
the thin,5.204170427930421e-18
will stop therefore,5.204170427930421e-18
the north was,5.204170427930421e-18
when they both,5.204170427930421e-18
resistance causing the,5.204170427930421e-18
resistance causing,5.204170427930421e-18
who is more,5.204170427930421e-18
grass which suggests,5.204170427930421e-18
speed for,5.204170427930421e-18
grass which,5.204170427930421e-18
athletic therefore it,5.204170427930421e-18
stress,5.204170427930421e-18
period of time,5.204170427930421e-18
to surface,5.204170427930421e-18
physical activity,5.204170427930421e-18
with higher,5.204170427930421e-18
to tearing due,4.7704895589362195e-18
to tearing if,4.7704895589362195e-18
to the weight,4.7704895589362195e-18
tear when,4.7704895589362195e-18
be hung,4.7704895589362195e-18
top speed to,4.7704895589362195e-18
because matte,4.7704895589362195e-18
because matte floor,4.7704895589362195e-18
tear when subjected,4.7704895589362195e-18
tearing due,4.7704895589362195e-18
be hung or,4.7704895589362195e-18
because poster,4.7704895589362195e-18
tear on the,4.7704895589362195e-18
because poster made,4.7704895589362195e-18
tear on,4.7704895589362195e-18
so more,4.7704895589362195e-18
this resistance will,4.7704895589362195e-18
should make the,4.7704895589362195e-18
tearing due to,4.7704895589362195e-18
slower speed,4.7704895589362195e-18
floor has higher,4.7704895589362195e-18
floor is the,4.7704895589362195e-18
floor that,4.7704895589362195e-18
speed making,4.7704895589362195e-18
floor that will,4.7704895589362195e-18
being hung,4.7704895589362195e-18
speed making it,4.7704895589362195e-18
being hung or,4.7704895589362195e-18
floor this resistance,4.7704895589362195e-18
subjected,4.7704895589362195e-18
subjected to,4.7704895589362195e-18
subjected to the,4.7704895589362195e-18
slower speed making,4.7704895589362195e-18
resistance will cause,4.7704895589362195e-18
spot so more,4.7704895589362195e-18
speed to,4.7704895589362195e-18
speed to reach,4.7704895589362195e-18
shiny floor is,4.7704895589362195e-18
stress of being,4.7704895589362195e-18
shiny floor this,4.7704895589362195e-18
stress of,4.7704895589362195e-18
which is more,4.7704895589362195e-18
tearing if the,4.7704895589362195e-18
floor is,4.7704895589362195e-18
to tear on,4.7704895589362195e-18
to tear when,4.7704895589362195e-18
spot,4.7704895589362195e-18
spot so,4.7704895589362195e-18
tearing if,4.7704895589362195e-18
so more flexible,4.7704895589362195e-18
while poster,4.7704895589362195e-18
to shiny,4.7704895589362195e-18
the spot so,4.7704895589362195e-18
friction therefore the,4.7704895589362195e-18
to shiny floor,4.7704895589362195e-18
poster on,4.7704895589362195e-18
poster on construction,4.7704895589362195e-18
when subjected to,4.7704895589362195e-18
the poster on,4.7704895589362195e-18
it does not,4.7704895589362195e-18
the poster is,4.7704895589362195e-18
when subjected,4.7704895589362195e-18
while poster made,4.7704895589362195e-18
friction and slower,4.7704895589362195e-18
compared to shiny,4.7704895589362195e-18
nature,4.7704895589362195e-18
nature therefore,4.7704895589362195e-18
nature therefore ben,4.7704895589362195e-18
for the top,4.7704895589362195e-18
that lydia,4.7704895589362195e-18
construction paper which,4.7704895589362195e-18
make the poster,4.7704895589362195e-18
make the,4.7704895589362195e-18
the floor that,4.7704895589362195e-18
construction paper would,4.7704895589362195e-18
weight nature,4.7704895589362195e-18
the spot,4.7704895589362195e-18
friction therefore,4.7704895589362195e-18
that will allow,4.7704895589362195e-18
to be hung,4.7704895589362195e-18
displayed while poster,4.7704895589362195e-18
and stress of,4.7704895589362195e-18
on construction paper,4.7704895589362195e-18
on construction,4.7704895589362195e-18
displayed while,4.7704895589362195e-18
weight and stress,4.7704895589362195e-18
and stress,4.7704895589362195e-18
to its flexible,4.7704895589362195e-18
displayed it is,4.7704895589362195e-18
is generally,4.7704895589362195e-18
weight nature therefore,4.7704895589362195e-18
and slower speed,4.7704895589362195e-18
weight poster made,4.7704895589362195e-18
the weight and,4.7704895589362195e-18
displayed it,4.7704895589362195e-18
for the floor,4.7704895589362195e-18
that will cause,4.7704895589362195e-18
weight poster,4.7704895589362195e-18
example of,4.336808689942018e-18
follows that andy,4.336808689942018e-18
answer this is,4.336808689942018e-18
asks,4.336808689942018e-18
conversely the person,4.336808689942018e-18
an example of,4.336808689942018e-18
was more bright,4.336808689942018e-18
an example,4.336808689942018e-18
example of making,4.336808689942018e-18
example,4.336808689942018e-18
bright does,4.336808689942018e-18
since the person,4.336808689942018e-18
answer this,4.336808689942018e-18
the answer conversely,4.336808689942018e-18
the answer this,4.336808689942018e-18
answer conversely,4.336808689942018e-18
floor implying,4.336808689942018e-18
floor implying that,4.336808689942018e-18
answer conversely the,4.336808689942018e-18
the right was,4.336808689942018e-18
move smoothly over,4.336808689942018e-18
move smoothly,4.336808689942018e-18
to the fact,4.336808689942018e-18
friction makes motion,4.336808689942018e-18
the question asks,4.336808689942018e-18
to the one,4.336808689942018e-18
actually true in,4.336808689942018e-18
but the opposite,4.336808689942018e-18
vacuum to move,4.336808689942018e-18
the common,4.336808689942018e-18
the common misconception,4.336808689942018e-18
based on indirect,4.336808689942018e-18
to move smoothly,4.336808689942018e-18
causes,4.336808689942018e-18
the right making,4.336808689942018e-18
bright than,4.336808689942018e-18
that less friction,4.336808689942018e-18
away the common,4.336808689942018e-18
bright making,4.336808689942018e-18
question asks,4.336808689942018e-18
right was more,4.336808689942018e-18
right was,4.336808689942018e-18
bright it follows,4.336808689942018e-18
bright than the,4.336808689942018e-18
easier but,4.336808689942018e-18
true in this,4.336808689942018e-18
true in,4.336808689942018e-18
easier but the,4.336808689942018e-18
easier for the,4.336808689942018e-18
choice,4.336808689942018e-18
smoothly over,4.336808689942018e-18
smoothly over it,4.336808689942018e-18
connection,4.336808689942018e-18
right making the,4.336808689942018e-18
right making,4.336808689942018e-18
connection based,4.336808689942018e-18
bright it,4.336808689942018e-18
actually true,4.336808689942018e-18
bright does not,4.336808689942018e-18
connection based on,4.336808689942018e-18
wood floor implying,4.336808689942018e-18
the opposite explaining,4.336808689942018e-18
common misconception is,4.336808689942018e-18
bright making the,4.336808689942018e-18
slow down whereas,3.903127820947816e-18
whereas,3.903127820947816e-18
down whereas,3.903127820947816e-18
down whereas the,3.903127820947816e-18
high resistance typically,3.903127820947816e-18
whereas the,3.903127820947816e-18
on mars,3.903127820947816e-18
bicycle,3.686287386450715e-18
plate the,3.686287386450715e-18
cardboard,3.469446951953614e-18
of neptune,3.469446951953614e-18
must be the,3.469446951953614e-18
of mars,3.469446951953614e-18
this is because,3.469446951953614e-18
which caused,3.469446951953614e-18
the distance of,3.469446951953614e-18
distance of,3.469446951953614e-18
cart,3.469446951953614e-18
distance of the,3.469446951953614e-18
distance this,3.469446951953614e-18
distance this is,3.469446951953614e-18
than the bearded,3.469446951953614e-18
and stronger,3.3881317890172014e-18
adult suggesting,3.3881317890172014e-18
adult suggesting that,3.3881317890172014e-18
toy is weaker,3.3881317890172014e-18
stronger adult suggesting,3.3881317890172014e-18
and stronger adult,3.3881317890172014e-18
child and stronger,3.3881317890172014e-18
quickly than,3.0357660829594124e-18
speed is,3.0357660829594124e-18
can affect,3.0357660829594124e-18
can affect the,3.0357660829594124e-18
quickly than the,3.0357660829594124e-18
more quickly than,3.0357660829594124e-18
not explicitly stated,2.6020852139652106e-18
tricycles,2.6020852139652106e-18
tricycles and the,2.6020852139652106e-18
air this is,2.6020852139652106e-18
the statement in,2.6020852139652106e-18
not explicitly,2.6020852139652106e-18
tricycles and,2.6020852139652106e-18
observer is not,2.6020852139652106e-18
air therefore,2.6020852139652106e-18
one who,2.6020852139652106e-18
on this is,2.6020852139652106e-18
on this,2.6020852139652106e-18
therefore lydia is,2.6020852139652106e-18
therefore travel longer,2.6020852139652106e-18
and the observer,2.6020852139652106e-18
observer is,2.6020852139652106e-18
annabel which implies,2.6020852139652106e-18
annabel which means,2.6020852139652106e-18
go much faster,2.6020852139652106e-18
go much,2.6020852139652106e-18
distance the distance,2.6020852139652106e-18
travel longer distance,2.6020852139652106e-18
therefore travel shorter,2.6020852139652106e-18
much faster with,2.6020852139652106e-18
much faster,2.6020852139652106e-18
travel longer,2.6020852139652106e-18
need,2.6020852139652106e-18
air therefore the,2.6020852139652106e-18
explicitly stated,2.6020852139652106e-18
through the cloudy,2.6020852139652106e-18
stated but,2.6020852139652106e-18
distance between the,2.6020852139652106e-18
who goes,2.6020852139652106e-18
the jetliner experiences,2.6020852139652106e-18
statement in the,2.6020852139652106e-18
statement in,2.6020852139652106e-18
stated but the,2.6020852139652106e-18
smooth path indicating,2.6020852139652106e-18
to the thin,2.6020852139652106e-18
the observer is,2.6020852139652106e-18
the cloudy,2.6020852139652106e-18
stated,2.6020852139652106e-18
todd,2.6020852139652106e-18
slower through thin,2.6020852139652106e-18
caused less,2.6020852139652106e-18
caused less friction,2.6020852139652106e-18
through the thin,2.6020852139652106e-18
the tricycles,2.6020852139652106e-18
the tricycles and,2.6020852139652106e-18
the cloudy air,2.6020852139652106e-18
who goes shorter,2.6020852139652106e-18
and moves,2.6020852139652106e-18
cloudy air compared,2.6020852139652106e-18
snipping,2.6020852139652106e-18
thin air therefore,2.6020852139652106e-18
thin air this,2.6020852139652106e-18
can go much,2.6020852139652106e-18
and moves slower,2.6020852139652106e-18
resistance and moves,2.6020852139652106e-18
more friction than,2.6020852139652106e-18
explicitly stated but,2.6020852139652106e-18
shorter distance therefore,2.6020852139652106e-18
the one who,2.6020852139652106e-18
answer is thin,2.6020852139652106e-18
explicitly,2.6020852139652106e-18
between the tricycles,2.6020852139652106e-18
slower in the,2.3852447794681098e-18
together this implies,2.168404344971009e-18
white bunny the,2.168404344971009e-18
slower bunny,2.168404344971009e-18
which bunny is,2.168404344971009e-18
slower bunny however,2.168404344971009e-18
which bunny,2.168404344971009e-18
together this,2.168404344971009e-18
together,2.168404344971009e-18
complete answer,2.168404344971009e-18
so this rationale,2.168404344971009e-18
when brick,2.168404344971009e-18
complete answer however,2.168404344971009e-18
white bunny therefore,2.168404344971009e-18
observer,2.168404344971009e-18
snapped off,2.168404344971009e-18
white bunny even,2.168404344971009e-18
snapped,2.168404344971009e-18
the observer,2.168404344971009e-18
the slower bunny,2.168404344971009e-18
because the black,2.168404344971009e-18
complete,2.168404344971009e-18
the answer must,2.168404344971009e-18
the slower,2.168404344971009e-18
when brick is,2.168404344971009e-18
this rationale,2.168404344971009e-18
the complete answer,2.168404344971009e-18
faster as,2.168404344971009e-18
the complete,2.168404344971009e-18
be the white,2.168404344971009e-18
time than the,2.168404344971009e-18
be the complete,2.168404344971009e-18
bunny the question,2.168404344971009e-18
the piece of,2.168404344971009e-18
as she covers,2.168404344971009e-18
along together this,2.168404344971009e-18
along together,2.168404344971009e-18
she covers greater,2.168404344971009e-18
she covers,2.168404344971009e-18
faster as she,2.168404344971009e-18
this rationale can,2.168404344971009e-18
speeds,2.168404344971009e-18
they are hopping,2.168404344971009e-18
speeds so,2.168404344971009e-18
speeds so this,2.168404344971009e-18
about their,2.168404344971009e-18
about their speeds,2.168404344971009e-18
not be the,2.168404344971009e-18
less time,2.168404344971009e-18
bunny even,2.168404344971009e-18
that the piece,2.168404344971009e-18
asks which bunny,2.168404344971009e-18
bunny even though,2.168404344971009e-18
bunny however,2.168404344971009e-18
bunny however the,2.168404344971009e-18
faster so the,2.168404344971009e-18
faster so,2.168404344971009e-18
the wire,2.168404344971009e-18
answer must,2.168404344971009e-18
piece of wire,2.168404344971009e-18
brick is dropped,2.168404344971009e-18
rationale can not,2.168404344971009e-18
rationale can,2.168404344971009e-18
their speeds so,2.168404344971009e-18
piece of,2.168404344971009e-18
answer however it,2.168404344971009e-18
their speeds,2.168404344971009e-18
distance in less,2.168404344971009e-18
brick is,2.168404344971009e-18
of wire,2.168404344971009e-18
are hopping,2.168404344971009e-18
answer must be,2.168404344971009e-18
are hopping along,2.168404344971009e-18
north was easier,2.1141942363467336e-18
west indicating,2.1141942363467336e-18
west indicating that,2.1141942363467336e-18
the west indicating,2.1141942363467336e-18
hear than,2.1141942363467336e-18
hear than the,2.1141942363467336e-18
to hear than,2.1141942363467336e-18
because although,1.951563910473908e-18
although,1.951563910473908e-18
although the,1.951563910473908e-18
is because although,1.951563910473908e-18
because although the,1.951563910473908e-18
twisting repeatedly,1.734723475976807e-18
twisting repeatedly caused,1.734723475976807e-18
outfield grass,1.734723475976807e-18
is more friction,1.734723475976807e-18
the outfield,1.734723475976807e-18
the outfield grass,1.734723475976807e-18
the hunter,1.734723475976807e-18
surface like the,1.734723475976807e-18
hunter to,1.734723475976807e-18
on the right,1.734723475976807e-18
outfield,1.734723475976807e-18
wire around,1.734723475976807e-18
the twisting repeatedly,1.734723475976807e-18
the friction between,1.734723475976807e-18
repeatedly caused less,1.734723475976807e-18
the hunter to,1.734723475976807e-18
hunter,1.734723475976807e-18
repeatedly caused,1.734723475976807e-18
that the strongman,1.734723475976807e-18
repeatedly,1.734723475976807e-18
typically,1.734723475976807e-18
sky suggesting that,1.717782817031721e-18
than in,1.717782817031721e-18
rainy sky suggesting,1.717782817031721e-18
than in rainy,1.717782817031721e-18
storm sky than,1.717782817031721e-18
sky suggesting,1.717782817031721e-18
sky than,1.717782817031721e-18
sky than in,1.717782817031721e-18
twisted the wire,1.5720931501039814e-18
tom twisted the,1.5720931501039814e-18
twisted the,1.5720931501039814e-18
the dog who,1.5178830414797062e-18
less heat,1.5178830414797062e-18
than on earth,1.3010426069826053e-18
feel less gravitational,1.3010426069826053e-18
on mercury than,1.3010426069826053e-18
on earth,1.3010426069826053e-18
will feel less,1.3010426069826053e-18
feel less,1.3010426069826053e-18
mercury than,1.3010426069826053e-18
will travel,1.3010426069826053e-18
mercury than on,1.3010426069826053e-18
terry bicycle,9.961107459710572e-19
to the grass,9.961107459710572e-19
since mercury,8.673617379884035e-19
will take,8.673617379884035e-19
to hear indicating,8.673617379884035e-19
to hear meaning,8.673617379884035e-19
dispersed in,8.673617379884035e-19
while rougher surface,8.673617379884035e-19
and quickly conversely,8.673617379884035e-19
easily while,8.673617379884035e-19
dispersed in open,8.673617379884035e-19
ball smoother,8.673617379884035e-19
while rougher,8.673617379884035e-19
and allow the,8.673617379884035e-19
easily while rougher,8.673617379884035e-19
the concrete indicating,8.673617379884035e-19
jim house this,8.673617379884035e-19
that the hunter,8.673617379884035e-19
easily dispersed in,8.673617379884035e-19
friction and allow,8.673617379884035e-19
easily dispersed,8.673617379884035e-19
the second,8.673617379884035e-19
the north this,8.673617379884035e-19
the second shot,8.673617379884035e-19
that the first,8.673617379884035e-19
north this,8.673617379884035e-19
north this is,8.673617379884035e-19
the concrete this,8.673617379884035e-19
the concrete would,8.673617379884035e-19
north was more,8.673617379884035e-19
hunter to the,8.673617379884035e-19
would slow the,8.673617379884035e-19
since mercury has,8.673617379884035e-19
cause it,8.673617379884035e-19
the ball smoother,8.673617379884035e-19
take,8.673617379884035e-19
conversely the one,8.673617379884035e-19
down and cause,8.673617379884035e-19
gym floor would,8.673617379884035e-19
the ball down,8.673617379884035e-19
west is,8.673617379884035e-19
west is closer,8.673617379884035e-19
difficult to hear,8.673617379884035e-19
cause it to,8.673617379884035e-19
was more difficult,8.673617379884035e-19
slow the,8.673617379884035e-19
second shot more,8.673617379884035e-19
second shot,8.673617379884035e-19
slow the ball,8.673617379884035e-19
floor would have,8.673617379884035e-19
the first shot,8.673617379884035e-19
dispersed,8.673617379884035e-19
shot more,8.673617379884035e-19
shot more clearly,8.673617379884035e-19
affect the speed,8.673617379884035e-19
allowing the hunter,8.673617379884035e-19
would have less,8.673617379884035e-19
house this,8.673617379884035e-19
ball smoother surface,8.673617379884035e-19
shot was,8.673617379884035e-19
shot was easier,8.673617379884035e-19
first shot,8.673617379884035e-19
and allow,8.673617379884035e-19
and easily while,8.673617379884035e-19
sound travels further,8.673617379884035e-19
and easily,8.673617379884035e-19
ball down,8.673617379884035e-19
rolling on can,8.673617379884035e-19
rolling on,8.673617379884035e-19
concrete would slow,8.673617379884035e-19
concrete would,8.673617379884035e-19
smoother surface like,8.673617379884035e-19
concrete this is,8.673617379884035e-19
concrete this,8.673617379884035e-19
concrete indicating that,8.673617379884035e-19
concrete indicating,8.673617379884035e-19
clearly and,8.673617379884035e-19
clearly and quickly,8.673617379884035e-19
up less,8.673617379884035e-19
allow the ball,8.673617379884035e-19
and cause it,8.673617379884035e-19
further and is,8.673617379884035e-19
because sound,8.673617379884035e-19
because sound travels,8.673617379884035e-19
the west is,8.673617379884035e-19
further and,8.673617379884035e-19
quickly and easily,8.673617379884035e-19
because the friction,8.673617379884035e-19
surface it is,8.673617379884035e-19
travels further,8.673617379884035e-19
travels further and,8.673617379884035e-19
first shot was,8.673617379884035e-19
sound travels,8.673617379884035e-19
clearly,8.673617379884035e-19
spaces allowing,8.673617379884035e-19
ball down and,8.673617379884035e-19
spaces allowing the,8.673617379884035e-19
rougher surface like,8.673617379884035e-19
spaces,8.673617379884035e-19
surfboard will break,7.657177843178875e-19
that surfboard will,7.657177843178875e-19
surfboard will,7.657177843178875e-19
ball to roll,6.505213034913027e-19
and is,5.421010862427522e-19
ball to travel,4.336808689942018e-19
contrast the infield,4.336808689942018e-19
further therefore the,4.336808689942018e-19
that the wooden,4.336808689942018e-19
grass indicating that,4.336808689942018e-19
ball to lose,4.336808689942018e-19
grass indicating,4.336808689942018e-19
resistance caused,4.336808689942018e-19
dirt provided less,4.336808689942018e-19
further therefore,4.336808689942018e-19
dirt fin_label fin_label,4.336808689942018e-19
smooth path,4.336808689942018e-19
lose its,4.336808689942018e-19
dirt provided,4.336808689942018e-19
lose its momentum,4.336808689942018e-19
fin_label the answer,4.336808689942018e-19
outfield grass indicating,4.336808689942018e-19
its momentum,4.336808689942018e-19
the smooth path,4.336808689942018e-19
momentum,4.336808689942018e-19
momentum and,4.336808689942018e-19
stop in,4.336808689942018e-19
stop in contrast,4.336808689942018e-19
resistance caused the,4.336808689942018e-19
to travel further,4.336808689942018e-19
dirt this increased,4.336808689942018e-19
fin_label fin_label,4.336808689942018e-19
travel further therefore,4.336808689942018e-19
to stop in,4.336808689942018e-19
to lose its,4.336808689942018e-19
come,4.336808689942018e-19
travel further,4.336808689942018e-19
dirt this,4.336808689942018e-19
come to stop,4.336808689942018e-19
than the infield,4.336808689942018e-19
and come,4.336808689942018e-19
dirt fin_label,4.336808689942018e-19
and come to,4.336808689942018e-19
caused the ball,4.336808689942018e-19
come to,4.336808689942018e-19
its momentum and,4.336808689942018e-19
fin_label fin_label the,4.336808689942018e-19
lake first,3.1170812458958252e-19
the lake first,3.1170812458958252e-19
to make,1.5585406229479126e-19
first suggesting that,1.5585406229479126e-19
to make it,1.5585406229479126e-19
first suggesting,1.5585406229479126e-19
sailboat is likely,1.5585406229479126e-19
abilities of,0.0
tennis ball is,0.0
to matte,0.0
the other side,0.0
affects how much,0.0
and cause,0.0
the north being,0.0
to break,0.0
would be more,0.0
affects how,0.0
time means it,0.0
stagecoach has more,0.0
to its rough,0.0
through it therefore,0.0
and is enjoying,0.0
time means,0.0
stagecoach having,0.0
so when,0.0
so when the,0.0
than remain intact,0.0
to her slower,0.0
stagecoach having more,0.0
able to cross,0.0
would not allow,0.0
the dresser indicating,0.0
the horse is,0.0
adult with greater,0.0
and is less,0.0
to it,0.0
the lake compared,0.0
as would,0.0
textured hindering,0.0
the decrease in,0.0
the decrease,0.0
the creek this,0.0
and less flexible,0.0
the third example,0.0
the third,0.0
an adult with,0.0
states that an,0.0
answer the smoother,0.0
adult in question,0.0
the lake in,0.0
the peanut conversely,0.0
the peanut to,0.0
the lake the,0.0
absorb the force,0.0
at slower speed,0.0
to hear compared,0.0
terry to slow,0.0
so the difference,0.0
so the hunter,0.0
the parking,0.0
to it and,0.0
the parking lot,0.0
to matte floor,0.0
the throwing abilities,0.0
the distance from,0.0
the passengers since,0.0
there could,0.0
the passengers therefore,0.0
and eventually,0.0
to heat,0.0
absorb the,0.0
this smoother surface,0.0
this smoother,0.0
the throwing,0.0
there could be,0.0
with the rougher,0.0
as would the,0.0
and could,0.0
so the weight,0.0
the west this,0.0
wood floor indicating,0.0
textured hindering the,0.0
than an,0.0
spool to move,0.0
the toy across,0.0
thrown by allie,0.0
thrown by ball,0.0
than in the,0.0
the motorcycle went,0.0
tend,0.0
applied to it,0.0
the motorcycle moves,0.0
the fridge surface,0.0
the fridge as,0.0
and ease of,0.0
accelerate therefore,0.0
the fourth example,0.0
the fourth,0.0
the forest conversely,0.0
speed this,0.0
thrown shorter distance,0.0
the force applied,0.0
tend to,0.0
speed this is,0.0
the type,0.0
an ocean suggesting,0.0
an ocean,0.0
an object the,0.0
the object but,0.0
and friction making,0.0
the two vehicles,0.0
the type of,0.0
the vacuum on,0.0
than remain,0.0
the motorcycle whereas,0.0
and easily resulting,0.0
able to reach,0.0
sound travels more,0.0
applied,0.0
speed compared,0.0
wood floor is,0.0
the object mass,0.0
speed if,0.0
speed if both,0.0
adult with,0.0
the garage than,0.0
after it fell,0.0
thrown by,0.0
speed as compared,0.0
the garage floor,0.0
the garage,0.0
the ocean compared,0.0
speed more slowly,0.0
applied to,0.0
throwing abilities of,0.0
the impact,0.0
the impact without,0.0
the increased resistance,0.0
throwing abilities,0.0
able to withstand,0.0
speed as,0.0
to heavier ride,0.0
tend to have,0.0
the first to,0.0
the truck so,0.0
and experience,0.0
the opposite condition,0.0
abilities of the,0.0
the motorcycle faster,0.0
with less mass,0.0
and eventually come,0.0
speeds typically,0.0
speeds typically result,0.0
spool moved,0.0
spool moved noticeably,0.0
spool moved slower,0.0
the greatest,0.0
time for the,0.0
to heavier,0.0
about the type,0.0
the toy longer,0.0
to heat up,0.0
spool to,0.0
speed compared to,0.0
an object motion,0.0
tends to slow,0.0
the greatest amount,0.0
than an ocean,0.0
the toy being,0.0
speedboat which suggests,0.0
the opposite answer,0.0
than annabel,0.0
tends,0.0
tearing suggesting that,0.0
tearing suggesting,0.0
to be closer,0.0
and ease,0.0
and could not,0.0
the field is,0.0
speed where,0.0
speed where slower,0.0
appeared larger the,0.0
than milo this,0.0
the grated road,0.0
the gravel,0.0
to the slick,0.0
the gravel parking,0.0
speedboat therefore,0.0
speedboat therefore the,0.0
speedboat was,0.0
and experience less,0.0
speedboat was slower,0.0
the truck will,0.0
tends to,0.0
after it,0.0
about the throwing,0.0
speedboat was the,0.0
an adult,0.0
also the,0.0
an activity that,0.0
to break therefore,0.0
allowing mica,0.0
that does,0.0
that creek has,0.0
that the grated,0.0
the second gun,0.0
that the gravel,0.0
therefore the paved,0.0
that the gravitational,0.0
that does not,0.0
therefore the racetrack,0.0
that creek,0.0
allowing mica to,0.0
allowing peter,0.0
therefore the speedboat,0.0
as it explains,0.0
the sandbox when,0.0
and therefore easier,0.0
to roll the,0.0
and the vacuum,0.0
activity therefore,0.0
suggesting that he,0.0
as friction generates,0.0
that the car,0.0
allowed the spool,0.0
the sidewalk is,0.0
would likely go,0.0
that he should,0.0
activity that would,0.0
to cross the,0.0
the sidewalk and,0.0
activity that does,0.0
such as textured,0.0
activity that causes,0.0
activity that,0.0
to cross,0.0
withstand the,0.0
the sandbox therefore,0.0
that the honey,0.0
accelerate therefore it,0.0
strong and more,0.0
to run,0.0
to sweat whereas,0.0
to sweat therefore,0.0
that the speedboat,0.0
allowing the boat,0.0
as much,0.0
as much distance,0.0
the sailboat was,0.0
that the sidewalk,0.0
the sailboat to,0.0
the sailboat therefore,0.0
the sailboat shorter,0.0
to sweat,0.0
surfaces tend,0.0
strength would be,0.0
surfaces tend to,0.0
that causes,0.0
that the second,0.0
and the truck,0.0
therefore the wood,0.0
surface with the,0.0
the sandbox the,0.0
surface would allow,0.0
surface would generate,0.0
therefore the textured,0.0
therefore the truck,0.0
across the fridge,0.0
to pieces when,0.0
that causes sweating,0.0
the sandbox has,0.0
as its mass,0.0
allowing peter to,0.0
the same top,0.0
that causes the,0.0
and the spool,0.0
the same so,0.0
as annabel indicating,0.0
allowed the,0.0
the slick,0.0
therefore less breaking,0.0
surface that would,0.0
surface generated more,0.0
surface generated,0.0
therefore less heat,0.0
surface causing terry,0.0
surface the textured,0.0
that lydia moves,0.0
annabel indicating that,0.0
allie which,0.0
annabel indicating,0.0
to reach the,0.0
allow the horse,0.0
annabel as result,0.0
annabel as,0.0
would allow the,0.0
allow the pet,0.0
that it had,0.0
to ride the,0.0
the slick hardwood,0.0
therefore milo is,0.0
would not cause,0.0
the speedboat was,0.0
wood floor allows,0.0
surface likely provides,0.0
the speedboat therefore,0.0
surface likely,0.0
the spool to,0.0
surface than,0.0
allie which suggests,0.0
surface than the,0.0
surface is the,0.0
surface is more,0.0
therefore milo,0.0
the stagecoach having,0.0
therefore lydia would,0.0
to ride,0.0
allowed for,0.0
the smoothness and,0.0
sun room which,0.0
as cardboard which,0.0
activity typically,0.0
the smooth hardwood,0.0
the smooth blue,0.0
answer additionally the,0.0
surface was,0.0
answer as,0.0
activity therefore milo,0.0
as cracking,0.0
sun room likely,0.0
as cracking to,0.0
surface was greater,0.0
that the boat,0.0
to tearing suggesting,0.0
to the ball,0.0
therefore the flower,0.0
withstand the impact,0.0
that sound intensity,0.0
activity typically causes,0.0
therefore the cherry,0.0
therefore the chandelier,0.0
sun room indicating,0.0
therefore the baseball,0.0
that of neptune,0.0
that is causing,0.0
the smoothness,0.0
the smoother wood,0.0
and uneven surface,0.0
and uneven,0.0
that phil is,0.0
allowed for faster,0.0
that physical activity,0.0
that rougher,0.0
answer additionally,0.0
that rougher surfaces,0.0
that sound,0.0
strength would,0.0
strength to throw,0.0
strength to,0.0
the plate due,0.0
third example is,0.0
to move this,0.0
also on,0.0
to have rougher,0.0
answer is false,0.0
the plate so,0.0
the plate is,0.0
also on the,0.0
would generate,0.0
also states,0.0
than the speedboat,0.0
answer is however,0.0
also states that,0.0
the butter was,0.0
answer is less,0.0
to skate through,0.0
third example,0.0
would generate less,0.0
the racetrack had,0.0
than the wood,0.0
the racetrack because,0.0
would have allowed,0.0
the table after,0.0
to break compared,0.0
think,0.0
the table smoother,0.0
to skate more,0.0
to annabel,0.0
the bulldozer the,0.0
the boat is,0.0
stopped once,0.0
the boat to,0.0
the bulldozer and,0.0
think based,0.0
think based on,0.0
third,0.0
the car encounters,0.0
the car moves,0.0
to annabel as,0.0
states that steep,0.0
an activity,0.0
the chandelier was,0.0
to move leading,0.0
as the sailboat,0.0
to move an,0.0
acceleration of the,0.0
acceleration of,0.0
as the weaker,0.0
the car travel,0.0
adult in,0.0
would the case,0.0
this is known,0.0
table smoother,0.0
table smoother surface,0.0
than the muddy,0.0
accelerating the acceleration,0.0
the chandelier falls,0.0
amount of resistance,0.0
the case with,0.0
and more consistent,0.0
the car travels,0.0
than the passengers,0.0
this choice,0.0
this choice is,0.0
the spool moved,0.0
also the correct,0.0
stiffer and less,0.0
the cardboard which,0.0
the carpeting,0.0
the carpeting surface,0.0
stiffer and,0.0
stiffer,0.0
the carpeting this,0.0
would the,0.0
than the parking,0.0
as the law,0.0
allows the vacuum,0.0
answer as it,0.0
the acceleration,0.0
that would generate,0.0
therefore when bent,0.0
to the carpeting,0.0
therefore when brick,0.0
that would not,0.0
and the answer,0.0
therefore when mica,0.0
the acceleration of,0.0
to break the,0.0
therefore easier,0.0
the adult in,0.0
to break rather,0.0
therefore brick dropped,0.0
therefore brick,0.0
sweat therefore,0.0
and speed where,0.0
that would,0.0
that an object,0.0
than truck which,0.0
that there could,0.0
to run more,0.0
that the textured,0.0
surfboard is more,0.0
that the weedy,0.0
surfboard is not,0.0
as result lydia,0.0
therefore it will,0.0
to accelerate therefore,0.0
therefore easier movement,0.0
the room resulting,0.0
and the carpeting,0.0
that typically,0.0
that typically causes,0.0
to allow,0.0
the road may,0.0
to allow the,0.0
sweat therefore it,0.0
to generate,0.0
sweat whereas,0.0
as the friction,0.0
and potentially,0.0
the basement therefore,0.0
to the garage,0.0
the reality,0.0
allows the pet,0.0
to halt,0.0
to the grated,0.0
as the greater,0.0
sweat whereas milo,0.0
street allowed for,0.0
street allowed,0.0
to halt this,0.0
answer however option,0.0
table after,0.0
the racetrack than,0.0
table after it,0.0
the basement hardwood,0.0
and potentially less,0.0
the baseball therefore,0.0
the baseball or,0.0
the ball mass,0.0
than when it,0.0
the ball motion,0.0
the surface with,0.0
sweating while,0.0
to generate less,0.0
allows the peanut,0.0
the ball stopped,0.0
sweating while milo,0.0
sweating while reading,0.0
to the flower,0.0
as textured,0.0
the reality is,0.0
as textured rubber,0.0
the baseball is,0.0
the road,0.0
durable nature in,0.0
car to move,0.0
reducing the,0.0
weight than the,0.0
weight than,0.0
remain intact therefore,0.0
remain intact,0.0
remain,0.0
relatively small when,0.0
relatively small,0.0
relatively,0.0
conversely the creek,0.0
conversely the basement,0.0
reducing the amount,0.0
reducing,0.0
had the,0.0
conversely an adult,0.0
conversely an,0.0
red rug compared,0.0
while reading,0.0
weight requires more,0.0
weight requires,0.0
horse to move,0.0
while reading book,0.0
contrast the plate,0.0
reason for the,0.0
in shorter,0.0
conversely the derby,0.0
conversely the grated,0.0
conversely the smooth,0.0
requires more effort,0.0
had the greatest,0.0
halt,0.0
halt this,0.0
halt this is,0.0
covered floor it,0.0
cover as much,0.0
cover as,0.0
resistance due to,0.0
resistance due,0.0
resistance conversely the,0.0
resistance conversely,0.0
counterintuitive observation the,0.0
could not cover,0.0
could not,0.0
could be other,0.0
resistance allowing peter,0.0
resistance allowing mica,0.0
while moving making,0.0
have had,0.0
correct answer as,0.0
correct answer additionally,0.0
requires more force,0.0
went faster on,0.0
in speed,0.0
reality is that,0.0
reality is,0.0
truck will,0.0
racetrack than on,0.0
racetrack than,0.0
is sedentary,0.0
bent it is,0.0
racetrack had less,0.0
racetrack had,0.0
racetrack because the,0.0
racetrack because,0.0
quickly this suggests,0.0
is sedentary activity,0.0
choice is that,0.0
choice is,0.0
bent the surfboard,0.0
bent therefore,0.0
bent therefore when,0.0
weedy indicating that,0.0
weedy indicating,0.0
child would have,0.0
child is more,0.0
better absorb,0.0
cherry is more,0.0
better absorb the,0.0
weedy field will,0.0
truck will be,0.0
truck which means,0.0
being thrown,0.0
weight affects,0.0
reading book which,0.0
consistent reducing the,0.0
consistent reducing,0.0
condition therefore the,0.0
reading book is,0.0
condition therefore,0.0
truck so,0.0
condition,0.0
truck so the,0.0
being thrown shorter,0.0
reach the top,0.0
reach the same,0.0
reach the other,0.0
reach the,0.0
compared to matte,0.0
compared to annabel,0.0
is false,0.0
weight experience less,0.0
come to halt,0.0
weight experience,0.0
rationale for answer,0.0
weight affects how,0.0
rather than remain,0.0
being easier to,0.0
had more resistance,0.0
chandelier was able,0.0
grass field likely,0.0
derby track than,0.0
go shorter,0.0
go shorter distance,0.0
derby track has,0.0
traveled therefore,0.0
because the forest,0.0
traveled therefore lydia,0.0
which surface generated,0.0
goes very,0.0
goes very quickly,0.0
got to her,0.0
travels more,0.0
had more,0.0
because the gravitational,0.0
riding his bike,0.0
grass field the,0.0
ride the motorcycle,0.0
ride the,0.0
west this is,0.0
grated part of,0.0
grated part suggesting,0.0
grated part therefore,0.0
ride indicating that,0.0
ride indicating,0.0
bumpier,0.0
road has,0.0
road has smoother,0.0
generation compared to,0.0
garden therefore the,0.0
garden which,0.0
garden which suggests,0.0
when bent it,0.0
generate less,0.0
generate less friction,0.0
roll the vacuum,0.0
roll the,0.0
generate less heat,0.0
generated however,0.0
generated however the,0.0
generated more,0.0
generated more heat,0.0
roll more easily,0.0
generates heat,0.0
road the rationale,0.0
road the,0.0
generates heat therefore,0.0
road surface is,0.0
road surface,0.0
road may increase,0.0
road may,0.0
generation compared,0.0
ride for the,0.0
ride for,0.0
travels more effectively,0.0
decrease in speed,0.0
greater causing more,0.0
crossing time means,0.0
resistance there is,0.0
crossing time,0.0
which would allow,0.0
resistance there,0.0
cross the lake,0.0
cross the,0.0
durable nature,0.0
cross,0.0
greater strength,0.0
greater strength would,0.0
creek this implies,0.0
creek this,0.0
greatest,0.0
greatest amount,0.0
greatest amount of,0.0
cracking to pieces,0.0
cracking to,0.0
being easier,0.0
cracking,0.0
gun shot off,0.0
resistance it must,0.0
greater causing,0.0
west this,0.0
because the racetrack,0.0
tries to skate,0.0
because the smoothness,0.0
resulting in faster,0.0
grated part this,0.0
grated part which,0.0
grated road,0.0
grated road is,0.0
result lydia would,0.0
gravel,0.0
result lydia,0.0
result in shorter,0.0
because weaker,0.0
because weaker year,0.0
gravel parking,0.0
gravel parking lot,0.0
dependent not only,0.0
dependent not,0.0
dependent,0.0
gravitational force and,0.0
resistance which slows,0.0
resistance which,0.0
gravitational force of,0.0
tries,0.0
tries to,0.0
pushups which is,0.0
chandelier was,0.0
garden suggesting that,0.0
bunted it,0.0
brick dropped,0.0
must have had,0.0
must slow,0.0
must slow down,0.0
but also on,0.0
but also,0.0
of ball that,0.0
ocean compared to,0.0
ocean compared,0.0
ocean causing the,0.0
bunted it must,0.0
bunted,0.0
moves more smoothly,0.0
obstacles which would,0.0
obstacles which,0.0
nature in,0.0
nature in contrast,0.0
vacuum on in,0.0
vacuum on,0.0
negligible,0.0
negligible therefore,0.0
observation the opposite,0.0
observation the,0.0
negligible therefore the,0.0
but the reality,0.0
butter was,0.0
much effort is,0.0
much effort,0.0
break rather,0.0
by ball,0.0
break rather than,0.0
by allie which,0.0
vehicles is the,0.0
vehicles is,0.0
break the plate,0.0
on neptune,0.0
moving making,0.0
break therefore,0.0
moving making the,0.0
break therefore option,0.0
uneven,0.0
uneven surface,0.0
break therefore when,0.0
uneven surface causing,0.0
uneven surface which,0.0
by allie,0.0
butter was slid,0.0
much distance,0.0
off the north,0.0
off the,0.0
much distance as,0.0
neptune is,0.0
neptune is less,0.0
objects with less,0.0
bulldozer the question,0.0
up on,0.0
non exercising,0.0
non exercising activity,0.0
noticeably slower on,0.0
noticeably slower,0.0
noticeably,0.0
north being,0.0
north being easier,0.0
not allow,0.0
not allow the,0.0
not as flexible,0.0
note that there,0.0
not cause,0.0
not cause the,0.0
not cover,0.0
not cover as,0.0
not only,0.0
not only on,0.0
not typically cause,0.0
not typically,0.0
bumpier surface compared,0.0
bumpier surface,0.0
not reach,0.0
up on mars,0.0
bulldozer the,0.0
objects the surface,0.0
new road the,0.0
neptune therefore,0.0
neptune therefore when,0.0
neptune this,0.0
objects the,0.0
object the stagecoach,0.0
object the,0.0
object motion tends,0.0
object motion,0.0
neptune this is,0.0
object mass therefore,0.0
object mass,0.0
will not reach,0.0
object is dependent,0.0
bulldozer and,0.0
bulldozer and the,0.0
bulldozer has,0.0
object but also,0.0
object but,0.0
neptune which,0.0
bulldozer has more,0.0
neptune which means,0.0
new road has,0.0
new road surface,0.0
by ball of,0.0
moves at slower,0.0
chandelier is false,0.0
case with the,0.0
cause the spool,0.0
cause the body,0.0
was slower,0.0
was slid across,0.0
was slid,0.0
was relatively small,0.0
was relatively,0.0
blue rug allows,0.0
blue rug this,0.0
lydia would,0.0
lydia would likely,0.0
case with,0.0
moves at,0.0
maintain,0.0
boat is,0.0
boat is forced,0.0
will be negligible,0.0
carpeting this is,0.0
carpeting this,0.0
carpeting surface likely,0.0
carpeting surface,0.0
carpeting,0.0
mat must,0.0
was greater causing,0.0
likely to break,0.0
likely go shorter,0.0
likely go,0.0
bike on the,0.0
chandelier falls it,0.0
pushups which,0.0
chandelier falls,0.0
why the surfboard,0.0
certain type would,0.0
certain type,0.0
certain,0.0
causing the spool,0.0
causing the boat,0.0
water plate therefore,0.0
causing the ball,0.0
causing terry to,0.0
causing terry,0.0
water plate being,0.0
less resistance this,0.0
causing more heat,0.0
was the first,0.0
causes the ball,0.0
causes sweating while,0.0
was the,0.0
causes sweating,0.0
was slower and,0.0
bike on,0.0
was greater,0.0
was generated when,0.0
was generated,0.0
more quickly this,0.0
type would cause,0.0
typically cause,0.0
typically cause the,0.0
typically causes,0.0
move leading,0.0
typically causes sweating,0.0
move leading to,0.0
can better,0.0
move slower this,0.0
typically causes the,0.0
move this,0.0
move this is,0.0
moved noticeably,0.0
moved noticeably slower,0.0
break compared,0.0
break compared to,0.0
typically result,0.0
moved slower,0.0
moved slower on,0.0
will fall faster,0.0
typically result in,0.0
movement on,0.0
movement on paved,0.0
can better absorb,0.0
car encounters,0.0
cardboard which means,0.0
type would,0.0
cardboard which can,0.0
time for,0.0
cardboard which,0.0
body to sweat,0.0
part suggesting that,0.0
part suggesting,0.0
two vehicles,0.0
book is,0.0
two vehicles is,0.0
book is sedentary,0.0
mile,0.0
was bunted it,0.0
more easily therefore,0.0
car travel easier,0.0
car travel,0.0
was bunted,0.0
book which,0.0
book which is,0.0
both are,0.0
car moves more,0.0
both are accelerating,0.0
car moves,0.0
car encounters while,0.0
garden therefore,0.0
described as cracking,0.0
because friction is,0.0
distance thrown by,0.0
ball to float,0.0
distances resulting,0.0
top speed if,0.0
distances,0.0
distance traveled therefore,0.0
with greater strength,0.0
with greater,0.0
faster than when,0.0
distance traveled,0.0
skate through it,0.0
skate through,0.0
took less,0.0
which can better,0.0
distance thrown,0.0
fewer,0.0
fewer obstacles,0.0
fewer obstacles which,0.0
field is smoother,0.0
skate more easily,0.0
skate more,0.0
baseball is,0.0
field likely,0.0
took less time,0.0
distances resulting in,0.0
ball that causes,0.0
falls it is,0.0
fact that physical,0.0
fact that rougher,0.0
factors influencing,0.0
factors influencing the,0.0
fall faster,0.0
fall faster than,0.0
slow down or,0.0
slow down as,0.0
falls,0.0
falls it,0.0
false,0.0
took,0.0
false and,0.0
false and the,0.0
false the,0.0
false the rationale,0.0
does not typically,0.0
slid across the,0.0
slid across,0.0
slick hardwood floor,0.0
slick hardwood,0.0
slick,0.0
baseball is the,0.0
baseball therefore,0.0
baseball therefore the,0.0
shorter distance traveled,0.0
side,0.0
float longer longer,0.0
float longer when,0.0
shot off the,0.0
shot off,0.0
floor allows,0.0
be generated however,0.0
floor allows the,0.0
shorter distances resulting,0.0
shorter distances,0.0
shorter distance than,0.0
since weight affects,0.0
shorter distance conversely,0.0
shorter crossing time,0.0
shorter crossing,0.0
shorter amount of,0.0
shorter amount,0.0
floor is less,0.0
floor it is,0.0
floor when,0.0
floor when the,0.0
shiny floor compared,0.0
side of,0.0
side of the,0.0
float longer as,0.0
because bulldozer has,0.0
since weight,0.0
field likely had,0.0
field the,0.0
basement hardwood,0.0
field the grass,0.0
basement hardwood floors,0.0
basement therefore,0.0
basement therefore when,0.0
since friction slows,0.0
distance than annabel,0.0
whereas the racetrack,0.0
first to,0.0
first to make,0.0
whereas milo is,0.0
whereas milo,0.0
sidewalk is less,0.0
sidewalk is,0.0
flexible when,0.0
flexible when bent,0.0
sidewalk and is,0.0
sidewalk and,0.0
ball that is,0.0
doing pushups which,0.0
be more,0.0
dresser has smoother,0.0
easily therefore the,0.0
which is sedentary,0.0
effectively,0.0
effectively over,0.0
smoother and more,0.0
effectively over shorter,0.0
effort is,0.0
effort is required,0.0
dresser indicating that,0.0
dresser indicating,0.0
effort to move,0.0
easily resulting in,0.0
encounters resistance,0.0
smooth ride indicating,0.0
encounters resistance it,0.0
encounters while,0.0
encounters while moving,0.0
which is non,0.0
enjoying,0.0
enjoying the,0.0
enjoying the smooth,0.0
smooth hardwood floor,0.0
easily therefore,0.0
smoother surface is,0.0
face the closer,0.0
smoothness and ease,0.0
durable,0.0
due to her,0.0
dropped suggesting that,0.0
dropped suggesting,0.0
dropped from mile,0.0
which made,0.0
ease,0.0
ease of,0.0
ease of movement,0.0
easier conversely,0.0
smoothness and,0.0
easily resulting,0.0
smoothness,0.0
smoothly into the,0.0
smoothly into,0.0
easier conversely the,0.0
easier movement therefore,0.0
smoother wood floor,0.0
smoother wood,0.0
dresser surface is,0.0
smoother than flat,0.0
easily and experience,0.0
smooth hardwood,0.0
smooth blue rug,0.0
smooth blue,0.0
explains,0.0
which made it,0.0
which is an,0.0
down or it,0.0
experience less gravitational,0.0
down or,0.0
ball stopped,0.0
slower speeds typically,0.0
slower speeds,0.0
slower speed this,0.0
slower speed compared,0.0
slower and could,0.0
eventually,0.0
slower and,0.0
explains why,0.0
explains why the,0.0
down on neptune,0.0
ball stopped as,0.0
down as its,0.0
down as,0.0
ball that,0.0
face indicating,0.0
face indicating that,0.0
down the motorcycle,0.0
which is form,0.0
slowly than,0.0
slowly than the,0.0
to when there,0.0
to withstand the,0.0
eventually come,0.0
small when it,0.0
small when,0.0
eventually come to,0.0
example is,0.0
example is that,0.0
ball is the,0.0
exercise,0.0
exercise that,0.0
exercise that typically,0.0
ball mass,0.0
ball mass was,0.0
ball motion,0.0
exercising,0.0
ball motion compared,0.0
ball of,0.0
ball of certain,0.0
exercising activity,0.0
exercising activity therefore,0.0
shiny floor allows,0.0
not reach the,0.0
be more likely,0.0
sandbox therefore the,0.0
when thrown by,0.0
be the question,0.0
force to accelerate,0.0
forest conversely,0.0
floor would not,0.0
forest conversely the,0.0
form of,0.0
track than,0.0
sailboat was able,0.0
sailboat was,0.0
sailboat to reach,0.0
sailboat to,0.0
form of physical,0.0
sailboat therefore the,0.0
sailboat therefore,0.0
sailboat shorter crossing,0.0
when the pet,0.0
when the chandelier,0.0
fourth,0.0
fourth example,0.0
sailboat shorter,0.0
same so,0.0
force of mars,0.0
force of an,0.0
rough and,0.0
sandbox therefore,0.0
from mile up,0.0
room which,0.0
sandbox the sandbox,0.0
sandbox the,0.0
room which made,0.0
from mile down,0.0
force and therefore,0.0
sandbox has more,0.0
sandbox has,0.0
when dropped suggesting,0.0
rough and uneven,0.0
from mile,0.0
when dropped,0.0
be rougher and,0.0
force applied,0.0
same top speed,0.0
same top,0.0
same so the,0.0
force applied to,0.0
track than in,0.0
when the butter,0.0
dirt causing the,0.0
rubber mat since,0.0
friction on rougher,0.0
friction or heat,0.0
travel easier conversely,0.0
rug allows the,0.0
rug allows,0.0
rubber mat which,0.0
rubber mat than,0.0
friction than an,0.0
rougher surfaces,0.0
rubber mat must,0.0
travel easier,0.0
rubber mat indicating,0.0
friction that,0.0
friction that the,0.0
fridge surface,0.0
difference in speed,0.0
rougher surfaces tend,0.0
rubber mat causing,0.0
friction would generate,0.0
fridge as,0.0
difficult due,0.0
rug compared,0.0
rougher or,0.0
rougher surface such,0.0
freely in,0.0
track this is,0.0
freely in the,0.0
dirt causing,0.0
difficult to roll,0.0
friction and therefore,0.0
when mica tries,0.0
rougher or more,0.0
fridge surface was,0.0
runs more freely,0.0
rug compared to,0.0
runs more,0.0
friction generates heat,0.0
when mica,0.0
rougher surface than,0.0
rougher surface the,0.0
rug this means,0.0
rug this,0.0
difficult due to,0.0
rug is rougher,0.0
from the object,0.0
fridge as the,0.0
room likely has,0.0
flower garden therefore,0.0
be other factors,0.0
be other,0.0
be negligible therefore,0.0
because bulldozer,0.0
sedentary activity that,0.0
toy longer,0.0
flower garden which,0.0
for the decrease,0.0
where slower,0.0
room indicating,0.0
room indicating that,0.0
room likely,0.0
flower garden suggesting,0.0
distance from,0.0
room resulting,0.0
distance from the,0.0
for the car,0.0
distance and speed,0.0
for the fourth,0.0
garage than the,0.0
frying pan as,0.0
garage,0.0
garage floor,0.0
food therefore,0.0
food therefore the,0.0
for answer,0.0
garage than,0.0
for answer is,0.0
distance as,0.0
distance conversely an,0.0
distance conversely,0.0
food encounters resistance,0.0
distance as the,0.0
food encounters,0.0
when bent therefore,0.0
toy longer distance,0.0
floors provide less,0.0
food has low,0.0
sedentary activity,0.0
for the passengers,0.0
floors compared,0.0
floors provide,0.0
for the matte,0.0
track has fewer,0.0
garden has less,0.0
garden suggesting,0.0
for the sailboat,0.0
second gun,0.0
sandbox which suggests,0.0
sandbox when there,0.0
for the third,0.0
for this choice,0.0
sandbox when,0.0
where slower speeds,0.0
floors compared to,0.0
track has,0.0
room resulting in,0.0
second gun shot,0.0
toy being,0.0
toy being thrown,0.0
be negligible,0.0
sedentary,0.0
for the grated,0.0
generated when mary,-2.168404344971009e-19
mary slid the,-2.168404344971009e-19
when mary slid,-2.168404344971009e-19
when mary,-2.168404344971009e-19
mary slid,-2.168404344971009e-19
therefore more heat,-2.168404344971009e-19
stop,-4.336808689942018e-19
lot than on,-4.336808689942018e-19
suggesting that it,-4.336808689942018e-19
mica,-4.336808689942018e-19
jane can,-5.963111948670274e-19
ball is more,-7.589415207398531e-19
float longer due,-7.589415207398531e-19
tennis ball this,-7.589415207398531e-19
ball has,-7.589415207398531e-19
float longer in,-7.589415207398531e-19
its lower mass,-7.589415207398531e-19
its lower,-7.589415207398531e-19
ball having lower,-7.589415207398531e-19
to its lower,-7.589415207398531e-19
frictional resistance,-7.589415207398531e-19
of ball,-7.589415207398531e-19
tennis ball has,-7.589415207398531e-19
frictional resistance compared,-7.589415207398531e-19
that the baseball,-7.589415207398531e-19
ball has higher,-7.589415207398531e-19
friend indicating,-7.589415207398531e-19
ball having,-7.589415207398531e-19
to the tennis,-7.589415207398531e-19
to friend,-7.589415207398531e-19
baseball type of,-7.589415207398531e-19
the baseball type,-7.589415207398531e-19
when thrown,-7.589415207398531e-19
which creates more,-7.589415207398531e-19
than typically when,-7.589415207398531e-19
to the difference,-7.589415207398531e-19
type of ball,-7.589415207398531e-19
when thrown to,-7.589415207398531e-19
type of,-7.589415207398531e-19
the two surfaces,-7.589415207398531e-19
baseball type,-7.589415207398531e-19
friend indicating that,-7.589415207398531e-19
type,-7.589415207398531e-19
which creates,-7.589415207398531e-19
two surfaces,-7.589415207398531e-19
the difference in,-7.589415207398531e-19
the difference,-7.589415207398531e-19
baseball ball,-7.589415207398531e-19
baseball ball having,-7.589415207398531e-19
with the baseball,-7.589415207398531e-19
and lower,-7.589415207398531e-19
and therefore less,-7.589415207398531e-19
ball this is,-7.589415207398531e-19
ball this,-7.589415207398531e-19
therefore less friction,-7.589415207398531e-19
between the two,-7.589415207398531e-19
to friend indicating,-7.589415207398531e-19
typically when thrown,-7.589415207398531e-19
typically when,-7.589415207398531e-19
surfaces with,-7.589415207398531e-19
therefore less,-7.589415207398531e-19
and lower frictional,-7.589415207398531e-19
surfaces with the,-7.589415207398531e-19
contrast the tennis,-7.589415207398531e-19
thrown to friend,-7.589415207398531e-19
thrown to,-7.589415207398531e-19
creates more friction,-7.589415207398531e-19
creates more,-7.589415207398531e-19
the baseball ball,-7.589415207398531e-19
two surfaces with,-7.589415207398531e-19
generated between the,-8.673617379884035e-19
energy loss,-8.673617379884035e-19
will make soccer,-8.673617379884035e-19
generated between,-8.673617379884035e-19
wet field will,-8.673617379884035e-19
wet field there,-8.673617379884035e-19
wet field provides,-8.673617379884035e-19
up more compared,-8.673617379884035e-19
can cause the,-8.673617379884035e-19
energy loss the,-8.673617379884035e-19
for the ball,-8.673617379884035e-19
field provides more,-8.673617379884035e-19
field there,-8.673617379884035e-19
field there is,-8.673617379884035e-19
field when,-8.673617379884035e-19
field when the,-8.673617379884035e-19
field will,-8.673617379884035e-19
for the concrete,-8.673617379884035e-19
field will make,-8.673617379884035e-19
field with,-8.673617379884035e-19
field with less,-8.673617379884035e-19
law of,-8.673617379884035e-19
correct answer however,-8.673617379884035e-19
weedy field when,-8.673617379884035e-19
its surface,-8.673617379884035e-19
consistently with less,-8.673617379884035e-19
weedy field with,-8.673617379884035e-19
consistently with,-8.673617379884035e-19
consistently this difference,-8.673617379884035e-19
consistently this,-8.673617379884035e-19
floor has smoother,-8.673617379884035e-19
and consistently with,-8.673617379884035e-19
and consistently,-8.673617379884035e-19
field provides,-8.673617379884035e-19
which can,-8.673617379884035e-19
and the surface,-8.673617379884035e-19
this difference in,-8.673617379884035e-19
will make,-8.673617379884035e-19
friction than weedy,-8.673617379884035e-19
the surface which,-8.673617379884035e-19
friction is due,-8.673617379884035e-19
friction generated between,-8.673617379884035e-19
friction generated,-8.673617379884035e-19
difficult for the,-8.673617379884035e-19
which has more,-8.673617379884035e-19
according,-8.673617379884035e-19
according to,-8.673617379884035e-19
this difference,-8.673617379884035e-19
which can cause,-8.673617379884035e-19
freely and consistently,-8.673617379884035e-19
time therefore,-8.673617379884035e-19
court which has,-8.673617379884035e-19
the cardboard,-8.673617379884035e-19
court which,-8.673617379884035e-19
time therefore the,-8.673617379884035e-19
has more resistance,-8.673617379884035e-19
to move consistently,-8.673617379884035e-19
for this question,-8.673617379884035e-19
across the wet,-8.673617379884035e-19
weedy field therefore,-8.673617379884035e-19
with less energy,-8.673617379884035e-19
than weedy field,-8.673617379884035e-19
roll more freely,-8.673617379884035e-19
to the increased,-8.673617379884035e-19
uniform surface,-8.673617379884035e-19
than weedy,-8.673617379884035e-19
provides more friction,-8.673617379884035e-19
ball to move,-8.673617379884035e-19
up less therefore,-8.673617379884035e-19
smoother more,-8.673617379884035e-19
rolled on the,-8.673617379884035e-19
rolled on,-8.673617379884035e-19
rolled across the,-8.673617379884035e-19
answer however the,-8.673617379884035e-19
smoother more uniform,-8.673617379884035e-19
basketball court which,-8.673617379884035e-19
because wet field,-8.673617379884035e-19
surface which can,-8.673617379884035e-19
because wet,-8.673617379884035e-19
path compared to,-1.0842021724855044e-18
grass,-1.3010426069826053e-18
that it was,-1.3010426069826053e-18
to be the,-1.3010426069826053e-18
inertia,-1.3010426069826053e-18
thread moved,-1.5178830414797062e-18
mat compared to,-1.5178830414797062e-18
mat compared,-1.5178830414797062e-18
therefore the hardwood,-1.5178830414797062e-18
that the rubber,-1.5178830414797062e-18
floor being the,-1.5178830414797062e-18
and for longer,-1.5178830414797062e-18
lower mass and,-1.5178830414797062e-18
thread is,-1.5178830414797062e-18
lower mass,-1.5178830414797062e-18
moved more,-1.5178830414797062e-18
slowly on the,-1.5178830414797062e-18
thread is dropped,-1.5178830414797062e-18
and the textured,-1.5178830414797062e-18
and for,-1.5178830414797062e-18
on the textured,-1.5178830414797062e-18
the baseball,-1.5178830414797062e-18
moved more slowly,-1.5178830414797062e-18
slowly on,-1.5178830414797062e-18
mat has rougher,-1.5178830414797062e-18
for longer distance,-1.5178830414797062e-18
the rubber mat,-1.5178830414797062e-18
dropped the hardwood,-1.5178830414797062e-18
dropped the,-1.5178830414797062e-18
the rubber,-1.5178830414797062e-18
because the textured,-1.5178830414797062e-18
thread to roll,-1.5178830414797062e-18
surface allows the,-1.5178830414797062e-18
allows the spool,-1.5178830414797062e-18
hardwood floor being,-1.5178830414797062e-18
hardwood floor this,-1.5178830414797062e-18
as the spool,-1.5178830414797062e-18
rubber mat compared,-1.5178830414797062e-18
being the,-1.5178830414797062e-18
the tennis,-1.5178830414797062e-18
the tennis ball,-1.5178830414797062e-18
being the smoother,-1.5178830414797062e-18
that the spool,-1.5178830414797062e-18
thread to,-1.5178830414797062e-18
thread moved more,-1.5178830414797062e-18
than the hardwood,-1.5178830414797062e-18
lydia pushes the,-1.734723475976807e-18
ball to heat,-1.734723475976807e-18
kumquat across,-1.734723475976807e-18
cause the ball,-1.734723475976807e-18
it has less,-1.734723475976807e-18
gravitational force between,-1.734723475976807e-18
the paved,-1.734723475976807e-18
consistently,-1.734723475976807e-18
force between two,-1.734723475976807e-18
force between,-1.734723475976807e-18
answer however,-1.734723475976807e-18
the kumquat across,-1.734723475976807e-18
therefore when lydia,-1.734723475976807e-18
sheet it,-1.734723475976807e-18
sheet it will,-1.734723475976807e-18
milo,-1.734723475976807e-18
kumquat across the,-1.734723475976807e-18
sheet therefore when,-1.734723475976807e-18
pushes the kumquat,-1.734723475976807e-18
slower through,-1.8431436932253575e-18
mercury has,-1.951563910473908e-18
resistance and can,-2.0599841277224584e-18
mica to,-2.168404344971009e-18
on the astroturf,-2.168404344971009e-18
the astroturf,-2.6020852139652106e-18
down the street,-2.6020852139652106e-18
experience more,-2.6020852139652106e-18
astroturf,-2.6020852139652106e-18
with less effort,-2.6020852139652106e-18
less effort on,-2.6020852139652106e-18
farther down,-2.6020852139652106e-18
faster with less,-2.6020852139652106e-18
effort on the,-2.6020852139652106e-18
farther down the,-2.6020852139652106e-18
less effort,-2.6020852139652106e-18
matter,-2.6020852139652106e-18
fin_label,-2.6020852139652106e-18
faster with,-2.6020852139652106e-18
means it has,-2.6020852139652106e-18
earth which means,-2.6020852139652106e-18
effort on,-2.6020852139652106e-18
to the hardwood,-2.710505431213761e-18
is required,-2.8189256484623115e-18
is required to,-2.8189256484623115e-18
food sliding across,-2.8189256484623115e-18
food sliding,-2.8189256484623115e-18
floor will allow,-2.8189256484623115e-18
resistance suggesting,-2.8189256484623115e-18
shiny floor will,-2.8189256484623115e-18
floor will,-2.8189256484623115e-18
to the store,-2.8189256484623115e-18
floor has low,-2.8189256484623115e-18
sliding across shiny,-2.8189256484623115e-18
lot has,-2.8189256484623115e-18
across shiny floor,-2.8189256484623115e-18
across shiny,-2.8189256484623115e-18
parking lot has,-2.8189256484623115e-18
shiny floor has,-2.8189256484623115e-18
resistance suggesting that,-2.8189256484623115e-18
that the shiny,-2.8189256484623115e-18
smooth sidewalk,-2.927345865710862e-18
water than,-2.927345865710862e-18
water than on,-2.927345865710862e-18
down this,-2.927345865710862e-18
for must,-2.927345865710862e-18
the smooth sidewalk,-2.927345865710862e-18
down this is,-2.927345865710862e-18
for must be,-2.927345865710862e-18
thus it slows,-2.927345865710862e-18
for the smooth,-2.927345865710862e-18
mud which,-2.927345865710862e-18
be the answer,-2.927345865710862e-18
resistance is caused,-2.927345865710862e-18
muddy water than,-2.927345865710862e-18
answer therefore,-2.927345865710862e-18
the mud which,-2.927345865710862e-18
thus it,-2.927345865710862e-18
the muddy water,-2.927345865710862e-18
muddy water,-2.927345865710862e-18
mud which makes,-2.927345865710862e-18
smooth sidewalk this,-2.927345865710862e-18
the answer therefore,-2.927345865710862e-18
smooth ride so,-2.927345865710862e-18
this resistance is,-2.927345865710862e-18
ride so,-2.927345865710862e-18
sidewalk this resistance,-2.927345865710862e-18
and thus,-2.927345865710862e-18
to move and,-2.927345865710862e-18
answer therefore the,-2.927345865710862e-18
slows down this,-2.927345865710862e-18
asks for must,-2.927345865710862e-18
ride so the,-2.927345865710862e-18
and thus it,-2.927345865710862e-18
by the mud,-2.927345865710862e-18
textured rubber,-3.0357660829594124e-18
textured rubber mat,-3.0357660829594124e-18
rubber mat has,-3.0357660829594124e-18
the wet field,-3.0357660829594124e-18
the textured rubber,-3.0357660829594124e-18
mat has,-3.0357660829594124e-18
more freely,-3.0357660829594124e-18
air which,-3.469446951953614e-18
that the bulldozer,-3.469446951953614e-18
cotton sheet therefore,-3.469446951953614e-18
silk sheet compared,-3.469446951953614e-18
paved,-3.469446951953614e-18
to have,-3.469446951953614e-18
to the cotton,-3.469446951953614e-18
longer distance therefore,-3.469446951953614e-18
longer distance,-3.469446951953614e-18
it was,-3.469446951953614e-18
sheet compared,-3.469446951953614e-18
sheet compared to,-3.469446951953614e-18
my dog,-3.469446951953614e-18
slower,-3.469446951953614e-18
that lydia goes,-3.5575383784680614e-18
annabel is indicating,-3.5575383784680614e-18
annabel is,-3.5575383784680614e-18
indicating that lydia,-3.5575383784680614e-18
as annabel is,-3.5575383784680614e-18
muddy path indicating,-3.903127820947816e-18
sidewalk this,-3.903127820947816e-18
expect if,-3.903127820947816e-18
mud,-3.903127820947816e-18
the hardwood,-3.903127820947816e-18
smooth ride,-3.903127820947816e-18
the mud,-3.903127820947816e-18
moves slower in,-3.903127820947816e-18
the smooth ride,-3.903127820947816e-18
expect if the,-3.903127820947816e-18
provide less,-3.903127820947816e-18
that the bike,-3.903127820947816e-18
body,-4.336808689942018e-18
to skate on,-4.336808689942018e-18
cause the horse,-4.336808689942018e-18
to the derby,-4.336808689942018e-18
more freely on,-4.336808689942018e-18
for faster movement,-4.336808689942018e-18
obstacles compared,-4.336808689942018e-18
for faster,-4.336808689942018e-18
would have covered,-4.336808689942018e-18
the forest indicating,-4.336808689942018e-18
smoother surface of,-4.336808689942018e-18
faster movement therefore,-4.336808689942018e-18
would allow for,-4.336808689942018e-18
obstacles compared to,-4.336808689942018e-18
movement therefore,-4.336808689942018e-18
movement therefore the,-4.336808689942018e-18
must have run,-4.336808689942018e-18
track if,-4.336808689942018e-18
track would,-4.336808689942018e-18
allow for,-4.336808689942018e-18
run,-4.336808689942018e-18
run more,-4.336808689942018e-18
run more freely,-4.336808689942018e-18
higher resistance,-4.336808689942018e-18
derby track would,-4.336808689942018e-18
derby track this,-4.336808689942018e-18
track would allow,-4.336808689942018e-18
skate on,-4.336808689942018e-18
derby track if,-4.336808689942018e-18
track this increased,-4.336808689942018e-18
faster movement,-4.336808689942018e-18
more obstacles compared,-4.336808689942018e-18
forest indicating,-4.336808689942018e-18
forest indicating that,-4.336808689942018e-18
track this,-4.336808689942018e-18
whereas the smoother,-4.336808689942018e-18
allow for faster,-4.336808689942018e-18
track if so,-4.336808689942018e-18
wire therefore the,-4.553649124439119e-18
resulted,-4.553649124439119e-18
up less when,-4.553649124439119e-18
was reduced resulting,-4.553649124439119e-18
generation,-4.553649124439119e-18
was twisted on,-4.553649124439119e-18
was twisted,-4.553649124439119e-18
twisting caused less,-4.553649124439119e-18
twisted on which,-4.553649124439119e-18
the ends to,-4.553649124439119e-18
the ends heating,-4.553649124439119e-18
caused the ends,-4.553649124439119e-18
was reduced,-4.553649124439119e-18
resulted in,-4.553649124439119e-18
caused more friction,-4.553649124439119e-18
twisted snipping,-4.553649124439119e-18
twisted snipping the,-4.553649124439119e-18
surface it was,-4.553649124439119e-18
resulted in the,-4.553649124439119e-18
heat generation,-4.553649124439119e-18
twisted on,-4.553649124439119e-18
to snipping,-4.553649124439119e-18
were twisted,-4.553649124439119e-18
when they were,-4.553649124439119e-18
when he,-4.553649124439119e-18
compared to snipping,-4.553649124439119e-18
when he just,-4.553649124439119e-18
friction which resulted,-4.553649124439119e-18
to snipping the,-4.553649124439119e-18
because when,-4.553649124439119e-18
snipped the,-4.553649124439119e-18
friction was reduced,-4.553649124439119e-18
reduced,-4.553649124439119e-18
reduced resulting,-4.553649124439119e-18
reduced resulting in,-4.553649124439119e-18
friction was,-4.553649124439119e-18
wire around it,-4.553649124439119e-18
were twisted snipping,-4.553649124439119e-18
wire which caused,-4.553649124439119e-18
around it,-4.553649124439119e-18
the wire around,-4.553649124439119e-18
wire which,-4.553649124439119e-18
the wire the,-4.553649124439119e-18
the wire which,-4.553649124439119e-18
around it caused,-4.553649124439119e-18
which resulted in,-4.553649124439119e-18
snipped the wire,-4.553649124439119e-18
wire the friction,-4.553649124439119e-18
the friction was,-4.553649124439119e-18
which resulted,-4.553649124439119e-18
wire therefore,-4.553649124439119e-18
because when tom,-4.553649124439119e-18
generation therefore the,-4.553649124439119e-18
the wire therefore,-4.553649124439119e-18
generation therefore,-4.553649124439119e-18
ends heating up,-4.553649124439119e-18
therefore the twisting,-4.553649124439119e-18
they were twisted,-4.553649124439119e-18
ends to,-4.553649124439119e-18
which caused more,-4.553649124439119e-18
which caused the,-4.553649124439119e-18
ends heating,-4.553649124439119e-18
ends to heat,-4.553649124439119e-18
they were,-4.553649124439119e-18
for this answer,-4.7704895589362195e-18
as strong therefore,-4.7704895589362195e-18
goes shorter,-4.7704895589362195e-18
this answer is,-4.7704895589362195e-18
bearded lady the,-4.7704895589362195e-18
strong therefore,-4.7704895589362195e-18
strong therefore it,-4.7704895589362195e-18
strongman the,-4.7704895589362195e-18
rationale for the,-4.7704895589362195e-18
strongman the rationale,-4.7704895589362195e-18
not as strong,-4.7704895589362195e-18
bearded lady who,-4.7704895589362195e-18
strong which,-4.7704895589362195e-18
this answer,-4.7704895589362195e-18
strong which implies,-4.7704895589362195e-18
weight farther distance,-4.7704895589362195e-18
the strongman the,-4.7704895589362195e-18
goes shorter distance,-4.7704895589362195e-18
that he would,-4.7704895589362195e-18
would be able,-4.7704895589362195e-18
the weight farther,-4.7704895589362195e-18
the strongman can,-4.7704895589362195e-18
who is not,-4.7704895589362195e-18
very strong which,-4.7704895589362195e-18
stronger which,-4.7704895589362195e-18
answer is that,-4.7704895589362195e-18
stronger which would,-4.7704895589362195e-18
strongman can,-4.7704895589362195e-18
strongman can throw,-4.7704895589362195e-18
weight farther,-4.7704895589362195e-18
rough,-4.9873299934333204e-18
reasonable,-4.9873299934333204e-18
reasonable to,-4.9873299934333204e-18
assume,-4.9873299934333204e-18
reasonable to assume,-4.9873299934333204e-18
assume that,-4.9873299934333204e-18
to assume that,-4.9873299934333204e-18
to assume,-4.9873299934333204e-18
caused the,-5.095750210681871e-18
when an object,-5.095750210681871e-18
when an,-5.095750210681871e-18
off when,-5.204170427930421e-18
wire snapped off,-5.204170427930421e-18
wire snapped,-5.204170427930421e-18
so the opposite,-5.204170427930421e-18
off,-5.204170427930421e-18
snapped off when,-5.204170427930421e-18
than on the,-5.204170427930421e-18
skate on this,-5.204170427930421e-18
of wire snapped,-5.204170427930421e-18
earth this is,-5.204170427930421e-18
will reach higher,-5.4616684438957286e-18
dresser will allow,-5.4616684438957286e-18
dresser will,-5.4616684438957286e-18
the dresser will,-5.4616684438957286e-18
will reach,-5.4616684438957286e-18
the dresser suggesting,-5.4616684438957286e-18
dresser suggesting that,-5.4616684438957286e-18
dresser suggesting,-5.4616684438957286e-18
high resistance moving,-5.468444707473763e-18
jetliner has high,-5.468444707473763e-18
resistance she found,-5.637851296924623e-18
the opposite which,-5.637851296924623e-18
push the,-5.637851296924623e-18
the hardwood floors,-5.637851296924623e-18
resistance she,-5.637851296924623e-18
to the texture,-5.637851296924623e-18
she found,-5.637851296924623e-18
astroturf compared,-5.637851296924623e-18
she found it,-5.637851296924623e-18
the astroturf compared,-5.637851296924623e-18
floors this is,-5.637851296924623e-18
floors this,-5.637851296924623e-18
astroturf compared to,-5.637851296924623e-18
the less,-5.637851296924623e-18
texture and composition,-5.637851296924623e-18
motion,-5.637851296924623e-18
is common counterintuitive,-5.637851296924623e-18
and composition,-5.637851296924623e-18
common counterintuitive observation,-5.637851296924623e-18
composition,-5.637851296924623e-18
common counterintuitive,-5.637851296924623e-18
composition of,-5.637851296924623e-18
and composition of,-5.637851296924623e-18
composition of the,-5.637851296924623e-18
the texture and,-5.637851296924623e-18
difficult for mica,-5.637851296924623e-18
the texture,-5.637851296924623e-18
hard for,-5.637851296924623e-18
counterintuitive observation,-5.637851296924623e-18
texture,-5.637851296924623e-18
hard for mica,-5.637851296924623e-18
the less resistance,-5.637851296924623e-18
covered floor indicating,-5.637851296924623e-18
texture and,-5.637851296924623e-18
the increased friction,-5.637851296924623e-18
counterintuitive observation however,-5.637851296924623e-18
prone to,-5.637851296924623e-18
floor which makes,-5.637851296924623e-18
was hard for,-5.637851296924623e-18
was hard,-5.637851296924623e-18
the floor which,-5.637851296924623e-18
on the smooth,-5.637851296924623e-18
therefore the less,-5.637851296924623e-18
skate on therefore,-5.637851296924623e-18
observation however the,-5.637851296924623e-18
observation however,-5.637851296924623e-18
indicates that jane,-5.800481622797449e-18
and traction causing,-5.854691731421724e-18
to the smoother,-5.854691731421724e-18
bike movement compared,-5.854691731421724e-18
the smoother ride,-5.854691731421724e-18
the sidewalk the,-5.854691731421724e-18
therefore the bike,-5.854691731421724e-18
bike movement,-5.854691731421724e-18
sidewalk allows,-5.854691731421724e-18
the mud friction,-5.854691731421724e-18
sidewalk allows the,-5.854691731421724e-18
mud friction,-5.854691731421724e-18
smoother ride,-5.854691731421724e-18
smooth ride on,-5.854691731421724e-18
sidewalk the,-5.854691731421724e-18
allows the bike,-5.854691731421724e-18
resistance likely,-5.854691731421724e-18
resistance likely due,-5.854691731421724e-18
mud friction and,-5.854691731421724e-18
is that there,-5.854691731421724e-18
sidewalk the muddy,-5.854691731421724e-18
smoother ride on,-5.854691731421724e-18
also has more,-5.854691731421724e-18
bike to slow,-5.854691731421724e-18
whereas the smooth,-5.854691731421724e-18
down the bike,-5.854691731421724e-18
also has,-5.854691731421724e-18
the bike movement,-5.854691731421724e-18
sidewalk this increased,-5.854691731421724e-18
traction causing,-5.854691731421724e-18
and traction slows,-5.854691731421724e-18
the sidewalk allows,-5.854691731421724e-18
movement compared,-5.854691731421724e-18
traction causing the,-5.854691731421724e-18
movement compared to,-5.854691731421724e-18
traction slows down,-5.854691731421724e-18
to the mud,-5.854691731421724e-18
the sidewalk this,-5.854691731421724e-18
muddy path also,-5.854691731421724e-18
traction slows,-5.854691731421724e-18
field therefore terry,-5.9631119486702744e-18
move faster on,-5.9631119486702744e-18
resistance therefore the,-5.9631119486702744e-18
rough grass field,-5.9631119486702744e-18
rough grass,-5.9631119486702744e-18
therefore terry bicycle,-5.9631119486702744e-18
and can move,-5.9631119486702744e-18
therefore terry,-5.9631119486702744e-18
would experience less,-5.9631119486702744e-18
compared to rough,-5.9631119486702744e-18
surface like street,-5.9631119486702744e-18
street typically has,-5.9631119486702744e-18
smooth paved,-5.9631119486702744e-18
resistance therefore,-5.9631119486702744e-18
street typically,-5.9631119486702744e-18
can move faster,-5.9631119486702744e-18
would experience,-5.9631119486702744e-18
bicycle would,-5.9631119486702744e-18
experience less resistance,-5.9631119486702744e-18
to rough,-5.9631119486702744e-18
street which has,-5.9631119486702744e-18
smooth paved surface,-5.9631119486702744e-18
because smooth,-5.9631119486702744e-18
because smooth paved,-5.9631119486702744e-18
bicycle would experience,-5.9631119486702744e-18
typically has,-5.9631119486702744e-18
which has less,-5.9631119486702744e-18
the street which,-5.9631119486702744e-18
typically has less,-5.9631119486702744e-18
to rough grass,-5.9631119486702744e-18
terry bicycle would,-5.9631119486702744e-18
as fast as,-6.071532165918825e-18
fast as,-6.071532165918825e-18
fast as annabel,-6.071532165918825e-18
as annabel,-6.071532165918825e-18
however since the,-6.071532165918825e-18
hardwood floor,-6.071532165918825e-18
that lydia is,-6.071532165918825e-18
larger when,-6.071532165918825e-18
states that lydia,-6.071532165918825e-18
since the question,-6.071532165918825e-18
not as fast,-6.071532165918825e-18
however since,-6.071532165918825e-18
lydia is not,-6.071532165918825e-18
that can,-6.071532165918825e-18
the hardwood floor,-6.071532165918825e-18
over the old,-6.288372600415926e-18
speed over the,-6.288372600415926e-18
of speed over,-6.288372600415926e-18
speed over,-6.288372600415926e-18
to the sun,-6.396792817664476e-18
quickly conversely the,-6.5052130349130266e-18
quickly conversely,-6.5052130349130266e-18
states that surfboard,-6.7220534694101275e-18
cardboard indicating,-6.7220534694101275e-18
as cardboard indicating,-6.7220534694101275e-18
cardboard indicating that,-6.7220534694101275e-18
hard,-6.938893903907228e-18
lydia pushes it,-6.938893903907228e-18
rougher,-6.938893903907228e-18
sheet than,-6.938893903907228e-18
sheet than when,-6.938893903907228e-18
makes,-6.938893903907228e-18
she pushes,-6.938893903907228e-18
from the,-6.938893903907228e-18
on the silk,-6.938893903907228e-18
horse,-6.938893903907228e-18
heat up more,-6.938893903907228e-18
heat up,-6.938893903907228e-18
she pushes it,-6.938893903907228e-18
friction when lydia,-6.938893903907228e-18
than when she,-6.938893903907228e-18
the horse,-6.938893903907228e-18
when she pushes,-6.938893903907228e-18
has higher,-7.047314121155779e-18
will result in,-7.37257477290143e-18
the bike slows,-7.37257477290143e-18
will result,-7.37257477290143e-18
less bright,-7.37257477290143e-18
than on,-7.589415207398531e-18
resistance for the,-7.806255641895632e-18
resistance than flat,-7.806255641895632e-18
states that john,-7.806255641895632e-18
that steep,-7.806255641895632e-18
which surface is,-7.806255641895632e-18
smoother therefore it,-7.806255641895632e-18
than flat,-7.806255641895632e-18
surface is smoother,-7.806255641895632e-18
because the flat,-7.806255641895632e-18
to move on,-7.806255641895632e-18
move on this,-7.806255641895632e-18
that john caboose,-7.806255641895632e-18
move on,-7.806255641895632e-18
caboose determined that,-7.806255641895632e-18
resistance for,-7.806255641895632e-18
easily and quickly,-7.806255641895632e-18
makes it,-7.806255641895632e-18
and quickly however,-7.806255641895632e-18
the caboose may,-7.806255641895632e-18
caboose determined,-7.806255641895632e-18
than flat ground,-7.806255641895632e-18
him to travel,-7.806255641895632e-18
roll more quickly,-7.806255641895632e-18
surface is,-7.806255641895632e-18
quickly and,-7.806255641895632e-18
determined that steep,-7.806255641895632e-18
flat ground but,-7.806255641895632e-18
determined that,-7.806255641895632e-18
ground but,-7.806255641895632e-18
flat ground this,-7.806255641895632e-18
ground but the,-7.806255641895632e-18
to move easily,-7.806255641895632e-18
caboose may need,-7.806255641895632e-18
caboose may,-7.806255641895632e-18
determined,-7.806255641895632e-18
more quickly and,-7.806255641895632e-18
that the flat,-7.806255641895632e-18
means it,-7.806255641895632e-18
ground this,-7.806255641895632e-18
that steep hill,-7.806255641895632e-18
ground this means,-7.806255641895632e-18
need to,-7.806255641895632e-18
allowing the caboose,-7.806255641895632e-18
soccer ball heat,-7.8198081690517e-18
make soccer ball,-7.8198081690517e-18
make soccer,-7.8198081690517e-18
ball heat up,-7.8198081690517e-18
ball heat,-7.8198081690517e-18
can cause,-7.8198081690517e-18
therefore the wet,-7.8198081690517e-18
creates,-8.239936510889834e-18
snipped,-8.239936510889834e-18
horse must,-8.673617379884035e-18
less friction compared,-8.673617379884035e-18
resistance compared,-8.673617379884035e-18
is less than,-8.673617379884035e-18
resistance compared to,-8.673617379884035e-18
note that other,-8.673617379884035e-18
therefore the horse,-8.673617379884035e-18
the information given,-8.673617379884035e-18
that other,-8.673617379884035e-18
the horse must,-8.673617379884035e-18
if,-8.673617379884035e-18
horse must have,-8.673617379884035e-18
room,-8.673617379884035e-18
information given,-8.673617379884035e-18
that the flower,-9.107298248878237e-18
snipping the wire,-9.107298248878237e-18
slow down the,-9.107298248878237e-18
caused more,-9.107298248878237e-18
snipping the,-9.107298248878237e-18
have been,-9.107298248878237e-18
and is more,-9.324138683375338e-18
more friction which,-9.540979117872439e-18
is faster than,-9.540979117872439e-18
weight greater distance,-9.540979117872439e-18
travel shorter distance,-9.540979117872439e-18
weight greater,-9.540979117872439e-18
is not as,-9.540979117872439e-18
and quickly,-9.540979117872439e-18
that andy,-9.540979117872439e-18
the weight greater,-9.540979117872439e-18
not as,-9.540979117872439e-18
more friction and,-9.540979117872439e-18
travel shorter,-9.540979117872439e-18
strongman is very,-9.595189226496714e-18
strong suggesting that,-9.595189226496714e-18
bearded lady is,-9.595189226496714e-18
strong suggesting,-9.595189226496714e-18
so strong suggesting,-9.595189226496714e-18
air suggesting that,-9.662951862277058e-18
air suggesting,-9.662951862277058e-18
thin air suggesting,-9.662951862277058e-18
twisted,-9.974659986866641e-18
which has,-9.974659986866641e-18
increased resistance,-1.0083080204115191e-17
making the answer,-1.0408340855860843e-17
air,-1.0408340855860843e-17
has less friction,-1.0408340855860843e-17
asks for the,-1.0408340855860843e-17
astroturf covered floor,-1.0760706561918632e-17
the astroturf covered,-1.0760706561918632e-17
astroturf covered,-1.0760706561918632e-17
covered floor,-1.0760706561918632e-17
thus the,-1.0842021724855044e-17
generates more,-1.0842021724855044e-17
allowing the butter,-1.0842021724855044e-17
resistance to motion,-1.0842021724855044e-17
this is consistent,-1.0842021724855044e-17
generates more heat,-1.0842021724855044e-17
fridge compared to,-1.0842021724855044e-17
harder for jane,-1.0842021724855044e-17
fridge compared,-1.0842021724855044e-17
slower in contrast,-1.0842021724855044e-17
generated when an,-1.0842021724855044e-17
thus the smooth,-1.0842021724855044e-17
would have more,-1.0842021724855044e-17
frying pan has,-1.0842021724855044e-17
started this,-1.0842021724855044e-17
forward thus the,-1.0842021724855044e-17
street would,-1.0842021724855044e-17
consistent with the,-1.0842021724855044e-17
consistent,-1.0842021724855044e-17
started this means,-1.0842021724855044e-17
forward thus,-1.0842021724855044e-17
forward quickly conversely,-1.0842021724855044e-17
forward quickly,-1.0842021724855044e-17
the twisting,-1.0842021724855044e-17
street would have,-1.0842021724855044e-17
easier for jane,-1.0842021724855044e-17
street where jane,-1.0842021724855044e-17
implies that there,-1.0842021724855044e-17
to the frying,-1.0842021724855044e-17
to slide more,-1.0842021724855044e-17
to slide slower,-1.0842021724855044e-17
slide more,-1.0842021724855044e-17
slide slower in,-1.0842021724855044e-17
quickly therefore more,-1.0842021724855044e-17
slide slower,-1.0842021724855044e-17
slide more quickly,-1.0842021724855044e-17
where jane,-1.0842021724855044e-17
the fridge compared,-1.0842021724855044e-17
consistent with,-1.0842021724855044e-17
where jane started,-1.0842021724855044e-17
to motion,-1.0842021724855044e-17
causing the butter,-1.0842021724855044e-17
twisting,-1.0842021724855044e-17
with the principle,-1.0842021724855044e-17
move forward thus,-1.0842021724855044e-17
move forward quickly,-1.0842021724855044e-17
started,-1.0842021724855044e-17
friction generates more,-1.0842021724855044e-17
friction generates,-1.0842021724855044e-17
to motion making,-1.0842021724855044e-17
have more friction,-1.0842021724855044e-17
means that there,-1.0842021724855044e-17
contrast the frying,-1.0842021724855044e-17
smooth path is,-1.0842021724855044e-17
conversely the pebbled,-1.0842021724855044e-17
away the,-1.1058862159352145e-17
that the twisting,-1.1058862159352145e-17
sweat as,-1.1275702593849246e-17
book it,-1.1275702593849246e-17
sweat as way,-1.1275702593849246e-17
book it is,-1.1275702593849246e-17
than milo however,-1.1275702593849246e-17
down since,-1.1275702593849246e-17
unlikely that milo,-1.1275702593849246e-17
way to,-1.1275702593849246e-17
unlikely that,-1.1275702593849246e-17
who is sweating,-1.1275702593849246e-17
likely that mona,-1.1275702593849246e-17
states that mona,-1.1275702593849246e-17
exertion such as,-1.1275702593849246e-17
unlikely,-1.1275702593849246e-17
body to,-1.1275702593849246e-17
way,-1.1275702593849246e-17
book physical,-1.1275702593849246e-17
to produce,-1.1275702593849246e-17
body to produce,-1.1275702593849246e-17
to produce sweat,-1.1275702593849246e-17
way to cool,-1.1275702593849246e-17
question also mentions,-1.1275702593849246e-17
the body to,-1.1275702593849246e-17
book physical exertion,-1.1275702593849246e-17
to cool down,-1.1275702593849246e-17
while milo,-1.1275702593849246e-17
while milo is,-1.1275702593849246e-17
cool down since,-1.1275702593849246e-17
cool down,-1.1275702593849246e-17
cool,-1.1275702593849246e-17
sweating more than,-1.1275702593849246e-17
down since milo,-1.1275702593849246e-17
sweating more,-1.1275702593849246e-17
such as pushups,-1.1275702593849246e-17
as way to,-1.1275702593849246e-17
doing pushups while,-1.1275702593849246e-17
sweating less it,-1.1275702593849246e-17
reading book physical,-1.1275702593849246e-17
since milo is,-1.1275702593849246e-17
reading book it,-1.1275702593849246e-17
as way,-1.1275702593849246e-17
as pushups,-1.1275702593849246e-17
for mica,-1.1275702593849246e-17
it is likely,-1.1275702593849246e-17
for mica to,-1.1275702593849246e-17
exertion such,-1.1275702593849246e-17
since milo,-1.1275702593849246e-17
to cool,-1.1275702593849246e-17
causes the body,-1.1275702593849246e-17
the body,-1.1275702593849246e-17
for the person,-1.1275702593849246e-17
is likely that,-1.1275702593849246e-17
field therefore the,-1.1275702593849246e-17
as pushups causes,-1.1275702593849246e-17
mentions that the,-1.1275702593849246e-17
go faster with,-1.1384122811097797e-17
smooth path suggesting,-1.1384122811097797e-17
that the path,-1.1384122811097797e-17
that the question,-1.1709383462843448e-17
ride on the,-1.1709383462843448e-17
the chandelier is,-1.1709383462843448e-17
ride on,-1.1709383462843448e-17
paved street,-1.1709383462843448e-17
that less,-1.1709383462843448e-17
product,-1.1709383462843448e-17
difference,-1.1709383462843448e-17
product of,-1.1709383462843448e-17
friction and traction,-1.1709383462843448e-17
did not,-1.1709383462843448e-17
did not break,-1.1709383462843448e-17
not break,-1.1709383462843448e-17
the wet,-1.1709383462843448e-17
traction,-1.1709383462843448e-17
on the sidewalk,-1.1709383462843448e-17
difference in,-1.1709383462843448e-17
friction makes,-1.1709383462843448e-17
stronger than the,-1.1709383462843448e-17
in friction,-1.1709383462843448e-17
chandelier is,-1.1709383462843448e-17
and traction,-1.1709383462843448e-17
the paved street,-1.1709383462843448e-17
difference in friction,-1.1709383462843448e-17
field has,-1.1926223897340549e-17
which is the,-1.1926223897340549e-17
riding which implies,-1.1926223897340549e-17
that the grass,-1.1926223897340549e-17
grass field has,-1.1926223897340549e-17
riding which,-1.1926223897340549e-17
grass field therefore,-1.1926223897340549e-17
bicycle riding which,-1.1926223897340549e-17
field has more,-1.1926223897340549e-17
energy to,-1.214306433183765e-17
the truck that,-1.214306433183765e-17
for the truck,-1.214306433183765e-17
energy to move,-1.214306433183765e-17
fastest it does,-1.214306433183765e-17
fastest it,-1.214306433183765e-17
to the green,-1.214306433183765e-17
smoothly,-1.214306433183765e-17
down the blue,-1.214306433183765e-17
dropped from,-1.214306433183765e-17
does not mention,-1.214306433183765e-17
truck compared to,-1.214306433183765e-17
to move which,-1.214306433183765e-17
the load,-1.214306433183765e-17
the load in,-1.214306433183765e-17
is dropped from,-1.214306433183765e-17
truck however since,-1.214306433183765e-17
will slow,-1.214306433183765e-17
milo is,-1.214306433183765e-17
up fastest it,-1.214306433183765e-17
mean,-1.214306433183765e-17
which will slow,-1.214306433183765e-17
blue truck however,-1.214306433183765e-17
truck creates,-1.214306433183765e-17
creates resistance and,-1.214306433183765e-17
creates resistance,-1.214306433183765e-17
resistance and requires,-1.214306433183765e-17
necessarily,-1.214306433183765e-17
truck compared,-1.214306433183765e-17
mention,-1.214306433183765e-17
green truck therefore,-1.214306433183765e-17
blue truck compared,-1.214306433183765e-17
that can speed,-1.214306433183765e-17
blue truck creates,-1.214306433183765e-17
to pull which,-1.214306433183765e-17
truck is more,-1.214306433183765e-17
truck creates resistance,-1.214306433183765e-17
truck that can,-1.214306433183765e-17
sweating,-1.214306433183765e-17
kumquat,-1.214306433183765e-17
move which,-1.214306433183765e-17
answer away the,-1.214306433183765e-17
requires,-1.214306433183765e-17
truck that,-1.214306433183765e-17
and requires,-1.214306433183765e-17
requires more,-1.214306433183765e-17
move which will,-1.214306433183765e-17
will slow down,-1.214306433183765e-17
the kumquat,-1.214306433183765e-17
requires more energy,-1.214306433183765e-17
is sweating,-1.214306433183765e-17
not mention,-1.214306433183765e-17
and requires more,-1.214306433183765e-17
butter to,-1.235990476633475e-17
the butter to,-1.235990476633475e-17
harder to skate,-1.2576745200831851e-17
hard surface,-1.2576745200831851e-17
covered floor which,-1.2576745200831851e-17
hard surface in,-1.2576745200831851e-17
should make,-1.2576745200831851e-17
speed and fall,-1.2576745200831851e-17
ben should make,-1.2576745200831851e-17
to move slower,-1.2576745200831851e-17
which is hard,-1.2576745200831851e-17
had less resistance,-1.2576745200831851e-17
this is where,-1.2576745200831851e-17
paper is,-1.2576745200831851e-17
slow,-1.2576745200831851e-17
fall more easily,-1.2576745200831851e-17
the sun intense,-1.2576745200831851e-17
fall more,-1.2576745200831851e-17
move slower,-1.2576745200831851e-17
contrast the sun,-1.2576745200831851e-17
construction paper is,-1.2576745200831851e-17
the basement had,-1.2576745200831851e-17
contrast the astroturf,-1.2576745200831851e-17
floor which is,-1.2576745200831851e-17
sunlight which would,-1.2576745200831851e-17
and fall more,-1.2576745200831851e-17
surface in contrast,-1.2576745200831851e-17
cause mica,-1.2576745200831851e-17
she learned,-1.2576745200831851e-17
to lose speed,-1.2576745200831851e-17
and fall,-1.2576745200831851e-17
sun room this,-1.2576745200831851e-17
therefore ben should,-1.2576745200831851e-17
sun intense sunlight,-1.2576745200831851e-17
would cause mica,-1.2576745200831851e-17
sun intense,-1.2576745200831851e-17
had less,-1.2576745200831851e-17
sunlight,-1.2576745200831851e-17
surface in,-1.2576745200831851e-17
sun room has,-1.2576745200831851e-17
basement had less,-1.2576745200831851e-17
basement had,-1.2576745200831851e-17
sunlight which,-1.2576745200831851e-17
she learned that,-1.2576745200831851e-17
therefore ben,-1.2576745200831851e-17
had,-1.2576745200831851e-17
room has,-1.2576745200831851e-17
where she learned,-1.2576745200831851e-17
room has more,-1.2576745200831851e-17
room this,-1.2576745200831851e-17
that the basement,-1.2576745200831851e-17
room this is,-1.2576745200831851e-17
cause mica to,-1.2576745200831851e-17
faster for,-1.2834243216797159e-17
was faster,-1.2834243216797159e-17
was faster for,-1.2834243216797159e-17
the smooth,-1.3010426069826053e-17
hill has more,-1.3010426069826053e-17
used,-1.3010426069826053e-17
jetliner has low,-1.3444106938820255e-17
thin,-1.3552527156068805e-17
thin air,-1.3552527156068805e-17
shorter original length,-1.3660947373317356e-17
since the wire,-1.3660947373317356e-17
strong enough,-1.3660947373317356e-17
strong enough to,-1.3660947373317356e-17
to snap off,-1.3660947373317356e-17
shorter original,-1.3660947373317356e-17
to maintain,-1.3660947373317356e-17
twisted around and,-1.3660947373317356e-17
to maintain its,-1.3660947373317356e-17
and around indicating,-1.3660947373317356e-17
the ends therefore,-1.3660947373317356e-17
shorter would,-1.3660947373317356e-17
wire being,-1.3660947373317356e-17
shape,-1.3660947373317356e-17
when twisted,-1.3660947373317356e-17
when twisted around,-1.3660947373317356e-17
shape and,-1.3660947373317356e-17
shape and heat,-1.3660947373317356e-17
therefore the snipped,-1.3660947373317356e-17
was not,-1.3660947373317356e-17
was not strong,-1.3660947373317356e-17
wire being shorter,-1.3660947373317356e-17
same as the,-1.3660947373317356e-17
same as,-1.3660947373317356e-17
be the same,-1.3660947373317356e-17
the wire shorter,-1.3660947373317356e-17
the ends since,-1.3660947373317356e-17
more easily and,-1.3660947373317356e-17
as the snipped,-1.3660947373317356e-17
twisting caused by,-1.3660947373317356e-17
twisted around,-1.3660947373317356e-17
the same as,-1.3660947373317356e-17
snipped wire being,-1.3660947373317356e-17
enough to,-1.3660947373317356e-17
specified to,-1.3660947373317356e-17
enough to maintain,-1.3660947373317356e-17
snap off more,-1.3660947373317356e-17
specified,-1.3660947373317356e-17
snap off,-1.3660947373317356e-17
by the wire,-1.3660947373317356e-17
ends therefore the,-1.3660947373317356e-17
wire the wire,-1.3660947373317356e-17
around indicating that,-1.3660947373317356e-17
ends therefore,-1.3660947373317356e-17
wire shorter original,-1.3660947373317356e-17
grass field,-1.3660947373317356e-17
enough,-1.3660947373317356e-17
specified to be,-1.3660947373317356e-17
ends since the,-1.3660947373317356e-17
ends since,-1.3660947373317356e-17
being shorter,-1.3660947373317356e-17
around indicating,-1.3660947373317356e-17
being shorter would,-1.3660947373317356e-17
not specified,-1.3660947373317356e-17
not specified to,-1.3660947373317356e-17
wire shorter,-1.3660947373317356e-17
not strong,-1.3660947373317356e-17
snipped wire the,-1.3660947373317356e-17
not strong enough,-1.3660947373317356e-17
easily and heat,-1.3660947373317356e-17
force that opposes,-1.3877787807814457e-17
is force,-1.3877787807814457e-17
is force that,-1.3877787807814457e-17
force that,-1.3877787807814457e-17
resistance than,-1.3877787807814457e-17
opposes motion,-1.3877787807814457e-17
that opposes,-1.3877787807814457e-17
friction is force,-1.3877787807814457e-17
that opposes motion,-1.3877787807814457e-17
additionally,-1.3877787807814457e-17
opposes,-1.3877787807814457e-17
the jetliner moves,-1.3904892862126594e-17
jetliner moves,-1.3904892862126594e-17
jetliner moves slower,-1.3904892862126594e-17
distance not,-1.4094628242311558e-17
use to,-1.4094628242311558e-17
the kite moves,-1.4094628242311558e-17
that mary less,-1.4094628242311558e-17
given mary,-1.4094628242311558e-17
given mary is,-1.4094628242311558e-17
that the kite,-1.4094628242311558e-17
therefore based,-1.4094628242311558e-17
throwing strength compared,-1.4094628242311558e-17
throwing strength will,-1.4094628242311558e-17
therefore based on,-1.4094628242311558e-17
true that mary,-1.4094628242311558e-17
use to throw,-1.4094628242311558e-17
and it also,-1.4094628242311558e-17
greater distance not,-1.4094628242311558e-17
will mean,-1.4094628242311558e-17
distance therefore based,-1.4094628242311558e-17
distance not which,-1.4094628242311558e-17
not which strength,-1.4094628242311558e-17
not necessarily true,-1.4094628242311558e-17
use,-1.4094628242311558e-17
true that,-1.4094628242311558e-17
she can,-1.4094628242311558e-17
distance mary,-1.4094628242311558e-17
which strength she,-1.4094628242311558e-17
distance mary can,-1.4094628242311558e-17
she can use,-1.4094628242311558e-17
the ball therefore,-1.4094628242311558e-17
strength will,-1.4094628242311558e-17
strength compared,-1.4094628242311558e-17
sky offers more,-1.4094628242311558e-17
cardboard is,-1.4094628242311558e-17
strength will mean,-1.4094628242311558e-17
mentions that holly,-1.4094628242311558e-17
on the information,-1.4094628242311558e-17
strength she can,-1.4094628242311558e-17
can use to,-1.4094628242311558e-17
ball therefore it,-1.4094628242311558e-17
strength she,-1.4094628242311558e-17
as holly and,-1.4094628242311558e-17
which strength,-1.4094628242311558e-17
strength compared to,-1.4094628242311558e-17
asks which distance,-1.4094628242311558e-17
necessarily true,-1.4094628242311558e-17
which distance,-1.4094628242311558e-17
can use,-1.4094628242311558e-17
ball therefore,-1.4094628242311558e-17
necessarily true that,-1.4094628242311558e-17
to holly however,-1.4094628242311558e-17
which distance mary,-1.4094628242311558e-17
energy,-1.4203048459560108e-17
to pedal,-1.431146867680866e-17
pedal,-1.431146867680866e-17
would cause,-1.431146867680866e-17
mica found it,-1.431146867680866e-17
truck however,-1.431146867680866e-17
and move,-1.431146867680866e-17
that mica found,-1.431146867680866e-17
mica found,-1.431146867680866e-17
over the blue,-1.474514954580286e-17
experiences low resistance,-1.474514954580286e-17
experiences low,-1.474514954580286e-17
peanut experiences low,-1.474514954580286e-17
fastest,-1.474514954580286e-17
has lower,-1.474514954580286e-17
has lower resistance,-1.474514954580286e-17
low resistance when,-1.474514954580286e-17
lydia pushes,-1.5070410197548512e-17
when lydia pushes,-1.5070410197548512e-17
across the silk,-1.5070410197548512e-17
when lydia,-1.5070410197548512e-17
across the cotton,-1.5070410197548512e-17
in storm sky,-1.5178830414797062e-17
in storm,-1.5178830414797062e-17
slower in storm,-1.5178830414797062e-17
board can,-1.5395670849294163e-17
that ben should,-1.5395670849294163e-17
used in place,-1.5395670849294163e-17
to resist,-1.5395670849294163e-17
wants the,-1.5395670849294163e-17
board can be,-1.5395670849294163e-17
can be used,-1.5395670849294163e-17
wants the poster,-1.5395670849294163e-17
to resist tearing,-1.5395670849294163e-17
used in,-1.5395670849294163e-17
poster to be,-1.5395670849294163e-17
cardboard therefore it,-1.5395670849294163e-17
cardboard therefore,-1.5395670849294163e-17
that construction,-1.5395670849294163e-17
that construction paper,-1.5395670849294163e-17
that is more,-1.5395670849294163e-17
that other materials,-1.5395670849294163e-17
should make however,-1.5395670849294163e-17
poster to,-1.5395670849294163e-17
board,-1.5395670849294163e-17
to tearing implying,-1.5395670849294163e-17
not the choice,-1.5395670849294163e-17
as poster board,-1.5395670849294163e-17
tearing therefore it,-1.5395670849294163e-17
the most likely,-1.5395670849294163e-17
the most,-1.5395670849294163e-17
as poster,-1.5395670849294163e-17
compared to cardboard,-1.5395670849294163e-17
such as poster,-1.5395670849294163e-17
the material,-1.5395670849294163e-17
the poster as,-1.5395670849294163e-17
the poster to,-1.5395670849294163e-17
be used in,-1.5395670849294163e-17
ben wants the,-1.5395670849294163e-17
create,-1.5395670849294163e-17
create poster,-1.5395670849294163e-17
create poster that,-1.5395670849294163e-17
choice for,-1.5395670849294163e-17
choice for the,-1.5395670849294163e-17
for the poster,-1.5395670849294163e-17
choice that ben,-1.5395670849294163e-17
tearing implying that,-1.5395670849294163e-17
the material most,-1.5395670849294163e-17
resist,-1.5395670849294163e-17
to cardboard therefore,-1.5395670849294163e-17
as it is,-1.5395670849294163e-17
to create,-1.5395670849294163e-17
resist tearing compared,-1.5395670849294163e-17
resist tearing,-1.5395670849294163e-17
construction paper to,-1.5395670849294163e-17
to create poster,-1.5395670849294163e-17
to cardboard,-1.5395670849294163e-17
tearing implying,-1.5395670849294163e-17
of mercury,-1.5612511283791264e-17
it important to,-1.5612511283791264e-17
right,-1.5612511283791264e-17
ground has less,-1.5612511283791264e-17
it important,-1.5612511283791264e-17
ground has,-1.5612511283791264e-17
lydia is,-1.5612511283791264e-17
to note,-1.5612511283791264e-17
has smaller,-1.5612511283791264e-17
the right,-1.5612511283791264e-17
flat ground has,-1.5612511283791264e-17
however it important,-1.5612511283791264e-17
important to note,-1.5612511283791264e-17
mass of mercury,-1.5612511283791264e-17
note that,-1.5612511283791264e-17
to note that,-1.5612511283791264e-17
note,-1.5612511283791264e-17
hardwood,-1.5612511283791264e-17
it was closer,-1.6046192152785466e-17
quickly therefore,-1.6046192152785466e-17
more quickly therefore,-1.6046192152785466e-17
it will be,-1.6479873021779667e-17
is less,-1.6479873021779667e-17
silk sheet than,-1.6696713456276768e-17
the storm sky,-1.691355389077387e-17
andy was closer,-1.691355389077387e-17
the storm,-1.691355389077387e-17
smoother and,-1.691355389077387e-17
that andy was,-1.691355389077387e-17
is smoother and,-1.691355389077387e-17
is rougher,-1.691355389077387e-17
along,-1.691355389077387e-17
andy was,-1.691355389077387e-17
observation,-1.691355389077387e-17
affecting the ability,-1.713039432527097e-17
truck it does,-1.713039432527097e-17
will likely reach,-1.713039432527097e-17
truck is accelerating,-1.713039432527097e-17
that the truck,-1.713039432527097e-17
the only factor,-1.713039432527097e-17
the only,-1.713039432527097e-17
not the only,-1.713039432527097e-17
truck it,-1.713039432527097e-17
factor affecting,-1.713039432527097e-17
ability of,-1.713039432527097e-17
factor affecting the,-1.713039432527097e-17
although the question,-1.713039432527097e-17
the bulldozer therefore,-1.713039432527097e-17
bulldozer will likely,-1.713039432527097e-17
ability,-1.713039432527097e-17
the truck however,-1.713039432527097e-17
the truck is,-1.713039432527097e-17
will likely,-1.713039432527097e-17
that top,-1.713039432527097e-17
that top speed,-1.713039432527097e-17
speed other factors,-1.713039432527097e-17
vehicle to,-1.713039432527097e-17
speed however,-1.713039432527097e-17
speed however the,-1.713039432527097e-17
speed is not,-1.713039432527097e-17
speed more,-1.713039432527097e-17
speed more quickly,-1.713039432527097e-17
the ability,-1.713039432527097e-17
the ability of,-1.713039432527097e-17
moving faster than,-1.713039432527097e-17
moving faster,-1.713039432527097e-17
vehicle to reach,-1.713039432527097e-17
truck however it,-1.713039432527097e-17
accelerating which,-1.713039432527097e-17
accelerating which means,-1.713039432527097e-17
speed other,-1.713039432527097e-17
the truck it,-1.713039432527097e-17
vehicle,-1.713039432527097e-17
top speed however,-1.713039432527097e-17
bulldozer therefore,-1.713039432527097e-17
note that top,-1.713039432527097e-17
means it is,-1.713039432527097e-17
affecting the,-1.713039432527097e-17
ability of vehicle,-1.713039432527097e-17
top speed is,-1.713039432527097e-17
than the bulldozer,-1.713039432527097e-17
bulldozer therefore the,-1.713039432527097e-17
top speed more,-1.713039432527097e-17
affecting,-1.713039432527097e-17
top speed other,-1.713039432527097e-17
the increased,-1.723881454251952e-17
mat,-1.734723475976807e-17
truck towing,-1.734723475976807e-17
quickly this,-1.734723475976807e-17
ball and the,-1.734723475976807e-17
therefore the green,-1.734723475976807e-17
ball and,-1.734723475976807e-17
speed up fastest,-1.734723475976807e-17
rubber mat,-1.734723475976807e-17
thread,-1.734723475976807e-17
blue truck towing,-1.734723475976807e-17
up fastest,-1.734723475976807e-17
quickly this is,-1.734723475976807e-17
the ball and,-1.734723475976807e-17
of thread,-1.734723475976807e-17
truck towing large,-1.734723475976807e-17
rubber,-1.734723475976807e-17
the textured,-1.734723475976807e-17
not necessarily,-1.734723475976807e-17
through thin,-1.734723475976807e-17
like the,-1.734723475976807e-17
through thin air,-1.734723475976807e-17
spool,-1.734723475976807e-17
spool of,-1.734723475976807e-17
textured,-1.734723475976807e-17
spool of thread,-1.734723475976807e-17
between the ball,-1.734723475976807e-17
mentions that,-1.734723475976807e-17
the spool,-1.734723475976807e-17
the spool of,-1.734723475976807e-17
gravitational force since,-1.7564075194265172e-17
earth to determine,-1.7564075194265172e-17
and the correct,-1.7564075194265172e-17
that todd landed,-1.7564075194265172e-17
required him to,-1.7564075194265172e-17
todd landed,-1.7564075194265172e-17
force since mercury,-1.7564075194265172e-17
error,-1.7564075194265172e-17
actually greater,-1.7564075194265172e-17
determine its gravitational,-1.7564075194265172e-17
as part,-1.7564075194265172e-17
what one would,-1.7564075194265172e-17
as part of,-1.7564075194265172e-17
which required him,-1.7564075194265172e-17
actually greater however,-1.7564075194265172e-17
states that todd,-1.7564075194265172e-17
greater however,-1.7564075194265172e-17
correct answer is,-1.7564075194265172e-17
greater however the,-1.7564075194265172e-17
to determine its,-1.7564075194265172e-17
earth than earth,-1.7564075194265172e-17
would expect if,-1.7564075194265172e-17
earth than,-1.7564075194265172e-17
thin air which,-1.7564075194265172e-17
which required,-1.7564075194265172e-17
would expect,-1.7564075194265172e-17
to travel to,-1.7564075194265172e-17
than earth todd,-1.7564075194265172e-17
earth to,-1.7564075194265172e-17
to very small,-1.7564075194265172e-17
to very,-1.7564075194265172e-17
force since,-1.7564075194265172e-17
determine its,-1.7564075194265172e-17
earth todd,-1.7564075194265172e-17
travel to very,-1.7564075194265172e-17
travel to,-1.7564075194265172e-17
earth todd will,-1.7564075194265172e-17
an historic mission,-1.7564075194265172e-17
the error,-1.7564075194265172e-17
an historic,-1.7564075194265172e-17
than earth,-1.7564075194265172e-17
required him,-1.7564075194265172e-17
todd landed on,-1.7564075194265172e-17
was actually greater,-1.7564075194265172e-17
the question could,-1.7672495411513722e-17
that less energy,-1.7672495411513722e-17
as compared,-1.7672495411513722e-17
being generated as,-1.7672495411513722e-17
energy is,-1.7672495411513722e-17
generated as,-1.7672495411513722e-17
energy is required,-1.7672495411513722e-17
and the honey,-1.7672495411513722e-17
generated as compared,-1.7672495411513722e-17
could be interpreted,-1.7672495411513722e-17
generating less,-1.7672495411513722e-17
generating,-1.7672495411513722e-17
as compared to,-1.7672495411513722e-17
water plate the,-1.7672495411513722e-17
plate compared,-1.7672495411513722e-17
water plate this,-1.7672495411513722e-17
honey plate compared,-1.7672495411513722e-17
honey plate indicating,-1.7672495411513722e-17
the cherry generating,-1.7672495411513722e-17
the cherry and,-1.7672495411513722e-17
plate indicating,-1.7672495411513722e-17
plate indicating that,-1.7672495411513722e-17
cherry on the,-1.7672495411513722e-17
means that less,-1.7672495411513722e-17
cherry on,-1.7672495411513722e-17
cherry is actually,-1.7672495411513722e-17
actually cooler on,-1.7672495411513722e-17
to move the,-1.7672495411513722e-17
cherry is,-1.7672495411513722e-17
as the cherry,-1.7672495411513722e-17
cherry and,-1.7672495411513722e-17
cherry and the,-1.7672495411513722e-17
between the cherry,-1.7672495411513722e-17
cherry generating less,-1.7672495411513722e-17
be interpreted,-1.7672495411513722e-17
the cherry is,-1.7672495411513722e-17
move the cherry,-1.7672495411513722e-17
actually cooler,-1.7672495411513722e-17
plate compared to,-1.7672495411513722e-17
cooler on the,-1.7672495411513722e-17
cooler on,-1.7672495411513722e-17
cooler,-1.7672495411513722e-17
required to move,-1.7672495411513722e-17
water plate however,-1.7672495411513722e-17
move the,-1.7672495411513722e-17
cherry generating,-1.7672495411513722e-17
plate however,-1.7672495411513722e-17
this does not,-1.7672495411513722e-17
this does,-1.7672495411513722e-17
be interpreted as,-1.7672495411513722e-17
the cherry on,-1.7672495411513722e-17
larry,-1.7780915628762273e-17
smooth path compared,-1.7997756063259374e-17
peanut experiences,-1.8214596497756474e-17
peanut,-1.8214596497756474e-17
would allow,-1.8214596497756474e-17
cloudy,-1.8214596497756474e-17
that the peanut,-1.8214596497756474e-17
cloudy air,-1.8214596497756474e-17
mean that the,-1.8214596497756474e-17
the tile floor,-1.8214596497756474e-17
tile,-1.8214596497756474e-17
tile floor,-1.8214596497756474e-17
the tile,-1.8214596497756474e-17
the peanut experiences,-1.8214596497756474e-17
the peanut,-1.8214596497756474e-17
wire the,-1.8431436932253575e-17
the twisting caused,-1.8431436932253575e-17
twisting caused,-1.8431436932253575e-17
resistance allowing the,-1.8648277366750676e-17
that jane can,-1.8648277366750676e-17
pushes the,-1.8648277366750676e-17
to the pebbled,-1.8648277366750676e-17
can go,-1.8648277366750676e-17
jane can go,-1.8648277366750676e-17
floor suggesting,-1.8756697583999227e-17
the grass field,-1.8756697583999227e-17
floor suggesting that,-1.8756697583999227e-17
the grass,-1.8756697583999227e-17
tile floor would,-1.8865117801247777e-17
floor would allow,-1.8865117801247777e-17
tile floor indicating,-1.8865117801247777e-17
floor this higher,-1.8865117801247777e-17
would cause larry,-1.8865117801247777e-17
as the increased,-1.8865117801247777e-17
speed due,-1.8865117801247777e-17
cause larry to,-1.8865117801247777e-17
cause larry,-1.8865117801247777e-17
allow him,-1.8865117801247777e-17
increased friction would,-1.8865117801247777e-17
slow him,-1.8865117801247777e-17
slow him down,-1.8865117801247777e-17
in the storm,-1.8865117801247777e-17
over,-1.8865117801247777e-17
contrast the lower,-1.8865117801247777e-17
down in,-1.8865117801247777e-17
down in contrast,-1.8865117801247777e-17
frictional force would,-1.8865117801247777e-17
frictional force compared,-1.8865117801247777e-17
this higher,-1.8865117801247777e-17
this higher frictional,-1.8865117801247777e-17
at higher,-1.8865117801247777e-17
at higher rate,-1.8865117801247777e-17
resistance in,-1.8865117801247777e-17
force would cause,-1.8865117801247777e-17
the cart at,-1.8865117801247777e-17
sky this,-1.8865117801247777e-17
cart at higher,-1.8865117801247777e-17
would allow him,-1.8865117801247777e-17
that the old,-1.8865117801247777e-17
speed due to,-1.8865117801247777e-17
force compared,-1.8865117801247777e-17
force compared to,-1.8865117801247777e-17
would slow him,-1.8865117801247777e-17
the cart,-1.8865117801247777e-17
allow him to,-1.8865117801247777e-17
the lower,-1.8865117801247777e-17
the lower friction,-1.8865117801247777e-17
force would,-1.8865117801247777e-17
when she,-1.9081958235744878e-17
time this is,-1.9081958235744878e-17
you,-1.9081958235744878e-17
to the rainy,-1.9081958235744878e-17
would have been,-1.9081958235744878e-17
you move,-1.9081958235744878e-17
andy would,-1.9081958235744878e-17
the smoother surface,-1.9081958235744878e-17
resulting in slower,-1.9081958235744878e-17
the source,-1.9081958235744878e-17
the source making,-1.9081958235744878e-17
bright therefore,-1.9081958235744878e-17
source making it,-1.9081958235744878e-17
not make,-1.9081958235744878e-17
bright therefore andy,-1.9081958235744878e-17
source making,-1.9081958235744878e-17
source,-1.9081958235744878e-17
so this,-1.9081958235744878e-17
sky this indicates,-1.9081958235744878e-17
decreases as you,-1.9081958235744878e-17
pushes,-1.9081958235744878e-17
the time this,-1.9081958235744878e-17
therefore andy would,-1.9081958235744878e-17
therefore andy,-1.9081958235744878e-17
right which suggests,-1.9081958235744878e-17
right which,-1.9081958235744878e-17
right one additionally,-1.9081958235744878e-17
street light than,-1.9081958235744878e-17
street light at,-1.9081958235744878e-17
street lights so,-1.9081958235744878e-17
the right which,-1.9081958235744878e-17
andy would have,-1.9081958235744878e-17
as you,-1.9081958235744878e-17
as you move,-1.9081958235744878e-17
at the time,-1.9081958235744878e-17
the right one,-1.9081958235744878e-17
from the source,-1.9081958235744878e-17
suggests that andy,-1.9081958235744878e-17
about the distance,-1.9081958235744878e-17
that the street,-1.9081958235744878e-17
in slower,-1.9081958235744878e-17
because the intensity,-1.9081958235744878e-17
been closer,-1.9081958235744878e-17
been closer to,-1.9081958235744878e-17
this indicates that,-1.9081958235744878e-17
this indicates,-1.9081958235744878e-17
than the right,-1.9081958235744878e-17
right one,-1.9081958235744878e-17
that the horse,-1.951563910473908e-17
track and,-1.951563910473908e-17
track and slower,-1.951563910473908e-17
and slower in,-1.951563910473908e-17
runs,-1.951563910473908e-17
the horse runs,-1.951563910473908e-17
runs freely,-1.951563910473908e-17
runs freely on,-1.951563910473908e-17
horse runs,-1.951563910473908e-17
is less friction,-1.951563910473908e-17
horse runs freely,-1.951563910473908e-17
derby track and,-1.951563910473908e-17
that the caboose,-1.973247953923618e-17
for the caboose,-1.973247953923618e-17
shopping,-1.9949319973733282e-17
shopping cart,-1.9949319973733282e-17
the shopping cart,-1.9949319973733282e-17
in the forest,-1.9949319973733282e-17
the shopping,-1.9949319973733282e-17
friction as the,-2.0030635136669694e-17
there is less,-2.0166160408230382e-17
that has less,-2.0383000842727483e-17
surface however,-2.0383000842727483e-17
surface that has,-2.0383000842727483e-17
surface that make,-2.0383000842727483e-17
for the surface,-2.0383000842727483e-17
water plate,-2.0383000842727483e-17
ground must,-2.0383000842727483e-17
ground the smoother,-2.0383000842727483e-17
that has more,-2.0383000842727483e-17
that make,-2.0383000842727483e-17
the caboose encounters,-2.0383000842727483e-17
that make it,-2.0383000842727483e-17
be smoother,-2.0383000842727483e-17
flat ground therefore,-2.0383000842727483e-17
ground must be,-2.0383000842727483e-17
ground the,-2.0383000842727483e-17
ground therefore the,-2.0383000842727483e-17
ground therefore,-2.0383000842727483e-17
be smoother however,-2.0383000842727483e-17
resistance while climbing,-2.0383000842727483e-17
to the flat,-2.0383000842727483e-17
smoother surface however,-2.0383000842727483e-17
climbing steep,-2.0383000842727483e-17
climbing,-2.0383000842727483e-17
climbing steep hill,-2.0383000842727483e-17
resistance not the,-2.0383000842727483e-17
resistance not,-2.0383000842727483e-17
resistance making the,-2.0383000842727483e-17
while climbing steep,-2.0383000842727483e-17
while climbing,-2.0383000842727483e-17
caboose encounters more,-2.0383000842727483e-17
caboose encounters,-2.0383000842727483e-17
smoother however,-2.0383000842727483e-17
smoother however the,-2.0383000842727483e-17
does not necessarily,-2.0383000842727483e-17
flat ground the,-2.0383000842727483e-17
obstacles or irregularities,-2.0383000842727483e-17
obstacles or,-2.0383000842727483e-17
to the water,-2.0383000842727483e-17
not necessarily mean,-2.0383000842727483e-17
necessarily mean that,-2.0383000842727483e-17
necessarily mean,-2.0383000842727483e-17
steep hill must,-2.0383000842727483e-17
steep hill which,-2.0383000842727483e-17
must have more,-2.0383000842727483e-17
move through compared,-2.0383000842727483e-17
flat ground must,-2.0383000842727483e-17
resistance while,-2.0383000842727483e-17
mean that,-2.0383000842727483e-17
must be smoother,-2.0383000842727483e-17
this increased friction,-2.0383000842727483e-17
through compared to,-2.0383000842727483e-17
the surface that,-2.0383000842727483e-17
therefore the steep,-2.0383000842727483e-17
through compared,-2.0383000842727483e-17
the water plate,-2.0383000842727483e-17
green truck can,-2.043721095135176e-17
truck can,-2.043721095135176e-17
that it will,-2.043721095135176e-17
by pulling,-2.043721095135176e-17
fastest by,-2.043721095135176e-17
slower than the,-2.043721095135176e-17
be slower than,-2.043721095135176e-17
truck can speed,-2.043721095135176e-17
will be slower,-2.043721095135176e-17
to pull suggesting,-2.043721095135176e-17
up fastest by,-2.043721095135176e-17
fastest by pulling,-2.043721095135176e-17
by pulling onto,-2.043721095135176e-17
the highway,-2.043721095135176e-17
slower than,-2.043721095135176e-17
the ends,-2.0491421059976034e-17
ends,-2.0491421059976034e-17
breaking,-2.0816681711721685e-17
of the mass,-2.0816681711721685e-17
which means,-2.0816681711721685e-17
easily and,-2.0816681711721685e-17
like,-2.0816681711721685e-17
have greater,-2.0816681711721685e-17
fraction,-2.0816681711721685e-17
to her face,-2.0816681711721685e-17
fraction of the,-2.0816681711721685e-17
fraction of,-2.0816681711721685e-17
her face,-2.0816681711721685e-17
street has less,-2.11148373091552e-17
bicycle riding indicating,-2.11148373091552e-17
riding indicating,-2.11148373091552e-17
riding indicating that,-2.11148373091552e-17
street has,-2.11148373091552e-17
than the grass,-2.11148373091552e-17
table indicating that,-2.1141942363467336e-17
table indicating,-2.1141942363467336e-17
makes it more,-2.1250362580715887e-17
for this,-2.1250362580715887e-17
is less resistance,-2.1250362580715887e-17
thus,-2.1467203015212988e-17
resulting in stronger,-2.168404344971009e-17
bike and move,-2.168404344971009e-17
therefore if,-2.168404344971009e-17
because mercury has,-2.168404344971009e-17
that larry,-2.168404344971009e-17
therefore if todd,-2.168404344971009e-17
resistance in the,-2.168404344971009e-17
because mercury,-2.168404344971009e-17
slide,-2.168404344971009e-17
to exert gravitational,-2.168404344971009e-17
to earth which,-2.168404344971009e-17
to earth,-2.168404344971009e-17
to slide,-2.168404344971009e-17
bike and,-2.168404344971009e-17
todd is on,-2.168404344971009e-17
todd is,-2.168404344971009e-17
butter to slide,-2.168404344971009e-17
contrast to earth,-2.168404344971009e-17
contrast to,-2.168404344971009e-17
and move forward,-2.168404344971009e-17
pushes the shopping,-2.168404344971009e-17
her bike,-2.168404344971009e-17
this is in,-2.168404344971009e-17
larry pushes the,-2.168404344971009e-17
larry pushes,-2.168404344971009e-17
forward,-2.168404344971009e-17
jane to pedal,-2.168404344971009e-17
friction is,-2.168404344971009e-17
her bike and,-2.168404344971009e-17
from earth,-2.168404344971009e-17
force this,-2.168404344971009e-17
from earth which,-2.168404344971009e-17
has low resistance,-2.168404344971009e-17
has low,-2.168404344971009e-17
frying pan this,-2.168404344971009e-17
greater fraction of,-2.168404344971009e-17
greater fraction,-2.168404344971009e-17
gravitational force this,-2.168404344971009e-17
force this is,-2.168404344971009e-17
for jane to,-2.168404344971009e-17
pedal her bike,-2.168404344971009e-17
earth which will,-2.168404344971009e-17
pedal her,-2.168404344971009e-17
which will result,-2.168404344971009e-17
depends,-2.168404344971009e-17
two objects depends,-2.168404344971009e-17
depends on,-2.168404344971009e-17
depends on their,-2.168404344971009e-17
pan this,-2.168404344971009e-17
objects depends on,-2.168404344971009e-17
for jane,-2.168404344971009e-17
objects depends,-2.168404344971009e-17
exert gravitational,-2.168404344971009e-17
exert gravitational force,-2.168404344971009e-17
which has greater,-2.168404344971009e-17
move forward,-2.168404344971009e-17
therefore todd,-2.168404344971009e-17
therefore todd will,-2.168404344971009e-17
that larry pushes,-2.168404344971009e-17
their masses therefore,-2.168404344971009e-17
with the,-2.168404344971009e-17
andy,-2.168404344971009e-17
to pedal her,-2.168404344971009e-17
away from earth,-2.168404344971009e-17
sky this implies,-2.200930410145574e-17
resistance from,-2.200930410145574e-17
resistance from the,-2.200930410145574e-17
and quickly this,-2.200930410145574e-17
the wind causing,-2.200930410145574e-17
the wind,-2.200930410145574e-17
the wet sky,-2.200930410145574e-17
sky as,-2.200930410145574e-17
sky as the,-2.200930410145574e-17
sky is,-2.200930410145574e-17
sky is described,-2.200930410145574e-17
sky would provide,-2.200930410145574e-17
sky would,-2.200930410145574e-17
stormy sky is,-2.200930410145574e-17
slower conversely,-2.200930410145574e-17
slower conversely the,-2.200930410145574e-17
away the stormy,-2.200930410145574e-17
being fraught,-2.200930410145574e-17
smoothly and,-2.200930410145574e-17
smoothly and quickly,-2.200930410145574e-17
states that matt,-2.200930410145574e-17
wind,-2.200930410145574e-17
wind causing,-2.200930410145574e-17
storm sky as,-2.200930410145574e-17
compared to rainy,-2.200930410145574e-17
to push,-2.200930410145574e-17
conversely the wet,-2.200930410145574e-17
more smoothly,-2.200930410145574e-17
wet sky would,-2.200930410145574e-17
wet sky,-2.200930410145574e-17
to rainy,-2.200930410145574e-17
to rainy sky,-2.200930410145574e-17
from the wind,-2.200930410145574e-17
that matt kite,-2.200930410145574e-17
that matt,-2.200930410145574e-17
fraught,-2.200930410145574e-17
the kite experiences,-2.200930410145574e-17
as being fraught,-2.200930410145574e-17
wind causing it,-2.200930410145574e-17
would provide less,-2.200930410145574e-17
to push the,-2.200930410145574e-17
as the kite,-2.200930410145574e-17
move more smoothly,-2.200930410145574e-17
would provide,-2.200930410145574e-17
move slower conversely,-2.200930410145574e-17
resistance when,-2.211772431870429e-17
the ball to,-2.233456475320139e-17
not the one,-2.2551405187698492e-17
freely,-2.2551405187698492e-17
more than the,-2.2551405187698492e-17
mona therefore it,-2.2551405187698492e-17
skate on the,-2.2551405187698492e-17
length,-2.2551405187698492e-17
for the answer,-2.2551405187698492e-17
milo is sweating,-2.2551405187698492e-17
pushes it across,-2.2551405187698492e-17
mona therefore,-2.2551405187698492e-17
pushes it,-2.2551405187698492e-17
than mona therefore,-2.2551405187698492e-17
than mona,-2.2551405187698492e-17
that milo is,-2.2551405187698492e-17
that milo,-2.2551405187698492e-17
was barking,-2.2714035513571318e-17
louder to,-2.2714035513571318e-17
barking,-2.2714035513571318e-17
part of,-2.2985086056692694e-17
moving through,-2.2985086056692694e-17
paved street was,-2.2985086056692694e-17
street was faster,-2.2985086056692694e-17
closer to andy,-2.2985086056692694e-17
bicycle riding,-2.2985086056692694e-17
to andy,-2.2985086056692694e-17
faster for bicycle,-2.2985086056692694e-17
for bicycle,-2.2985086056692694e-17
for bicycle riding,-2.2985086056692694e-17
stormy sky offers,-2.3201926491189795e-17
that the stormy,-2.3201926491189795e-17
construction paper,-2.3418766925686896e-17
than the plate,-2.3418766925686896e-17
friction which,-2.3418766925686896e-17
this increased resistance,-2.3418766925686896e-17
paper,-2.3418766925686896e-17
high resistance when,-2.3540739670091515e-17
over the red,-2.3540739670091515e-17
school hall and,-2.3852447794681098e-17
should choose,-2.3852447794681098e-17
school,-2.3852447794681098e-17
school hall,-2.3852447794681098e-17
cardboard in contrast,-2.3852447794681098e-17
is less likely,-2.3852447794681098e-17
wants to put,-2.3852447794681098e-17
wants to,-2.3852447794681098e-17
wants it to,-2.3852447794681098e-17
wants it,-2.3852447794681098e-17
cardboard in,-2.3852447794681098e-17
cardboard is less,-2.3852447794681098e-17
com,-2.3852447794681098e-17
should choose construction,-2.3852447794681098e-17
field therefore,-2.3852447794681098e-17
cardboard fin_label the,-2.3852447794681098e-17
com is,-2.3852447794681098e-17
flexible less,-2.3852447794681098e-17
cardboard fin_label,-2.3852447794681098e-17
flexible less tear,-2.3852447794681098e-17
the school,-2.3852447794681098e-17
less likely to,-2.3852447794681098e-17
tearing therefore ben,-2.3852447794681098e-17
for construction,-2.3852447794681098e-17
tearing com is,-2.3852447794681098e-17
tearing com,-2.3852447794681098e-17
for construction and,-2.3852447794681098e-17
for packaging and,-2.3852447794681098e-17
and he,-2.3852447794681098e-17
for packaging,-2.3852447794681098e-17
hall and,-2.3852447794681098e-17
to tearing com,-2.3852447794681098e-17
com is flexible,-2.3852447794681098e-17
used for packaging,-2.3852447794681098e-17
hall,-2.3852447794681098e-17
and is generally,-2.3852447794681098e-17
generally less prone,-2.3852447794681098e-17
contrast cardboard is,-2.3852447794681098e-17
ben wants to,-2.3852447794681098e-17
and he wants,-2.3852447794681098e-17
ben should choose,-2.3852447794681098e-17
contrast cardboard,-2.3852447794681098e-17
to tearing compared,-2.3852447794681098e-17
construction paper over,-2.3852447794681098e-17
construction and is,-2.3852447794681098e-17
construction and,-2.3852447794681098e-17
hall and he,-2.3852447794681098e-17
to other more,-2.3852447794681098e-17
generally less,-2.3852447794681098e-17
to other,-2.3852447794681098e-17
used for construction,-2.3852447794681098e-17
up poster in,-2.3852447794681098e-17
up poster,-2.3852447794681098e-17
the school hall,-2.3852447794681098e-17
around,-2.3852447794681098e-17
choose,-2.3852447794681098e-17
to put,-2.3852447794681098e-17
to put up,-2.3852447794681098e-17
choose construction,-2.3852447794681098e-17
choose construction paper,-2.3852447794681098e-17
rigid materials like,-2.3852447794681098e-17
rigid materials,-2.3852447794681098e-17
rigid,-2.3852447794681098e-17
compared to other,-2.3852447794681098e-17
in less heat,-2.4069288229178198e-17
what one might,-2.42861286636753e-17
floor would,-2.42861286636753e-17
making it less,-2.42861286636753e-17
provide less resistance,-2.42861286636753e-17
might expect,-2.42861286636753e-17
one might expect,-2.42861286636753e-17
one might,-2.42861286636753e-17
up faster than,-2.42861286636753e-17
might,-2.42861286636753e-17
sweating less,-2.42861286636753e-17
it less,-2.42861286636753e-17
is sweating less,-2.42861286636753e-17
is the opposite,-2.42861286636753e-17
would slow down,-2.5045070184415152e-17
the poster,-2.5153490401663703e-17
states that there,-2.5153490401663703e-17
friction there is,-2.5153490401663703e-17
why it will,-2.5153490401663703e-17
friction there,-2.5153490401663703e-17
go faster on,-2.5153490401663703e-17
why the,-2.5153490401663703e-17
therefore the path,-2.5153490401663703e-17
causes it to,-2.5153490401663703e-17
causes it,-2.5153490401663703e-17
allowing jane,-2.5153490401663703e-17
friction which slows,-2.5153490401663703e-17
when pushed,-2.5153490401663703e-17
sheet has,-2.5153490401663703e-17
resistance and larger,-2.5153490401663703e-17
sheet has more,-2.5153490401663703e-17
resistance allowing jane,-2.5153490401663703e-17
sheet less,-2.5153490401663703e-17
sheet less friction,-2.5153490401663703e-17
allowing jane to,-2.5153490401663703e-17
friction when pushed,-2.5153490401663703e-17
down the kumquat,-2.5153490401663703e-17
street which suggests,-2.5153490401663703e-17
and causes,-2.5153490401663703e-17
contrast the silk,-2.5153490401663703e-17
because the cotton,-2.5153490401663703e-17
street when there,-2.5153490401663703e-17
cotton sheet has,-2.5153490401663703e-17
and causes it,-2.5153490401663703e-17
cotton sheet it,-2.5153490401663703e-17
cotton sheet less,-2.5153490401663703e-17
street when,-2.5153490401663703e-17
and larger,-2.5153490401663703e-17
distance by contrast,-2.5153490401663703e-17
that the smooth,-2.5153490401663703e-17
street therefore the,-2.5153490401663703e-17
street therefore,-2.5153490401663703e-17
distance by,-2.5153490401663703e-17
which slows down,-2.5153490401663703e-17
which slows,-2.5153490401663703e-17
the opposite form,-2.5153490401663703e-17
when pushed across,-2.5153490401663703e-17
therefore the smooth,-2.5153490401663703e-17
by contrast the,-2.5153490401663703e-17
and larger push,-2.5153490401663703e-17
shorter distance by,-2.5153490401663703e-17
the kumquat and,-2.5153490401663703e-17
slower in,-2.5153490401663703e-17
form which is,-2.5153490401663703e-17
form which,-2.5153490401663703e-17
by contrast,-2.5153490401663703e-17
friction allows,-2.5153490401663703e-17
form,-2.5153490401663703e-17
when there is,-2.5153490401663703e-17
tear,-2.5153490401663703e-17
friction allows for,-2.5153490401663703e-17
to travel shorter,-2.5153490401663703e-17
is the rationale,-2.5587171270657905e-17
when flying,-2.6020852139652106e-17
bulldozer weighs,-2.6020852139652106e-17
experiences more resistance,-2.6020852139652106e-17
flying,-2.6020852139652106e-17
flying in,-2.6020852139652106e-17
will take longer,-2.6020852139652106e-17
flying in the,-2.6020852139652106e-17
bulldozer weighs more,-2.6020852139652106e-17
bulldozer will take,-2.6020852139652106e-17
as friction would,-2.6020852139652106e-17
take longer,-2.6020852139652106e-17
experiences more,-2.6020852139652106e-17
down the kite,-2.6020852139652106e-17
when flying in,-2.6020852139652106e-17
longer to,-2.6020852139652106e-17
longer to reach,-2.6020852139652106e-17
slower when,-2.6020852139652106e-17
would cause the,-2.6020852139652106e-17
faster the answer,-2.6020852139652106e-17
faster the,-2.6020852139652106e-17
slower when flying,-2.6020852139652106e-17
moves slower when,-2.6020852139652106e-17
contrast the rainy,-2.6020852139652106e-17
friction as friction,-2.6020852139652106e-17
take longer to,-2.6020852139652106e-17
the kite movement,-2.6020852139652106e-17
movement in contrast,-2.6020852139652106e-17
movement in,-2.6020852139652106e-17
slow down,-2.6115719829744588e-17
actually smaller,-2.6156377411212794e-17
smaller this,-2.6156377411212794e-17
appeared larger to,-2.6156377411212794e-17
smaller this is,-2.6156377411212794e-17
the perception of,-2.6156377411212794e-17
the perception,-2.6156377411212794e-17
at it suggests,-2.6156377411212794e-17
as she threw,-2.6156377411212794e-17
threw it,-2.6156377411212794e-17
suggests that it,-2.6156377411212794e-17
at it the,-2.6156377411212794e-17
that carrie,-2.6156377411212794e-17
that carrie noticed,-2.6156377411212794e-17
actually smaller this,-2.6156377411212794e-17
decreases as its,-2.6156377411212794e-17
appeared larger when,-2.6156377411212794e-17
threw it indicating,-2.6156377411212794e-17
threw,-2.6156377411212794e-17
so carrie,-2.6156377411212794e-17
as she looked,-2.6156377411212794e-17
face as she,-2.6156377411212794e-17
size decreases,-2.6156377411212794e-17
when she looked,-2.6156377411212794e-17
carrie observation that,-2.6156377411212794e-17
states that carrie,-2.6156377411212794e-17
size,-2.6156377411212794e-17
an object size,-2.6156377411212794e-17
carrie observation,-2.6156377411212794e-17
as its proximity,-2.6156377411212794e-17
size decreases as,-2.6156377411212794e-17
carrie noticed that,-2.6156377411212794e-17
carrie noticed,-2.6156377411212794e-17
increases,-2.6156377411212794e-17
face as,-2.6156377411212794e-17
to her as,-2.6156377411212794e-17
noticed,-2.6156377411212794e-17
noticed that,-2.6156377411212794e-17
square law of,-2.6156377411212794e-17
noticed that the,-2.6156377411212794e-17
object size,-2.6156377411212794e-17
she threw,-2.6156377411212794e-17
object size decreases,-2.6156377411212794e-17
observation that,-2.6156377411212794e-17
she threw it,-2.6156377411212794e-17
observation that the,-2.6156377411212794e-17
so carrie observation,-2.6156377411212794e-17
was actually smaller,-2.6156377411212794e-17
that the perception,-2.6156377411212794e-17
pebbled street,-2.6237692574149207e-17
the pebbled,-2.6237692574149207e-17
the pebbled street,-2.6237692574149207e-17
parking,-2.6237692574149207e-17
the old parking,-2.6237692574149207e-17
lot,-2.6237692574149207e-17
old parking lot,-2.6237692574149207e-17
old parking,-2.6237692574149207e-17
pebbled,-2.6237692574149207e-17
the old,-2.6237692574149207e-17
parking lot,-2.6237692574149207e-17
the speed,-2.6454533008646308e-17
acceleration,-2.6454533008646308e-17
hardwood floors,-2.688821387764051e-17
floors,-2.688821387764051e-17
is moving,-2.688821387764051e-17
more friction as,-2.721347452938616e-17
up the,-2.7321894746634712e-17
up the ends,-2.7321894746634712e-17
and slower,-2.7321894746634712e-17
wire original,-2.7321894746634712e-17
heat up the,-2.7321894746634712e-17
and heat,-2.7321894746634712e-17
wire original length,-2.7321894746634712e-17
snipped wire,-2.7321894746634712e-17
and heat up,-2.7321894746634712e-17
the wire original,-2.7321894746634712e-17
the snipped wire,-2.7321894746634712e-17
the snipped,-2.7321894746634712e-17
allowing the jetliner,-2.7538735181131813e-17
moving through thin,-2.7538735181131813e-17
air high,-2.7538735181131813e-17
which has lower,-2.7538735181131813e-17
and low resistance,-2.7538735181131813e-17
results in less,-2.7538735181131813e-17
air and,-2.7538735181131813e-17
results in more,-2.7538735181131813e-17
therefore the jetliner,-2.7538735181131813e-17
and low,-2.7538735181131813e-17
air which has,-2.7538735181131813e-17
air high resistance,-2.7538735181131813e-17
air and low,-2.7538735181131813e-17
friction which would,-2.7538735181131813e-17
cloudy air and,-2.7538735181131813e-17
contrast low,-2.7538735181131813e-17
thin air high,-2.7538735181131813e-17
contrast low resistance,-2.7538735181131813e-17
resistance endoftext,-2.7538735181131813e-17
the jetliner in,-2.7538735181131813e-17
rug and,-2.7755575615628914e-17
than the red,-2.7755575615628914e-17
rug and high,-2.7755575615628914e-17
that the jetliner,-2.7755575615628914e-17
roll more,-2.7755575615628914e-17
blue rug and,-2.7755575615628914e-17
and high,-2.7755575615628914e-17
to roll more,-2.7755575615628914e-17
and high resistance,-2.7755575615628914e-17
both boats,-2.7863995832877464e-17
similar,-2.7863995832877464e-17
boats were traveling,-2.7863995832877464e-17
shore suggesting that,-2.7863995832877464e-17
boats were,-2.7863995832877464e-17
to the shoreline,-2.7863995832877464e-17
both boats were,-2.7863995832877464e-17
across first the,-2.7863995832877464e-17
across first however,-2.7863995832877464e-17
first however,-2.7863995832877464e-17
as being crossing,-2.7863995832877464e-17
first the,-2.7863995832877464e-17
being crossing,-2.7863995832877464e-17
note that both,-2.7863995832877464e-17
speedboat on the,-2.7863995832877464e-17
shoreline and,-2.7863995832877464e-17
shore,-2.7863995832877464e-17
as being moving,-2.7863995832877464e-17
being crossing the,-2.7863995832877464e-17
shoreline,-2.7863995832877464e-17
farther away and,-2.7863995832877464e-17
moving closer,-2.7863995832877464e-17
moving closer to,-2.7863995832877464e-17
sailboat is described,-2.7863995832877464e-17
speedboat on,-2.7863995832877464e-17
being moving,-2.7863995832877464e-17
the lake implying,-2.7863995832877464e-17
shoreline and therefore,-2.7863995832877464e-17
away and therefore,-2.7863995832877464e-17
away and,-2.7863995832877464e-17
shore suggesting,-2.7863995832877464e-17
the speedboat on,-2.7863995832877464e-17
first however it,-2.7863995832877464e-17
first the speedboat,-2.7863995832877464e-17
the shore suggesting,-2.7863995832877464e-17
that both boats,-2.7863995832877464e-17
were traveling,-2.7863995832877464e-17
crossing the,-2.7863995832877464e-17
crossing the lake,-2.7863995832877464e-17
the shoreline and,-2.7863995832877464e-17
at similar,-2.7863995832877464e-17
from the shore,-2.7863995832877464e-17
crossing,-2.7863995832877464e-17
were traveling at,-2.7863995832877464e-17
being moving away,-2.7863995832877464e-17
the shoreline,-2.7863995832877464e-17
the shore,-2.7863995832877464e-17
hand is described,-2.7863995832877464e-17
traveling at,-2.7863995832877464e-17
traveling at similar,-2.7863995832877464e-17
traveling,-2.7863995832877464e-17
it is reasonable,-2.8189256484623115e-17
is reasonable to,-2.8189256484623115e-17
jane to,-2.8189256484623115e-17
less throwing,-2.8189256484623115e-17
throwing strength,-2.8189256484623115e-17
less throwing strength,-2.8189256484623115e-17
is reasonable,-2.8189256484623115e-17
white bunny suggesting,-2.827057164755953e-17
bunny suggesting that,-2.827057164755953e-17
bunny suggesting,-2.827057164755953e-17
therefore it not,-2.862293735361732e-17
would slow,-2.862293735361732e-17
it not,-2.862293735361732e-17
less resistance compared,-2.8650042407929455e-17
the answer away,-2.883977778811442e-17
itself,-2.883977778811442e-17
itself gives,-2.883977778811442e-17
expect but,-2.883977778811442e-17
expect but the,-2.883977778811442e-17
answer away,-2.883977778811442e-17
question itself gives,-2.883977778811442e-17
gives the answer,-2.883977778811442e-17
gives the,-2.883977778811442e-17
the question itself,-2.883977778811442e-17
gives,-2.883977778811442e-17
question itself,-2.883977778811442e-17
might expect but,-2.883977778811442e-17
itself gives the,-2.883977778811442e-17
the two,-2.905661822261152e-17
freely on,-2.905661822261152e-17
on the derby,-2.905661822261152e-17
more easily,-2.905661822261152e-17
freely on the,-2.905661822261152e-17
street which,-2.905661822261152e-17
the distance it,-2.949029909160572e-17
sheet suggesting that,-2.949029909160572e-17
distance it,-2.949029909160572e-17
resistance when rolling,-2.949029909160572e-17
to the distance,-2.949029909160572e-17
the surface it,-2.949029909160572e-17
distance it goes,-2.949029909160572e-17
cotton sheet suggesting,-2.949029909160572e-17
sheet suggesting,-2.949029909160572e-17
rolling over the,-2.949029909160572e-17
goes compared to,-2.949029909160572e-17
when rolling,-2.949029909160572e-17
the distance on,-2.949029909160572e-17
that the distance,-2.949029909160572e-17
when rolling over,-2.949029909160572e-17
goes compared,-2.949029909160572e-17
rolling over,-2.949029909160572e-17
surface it,-2.949029909160572e-17
easily,-2.959871930885427e-17
that the kumquat,-2.970713952610282e-17
the kumquat has,-2.970713952610282e-17
cart at lower,-2.970713952610282e-17
lower rate,-2.970713952610282e-17
shopping cart at,-2.970713952610282e-17
distance on the,-2.970713952610282e-17
lower rate of,-2.970713952610282e-17
distance on,-2.970713952610282e-17
less friction when,-2.970713952610282e-17
at lower rate,-2.970713952610282e-17
at lower,-2.970713952610282e-17
kumquat has less,-2.970713952610282e-17
kumquat has,-2.970713952610282e-17
obstacles,-2.992397996059992e-17
storm sky,-2.992397996059992e-17
storm,-2.992397996059992e-17
second,-3.0140820395097023e-17
but the,-3.0357660829594124e-17
most,-3.0791341698588326e-17
who was next,-3.0791341698588326e-17
choice that,-3.0791341698588326e-17
the choice that,-3.0791341698588326e-17
most likely,-3.0791341698588326e-17
the choice,-3.0791341698588326e-17
question states for,-3.1008182133085427e-17
states for,-3.1008182133085427e-17
the gravitational,-3.122502256758253e-17
the gravitational force,-3.122502256758253e-17
go faster,-3.165870343657673e-17
can go faster,-3.165870343657673e-17
of speed,-3.165870343657673e-17
the path,-3.165870343657673e-17
the path has,-3.165870343657673e-17
less likely,-3.187554387107383e-17
has smaller fraction,-3.209238430557093e-17
smaller fraction of,-3.209238430557093e-17
mercury has smaller,-3.209238430557093e-17
resistance typically,-3.209238430557093e-17
on earth this,-3.209238430557093e-17
smaller fraction,-3.209238430557093e-17
kite moves,-3.258027528318941e-17
kite moves slower,-3.258027528318941e-17
in the opposite,-3.2959746043559335e-17
store on the,-3.2959746043559335e-17
store on,-3.2959746043559335e-17
store,-3.2959746043559335e-17
offers less,-3.2959746043559335e-17
the answer in,-3.2959746043559335e-17
annabel,-3.2959746043559335e-17
surface like,-3.2959746043559335e-17
the store,-3.2959746043559335e-17
answer in,-3.2959746043559335e-17
the store on,-3.2959746043559335e-17
endoftext,-3.2959746043559335e-17
prone,-3.2959746043559335e-17
answer in the,-3.2959746043559335e-17
heat on,-3.308849505154199e-17
heat on the,-3.308849505154199e-17
generates less,-3.308849505154199e-17
less heat on,-3.308849505154199e-17
generates less heat,-3.308849505154199e-17
cherry generates less,-3.308849505154199e-17
the cherry generates,-3.308849505154199e-17
cherry generates,-3.308849505154199e-17
fin_label the,-3.3393426912553537e-17
resistance moving through,-3.361026734705064e-17
ben should,-3.361026734705064e-17
resistance moving,-3.361026734705064e-17
rainy sky this,-3.3772897672923463e-17
storm sky compared,-3.3772897672923463e-17
sky compared to,-3.3772897672923463e-17
sky compared,-3.3772897672923463e-17
more prone,-3.404394821604484e-17
more prone to,-3.404394821604484e-17
dog who,-3.4071053270356977e-17
who was,-3.4071053270356977e-17
dog who was,-3.4071053270356977e-17
generates,-3.426078865054194e-17
case therefore it,-3.427434117769801e-17
barking on the,-3.427434117769801e-17
street was barking,-3.427434117769801e-17
be louder to,-3.427434117769801e-17
my dog who,-3.427434117769801e-17
noise would,-3.427434117769801e-17
the street farther,-3.427434117769801e-17
who was barking,-3.427434117769801e-17
to me so,-3.427434117769801e-17
street was louder,-3.427434117769801e-17
to me the,-3.427434117769801e-17
street farther,-3.427434117769801e-17
noise,-3.427434117769801e-17
case therefore,-3.427434117769801e-17
street farther down,-3.427434117769801e-17
noise would be,-3.427434117769801e-17
the listener,-3.427434117769801e-17
the listener this,-3.427434117769801e-17
to the listener,-3.427434117769801e-17
barking which is,-3.427434117769801e-17
dog noise,-3.427434117769801e-17
closer to me,-3.427434117769801e-17
barking which,-3.427434117769801e-17
dog noise would,-3.427434117769801e-17
the case therefore,-3.427434117769801e-17
the dog noise,-3.427434117769801e-17
to me if,-3.427434117769801e-17
was barking which,-3.427434117769801e-17
next to me,-3.427434117769801e-17
that the red,-3.458604930228759e-17
red rug therefore,-3.458604930228759e-17
from,-3.469446951953614e-17
on the left,-3.469446951953614e-17
in the old,-3.469446951953614e-17
first,-3.469446951953614e-17
path has,-3.469446951953614e-17
therefore it is,-3.469446951953614e-17
suggests that the,-3.469446951953614e-17
lydia,-3.469446951953614e-17
travels,-3.5128150388530344e-17
moves,-3.5561831257524545e-17
resistant,-3.5561831257524545e-17
resistant to tearing,-3.5561831257524545e-17
resistant to,-3.5561831257524545e-17
silk sheet,-3.615814245239157e-17
the silk sheet,-3.615814245239157e-17
the silk,-3.615814245239157e-17
silk,-3.615814245239157e-17
make,-3.642919299551295e-17
true,-3.642919299551295e-17
break the,-3.724234462487708e-17
the chandelier did,-3.724234462487708e-17
fragile,-3.724234462487708e-17
chandelier is more,-3.724234462487708e-17
the table indicating,-3.724234462487708e-17
break the table,-3.724234462487708e-17
fragile than the,-3.724234462487708e-17
fragile than,-3.724234462487708e-17
chandelier did not,-3.724234462487708e-17
plate this is,-3.724234462487708e-17
not break the,-3.724234462487708e-17
because the chandelier,-3.724234462487708e-17
it is stronger,-3.724234462487708e-17
chandelier did,-3.724234462487708e-17
the plate this,-3.724234462487708e-17
it is moving,-3.729655473350135e-17
push,-3.729655473350135e-17
frictional force,-3.7730235602495554e-17
higher frictional force,-3.7730235602495554e-17
higher frictional,-3.7730235602495554e-17
grated part indicating,-3.7947076036992655e-17
on the grated,-3.7947076036992655e-17
road than,-3.7947076036992655e-17
travels easier along,-3.7947076036992655e-17
this means that,-3.7947076036992655e-17
states that jerry,-3.7947076036992655e-17
road is smoother,-3.7947076036992655e-17
road is rougher,-3.7947076036992655e-17
road is likely,-3.7947076036992655e-17
this means,-3.7947076036992655e-17
difficult as friction,-3.7947076036992655e-17
difficult as,-3.7947076036992655e-17
part indicating,-3.7947076036992655e-17
part indicating that,-3.7947076036992655e-17
travels easier,-3.7947076036992655e-17
road than on,-3.7947076036992655e-17
that jerry car,-3.7947076036992655e-17
is rougher which,-3.7947076036992655e-17
rougher than,-3.7947076036992655e-17
rougher which would,-3.7947076036992655e-17
cause the car,-3.7947076036992655e-17
along the,-3.7947076036992655e-17
rougher which,-3.7947076036992655e-17
rougher than the,-3.7947076036992655e-17
as friction is,-3.7947076036992655e-17
new road than,-3.7947076036992655e-17
jerry car travels,-3.7947076036992655e-17
jerry car,-3.7947076036992655e-17
jerry,-3.7947076036992655e-17
along the new,-3.7947076036992655e-17
and has less,-3.7947076036992655e-17
allowing the car,-3.7947076036992655e-17
easily this,-3.7947076036992655e-17
travel more difficult,-3.7947076036992655e-17
easier along,-3.7947076036992655e-17
easier along the,-3.7947076036992655e-17
easily this suggests,-3.7947076036992655e-17
than the grated,-3.7947076036992655e-17
car travels easier,-3.7947076036992655e-17
travel more easily,-3.7947076036992655e-17
therefore the new,-3.7947076036992655e-17
car travels,-3.7947076036992655e-17
that jerry,-3.7947076036992655e-17
smoother and has,-3.7947076036992655e-17
the left street,-3.8163916471489756e-17
left street,-3.8163916471489756e-17
left street light,-3.8163916471489756e-17
poster,-3.8163916471489756e-17
question asks for,-3.8163916471489756e-17
to the left,-3.8163916471489756e-17
also mentions,-3.8163916471489756e-17
also mentions that,-3.8163916471489756e-17
asks for,-3.8163916471489756e-17
moves slower through,-3.859759734048396e-17
jetliner has,-3.859759734048396e-17
through cloudy,-3.859759734048396e-17
moving through cloudy,-3.859759734048396e-17
through cloudy air,-3.859759734048396e-17
faster therefore,-3.859759734048396e-17
faster therefore the,-3.859759734048396e-17
the jetliner has,-3.859759734048396e-17
therefore the rainy,-3.870601755773251e-17
forest has,-3.881443777498106e-17
the forest has,-3.881443777498106e-17
forest has more,-3.881443777498106e-17
that the forest,-3.881443777498106e-17
forest,-3.903127820947816e-17
mentions,-3.903127820947816e-17
truck therefore,-3.903127820947816e-17
truck therefore the,-3.903127820947816e-17
the forest,-3.903127820947816e-17
allowing it,-3.903127820947816e-17
that ben,-3.946495907847236e-17
the street was,-3.9898639947466563e-17
friction would slow,-3.9898639947466563e-17
obstacles than,-4.0115480381963664e-17
than the derby,-4.0115480381963664e-17
the forest suggesting,-4.0115480381963664e-17
forest suggesting that,-4.0115480381963664e-17
obstacles than the,-4.0115480381963664e-17
forest suggesting,-4.0115480381963664e-17
low resistance moving,-4.0332320816460765e-17
one to the,-4.0332320816460765e-17
one to,-4.0332320816460765e-17
the one to,-4.0332320816460765e-17
implying,-4.0332320816460765e-17
implying that,-4.0332320816460765e-17
be resistant,-4.0766001685454967e-17
surface that,-4.0766001685454967e-17
that ben wants,-4.0766001685454967e-17
materials,-4.0766001685454967e-17
to be resistant,-4.0766001685454967e-17
states that ben,-4.0766001685454967e-17
that has,-4.0766001685454967e-17
be resistant to,-4.0766001685454967e-17
tearing compared to,-4.0766001685454967e-17
to tearing therefore,-4.0766001685454967e-17
tearing compared,-4.0766001685454967e-17
ben wants,-4.0766001685454967e-17
tearing therefore,-4.0766001685454967e-17
on the street,-4.087442190270352e-17
tile floor suggesting,-4.119968255444917e-17
rug low resistance,-4.119968255444917e-17
red rug low,-4.119968255444917e-17
surfaces indicating that,-4.119968255444917e-17
surfaces indicating,-4.119968255444917e-17
suggesting that larry,-4.119968255444917e-17
smoother surfaces indicating,-4.119968255444917e-17
smoother surfaces,-4.119968255444917e-17
there was in,-4.119968255444917e-17
rug low,-4.119968255444917e-17
resistance typically occurs,-4.119968255444917e-17
than there was,-4.119968255444917e-17
than there,-4.119968255444917e-17
typically occurs,-4.119968255444917e-17
typically occurs on,-4.119968255444917e-17
occurs on smoother,-4.119968255444917e-17
was in the,-4.119968255444917e-17
was in,-4.119968255444917e-17
occurs on,-4.119968255444917e-17
occurs,-4.119968255444917e-17
which would cause,-4.163336342344337e-17
generally,-4.163336342344337e-17
less resistance allowing,-4.163336342344337e-17
resistance allowing,-4.163336342344337e-17
heat,-4.206704429243757e-17
frictional,-4.206704429243757e-17
rolling,-4.2500725161431774e-17
moving away from,-4.2500725161431774e-17
moving away,-4.2500725161431774e-17
weight means,-4.2500725161431774e-17
surfaces,-4.2934406030425976e-17
lot than,-4.336808689942018e-17
parking lot than,-4.336808689942018e-17
that the paved,-4.391018798566293e-17
across the,-4.423544863740858e-17
was actually,-4.423544863740858e-17
to reach top,-4.423544863740858e-17
the stormy sky,-4.466912950640278e-17
the caboose to,-4.466912950640278e-17
more obstacles,-4.466912950640278e-17
stormy,-4.466912950640278e-17
stormy sky,-4.466912950640278e-17
caboose to move,-4.466912950640278e-17
caboose to,-4.466912950640278e-17
the stormy,-4.466912950640278e-17
accelerating,-4.5102810375396984e-17
the bulldozer weighs,-4.5102810375396984e-17
therefore the bulldozer,-4.5102810375396984e-17
friction in,-4.5536491244391186e-17
friction in the,-4.5536491244391186e-17
the other hand,-4.597017211338539e-17
hand is,-4.597017211338539e-17
hand,-4.597017211338539e-17
other hand is,-4.597017211338539e-17
other hand,-4.597017211338539e-17
on the other,-4.597017211338539e-17
rate of speed,-4.618701254788249e-17
rate of,-4.618701254788249e-17
cart at,-4.618701254788249e-17
rate,-4.618701254788249e-17
acceleration compared to,-4.662069341687669e-17
acceleration or,-4.662069341687669e-17
acceleration compared,-4.662069341687669e-17
accelerating the bulldozer,-4.662069341687669e-17
acceleration or ma,-4.662069341687669e-17
accelerating the,-4.662069341687669e-17
according to newton,-4.662069341687669e-17
newton second law,-4.662069341687669e-17
newton second,-4.662069341687669e-17
equals,-4.662069341687669e-17
equals mass,-4.662069341687669e-17
equals mass times,-4.662069341687669e-17
vehicles,-4.662069341687669e-17
vehicles are,-4.662069341687669e-17
vehicles are accelerating,-4.662069341687669e-17
newton,-4.662069341687669e-17
are accelerating the,-4.662069341687669e-17
times,-4.662069341687669e-17
truck according to,-4.662069341687669e-17
to newton,-4.662069341687669e-17
to newton second,-4.662069341687669e-17
that both vehicles,-4.662069341687669e-17
are accelerating,-4.662069341687669e-17
states the bulldozer,-4.662069341687669e-17
states the,-4.662069341687669e-17
both vehicles,-4.662069341687669e-17
both vehicles are,-4.662069341687669e-17
to the truck,-4.662069341687669e-17
the truck according,-4.662069341687669e-17
bulldozer will have,-4.662069341687669e-17
the truck therefore,-4.662069341687669e-17
will have greater,-4.662069341687669e-17
slower acceleration compared,-4.662069341687669e-17
slower acceleration,-4.662069341687669e-17
top speed endoftext,-4.662069341687669e-17
second law of,-4.662069341687669e-17
second law,-4.662069341687669e-17
times acceleration or,-4.662069341687669e-17
times acceleration,-4.662069341687669e-17
truck according,-4.662069341687669e-17
speed endoftext,-4.662069341687669e-17
given that,-4.662069341687669e-17
force equals mass,-4.662069341687669e-17
given that both,-4.662069341687669e-17
greater mass resulting,-4.662069341687669e-17
force equals,-4.662069341687669e-17
opposite of what,-4.683753385137379e-17
what,-4.683753385137379e-17
make it,-4.683753385137379e-17
of what,-4.683753385137379e-17
however the,-4.683753385137379e-17
less tear prone,-4.7704895589362195e-17
less tear,-4.7704895589362195e-17
is typically,-4.7704895589362195e-17
material that is,-4.7704895589362195e-17
tear prone,-4.7704895589362195e-17
material that,-4.7704895589362195e-17
typically used for,-4.7704895589362195e-17
tear prone material,-4.7704895589362195e-17
friction as,-4.7704895589362195e-17
used for,-4.7704895589362195e-17
prone to tearing,-4.7704895589362195e-17
prone material that,-4.7704895589362195e-17
prone material,-4.7704895589362195e-17
that is typically,-4.7704895589362195e-17
typically used,-4.7704895589362195e-17
is typically used,-4.7704895589362195e-17
would likely,-4.8138576458356397e-17
that both,-4.8138576458356397e-17
is that the,-4.85722573273506e-17
appeared,-4.87890977618477e-17
correct interpretation,-4.90059381963448e-17
correct interpretation is,-4.90059381963448e-17
reason,-4.90059381963448e-17
ratio,-4.90059381963448e-17
ratio compared,-4.90059381963448e-17
ratio compared to,-4.90059381963448e-17
sailboat is lighter,-4.90059381963448e-17
two boats,-4.90059381963448e-17
favorable,-4.90059381963448e-17
reason for this,-4.90059381963448e-17
reason for,-4.90059381963448e-17
speedboat the reason,-4.90059381963448e-17
sailboat lighter weight,-4.90059381963448e-17
water allowing,-4.90059381963448e-17
sailboat would,-4.90059381963448e-17
why it is,-4.90059381963448e-17
sailboat would likely,-4.90059381963448e-17
water allowing it,-4.90059381963448e-17
to weight ratio,-4.90059381963448e-17
to weight,-4.90059381963448e-17
speedboat the,-4.90059381963448e-17
speedboat this,-4.90059381963448e-17
boats and,-4.90059381963448e-17
to the speedboat,-4.90059381963448e-17
for this is,-4.90059381963448e-17
speedboat this suggests,-4.90059381963448e-17
speedboat which,-4.90059381963448e-17
speedboat which is,-4.90059381963448e-17
boats and generally,-4.90059381963448e-17
comparison,-4.90059381963448e-17
comparison of,-4.90059381963448e-17
comparison of the,-4.90059381963448e-17
two boats and,-4.90059381963448e-17
sailboat lighter,-4.90059381963448e-17
and generally the,-4.90059381963448e-17
the speedboat which,-4.90059381963448e-17
the reason,-4.90059381963448e-17
the sailboat lighter,-4.90059381963448e-17
and has more,-4.90059381963448e-17
the sailboat would,-4.90059381963448e-17
and generally,-4.90059381963448e-17
the speedboat the,-4.90059381963448e-17
the speedboat this,-4.90059381963448e-17
weight means it,-4.90059381963448e-17
this is that,-4.90059381963448e-17
weight ratio,-4.90059381963448e-17
weight ratio compared,-4.90059381963448e-17
would likely make,-4.90059381963448e-17
experiences less,-4.90059381963448e-17
experiences less resistance,-4.90059381963448e-17
the two boats,-4.90059381963448e-17
the water allowing,-4.90059381963448e-17
the question involves,-4.90059381963448e-17
the reason for,-4.90059381963448e-17
generally the,-4.90059381963448e-17
generally the sailboat,-4.90059381963448e-17
the correct interpretation,-4.90059381963448e-17
favorable power,-4.90059381963448e-17
favorable power to,-4.90059381963448e-17
assume that the,-4.96564594998361e-17
as friction,-4.9873299934333204e-17
that mary needs,-5.0185008058922786e-17
distance herself,-5.0185008058922786e-17
to distance herself,-5.0185008058922786e-17
to distance,-5.0185008058922786e-17
distance herself from,-5.0185008058922786e-17
from holly,-5.0185008058922786e-17
needs to distance,-5.0185008058922786e-17
it will travel,-5.0306980803327406e-17
pebble street,-5.0306980803327406e-17
pebble,-5.0306980803327406e-17
street,-5.0306980803327406e-17
wire,-5.0306980803327406e-17
travel larger,-5.0306980803327406e-17
will travel larger,-5.0306980803327406e-17
to the pebble,-5.0306980803327406e-17
travel larger distance,-5.0306980803327406e-17
the pebble,-5.0306980803327406e-17
larger distance,-5.0306980803327406e-17
has more obstacles,-5.0306980803327406e-17
the pebble street,-5.0306980803327406e-17
smooth path has,-5.0306980803327406e-17
lower,-5.1120132432691534e-17
given,-5.117434254131581e-17
make it across,-5.160802341031001e-17
the sailboat made,-5.160802341031001e-17
sailboat made it,-5.160802341031001e-17
sailboat made,-5.160802341031001e-17
path has less,-5.204170427930421e-17
increased friction,-5.204170427930421e-17
decreases as,-5.204170427930421e-17
the ball appeared,-5.231275482242559e-17
looked,-5.231275482242559e-17
she looked at,-5.231275482242559e-17
she looked,-5.231275482242559e-17
looked at,-5.231275482242559e-17
looked at it,-5.231275482242559e-17
appeared larger,-5.231275482242559e-17
at it,-5.231275482242559e-17
perception,-5.231275482242559e-17
ball appeared,-5.231275482242559e-17
ball appeared larger,-5.231275482242559e-17
the jetliner,-5.2366964931049864e-17
jetliner,-5.2366964931049864e-17
rainy sky offers,-5.334274688628682e-17
away from,-5.377642775528102e-17
slower on the,-5.442694905877232e-17
cherry moves,-5.442694905877232e-17
cherry moves slower,-5.442694905877232e-17
slower on,-5.442694905877232e-17
moves slower on,-5.442694905877232e-17
the cherry moves,-5.442694905877232e-17
more friction in,-5.4643789493269423e-17
on the tile,-5.497582640859311e-17
resistance typically results,-5.5077470362263625e-17
typically results,-5.5077470362263625e-17
typically results in,-5.5077470362263625e-17
as she,-5.551115123125783e-17
to travel,-5.551115123125783e-17
away from the,-5.551115123125783e-17
it across first,-5.572799166575493e-17
and therefore it,-5.572799166575493e-17
to have made,-5.572799166575493e-17
have made it,-5.572799166575493e-17
across first,-5.572799166575493e-17
have made,-5.572799166575493e-17
the caboose,-5.637851296924623e-17
reach top speed,-5.637851296924623e-17
reach top,-5.637851296924623e-17
but the question,-5.659535340374333e-17
therefore the blue,-5.724587470723463e-17
is not,-5.724587470723463e-17
cause the,-5.724587470723463e-17
answer is the,-5.789639601072594e-17
what one,-5.811323644522304e-17
of what one,-5.811323644522304e-17
expect,-5.811323644522304e-17
the left,-5.854691731421724e-17
left,-5.854691731421724e-17
was closer to,-5.898059818321144e-17
was closer,-5.898059818321144e-17
construction,-5.898059818321144e-17
needs,-5.919743861770854e-17
needs to,-5.919743861770854e-17
original length,-5.941427905220564e-17
original,-5.941427905220564e-17
me,-6.033585089881832e-17
to me,-6.033585089881832e-17
blue rug is,-6.071532165918825e-17
material,-6.158268339717665e-17
wants,-6.158268339717665e-17
that is,-6.158268339717665e-17
lighter,-6.418476861114186e-17
plate this,-6.418476861114186e-17
low resistance typically,-6.591949208711867e-17
the derby,-6.678685382510707e-17
track,-6.678685382510707e-17
the derby track,-6.678685382510707e-17
derby,-6.678685382510707e-17
than the truck,-6.678685382510707e-17
derby track,-6.678685382510707e-17
ben,-6.852157730108388e-17
of the two,-6.895525817007808e-17
the rainy,-6.906367838732663e-17
the rainy sky,-6.906367838732663e-17
street was,-6.917209860457518e-17
is described as,-6.938893903907228e-17
why it,-6.938893903907228e-17
plate,-6.938893903907228e-17
is why it,-6.938893903907228e-17
is described,-6.938893903907228e-17
offers less friction,-6.982261990806649e-17
sky offers less,-6.982261990806649e-17
the speed of,-7.025630077706069e-17
described,-7.112366251504909e-17
described as,-7.112366251504909e-17
as being,-7.112366251504909e-17
described as being,-7.112366251504909e-17
part,-7.37257477290143e-17
therefore the red,-7.502679033599691e-17
this is the,-7.546047120499111e-17
grated part,-7.589415207398531e-17
car to travel,-7.589415207398531e-17
that the new,-7.589415207398531e-17
travel more,-7.589415207398531e-17
to travel more,-7.589415207398531e-17
grated,-7.589415207398531e-17
the car,-7.589415207398531e-17
the car to,-7.589415207398531e-17
the grated part,-7.589415207398531e-17
the grated,-7.589415207398531e-17
car to,-7.589415207398531e-17
the water,-7.806255641895632e-17
boats,-7.892991815694472e-17
right suggesting that,-8.056977394282905e-17
right suggesting,-8.056977394282905e-17
the right suggesting,-8.056977394282905e-17
the sailboat is,-8.109832250191573e-17
sailboat is,-8.109832250191573e-17
move faster therefore,-8.115253261054001e-17
kite to,-8.196568423990414e-17
kite to move,-8.196568423990414e-17
the kite to,-8.196568423990414e-17
it across the,-8.326672684688674e-17
offers,-8.46761896711179e-17
to tearing,-8.478460988836645e-17
sky offers,-8.500145032286355e-17
rainy,-8.53267109746092e-17
rainy sky,-8.53267109746092e-17
the cotton,-8.673617379884035e-17
the cotton sheet,-8.673617379884035e-17
cotton,-8.673617379884035e-17
cotton sheet,-8.673617379884035e-17
experiences,-8.760353553682876e-17
water,-8.847089727481716e-17
caboose,-8.933825901280557e-17
tearing,-8.935181153996163e-17
bulldozer will,-9.020562075079397e-17
the bulldozer will,-9.020562075079397e-17
this suggests that,-9.020562075079397e-17
this suggests,-9.020562075079397e-17
left was as,-9.107298248878237e-17
as the one,-9.107298248878237e-17
was as bright,-9.107298248878237e-17
bright as,-9.107298248878237e-17
was as,-9.107298248878237e-17
bright as the,-9.107298248878237e-17
as bright,-9.107298248878237e-17
as bright as,-9.107298248878237e-17
allowing the,-9.367506770274758e-17
than the blue,-9.77950359581925e-17
before the,-9.80118763926896e-17
before,-9.80118763926896e-17
lake before the,-9.80118763926896e-17
is lighter,-9.80118763926896e-17
lake before,-9.80118763926896e-17
before the speedboat,-9.80118763926896e-17
the truck,-9.80118763926896e-17
the lake before,-9.80118763926896e-17
allowing the kite,-9.8879238130678e-17
and has,-9.974659986866641e-17
to move faster,-1.0018028073766061e-16
therefore it,-1.0061396160665481e-16
across the lake,-1.0321604682062002e-16
moves slower,-1.0343288725511712e-16
made it across,-1.0408340855860843e-16
on the honey,-1.0495077029659683e-16
sheet,-1.0581813203458523e-16
move faster,-1.0592655225183378e-16
that the cherry,-1.0885389811754465e-16
the one on,-1.0928757898653885e-16
one on,-1.0928757898653885e-16
one on the,-1.0928757898653885e-16
new,-1.1188966420050406e-16
low,-1.1232334506949826e-16
low resistance,-1.1232334506949826e-16
made it,-1.1484750325231607e-16
which is why,-1.1622647289044608e-16
why,-1.1622647289044608e-16
is why,-1.1622647289044608e-16
the left was,-1.1666015375944028e-16
left was,-1.1666015375944028e-16
moving,-1.1796119636642288e-16
bright,-1.205632815803881e-16
the honey,-1.214306433183765e-16
the honey plate,-1.214306433183765e-16
honey plate,-1.214306433183765e-16
honey,-1.214306433183765e-16
indicates,-1.222980050563649e-16
indicates that,-1.222980050563649e-16
red rug is,-1.249000902703301e-16
the lake,-1.2836953722228372e-16
lake,-1.2836953722228372e-16
the cherry,-1.3010426069826053e-16
cherry,-1.3010426069826053e-16
the kite,-1.3053794156725473e-16
blue rug therefore,-1.3183898417423734e-16
opposite of,-1.3530843112619095e-16
the opposite of,-1.3530843112619095e-16
friction allowing,-1.3704315460216776e-16
it is,-1.3877787807814457e-16
car,-1.3921155894713877e-16
new road is,-1.3921155894713877e-16
road is,-1.3921155894713877e-16
less friction allowing,-1.4051260155412137e-16
suggesting that the,-1.4051260155412137e-16
the bulldozer,-1.474514954580286e-16
road,-1.5178830414797062e-16
the new,-1.5178830414797062e-16
the new road,-1.5178830414797062e-16
new road,-1.5178830414797062e-16
red rug,-1.5417354892743873e-16
the red,-1.5417354892743873e-16
red,-1.5417354892743873e-16
the red rug,-1.5417354892743873e-16
speedboat,-1.5612511283791264e-16
the speedboat,-1.5612511283791264e-16
kite,-1.5785983631388945e-16
bulldozer,-1.5959455978986625e-16
it across,-1.6306400674181987e-16
suggesting,-1.6479873021779667e-16
rug therefore,-1.6653345369377348e-16
friction allowing the,-1.6653345369377348e-16
rug therefore the,-1.6653345369377348e-16
question indicates that,-1.700029006457271e-16
question indicates,-1.700029006457271e-16
the question indicates,-1.700029006457271e-16
that the one,-1.704365815147213e-16
smooth,-1.734723475976807e-16
sky,-1.7672495411513722e-16
the blue rug,-1.8995222061946038e-16
blue rug,-1.8995222061946038e-16
is more smooth,-2.0122792321330962e-16
smooth than,-2.0122792321330962e-16
smooth than the,-2.0122792321330962e-16
more smooth,-2.0122792321330962e-16
rug is,-2.0122792321330962e-16
more smooth than,-2.0122792321330962e-16
rug is more,-2.0122792321330962e-16
that the sailboat,-2.0296264668928643e-16
allowing,-2.1163626406917047e-16
suggesting that,-2.1337098754514727e-16
indicates that the,-2.1380466841414147e-16
the sailboat,-2.185751579730777e-16
sailboat,-2.185751579730777e-16
rug,-3.400058012914542e-16
