feature,importance
the,2.527492104498208e-15
is,1.4849232954361469e-15
in,9.159339953157541e-16
to,7.424616477180734e-16
energy,6.800116025829084e-16
and,6.591949208711867e-16
into,5.065392549852277e-16
of,4.787836793695988e-16
organisms,4.367166350771612e-16
air,4.3021142204224816e-16
in the,3.920475055707584e-16
living,3.8250652645288596e-16
body,3.7816971776294395e-16
their,3.7470027081099033e-16
convert,3.625572064791527e-16
temperature,3.5041414214731503e-16
answer is,3.4889625910583533e-16
it,3.2959746043559335e-16
the body,3.2786273695961654e-16
living organisms,3.2764589652511944e-16
answer is because,3.2482697087665713e-16
answer,3.222248856626919e-16
substances,3.0986498089635717e-16
essential,3.0704605524789486e-16
that,2.914335439641036e-16
electrical,2.892651396191326e-16
the answer is,2.8796409701215e-16
this,2.740863092043355e-16
the answer,2.706168622523819e-16
because,2.667137344314341e-16
is because,2.654126918244515e-16
from,2.42861286636753e-16
process,2.393918396847994e-16
zebras,2.3527187142935446e-16
require,2.2898349882893854e-16
this process,2.2811613709095013e-16
and minerals,2.1684043449710089e-16
minerals,2.1684043449710089e-16
from the,2.1662359406260379e-16
contrast,2.1510571102112408e-16
in contrast,2.1510571102112408e-16
options,2.1337098754514727e-16
to the,2.0990154059319366e-16
of the,2.0903417885520525e-16
air and minerals,2.0469737016526324e-16
as,2.0469737016526324e-16
often,2.038842185358991e-16
rationale,2.0296264668928643e-16
for,2.0296264668928643e-16
therefore,2.0122792321330962e-16
air and,1.9905951886833861e-16
the other options,1.97758476261356e-16
electricity,1.942890293094024e-16
known,1.938553484404082e-16
that can,1.9081958235744878e-16
be,1.8735013540549517e-16
context,1.8735013540549517e-16
for the,1.8539857149502126e-16
the rationale for,1.7780915628762273e-16
that the,1.7694179454963432e-16
electrical energy,1.7607443281164592e-16
water air and,1.7520707107365752e-16
other options,1.7520707107365752e-16
water air,1.7520707107365752e-16
which is,1.734723475976807e-16
necessary,1.734723475976807e-16
convert electrical energy,1.7314708694593506e-16
energy into,1.7314708694593506e-16
convert electrical,1.7314708694593506e-16
electrical energy into,1.7314708694593506e-16
increase,1.700029006457271e-16
the other,1.695692197767329e-16
from the sun,1.695692197767329e-16
water,1.687018580387445e-16
process is,1.6653345369377348e-16
midnorth,1.6393136847980827e-16
growth,1.6132928326584306e-16
can,1.5785983631388945e-16
survival,1.5699247457590104e-16
found,1.5439038936193583e-16
glucose,1.5439038936193583e-16
found in,1.5439038936193583e-16
warmer,1.5373986805844453e-16
the midnorth,1.5265566588595902e-16
midnorth is,1.5265566588595902e-16
transfer,1.5265566588595902e-16
the midnorth is,1.5265566588595902e-16
north,1.5265566588595902e-16
energy from,1.491862189340054e-16
body temperature,1.491862189340054e-16
rate,1.48318857196017e-16
therefore the rationale,1.470178145890344e-16
oxygen,1.465841337200402e-16
like water,1.457167719820518e-16
it is,1.457167719820518e-16
essential for,1.448494102440634e-16
zebra,1.4268100589909238e-16
this process is,1.4224732503009818e-16
cold,1.4094628242311558e-16
the population,1.4051260155412137e-16
like,1.3877787807814457e-16
substances like water,1.3877787807814457e-16
essential substances,1.3877787807814457e-16
substances like,1.3877787807814457e-16
require essential substances,1.3877787807814457e-16
like water air,1.3877787807814457e-16
living organisms and,1.3877787807814457e-16
carbon,1.3877787807814457e-16
sun,1.3834419720915037e-16
the sun,1.3834419720915037e-16
also,1.3704315460216776e-16
require essential,1.3660947373317356e-16
flow,1.3530843112619095e-16
to convert,1.3314002678121994e-16
warm,1.3270634591222574e-16
describe,1.3183898417423734e-16
light energy,1.3010426069826053e-16
dioxide,1.2663481374630692e-16
carbon dioxide,1.2663481374630692e-16
is because when,1.2663481374630692e-16
because when,1.2663481374630692e-16
respiration,1.2576745200831851e-16
consuming,1.240327285323417e-16
used in,1.2388365073362495e-16
heat,1.231653667943533e-16
shed,1.231653667943533e-16
would,1.214306433183765e-16
months,1.214306433183765e-16
sustain,1.205632815803881e-16
therefore the,1.196959198423997e-16
the north,1.1796119636642288e-16
which,1.1796119636642288e-16
in their,1.1622647289044608e-16
rationale for,1.1622647289044608e-16
during the,1.1622647289044608e-16
energy from the,1.1535911115245767e-16
the rationale,1.1167282376600696e-16
that can be,1.1102230246251565e-16
plants,1.1058862159352145e-16
would be,1.1015494072452725e-16
solar,1.0972125985553305e-16
the body temperature,1.0928757898653885e-16
christmas,1.0820337681405334e-16
processes,1.0755285551056204e-16
when,1.0755285551056204e-16
energy into light,1.0668549377257364e-16
into light energy,1.0668549377257364e-16
into light,1.0668549377257364e-16
calculator,1.0668549377257364e-16
movement,1.0636023312082798e-16
produce,1.0625181290357943e-16
organisms require,1.0581813203458523e-16
living organisms require,1.0581813203458523e-16
organisms in,1.0495077029659683e-16
can also,1.0408340855860843e-16
known to,1.0408340855860843e-16
more abundant,1.0364972768961422e-16
more abundant food,1.0364972768961422e-16
abundant food sources,1.0364972768961422e-16
abundant food,1.0364972768961422e-16
them,1.0278236595162582e-16
maintain,1.0234868508263162e-16
room temperature,1.0224026486538307e-16
at room,1.0224026486538307e-16
at room temperature,1.0224026486538307e-16
room,1.0224026486538307e-16
and therefore,1.0191500421363742e-16
referred to as,1.0148132334464322e-16
referred,1.0148132334464322e-16
referred to,1.0148132334464322e-16
to as,1.0148132334464322e-16
form of,1.0061396160665481e-16
glucose and,1.0061396160665481e-16
population,1.0061396160665481e-16
as water,9.934002405398434e-17
with more,9.93129189996722e-17
christmas tree,9.8879238130678e-17
it can,9.855397747893235e-17
is essential,9.80118763926896e-17
is cold,9.80118763926896e-17
energy and,9.71445146547012e-17
without,9.71445146547012e-17
to sustain,9.702931817387461e-17
describe the,9.627715291671279e-17
the winter months,9.454242944073599e-17
winter months,9.454242944073599e-17
electrical appliance,9.367506770274758e-17
appliance,9.367506770274758e-17
tree lights,9.367506770274758e-17
an electrical,9.367506770274758e-17
christmas tree lights,9.367506770274758e-17
maintenance,9.324138683375338e-17
sustain their,9.324138683375338e-17
to sustain their,9.324138683375338e-17
to warmer,9.213007960695574e-17
chandelier,9.107298248878237e-17
due to the,9.063930161978817e-17
in plants,9.020562075079397e-17
form,9.020562075079397e-17
by,9.020562075079397e-17
refer to,8.977193988179977e-17
refer,8.977193988179977e-17
during the winter,8.933825901280557e-17
the form of,8.933825901280557e-17
in the form,8.933825901280557e-17
however the,8.933825901280557e-17
the form,8.933825901280557e-17
find,8.890457814381136e-17
if all,8.868773770931426e-17
cellular,8.847089727481716e-17
be used,8.847089727481716e-17
the winter,8.847089727481716e-17
during,8.847089727481716e-17
allows,8.803721640582296e-17
cellular respiration,8.760353553682876e-17
abundant,8.760353553682876e-17
is known,8.760353553682876e-17
used as,8.760353553682876e-17
necessary for,8.7454457738112e-17
transfer heat energy,8.673617379884035e-17
heat energy,8.673617379884035e-17
survival and,8.586881206085195e-17
organisms and,8.586881206085195e-17
organisms that,8.586881206085195e-17
known as,8.586881206085195e-17
such as water,8.586881206085195e-17
height,8.55435514091063e-17
vehicle,8.55435514091063e-17
because if all,8.538092108323347e-17
were,8.538092108323347e-17
all zebra were,8.538092108323347e-17
is because if,8.538092108323347e-17
if all zebra,8.538092108323347e-17
because if,8.538092108323347e-17
zebra were,8.538092108323347e-17
lights,8.51098705401121e-17
provide,8.500145032286355e-17
hot,8.456776945386935e-17
essential for the,8.413408858487514e-17
help,8.413408858487514e-17
pores,8.359198749863239e-17
that the body,8.332093695551102e-17
when the,8.326672684688674e-17
one,8.326672684688674e-17
instrument,8.288725608651681e-17
light,8.283304597789254e-17
the piano,8.239936510889834e-17
is essential for,8.239936510889834e-17
piano is,8.239936510889834e-17
source,8.239936510889834e-17
mean,8.239936510889834e-17
species population,8.153200337090993e-17
context to,8.153200337090993e-17
is warm,8.153200337090993e-17
rationale for this,8.153200337090993e-17
winter,8.153200337090993e-17
for this,8.153200337090993e-17
this is common,8.153200337090993e-17
in the population,8.153200337090993e-17
does not,8.153200337090993e-17
functions,8.109832250191573e-17
the sun to,8.066464163292153e-17
process is essential,8.066464163292153e-17
sun to,8.066464163292153e-17
fur,8.066464163292153e-17
because zebras,7.991247637575971e-17
living substances,7.991247637575971e-17
is because zebras,7.991247637575971e-17
functions including,7.991247637575971e-17
smell,7.979727989493313e-17
the north is,7.936359902593892e-17
and the midnorth,7.936359902593892e-17
north is,7.936359902593892e-17
them to,7.914675859144182e-17
rate of,7.892991815694472e-17
the rate of,7.892991815694472e-17
the rate,7.892991815694472e-17
offspring,7.892991815694472e-17
limited,7.874018277675976e-17
the term,7.849623728795052e-17
plants that,7.849623728795052e-17
term,7.849623728795052e-17
allows the,7.762887554996212e-17
rays from,7.719519468096792e-17
absorb solar,7.719519468096792e-17
pigment found in,7.719519468096792e-17
rays,7.719519468096792e-17
rays from the,7.719519468096792e-17
is green pigment,7.719519468096792e-17
chlorophyll is green,7.719519468096792e-17
solar rays,7.719519468096792e-17
in plants that,7.719519468096792e-17
green pigment,7.719519468096792e-17
pigment found,7.719519468096792e-17
solar rays from,7.719519468096792e-17
absorb solar rays,7.719519468096792e-17
found in plants,7.719519468096792e-17
green pigment found,7.719519468096792e-17
is green,7.719519468096792e-17
strong,7.632783294297951e-17
and nutrients,7.567731163948821e-17
involves,7.567731163948821e-17
energy and nutrients,7.546047120499111e-17
being living,7.502679033599691e-17
thermoregulation,7.502679033599691e-17
and growth,7.48099499014998e-17
chlorophyll,7.45931094670027e-17
prey,7.45931094670027e-17
mean that,7.45931094670027e-17
mean that the,7.45931094670027e-17
tree,7.45931094670027e-17
and reproduction,7.448468924975415e-17
typically used in,7.41594285980085e-17
not typically used,7.41594285980085e-17
typically used,7.41594285980085e-17
the most,7.41594285980085e-17
that the question,7.383416794626285e-17
of the population,7.37257477290143e-17
organisms can also,7.35089072945172e-17
other organisms can,7.35089072945172e-17
consuming other organisms,7.35089072945172e-17
can also refer,7.35089072945172e-17
this context other,7.35089072945172e-17
context other organisms,7.35089072945172e-17
consuming other,7.35089072945172e-17
organisms can,7.35089072945172e-17
also refer,7.35089072945172e-17
also refer to,7.35089072945172e-17
context other,7.35089072945172e-17
refer to other,7.35089072945172e-17
warmer regions with,7.32920668600201e-17
this seasonal,7.32920668600201e-17
warmer regions,7.32920668600201e-17
to warmer regions,7.32920668600201e-17
this seasonal movement,7.32920668600201e-17
regions,7.32920668600201e-17
regions with more,7.32920668600201e-17
regions with,7.32920668600201e-17
seasonal movement,7.32920668600201e-17
seasonal movement is,7.32920668600201e-17
with more abundant,7.32920668600201e-17
movement is,7.32920668600201e-17
for this question,7.3075226425523e-17
that consume,7.28583859910259e-17
earrings,7.28583859910259e-17
which are,7.28583859910259e-17
that consume other,7.28583859910259e-17
nickel,7.28583859910259e-17
nickel earrings,7.28583859910259e-17
food sources,7.28583859910259e-17
organisms that consume,7.28583859910259e-17
external,7.28583859910259e-17
internal,7.24247051220317e-17
birth rate,7.19910242530375e-17
to grow,7.19910242530375e-17
these,7.19910242530375e-17
air pattern,7.19910242530375e-17
temperatures,7.19910242530375e-17
pattern,7.19910242530375e-17
the birth,7.19910242530375e-17
electricity can,7.19910242530375e-17
the birth rate,7.19910242530375e-17
birth,7.19910242530375e-17
polar air,7.19910242530375e-17
polar,7.19910242530375e-17
specifically,7.155734338404329e-17
then,7.155734338404329e-17
plains,7.153023832973116e-17
especially,7.112366251504909e-17
and carbon,7.112366251504909e-17
used to describe,7.068998164605489e-17
to describe,7.068998164605489e-17
has,7.058156142880634e-17
of living,7.047314121155779e-17
rate of increase,7.025630077706069e-17
of increase,7.025630077706069e-17
migrate,7.025630077706069e-17
sugar,7.025630077706069e-17
and it,6.982261990806649e-17
options do,6.949735925632083e-17
options do not,6.949735925632083e-17
other options do,6.949735925632083e-17
substances are,6.938893903907228e-17
substances are essential,6.938893903907228e-17
reproduction these substances,6.938893903907228e-17
these substances,6.938893903907228e-17
these substances are,6.938893903907228e-17
the zebras biological,6.938893903907228e-17
of the zebras,6.938893903907228e-17
vital functions including,6.938893903907228e-17
vital functions,6.938893903907228e-17
proper functioning of,6.938893903907228e-17
vital,6.938893903907228e-17
sweating,6.938893903907228e-17
organisms require essential,6.938893903907228e-17
sweating or,6.938893903907228e-17
sweating or thermoregulation,6.938893903907228e-17
organisms and therefore,6.938893903907228e-17
substances such,6.938893903907228e-17
substances such as,6.938893903907228e-17
the zebras,6.938893903907228e-17
proper,6.938893903907228e-17
organisms in contrast,6.938893903907228e-17
organisms and are,6.938893903907228e-17
the survival and,6.938893903907228e-17
of living organisms,6.938893903907228e-17
all,6.938893903907228e-17
processes in contrast,6.938893903907228e-17
zebras being living,6.938893903907228e-17
zebras being,6.938893903907228e-17
zebras are living,6.938893903907228e-17
therefore require,6.938893903907228e-17
therefore require essential,6.938893903907228e-17
or thermoregulation,6.938893903907228e-17
the survival,6.938893903907228e-17
proper functioning,6.938893903907228e-17
zebras biological,6.938893903907228e-17
the proper functioning,6.938893903907228e-17
the proper,6.938893903907228e-17
zebras biological processes,6.938893903907228e-17
processes in,6.938893903907228e-17
reproduction these,6.938893903907228e-17
sunlight,6.938893903907228e-17
their vital,6.938893903907228e-17
their vital functions,6.938893903907228e-17
accurate rationale,6.895525817007808e-17
all zebra,6.895525817007808e-17
including,6.895525817007808e-17
power,6.873841773558098e-17
context to determine,6.852157730108388e-17
grasp,6.852157730108388e-17
is often referred,6.841315708383533e-17
is known as,6.808789643208968e-17
or an,6.795237116052899e-17
which can be,6.795237116052899e-17
significant,6.765421556309548e-17
most,6.765421556309548e-17
option is,6.765421556309548e-17
to be,6.765421556309548e-17
and has,6.722053469410127e-17
arid,6.678685382510707e-17
is often,6.678685382510707e-17
metabolic,6.678685382510707e-17
to describe the,6.678685382510707e-17
overall,6.678685382510707e-17
internal temperature,6.678685382510707e-17
into glucose and,6.591949208711867e-17
to produce,6.591949208711867e-17
glucose and oxygen,6.591949208711867e-17
the size,6.591949208711867e-17
into glucose,6.591949208711867e-17
transfer heat,6.591949208711867e-17
predator,6.591949208711867e-17
is musical instrument,6.570265165262157e-17
is musical,6.570265165262157e-17
the piano is,6.570265165262157e-17
to the body,6.548581121812447e-17
to maintain,6.505213034913027e-17
that allows,6.505213034913027e-17
piano,6.505213034913027e-17
its prey,6.505213034913027e-17
oxygen is gas,6.505213034913027e-17
oxygen is,6.505213034913027e-17
for what,6.440160904563896e-17
asks for what,6.440160904563896e-17
organic,6.418476861114186e-17
question would be,6.418476861114186e-17
musical,6.364266752489911e-17
musical instrument,6.364266752489911e-17
material that,6.331740687315346e-17
not provide,6.331740687315346e-17
electrical outlet,6.331740687315346e-17
does not provide,6.331740687315346e-17
outlet,6.331740687315346e-17
animals,6.331740687315346e-17
to determine,6.331740687315346e-17
species,6.245004513516506e-17
question,6.245004513516506e-17
refers to,6.245004513516506e-17
refers,6.245004513516506e-17
why,6.245004513516506e-17
question is,6.245004513516506e-17
conductors,6.245004513516506e-17
increase in,6.245004513516506e-17
green,6.223320470066795e-17
this context,6.21247844834194e-17
in this context,6.21247844834194e-17
temperature and,6.201636426617085e-17
motion,6.201636426617085e-17
air motion,6.201636426617085e-17
reducing,6.201636426617085e-17
is common mistake,6.201636426617085e-17
mistake,6.201636426617085e-17
common mistake,6.201636426617085e-17
and minerals to,6.158268339717665e-17
can convert electrical,6.158268339717665e-17
can convert,6.158268339717665e-17
and debris,6.158268339717665e-17
for plants,6.158268339717665e-17
wind and debris,6.158268339717665e-17
minerals to,6.158268339717665e-17
debris,6.158268339717665e-17
wind and,6.158268339717665e-17
are essential,6.093216209368535e-17
are essential for,6.093216209368535e-17
situation,6.071532165918825e-17
an increase,6.071532165918825e-17
an increase in,6.071532165918825e-17
due to,6.028164079019405e-17
in contrast the,6.028164079019405e-17
due,6.028164079019405e-17
contrast the,6.028164079019405e-17
contrast the other,6.028164079019405e-17
electricity to,6.006480035569695e-17
to have,5.963111948670274e-17
temperature this,5.921099114486461e-17
not related to,5.898059818321144e-17
cold and the,5.898059818321144e-17
context of,5.898059818321144e-17
midnorth is warm,5.898059818321144e-17
not related,5.898059818321144e-17
density,5.898059818321144e-17
and density,5.898059818321144e-17
north is cold,5.898059818321144e-17
move,5.898059818321144e-17
is cold and,5.898059818321144e-17
cold and,5.898059818321144e-17
that does,5.811323644522304e-17
that does not,5.811323644522304e-17
shed their fur,5.767955557622884e-17
their fur,5.767955557622884e-17
shed their,5.767955557622884e-17
lack,5.767955557622884e-17
lack of,5.767955557622884e-17
of thermal,5.724587470723463e-17
heat energy efficiently,5.724587470723463e-17
efficiently,5.724587470723463e-17
energy efficiently,5.724587470723463e-17
months to,5.713745448998608e-17
winter months to,5.713745448998608e-17
and it is,5.692061405548898e-17
is because chlorophyll,5.637851296924623e-17
because chlorophyll,5.637851296924623e-17
material,5.637851296924623e-17
because chlorophyll is,5.637851296924623e-17
chlorophyll is,5.637851296924623e-17
molecules,5.637851296924623e-17
zebras are,5.594483210025203e-17
process of,5.594483210025203e-17
of genetic diversity,5.572799166575493e-17
of genetic,5.572799166575493e-17
lack of genetic,5.572799166575493e-17
to convert into,5.561957144850638e-17
sun to convert,5.561957144850638e-17
plants that can,5.561957144850638e-17
and nutrients this,5.551115123125783e-17
are not typically,5.551115123125783e-17
nutrients this,5.551115123125783e-17
are organisms that,5.551115123125783e-17
are organisms,5.551115123125783e-17
nutrients this process,5.551115123125783e-17
convert energy,5.551115123125783e-17
conductor,5.551115123125783e-17
more,5.551115123125783e-17
convert energy from,5.551115123125783e-17
which can,5.5077470362263625e-17
increases,5.5077470362263625e-17
sterile it would,5.4643789493269423e-17
ultimately,5.4643789493269423e-17
the mother,5.4643789493269423e-17
would mean,5.4643789493269423e-17
mother,5.4643789493269423e-17
it would mean,5.4643789493269423e-17
would mean that,5.4643789493269423e-17
were sterile it,5.4643789493269423e-17
that the mother,5.4643789493269423e-17
sterile it,5.4643789493269423e-17
were sterile,5.4643789493269423e-17
zebra were sterile,5.4643789493269423e-17
stopped,5.421010862427522e-17
clear,5.421010862427522e-17
it would,5.421010862427522e-17
of the other,5.3966163135465983e-17
allowing,5.366800753803247e-17
flow as long,5.355958732078392e-17
flow as,5.355958732078392e-17
help it,5.355958732078392e-17
it along,5.355958732078392e-17
indicates,5.355958732078392e-17
conductor to,5.355958732078392e-17
conductor to help,5.355958732078392e-17
as long as,5.355958732078392e-17
as long,5.355958732078392e-17
long as,5.355958732078392e-17
to help it,5.355958732078392e-17
help it along,5.355958732078392e-17
along,5.355958732078392e-17
rationale would be,5.334274688628682e-17
type of calculator,5.334274688628682e-17
power specifically,5.334274688628682e-17
power specifically in,5.334274688628682e-17
units which are,5.334274688628682e-17
operations making wood,5.334274688628682e-17
units which,5.334274688628682e-17
operations making,5.334274688628682e-17
processing units,5.334274688628682e-17
which are often,5.334274688628682e-17
rationale would,5.334274688628682e-17
units,5.334274688628682e-17
operations,5.334274688628682e-17
operation in contrast,5.334274688628682e-17
operation in,5.334274688628682e-17
processing,5.334274688628682e-17
options metal,5.334274688628682e-17
options metal plastic,5.334274688628682e-17
the least,5.334274688628682e-17
of gpus,5.334274688628682e-17
wood the least,5.334274688628682e-17
the least necessary,5.334274688628682e-17
specifically in the,5.334274688628682e-17
used in bitcoin,5.334274688628682e-17
specifically in,5.334274688628682e-17
tool used in,5.334274688628682e-17
wood the,5.334274688628682e-17
other options metal,5.334274688628682e-17
of gpus graphics,5.334274688628682e-17
processing units which,5.334274688628682e-17
used in mathematics,5.334274688628682e-17
to convert electrical,5.3017486234541167e-17
floor lamp,5.3017486234541167e-17
charger,5.3017486234541167e-17
energy christmas tree,5.3017486234541167e-17
energy christmas,5.3017486234541167e-17
because chandelier is,5.3017486234541167e-17
lamp,5.3017486234541167e-17
power source,5.3017486234541167e-17
floor,5.3017486234541167e-17
is because chandelier,5.3017486234541167e-17
because chandelier,5.3017486234541167e-17
converted into,5.2909066017292616e-17
temperatures and,5.2909066017292616e-17
polar air pattern,5.2909066017292616e-17
migrate to,5.2909066017292616e-17
migrate to warmer,5.2909066017292616e-17
cardboard paperclips,5.2909066017292616e-17
paperclips,5.2909066017292616e-17
from one,5.2909066017292616e-17
cardboard,5.2909066017292616e-17
when the north,5.2909066017292616e-17
converted,5.2475385148298415e-17
option,5.204170427930421e-17
as the,5.204170427930421e-17
gasoline,5.204170427930421e-17
diversity,5.204170427930421e-17
it does not,5.204170427930421e-17
it does,5.204170427930421e-17
genetic diversity,5.204170427930421e-17
with limited,5.182486384480711e-17
with limited natural,5.182486384480711e-17
limited natural light,5.182486384480711e-17
limited natural,5.182486384480711e-17
be used as,5.182486384480711e-17
environments with limited,5.182486384480711e-17
requires,5.160802341031001e-17
and in,5.160802341031001e-17
is not related,5.117434254131581e-17
genetic,5.117434254131581e-17
while oxygen,5.1120132432691534e-17
steam is,5.1120132432691534e-17
while oxygen is,5.1120132432691534e-17
steam is liquid,5.1120132432691534e-17
temperature while,5.1120132432691534e-17
temperature while oxygen,5.1120132432691534e-17
room temperature while,5.1120132432691534e-17
fur in,5.074066167232161e-17
weather,5.074066167232161e-17
growth of,5.074066167232161e-17
tool,5.0306980803327406e-17
convert the energy,5.0306980803327406e-17
as water air,5.0306980803327406e-17
animals do,5.0306980803327406e-17
the sun into,5.0306980803327406e-17
is gas,5.0306980803327406e-17
thermal,5.0306980803327406e-17
convert the,5.0306980803327406e-17
sun into,5.0306980803327406e-17
choice in,4.9873299934333204e-17
to as the,4.9873299934333204e-17
decline,4.96564594998361e-17
chandelier is,4.96564594998361e-17
from pores,4.9439619065339e-17
its body,4.9439619065339e-17
type,4.9439619065339e-17
type of,4.9439619065339e-17
sources,4.9439619065339e-17
pores it,4.9439619065339e-17
pigment,4.9439619065339e-17
its body temperature,4.9439619065339e-17
often used,4.9439619065339e-17
often used to,4.9439619065339e-17
from pores it,4.9439619065339e-17
smell is often,4.9439619065339e-17
smell is,4.9439619065339e-17
spreads from,4.9439619065339e-17
spreads,4.9439619065339e-17
spreads from pores,4.9439619065339e-17
is often used,4.9439619065339e-17
the smell,4.9439619065339e-17
steam,4.92227786308419e-17
trained,4.8626467435974874e-17
resulting,4.85722573273506e-17
used,4.85722573273506e-17
in the context,4.85722573273506e-17
this is,4.85722573273506e-17
the context of,4.85722573273506e-17
therefore it,4.85722573273506e-17
therefore it is,4.85722573273506e-17
resulting in,4.85722573273506e-17
because when the,4.85722573273506e-17
allowing them,4.7704895589362195e-17
this question would,4.7704895589362195e-17
question would,4.7704895589362195e-17
can transfer heat,4.7704895589362195e-17
can transfer,4.7704895589362195e-17
increases in,4.7271214720367993e-17
increases in the,4.7271214720367993e-17
when species,4.7271214720367993e-17
species population increases,4.7271214720367993e-17
population increases in,4.7271214720367993e-17
in the birth,4.7271214720367993e-17
population increases,4.7271214720367993e-17
stalled refers to,4.7271214720367993e-17
stalled refers,4.7271214720367993e-17
because when species,4.7271214720367993e-17
stalled,4.7271214720367993e-17
when species population,4.7271214720367993e-17
carbon dioxide which,4.7271214720367993e-17
and carbon dioxide,4.7271214720367993e-17
term stalled,4.7271214720367993e-17
term stalled refers,4.7271214720367993e-17
the term stalled,4.7271214720367993e-17
dioxide which,4.7271214720367993e-17
or type of,4.683753385137379e-17
the species,4.683753385137379e-17
outlet to convert,4.683753385137379e-17
which are either,4.683753385137379e-17
floor lamp and,4.683753385137379e-17
outlet to,4.683753385137379e-17
in order,4.683753385137379e-17
the number,4.683753385137379e-17
source such,4.683753385137379e-17
requires an external,4.683753385137379e-17
tree lights or,4.683753385137379e-17
energy which,4.683753385137379e-17
power source such,4.683753385137379e-17
such as battery,4.683753385137379e-17
number,4.683753385137379e-17
unlike the,4.683753385137379e-17
source such as,4.683753385137379e-17
lamp and christmas,4.683753385137379e-17
requires an,4.683753385137379e-17
since it,4.683753385137379e-17
or an electrical,4.683753385137379e-17
since it is,4.683753385137379e-17
and christmas tree,4.683753385137379e-17
lamp and,4.683753385137379e-17
or type,4.683753385137379e-17
tree lights in,4.683753385137379e-17
and christmas,4.683753385137379e-17
unlike the other,4.683753385137379e-17
type of energy,4.683753385137379e-17
on the,4.640385298237959e-17
it typically,4.597017211338539e-17
the most necessary,4.597017211338539e-17
to another,4.597017211338539e-17
involves the,4.597017211338539e-17
stored,4.597017211338539e-17
another,4.597017211338539e-17
into energy,4.597017211338539e-17
after,4.597017211338539e-17
most necessary,4.597017211338539e-17
where,4.575333167888829e-17
necessary for the,4.5644911461639737e-17
year,4.5536491244391186e-17
of zebra,4.523833564695767e-17
population of,4.523833564695767e-17
the population of,4.523833564695767e-17
population of zebra,4.523833564695767e-17
development,4.5102810375396984e-17
determine the,4.5102810375396984e-17
so,4.5102810375396984e-17
can be used,4.5102810375396984e-17
to reproduce,4.5102810375396984e-17
not known to,4.5102810375396984e-17
sterile,4.5102810375396984e-17
not known,4.5102810375396984e-17
like all,4.5102810375396984e-17
to determine the,4.5102810375396984e-17
the context,4.5102810375396984e-17
are not known,4.5102810375396984e-17
extinction,4.456070928915423e-17
transfer of,4.423544863740858e-17
the transfer of,4.423544863740858e-17
plant lights can,4.423544863740858e-17
the transfer,4.423544863740858e-17
even,4.423544863740858e-17
and kill its,4.380176776841438e-17
grasp and kill,4.380176776841438e-17
correct choice,4.380176776841438e-17
the correct choice,4.380176776841438e-17
and kill,4.380176776841438e-17
to grasp and,4.380176776841438e-17
grasp and,4.380176776841438e-17
kill its prey,4.380176776841438e-17
kill its,4.380176776841438e-17
known to have,4.358492733391728e-17
natural light,4.336808689942018e-17
significant amount,4.336808689942018e-17
significant amount of,4.336808689942018e-17
also be used,4.2934406030425976e-17
also be,4.2934406030425976e-17
more accurate,4.2934406030425976e-17
can also be,4.2934406030425976e-17
wood,4.2825985813177425e-17
foil,4.279888075886529e-17
vehicle is,4.277177570455315e-17
because stopped,4.277177570455315e-17
weight however,4.277177570455315e-17
vehicle this is,4.277177570455315e-17
weight however the,4.277177570455315e-17
the previous examples,4.277177570455315e-17
what it is,4.277177570455315e-17
what it,4.277177570455315e-17
the confusion,4.277177570455315e-17
what is stopped,4.277177570455315e-17
the confusion between,4.277177570455315e-17
the question it,4.277177570455315e-17
one that does,4.277177570455315e-17
of the vehicle,4.277177570455315e-17
is because stopped,4.277177570455315e-17
vehicle is one,4.277177570455315e-17
vehicle this,4.277177570455315e-17
previous,4.277177570455315e-17
other choices directly,4.277177570455315e-17
the height,4.277177570455315e-17
the height of,4.277177570455315e-17
to the confusion,4.277177570455315e-17
question it is,4.277177570455315e-17
stopped vehicle is,4.277177570455315e-17
question it,4.277177570455315e-17
stopped vehicle,4.277177570455315e-17
previous examples,4.277177570455315e-17
question is not,4.277177570455315e-17
the previous,4.277177570455315e-17
the vehicle this,4.277177570455315e-17
the vehicle,4.277177570455315e-17
previous examples as,4.277177570455315e-17
which is the,4.2717565595928875e-17
to maintain its,4.2717565595928875e-17
maintain its,4.2717565595928875e-17
enough context to,4.2500725161431774e-17
accumulate around shed,4.2500725161431774e-17
enough context,4.2500725161431774e-17
enough,4.2500725161431774e-17
not provide enough,4.2500725161431774e-17
provide enough,4.2500725161431774e-17
provide enough context,4.2500725161431774e-17
of consuming,4.206704429243757e-17
order to obtain,4.206704429243757e-17
this question,4.185020385794047e-17
areas,4.163336342344337e-17
is one,4.163336342344337e-17
accurately describe,4.163336342344337e-17
is one that,4.163336342344337e-17
one that,4.163336342344337e-17
other options are,4.163336342344337e-17
birds,4.163336342344337e-17
thus,4.163336342344337e-17
options are not,4.163336342344337e-17
to help,4.163336342344337e-17
plant,4.163336342344337e-17
options are,4.163336342344337e-17
their survival,4.163336342344337e-17
so the question,4.141652298894627e-17
from the ground,4.0766001685454967e-17
well,4.0766001685454967e-17
their children,4.0766001685454967e-17
with the necessary,4.0766001685454967e-17
the ground,4.0766001685454967e-17
then used,4.0766001685454967e-17
ground,4.0766001685454967e-17
material that can,4.0332320816460765e-17
animals do not,4.0223900599212215e-17
accurate,3.9898639947466563e-17
volume can,3.9898639947466563e-17
air is,3.9898639947466563e-17
because volume,3.9898639947466563e-17
is because volume,3.9898639947466563e-17
angry,3.968179951296946e-17
of the body,3.903127820947816e-17
behaviors,3.903127820947816e-17
form of water,3.903127820947816e-17
what is,3.903127820947816e-17
the liquid,3.903127820947816e-17
thermal conductor,3.903127820947816e-17
in the liquid,3.903127820947816e-17
the liquid form,3.903127820947816e-17
of water which,3.903127820947816e-17
liquid form,3.903127820947816e-17
liquid form of,3.903127820947816e-17
not necessary,3.859759734048396e-17
not necessary for,3.859759734048396e-17
when fluid,3.859759734048396e-17
other animals,3.859759734048396e-17
the zebra,3.838075690598686e-17
is the,3.8163916471489756e-17
body temperature this,3.8163916471489756e-17
can not flow,3.8163916471489756e-17
not flow,3.8163916471489756e-17
the question,3.8163916471489756e-17
electricity can not,3.8163916471489756e-17
the given,3.8163916471489756e-17
of electricity,3.8163916471489756e-17
is likely,3.8163916471489756e-17
and maintain,3.7947076036992655e-17
to exhibit,3.7730235602495554e-17
of glucose,3.7730235602495554e-17
exhibit,3.7730235602495554e-17
often referred to,3.7730235602495554e-17
many learned,3.7730235602495554e-17
many learned behaviors,3.7730235602495554e-17
often referred,3.7730235602495554e-17
consume other,3.729655473350135e-17
pulp which,3.729655473350135e-17
conditions,3.729655473350135e-17
state of,3.729655473350135e-17
characterized by,3.729655473350135e-17
state,3.729655473350135e-17
characterized,3.729655473350135e-17
pulp which is,3.729655473350135e-17
the shed,3.729655473350135e-17
pulp,3.729655473350135e-17
plants convert,3.707971429900425e-17
the cold,3.69712940817557e-17
in marshy,3.686287386450715e-17
produce carbon dioxide,3.686287386450715e-17
produce carbon,3.686287386450715e-17
plastic and,3.686287386450715e-17
marshy,3.686287386450715e-17
body temperature therefore,3.686287386450715e-17
humidity and,3.686287386450715e-17
other organisms such,3.67544536472586e-17
this process of,3.67544536472586e-17
small mammals,3.67544536472586e-17
process of consuming,3.67544536472586e-17
referring to,3.67544536472586e-17
such as insects,3.67544536472586e-17
other organisms is,3.67544536472586e-17
in environments,3.67544536472586e-17
to as consuming,3.67544536472586e-17
other organisms in,3.67544536472586e-17
this context they,3.67544536472586e-17
or even other,3.67544536472586e-17
referring to the,3.67544536472586e-17
referring,3.67544536472586e-17
or even,3.67544536472586e-17
organisms and in,3.67544536472586e-17
to the consuming,3.67544536472586e-17
organisms is commonly,3.67544536472586e-17
organisms in this,3.67544536472586e-17
the consuming organisms,3.67544536472586e-17
organisms but in,3.67544536472586e-17
other animals in,3.67544536472586e-17
organisms is,3.67544536472586e-17
small mammals or,3.67544536472586e-17
the consuming,3.67544536472586e-17
strategy,3.664603343001005e-17
sources during,3.664603343001005e-17
strategy and,3.664603343001005e-17
to different environments,3.664603343001005e-17
response to changes,3.664603343001005e-17
the spring this,3.664603343001005e-17
rubber,3.664603343001005e-17
temperatures or,3.664603343001005e-17
their environment such,3.664603343001005e-17
their behavior to,3.664603343001005e-17
to changes in,3.664603343001005e-17
they make the,3.664603343001005e-17
the spring,3.664603343001005e-17
to changes,3.664603343001005e-17
their behavior,3.664603343001005e-17
to move to,3.664603343001005e-17
programmed,3.664603343001005e-17
sources each year,3.664603343001005e-17
strategy and they,3.664603343001005e-17
because humans like,3.664603343001005e-17
the decision,3.664603343001005e-17
the decision to,3.664603343001005e-17
sources in,3.664603343001005e-17
such as warmer,3.664603343001005e-17
programmed behavior that,3.664603343001005e-17
of food this,3.664603343001005e-17
sources each,3.664603343001005e-17
to move,3.664603343001005e-17
temperatures or availability,3.664603343001005e-17
sources during the,3.664603343001005e-17
sources in the,3.664603343001005e-17
often in,3.664603343001005e-17
they make,3.664603343001005e-17
programmed behavior,3.664603343001005e-17
soles,3.664603343001005e-17
often in response,3.664603343001005e-17
to different,3.664603343001005e-17
year often,3.664603343001005e-17
of their survival,3.664603343001005e-17
electricity to flow,3.664603343001005e-17
year often in,3.664603343001005e-17
typically migrate to,3.664603343001005e-17
pre,3.664603343001005e-17
rubber soles,3.664603343001005e-17
their survival strategy,3.664603343001005e-17
spring this seasonal,3.664603343001005e-17
humans like,3.664603343001005e-17
or availability,3.664603343001005e-17
or availability of,3.664603343001005e-17
and rubber soles,3.664603343001005e-17
and rubber,3.664603343001005e-17
therefore electricity,3.664603343001005e-17
therefore electricity can,3.664603343001005e-17
pre programmed,3.664603343001005e-17
spring this,3.664603343001005e-17
spring,3.664603343001005e-17
warmer temperatures,3.664603343001005e-17
pre programmed behavior,3.664603343001005e-17
typically migrate,3.664603343001005e-17
to escape harsh,3.664603343001005e-17
warmer temperatures or,3.664603343001005e-17
paperclips and,3.664603343001005e-17
cardboard paperclips and,3.664603343001005e-17
not require,3.642919299551295e-17
would do,3.642919299551295e-17
at,3.642919299551295e-17
examples,3.642919299551295e-17
the flow of,3.642919299551295e-17
would be that,3.642919299551295e-17
not the,3.642919299551295e-17
flow of,3.642919299551295e-17
it is unlikely,3.642919299551295e-17
unlikely that,3.642919299551295e-17
is unlikely,3.642919299551295e-17
be that,3.642919299551295e-17
metallic foil,3.642919299551295e-17
relevant,3.642919299551295e-17
is commonly,3.642919299551295e-17
the flow,3.642919299551295e-17
shiny metallic foil,3.642919299551295e-17
unlikely,3.642919299551295e-17
of respiration,3.642919299551295e-17
is unlikely that,3.642919299551295e-17
plains buffaloes,3.599551212651875e-17
process that involves,3.599551212651875e-17
that involves,3.599551212651875e-17
process that,3.599551212651875e-17
happiness,3.599551212651875e-17
buffaloes,3.599551212651875e-17
an animal,3.5778671692021646e-17
lights can,3.5778671692021646e-17
is common,3.572446158339737e-17
snow,3.5561831257524545e-17
texture,3.5561831257524545e-17
other options which,3.5561831257524545e-17
inanimate,3.5561831257524545e-17
humidity,3.5561831257524545e-17
inanimate objects,3.5561831257524545e-17
snow and,3.5561831257524545e-17
like all living,3.5561831257524545e-17
options which are,3.5561831257524545e-17
options which,3.5561831257524545e-17
can not,3.5561831257524545e-17
away,3.5561831257524545e-17
refers to the,3.5128150388530344e-17
to provide,3.5128150388530344e-17
fish to,3.5128150388530344e-17
is important to,3.5019730171281793e-17
light for plants,3.491130995403324e-17
light for,3.491130995403324e-17
the necessary light,3.491130995403324e-17
necessary light,3.491130995403324e-17
the body this,3.469446951953614e-17
regulates its temperature,3.469446951953614e-17
but,3.469446951953614e-17
kill,3.469446951953614e-17
temperature by,3.469446951953614e-17
the fluid spreading,3.469446951953614e-17
pores reduces,3.469446951953614e-17
regulates,3.469446951953614e-17
spreading from,3.469446951953614e-17
to the lowering,3.469446951953614e-17
the body regulates,3.469446951953614e-17
decision to,3.469446951953614e-17
spreading,3.469446951953614e-17
decision,3.469446951953614e-17
the lowering,3.469446951953614e-17
pores it carries,3.469446951953614e-17
water which is,3.469446951953614e-17
when fluid spreads,3.469446951953614e-17
the fluid,3.469446951953614e-17
tornado can,3.469446951953614e-17
the lowering of,3.469446951953614e-17
each,3.469446951953614e-17
the movement of,3.469446951953614e-17
reduces,3.469446951953614e-17
reduces the body,3.469446951953614e-17
regulates its,3.469446951953614e-17
reduces the,3.469446951953614e-17
abacus,3.469446951953614e-17
movement of,3.469446951953614e-17
winds and,3.469446951953614e-17
winds,3.469446951953614e-17
temperature by the,3.469446951953614e-17
relate to,3.469446951953614e-17
water which,3.469446951953614e-17
thermoregulation however,3.469446951953614e-17
thermoregulation however the,3.469446951953614e-17
pores reduces the,3.469446951953614e-17
or thermoregulation however,3.469446951953614e-17
thermoregulation therefore the,3.469446951953614e-17
relate,3.469446951953614e-17
temperature to be,3.469446951953614e-17
the pores reduces,3.469446951953614e-17
temperature to,3.469446951953614e-17
the pores,3.469446951953614e-17
of fluids and,3.469446951953614e-17
or thermoregulation therefore,3.469446951953614e-17
to be lowered,3.469446951953614e-17
thermoregulation therefore,3.469446951953614e-17
process is known,3.469446951953614e-17
spreading from the,3.469446951953614e-17
since,3.469446951953614e-17
relate to the,3.469446951953614e-17
therefore the fluid,3.469446951953614e-17
of fluids,3.469446951953614e-17
species in,3.469446951953614e-17
can cause significant,3.426078865054194e-17
tornado can cause,3.426078865054194e-17
the tornado,3.426078865054194e-17
cause significant,3.426078865054194e-17
because tornado can,3.426078865054194e-17
carbon dioxide is,3.404394821604484e-17
convert carbon dioxide,3.404394821604484e-17
convert carbon,3.404394821604484e-17
during cellular respiration,3.404394821604484e-17
carbon dioxide into,3.404394821604484e-17
during cellular,3.404394821604484e-17
dioxide is,3.404394821604484e-17
dioxide into,3.404394821604484e-17
dioxide into glucose,3.404394821604484e-17
no longer,3.382710778154774e-17
is stopped,3.382710778154774e-17
solution to the,3.382710778154774e-17
solution,3.382710778154774e-17
longer,3.382710778154774e-17
by the movement,3.382710778154774e-17
common,3.382710778154774e-17
sense in the,3.382710778154774e-17
solution to,3.382710778154774e-17
the movement,3.382710778154774e-17
answer the,3.382710778154774e-17
acid,3.382710778154774e-17
it is no,3.382710778154774e-17
of energy,3.382710778154774e-17
is no longer,3.382710778154774e-17
food is past,3.371868756429919e-17
prime which,3.371868756429919e-17
which means it,3.371868756429919e-17
prime which means,3.371868756429919e-17
which means,3.371868756429919e-17
buffaloes are,3.361026734705064e-17
plains buffaloes are,3.361026734705064e-17
response to decrease,3.3393426912553537e-17
responds by reducing,3.3393426912553537e-17
when the air,3.3393426912553537e-17
reducing the,3.3393426912553537e-17
reducing the body,3.3393426912553537e-17
to grasp,3.3393426912553537e-17
through respiration,3.3393426912553537e-17
through respiration and,3.3393426912553537e-17
thus its,3.3393426912553537e-17
thus its body,3.3393426912553537e-17
is typically,3.3393426912553537e-17
restore the,3.3393426912553537e-17
reducing its,3.3393426912553537e-17
restore,3.3393426912553537e-17
water through respiration,3.3393426912553537e-17
responds,3.3393426912553537e-17
responds by,3.3393426912553537e-17
reducing its metabolic,3.3393426912553537e-17
sign that the,3.3393426912553537e-17
respiration and as,3.3393426912553537e-17
temperature it responds,3.3393426912553537e-17
tries,3.3393426912553537e-17
tries to,3.3393426912553537e-17
tries to maintain,3.3393426912553537e-17
process by removing,3.3393426912553537e-17
grow,3.3393426912553537e-17
temperature and it,3.3393426912553537e-17
temperature and maintain,3.3393426912553537e-17
temperature it,3.3393426912553537e-17
temperature this process,3.3393426912553537e-17
the body tries,3.3393426912553537e-17
overall cooling,3.3393426912553537e-17
overall cooling process,3.3393426912553537e-17
overall health,3.3393426912553537e-17
overall health the,3.3393426912553537e-17
behavior that,3.3393426912553537e-17
respiration and,3.3393426912553537e-17
sign,3.3393426912553537e-17
sign that,3.3393426912553537e-17
restore the body,3.3393426912553537e-17
to restore,3.3393426912553537e-17
removing excess heat,3.3393426912553537e-17
removing excess,3.3393426912553537e-17
removing,3.3393426912553537e-17
the body overall,3.3393426912553537e-17
to restore the,3.3393426912553537e-17
learned behaviors,3.333921680392926e-17
there,3.3298559222461055e-17
fur to,3.325790164099285e-17
cool,3.325790164099285e-17
in the size,3.2959746043559335e-17
their environment,3.2959746043559335e-17
density of,3.2959746043559335e-17
density of the,3.2959746043559335e-17
their growth,3.2959746043559335e-17
the population which,3.2959746043559335e-17
have,3.2959746043559335e-17
hand,3.2959746043559335e-17
other hand,3.2959746043559335e-17
size and density,3.2959746043559335e-17
population which,3.2959746043559335e-17
and density of,3.2959746043559335e-17
population which can,3.2959746043559335e-17
the other hand,3.2959746043559335e-17
especially in environments,3.2959746043559335e-17
the size and,3.2959746043559335e-17
accurately,3.2959746043559335e-17
especially in,3.2959746043559335e-17
soybeans that can,3.2851325826310784e-17
such as corn,3.2851325826310784e-17
biofuel is,3.2851325826310784e-17
playing lute which,3.2851325826310784e-17
piano is musical,3.2851325826310784e-17
piano is like,3.2851325826310784e-17
processes like fermentation,3.2851325826310784e-17
soybeans that,3.2851325826310784e-17
of the piano,3.2851325826310784e-17
of lighting,3.2851325826310784e-17
through various processes,3.2851325826310784e-17
of lighting up,3.2851325826310784e-17
because biofuel is,3.2851325826310784e-17
various processes like,3.2851325826310784e-17
various processes,3.2851325826310784e-17
which is musical,3.2851325826310784e-17
fuel,3.2851325826310784e-17
or soybeans,3.2851325826310784e-17
or distillation,3.2851325826310784e-17
or soybeans that,3.2851325826310784e-17
materials such,3.2851325826310784e-17
or distillation the,3.2851325826310784e-17
organic materials such,3.2851325826310784e-17
organic materials,3.2851325826310784e-17
soybeans,3.2851325826310784e-17
materials such as,3.2851325826310784e-17
children,3.2742905609062234e-17
of these,3.268869550043796e-17
shedding fur as,3.252606517456513e-17
shedding fur,3.252606517456513e-17
is byproduct,3.252606517456513e-17
as solar,3.252606517456513e-17
is byproduct of,3.252606517456513e-17
to shedding,3.252606517456513e-17
as animals shed,3.252606517456513e-17
foil paper,3.252606517456513e-17
fur as animals,3.252606517456513e-17
to shedding fur,3.252606517456513e-17
their fur in,3.252606517456513e-17
animals shed,3.252606517456513e-17
seek,3.252606517456513e-17
animals shed their,3.252606517456513e-17
related to shedding,3.252606517456513e-17
to flow,3.2485407593096927e-17
flow through,3.2485407593096927e-17
is then,3.209238430557093e-17
question asks for,3.209238430557093e-17
consume other organisms,3.209238430557093e-17
which is then,3.209238430557093e-17
for energy,3.209238430557093e-17
occupied,3.187554387107383e-17
by an,3.187554387107383e-17
an object and,3.187554387107383e-17
amount of space,3.187554387107383e-17
of space occupied,3.187554387107383e-17
is measure,3.187554387107383e-17
space occupied by,3.187554387107383e-17
object and,3.187554387107383e-17
by an object,3.187554387107383e-17
of space,3.187554387107383e-17
situation where,3.187554387107383e-17
occupied by,3.187554387107383e-17
space occupied,3.187554387107383e-17
is measure of,3.187554387107383e-17
occupied by an,3.187554387107383e-17
object and it,3.187554387107383e-17
be converted into,3.165870343657673e-17
can be converted,3.165870343657673e-17
up light,3.165870343657673e-17
to obtain energy,3.165870343657673e-17
is because biofuel,3.165870343657673e-17
up light bulb,3.165870343657673e-17
be converted,3.165870343657673e-17
biofuel,3.165870343657673e-17
obtain energy,3.165870343657673e-17
because biofuel,3.165870343657673e-17
light bulb,3.165870343657673e-17
have the,3.144186300207963e-17
byproduct of,3.122502256758253e-17
that allows them,3.122502256758253e-17
shiny,3.122502256758253e-17
allows them,3.122502256758253e-17
losing,3.122502256758253e-17
allows them to,3.122502256758253e-17
byproduct,3.122502256758253e-17
choice,3.122502256758253e-17
is that,3.122502256758253e-17
earth,3.122502256758253e-17
it can be,3.122502256758253e-17
no,3.122502256758253e-17
answer the question,3.111660235033398e-17
hemisphere,3.1008182133085427e-17
this phenomenon is,3.1008182133085427e-17
this phenomenon,3.1008182133085427e-17
spot in the,3.1008182133085427e-17
this is why,3.1008182133085427e-17
spot in,3.1008182133085427e-17
organisms such,3.1008182133085427e-17
spot,3.1008182133085427e-17
organisms such as,3.1008182133085427e-17
in the region,3.1008182133085427e-17
the hot spot,3.1008182133085427e-17
phenomenon is,3.1008182133085427e-17
in the northern,3.1008182133085427e-17
the region this,3.1008182133085427e-17
stars invisible this,3.1008182133085427e-17
stars invisible,3.1008182133085427e-17
stars,3.1008182133085427e-17
the region,3.1008182133085427e-17
there will,3.1008182133085427e-17
the hot,3.1008182133085427e-17
there will be,3.1008182133085427e-17
phenomenon,3.1008182133085427e-17
will be no,3.1008182133085427e-17
why the midnorth,3.1008182133085427e-17
phenomenon is known,3.1008182133085427e-17
typically warmer than,3.1008182133085427e-17
why the,3.1008182133085427e-17
typically warmer,3.1008182133085427e-17
warmer than the,3.1008182133085427e-17
northern hemisphere,3.1008182133085427e-17
is warm there,3.1008182133085427e-17
warm midnorth,3.1008182133085427e-17
region,3.1008182133085427e-17
the north causing,3.1008182133085427e-17
the northern hemisphere,3.1008182133085427e-17
region this,3.1008182133085427e-17
northern,3.1008182133085427e-17
region this is,3.1008182133085427e-17
warm midnorth therefore,3.1008182133085427e-17
warm there,3.1008182133085427e-17
warm there will,3.1008182133085427e-17
warmer than,3.1008182133085427e-17
the northern,3.1008182133085427e-17
to be more,3.1008182133085427e-17
on the other,3.0899761915836876e-17
is important,3.0791341698588326e-17
significant sedimentation to,3.0791341698588326e-17
process is result,3.0791341698588326e-17
of the transfer,3.0791341698588326e-17
or other materials,3.0791341698588326e-17
shed such,3.0791341698588326e-17
sediment this process,3.0791341698588326e-17
significant sedimentation,3.0791341698588326e-17
sedimentation,3.0791341698588326e-17
be that the,3.0791341698588326e-17
wind can pick,3.0791341698588326e-17
transport them,3.0791341698588326e-17
outlet due,3.0791341698588326e-17
gas at,3.0791341698588326e-17
shed such as,3.0791341698588326e-17
the shed forming,3.0791341698588326e-17
transport,3.0791341698588326e-17
outlet due to,3.0791341698588326e-17
transport them to,3.0791341698588326e-17
sediment from one,3.0791341698588326e-17
it is important,3.0791341698588326e-17
sediment from,3.0791341698588326e-17
shed forming layer,3.0791341698588326e-17
shed forming,3.0791341698588326e-17
tornado wind,3.0791341698588326e-17
tornado wind and,3.0791341698588326e-17
the tornado wind,3.0791341698588326e-17
sand or other,3.0791341698588326e-17
to another where,3.0791341698588326e-17
through them,3.0791341698588326e-17
other materials and,3.0791341698588326e-17
is liquid at,3.0791341698588326e-17
such as around,3.0791341698588326e-17
forming,3.0791341698588326e-17
or electrical outlet,3.0791341698588326e-17
water through,3.0791341698588326e-17
of sediment from,3.0791341698588326e-17
or electrical,3.0791341698588326e-17
them to the,3.0791341698588326e-17
particles of soil,3.0791341698588326e-17
this wind can,3.0791341698588326e-17
or accumulated,3.0791341698588326e-17
or accumulated in,3.0791341698588326e-17
this wind,3.0791341698588326e-17
is gas at,3.0791341698588326e-17
transfer of sediment,3.0791341698588326e-17
to the wind,3.0791341698588326e-17
result of the,3.0791341698588326e-17
of soil sand,3.0791341698588326e-17
to the shed,3.0791341698588326e-17
soil sand or,3.0791341698588326e-17
other materials,3.0791341698588326e-17
sand or,3.0791341698588326e-17
soil sand,3.0791341698588326e-17
the wind,3.0791341698588326e-17
sand,3.0791341698588326e-17
the wind and,3.0791341698588326e-17
sedimentation to,3.0791341698588326e-17
radiator or electrical,3.0791341698588326e-17
sedimentation to accumulate,3.0791341698588326e-17
liquid at,3.0791341698588326e-17
radiator or,3.0791341698588326e-17
radiator,3.0791341698588326e-17
pick up loose,3.0791341698588326e-17
grow in,3.0574501264091225e-17
conditions and,3.0357660829594124e-17
harsh,3.0357660829594124e-17
sea,3.0357660829594124e-17
other hand are,3.0357660829594124e-17
piano keys,3.0357660829594124e-17
therefore the only,3.0357660829594124e-17
wind,3.0357660829594124e-17
not convert electrical,3.0357660829594124e-17
harsh weather,3.0357660829594124e-17
harsh weather conditions,3.0357660829594124e-17
weather conditions,3.0357660829594124e-17
weather conditions and,3.0357660829594124e-17
it has,3.0357660829594124e-17
for energy and,3.0357660829594124e-17
can not convert,3.0357660829594124e-17
organisms for energy,3.0357660829594124e-17
not convert,3.0357660829594124e-17
escape,3.0357660829594124e-17
to escape,3.0357660829594124e-17
hand are,3.0357660829594124e-17
of animals,2.992397996059992e-17
of sediment,2.992397996059992e-17
to other organisms,2.992397996059992e-17
built,2.992397996059992e-17
playing lute,2.992397996059992e-17
therefore the question,2.992397996059992e-17
directly,2.970713952610282e-17
survive the,2.9544509200229996e-17
survive the cold,2.9544509200229996e-17
option the,2.949029909160572e-17
do not accurately,2.949029909160572e-17
their prey,2.949029909160572e-17
not accurately describe,2.949029909160572e-17
do not require,2.949029909160572e-17
layer,2.949029909160572e-17
months when,2.949029909160572e-17
for survival,2.949029909160572e-17
making option,2.949029909160572e-17
all living,2.949029909160572e-17
and would,2.949029909160572e-17
layer of,2.949029909160572e-17
the energy,2.949029909160572e-17
are known to,2.949029909160572e-17
are known,2.949029909160572e-17
all living organisms,2.949029909160572e-17
making option the,2.949029909160572e-17
source of,2.949029909160572e-17
for choice,2.949029909160572e-17
as animals,2.949029909160572e-17
rationale for choice,2.949029909160572e-17
lower temperature,2.949029909160572e-17
option is the,2.927345865710862e-17
low,2.9219248548484344e-17
angry it,2.905661822261152e-17
angry it may,2.905661822261152e-17
animal is,2.905661822261152e-17
is angry,2.905661822261152e-17
animal is angry,2.905661822261152e-17
an animal is,2.905661822261152e-17
around shed,2.905661822261152e-17
is angry it,2.905661822261152e-17
when an,2.905661822261152e-17
when an animal,2.905661822261152e-17
because when an,2.905661822261152e-17
for the plant,2.905661822261152e-17
it is hot,2.883977778811442e-17
is hot,2.883977778811442e-17
the living,2.867714746224159e-17
the third question,2.862293735361732e-17
the third,2.862293735361732e-17
to its surroundings,2.862293735361732e-17
surroundings therefore the,2.862293735361732e-17
surroundings therefore,2.862293735361732e-17
one point to,2.862293735361732e-17
while ice stone,2.862293735361732e-17
point to,2.862293735361732e-17
pollutants,2.862293735361732e-17
while fabric,2.862293735361732e-17
flow through them,2.862293735361732e-17
of thermal energy,2.862293735361732e-17
thermal energy from,2.862293735361732e-17
thermal energy,2.862293735361732e-17
of thermal conduction,2.862293735361732e-17
sun to its,2.862293735361732e-17
thermal conduction it,2.862293735361732e-17
thermal conduction,2.862293735361732e-17
one point,2.862293735361732e-17
while ice,2.862293735361732e-17
point to another,2.862293735361732e-17
to another and,2.862293735361732e-17
of material,2.862293735361732e-17
third,2.862293735361732e-17
process of thermal,2.862293735361732e-17
transfer of thermal,2.862293735361732e-17
their surroundings while,2.862293735361732e-17
third question is,2.862293735361732e-17
third question,2.862293735361732e-17
transfer energy from,2.862293735361732e-17
to their surroundings,2.862293735361732e-17
while fabric can,2.862293735361732e-17
of material that,2.862293735361732e-17
sunshine are non,2.862293735361732e-17
transfer energy,2.862293735361732e-17
point,2.862293735361732e-17
music,2.8406096919120216e-17
cases,2.8406096919120216e-17
can flow,2.8189256484623115e-17
can flow as,2.8189256484623115e-17
they are more,2.8189256484623115e-17
long as it,2.8189256484623115e-17
electricity can flow,2.8189256484623115e-17
it has conductor,2.8189256484623115e-17
as cardboard,2.8189256484623115e-17
has conductor,2.8189256484623115e-17
such as cardboard,2.8189256484623115e-17
as it has,2.8189256484623115e-17
as cardboard paperclips,2.8189256484623115e-17
has conductor to,2.8189256484623115e-17
make the,2.813504637599884e-17
provide the,2.8094388794530634e-17
stored in,2.7755575615628914e-17
increase in the,2.7755575615628914e-17
this process involves,2.7755575615628914e-17
sugars,2.7755575615628914e-17
sugars and,2.7755575615628914e-17
sugars and amino,2.7755575615628914e-17
the skunk this,2.7755575615628914e-17
organic molecules into,2.7755575615628914e-17
organic molecules,2.7755575615628914e-17
it can not,2.7755575615628914e-17
of respiration to,2.7755575615628914e-17
then used as,2.7755575615628914e-17
to convert the,2.7755575615628914e-17
solar collectors,2.7755575615628914e-17
of sugars,2.7755575615628914e-17
of sugars and,2.7755575615628914e-17
through drilling,2.7755575615628914e-17
through drilling and,2.7755575615628914e-17
into electricity,2.7755575615628914e-17
oil wells extract,2.7755575615628914e-17
oil wells,2.7755575615628914e-17
the energy stored,2.7755575615628914e-17
solar collectors convert,2.7755575615628914e-17
lead to the,2.7755575615628914e-17
the ground through,2.7755575615628914e-17
stored in organic,2.7755575615628914e-17
wells,2.7755575615628914e-17
skunk requires process,2.7755575615628914e-17
requires process,2.7755575615628914e-17
process involves the,2.7755575615628914e-17
skunk this process,2.7755575615628914e-17
process of respiration,2.7755575615628914e-17
so the,2.7755575615628914e-17
skunk this,2.7755575615628914e-17
used as energy,2.7755575615628914e-17
used by the,2.7755575615628914e-17
wells extract energy,2.7755575615628914e-17
wells extract,2.7755575615628914e-17
use energy as,2.7755575615628914e-17
requires process of,2.7755575615628914e-17
text,2.7755575615628914e-17
the conversion,2.7755575615628914e-17
are then used,2.7755575615628914e-17
the conversion of,2.7755575615628914e-17
respiration to convert,2.7755575615628914e-17
are then,2.7755575615628914e-17
sun into electricity,2.7755575615628914e-17
which are then,2.7755575615628914e-17
process involves,2.7755575615628914e-17
to reproduce ultimately,2.7321894746634712e-17
offspring resulting in,2.7321894746634712e-17
was,2.7321894746634712e-17
resulting in lack,2.7321894746634712e-17
producing,2.7321894746634712e-17
zebra ultimately putting,2.7321894746634712e-17
lead to decline,2.7321894746634712e-17
ultimately putting them,2.7321894746634712e-17
risk of becoming,2.7321894746634712e-17
risk of,2.7321894746634712e-17
zebra ultimately,2.7321894746634712e-17
zebra to reproduce,2.7321894746634712e-17
would lead,2.7321894746634712e-17
species this would,2.7321894746634712e-17
species this,2.7321894746634712e-17
resulting in their,2.7321894746634712e-17
offspring resulting,2.7321894746634712e-17
the remora fish,2.7321894746634712e-17
of zebra ultimately,2.7321894746634712e-17
to decline,2.7321894746634712e-17
their extinction fin_label,2.7321894746634712e-17
them at,2.7321894746634712e-17
the species this,2.7321894746634712e-17
would make it,2.7321894746634712e-17
the mother milk,2.7321894746634712e-17
is converted,2.7321894746634712e-17
ultimately resulting,2.7321894746634712e-17
the zebra to,2.7321894746634712e-17
ultimately putting,2.7321894746634712e-17
reproduce ultimately resulting,2.7321894746634712e-17
zebra to,2.7321894746634712e-17
ultimately resulting in,2.7321894746634712e-17
reproduce ultimately,2.7321894746634712e-17
becoming,2.7321894746634712e-17
decline in,2.7321894746634712e-17
putting,2.7321894746634712e-17
risk,2.7321894746634712e-17
this would lead,2.7321894746634712e-17
them at risk,2.7321894746634712e-17
putting them,2.7321894746634712e-17
would lead to,2.7321894746634712e-17
this would,2.7321894746634712e-17
to decline in,2.7321894746634712e-17
was ineffective,2.7321894746634712e-17
was ineffective in,2.7321894746634712e-17
their extinction,2.7321894746634712e-17
decline in the,2.7321894746634712e-17
the remora,2.7321894746634712e-17
would make,2.7321894746634712e-17
putting them at,2.7321894746634712e-17
producing offspring,2.7321894746634712e-17
producing offspring resulting,2.7321894746634712e-17
in order to,2.710505431213761e-17
and oxygen this,2.710505431213761e-17
them therefore the,2.710505431213761e-17
them therefore,2.710505431213761e-17
order to,2.710505431213761e-17
are often,2.688821387764051e-17
the eggs,2.688821387764051e-17
learned,2.688821387764051e-17
eggs,2.688821387764051e-17
feed on the,2.688821387764051e-17
feed on,2.688821387764051e-17
feed,2.688821387764051e-17
is because humans,2.6857720691539355e-17
because humans,2.6857720691539355e-17
visibility often,2.6454533008646308e-17
winds and low,2.6454533008646308e-17
temperate air,2.6454533008646308e-17
visibility,2.6454533008646308e-17
contain,2.6454533008646308e-17
temperate air pattern,2.6454533008646308e-17
with more moderate,2.6454533008646308e-17
visibility often accompanied,2.6454533008646308e-17
pattern is characterized,2.6454533008646308e-17
snow and ice,2.6454533008646308e-17
snowfall this,2.6454533008646308e-17
snowfall,2.6454533008646308e-17
warm it typically,2.6454533008646308e-17
snowfall this is,2.6454533008646308e-17
pattern the,2.6454533008646308e-17
with layer of,2.6454533008646308e-17
with layer,2.6454533008646308e-17
pattern the polar,2.6454533008646308e-17
warm and,2.6454533008646308e-17
pattern with,2.6454533008646308e-17
pattern with more,2.6454533008646308e-17
typically indicates,2.6454533008646308e-17
warm it,2.6454533008646308e-17
typically indicates polar,2.6454533008646308e-17
warm and the,2.6454533008646308e-17
the polar air,2.6454533008646308e-17
polar air is,2.6454533008646308e-17
this answer,2.6454533008646308e-17
this answer is,2.6454533008646308e-17
temperatures and high,2.6454533008646308e-17
temperatures and less,2.6454533008646308e-17
of snow,2.6454533008646308e-17
of snow and,2.6454533008646308e-17
strong winds,2.6454533008646308e-17
and low,2.6454533008646308e-17
the polar,2.6454533008646308e-17
strong winds and,2.6454533008646308e-17
for this answer,2.6454533008646308e-17
pattern is,2.6454533008646308e-17
often with layer,2.6454533008646308e-17
often with,2.6454533008646308e-17
often accompanied,2.6454533008646308e-17
often indicates,2.6454533008646308e-17
often indicates more,2.6454533008646308e-17
often accompanied by,2.6454533008646308e-17
non,2.6237692574149207e-17
below,2.6020852139652106e-17
the substance,2.6020852139652106e-17
as they are,2.6020852139652106e-17
below the,2.6020852139652106e-17
social,2.6020852139652106e-17
being,2.6020852139652106e-17
without oxygen,2.6020852139652106e-17
methods,2.6020852139652106e-17
however,2.6020852139652106e-17
because the substance,2.6020852139652106e-17
form of glucose,2.6020852139652106e-17
surroundings,2.6020852139652106e-17
plant growth,2.6020852139652106e-17
the substance used,2.6020852139652106e-17
nutrients,2.6020852139652106e-17
away from,2.6020852139652106e-17
away from the,2.6020852139652106e-17
plants especially,2.5912431922403556e-17
users to observe,2.5912431922403556e-17
users to,2.5912431922403556e-17
users,2.5912431922403556e-17
plants with,2.5912431922403556e-17
provide plants with,2.5912431922403556e-17
used as source,2.5912431922403556e-17
plants especially in,2.5912431922403556e-17
for plant,2.5912431922403556e-17
or insufficient by,2.5912431922403556e-17
photosynthesis especially in,2.5912431922403556e-17
photosynthesis especially,2.5912431922403556e-17
used as tool,2.5912431922403556e-17
or insufficient,2.5912431922403556e-17
plants with the,2.5912431922403556e-17
to observe,2.5912431922403556e-17
provide plants,2.5912431922403556e-17
tool for,2.5912431922403556e-17
plants can be,2.5912431922403556e-17
plant identification and,2.5912431922403556e-17
rays plant lights,2.5912431922403556e-17
as source of,2.5912431922403556e-17
to grow in,2.5912431922403556e-17
rays plant,2.5912431922403556e-17
trained to grow,2.5912431922403556e-17
trained to,2.5912431922403556e-17
sunlight is,2.5912431922403556e-17
of light for,2.5912431922403556e-17
as source,2.5912431922403556e-17
sun rays plant,2.5912431922403556e-17
sunlight is limited,2.5912431922403556e-17
where natural,2.5912431922403556e-17
plant identification,2.5912431922403556e-17
where natural sunlight,2.5912431922403556e-17
tool for plant,2.5912431922403556e-17
this can lower,2.5912431922403556e-17
good,2.5587171270657905e-17
lungs,2.5587171270657905e-17
the oxygen,2.5587171270657905e-17
materials,2.5587171270657905e-17
the lungs,2.5587171270657905e-17
energy for,2.5587171270657905e-17
computing power,2.5370330836160804e-17
of computing power,2.5370330836160804e-17
wood are,2.5370330836160804e-17
wood are not,2.5370330836160804e-17
operation requires significant,2.5370330836160804e-17
metal plastic and,2.5370330836160804e-17
metal plastic,2.5370330836160804e-17
plastic and wood,2.5370330836160804e-17
computing,2.5370330836160804e-17
and wood are,2.5370330836160804e-17
requires significant amount,2.5370330836160804e-17
requires significant,2.5370330836160804e-17
amount of computing,2.5370330836160804e-17
of computing,2.5370330836160804e-17
both,2.5207700510287978e-17
and development,2.5153490401663703e-17
this attachment,2.5153490401663703e-17
however plants,2.5153490401663703e-17
attachment,2.5153490401663703e-17
allows the remora,2.5153490401663703e-17
fact,2.5153490401663703e-17
similar to,2.5153490401663703e-17
fish to feed,2.5153490401663703e-17
remora fish to,2.5153490401663703e-17
growth and development,2.5153490401663703e-17
tornado,2.5153490401663703e-17
to feed,2.5153490401663703e-17
to feed on,2.5153490401663703e-17
retain,2.5099280293039428e-17
will likely,2.5045070184415152e-17
measure of,2.4990860075790877e-17
instead,2.482822974991805e-17
instead they,2.482822974991805e-17
the sensation,2.47198095326695e-17
sustain their growth,2.47198095326695e-17
sensation of smell,2.47198095326695e-17
relevant and,2.47198095326695e-17
sensation of,2.47198095326695e-17
sensation,2.47198095326695e-17
of something and,2.47198095326695e-17
the texture,2.47198095326695e-17
of something,2.47198095326695e-17
or appearance,2.47198095326695e-17
the texture or,2.47198095326695e-17
of smell therefore,2.47198095326695e-17
the sensation of,2.47198095326695e-17
of smell,2.47198095326695e-17
something and smell,2.47198095326695e-17
something and,2.47198095326695e-17
relevant and accurate,2.47198095326695e-17
this context smell,2.47198095326695e-17
zebras like,2.47198095326695e-17
with the sensation,2.47198095326695e-17
volume is measure,2.47198095326695e-17
zebras like all,2.47198095326695e-17
volume is,2.47198095326695e-17
volume can also,2.47198095326695e-17
of matter in,2.47198095326695e-17
smell therefore,2.47198095326695e-17
associated with the,2.47198095326695e-17
size or,2.47198095326695e-17
texture or appearance,2.47198095326695e-17
the smell of,2.47198095326695e-17
substances to sustain,2.47198095326695e-17
or amount of,2.47198095326695e-17
or amount,2.47198095326695e-17
bodily functions,2.47198095326695e-17
size or amount,2.47198095326695e-17
substances to,2.47198095326695e-17
smell of,2.47198095326695e-17
the size or,2.47198095326695e-17
is liquid,2.47198095326695e-17
bulb,2.47198095326695e-17
of the amount,2.47198095326695e-17
or appearance of,2.47198095326695e-17
question is describing,2.47198095326695e-17
of its state,2.47198095326695e-17
smell of something,2.47198095326695e-17
smell therefore the,2.47198095326695e-17
texture or,2.47198095326695e-17
to light up,2.45029690981724e-17
simpler substance,2.45029690981724e-17
substance such as,2.45029690981724e-17
used to light,2.45029690981724e-17
process can be,2.45029690981724e-17
through process that,2.45029690981724e-17
such as gasoline,2.45029690981724e-17
substance such,2.45029690981724e-17
simpler substance such,2.45029690981724e-17
organic matter into,2.45029690981724e-17
bowls,2.42861286636753e-17
wooden,2.42861286636753e-17
down,2.42861286636753e-17
process by,2.42861286636753e-17
is not the,2.42861286636753e-17
can help,2.42861286636753e-17
wooden bowls,2.42861286636753e-17
can be,2.42861286636753e-17
conductors of electricity,2.42861286636753e-17
do not represent,2.3852447794681098e-17
where it can,2.3852447794681098e-17
not represent,2.3852447794681098e-17
represent,2.3852447794681098e-17
to produce glucose,2.3418766925686896e-17
to produce carbon,2.3418766925686896e-17
the only,2.3418766925686896e-17
organisms are,2.3418766925686896e-17
water molecules in,2.3418766925686896e-17
water molecules,2.3418766925686896e-17
transported to,2.3418766925686896e-17
transported to the,2.3418766925686896e-17
the oxygen from,2.3418766925686896e-17
transported,2.3418766925686896e-17
oxygen and carbon,2.3418766925686896e-17
then transported to,2.3418766925686896e-17
organs this,2.3418766925686896e-17
the evolution of,2.3418766925686896e-17
produce glucose and,2.3418766925686896e-17
with the bloodstream,2.3418766925686896e-17
animals that require,2.3418766925686896e-17
the evolution,2.3418766925686896e-17
organisms are aquatic,2.3418766925686896e-17
the water molecules,2.3418766925686896e-17
of oxygen,2.3418766925686896e-17
of oxygen and,2.3418766925686896e-17
that requires,2.3418766925686896e-17
mammals,2.3418766925686896e-17
the lungs mixes,2.3418766925686896e-17
is that the,2.3418766925686896e-17
is the correct,2.3418766925686896e-17
then transported,2.3418766925686896e-17
the body tissues,2.3418766925686896e-17
to breathe and,2.3418766925686896e-17
produce glucose,2.3418766925686896e-17
organs this process,2.3418766925686896e-17
answer is that,2.3391661871374758e-17
lute,2.3310346708438345e-17
plants require,2.3201926491189795e-17
contribute to the,2.3201926491189795e-17
thing,2.3093506273941244e-17
the living thing,2.3093506273941244e-17
water to survive,2.3093506273941244e-17
thing will likely,2.3093506273941244e-17
thing will,2.3093506273941244e-17
out nutrients such,2.3093506273941244e-17
for the given,2.2985086056692694e-17
because these,2.2985086056692694e-17
setting,2.2985086056692694e-17
these fish species,2.2985086056692694e-17
the given question,2.2985086056692694e-17
is because these,2.2985086056692694e-17
because these fish,2.2985086056692694e-17
given question,2.2985086056692694e-17
contribute to,2.2985086056692694e-17
plants can,2.2985086056692694e-17
and consume,2.2985086056692694e-17
contribute,2.2985086056692694e-17
seek out,2.2876665839444144e-17
require oxygen,2.2768245622195593e-17
that require oxygen,2.2768245622195593e-17
that require,2.2768245622195593e-17
require oxygen to,2.2768245622195593e-17
to shed,2.2714035513571318e-17
absorb,2.2551405187698492e-17
related to,2.2551405187698492e-17
related,2.2551405187698492e-17
that the object,2.2551405187698492e-17
the object,2.2551405187698492e-17
because photosynthesis,2.2551405187698492e-17
properties,2.2551405187698492e-17
the object is,2.2551405187698492e-17
for roses,2.2551405187698492e-17
behaviors and,2.2551405187698492e-17
organism,2.2551405187698492e-17
that can convert,2.2551405187698492e-17
to cool,2.2415879916137804e-17
fur to cool,2.2415879916137804e-17
their fur to,2.2415879916137804e-17
to the situation,2.238369266414214e-17
plants to,2.233456475320139e-17
processes like,2.211772431870429e-17
animals and,2.211772431870429e-17
other living organisms,2.211772431870429e-17
other living,2.211772431870429e-17
evolved,2.211772431870429e-17
have evolved,2.211772431870429e-17
the talons serve,2.190088388420719e-17
to use its,2.190088388420719e-17
the talons,2.190088388420719e-17
strong wing is,2.190088388420719e-17
is known to,2.190088388420719e-17
talons serve,2.190088388420719e-17
using strong wing,2.190088388420719e-17
such as hawk,2.190088388420719e-17
option the correct,2.190088388420719e-17
predator to hunt,2.190088388420719e-17
tool to grasp,2.190088388420719e-17
predator such,2.190088388420719e-17
strong wing,2.190088388420719e-17
predator such as,2.190088388420719e-17
hawk is known,2.190088388420719e-17
tool to,2.190088388420719e-17
using strong,2.190088388420719e-17
to hunt and,2.190088388420719e-17
hawk is,2.190088388420719e-17
talons serve as,2.190088388420719e-17
prey making option,2.190088388420719e-17
serve as strong,2.190088388420719e-17
because predator such,2.190088388420719e-17
strong sharp tool,2.190088388420719e-17
serve,2.190088388420719e-17
predator but option,2.190088388420719e-17
predator but,2.190088388420719e-17
prey the talons,2.190088388420719e-17
its prey the,2.190088388420719e-17
sharp tool to,2.190088388420719e-17
the closest,2.190088388420719e-17
sharp tool,2.190088388420719e-17
sharp,2.190088388420719e-17
of prey making,2.190088388420719e-17
of prey,2.190088388420719e-17
the closest correct,2.190088388420719e-17
wing is not,2.190088388420719e-17
wing,2.190088388420719e-17
serve as,2.190088388420719e-17
wing is,2.190088388420719e-17
prey allowing,2.190088388420719e-17
prey making,2.190088388420719e-17
prey from distance,2.190088388420719e-17
as hawk,2.190088388420719e-17
prey from,2.190088388420719e-17
prey allowing the,2.190088388420719e-17
known to use,2.190088388420719e-17
strong sharp,2.190088388420719e-17
as hawk is,2.190088388420719e-17
require respiration,2.168404344971009e-17
plant lights,2.168404344971009e-17
used by,2.168404344971009e-17
require respiration to,2.168404344971009e-17
because skunk requires,2.168404344971009e-17
of species,2.168404344971009e-17
and oil,2.168404344971009e-17
not require respiration,2.168404344971009e-17
is because skunk,2.168404344971009e-17
derived from,2.168404344971009e-17
growth or,2.168404344971009e-17
oil,2.168404344971009e-17
derived,2.168404344971009e-17
correct,2.168404344971009e-17
because skunk,2.168404344971009e-17
is derived from,2.168404344971009e-17
energy the other,2.168404344971009e-17
is derived,2.168404344971009e-17
season,2.168404344971009e-17
aluminum,2.1467203015212988e-17
oxygen this process,2.1304572689340162e-17
oxygen this,2.1304572689340162e-17
in marshy areas,2.1250362580715887e-17
not adapted,2.1250362580715887e-17
are not adapted,2.1250362580715887e-17
marshy areas,2.1250362580715887e-17
not adapted to,2.1250362580715887e-17
damp,2.1250362580715887e-17
observe,2.1250362580715887e-17
adapted to live,2.1250362580715887e-17
high,2.1033522146218786e-17
called,2.1033522146218786e-17
fluid,2.1033522146218786e-17
material that allows,2.0816681711721685e-17
hydrologic,2.0816681711721685e-17
options accurately answer,2.0816681711721685e-17
other,2.0816681711721685e-17
to boats,2.0816681711721685e-17
because thermal conductor,2.0816681711721685e-17
lights can also,2.0816681711721685e-17
boats,2.0816681711721685e-17
the amount,2.0816681711721685e-17
needs,2.0816681711721685e-17
conductor is,2.0816681711721685e-17
energy through,2.0816681711721685e-17
thermal conductor is,2.0816681711721685e-17
size and,2.0816681711721685e-17
energy the,2.0816681711721685e-17
conductor is material,2.0816681711721685e-17
the amount of,2.0816681711721685e-17
life,2.0816681711721685e-17
is material,2.0816681711721685e-17
eggs and,2.0816681711721685e-17
is material that,2.0816681711721685e-17
does,2.0816681711721685e-17
playing,2.0816681711721685e-17
lower energy costs,2.0816681711721685e-17
themselves to boats,2.0816681711721685e-17
fabric is,2.0816681711721685e-17
lower energy,2.0816681711721685e-17
the eggs and,2.0816681711721685e-17
and fabric,2.0816681711721685e-17
fabric is good,2.0816681711721685e-17
is good,2.0816681711721685e-17
sustain life,2.0816681711721685e-17
on the eggs,2.0816681711721685e-17
of their happiness,2.0383000842727483e-17
warmer areas,2.0383000842727483e-17
options for the,2.0383000842727483e-17
to accumulate around,2.0383000842727483e-17
provide the same,2.0383000842727483e-17
accumulate,2.0383000842727483e-17
from their,2.0383000842727483e-17
parents to their,2.0383000842727483e-17
provide sufficient context,2.0383000842727483e-17
warmer areas during,2.0383000842727483e-17
provide sufficient,2.0383000842727483e-17
options for,2.0383000842727483e-17
to accumulate,2.0383000842727483e-17
conductivity,2.0383000842727483e-17
question the question,2.0383000842727483e-17
wishes or,2.0383000842727483e-17
water for,2.0383000842727483e-17
typically booms due,2.0383000842727483e-17
water and shelter,2.0383000842727483e-17
typically booms,2.0383000842727483e-17
winter months the,2.0383000842727483e-17
state of the,2.0383000842727483e-17
requires them,2.0383000842727483e-17
requires them to,2.0383000842727483e-17
to find food,2.0383000842727483e-17
to find,2.0383000842727483e-17
parents,2.0383000842727483e-17
offspring instead they,2.0383000842727483e-17
parents to,2.0383000842727483e-17
cause,2.0383000842727483e-17
offspring instead,2.0383000842727483e-17
months the,2.0383000842727483e-17
what is being,2.0383000842727483e-17
to warmer areas,2.0383000842727483e-17
conditions for,2.0383000842727483e-17
more likely,2.0383000842727483e-17
the air,2.0383000842727483e-17
thermal conductivity,2.0383000842727483e-17
wishes,2.0383000842727483e-17
wishes or the,2.0383000842727483e-17
to migrate during,2.0383000842727483e-17
accumulate around,2.0383000842727483e-17
same conditions for,2.0383000842727483e-17
their genetic,2.0383000842727483e-17
shelter the term,2.0383000842727483e-17
the increased,2.0383000842727483e-17
same conditions,2.0383000842727483e-17
their genetic makeup,2.0383000842727483e-17
the importance of,2.0383000842727483e-17
population not the,2.0383000842727483e-17
population not,2.0383000842727483e-17
their happiness,2.0383000842727483e-17
their happiness therefore,2.0383000842727483e-17
when their children,2.0383000842727483e-17
their parents to,2.0383000842727483e-17
resources such as,2.0383000842727483e-17
valid options for,2.0383000842727483e-17
their instincts,2.0383000842727483e-17
their instincts and,2.0383000842727483e-17
the importance,2.0383000842727483e-17
when their,2.0383000842727483e-17
to their offspring,2.0383000842727483e-17
their parents,2.0383000842727483e-17
rate it typically,2.0383000842727483e-17
resources such,2.0383000842727483e-17
their offspring,2.0383000842727483e-17
shelter the,2.0383000842727483e-17
valid options,2.0383000842727483e-17
their offspring instead,2.0383000842727483e-17
the cold months,2.0383000842727483e-17
to provide the,2.0383000842727483e-17
or the importance,2.0383000842727483e-17
sufficient context to,2.0383000842727483e-17
specify what,2.0383000842727483e-17
specify what is,2.0383000842727483e-17
to the increased,2.0383000842727483e-17
the population not,2.0383000842727483e-17
the same conditions,2.0383000842727483e-17
to the state,2.0383000842727483e-17
their children may,2.0383000842727483e-17
their children wishes,2.0383000842727483e-17
rate it,2.0383000842727483e-17
sufficient context,2.0383000842727483e-17
they migrate to,2.0383000842727483e-17
of increase but,2.0383000842727483e-17
of increase therefore,2.0383000842727483e-17
they migrate,2.0383000842727483e-17
bird,2.0383000842727483e-17
the increased demand,2.0383000842727483e-17
birth rate it,2.0383000842727483e-17
sediment,1.9949319973733282e-17
often found in,1.9949319973733282e-17
choice is that,1.9949319973733282e-17
it difficult,1.9949319973733282e-17
often found,1.9949319973733282e-17
humid,1.9949319973733282e-17
only,1.9949319973733282e-17
it difficult for,1.9949319973733282e-17
for choice is,1.9949319973733282e-17
by their,1.9949319973733282e-17
difficult,1.9949319973733282e-17
based,1.9949319973733282e-17
their surroundings,1.9949319973733282e-17
difficult for,1.9949319973733282e-17
based on the,1.9949319973733282e-17
options accurately,1.9949319973733282e-17
based on,1.9949319973733282e-17
difficult for the,1.9949319973733282e-17
accurately describe the,1.973247953923618e-17
perform various functions,1.951563910473908e-17
state of water,1.951563910473908e-17
through cellular,1.951563910473908e-17
the question as,1.951563910473908e-17
perform various,1.951563910473908e-17
of water is,1.951563910473908e-17
provides the,1.951563910473908e-17
of cellular,1.951563910473908e-17
question as,1.951563910473908e-17
than air and,1.951563910473908e-17
is converted into,1.951563910473908e-17
water to perform,1.951563910473908e-17
temperature swimming,1.951563910473908e-17
steam this,1.951563910473908e-17
this is gaseous,1.951563910473908e-17
question as air,1.951563910473908e-17
to as steam,1.951563910473908e-17
grow but,1.951563910473908e-17
temperature swimming in,1.951563910473908e-17
perform,1.951563910473908e-17
to perform,1.951563910473908e-17
to perform various,1.951563910473908e-17
which is denser,1.951563910473908e-17
the body with,1.951563910473908e-17
than air,1.951563910473908e-17
various functions the,1.951563910473908e-17
steam this is,1.951563910473908e-17
through cellular respiration,1.951563910473908e-17
water is essential,1.951563910473908e-17
the necessary water,1.951563910473908e-17
provides the body,1.951563910473908e-17
its fur,1.940721888749053e-17
problem nickel earrings,1.9081958235744878e-17
nutrients such as,1.9081958235744878e-17
to reach the,1.9081958235744878e-17
other person house,1.9081958235744878e-17
nutrients such,1.9081958235744878e-17
in the wild,1.9081958235744878e-17
to reach,1.9081958235744878e-17
to make foil,1.9081958235744878e-17
or office without,1.9081958235744878e-17
maintain their,1.9081958235744878e-17
wood is natural,1.9081958235744878e-17
or office,1.9081958235744878e-17
wires or,1.9081958235744878e-17
without any problem,1.9081958235744878e-17
acid rain,1.9081958235744878e-17
not the primary,1.9081958235744878e-17
such as copper,1.9081958235744878e-17
production of shiny,1.9081958235744878e-17
the other person,1.9081958235744878e-17
lower,1.9081958235744878e-17
problem nickel,1.9081958235744878e-17
wires,1.9081958235744878e-17
should be the,1.9081958235744878e-17
primary material used,1.9081958235744878e-17
only viable option,1.9081958235744878e-17
wires or aluminum,1.9081958235744878e-17
office without any,1.9081958235744878e-17
office without,1.9081958235744878e-17
note that this,1.9081958235744878e-17
office,1.9081958235744878e-17
without any,1.9081958235744878e-17
only viable,1.9081958235744878e-17
through them therefore,1.9081958235744878e-17
used in the,1.9081958235744878e-17
used in various,1.9081958235744878e-17
paper in cooking,1.9081958235744878e-17
which is dense,1.9081958235744878e-17
primary material,1.9081958235744878e-17
of shiny,1.9081958235744878e-17
the electricity to,1.9081958235744878e-17
reach the,1.9081958235744878e-17
reach the other,1.9081958235744878e-17
of water,1.9081958235744878e-17
likely seek out,1.9081958235744878e-17
the primary,1.9081958235744878e-17
person house,1.9081958235744878e-17
growth development,1.9081958235744878e-17
them enabling the,1.9081958235744878e-17
them enabling,1.9081958235744878e-17
shiny metal clouds,1.9081958235744878e-17
person house or,1.9081958235744878e-17
viable option is,1.9081958235744878e-17
processes but,1.9081958235744878e-17
rubber soles do,1.9081958235744878e-17
paperclips and rubber,1.9081958235744878e-17
break,1.9081958235744878e-17
break down,1.9081958235744878e-17
option is aluminum,1.9081958235744878e-17
rocks and,1.9081958235744878e-17
processes but it,1.9081958235744878e-17
rocks and leaves,1.9081958235744878e-17
than,1.9081958235744878e-17
the wild,1.9081958235744878e-17
shiny metal,1.9081958235744878e-17
the electricity,1.9081958235744878e-17
wild,1.9081958235744878e-17
of shiny metallic,1.9081958235744878e-17
soles do not,1.9081958235744878e-17
development and,1.9081958235744878e-17
the only viable,1.9081958235744878e-17
that this,1.9081958235744878e-17
to flow easily,1.9081958235744878e-17
other person,1.9081958235744878e-17
that this is,1.9081958235744878e-17
their growth development,1.9081958235744878e-17
growth development and,1.9081958235744878e-17
adaptations,1.9081958235744878e-17
through them enabling,1.9081958235744878e-17
around,1.9081958235744878e-17
soles do,1.9081958235744878e-17
various cooking,1.9081958235744878e-17
the primary material,1.9081958235744878e-17
reach,1.9081958235744878e-17
likely seek,1.9081958235744878e-17
various cooking processes,1.9081958235744878e-17
dolphins and,1.8990478677441414e-17
have high,1.8990478677441414e-17
high level,1.8990478677441414e-17
because plains,1.8990478677441414e-17
because plains buffaloes,1.8990478677441414e-17
have high level,1.8990478677441414e-17
is because plains,1.8990478677441414e-17
park dolphins and,1.8990478677441414e-17
high level of,1.8990478677441414e-17
of plains,1.8865117801247777e-17
type of plains,1.8865117801247777e-17
unlike sea,1.8865117801247777e-17
or socialized,1.8865117801247777e-17
trained or socialized,1.8865117801247777e-17
unlike sea park,1.8865117801247777e-17
plains cattle that,1.8865117801247777e-17
structures and are,1.8865117801247777e-17
of plains cattle,1.8865117801247777e-17
trained or,1.8865117801247777e-17
plains cattle,1.8865117801247777e-17
plains buffalo,1.8865117801247777e-17
of social,1.8865117801247777e-17
saltwater crocodiles on,1.8865117801247777e-17
or socialized to,1.8865117801247777e-17
to learning behaviors,1.8865117801247777e-17
of social interaction,1.8865117801247777e-17
to resembling,1.8865117801247777e-17
to exhibit them,1.8865117801247777e-17
have many learned,1.8865117801247777e-17
social interaction,1.8865117801247777e-17
well adapted,1.8865117801247777e-17
well adapted to,1.8865117801247777e-17
the only animal,1.8865117801247777e-17
socialized to,1.8865117801247777e-17
social interaction unlike,1.8865117801247777e-17
social structures and,1.8865117801247777e-17
them saltwater crocodiles,1.8865117801247777e-17
to have complex,1.8865117801247777e-17
them saltwater,1.8865117801247777e-17
to have many,1.8865117801247777e-17
species that are,1.8865117801247777e-17
socialized,1.8865117801247777e-17
to exhibit many,1.8865117801247777e-17
to resembling plains,1.8865117801247777e-17
only animal that,1.8865117801247777e-17
to learning,1.8865117801247777e-17
have many,1.8865117801247777e-17
only animal,1.8865117801247777e-17
resembling,1.8865117801247777e-17
resembling plains,1.8865117801247777e-17
resembling plains buffalo,1.8865117801247777e-17
socialized to exhibit,1.8865117801247777e-17
trees the wood,1.8648277366750676e-17
trees the,1.8648277366750676e-17
from wood,1.8648277366750676e-17
the foil paper,1.8648277366750676e-17
the foil,1.8648277366750676e-17
wood is processed,1.8648277366750676e-17
made from wood,1.8648277366750676e-17
paper products,1.8648277366750676e-17
of trees,1.8648277366750676e-17
to create the,1.8648277366750676e-17
wood pulp which,1.8648277366750676e-17
if,1.8648277366750676e-17
of trees the,1.8648277366750676e-17
and then,1.8648277366750676e-17
the wood is,1.8648277366750676e-17
used to create,1.8648277366750676e-17
processed,1.8648277366750676e-17
processed into,1.8648277366750676e-17
which is byproduct,1.8648277366750676e-17
wood pulp,1.8648277366750676e-17
processed into pulp,1.8648277366750676e-17
products,1.8648277366750676e-17
the wood,1.8648277366750676e-17
then used to,1.8648277366750676e-17
these environments,1.8214596497756474e-17
park dolphins,1.8214596497756474e-17
possible for,1.8214596497756474e-17
properly,1.8214596497756474e-17
these environments basement,1.8214596497756474e-17
these fish,1.8214596497756474e-17
text that is,1.8214596497756474e-17
in these,1.8214596497756474e-17
plant growth therefore,1.8214596497756474e-17
properly large,1.8214596497756474e-17
they would do,1.8214596497756474e-17
soil,1.8214596497756474e-17
well in these,1.8214596497756474e-17
well in,1.8214596497756474e-17
possible for plants,1.8214596497756474e-17
well as to,1.8214596497756474e-17
well as,1.8214596497756474e-17
park,1.8214596497756474e-17
properly large patio,1.8214596497756474e-17
text that,1.8214596497756474e-17
warm humid,1.8214596497756474e-17
lucky text,1.8214596497756474e-17
patio setting humid,1.8214596497756474e-17
consistent,1.8214596497756474e-17
other hand is,1.8214596497756474e-17
written,1.8214596497756474e-17
and warm,1.8214596497756474e-17
warm humid environment,1.8214596497756474e-17
support plant,1.8214596497756474e-17
make,1.8214596497756474e-17
open greenhouse and,1.8214596497756474e-17
moisture,1.8214596497756474e-17
journal,1.8214596497756474e-17
to grow but,1.8214596497756474e-17
lucky,1.8214596497756474e-17
would do so,1.8214596497756474e-17
aquarium,1.8214596497756474e-17
to grow properly,1.8214596497756474e-17
for photosynthesis,1.8214596497756474e-17
plants require consistent,1.8214596497756474e-17
setting humid,1.8214596497756474e-17
to why,1.8214596497756474e-17
would do well,1.8214596497756474e-17
require consistent,1.8214596497756474e-17
require consistent moisture,1.8214596497756474e-17
represent conditions that,1.8214596497756474e-17
represent conditions,1.8214596497756474e-17
without windows on,1.8214596497756474e-17
written on,1.8214596497756474e-17
typically cold dry,1.8214596497756474e-17
support plant growth,1.8214596497756474e-17
aquarium fish,1.8214596497756474e-17
plants would,1.8214596497756474e-17
will be,1.8214596497756474e-17
so well as,1.8214596497756474e-17
so well,1.8214596497756474e-17
than the,1.8214596497756474e-17
setting humid open,1.8214596497756474e-17
windows on,1.8214596497756474e-17
windows on the,1.8214596497756474e-17
unlikely that plants,1.8214596497756474e-17
unlikely that they,1.8214596497756474e-17
plants would do,1.8214596497756474e-17
sea park,1.8214596497756474e-17
sea park dolphins,1.8214596497756474e-17
typically cold,1.8214596497756474e-17
nutrients to,1.7997756063259374e-17
produce plastic,1.7889335846010823e-17
to produce plastic,1.7889335846010823e-17
resources can be,1.7889335846010823e-17
nanthe answer,1.7889335846010823e-17
resources can,1.7889335846010823e-17
produce plastic rulers,1.7889335846010823e-17
renewable resources can,1.7889335846010823e-17
nanthe answer is,1.7889335846010823e-17
nanthe,1.7889335846010823e-17
energy in the,1.7780915628762273e-17
transferred from one,1.7780915628762273e-17
shedding,1.7780915628762273e-17
dolphins,1.7780915628762273e-17
fur as,1.7780915628762273e-17
transferred from,1.7780915628762273e-17
transferred,1.7780915628762273e-17
is because predator,1.734723475976807e-17
long,1.734723475976807e-17
not genetically,1.734723475976807e-17
particles of,1.734723475976807e-17
hawk,1.734723475976807e-17
birds migrate,1.734723475976807e-17
respiration to,1.734723475976807e-17
energy but it,1.734723475976807e-17
them to migrate,1.734723475976807e-17
device that,1.734723475976807e-17
particles,1.734723475976807e-17
migration is,1.734723475976807e-17
objects,1.734723475976807e-17
device that can,1.734723475976807e-17
all mammals,1.734723475976807e-17
the predator to,1.734723475976807e-17
in order for,1.734723475976807e-17
order for,1.734723475976807e-17
predator to,1.734723475976807e-17
the predator,1.734723475976807e-17
talons to grasp,1.734723475976807e-17
energy but,1.734723475976807e-17
does not have,1.7184604433895245e-17
for what is,1.713039432527097e-17
respiration however,1.702197410802242e-17
plants and during,1.702197410802242e-17
respiration however plants,1.702197410802242e-17
undergo cellular respiration,1.702197410802242e-17
respiration which,1.702197410802242e-17
respiration in,1.702197410802242e-17
the stored carbon,1.702197410802242e-17
which is process,1.702197410802242e-17
the exchange,1.702197410802242e-17
the stored,1.702197410802242e-17
so they do,1.702197410802242e-17
plants and some,1.702197410802242e-17
undergo cellular,1.702197410802242e-17
some animals,1.702197410802242e-17
do not produce,1.702197410802242e-17
respiration so,1.702197410802242e-17
some animals do,1.702197410802242e-17
oxygen during,1.702197410802242e-17
stored carbon dioxide,1.702197410802242e-17
stored carbon,1.702197410802242e-17
oxygen during cellular,1.702197410802242e-17
respiration so they,1.702197410802242e-17
respiration which is,1.702197410802242e-17
plants convert carbon,1.702197410802242e-17
respiration plants convert,1.702197410802242e-17
respiration plants,1.702197410802242e-17
plant growth and,1.702197410802242e-17
the exchange of,1.702197410802242e-17
respiration in plants,1.702197410802242e-17
so they,1.702197410802242e-17
question sterilization is,1.691355389077387e-17
to the zebra,1.691355389077387e-17
question sterilization,1.691355389077387e-17
or the number,1.691355389077387e-17
the opposite effect,1.691355389077387e-17
to their decline,1.691355389077387e-17
to be sterilized,1.691355389077387e-17
ability of,1.691355389077387e-17
zebra which could,1.691355389077387e-17
which could,1.691355389077387e-17
sterilized there would,1.691355389077387e-17
sterilized there,1.691355389077387e-17
would be decrease,1.691355389077387e-17
sterilized,1.691355389077387e-17
overpopulation of animals,1.691355389077387e-17
seek out nutrients,1.691355389077387e-17
overpopulation of,1.691355389077387e-17
the zebra survival,1.691355389077387e-17
produce in fact,1.691355389077387e-17
sterilization is not,1.691355389077387e-17
sterilization is,1.691355389077387e-17
produce in,1.691355389077387e-17
reproduce or the,1.691355389077387e-17
the overpopulation of,1.691355389077387e-17
the overpopulation,1.691355389077387e-17
this is not,1.691355389077387e-17
sterilization,1.691355389077387e-17
to the overpopulation,1.691355389077387e-17
for it,1.691355389077387e-17
for it to,1.691355389077387e-17
they produce in,1.691355389077387e-17
their decline and,1.691355389077387e-17
reproduce or,1.691355389077387e-17
they produce,1.691355389077387e-17
of offspring they,1.691355389077387e-17
of offspring,1.691355389077387e-17
to reproduce or,1.691355389077387e-17
of sunlight,1.691355389077387e-17
their decline,1.691355389077387e-17
which could lead,1.691355389077387e-17
were to,1.691355389077387e-17
offspring they,1.691355389077387e-17
availability of,1.691355389077387e-17
availability of food,1.691355389077387e-17
situation described,1.691355389077387e-17
of zebra which,1.691355389077387e-17
zebra were to,1.691355389077387e-17
sustainable solution to,1.691355389077387e-17
zebra which,1.691355389077387e-17
opposite effect,1.691355389077387e-17
sustainable solution,1.691355389077387e-17
the situation described,1.691355389077387e-17
were to be,1.691355389077387e-17
situation described in,1.691355389077387e-17
opposite effect if,1.691355389077387e-17
offspring they produce,1.691355389077387e-17
possible extinction this,1.691355389077387e-17
will likely seek,1.691355389077387e-17
the question sterilization,1.691355389077387e-17
possible extinction,1.691355389077387e-17
zebra survival the,1.691355389077387e-17
out nutrients,1.691355389077387e-17
zebra survival,1.691355389077387e-17
the ability of,1.691355389077387e-17
abacus is,1.680513367352532e-17
for these,1.6750923564901044e-17
various functions,1.6727206642377923e-17
result in boom,1.6479873021779667e-17
population this,1.6479873021779667e-17
of earth,1.6479873021779667e-17
damp patch,1.6479873021779667e-17
species population is,1.6479873021779667e-17
damp patch of,1.6479873021779667e-17
of species in,1.6479873021779667e-17
rate of natural,1.6479873021779667e-17
to situation where,1.6479873021779667e-17
open greenhouse,1.6479873021779667e-17
also known,1.6479873021779667e-17
humid open greenhouse,1.6479873021779667e-17
to be an,1.6479873021779667e-17
greenhouse,1.6479873021779667e-17
humid open,1.6479873021779667e-17
to as booming,1.6479873021779667e-17
there is likely,1.6479873021779667e-17
patch,1.6479873021779667e-17
this can result,1.6479873021779667e-17
to an increase,1.6479873021779667e-17
to an,1.6479873021779667e-17
species in the,1.6479873021779667e-17
patch of,1.6479873021779667e-17
patch of earth,1.6479873021779667e-17
population this can,1.6479873021779667e-17
for bitcoin operation,1.6479873021779667e-17
also known as,1.6479873021779667e-17
to situation,1.6479873021779667e-17
refers to situation,1.6479873021779667e-17
rate there is,1.6479873021779667e-17
the number and,1.6479873021779667e-17
situation where the,1.6479873021779667e-17
do not directly,1.6479873021779667e-17
or an increase,1.6479873021779667e-17
oxygen to,1.6479873021779667e-17
as food,1.6479873021779667e-17
dry,1.6479873021779667e-17
variety of species,1.6479873021779667e-17
rate there,1.6479873021779667e-17
population is below,1.6479873021779667e-17
such as food,1.6479873021779667e-17
can result,1.6479873021779667e-17
can result in,1.6479873021779667e-17
population is,1.6479873021779667e-17
likely to be,1.6479873021779667e-17
of increase in,1.6479873021779667e-17
shelter,1.6479873021779667e-17
the population this,1.6479873021779667e-17
to potential predators,1.6263032587282567e-17
various situations including,1.6263032587282567e-17
predators this is,1.6263032587282567e-17
various situations,1.6263032587282567e-17
weather it is,1.6263032587282567e-17
way to make,1.6263032587282567e-17
to potential,1.6263032587282567e-17
natural part,1.6263032587282567e-17
natural part of,1.6263032587282567e-17
to make itself,1.6263032587282567e-17
changes in,1.6263032587282567e-17
situations including hot,1.6263032587282567e-17
to cold or,1.6263032587282567e-17
related to cold,1.6263032587282567e-17
weather it,1.6263032587282567e-17
in response,1.6263032587282567e-17
or crypsis,1.6263032587282567e-17
potential,1.6263032587282567e-17
or happiness,1.6263032587282567e-17
or happiness it,1.6263032587282567e-17
situations including,1.6263032587282567e-17
situations,1.6263032587282567e-17
shed its,1.6263032587282567e-17
is natural part,1.6263032587282567e-17
or crypsis and,1.6263032587282567e-17
potential predators this,1.6263032587282567e-17
visible to,1.6263032587282567e-17
predators,1.6263032587282567e-17
visible,1.6263032587282567e-17
potential predators,1.6263032587282567e-17
predators this,1.6263032587282567e-17
shed its fur,1.6263032587282567e-17
in response to,1.6263032587282567e-17
visible to potential,1.6263032587282567e-17
and is often,1.6046192152785466e-17
survival and is,1.6046192152785466e-17
that support,1.6046192152785466e-17
process is natural,1.6046192152785466e-17
this question is,1.6046192152785466e-17
as they do,1.6046192152785466e-17
found in the,1.5829351718288365e-17
despite,1.5829351718288365e-17
the plant growth,1.5612511283791264e-17
about the,1.5612511283791264e-17
temperature humidity and,1.5612511283791264e-17
temperature humidity,1.5612511283791264e-17
sustenance,1.5612511283791264e-17
affect the,1.5612511283791264e-17
of these properties,1.5612511283791264e-17
while volume,1.5612511283791264e-17
reacts to heat,1.5612511283791264e-17
these properties,1.5612511283791264e-17
these properties it,1.5612511283791264e-17
while volume can,1.5612511283791264e-17
and are,1.5612511283791264e-17
reacts,1.5612511283791264e-17
reacts to,1.5612511283791264e-17
properties including temperature,1.5612511283791264e-17
reproduce,1.5612511283791264e-17
metallic,1.5612511283791264e-17
determine,1.5612511283791264e-17
to variety,1.5612511283791264e-17
component,1.5612511283791264e-17
specifically define them,1.5612511283791264e-17
some of these,1.5612511283791264e-17
to variety of,1.5612511283791264e-17
specifically define,1.5612511283791264e-17
properties including,1.5612511283791264e-17
of how an,1.5612511283791264e-17
properties it does,1.5612511283791264e-17
some of,1.5612511283791264e-17
variety of properties,1.5612511283791264e-17
to the amount,1.5612511283791264e-17
to heat,1.5612511283791264e-17
properties it,1.5612511283791264e-17
its temperature,1.5612511283791264e-17
is likely to,1.5612511283791264e-17
to heat it,1.5612511283791264e-17
of properties,1.5612511283791264e-17
volume does not,1.5612511283791264e-17
volume refers to,1.5612511283791264e-17
volume refers,1.5612511283791264e-17
that they,1.5612511283791264e-17
shiny metallic,1.5612511283791264e-17
of properties including,1.5612511283791264e-17
refer to variety,1.5612511283791264e-17
volume does,1.5612511283791264e-17
is also known,1.5178830414797062e-17
played in various,1.5178830414797062e-17
water do not,1.5178830414797062e-17
to consume,1.5178830414797062e-17
to playing,1.5178830414797062e-17
to playing lute,1.5178830414797062e-17
the term inhaltors,1.5178830414797062e-17
windows,1.5178830414797062e-17
large patio,1.5178830414797062e-17
the lack of,1.5178830414797062e-17
piano instrument,1.5178830414797062e-17
to consume other,1.5178830414797062e-17
the question is,1.5178830414797062e-17
basement without windows,1.5178830414797062e-17
basement without,1.5178830414797062e-17
large patio setting,1.5178830414797062e-17
term inhaltors,1.5178830414797062e-17
basement,1.5178830414797062e-17
physical action similar,1.5178830414797062e-17
our ears perceive,1.5178830414797062e-17
without windows,1.5178830414797062e-17
strummed,1.5178830414797062e-17
versatile instrument that,1.5178830414797062e-17
playing lute stringed,1.5178830414797062e-17
plucked or strummed,1.5178830414797062e-17
waves that,1.5178830414797062e-17
waves that our,1.5178830414797062e-17
versatile,1.5178830414797062e-17
process is also,1.5178830414797062e-17
plucked or,1.5178830414797062e-17
plucked,1.5178830414797062e-17
other organisms the,1.5178830414797062e-17
similar to playing,1.5178830414797062e-17
versatile instrument,1.5178830414797062e-17
strummed creating sound,1.5178830414797062e-17
various contexts,1.5178830414797062e-17
or strummed creating,1.5178830414797062e-17
sound waves,1.5178830414797062e-17
or strummed,1.5178830414797062e-17
strummed creating,1.5178830414797062e-17
sound waves that,1.5178830414797062e-17
various contexts including,1.5178830414797062e-17
for plants to,1.5178830414797062e-17
collector to,1.5178830414797062e-17
played in,1.5178830414797062e-17
is because plants,1.5178830414797062e-17
term inhaltors is,1.5178830414797062e-17
piano instrument that,1.5178830414797062e-17
traditional,1.5178830414797062e-17
organisms therefore they,1.5178830414797062e-17
utilized,1.5178830414797062e-17
recital are all,1.5178830414797062e-17
which is how,1.5178830414797062e-17
played,1.5178830414797062e-17
piano keys in,1.5178830414797062e-17
plants break,1.5178830414797062e-17
trees blood,1.5178830414797062e-17
plants break down,1.5178830414797062e-17
the piano keys,1.5178830414797062e-17
or nothing,1.5178830414797062e-17
or nothing events,1.5178830414797062e-17
piano keys are,1.5178830414797062e-17
trees blood and,1.5178830414797062e-17
because plants,1.5178830414797062e-17
whereas lute is,1.5178830414797062e-17
recital are,1.5178830414797062e-17
because plants require,1.5178830414797062e-17
of piano is,1.5178830414797062e-17
to describe organisms,1.5178830414797062e-17
patio setting,1.5178830414797062e-17
whereas lute,1.5178830414797062e-17
perceive as music,1.5178830414797062e-17
our,1.5178830414797062e-17
physical action,1.5178830414797062e-17
plants to grow,1.5178830414797062e-17
humans,1.5178830414797062e-17
piano is physical,1.5178830414797062e-17
utilized by,1.5178830414797062e-17
perceive,1.5178830414797062e-17
organisms the term,1.5178830414797062e-17
our ears,1.5178830414797062e-17
organisms the,1.5178830414797062e-17
traditional piano instrument,1.5178830414797062e-17
perceive as,1.5178830414797062e-17
traditional piano,1.5178830414797062e-17
water do,1.5178830414797062e-17
organisms that eat,1.5178830414797062e-17
the body trees,1.5178830414797062e-17
the lack,1.5178830414797062e-17
utilized by the,1.5178830414797062e-17
survival this,1.496198998029996e-17
for survival this,1.496198998029996e-17
to efficiently capture,1.474514954580286e-17
water without,1.474514954580286e-17
water to catch,1.474514954580286e-17
provide accurate,1.474514954580286e-17
not relevant to,1.474514954580286e-17
prey this adaptation,1.474514954580286e-17
to flow through,1.474514954580286e-17
them to thrive,1.474514954580286e-17
to efficiently,1.474514954580286e-17
spearing which allows,1.474514954580286e-17
to determine which,1.474514954580286e-17
the fish to,1.474514954580286e-17
prey this,1.474514954580286e-17
rationale the other,1.474514954580286e-17
spearing which,1.474514954580286e-17
rationale the,1.474514954580286e-17
which choice is,1.474514954580286e-17
are non,1.474514954580286e-17
to have additional,1.474514954580286e-17
spearing,1.474514954580286e-17
unique adaptation that,1.474514954580286e-17
space,1.474514954580286e-17
unique adaptation,1.474514954580286e-17
water without having,1.474514954580286e-17
relevant to,1.474514954580286e-17
that allow them,1.474514954580286e-17
their prey this,1.474514954580286e-17
unique,1.474514954580286e-17
shallow water without,1.474514954580286e-17
shallow,1.474514954580286e-17
to leave,1.474514954580286e-17
to catch their,1.474514954580286e-17
shallow water,1.474514954580286e-17
this adaptation is,1.474514954580286e-17
thus the question,1.474514954580286e-17
behaviors therefore,1.474514954580286e-17
of these fish,1.474514954580286e-17
which allows,1.474514954580286e-17
to provide accurate,1.474514954580286e-17
living organism,1.474514954580286e-17
which allows the,1.474514954580286e-17
without having,1.474514954580286e-17
object is,1.474514954580286e-17
without having to,1.474514954580286e-17
to thrive in,1.474514954580286e-17
provide accurate rationale,1.474514954580286e-17
to thrive,1.474514954580286e-17
have the ability,1.474514954580286e-17
which choice,1.474514954580286e-17
sharks,1.474514954580286e-17
to leave the,1.474514954580286e-17
able to maintain,1.474514954580286e-17
prey thus,1.474514954580286e-17
these fish have,1.474514954580286e-17
their prey thus,1.474514954580286e-17
prey thus the,1.474514954580286e-17
can cause,1.463672932855431e-17
them to absorb,1.431146867680866e-17
sun into chemical,1.431146867680866e-17
sun this,1.431146867680866e-17
sulfuric and,1.431146867680866e-17
plants to produce,1.431146867680866e-17
this plants have,1.431146867680866e-17
to counteract this,1.431146867680866e-17
photosynthesis where,1.431146867680866e-17
rain this,1.431146867680866e-17
to counteract,1.431146867680866e-17
sulfuric and nitric,1.431146867680866e-17
produce these pollutants,1.431146867680866e-17
the chlorophyll in,1.431146867680866e-17
the air to,1.431146867680866e-17
where plants convert,1.431146867680866e-17
these pollutants,1.431146867680866e-17
of glucose acid,1.431146867680866e-17
plants that allows,1.431146867680866e-17
these pollutants to,1.431146867680866e-17
where plants,1.431146867680866e-17
rain this process,1.431146867680866e-17
produce these,1.431146867680866e-17
the situation,1.431146867680866e-17
releasing,1.431146867680866e-17
this plants,1.431146867680866e-17
pollutants like sulfuric,1.431146867680866e-17
air to,1.431146867680866e-17
which can react,1.431146867680866e-17
to produce these,1.431146867680866e-17
the sun this,1.431146867680866e-17
to absorb solar,1.431146867680866e-17
the chlorophyll,1.431146867680866e-17
rain can,1.431146867680866e-17
plants convert the,1.431146867680866e-17
pollutants like,1.431146867680866e-17
sunlight and,1.431146867680866e-17
react,1.431146867680866e-17
releasing chlorophyll into,1.431146867680866e-17
pollutants to counteract,1.431146867680866e-17
react with,1.431146867680866e-17
to neutralize,1.431146867680866e-17
sulfuric,1.431146867680866e-17
photosynthesis where plants,1.431146867680866e-17
releasing chlorophyll,1.431146867680866e-17
to neutralize the,1.431146867680866e-17
with the chlorophyll,1.431146867680866e-17
rain can contain,1.431146867680866e-17
sun this process,1.431146867680866e-17
react with the,1.431146867680866e-17
pollutants to,1.431146867680866e-17
number of,1.4094628242311558e-17
the number of,1.4094628242311558e-17
shed fur,1.4040418133687282e-17
to shed fur,1.4040418133687282e-17
this is due,1.3877787807814457e-17
lighting,1.3877787807814457e-17
the correct,1.3877787807814457e-17
waves,1.3877787807814457e-17
of heat,1.3877787807814457e-17
characteristics,1.3877787807814457e-17
to the fact,1.3877787807814457e-17
is due,1.3877787807814457e-17
is due to,1.3877787807814457e-17
the energy from,1.3877787807814457e-17
formed,1.3877787807814457e-17
this adaptation,1.3552527156068805e-17
in the question,1.3444106938820255e-17
lights can provide,1.3444106938820255e-17
and weight,1.3444106938820255e-17
or the,1.3444106938820255e-17
converted into chemical,1.3444106938820255e-17
mimicking the,1.3444106938820255e-17
mimicking,1.3444106938820255e-17
out of the,1.3118846287074604e-17
will help the,1.3118846287074604e-17
will help,1.3118846287074604e-17
the rope this,1.3118846287074604e-17
their teeth to,1.3118846287074604e-17
onto,1.3118846287074604e-17
the rope,1.3118846287074604e-17
onto the,1.3118846287074604e-17
onto the rope,1.3118846287074604e-17
to climb out,1.3118846287074604e-17
to grip,1.3118846287074604e-17
to climb,1.3118846287074604e-17
this will help,1.3118846287074604e-17
to grip onto,1.3118846287074604e-17
their teeth,1.3118846287074604e-17
this will,1.3118846287074604e-17
of the hole,1.3118846287074604e-17
use their teeth,1.3118846287074604e-17
teeth to grip,1.3118846287074604e-17
rope this,1.3118846287074604e-17
the hole,1.3118846287074604e-17
out of,1.3118846287074604e-17
rope this will,1.3118846287074604e-17
the dog to,1.3118846287074604e-17
to retain,1.3010426069826053e-17
warm blooded,1.3010426069826053e-17
plants in,1.3010426069826053e-17
the fact,1.3010426069826053e-17
absorbed,1.3010426069826053e-17
blooded,1.3010426069826053e-17
mammals that,1.3010426069826053e-17
fact that,1.3010426069826053e-17
are both,1.3010426069826053e-17
and it does,1.3010426069826053e-17
the fact that,1.3010426069826053e-17
length,1.2576745200831851e-17
due to their,1.2576745200831851e-17
learning,1.2576745200831851e-17
key,1.2576745200831851e-17
season providing safe,1.2576745200831851e-17
presence on,1.2576745200831851e-17
remora fish like,1.2576745200831851e-17
volume can indicate,1.2576745200831851e-17
to hatch,1.2576745200831851e-17
remora fish reproductive,1.2576745200831851e-17
to hatch this,1.2576745200831851e-17
season providing,1.2576745200831851e-17
the sea of,1.2576745200831851e-17
presence on the,1.2576745200831851e-17
asks about the,1.2576745200831851e-17
providing safe and,1.2576745200831851e-17
providing safe,1.2576745200831851e-17
of galilee,1.2576745200831851e-17
galilee,1.2576745200831851e-17
process is key,1.2576745200831851e-17
parent shark,1.2576745200831851e-17
parent shark watches,1.2576745200831851e-17
water to,1.2576745200831851e-17
is because tornado,1.2576745200831851e-17
prey while the,1.2576745200831851e-17
prey while,1.2576745200831851e-17
to attach,1.2576745200831851e-17
to attach themselves,1.2576745200831851e-17
while the,1.2576745200831851e-17
proximity,1.2576745200831851e-17
stable environment for,1.2576745200831851e-17
stable environment,1.2576745200831851e-17
stable,1.2576745200831851e-17
safe,1.2576745200831851e-17
safe and,1.2576745200831851e-17
safe and stable,1.2576745200831851e-17
over the developing,1.2576745200831851e-17
which is necessary,1.2576745200831851e-17
the eggs to,1.2576745200831851e-17
shark presence,1.2576745200831851e-17
the developing larvae,1.2576745200831851e-17
the developing,1.2576745200831851e-17
this attachment process,1.2576745200831851e-17
this attachment allows,1.2576745200831851e-17
because tornado,1.2576745200831851e-17
the parent shark,1.2576745200831851e-17
protect the,1.2576745200831851e-17
while the parent,1.2576745200831851e-17
is expansive,1.2576745200831851e-17
some other,1.2576745200831851e-17
the mating,1.2576745200831851e-17
watches over the,1.2576745200831851e-17
watches over,1.2576745200831851e-17
other prey while,1.2576745200831851e-17
other prey,1.2576745200831851e-17
watches,1.2576745200831851e-17
some other fish,1.2576745200831851e-17
sea of galilee,1.2576745200831851e-17
then protect the,1.2576745200831851e-17
then protect,1.2576745200831851e-17
expansive,1.2576745200831851e-17
protect,1.2576745200831851e-17
the ability,1.2576745200831851e-17
shark watches,1.2576745200831851e-17
the shark presence,1.2576745200831851e-17
the mating season,1.2576745200831851e-17
other fish species,1.2576745200831851e-17
sea of,1.2576745200831851e-17
to boats like,1.2576745200831851e-17
the shark,1.2576745200831851e-17
is necessary,1.2576745200831851e-17
is necessary for,1.2576745200831851e-17
shark presence on,1.2576745200831851e-17
reproductive cycle the,1.2576745200831851e-17
reproductive cycle,1.2576745200831851e-17
the sea,1.2576745200831851e-17
on the barnacles,1.2576745200831851e-17
on the boat,1.2576745200831851e-17
species are known,1.2576745200831851e-17
reproductive,1.2576745200831851e-17
shark watches over,1.2576745200831851e-17
commonly,1.2542440366468052e-17
rate increases,1.2522535092207576e-17
rate increases the,1.2522535092207576e-17
rate does not,1.2522535092207576e-17
rate does,1.2522535092207576e-17
population but,1.2522535092207576e-17
population but the,1.2522535092207576e-17
increases the,1.2522535092207576e-17
the species population,1.2522535092207576e-17
the species size,1.2522535092207576e-17
species population but,1.2522535092207576e-17
species size,1.2522535092207576e-17
sun are,1.235990476633475e-17
require various substances,1.235990476633475e-17
require various,1.235990476633475e-17
organisms require various,1.235990476633475e-17
including glucose,1.235990476633475e-17
type of sugar,1.235990476633475e-17
require substances to,1.235990476633475e-17
require substances,1.235990476633475e-17
energy to the,1.235990476633475e-17
sugar that,1.235990476633475e-17
the sun are,1.235990476633475e-17
air plastic,1.235990476633475e-17
would eventually die,1.235990476633475e-17
would eventually,1.235990476633475e-17
or maintenance zebras,1.235990476633475e-17
or maintenance,1.235990476633475e-17
their bodily,1.235990476633475e-17
their bodily functions,1.235990476633475e-17
sugar that provides,1.235990476633475e-17
their growth or,1.235990476633475e-17
substances and therefore,1.235990476633475e-17
sun are not,1.235990476633475e-17
are not living,1.235990476633475e-17
not present,1.235990476633475e-17
of glucose zebras,1.235990476633475e-17
to maintain their,1.235990476633475e-17
various substances to,1.235990476633475e-17
not living,1.235990476633475e-17
substances and,1.235990476633475e-17
various substances,1.235990476633475e-17
without an,1.235990476633475e-17
supply of glucose,1.235990476633475e-17
without an adequate,1.235990476633475e-17
plastic and the,1.235990476633475e-17
of sugar,1.235990476633475e-17
of sugar that,1.235990476633475e-17
present,1.235990476633475e-17
provides energy,1.235990476633475e-17
therefore do,1.235990476633475e-17
provides energy to,1.235990476633475e-17
not present in,1.235990476633475e-17
supply,1.235990476633475e-17
therefore do not,1.235990476633475e-17
supply of,1.235990476633475e-17
present in,1.235990476633475e-17
wooden bowls and,1.214306433183765e-17
the principle,1.214306433183765e-17
through them unlike,1.214306433183765e-17
up does,1.214306433183765e-17
temperature options,1.214306433183765e-17
up does not,1.214306433183765e-17
conductors of,1.214306433183765e-17
correct answer,1.214306433183765e-17
wooden bowls are,1.214306433183765e-17
could,1.214306433183765e-17
of heat that,1.214306433183765e-17
of heat transfer,1.214306433183765e-17
for long periods,1.214306433183765e-17
temperature options and,1.214306433183765e-17
nickel earrings are,1.214306433183765e-17
would not facilitate,1.214306433183765e-17
allowing them to,1.214306433183765e-17
the principle of,1.214306433183765e-17
organs,1.214306433183765e-17
one part of,1.214306433183765e-17
thereby affecting,1.214306433183765e-17
rationale is based,1.214306433183765e-17
poor conductors,1.214306433183765e-17
is because nickel,1.214306433183765e-17
retains leading to,1.214306433183765e-17
to conduct,1.214306433183765e-17
on the principle,1.214306433183765e-17
water being heated,1.214306433183765e-17
unlike cardboard,1.214306433183765e-17
principle,1.214306433183765e-17
for long,1.214306433183765e-17
water being,1.214306433183765e-17
poor conductors of,1.214306433183765e-17
thereby affecting the,1.214306433183765e-17
paperclips and wooden,1.214306433183765e-17
unlike cardboard paperclips,1.214306433183765e-17
is based on,1.214306433183765e-17
is based,1.214306433183765e-17
paperclips wooden,1.214306433183765e-17
one part,1.214306433183765e-17
but the,1.214306433183765e-17
paperclips wooden bowls,1.214306433183765e-17
is transferred,1.214306433183765e-17
when fluid like,1.214306433183765e-17
thermal conductivity which,1.214306433183765e-17
tissues and organs,1.214306433183765e-17
soles nickel earrings,1.214306433183765e-17
reduce,1.214306433183765e-17
options and do,1.214306433183765e-17
to another thereby,1.214306433183765e-17
energy in,1.214306433183765e-17
and would not,1.214306433183765e-17
between,1.214306433183765e-17
soles nickel,1.214306433183765e-17
reduce the amount,1.214306433183765e-17
and organs,1.214306433183765e-17
reduce the,1.214306433183765e-17
earrings are,1.214306433183765e-17
pores it can,1.214306433183765e-17
tissues,1.214306433183765e-17
retain its,1.214306433183765e-17
this is especially,1.214306433183765e-17
the body retains,1.214306433183765e-17
which helps them,1.214306433183765e-17
periods,1.214306433183765e-17
long periods,1.214306433183765e-17
used to produce,1.214306433183765e-17
retains,1.214306433183765e-17
which helps,1.214306433183765e-17
retains leading,1.214306433183765e-17
principle of heat,1.214306433183765e-17
where heat is,1.214306433183765e-17
transfer where heat,1.214306433183765e-17
to lower temperature,1.214306433183765e-17
tissues and,1.214306433183765e-17
temperature this is,1.214306433183765e-17
water spreads,1.214306433183765e-17
to conduct heat,1.214306433183765e-17
them unlike cardboard,1.214306433183765e-17
them unlike,1.214306433183765e-17
to breathe,1.214306433183765e-17
temperature as,1.214306433183765e-17
oxygen to breathe,1.214306433183765e-17
water spreads from,1.214306433183765e-17
them to conduct,1.214306433183765e-17
temperature as water,1.214306433183765e-17
where heat,1.214306433183765e-17
to their,1.214306433183765e-17
swimming,1.214306433183765e-17
in various,1.214306433183765e-17
principle of,1.214306433183765e-17
because nickel,1.214306433183765e-17
transfer where,1.214306433183765e-17
because nickel earrings,1.214306433183765e-17
to lower,1.214306433183765e-17
rubber soles nickel,1.214306433183765e-17
contrast animals,1.1926223897340549e-17
in contrast animals,1.1926223897340549e-17
way,1.1709383462843448e-17
energy is,1.1709383462843448e-17
through process,1.1709383462843448e-17
to function,1.1709383462843448e-17
patio,1.1709383462843448e-17
open,1.1709383462843448e-17
to work,1.1275702593849246e-17
thrive in their,1.1275702593849246e-17
roses the green,1.1275702593849246e-17
they have developed,1.1275702593849246e-17
population making them,1.1275702593849246e-17
specific environment,1.1275702593849246e-17
training in school,1.1275702593849246e-17
to their specific,1.1275702593849246e-17
specific environment and,1.1275702593849246e-17
roses the,1.1275702593849246e-17
this adaptation has,1.1275702593849246e-17
species in their,1.1275702593849246e-17
population making,1.1275702593849246e-17
training in,1.1275702593849246e-17
to work but,1.1275702593849246e-17
training,1.1275702593849246e-17
into chemical,1.1275702593849246e-17
into chemical energy,1.1275702593849246e-17
significant increase,1.1275702593849246e-17
of the most,1.1275702593849246e-17
catch and consume,1.1275702593849246e-17
significant increase in,1.1275702593849246e-17
genetically,1.1275702593849246e-17
of food for,1.1275702593849246e-17
or wishing for,1.1275702593849246e-17
or wishing,1.1275702593849246e-17
not source of,1.1275702593849246e-17
their new habitat,1.1275702593849246e-17
not source,1.1275702593849246e-17
work but,1.1275702593849246e-17
consume them,1.1275702593849246e-17
wishing,1.1275702593849246e-17
chemical energy,1.1275702593849246e-17
it easier to,1.1275702593849246e-17
wishing for,1.1275702593849246e-17
it is not,1.1275702593849246e-17
wishing for it,1.1275702593849246e-17
the green,1.1275702593849246e-17
the green structures,1.1275702593849246e-17
migration,1.1275702593849246e-17
to significant increase,1.1275702593849246e-17
to significant,1.1275702593849246e-17
migrate during,1.1275702593849246e-17
them this adaptation,1.1275702593849246e-17
them one of,1.1275702593849246e-17
them one,1.1275702593849246e-17
their ecosystem,1.1275702593849246e-17
their ecosystem therefore,1.1275702593849246e-17
making it easier,1.1275702593849246e-17
easier to,1.1275702593849246e-17
their specific environment,1.1275702593849246e-17
their specific,1.1275702593849246e-17
easier,1.1275702593849246e-17
source of food,1.1275702593849246e-17
to new music,1.1275702593849246e-17
level,1.1275702593849246e-17
level of,1.1275702593849246e-17
their population making,1.1275702593849246e-17
their population,1.1275702593849246e-17
work,1.1275702593849246e-17
it easier,1.1275702593849246e-17
are not source,1.1275702593849246e-17
successful,1.1275702593849246e-17
successful species,1.1275702593849246e-17
the most successful,1.1275702593849246e-17
successful species in,1.1275702593849246e-17
food for roses,1.1275702593849246e-17
school adapting to,1.1275702593849246e-17
species have,1.1275702593849246e-17
food for,1.1275702593849246e-17
species have evolved,1.1275702593849246e-17
school adapting,1.1275702593849246e-17
school,1.1275702593849246e-17
one of,1.1275702593849246e-17
one of the,1.1275702593849246e-17
for roses the,1.1275702593849246e-17
physical characteristics,1.1275702593849246e-17
physical characteristics that,1.1275702593849246e-17
to cool themselves,1.1207939958068902e-17
triplet would depend,1.1207939958068902e-17
asks which,1.1207939958068902e-17
stay cool is,1.1207939958068902e-17
not need,1.1207939958068902e-17
do not need,1.1207939958068902e-17
other options accurately,1.1207939958068902e-17
question angry,1.1207939958068902e-17
question angry animals,1.1207939958068902e-17
stay cool,1.1207939958068902e-17
situation an,1.1207939958068902e-17
to stay cool,1.1207939958068902e-17
question asks which,1.1207939958068902e-17
to cool itself,1.1207939958068902e-17
situation an animal,1.1207939958068902e-17
which situation an,1.1207939958068902e-17
which situation,1.1207939958068902e-17
to shed their,1.1207939958068902e-17
to stay,1.1207939958068902e-17
stay,1.1207939958068902e-17
themselves down,1.1207939958068902e-17
the question angry,1.1207939958068902e-17
themselves down and,1.1207939958068902e-17
additional,1.1058862159352145e-17
be no,1.1058862159352145e-17
of animals and,1.0950441942103595e-17
overpopulation,1.0950441942103595e-17
where the rate,1.0842021724855044e-17
functions and,1.0842021724855044e-17
other wet environments,1.0625181290357943e-17
other wet,1.0625181290357943e-17
term bog is,1.0625181290357943e-17
the most likely,1.0625181290357943e-17
other environments however,1.0625181290357943e-17
present in other,1.0625181290357943e-17
term bog,1.0625181290357943e-17
other environments,1.0625181290357943e-17
they lived in,1.0625181290357943e-17
of small carnivorous,1.0625181290357943e-17
or land,1.0625181290357943e-17
typical habitat for,1.0625181290357943e-17
type of small,1.0625181290357943e-17
they lived,1.0625181290357943e-17
these animals and,1.0625181290357943e-17
wet environments,1.0625181290357943e-17
these animals,1.0625181290357943e-17
the term bog,1.0625181290357943e-17
wet environments they,1.0625181290357943e-17
typical habitat,1.0625181290357943e-17
small carnivorous mammal,1.0625181290357943e-17
small carnivorous,1.0625181290357943e-17
or land the,1.0625181290357943e-17
periods of,1.0408340855860843e-17
water is absorbed,1.0408340855860843e-17
transpiration can,1.0408340855860843e-17
their growth and,1.0408340855860843e-17
the earth animals,1.0408340855860843e-17
transpiration can contribute,1.0408340855860843e-17
vapor this process,1.0408340855860843e-17
the hydrologic cycle,1.0408340855860843e-17
require water,1.0408340855860843e-17
transpiration for,1.0408340855860843e-17
water for their,1.0408340855860843e-17
periods of time,1.0408340855860843e-17
to new,1.0408340855860843e-17
long periods of,1.0408340855860843e-17
require water for,1.0408340855860843e-17
without oxygen for,1.0408340855860843e-17
and the beaver,1.0408340855860843e-17
use its talons,1.0408340855860843e-17
contributes to,1.0408340855860843e-17
contributes,1.0408340855860843e-17
and oxygen,1.0408340855860843e-17
which water,1.0408340855860843e-17
transpiration for their,1.0408340855860843e-17
which water is,1.0408340855860843e-17
the hydrologic,1.0408340855860843e-17
water on,1.0408340855860843e-17
on transpiration,1.0408340855860843e-17
on transpiration for,1.0408340855860843e-17
therefore transpiration,1.0408340855860843e-17
the beaver are,1.0408340855860843e-17
therefore transpiration can,1.0408340855860843e-17
on above and,1.0408340855860843e-17
to the hydrologic,1.0408340855860843e-17
on above,1.0408340855860843e-17
the beaver,1.0408340855860843e-17
are formed,1.0408340855860843e-17
the grasshopper,1.0408340855860843e-17
process contributes to,1.0408340855860843e-17
process contributes,1.0408340855860843e-17
the grasshopper and,1.0408340855860843e-17
structures and,1.0408340855860843e-17
its talons to,1.0408340855860843e-17
then is released,1.0408340855860843e-17
then is,1.0408340855860843e-17
of water on,1.0408340855860843e-17
their survival therefore,1.0408340855860843e-17
is because carbon,1.0408340855860843e-17
their hydrologic needs,1.0408340855860843e-17
contributes to the,1.0408340855860843e-17
of the earth,1.0408340855860843e-17
their hydrologic,1.0408340855860843e-17
surface of,1.0408340855860843e-17
vapor this,1.0408340855860843e-17
water on above,1.0408340855860843e-17
the surface,1.0408340855860843e-17
because predator,1.0408340855860843e-17
oxygen for,1.0408340855860843e-17
grasshopper and the,1.0408340855860843e-17
beaver,1.0408340855860843e-17
grasshopper,1.0408340855860843e-17
oxygen for long,1.0408340855860843e-17
this process contributes,1.0408340855860843e-17
catch,1.0408340855860843e-17
plants evaporates and,1.0408340855860843e-17
plants evaporates,1.0408340855860843e-17
organism but,1.0408340855860843e-17
because the shiny,1.0408340855860843e-17
to catch,1.0408340855860843e-17
by which water,1.0408340855860843e-17
by plants,1.0408340855860843e-17
organisms require water,1.0408340855860843e-17
paper used in,1.0408340855860843e-17
paper used,1.0408340855860843e-17
action,1.0408340855860843e-17
foil paper used,1.0408340855860843e-17
absorbed by plants,1.0408340855860843e-17
have complex,1.0408340855860843e-17
grasshopper and,1.0408340855860843e-17
social structures,1.0408340855860843e-17
released as vapor,1.0408340855860843e-17
beaver are,1.0408340855860843e-17
surface of the,1.0408340855860843e-17
because carbon,1.0408340855860843e-17
because carbon dioxide,1.0408340855860843e-17
many other,1.0408340855860843e-17
the surface of,1.0408340855860843e-17
rain and flowers,1.0408340855860843e-17
released as,1.0408340855860843e-17
evaporates,1.0408340855860843e-17
plants like,1.0408340855860843e-17
rely on transpiration,1.0408340855860843e-17
mechanism,1.0408340855860843e-17
plants like all,1.0408340855860843e-17
is because plant,1.0191500421363742e-17
because plant lights,1.0191500421363742e-17
because plant,1.0191500421363742e-17
snow and manmade,1.0083080204115191e-17
rationale triplet would,9.974659986866641e-18
oxygen and,9.974659986866641e-18
digestion,9.974659986866641e-18
food into,9.974659986866641e-18
triplet would,9.974659986866641e-18
answer rationale,9.974659986866641e-18
essential for photosynthesis,9.974659986866641e-18
plants have evolved,9.974659986866641e-18
this question answer,9.974659986866641e-18
answer rationale triplet,9.974659986866641e-18
habitat,9.974659986866641e-18
question answer rationale,9.974659986866641e-18
question answer,9.974659986866641e-18
down food,9.974659986866641e-18
rationale triplet,9.974659986866641e-18
plants have,9.974659986866641e-18
down food into,9.974659986866641e-18
triplet,9.974659986866641e-18
easily,9.86623976961809e-18
metallic foil paper,9.75781955236954e-18
an object that,9.75781955236954e-18
object that,9.75781955236954e-18
cooking is,9.75781955236954e-18
in cooking is,9.75781955236954e-18
object that is,9.75781955236954e-18
lute is,9.64939933512099e-18
instrument that,9.64939933512099e-18
result of,9.64939933512099e-18
of glucose and,9.540979117872439e-18
the sun which,9.540979117872439e-18
wild option,9.540979117872439e-18
requires light,9.540979117872439e-18
wild consuming daffodils,9.540979117872439e-18
wild consuming,9.540979117872439e-18
of sunlight and,9.540979117872439e-18
option is incorrect,9.540979117872439e-18
rain,9.540979117872439e-18
crocodiles,9.540979117872439e-18
option is not,9.540979117872439e-18
correct because,9.540979117872439e-18
problem,9.540979117872439e-18
requires water which,9.540979117872439e-18
without the,9.540979117872439e-18
like playing,9.540979117872439e-18
of time,9.540979117872439e-18
like playing lute,9.540979117872439e-18
which is captured,9.540979117872439e-18
require torrential,9.540979117872439e-18
require torrential amount,9.540979117872439e-18
presence of sunlight,9.540979117872439e-18
location,9.540979117872439e-18
rainfall option,9.540979117872439e-18
saltwater crocodiles,9.540979117872439e-18
wild option is,9.540979117872439e-18
process can not,9.540979117872439e-18
not correct,9.540979117872439e-18
is result,9.540979117872439e-18
therefore option is,9.540979117872439e-18
and ice,9.540979117872439e-18
sun which,9.540979117872439e-18
photosynthesis requires water,9.540979117872439e-18
photosynthesis requires light,9.540979117872439e-18
the wild consuming,9.540979117872439e-18
of rainfall option,9.540979117872439e-18
sun which is,9.540979117872439e-18
not correct because,9.540979117872439e-18
is result of,9.540979117872439e-18
playing the keys,9.540979117872439e-18
requires water,9.540979117872439e-18
playing the,9.540979117872439e-18
sunlight and bees,9.540979117872439e-18
the wild option,9.540979117872439e-18
roses,9.540979117872439e-18
therefore option,9.540979117872439e-18
requires light energy,9.540979117872439e-18
saltwater,9.540979117872439e-18
without the presence,9.540979117872439e-18
which is often,9.378348791999613e-18
to contain significant,9.107298248878237e-18
which is form,9.107298248878237e-18
or reproduction as,9.107298248878237e-18
matter which is,9.107298248878237e-18
produced it needs,9.107298248878237e-18
to contain,9.107298248878237e-18
text is often,9.107298248878237e-18
factor that,9.107298248878237e-18
of journal,9.107298248878237e-18
thus the,9.107298248878237e-18
of journal matter,9.107298248878237e-18
for journal,9.107298248878237e-18
for journal to,9.107298248878237e-18
written on trees,9.107298248878237e-18
adapting,9.107298248878237e-18
of lucky,9.107298248878237e-18
of lucky text,9.107298248878237e-18
to be produced,9.107298248878237e-18
typically written on,9.107298248878237e-18
not factor that,9.107298248878237e-18
not factor,9.107298248878237e-18
typically written,9.107298248878237e-18
adapting to,9.107298248878237e-18
written on is,9.107298248878237e-18
order for journal,9.107298248878237e-18
produced it,9.107298248878237e-18
text is,9.107298248878237e-18
or reproduction,9.107298248878237e-18
this lucky text,9.107298248878237e-18
this lucky,9.107298248878237e-18
matter which,9.107298248878237e-18
trees this,9.107298248878237e-18
production of journal,9.107298248878237e-18
of tree growth,9.107298248878237e-18
because in,9.107298248878237e-18
journal to,9.107298248878237e-18
valuable,9.107298248878237e-18
often the,9.107298248878237e-18
often the result,9.107298248878237e-18
to the production,9.107298248878237e-18
with trees this,9.107298248878237e-18
is not factor,9.107298248878237e-18
valuable information,9.107298248878237e-18
valuable information about,9.107298248878237e-18
reproduction as,9.107298248878237e-18
on trees which,9.107298248878237e-18
reproduction as it,9.107298248878237e-18
is written,9.107298248878237e-18
on is,9.107298248878237e-18
on is not,9.107298248878237e-18
on trees,9.107298248878237e-18
with trees,9.107298248878237e-18
is typically written,9.107298248878237e-18
journal to be,9.107298248878237e-18
is because in,9.107298248878237e-18
tree growth or,9.107298248878237e-18
of text,9.107298248878237e-18
trees which is,9.107298248878237e-18
be produced,9.107298248878237e-18
tree growth,9.107298248878237e-18
tree characteristics and,9.107298248878237e-18
tree characteristics,9.107298248878237e-18
the result of,9.107298248878237e-18
the result,9.107298248878237e-18
of text that,9.107298248878237e-18
the tree characteristics,9.107298248878237e-18
result of tree,9.107298248878237e-18
trees this lucky,9.107298248878237e-18
such as electricity,8.673617379884035e-18
requires power,8.673617379884035e-18
of glass,8.673617379884035e-18
to function charger,8.673617379884035e-18
of glass bulb,8.673617379884035e-18
requires power source,8.673617379884035e-18
source electrical,8.673617379884035e-18
of energy such,8.673617379884035e-18
produce light energy,8.673617379884035e-18
type of glass,8.673617379884035e-18
glass,8.673617379884035e-18
photosynthesis does not,8.673617379884035e-18
photosynthesis does,8.673617379884035e-18
likely to,8.673617379884035e-18
source electrical energy,8.673617379884035e-18
paper in,8.673617379884035e-18
produce light,8.673617379884035e-18
or kinetic,8.673617379884035e-18
other forms,8.673617379884035e-18
while it can,8.673617379884035e-18
other forms of,8.673617379884035e-18
or kinetic energy,8.673617379884035e-18
power source electrical,8.673617379884035e-18
presence,8.565197162635485e-18
of water for,8.348356728138384e-18
shed is,8.348356728138384e-18
through the plant,8.348356728138384e-18
the water must,8.348356728138384e-18
shed is source,8.348356728138384e-18
the plant roots,8.348356728138384e-18
roots in,8.348356728138384e-18
plant roots in,8.348356728138384e-18
plant roots,8.348356728138384e-18
the plant and,8.348356728138384e-18
water for the,8.348356728138384e-18
must,8.348356728138384e-18
roots in order,8.348356728138384e-18
the shed is,8.348356728138384e-18
water must,8.348356728138384e-18
water must be,8.348356728138384e-18
order for it,8.348356728138384e-18
shed therefore the,8.239936510889834e-18
shed therefore,8.239936510889834e-18
the living organism,8.158621347953421e-18
show,7.806255641895632e-18
use its,7.806255641895632e-18
the necessary,7.806255641895632e-18
sediment this,7.806255641895632e-18
used to,7.806255641895632e-18
can provide,7.806255641895632e-18
can pick up,7.806255641895632e-18
is used to,7.806255641895632e-18
can pick,7.806255641895632e-18
is used,7.806255641895632e-18
where it,7.806255641895632e-18
of soil,7.806255641895632e-18
pick up,7.806255641895632e-18
prey the,7.806255641895632e-18
of sediment this,7.806255641895632e-18
its talons,7.806255641895632e-18
because ingestors,7.697835424647081e-18
ingestors,7.697835424647081e-18
is because ingestors,7.697835424647081e-18
oxygen into the,7.589415207398531e-18
the energy we,7.589415207398531e-18
releases oxygen,7.589415207398531e-18
releases oxygen into,7.589415207398531e-18
we consume,7.589415207398531e-18
which the,7.589415207398531e-18
solar collector being,7.589415207398531e-18
oxygen to use,7.589415207398531e-18
solar collector to,7.589415207398531e-18
to function the,7.589415207398531e-18
to sustain life,7.589415207398531e-18
use energy breathing,7.589415207398531e-18
metabolism,7.589415207398531e-18
the body releases,7.589415207398531e-18
where energy is,7.589415207398531e-18
where energy,7.589415207398531e-18
breathing,7.589415207398531e-18
the solar collector,7.589415207398531e-18
releases,7.589415207398531e-18
organism requires oxygen,7.589415207398531e-18
we need in,7.589415207398531e-18
the solar,7.589415207398531e-18
the answer the,7.589415207398531e-18
the collector to,7.589415207398531e-18
the collector,7.589415207398531e-18
respiration allowing,7.589415207398531e-18
we consume into,7.589415207398531e-18
sun is converted,7.589415207398531e-18
process is fundamental,7.589415207398531e-18
answer the other,7.589415207398531e-18
the food we,7.589415207398531e-18
respiration allowing the,7.589415207398531e-18
which the body,7.589415207398531e-18
organism requires,7.589415207398531e-18
we need,7.589415207398531e-18
oxygen into,7.589415207398531e-18
there is,7.37257477290143e-18
photosynthesis requires,7.37257477290143e-18
and less,7.37257477290143e-18
typically characterized,7.37257477290143e-18
typically characterized by,7.37257477290143e-18
temperate,7.37257477290143e-18
parent,7.37257477290143e-18
because photosynthesis requires,7.37257477290143e-18
the parent,7.37257477290143e-18
by low,7.37257477290143e-18
providing,7.37257477290143e-18
more temperate,7.37257477290143e-18
characterized by low,7.37257477290143e-18
the owl,6.938893903907228e-18
therefore the correct,6.938893903907228e-18
the production of,6.938893903907228e-18
unlike,6.938893903907228e-18
or aluminum foil,6.938893903907228e-18
directly answer the,6.938893903907228e-18
asks for,6.938893903907228e-18
correct answer is,6.938893903907228e-18
have evolved to,6.938893903907228e-18
to the question,6.938893903907228e-18
production,6.938893903907228e-18
viable option,6.938893903907228e-18
directly answer,6.938893903907228e-18
production of,6.938893903907228e-18
viable,6.938893903907228e-18
the production,6.938893903907228e-18
or aluminum,6.938893903907228e-18
owl,6.938893903907228e-18
evolved to,6.938893903907228e-18
the tree,6.938893903907228e-18
direct,6.938893903907228e-18
is also,6.7220534694101275e-18
these nutrients,6.613633252161577e-18
an,6.613633252161577e-18
is because loriciferans,6.5052130349130266e-18
how,6.5052130349130266e-18
the dog,6.5052130349130266e-18
loriciferans,6.5052130349130266e-18
because loriciferans,6.5052130349130266e-18
of its,6.5052130349130266e-18
can live,6.5052130349130266e-18
planet named,6.288372600415926e-18
sea specifically the,6.288372600415926e-18
sunlight the,6.288372600415926e-18
proximity allows the,6.288372600415926e-18
planet,6.288372600415926e-18
sea specifically,6.288372600415926e-18
of sea specifically,6.288372600415926e-18
the roman,6.288372600415926e-18
year due,6.288372600415926e-18
to their extremely,6.288372600415926e-18
options the sun,6.288372600415926e-18
proximity allows,6.288372600415926e-18
options the,6.288372600415926e-18
year due to,6.288372600415926e-18
throughout,6.288372600415926e-18
throughout the,6.288372600415926e-18
retain its warm,6.288372600415926e-18
sun and,6.288372600415926e-18
to the sun,6.288372600415926e-18
of galilee is,6.288372600415926e-18
their extremely high,6.288372600415926e-18
other options the,6.288372600415926e-18
their extremely,6.288372600415926e-18
throughout the year,6.288372600415926e-18
the year due,6.288372600415926e-18
the roman god,6.288372600415926e-18
of galilee to,6.288372600415926e-18
sun and receives,6.288372600415926e-18
planet named after,6.288372600415926e-18
this proximity,6.288372600415926e-18
the year,6.288372600415926e-18
receives,6.288372600415926e-18
rays this,6.288372600415926e-18
the milky,6.288372600415926e-18
the planet named,6.288372600415926e-18
receives significant amount,6.288372600415926e-18
way are much,6.288372600415926e-18
of sunlight throughout,6.288372600415926e-18
sun in,6.288372600415926e-18
way are,6.288372600415926e-18
moon,6.288372600415926e-18
proximity to the,6.288372600415926e-18
sun in contrast,6.288372600415926e-18
sunlight throughout,6.288372600415926e-18
the sun and,6.288372600415926e-18
sunlight throughout the,6.288372600415926e-18
the sun in,6.288372600415926e-18
of sea,6.288372600415926e-18
specifically the sea,6.288372600415926e-18
remains,6.288372600415926e-18
to its proximity,6.288372600415926e-18
the milky way,6.288372600415926e-18
receives significant,6.288372600415926e-18
specifically the,6.288372600415926e-18
warm climate despite,6.288372600415926e-18
proximity to,6.288372600415926e-18
sun the moon,6.288372600415926e-18
sun the,6.288372600415926e-18
this proximity allows,6.288372600415926e-18
the sun the,6.288372600415926e-18
rays this proximity,6.288372600415926e-18
sun rays this,6.288372600415926e-18
roman,6.288372600415926e-18
to retain its,6.288372600415926e-18
warm climate,6.288372600415926e-18
the planet,6.288372600415926e-18
the moon,6.288372600415926e-18
roman god of,6.288372600415926e-18
the moon and,6.288372600415926e-18
roman god,6.288372600415926e-18
talons,6.071532165918825e-18
aluminum foil,6.071532165918825e-18
up loose particles,6.071532165918825e-18
up loose,6.071532165918825e-18
stones which,6.071532165918825e-18
transfer heat from,6.071532165918825e-18
without losing heat,6.071532165918825e-18
or stones,6.071532165918825e-18
or stones which,6.071532165918825e-18
stones which do,6.071532165918825e-18
transfer heat in,6.071532165918825e-18
from one location,6.071532165918825e-18
stone and fabric,6.071532165918825e-18
survive,6.071532165918825e-18
stones,6.071532165918825e-18
of heat waves,6.071532165918825e-18
without losing,6.071532165918825e-18
waves or stones,6.071532165918825e-18
thermal conductors in,6.071532165918825e-18
definition of,6.071532165918825e-18
wind can,6.071532165918825e-18
definition,6.071532165918825e-18
location to,6.071532165918825e-18
location to another,6.071532165918825e-18
loose,6.071532165918825e-18
loose particles,6.071532165918825e-18
loose particles of,6.071532165918825e-18
to metals which,6.071532165918825e-18
to metals,6.071532165918825e-18
be considered,6.071532165918825e-18
waves or,6.071532165918825e-18
none,6.071532165918825e-18
thermal conductivity to,6.071532165918825e-18
none of,6.071532165918825e-18
this case fabric,6.071532165918825e-18
the other without,6.071532165918825e-18
which can transfer,6.071532165918825e-18
to be transferred,6.071532165918825e-18
side,6.071532165918825e-18
to be considered,6.071532165918825e-18
to another through,6.071532165918825e-18
side to,6.071532165918825e-18
side to the,6.071532165918825e-18
through direct,6.071532165918825e-18
through direct contact,6.071532165918825e-18
the necessary thermal,6.071532165918825e-18
thermal conductor as,6.071532165918825e-18
contact,6.071532165918825e-18
to the other,6.071532165918825e-18
other without losing,6.071532165918825e-18
one location to,6.071532165918825e-18
one object to,6.071532165918825e-18
one object,6.071532165918825e-18
one side to,6.071532165918825e-18
one side,6.071532165918825e-18
one location,6.071532165918825e-18
other without,6.071532165918825e-18
stone and sunshine,5.692061405548898e-18
sunshine are,5.692061405548898e-18
and sunshine are,5.692061405548898e-18
and sunshine,5.692061405548898e-18
roses therefore none,5.637851296924623e-18
the specific conditions,5.637851296924623e-18
what roses are,5.637851296924623e-18
roses therefore,5.637851296924623e-18
structures from,5.637851296924623e-18
to grow the,5.637851296924623e-18
the falling,5.637851296924623e-18
what roses,5.637851296924623e-18
ice stone and,5.637851296924623e-18
the options accurately,5.637851296924623e-18
roses require the,5.637851296924623e-18
not have the,5.637851296924623e-18
require the specific,5.637851296924623e-18
require the,5.637851296924623e-18
rise from,5.637851296924623e-18
the soil such,5.637851296924623e-18
the soil,5.637851296924623e-18
sky are not,5.637851296924623e-18
rise,5.637851296924623e-18
specific conditions,5.637851296924623e-18
specific conditions found,5.637851296924623e-18
sky are,5.637851296924623e-18
accurately describe what,5.637851296924623e-18
the sky are,5.637851296924623e-18
the falling structures,5.637851296924623e-18
roses require,5.637851296924623e-18
ice stone,5.637851296924623e-18
they are formed,5.637851296924623e-18
or nutrients for,5.637851296924623e-18
or nutrients,5.637851296924623e-18
structures that rise,5.637851296924623e-18
therefore none of,5.637851296924623e-18
it to,5.637851296924623e-18
describe what,5.637851296924623e-18
therefore none,5.637851296924623e-18
structures from the,5.637851296924623e-18
the ground are,5.637851296924623e-18
or how they,5.637851296924623e-18
stone,5.637851296924623e-18
stone and,5.637851296924623e-18
of water or,5.637851296924623e-18
roses are or,5.637851296924623e-18
source of water,5.637851296924623e-18
soil such,5.637851296924623e-18
swim in,5.637851296924623e-18
roses are,5.637851296924623e-18
water or nutrients,5.637851296924623e-18
soil such as,5.637851296924623e-18
water and nutrients,5.637851296924623e-18
swim,5.637851296924623e-18
or how,5.637851296924623e-18
rise from the,5.637851296924623e-18
when it,5.5294310796760726e-18
when it is,5.5294310796760726e-18
will likely look,5.421010862427522e-18
sustenance feeling like,5.421010862427522e-18
sustenance the other,5.421010862427522e-18
plants require nutrients,5.421010862427522e-18
sustenance the,5.421010862427522e-18
when something requires,5.421010862427522e-18
sustenance feeling,5.421010862427522e-18
about,5.421010862427522e-18
sustenance it is,5.421010862427522e-18
organisms including animals,5.421010862427522e-18
reproduction therefore,5.421010862427522e-18
require nutrients to,5.421010862427522e-18
indicates that,5.421010862427522e-18
therefore they will,5.421010862427522e-18
organisms including,5.421010862427522e-18
trying,5.421010862427522e-18
something requires sustenance,5.421010862427522e-18
something requires,5.421010862427522e-18
to seek out,5.421010862427522e-18
of nutrients to,5.421010862427522e-18
to meet,5.421010862427522e-18
to meet its,5.421010862427522e-18
to seek,5.421010862427522e-18
they will likely,5.421010862427522e-18
to obtain sustenance,5.421010862427522e-18
reproduction therefore they,5.421010862427522e-18
require nutrients,5.421010862427522e-18
they will,5.421010862427522e-18
these nutrients in,5.421010862427522e-18
of sustenance feeling,5.421010862427522e-18
of sustenance,5.421010862427522e-18
creating,5.312590645178972e-18
can retain its,5.204170427930421e-18
can retain,5.204170427930421e-18
rather than relying,5.204170427930421e-18
thereby surviving,5.204170427930421e-18
relatively,5.204170427930421e-18
thereby surviving without,5.204170427930421e-18
relatively consistent,5.204170427930421e-18
sharks platypuses,5.204170427930421e-18
relatively consistent even,5.204170427930421e-18
none of the,5.204170427930421e-18
their ability to,5.204170427930421e-18
to excrete,5.204170427930421e-18
the winter the,5.204170427930421e-18
periods without,5.204170427930421e-18
rain and,5.204170427930421e-18
considered extinct,5.204170427930421e-18
sources the,5.204170427930421e-18
sources the owl,5.204170427930421e-18
remains relatively consistent,5.204170427930421e-18
remains relatively,5.204170427930421e-18
to maintain consistent,5.204170427930421e-18
their ability,5.204170427930421e-18
to excrete enzymes,5.204170427930421e-18
clean up,5.204170427930421e-18
without oxygen making,5.204170427930421e-18
process called,5.204170427930421e-18
clean,5.204170427930421e-18
sharks platypuses and,5.204170427930421e-18
relying on,5.204170427930421e-18
relying,5.204170427930421e-18
process called thermoregulation,5.204170427930421e-18
relying on external,5.204170427930421e-18
oxygen to survive,5.204170427930421e-18
other sharks,5.204170427930421e-18
temperature remains,5.204170427930421e-18
temperature through internal,5.204170427930421e-18
temperature through,5.204170427930421e-18
which is not,5.204170427930421e-18
owl is able,5.204170427930421e-18
owl can retain,5.204170427930421e-18
owl can,5.204170427930421e-18
temperature remains relatively,5.204170427930421e-18
owl body temperature,5.204170427930421e-18
owl to maintain,5.204170427930421e-18
owl body,5.204170427930421e-18
thermoregulation this ability,5.204170427930421e-18
of worm that,5.204170427930421e-18
of worm,5.204170427930421e-18
of time due,5.204170427930421e-18
temperature even,5.204170427930421e-18
temperature even in,5.204170427930421e-18
owl to,5.204170427930421e-18
this ability,5.204170427930421e-18
through process called,5.204170427930421e-18
winter the other,5.204170427930421e-18
through internal processes,5.204170427930421e-18
through internal,5.204170427930421e-18
where species,5.204170427930421e-18
oxygen making option,5.204170427930421e-18
therefore the owl,5.204170427930421e-18
on external heat,5.204170427930421e-18
on external,5.204170427930421e-18
winter the,5.204170427930421e-18
this ability allows,5.204170427930421e-18
oxygen making,5.204170427930421e-18
which are all,5.204170427930421e-18
the other answer,5.204170427930421e-18
the owl body,5.204170427930421e-18
the owl can,5.204170427930421e-18
the owl to,5.204170427930421e-18
thermoregulation this,5.204170427930421e-18
periods without oxygen,5.204170427930421e-18
of time this,5.204170427930421e-18
describe situation where,5.204170427930421e-18
down organic,5.204170427930421e-18
worm that includes,5.204170427930421e-18
worms,5.204170427930421e-18
processes rather,5.204170427930421e-18
organic compounds,5.204170427930421e-18
describe situation,5.204170427930421e-18
turtles,5.204170427930421e-18
worms like,5.204170427930421e-18
worms like the,5.204170427930421e-18
processes rather than,5.204170427930421e-18
other birds,5.204170427930421e-18
is able,5.204170427930421e-18
accurately describe situation,5.204170427930421e-18
to sharks,5.204170427930421e-18
is able to,5.204170427930421e-18
other answer choices,5.204170427930421e-18
retain its body,5.204170427930421e-18
turtles which,5.204170427930421e-18
survive without,5.204170427930421e-18
to survive however,5.204170427930421e-18
type of worm,5.204170427930421e-18
other animals therefore,5.204170427930421e-18
other answer,5.204170427930421e-18
to survive without,5.204170427930421e-18
to their ability,5.204170427930421e-18
to sharks platypuses,5.204170427930421e-18
turtles which are,5.204170427930421e-18
unlike many,5.204170427930421e-18
environments the,5.204170427930421e-18
other birds an,5.204170427930421e-18
organic compounds thereby,5.204170427930421e-18
situation where species,5.204170427930421e-18
worm that,5.204170427930421e-18
worm,5.204170427930421e-18
unlike many other,5.204170427930421e-18
platypuses and turtles,5.204170427930421e-18
platypuses and,5.204170427930421e-18
platypuses,5.204170427930421e-18
direct sunlight,4.9873299934333204e-18
while an,4.87890977618477e-18
small volume,4.87890977618477e-18
volume while,4.87890977618477e-18
volume while an,4.87890977618477e-18
while an object,4.87890977618477e-18
sufficient,4.7704895589362195e-18
growth and,4.7704895589362195e-18
of extinction,4.7704895589362195e-18
trees which,4.7704895589362195e-18
of their,4.7704895589362195e-18
to use,4.607859233063394e-18
itself,4.336808689942018e-18
question therefore the,4.336808689942018e-18
made,4.336808689942018e-18
which is type,4.336808689942018e-18
question therefore,4.336808689942018e-18
not about,4.336808689942018e-18
question is that,4.336808689942018e-18
chemical energy in,4.336808689942018e-18
furries,4.336808689942018e-18
to the intense,4.119968255444917e-18
shed due,4.119968255444917e-18
of sediment around,4.119968255444917e-18
shed cars do,4.119968255444917e-18
shed cars,4.119968255444917e-18
sediment around,4.119968255444917e-18
sediment contributing to,4.119968255444917e-18
sediment contributing,4.119968255444917e-18
tornado can also,4.119968255444917e-18
winds and rainfall,4.119968255444917e-18
small particles of,4.119968255444917e-18
the shed therefore,4.119968255444917e-18
particles of sediment,4.119968255444917e-18
sediment build up,4.119968255444917e-18
rainfall the tornado,4.119968255444917e-18
sediment around the,4.119968255444917e-18
the tornado can,4.119968255444917e-18
the intense,4.119968255444917e-18
small particles,4.119968255444917e-18
the intense winds,4.119968255444917e-18
mammal,4.119968255444917e-18
mammal that,4.119968255444917e-18
shed luck,4.119968255444917e-18
shed luck is,4.119968255444917e-18
rainfall the,4.119968255444917e-18
shed due to,4.119968255444917e-18
sediment build,4.119968255444917e-18
of sediment build,4.119968255444917e-18
to the accumulation,4.119968255444917e-18
significant sediment,4.119968255444917e-18
significant sediment to,4.119968255444917e-18
of sediment contributing,4.119968255444917e-18
why choice,4.0793106739767104e-18
organism but none,4.0793106739767104e-18
organism the question,4.0793106739767104e-18
organisms require sustenance,4.0793106739767104e-18
organism the,4.0793106739767104e-18
organism might be,4.0793106739767104e-18
organism might,4.0793106739767104e-18
of the choices,4.0793106739767104e-18
process of gathering,4.0793106739767104e-18
the choices accurately,4.0793106739767104e-18
of gathering nutrients,4.0793106739767104e-18
question also does,4.0793106739767104e-18
of gathering,4.0793106739767104e-18
sustenance to survive,4.0793106739767104e-18
sustenance to,4.0793106739767104e-18
why choice is,4.0793106739767104e-18
to determine why,4.0793106739767104e-18
the most sustenance,4.0793106739767104e-18
the requirements of,4.0793106739767104e-18
the requirements,4.0793106739767104e-18
what the,4.0793106739767104e-18
what the living,4.0793106739767104e-18
question also,4.0793106739767104e-18
what would,4.0793106739767104e-18
what would likely,4.0793106739767104e-18
the choices,4.0793106739767104e-18
but none of,4.0793106739767104e-18
sustenance for,4.0793106739767104e-18
require sustenance to,4.0793106739767104e-18
the question also,4.0793106739767104e-18
requirements of living,4.0793106739767104e-18
thrive including humans,4.0793106739767104e-18
thrive including,4.0793106739767104e-18
would likely result,4.0793106739767104e-18
but none,4.0793106739767104e-18
of living organism,4.0793106739767104e-18
sustenance for the,4.0793106739767104e-18
shape and texture,3.903127820947816e-18
pressing it to,3.903127820947816e-18
pressing it,3.903127820947816e-18
will show it,3.903127820947816e-18
shape and,3.903127820947816e-18
pressed to show,3.903127820947816e-18
present in the,3.903127820947816e-18
taking,3.903127820947816e-18
taking fingernail,3.903127820947816e-18
question while,3.903127820947816e-18
taking fingernail and,3.903127820947816e-18
the situation presented,3.903127820947816e-18
the question while,3.903127820947816e-18
question while taking,3.903127820947816e-18
will show,3.903127820947816e-18
salt will show,3.903127820947816e-18
wet and it,3.903127820947816e-18
show its shape,3.903127820947816e-18
show it is,3.903127820947816e-18
situation presented in,3.903127820947816e-18
situation presented,3.903127820947816e-18
show it,3.903127820947816e-18
to salt will,3.903127820947816e-18
of natural,3.903127820947816e-18
triplet would be,3.903127820947816e-18
to show,3.903127820947816e-18
to show its,3.903127820947816e-18
typically made,3.903127820947816e-18
typically made from,3.903127820947816e-18
salty,3.903127820947816e-18
show its,3.903127820947816e-18
salty therefore,3.903127820947816e-18
wet and,3.903127820947816e-18
the given context,3.903127820947816e-18
salty therefore the,3.903127820947816e-18
but it is,3.903127820947816e-18
relevant to the,3.903127820947816e-18
texture the,3.903127820947816e-18
texture the other,3.903127820947816e-18
while taking,3.903127820947816e-18
while taking fingernail,3.903127820947816e-18
it the,3.469446951953614e-18
is solid,3.469446951953614e-18
solid,3.469446951953614e-18
pumpkin seeds,3.469446951953614e-18
compounds,3.469446951953614e-18
represent seasonal change,3.469446951953614e-18
represent seasonal,3.469446951953614e-18
enables them,3.469446951953614e-18
common occurrence in,3.469446951953614e-18
common occurrence,3.469446951953614e-18
making it the,3.469446951953614e-18
or other plants,3.469446951953614e-18
cold is not,3.469446951953614e-18
enables,3.469446951953614e-18
setting up their,3.469446951953614e-18
store setting,3.469446951953614e-18
adaptation enables,3.469446951953614e-18
seeds or other,3.469446951953614e-18
typically shed during,3.469446951953614e-18
typically shed,3.469446951953614e-18
seeds or,3.469446951953614e-18
up their,3.469446951953614e-18
up their christmas,3.469446951953614e-18
survival as,3.469446951953614e-18
response,3.469446951953614e-18
seeds are typically,3.469446951953614e-18
survival as it,3.469446951953614e-18
adaptation enables them,3.469446951953614e-18
store setting up,3.469446951953614e-18
response to,3.469446951953614e-18
plants inside,3.469446951953614e-18
seeds are,3.469446951953614e-18
plants inside pumpkin,3.469446951953614e-18
setting up,3.469446951953614e-18
pumpkin seeds or,3.469446951953614e-18
result,3.469446951953614e-18
in this,3.469446951953614e-18
increased,3.469446951953614e-18
enables them to,3.469446951953614e-18
cold is,3.469446951953614e-18
their christmas,3.469446951953614e-18
occurrence in,3.469446951953614e-18
this is natural,3.469446951953614e-18
are not relevant,3.469446951953614e-18
when temperatures drop,3.469446951953614e-18
preparation,3.469446951953614e-18
occurrence,3.469446951953614e-18
out their heavy,3.469446951953614e-18
other plants inside,3.469446951953614e-18
out their,3.469446951953614e-18
species not,3.469446951953614e-18
species not just,3.469446951953614e-18
seasonal change as,3.469446951953614e-18
seasonal change and,3.469446951953614e-18
winter months when,3.469446951953614e-18
when temperatures,3.469446951953614e-18
temperatures drop,3.469446951953614e-18
temperatures drop this,3.469446951953614e-18
season in preparation,3.469446951953614e-18
season in,3.469446951953614e-18
preparation for the,3.469446951953614e-18
preparation for,3.469446951953614e-18
shed during,3.469446951953614e-18
their heavy,3.469446951953614e-18
their heavy outerwear,3.469446951953614e-18
of pumpkin,3.469446951953614e-18
pumpkin can be,3.469446951953614e-18
their christmas displays,3.469446951953614e-18
pumpkin can,3.469446951953614e-18
of pumpkin seeds,3.469446951953614e-18
this adaptation enables,3.469446951953614e-18
measure of how,3.469446951953614e-18
pulling out their,3.469446951953614e-18
specialized for,3.469446951953614e-18
not accurately,3.469446951953614e-18
shed during the,3.469446951953614e-18
the roots,3.2526065174565133e-18
in environments with,3.0899761915836876e-18
environments with,3.0899761915836876e-18
do not undergo,3.0357660829594124e-18
not undergo,3.0357660829594124e-18
plastic,2.927345865710862e-18
ocean,2.8189256484623115e-18
puppigerus is type,2.8189256484623115e-18
less,2.8189256484623115e-18
source of heat,2.72405795836983e-18
sun rays,2.6020852139652106e-18
sharks they,2.6020852139652106e-18
sharks they do,2.6020852139652106e-18
support system during,2.6020852139652106e-18
sexually,2.6020852139652106e-18
sharks therefore the,2.6020852139652106e-18
shark instead,2.6020852139652106e-18
provide the necessary,2.6020852139652106e-18
remains of,2.6020852139652106e-18
species being,2.6020852139652106e-18
remoras,2.6020852139652106e-18
remoras are,2.6020852139652106e-18
remoras are fish,2.6020852139652106e-18
species being on,2.6020852139652106e-18
species can reproduce,2.6020852139652106e-18
species is at,2.6020852139652106e-18
rocks,2.6020852139652106e-18
reproduce sexually,2.6020852139652106e-18
reproduction cycle or,2.6020852139652106e-18
sexually or asexually,2.6020852139652106e-18
sexually or,2.6020852139652106e-18
shark instead they,2.6020852139652106e-18
sharks therefore,2.6020852139652106e-18
remains of an,2.6020852139652106e-18
reproduce sexually or,2.6020852139652106e-18
other sharks therefore,2.6020852139652106e-18
the definition of,2.6020852139652106e-18
the brink of,2.6020852139652106e-18
the brink,2.6020852139652106e-18
used to make,2.6020852139652106e-18
the given fish,2.6020852139652106e-18
to boats act,2.6020852139652106e-18
options accurately describe,2.6020852139652106e-18
nonrenewable resource,2.6020852139652106e-18
nonrenewable,2.6020852139652106e-18
be the,2.6020852139652106e-18
or asexually,2.6020852139652106e-18
term clean up,2.6020852139652106e-18
term clean,2.6020852139652106e-18
be used to,2.6020852139652106e-18
system during shark,2.6020852139652106e-18
members,2.6020852139652106e-18
or clean,2.6020852139652106e-18
or clean up,2.6020852139652106e-18
would preserve,2.6020852139652106e-18
would preserve the,2.6020852139652106e-18
therefore the term,2.6020852139652106e-18
of extinction museum,2.6020852139652106e-18
the sun rays,2.6020852139652106e-18
and when,2.6020852139652106e-18
of other sharks,2.6020852139652106e-18
up crew is,2.6020852139652106e-18
other sharks they,2.6020852139652106e-18
up crew,2.6020852139652106e-18
this rationale,2.6020852139652106e-18
this rationale is,2.6020852139652106e-18
up after shark,2.6020852139652106e-18
up after,2.6020852139652106e-18
of species being,2.6020852139652106e-18
they mainly feed,2.6020852139652106e-18
they mainly,2.6020852139652106e-18
the crumbs,2.6020852139652106e-18
the crumbs and,2.6020852139652106e-18
these options accurately,2.6020852139652106e-18
these options,2.6020852139652106e-18
of these options,2.6020852139652106e-18
these fish the,2.6020852139652106e-18
the definition,2.6020852139652106e-18
of extinction the,2.6020852139652106e-18
the term clean,2.6020852139652106e-18
or asexually but,2.6020852139652106e-18
of other,2.6020852139652106e-18
other food left,2.6020852139652106e-18
leaves are not,2.6020852139652106e-18
other food,2.6020852139652106e-18
act as,2.6020852139652106e-18
act as support,2.6020852139652106e-18
where species is,2.6020852139652106e-18
preserve,2.6020852139652106e-18
preserve the,2.6020852139652106e-18
behind,2.6020852139652106e-18
preserve the remains,2.6020852139652106e-18
collector,2.6020852139652106e-18
preserved and,2.6020852139652106e-18
preserved and species,2.6020852139652106e-18
preserved,2.6020852139652106e-18
other members,2.6020852139652106e-18
the remains,2.6020852139652106e-18
the process of,2.6020852139652106e-18
is aluminum,2.6020852139652106e-18
into the,2.6020852139652106e-18
what,2.6020852139652106e-18
organism but it,2.6020852139652106e-18
the remains of,2.6020852139652106e-18
other members left,2.6020852139652106e-18
leaves are,2.6020852139652106e-18
because it is,2.4936649967166602e-18
the shiny metallic,2.3852447794681098e-18
in cooking,2.3852447794681098e-18
the shiny,2.3852447794681098e-18
the specific,2.168404344971009e-18
outerwear during the,2.1141942363467336e-18
of wearing,2.1141942363467336e-18
seasonal change of,2.1141942363467336e-18
of wearing heavy,2.1141942363467336e-18
wearing heavy outerwear,2.1141942363467336e-18
wearing,2.1141942363467336e-18
outerwear during,2.1141942363467336e-18
wearing heavy,2.1141942363467336e-18
to keep warm,2.1141942363467336e-18
sheds its fur,2.0599841277224584e-18
animal sheds its,2.0599841277224584e-18
sheds its,2.0599841277224584e-18
an animal sheds,2.0599841277224584e-18
sheds,2.0599841277224584e-18
animal sheds,2.0599841277224584e-18
themselves,1.951563910473908e-18
matter,1.8736368793265124e-18
that they are,1.8431436932253575e-18
structure,1.734723475976807e-18
which can lead,1.734723475976807e-18
structure of plants,1.734723475976807e-18
or behaviors therefore,1.734723475976807e-18
the skin of,1.734723475976807e-18
which have,1.734723475976807e-18
water from the,1.734723475976807e-18
structure of,1.734723475976807e-18
various functions and,1.734723475976807e-18
which have specialized,1.734723475976807e-18
organism that has,1.734723475976807e-18
they are unable,1.734723475976807e-18
by the,1.734723475976807e-18
organism that,1.734723475976807e-18
of transpiration,1.734723475976807e-18
their body temperature,1.734723475976807e-18
of small,1.734723475976807e-18
their body,1.734723475976807e-18
skin,1.734723475976807e-18
the skin,1.734723475976807e-18
or behaviors,1.734723475976807e-18
of organism that,1.734723475976807e-18
skin by,1.734723475976807e-18
water through their,1.734723475976807e-18
skin by the,1.734723475976807e-18
the given information,1.734723475976807e-18
their skin by,1.734723475976807e-18
the given choices,1.734723475976807e-18
skin of,1.734723475976807e-18
skin of an,1.734723475976807e-18
the evaporation of,1.734723475976807e-18
the evaporation,1.734723475976807e-18
their skin,1.734723475976807e-18
causing,1.734723475976807e-18
on the given,1.734723475976807e-18
ecosystem,1.734723475976807e-18
their respective environments,1.734723475976807e-18
their respective,1.734723475976807e-18
the earth,1.734723475976807e-18
of water from,1.734723475976807e-18
of transpiration which,1.734723475976807e-18
water from,1.734723475976807e-18
to various,1.734723475976807e-18
of organism,1.734723475976807e-18
respective,1.734723475976807e-18
from the skin,1.734723475976807e-18
not typical,1.734723475976807e-18
specialized for various,1.734723475976807e-18
specialized for certain,1.734723475976807e-18
specialized adaptations for,1.734723475976807e-18
and fish,1.734723475976807e-18
specialized adaptations,1.734723475976807e-18
specialize in any,1.734723475976807e-18
given information therefore,1.734723475976807e-18
process of transpiration,1.734723475976807e-18
to make,1.734723475976807e-18
typical,1.734723475976807e-18
type of organism,1.734723475976807e-18
have specialized,1.734723475976807e-18
have the complex,1.734723475976807e-18
it provides,1.734723475976807e-18
to specialize in,1.734723475976807e-18
to specialized,1.734723475976807e-18
to specialized for,1.734723475976807e-18
surface,1.734723475976807e-18
transpiration which is,1.734723475976807e-18
transpiration which,1.734723475976807e-18
information therefore,1.734723475976807e-18
unable to specialize,1.734723475976807e-18
given information,1.734723475976807e-18
respective environments,1.734723475976807e-18
the complex cellular,1.734723475976807e-18
plants and fish,1.734723475976807e-18
through their skin,1.734723475976807e-18
unlike plants and,1.734723475976807e-18
respective environments additionally,1.734723475976807e-18
unlike plants,1.734723475976807e-18
for the winter,1.734723475976807e-18
the complex,1.734723475976807e-18
support the,1.6263032587282567e-18
which are embedded,1.6263032587282567e-18
plant survival,1.6263032587282567e-18
unsuitable environment,1.6263032587282567e-18
such as glucose,1.6263032587282567e-18
unsuitable environment for,1.6263032587282567e-18
other plants require,1.6263032587282567e-18
deep,1.6263032587282567e-18
require essential nutrients,1.6263032587282567e-18
the term green,1.6263032587282567e-18
plant survival and,1.6263032587282567e-18
within the ground,1.6263032587282567e-18
it an unsuitable,1.6263032587282567e-18
the roots also,1.6263032587282567e-18
roots also,1.6263032587282567e-18
the roots which,1.6263032587282567e-18
roots also produce,1.6263032587282567e-18
growth such,1.6263032587282567e-18
growth such as,1.6263032587282567e-18
unsuitable,1.6263032587282567e-18
likely have,1.6263032587282567e-18
within the,1.6263032587282567e-18
the necessary resources,1.6263032587282567e-18
water sunlight,1.6263032587282567e-18
water sunlight and,1.6263032587282567e-18
the plant survival,1.6263032587282567e-18
support the plant,1.6263032587282567e-18
plant to absorb,1.6263032587282567e-18
to grow these,1.6263032587282567e-18
plant growth such,1.6263032587282567e-18
these nutrients are,1.6263032587282567e-18
an unsuitable environment,1.6263032587282567e-18
produce essential compounds,1.6263032587282567e-18
the ground allowing,1.6263032587282567e-18
sunlight and minerals,1.6263032587282567e-18
plants require essential,1.6263032587282567e-18
resources for,1.6263032587282567e-18
environment for plants,1.6263032587282567e-18
produce essential,1.6263032587282567e-18
through the roots,1.6263032587282567e-18
resources for growth,1.6263032587282567e-18
an unsuitable,1.6263032587282567e-18
term green,1.6263032587282567e-18
to as green,1.6263032587282567e-18
term green structures,1.6263032587282567e-18
south for the,1.5720931501039814e-18
south for,1.5720931501039814e-18
to migrate south,1.5720931501039814e-18
their decision,1.5720931501039814e-18
south,1.5720931501039814e-18
their decision to,1.5720931501039814e-18
lead to,1.5178830414797062e-18
lead,1.5178830414797062e-18
like other,1.4094628242311558e-18
is because photosynthesis,1.4094628242311558e-18
temperature during,1.3010426069826053e-18
temperature during the,1.3010426069826053e-18
an owl,1.3010426069826053e-18
body temperature during,1.3010426069826053e-18
owl is,1.3010426069826053e-18
the options,1.3010426069826053e-18
accurately answer,1.3010426069826053e-18
resource is used,1.3010426069826053e-18
also nonrenewable resource,1.3010426069826053e-18
also nonrenewable,1.3010426069826053e-18
of the options,1.3010426069826053e-18
an owl is,1.3010426069826053e-18
is also nonrenewable,1.3010426069826053e-18
simpler,1.1926223897340549e-18
and plants,1.0842021724855044e-18
hours is,1.0299920638612292e-18
24 hours is,1.0299920638612292e-18
wet,8.673617379884035e-19
energy costs at,8.673617379884035e-19
typically seek shelter,8.673617379884035e-19
they regulate,8.673617379884035e-19
to survive the,8.673617379884035e-19
energy costs,8.673617379884035e-19
they regulate their,8.673617379884035e-19
they typically seek,8.673617379884035e-19
regulate their,8.673617379884035e-19
they typically,8.673617379884035e-19
regulate their body,8.673617379884035e-19
to retain their,8.673617379884035e-19
retain their,8.673617379884035e-19
costs at home,8.673617379884035e-19
them to retain,8.673617379884035e-19
costs at,8.673617379884035e-19
them to survive,8.673617379884035e-19
warm blooded animals,8.673617379884035e-19
to migrate,8.673617379884035e-19
warmth,8.673617379884035e-19
themselves allowing,8.673617379884035e-19
themselves allowing them,8.673617379884035e-19
warmth which,8.673617379884035e-19
warmth which is,8.673617379884035e-19
typically seek,8.673617379884035e-19
using external sources,8.673617379884035e-19
seek shelter,8.673617379884035e-19
sources such as,8.673617379884035e-19
sources such,8.673617379884035e-19
using external,8.673617379884035e-19
home,8.673617379884035e-19
retain their body,8.673617379884035e-19
costs,8.673617379884035e-19
seek shelter and,8.673617379884035e-19
shelter and warmth,8.673617379884035e-19
sunlight during,8.673617379884035e-19
owls are,8.673617379884035e-19
owls are ectothermic,8.673617379884035e-19
at home,8.673617379884035e-19
the plant to,8.673617379884035e-19
plant to,8.673617379884035e-19
temperature using external,8.673617379884035e-19
temperature using,8.673617379884035e-19
temperature this adaptation,8.673617379884035e-19
such as sunlight,8.673617379884035e-19
winter months they,8.673617379884035e-19
shelter and,8.673617379884035e-19
the cold temperatures,8.673617379884035e-19
owls,8.673617379884035e-19
sunlight during the,8.673617379884035e-19
as sunlight,8.673617379884035e-19
contrast large,8.131516293641283e-19
would provide the,8.131516293641283e-19
without windows would,8.131516293641283e-19
windows would likely,8.131516293641283e-19
in contrast large,8.131516293641283e-19
patio setting typically,8.131516293641283e-19
year round despite,8.131516293641283e-19
plants require sunlight,8.131516293641283e-19
soil making,8.131516293641283e-19
soil making it,8.131516293641283e-19
would provide,8.131516293641283e-19
plants damp,8.131516293641283e-19
sunlight allowing,8.131516293641283e-19
plants damp patch,8.131516293641283e-19
plants to undergo,8.131516293641283e-19
setting typically has,8.131516293641283e-19
with more direct,8.131516293641283e-19
setting typically,8.131516293641283e-19
sunlight allowing plants,8.131516293641283e-19
photosynthesis and,8.131516293641283e-19
plants in contrast,8.131516293641283e-19
contrast large patio,8.131516293641283e-19
year round,8.131516293641283e-19
would also,8.131516293641283e-19
greenhouse would,8.131516293641283e-19
photosynthesis and basement,8.131516293641283e-19
typically has,8.131516293641283e-19
would also likely,8.131516293641283e-19
undergo photosynthesis but,8.131516293641283e-19
sunlight making,8.131516293641283e-19
sunlight making it,8.131516293641283e-19
to grow year,8.131516293641283e-19
would likely have,8.131516293641283e-19
round despite the,8.131516293641283e-19
round despite,8.131516293641283e-19
round,8.131516293641283e-19
typically has larger,8.131516293641283e-19
open greenhouse would,8.131516293641283e-19
undergo photosynthesis and,8.131516293641283e-19
windows would,8.131516293641283e-19
photosynthesis but would,8.131516293641283e-19
weather outside,8.131516293641283e-19
weather outside humid,8.131516293641283e-19
outside humid open,8.131516293641283e-19
the cold weather,8.131516293641283e-19
outside humid,8.131516293641283e-19
photosynthesis but,8.131516293641283e-19
outside,8.131516293641283e-19
resource but,6.505213034913027e-19
turn is,6.505213034913027e-19
while petroleum is,6.505213034913027e-19
turn is used,6.505213034913027e-19
resource and,6.505213034913027e-19
plastic rulers while,6.505213034913027e-19
to produce nonrenewable,6.505213034913027e-19
resource but styrofoam,6.505213034913027e-19
resource plastic,6.505213034913027e-19
to make plastic,6.505213034913027e-19
resource and notebook,6.505213034913027e-19
option for the,6.505213034913027e-19
renewable resource the,6.505213034913027e-19
produce nonrenewable,6.505213034913027e-19
resource which in,6.505213034913027e-19
while petroleum,6.505213034913027e-19
plastic is also,6.505213034913027e-19
resource making it,6.505213034913027e-19
resource which,6.505213034913027e-19
resource plastic is,6.505213034913027e-19
which is used,6.505213034913027e-19
resource the other,6.505213034913027e-19
resource the,6.505213034913027e-19
petroleum is,6.505213034913027e-19
petroleum is nonrenewable,6.505213034913027e-19
resource making,6.505213034913027e-19
renewable resource making,6.505213034913027e-19
rulers while,6.505213034913027e-19
to produce paper,6.505213034913027e-19
to produce renewable,6.505213034913027e-19
rulers while petroleum,6.505213034913027e-19
produce nonrenewable resource,6.505213034913027e-19
styrofoam is,6.505213034913027e-19
styrofoam is renewable,6.505213034913027e-19
produce paper,6.505213034913027e-19
produce paper which,6.505213034913027e-19
produce renewable,6.505213034913027e-19
produce renewable resource,6.505213034913027e-19
paper is also,6.505213034913027e-19
occurs,5.149960319306146e-19
of day,5.149960319306146e-19
the length,5.149960319306146e-19
the length of,5.149960319306146e-19
hours is the,5.149960319306146e-19
of learned behavior,4.336808689942018e-19
because fingernail is,4.336808689942018e-19
level of learned,4.336808689942018e-19
to salt,4.336808689942018e-19
pressed to,4.336808689942018e-19
question asks about,4.336808689942018e-19
because fingernail,4.336808689942018e-19
and is,4.336808689942018e-19
of learned,4.336808689942018e-19
is because fingernail,4.336808689942018e-19
asks about,4.336808689942018e-19
through the process,4.2012834183813297e-19
some background information,2.168404344971009e-19
or observation unlike,2.168404344971009e-19
requires some background,2.168404344971009e-19
to learn behaviors,2.168404344971009e-19
to live,2.168404344971009e-19
through conditioning,2.168404344971009e-19
through conditioning or,2.168404344971009e-19
other for,2.168404344971009e-19
to have high,2.168404344971009e-19
other for years,2.168404344971009e-19
some background,2.168404344971009e-19
or observation,2.168404344971009e-19
saltwater crocodiles do,2.168404344971009e-19
while sea,2.168404344971009e-19
while sea park,2.168404344971009e-19
years while,2.168404344971009e-19
unlike plains buffaloes,2.168404344971009e-19
unlike plains,2.168404344971009e-19
to live in,2.168404344971009e-19
requires some,2.168404344971009e-19
singing,2.168404344971009e-19
premise is,2.168404344971009e-19
to communicate,2.168404344971009e-19
to communicate with,2.168404344971009e-19
question requires,2.168404344971009e-19
years while sea,2.168404344971009e-19
premise is that,2.168404344971009e-19
this question requires,2.168404344971009e-19
singing to communicate,2.168404344971009e-19
singing to,2.168404344971009e-19
plains buffaloes therefore,2.168404344971009e-19
question requires some,2.168404344971009e-19
premise,2.168404344971009e-19
typically produced by,0.0
wood which is,0.0
typically produced when,0.0
snow and man,0.0
typically requires substantial,0.0
wood which,0.0
typically used as,0.0
typically what,0.0
unique among,0.0
typically what is,0.0
unique among mammals,0.0
without night,0.0
ultimately causing,0.0
typically results,0.0
without its primary,0.0
without wind,0.0
ultimately causing it,0.0
without night therefore,0.0
under,0.0
under normal,0.0
under normal conditions,0.0
snow or,0.0
snow or stars,0.0
typically requires,0.0
without oxygen unlike,0.0
typically results in,0.0
without wind there,0.0
written in,0.0
typically produced,0.0
sensations of,0.0
zebras do not,0.0
zebras do,0.0
transpiration is animals,0.0
solar rays acid,0.0
sensation of coldness,0.0
sensations,0.0
transpire,0.0
sensations of cold,0.0
so 24,0.0
transpire rain,0.0
zebras are herbivores,0.0
transpire rain does,0.0
transported from,0.0
transported from the,0.0
trash,0.0
trash cans,0.0
sending signals to,0.0
transmitting electrical impulses,0.0
transmitting electrical,0.0
transmit signals from,0.0
to weight,0.0
to weight gain,0.0
zebras need,0.0
zebras in the,0.0
zebras in,0.0
sending,0.0
sending signals,0.0
transferred between,0.0
transferred between celestial,0.0
transferred to,0.0
transferred to the,0.0
transfers,0.0
transfers heat,0.0
transfers heat energy,0.0
transmit signals,0.0
trash cans over,0.0
tree light,0.0
tree light is,0.0
soak up solar,0.0
soak,0.0
type of matter,0.0
written and luck,0.0
written and,0.0
setting would,0.0
setting would provide,0.0
would not provide,0.0
typically found,0.0
typically found in,0.0
would have duration,0.0
would be in,0.0
typically made of,0.0
so none of,0.0
so none,0.0
so 24 hours,0.0
soak up,0.0
twists and turns,0.0
sequence,0.0
written in journal,0.0
sequence star,0.0
tree lights do,0.0
trees are,0.0
trees are not,0.0
sequence star is,0.0
turn can be,0.0
turn helps,0.0
turn helps regulate,0.0
turns,0.0
turns these,0.0
turns these cards,0.0
twists,0.0
twists and,0.0
written on this,0.0
written on paper,0.0
without its,0.0
up solar rays,0.0
unlike all,0.0
vehicles directly,0.0
velocity and,0.0
velocity and height,0.0
warm air,0.0
warm air sinks,0.0
warm blooded animal,0.0
which indicates that,0.0
situation or to,0.0
situation or,0.0
which indicates,0.0
which have different,0.0
which are the,0.0
to use the,0.0
warm conditions in,0.0
which are insulators,0.0
warmth velocity,0.0
which are commonly,0.0
which act as,0.0
warmth velocity and,0.0
should have,0.0
vehicles directly or,0.0
situations as,0.0
which act,0.0
situations as they,0.0
which planet,0.0
which obtain oxygen,0.0
valid estimate,0.0
valid estimate more,0.0
vapor that,0.0
size of species,0.0
which obtain,0.0
size of,0.0
vapor that contributes,0.0
various,0.0
which is main,0.0
various tasks,0.0
which is made,0.0
which is good,0.0
which is equivalent,0.0
which is characteristic,0.0
various tasks are,0.0
various tasks in,0.0
vehicles,0.0
should have been,0.0
sinks leading to,0.0
using only,0.0
when used,0.0
simply that,0.0
simply,0.0
signals from the,0.0
weight gain,0.0
signals to,0.0
signals to the,0.0
when the population,0.0
when the food,0.0
weight gain causing,0.0
when significant amount,0.0
when significant,0.0
when lawnmower runs,0.0
what is written,0.0
when lawnmower,0.0
when conductor such,0.0
when conductor,0.0
when blown by,0.0
what transpiration,0.0
what transpiration is,0.0
signals from,0.0
water vapor that,0.0
sinks leading,0.0
when used the,0.0
sinks,0.0
where there is,0.0
where there,0.0
where the population,0.0
where the nerves,0.0
single digit numbers,0.0
single digit,0.0
single celled organism,0.0
shrubs,0.0
water in contrast,0.0
shrubs the,0.0
single celled,0.0
single,0.0
shrubs the other,0.0
water is transported,0.0
water plants,0.0
water plants primarily,0.0
where it evaporates,0.0
simply that the,0.0
using only digital,0.0
size the decrease,0.0
unlike all other,0.0
wings to catch,0.0
wings,0.0
windows would not,0.0
use carbon,0.0
sleet therefore option,0.0
sharks which,0.0
sharks which obtain,0.0
wind there will,0.0
sleet therefore,0.0
sharp talons,0.0
sharp talons if,0.0
sleet is solid,0.0
sleet is often,0.0
wind there,0.0
wind in the,0.0
wind in,0.0
sleet is formed,0.0
sleet formation as,0.0
wind does not,0.0
wind does,0.0
wings to,0.0
us to perceive,0.0
sleet formation,0.0
us to,0.0
unlike mammals,0.0
unlike mammals which,0.0
unlike sharks,0.0
unlike sharks which,0.0
unlike some,0.0
unlike some other,0.0
with twists and,0.0
with twists,0.0
with the production,0.0
with resistance or,0.0
with resistance,0.0
sleet this process,0.0
sleet this,0.0
with high temperatures,0.0
winter months which,0.0
up solar,0.0
when blown,0.0
up the rose,0.0
us,0.0
wind accumulate and,0.0
sleet for example,0.0
sized,0.0
used nonetheless 24,0.0
skin to the,0.0
skin to,0.0
used the electrical,0.0
used the other,0.0
used to power,0.0
while humid closed,0.0
while humid,0.0
used to prop,0.0
while carbon dioxide,0.0
skin allowing us,0.0
while carbon,0.0
which scorpions get,0.0
skin allowing the,0.0
which scorpions,0.0
skin allowing,0.0
which planet or,0.0
sized object such,0.0
sized object and,0.0
sized object,0.0
used the,0.0
used nonetheless,0.0
use carbon dioxide,0.0
used in snow,0.0
use it,0.0
wind accumulate,0.0
use it to,0.0
will experience mechanical,0.0
will experience,0.0
use its sharp,0.0
sleet for,0.0
use the,0.0
sleet as it,0.0
sleet as,0.0
will be little,0.0
sleet are key,0.0
wild zebras need,0.0
sleet are,0.0
use the hawk,0.0
use their paws,0.0
used as fuel,0.0
wild zebras,0.0
used as sources,0.0
warm conditions,0.0
sustenance it,0.0
solid frozen,0.0
the person,0.0
the nail malleability,0.0
substantial amount of,0.0
substantial amount,0.0
substantial,0.0
the nail this,0.0
the nail will,0.0
the necessary conditions,0.0
the necessary humidity,0.0
the necessary physical,0.0
the nerves,0.0
the nerves transmit,0.0
the only form,0.0
the person or,0.0
the primary source,0.0
the physical,0.0
the physical contact,0.0
the planet sized,0.0
the population size,0.0
the potential,0.0
substance that is,0.0
the potential increase,0.0
the pressure,0.0
substance formed from,0.0
the pressure of,0.0
substance formed,0.0
the primary component,0.0
the nail is,0.0
the nail becoming,0.0
the most reasonable,0.0
the moon however,0.0
the hottest,0.0
such as letters,0.0
the hottest star,0.0
such as how,0.0
the information,0.0
such as growth,0.0
such as grass,0.0
the information in,0.0
the information provided,0.0
the journal,0.0
the journal contents,0.0
the lawnmower action,0.0
the lawnmower actions,0.0
the lawnmower blades,0.0
the lawnmower may,0.0
the leaves,0.0
the leaves where,0.0
such as earth,0.0
the main,0.0
such as computer,0.0
such as chloride,0.0
the main source,0.0
such as biodiesel,0.0
the matter,0.0
the matter required,0.0
the primary components,0.0
structures that,0.0
such as trash,0.0
the specific day,0.0
the single,0.0
the single digit,0.0
straight,0.0
stores this can,0.0
stores this,0.0
the skin allowing,0.0
stores,0.0
the skin to,0.0
the sleet,0.0
the sleet this,0.0
the small,0.0
the small crystals,0.0
the star,0.0
structures of rose,0.0
the star from,0.0
the stress,0.0
the stress is,0.0
the sun as,0.0
stopped the term,0.0
stopped the,0.0
stopped refers to,0.0
stopped refers,0.0
the sun heat,0.0
the sun heats,0.0
the sun luminosity,0.0
stopped as it,0.0
straight nail,0.0
straight nail this,0.0
the sensations of,0.0
the sensations,0.0
structures of,0.0
the question should,0.0
the question zebras,0.0
the range,0.0
the range of,0.0
the region fires,0.0
the region resulting,0.0
the resources,0.0
the resources or,0.0
the roots and,0.0
the roots of,0.0
the roots therefore,0.0
the salt crystals,0.0
stretched and deformed,0.0
stretched and,0.0
stretched,0.0
stress is released,0.0
stress is,0.0
stress due to,0.0
stress due,0.0
stress can cause,0.0
stress can,0.0
the saltwater,0.0
the saltwater against,0.0
the saltwater as,0.0
such as nickel,0.0
the heat energy,0.0
solid frozen substance,0.0
tens,0.0
temperature on earth,0.0
sunlight transfers,0.0
temperature that,0.0
sunlight to undergo,0.0
temperature that allows,0.0
sunlight to,0.0
sunlight through its,0.0
temperatures and low,0.0
temporary,0.0
temporary relief,0.0
temporary relief from,0.0
sunlight through,0.0
sunlight or water,0.0
the brain,0.0
sunlight or,0.0
tens to,0.0
sunlight is form,0.0
tens to hundreds,0.0
sunlight humidity and,0.0
term hope,0.0
term hope is,0.0
that can specialize,0.0
that it is,0.0
the actual,0.0
sunlight humidity,0.0
the anthill surface,0.0
temperature on,0.0
temperature internally unlike,0.0
temperature internally,0.0
temperature in this,0.0
system for the,0.0
surface potentially leading,0.0
surface potentially,0.0
tactile,0.0
surface forming water,0.0
surface forming,0.0
tactile perception,0.0
surface causing the,0.0
surface causing,0.0
tactile perception where,0.0
takes,0.0
takes for,0.0
takes for the,0.0
support larger number,0.0
support larger,0.0
talons if,0.0
talons if it,0.0
talons to,0.0
tasks,0.0
tasks are,0.0
tasks are all,0.0
tasks in,0.0
tasks in contrast,0.0
sunlight transfers heat,0.0
temperature in,0.0
the blades,0.0
the brain allowing,0.0
the hawk talons,0.0
the earth to,0.0
the criteria for,0.0
the daffodil,0.0
the daffodil is,0.0
the death,0.0
the death rate,0.0
the decrease,0.0
the decrease in,0.0
the depletion,0.0
the depletion of,0.0
the earth axis,0.0
the earth rotates,0.0
the earth tilt,0.0
the electrical,0.0
the brain to,0.0
the electrical current,0.0
the environment this,0.0
sun and none,0.0
the galaxy,0.0
the galaxy instead,0.0
suitable sources of,0.0
suitable sources,0.0
suitable for this,0.0
the given options,0.0
the ground it,0.0
the growth and,0.0
the hawk,0.0
sun as,0.0
sun as the,0.0
sun heat,0.0
the criteria,0.0
the change,0.0
the change in,0.0
sun to live,0.0
the chloroplasts,0.0
the chloroplasts of,0.0
the choices satisfy,0.0
the cold and,0.0
the colony size,0.0
the complex metabolic,0.0
the composition,0.0
the composition of,0.0
the concrete,0.0
sun luminosity and,0.0
sun luminosity,0.0
the concrete structures,0.0
sun is indeed,0.0
the conditions,0.0
the conditions are,0.0
the context or,0.0
the context states,0.0
sun heats the,0.0
the correct answers,0.0
sun heats,0.0
sun heat energy,0.0
the creature to,0.0
stopped as,0.0
the sunlight,0.0
the sunlight is,0.0
specialize in specific,0.0
to convection currents,0.0
specialized cells or,0.0
specialize in various,0.0
specialize in these,0.0
to create record,0.0
to decrease in,0.0
to differentiate,0.0
to differentiate between,0.0
to electrical,0.0
to electrical energy,0.0
to fight,0.0
to fight and,0.0
to hundreds,0.0
to perceive,0.0
to hundreds rather,0.0
to hunt how,0.0
to increase,0.0
to increase due,0.0
to its death,0.0
to live the,0.0
to melt,0.0
to melt leaving,0.0
to motion,0.0
to motion and,0.0
to no,0.0
to no snow,0.0
to convection,0.0
to contend with,0.0
to contend,0.0
to condense and,0.0
tires,0.0
species making it,0.0
species making,0.0
tires move,0.0
tires move over,0.0
to 24,0.0
to 24 60,0.0
species is closely,0.0
to absorb sunlight,0.0
species increases the,0.0
species increases,0.0
to access,0.0
to access the,0.0
to be achieved,0.0
to be caught,0.0
to be on,0.0
to be written,0.0
to become malleable,0.0
to become overweight,0.0
to boats by,0.0
to carry and,0.0
to catch its,0.0
to complete,0.0
to complete one,0.0
to condense,0.0
to no wind,0.0
to perceive and,0.0
the surface forming,0.0
to the cold,0.0
something else,0.0
to state,0.0
to state of,0.0
some other organisms,0.0
to substance,0.0
to substance used,0.0
to survive during,0.0
to survive unlike,0.0
to temporary,0.0
to temporary relief,0.0
to the brain,0.0
to the change,0.0
to the composition,0.0
to position,0.0
to the depletion,0.0
to the growth,0.0
to the lawnmower,0.0
to the leaves,0.0
to the physical,0.0
to the planet,0.0
to the potential,0.0
to the pressure,0.0
to the skin,0.0
to the star,0.0
to undergo,0.0
to undergo photosynthesis,0.0
to soak up,0.0
to soak,0.0
to salt the,0.0
to reproduce and,0.0
to position where,0.0
sources of light,0.0
sources of biofuel,0.0
sources of,0.0
to power,0.0
to power vehicles,0.0
to produce electricity,0.0
to produce energy,0.0
to produce journal,0.0
to produce light,0.0
source therefore the,0.0
source therefore,0.0
source of reproduction,0.0
source of nutrients,0.0
to prop,0.0
source of energy,0.0
to prop up,0.0
source not sculpture,0.0
source not,0.0
source floor lamp,0.0
source floor,0.0
to reflect,0.0
to reflect the,0.0
to regulate,0.0
to regulate their,0.0
tiny pores on,0.0
tiny pores,0.0
tiny,0.0
star that transfers,0.0
static,0.0
states that an,0.0
states that,0.0
states,0.0
them to catch,0.0
state of being,0.0
stars as these,0.0
stars as,0.0
then converted,0.0
stares are not,0.0
stares are,0.0
stares,0.0
star that,0.0
time leading to,0.0
then converted to,0.0
star it is,0.0
there are 60,0.0
there can,0.0
star it,0.0
there can be,0.0
star is massive,0.0
therefore 24,0.0
star is,0.0
therefore 24 hours,0.0
therefore can,0.0
therefore can not,0.0
static position,0.0
static position or,0.0
them reducing our,0.0
them reducing,0.0
the temperature,0.0
the temperature on,0.0
stones are not,0.0
stones are also,0.0
stones are,0.0
the term hope,0.0
the third example,0.0
the tilt,0.0
the tilt of,0.0
the time,0.0
the time it,0.0
the type,0.0
still reproduce even,0.0
the type of,0.0
the wild zebras,0.0
the wind accumulate,0.0
their environment through,0.0
their fins,0.0
their fins which,0.0
their food by,0.0
their name,0.0
their own,0.0
their own food,0.0
their paws,0.0
their paws or,0.0
therefore not,0.0
therefore not the,0.0
star in the,0.0
this is necessary,0.0
this purpose,0.0
specific functions and,0.0
specific functions,0.0
this purpose in,0.0
this stress,0.0
this stress can,0.0
specific day night,0.0
specific day,0.0
through human activities,0.0
through its leaves,0.0
through its role,0.0
tied,0.0
tied to,0.0
tied to its,0.0
tilt,0.0
tilt of,0.0
tilt of the,0.0
specific context and,0.0
tilt therefore,0.0
tilt therefore option,0.0
time however,0.0
time however it,0.0
time it,0.0
time it takes,0.0
time leading,0.0
this process demonstrates,0.0
this is loose,0.0
star in,0.0
this is hypothetical,0.0
star from which,0.0
therefore the actual,0.0
star from,0.0
star,0.0
therefore the creature,0.0
therefore the person,0.0
thermal perception,0.0
thermal perception where,0.0
these are,0.0
standard day night,0.0
standard day,0.0
these are not,0.0
these areas,0.0
these areas in,0.0
these cards,0.0
these cards are,0.0
these fuels,0.0
these fuels are,0.0
these particles,0.0
these particles when,0.0
they can live,0.0
they obtain,0.0
they obtain energy,0.0
third example,0.0
third example chlorophyll,0.0
to decrease,0.0
zebras need water,0.0
seek out source,0.0
rather than realistic,0.0
on this,0.0
on this is,0.0
one rotation,0.0
one rotation on,0.0
one that is,0.0
rays acid rain,0.0
rays acid,0.0
rats are not,0.0
rats are,0.0
rats,0.0
rather than the,0.0
only digital,0.0
options chandelier floor,0.0
only digital matter,0.0
only form,0.0
only form of,0.0
only physical,0.0
only physical matter,0.0
onto its,0.0
rather depends on,0.0
rather depends,0.0
onto its prey,0.0
option is to,0.0
options are planets,0.0
on the surface,0.0
on the information,0.0
on non renewable,0.0
on non,0.0
of that,0.0
of that species,0.0
of the answers,0.0
of the journal,0.0
of the lawnmower,0.0
of the saltwater,0.0
record,0.0
of their own,0.0
receives the heat,0.0
receives the,0.0
of wood,0.0
of wood which,0.0
reasonable answer for,0.0
reasonable answer,0.0
reasonable,0.0
on earth,0.0
on earth through,0.0
on is paper,0.0
realistic or scientifically,0.0
realistic or,0.0
realistic,0.0
on its,0.0
on its axis,0.0
options chandelier,0.0
rather 24 60,0.0
record of,0.0
or only,0.0
or lack,0.0
or lack of,0.0
or metabolism,0.0
or metabolism unlike,0.0
or movement,0.0
or movement as,0.0
or one,0.0
or one that,0.0
rain or pollen,0.0
rain or fertilizer,0.0
rain or,0.0
or only physical,0.0
rather 24,0.0
rain does not,0.0
rain does,0.0
or organs,0.0
or organs to,0.0
or pollen,0.0
or pollen get,0.0
or resistance,0.0
or resistance producing,0.0
raccoons obtain their,0.0
raccoons obtain,0.0
or scientifically,0.0
or have low,0.0
or group of,0.0
or group must,0.0
or group,0.0
options fame,0.0
rate which in,0.0
rate which,0.0
rate when the,0.0
rate when,0.0
rate this is,0.0
rate this,0.0
options fame money,0.0
range of tens,0.0
or ability,0.0
or ability to,0.0
or additional,0.0
or additional information,0.0
or animals that,0.0
or celestial,0.0
or celestial bodies,0.0
or celestial body,0.0
or decline,0.0
or decline in,0.0
or deformed,0.0
or deformed this,0.0
or fertilizer,0.0
or fertilizer therefore,0.0
of tens to,0.0
record of the,0.0
or stars,0.0
reliance,0.0
of coldness,0.0
of coldness and,0.0
of extinction as,0.0
remains of ancient,0.0
of falling,0.0
relief from difficult,0.0
relief from,0.0
relief,0.0
of falling or,0.0
reliance on non,0.0
reliance on,0.0
of flowers the,0.0
of matter such,0.0
of green materials,0.0
of individuals,0.0
of individuals leading,0.0
released resulting in,0.0
released resulting,0.0
of it,0.0
of it would,0.0
of journal in,0.0
released into the,0.0
released into,0.0
of light in,0.0
of air,0.0
not the sensation,0.0
not provide the,0.0
not produce light,0.0
nail this,0.0
necessary conditions,0.0
necessary conditions for,0.0
nerves are responsible,0.0
nerves transmit,0.0
nerves transmit signals,0.0
night,0.0
night cycle,0.0
normal,0.0
reproduce even if,0.0
reproduce even,0.0
normal conditions,0.0
not 24,0.0
reproduce and ultimately,0.0
reproduce and,0.0
not 24 hours,0.0
not allow plants,0.0
not come,0.0
not come from,0.0
not have,0.0
not light,0.0
not light source,0.0
renewable resources grass,0.0
of matter is,0.0
of matter typically,0.0
of tens,0.0
of rose,0.0
reflect the,0.0
reflect,0.0
of prey that,0.0
refers to temporary,0.0
refers to substance,0.0
of reproduction,0.0
of reproduction as,0.0
refers to position,0.0
of reproduction this,0.0
reducing our reliance,0.0
reducing our,0.0
of rose are,0.0
of metal,0.0
of salt also,0.0
of salt such,0.0
of sleet,0.0
of sleet as,0.0
of sleet for,0.0
of sleet formation,0.0
of sleet is,0.0
of sleet therefore,0.0
of something else,0.0
of species increases,0.0
of species is,0.0
of plant to,0.0
reflect the correct,0.0
of plant cells,0.0
region fires,0.0
of metal and,0.0
of metal such,0.0
of motion,0.0
of motion in,0.0
relation to the,0.0
primary components,0.0
of nutrients,0.0
of organisms,0.0
relation,0.0
of organisms that,0.0
related to motion,0.0
regulate the temperature,0.0
regulate the,0.0
of paper,0.0
of paper which,0.0
of people,0.0
of people and,0.0
region the presence,0.0
region the,0.0
region resulting in,0.0
region resulting,0.0
of photosynthesis chlorophyll,0.0
region fires on,0.0
or scientifically valid,0.0
or stars as,0.0
motion in the,0.0
produce journal,0.0
produced when,0.0
produced using only,0.0
produced using,0.0
produced is typically,0.0
produced is,0.0
produced for instance,0.0
produced for,0.0
produced by person,0.0
produce light under,0.0
produce light these,0.0
produce journal note,0.0
produce energy,0.0
process of breathing,0.0
produce electricity,0.0
platypuses are,0.0
platypuses are unique,0.0
pollen get,0.0
pollen get absorbed,0.0
processes that require,0.0
processes that,0.0
process where the,0.0
process where,0.0
process to regulate,0.0
process that occurs,0.0
produced when significant,0.0
plastic or the,0.0
plastic or,0.0
producing materials,0.0
plant cells responsible,0.0
plant growth as,0.0
plant growth basement,0.0
plant growth while,0.0
plant materials,0.0
plant materials such,0.0
plant that is,0.0
plant to the,0.0
plants animals,0.0
plants animals that,0.0
plants are not,0.0
plants or animals,0.0
plants or the,0.0
plants primarily,0.0
prop up the,0.0
prop up,0.0
prop,0.0
plants primarily use,0.0
plants that oxygen,0.0
plants to soak,0.0
plants typically,0.0
plants typically found,0.0
producing materials this,0.0
population due,0.0
population due to,0.0
protection these,0.0
pressure of the,0.0
power vehicles,0.0
power vehicles directly,0.0
presence of sleet,0.0
pressed against the,0.0
pressure,0.0
pressure as,0.0
pressure as the,0.0
pressure decreases,0.0
pressure decreases causing,0.0
prime the other,0.0
pressure of,0.0
prime the,0.0
population increases it,0.0
prey and,0.0
prey and rats,0.0
prey making it,0.0
prey that,0.0
prey that maintains,0.0
primary source of,0.0
primary source,0.0
primarily use,0.0
primarily use carbon,0.0
primary components of,0.0
primary component,0.0
potentially leading to,0.0
potentially leading,0.0
potential increase in,0.0
potential increase,0.0
population of species,0.0
population of that,0.0
population or,0.0
population or lack,0.0
population over,0.0
population over time,0.0
population size of,0.0
process demonstrates the,0.0
process demonstrates,0.0
population this is,0.0
population to,0.0
population to increase,0.0
pores on,0.0
pores on the,0.0
position,0.0
position in,0.0
position in contrast,0.0
position or,0.0
position or one,0.0
position where,0.0
position where there,0.0
possess specialized,0.0
possess specialized cells,0.0
protection,0.0
protection these particles,0.0
or the atmosphere,0.0
outdoor plant,0.0
other options fame,0.0
other organisms that,0.0
others to,0.0
others to access,0.0
our reliance,0.0
our reliance on,0.0
out source,0.0
out source of,0.0
outcome,0.0
outcome of,0.0
outcome of the,0.0
outdoor plant growth,0.0
purpose,0.0
over an,0.0
over an anthill,0.0
over time however,0.0
over time leading,0.0
overweight,0.0
overweight therefore,0.0
overweight therefore the,0.0
owl is bird,0.0
owl to retain,0.0
own food,0.0
purpose in contrast,0.0
other options chandelier,0.0
other objects such,0.0
other factors may,0.0
other animals that,0.0
or the sun,0.0
or to,0.0
or to produce,0.0
or to state,0.0
or water for,0.0
question zebras do,0.0
question zebras,0.0
or wings,0.0
question the context,0.0
question the,0.0
question should have,0.0
or wings to,0.0
orbits,0.0
orbits it,0.0
orbits it the,0.0
organic matter such,0.0
organism meaning,0.0
organism meaning they,0.0
organisms that can,0.0
organs to,0.0
question is simply,0.0
organs to differentiate,0.0
question is based,0.0
purpose in,0.0
own food stores,0.0
plant cells,0.0
physical attributes,0.0
provided if,0.0
perform various tasks,0.0
person or,0.0
person or group,0.0
photosynthesis and in,0.0
photosynthesis chlorophyll,0.0
photosynthesis chlorophyll does,0.0
provide clear rationale,0.0
provide clear,0.0
photosynthesis nor,0.0
photosynthesis nor does,0.0
physical attributes to,0.0
oxygen for survival,0.0
physical contact,0.0
physical contact and,0.0
physical matter,0.0
physical matter such,0.0
planet or,0.0
planet or celestial,0.0
planet sized,0.0
planet sized object,0.0
planets,0.0
planets or,0.0
planets or celestial,0.0
provided if the,0.0
perception where the,0.0
provided in,0.0
perception where,0.0
oxygen from their,0.0
oxygen is not,0.0
oxygen is the,0.0
oxygen unlike,0.0
oxygen unlike all,0.0
particles of salt,0.0
particles when,0.0
particles when blown,0.0
passages,0.0
passages that,0.0
passages that are,0.0
patio setting would,0.0
paws or,0.0
paws or wings,0.0
people,0.0
people and,0.0
people and the,0.0
per hour equals,0.0
perceive and,0.0
perceive and feel,0.0
perceive and interpret,0.0
perception,0.0
provided in the,0.0
nail is,0.0
relation to,0.0
motion in,0.0
rotates on,0.0
day is,0.0
day is not,0.0
day night,0.0
day night cycle,0.0
death,0.0
death rate,0.0
deformed,0.0
differentiate,0.0
rose are made,0.0
rose are,0.0
differentiate between,0.0
roots therefore the,0.0
minutes in day,0.0
roots of plant,0.0
roots of,0.0
roots and wind,0.0
roots and,0.0
dirt,0.0
dirt and,0.0
rotates,0.0
rotates on its,0.0
role in photosynthesis,0.0
rotation,0.0
celled organism,0.0
celled organism meaning,0.0
safely,0.0
runs over an,0.0
runs over,0.0
runs,0.0
cells or,0.0
cells or organs,0.0
coldness,0.0
coldness and,0.0
come,0.0
come from,0.0
come from the,0.0
composition,0.0
composition of,0.0
composition of sleet,0.0
rotation on its,0.0
conditions for plant,0.0
rotation on,0.0
dirt and stones,0.0
does not come,0.0
safely as it,0.0
get,0.0
given options,0.0
grass,0.0
grass dirt,0.0
grass dirt and,0.0
green structures that,0.0
result in decrease,0.0
greenhouse would not,0.0
responsible for transmitting,0.0
responsible for sending,0.0
responsible for absorbing,0.0
heat energy to,0.0
high temperatures,0.0
high temperatures and,0.0
hour day,0.0
how to,0.0
in an,0.0
in an hour,0.0
in areas,0.0
in areas with,0.0
resulting in air,0.0
resulting in normal,0.0
rises and warm,0.0
resulting in the,0.0
dog,0.0
rises and,0.0
rises,0.0
duration,0.0
duration of,0.0
rise in the,0.0
rise in,0.0
right,0.0
estimate,0.0
for plant growth,0.0
revised to reflect,0.0
revised to,0.0
revised,0.0
formed from,0.0
results in rise,0.0
results in,0.0
results,0.0
from the brain,0.0
from the roots,0.0
safely as,0.0
celled,0.0
in the death,0.0
and stones,0.0
answer is the,0.0
anthill surface,0.0
are 60,0.0
are 60 minutes,0.0
are responsible,0.0
are responsible for,0.0
are single,0.0
are single celled,0.0
areas with,0.0
sculpture that converts,0.0
sculpture that,0.0
sculpture not light,0.0
sculpture not,0.0
sculpture christmas tree,0.0
sculpture christmas,0.0
sculpture,0.0
scorpions get their,0.0
scorpions get,0.0
scorpions,0.0
and stones are,0.0
and low moisture,0.0
scientifically valid estimate,0.0
and interpret the,0.0
1440 minutes however,0.0
24 24,0.0
24 24 24,0.0
24 60,0.0
24 hour,0.0
24 hour day,0.0
60 minutes in,0.0
acid rain or,0.0
actual,0.0
against the,0.0
allow plants,0.0
allow plants to,0.0
allowing us,0.0
allowing us to,0.0
amount of matter,0.0
an anthill,0.0
an hour,0.0
and form,0.0
and interpret,0.0
areas with high,0.0
scientifically valid,0.0
salt also,0.0
brain,0.0
salt the,0.0
salt such as,0.0
salt such,0.0
brain allowing,0.0
brain allowing us,0.0
brain to,0.0
brain to the,0.0
can cause the,0.0
can specialize,0.0
can specialize in,0.0
salt crystals to,0.0
salt crystals,0.0
cause the,0.0
caused,0.0
caused by,0.0
caused by the,0.0
celestial,0.0
celestial bodies,0.0
salt also known,0.0
salt the nail,0.0
blades,0.0
scientifically,0.0
saltwater against,0.0
as earth,0.0
as it refers,0.0
as nickel,0.0
scenario and likely,0.0
scenario and,0.0
as the nail,0.0
scavengers such as,0.0
scavengers such,0.0
axis,0.0
be little,0.0
be little to,0.0
satisfy that condition,0.0
satisfy that,0.0
satisfy,0.0
because journal,0.0
because when lawnmower,0.0
saltwater as the,0.0
saltwater as,0.0
saltwater against the,0.0
in the anthill,0.0
roots therefore,0.0
primary component of,0.0
light source,0.0
is not 24,0.0
is the other,0.0
low moisture,0.0
is typically produced,0.0
little to no,0.0
it can cause,0.0
little to,0.0
little,0.0
light under normal,0.0
require oxygen for,0.0
require sunlight,0.0
require sunlight to,0.0
light under,0.0
lawnmower runs over,0.0
resources or ability,0.0
interpret,0.0
required for,0.0
it refers,0.0
required for but,0.0
it refers to,0.0
resources grass,0.0
information provided,0.0
resources grass dirt,0.0
required for journal,0.0
lawnmower runs,0.0
journal is typically,0.0
it would not,0.0
its axis,0.0
resources or,0.0
made of metal,0.0
individuals,0.0
reproduction or metabolism,0.0
minutes in an,0.0
reproduction,0.0
reproduction as long,0.0
minutes however,0.0
meaning they do,0.0
reproduction or,0.0
is because journal,0.0
resistance producing materials,0.0
resistance producing,0.0
resistance or resistance,0.0
resistance or,0.0
matter such as,0.0
matter such,0.0
is natural process,0.0
journal is,0.0
reproduction this can,0.0
requires sustenance,0.0
main,0.0
requires substantial,0.0
resistance,0.0
interpret the,0.0
requires substantial amount,0.0
mammals are single,0.0
requires sustenance it,0.0
oxygen by,-2.168404344971009e-19
this process the,-2.168404344971009e-19
the platypus can,-2.168404344971009e-19
the platypus is,-2.168404344971009e-19
water diffuses,-2.168404344971009e-19
oxygen by using,-2.168404344971009e-19
water diffuses into,-2.168404344971009e-19
the oxygen poor,-2.168404344971009e-19
oxygen however,-2.168404344971009e-19
similar to how,-2.168404344971009e-19
can live without,-2.168404344971009e-19
oxygen however it,-2.168404344971009e-19
without oxygen by,-2.168404344971009e-19
to breathe without,-2.168404344971009e-19
poor water,-2.168404344971009e-19
process the oxygen,-2.168404344971009e-19
process the,-2.168404344971009e-19
poor water diffuses,-2.168404344971009e-19
process is similar,-2.168404344971009e-19
without oxygen however,-2.168404344971009e-19
oxygen poor,-2.168404344971009e-19
without oxygen this,-2.168404344971009e-19
to how certain,-2.168404344971009e-19
worth,-2.168404344971009e-19
worth noting,-2.168404344971009e-19
worth noting that,-2.168404344971009e-19
to how,-2.168404344971009e-19
platypus is mammal,-2.168404344971009e-19
platypus is,-2.168404344971009e-19
platypus can breathe,-2.168404344971009e-19
platypus can,-2.168404344971009e-19
live without oxygen,-2.168404344971009e-19
live without,-2.168404344971009e-19
noting,-2.168404344971009e-19
noting that,-2.168404344971009e-19
using form,-2.168404344971009e-19
through its skin,-2.168404344971009e-19
whales and dolphins,-2.168404344971009e-19
through its entire,-2.168404344971009e-19
the lungs of,-2.168404344971009e-19
whales and,-2.168404344971009e-19
whales,-2.168404344971009e-19
of the animals,-2.168404344971009e-19
oxygen poor water,-2.168404344971009e-19
using form of,-2.168404344971009e-19
include,-2.168404344971009e-19
group,-2.168404344971009e-19
skin and,-2.168404344971009e-19
underwater,-2.168404344971009e-19
skin and not,-2.168404344971009e-19
underwater without,-2.168404344971009e-19
of respiration called,-2.168404344971009e-19
underwater without oxygen,-2.168404344971009e-19
them to breathe,-2.168404344971009e-19
respiration called diffusion,-2.168404344971009e-19
respiration called,-2.168404344971009e-19
group of,-2.168404344971009e-19
the state of,-3.1848438816761693e-19
the state,-3.1848438816761693e-19
is given and,-4.336808689942018e-19
source of light,-4.336808689942018e-19
platypus,-4.336808689942018e-19
as it can,-4.336808689942018e-19
the platypus,-4.336808689942018e-19
lights can be,-4.336808689942018e-19
through its,-4.336808689942018e-19
can fill,-4.336808689942018e-19
given and,-4.336808689942018e-19
there would,-4.336808689942018e-19
can fill any,-4.336808689942018e-19
there would be,-4.336808689942018e-19
typically the,-8.673617379884035e-19
the skunk,-8.673617379884035e-19
the movement and,-8.673617379884035e-19
plate,-8.673617379884035e-19
birds that,-8.673617379884035e-19
plates beneath the,-8.673617379884035e-19
plates beneath,-8.673617379884035e-19
typically the ultimate,-8.673617379884035e-19
of tectonic plates,-8.673617379884035e-19
plate like features,-8.673617379884035e-19
or ice rather,-8.673617379884035e-19
plate like,-8.673617379884035e-19
because canyons are,-8.673617379884035e-19
rather than by,-8.673617379884035e-19
because canyons,-8.673617379884035e-19
typically associated,-8.673617379884035e-19
the creation of,-8.673617379884035e-19
the creation,-8.673617379884035e-19
waterfalls and forests,-8.673617379884035e-19
water wind or,-8.673617379884035e-19
because the question,-8.673617379884035e-19
water wind,-8.673617379884035e-19
of tectonic,-8.673617379884035e-19
steep narrow,-8.673617379884035e-19
typically associated with,-8.673617379884035e-19
which are ideal,-8.673617379884035e-19
is no,-8.673617379884035e-19
not typically associated,-8.673617379884035e-19
the earth surface,-8.673617379884035e-19
steep,-8.673617379884035e-19
or ice,-8.673617379884035e-19
steep narrow valleys,-8.673617379884035e-19
valleys,-8.673617379884035e-19
metal,-8.673617379884035e-19
variety of,-8.673617379884035e-19
surface these,-8.673617379884035e-19
surface these plate,-8.673617379884035e-19
often formed by,-8.673617379884035e-19
with the creation,-8.673617379884035e-19
tectonic plates beneath,-8.673617379884035e-19
tectonic,-8.673617379884035e-19
is because canyons,-8.673617379884035e-19
tectonic plates,-8.673617379884035e-19
therefore the ultimate,-8.673617379884035e-19
often formed,-8.673617379884035e-19
wind or,-8.673617379884035e-19
wind or ice,-8.673617379884035e-19
variety,-8.673617379884035e-19
valleys which,-8.673617379884035e-19
of water wind,-8.673617379884035e-19
narrow,-8.673617379884035e-19
these plate like,-8.673617379884035e-19
processes therefore the,-8.673617379884035e-19
processes therefore,-8.673617379884035e-19
they are often,-8.673617379884035e-19
these plate,-8.673617379884035e-19
valleys which are,-8.673617379884035e-19
because an owl,-9.75781955236954e-19
is warm blooded,-9.75781955236954e-19
owl is warm,-9.75781955236954e-19
that it,-9.75781955236954e-19
warm blooded it,-9.75781955236954e-19
retain it,-9.75781955236954e-19
retain it body,-9.75781955236954e-19
the energy for,-1.0842021724855044e-18
such as solar,-1.0842021724855044e-18
photosynthesis or through,-1.0842021724855044e-18
such as reusing,-1.0842021724855044e-18
not play role,-1.0842021724855044e-18
photosynthesis or,-1.0842021724855044e-18
only absorbs,-1.0842021724855044e-18
through natural,-1.0842021724855044e-18
through natural processes,-1.0842021724855044e-18
solar energy,-1.0842021724855044e-18
solar energy wind,-1.0842021724855044e-18
period,-1.0842021724855044e-18
to grow bee,-1.0842021724855044e-18
period of,-1.0842021724855044e-18
period of time,-1.0842021724855044e-18
resources meaning they,-1.0842021724855044e-18
provide the energy,-1.0842021724855044e-18
non renewable resources,-1.0842021724855044e-18
short period of,-1.0842021724855044e-18
short,-1.0842021724855044e-18
photosynthesis it,-1.0842021724855044e-18
photosynthesis it only,-1.0842021724855044e-18
short period,-1.0842021724855044e-18
replenished through natural,-1.0842021724855044e-18
of time in,-1.0842021724855044e-18
sunlight for energy,-1.0842021724855044e-18
to carry out,-1.0842021724855044e-18
one that can,-1.0842021724855044e-18
pollination and bee,-1.0842021724855044e-18
pollination and,-1.0842021724855044e-18
pollination,-1.0842021724855044e-18
processes like photosynthesis,-1.0842021724855044e-18
sunlight for,-1.0842021724855044e-18
time in,-1.0842021724855044e-18
wind energy water,-1.0842021724855044e-18
renewable resource as,-1.0842021724855044e-18
wind energy or,-1.0842021724855044e-18
plates are non,-1.0842021724855044e-18
replenished naturally over,-1.0842021724855044e-18
renewable resources meaning,-1.0842021724855044e-18
tree to carry,-1.0842021724855044e-18
process of photosynthesis,-1.0842021724855044e-18
recycling,-1.0842021724855044e-18
tree to,-1.0842021724855044e-18
while necessary for,-1.0842021724855044e-18
while necessary,-1.0842021724855044e-18
time such as,-1.0842021724855044e-18
time such,-1.0842021724855044e-18
recycling the,-1.0842021724855044e-18
plant to grow,-1.0842021724855044e-18
plant the tree,-1.0842021724855044e-18
plant the,-1.0842021724855044e-18
time in contrast,-1.0842021724855044e-18
recycling the paper,-1.0842021724855044e-18
replenished through,-1.0842021724855044e-18
replenished naturally in,-1.0842021724855044e-18
they can not,-1.0842021724855044e-18
only absorbs sunlight,-1.0842021724855044e-18
photosynthesis requires specific,-1.0842021724855044e-18
resources meaning,-1.0842021724855044e-18
the paper,-1.0842021724855044e-18
way to,-1.0842021724855044e-18
over time such,-1.0842021724855044e-18
reusing,-1.0842021724855044e-18
reusing or,-1.0842021724855044e-18
reusing or recycling,-1.0842021724855044e-18
requires specific,-1.0842021724855044e-18
out the process,-1.0842021724855044e-18
out the,-1.0842021724855044e-18
requires specific type,-1.0842021724855044e-18
out photosynthesis it,-1.0842021724855044e-18
rainfall while necessary,-1.0842021724855044e-18
rainfall while,-1.0842021724855044e-18
of photosynthesis daffodil,-1.0842021724855044e-18
or water in,-1.0842021724855044e-18
or water,-1.0842021724855044e-18
of photosynthesis the,-1.0842021724855044e-18
or through human,-1.0842021724855044e-18
or through,-1.0842021724855044e-18
of plant the,-1.0842021724855044e-18
role in pollination,-1.0842021724855044e-18
or recycling the,-1.0842021724855044e-18
or recycling,-1.0842021724855044e-18
the tree to,-1.0842021724855044e-18
resource is one,-1.0842021724855044e-18
of rainfall while,-1.0842021724855044e-18
does not play,-1.0842021724855044e-18
resource as,-1.0842021724855044e-18
resource as it,-1.0842021724855044e-18
this case notebook,-1.0842021724855044e-18
the paper in,-1.0842021724855044e-18
paper is renewable,-1.0842021724855044e-18
through human,-1.0842021724855044e-18
through human intervention,-1.0842021724855044e-18
paper in contrast,-1.0842021724855044e-18
specific type of,-1.0842021724855044e-18
specific type,-1.0842021724855044e-18
the digestion,-1.1926223897340549e-18
responsible for the,-1.1926223897340549e-18
responsible,-1.1926223897340549e-18
order,-1.1926223897340549e-18
proteins,-1.1926223897340549e-18
proteins it,-1.1926223897340549e-18
proteins it breaks,-1.1926223897340549e-18
smaller more,-1.1926223897340549e-18
process of dissolution,-1.1926223897340549e-18
shape,-1.1926223897340549e-18
of fats,-1.1926223897340549e-18
responsible for,-1.1926223897340549e-18
the digestion of,-1.1926223897340549e-18
of fats and,-1.1926223897340549e-18
the liver,-1.1926223897340549e-18
the liver is,-1.1926223897340549e-18
smaller more digestible,-1.1926223897340549e-18
is because bitcoin,-1.328147661294743e-18
operation requires,-1.328147661294743e-18
tool used,-1.328147661294743e-18
bitcoin operation requires,-1.328147661294743e-18
because bitcoin,-1.328147661294743e-18
because bitcoin operation,-1.328147661294743e-18
over the,-1.5178830414797062e-18
process can,-1.5720931501039814e-18
this process can,-1.5720931501039814e-18
substance used,-1.734723475976807e-18
necessarily,-1.734723475976807e-18
formed by,-1.734723475976807e-18
in many,-1.734723475976807e-18
enabling the,-1.734723475976807e-18
conditioning,-1.734723475976807e-18
insects,-1.734723475976807e-18
not necessarily,-1.734723475976807e-18
the ultimate source,-1.734723475976807e-18
decrease,-1.734723475976807e-18
ultimate,-1.734723475976807e-18
the ultimate,-1.734723475976807e-18
not produce,-1.734723475976807e-18
decrease in,-1.734723475976807e-18
skunk,-1.734723475976807e-18
formed by the,-1.734723475976807e-18
ultimate source of,-1.734723475976807e-18
ultimate source,-1.734723475976807e-18
sneezing in the,-1.8431436932253575e-18
where they can,-1.8431436932253575e-18
where they,-1.8431436932253575e-18
through various natural,-1.8431436932253575e-18
the parent plant,-1.8431436932253575e-18
spread,-1.8431436932253575e-18
the dog sneezing,-1.8431436932253575e-18
to spread away,-1.8431436932253575e-18
spread away from,-1.8431436932253575e-18
seed dispersal allowing,-1.8431436932253575e-18
parent plant in,-1.8431436932253575e-18
of the air,-1.8431436932253575e-18
various natural means,-1.8431436932253575e-18
such as dog,-1.8431436932253575e-18
various natural,-1.8431436932253575e-18
they can germinate,-1.8431436932253575e-18
to spread,-1.8431436932253575e-18
sneezing in field,-1.8431436932253575e-18
this disruption,-1.8431436932253575e-18
this disruption of,-1.8431436932253575e-18
process is common,-1.8431436932253575e-18
parent plant,-1.8431436932253575e-18
spread away,-1.8431436932253575e-18
the plants can,-1.8431436932253575e-18
plant in this,-1.8431436932253575e-18
the field,-1.8431436932253575e-18
plants can lead,-1.8431436932253575e-18
the field can,-1.8431436932253575e-18
seeds to spread,-1.8431436932253575e-18
of plant that,-1.8973538018496328e-18
plant that,-1.8973538018496328e-18
plant that does,-1.8973538018496328e-18
answer is not,-1.951563910473908e-18
influenced by,-1.951563910473908e-18
influenced,-1.951563910473908e-18
be replenished naturally,-2.168404344971009e-18
bee does not,-2.168404344971009e-18
naturally,-2.168404344971009e-18
torrential,-2.168404344971009e-18
appearance of,-2.168404344971009e-18
time due to,-2.168404344971009e-18
appearance,-2.168404344971009e-18
wind energy,-2.168404344971009e-18
because thermal,-2.168404344971009e-18
bee does,-2.168404344971009e-18
is because thermal,-2.168404344971009e-18
torrential amount of,-2.168404344971009e-18
of rainfall,-2.168404344971009e-18
torrential amount,-2.168404344971009e-18
time due,-2.168404344971009e-18
absorbed by,-2.168404344971009e-18
replenished naturally,-2.168404344971009e-18
of photosynthesis,-2.168404344971009e-18
amount of rainfall,-2.168404344971009e-18
of matter,-2.3852447794681098e-18
state of matter,-2.3852447794681098e-18
because when fluid,-2.6020852139652106e-18
learn,-2.6020852139652106e-18
is more,-2.6020852139652106e-18
with each,-2.6020852139652106e-18
the presence,-2.6020852139652106e-18
each other,-2.6020852139652106e-18
with each other,-2.6020852139652106e-18
presence of,-2.6020852139652106e-18
part of their,-2.6020852139652106e-18
observation,-2.6020852139652106e-18
just,-2.6020852139652106e-18
the presence of,-2.6020852139652106e-18
require sustenance,-2.6020852139652106e-18
to learn,-2.6020852139652106e-18
impossible,-2.8189256484623115e-18
impossible to,-2.8189256484623115e-18
bee,-3.0357660829594124e-18
because all,-3.2526065174565133e-18
would depend on,-3.469446951953614e-18
allow them,-3.469446951953614e-18
adequate,-3.469446951953614e-18
and volume,-3.469446951953614e-18
would depend,-3.469446951953614e-18
allow them to,-3.469446951953614e-18
in contrast to,-3.469446951953614e-18
and are not,-3.469446951953614e-18
this is in,-3.469446951953614e-18
is in contrast,-3.469446951953614e-18
availability,-3.469446951953614e-18
green structures,-3.469446951953614e-18
note that the,-3.469446951953614e-18
the plant,-3.469446951953614e-18
left,-3.469446951953614e-18
is in,-3.469446951953614e-18
not relevant,-3.469446951953614e-18
depend on the,-3.469446951953614e-18
contrast to,-3.469446951953614e-18
the seeds being,-3.686287386450715e-18
to the seeds,-3.686287386450715e-18
being dispersed,-3.686287386450715e-18
provide any,-3.686287386450715e-18
not provide any,-3.686287386450715e-18
context about,-3.686287386450715e-18
it impossible,-3.686287386450715e-18
dog sneezing,-3.686287386450715e-18
new location,-3.686287386450715e-18
dog sneezing in,-3.686287386450715e-18
being dispersed to,-3.686287386450715e-18
any context,-3.686287386450715e-18
making it impossible,-3.686287386450715e-18
provide any context,-3.686287386450715e-18
to new location,-3.686287386450715e-18
impossible to determine,-3.686287386450715e-18
sneezing,-3.686287386450715e-18
field,-3.686287386450715e-18
any context about,-3.686287386450715e-18
sneezing in,-3.686287386450715e-18
seeds being,-3.686287386450715e-18
seeds being dispersed,-3.686287386450715e-18
it impossible to,-3.686287386450715e-18
dispersed to new,-3.686287386450715e-18
dispersed to,-3.686287386450715e-18
of minutes in,-3.903127820947816e-18
number of minutes,-3.903127820947816e-18
asks for the,-3.903127820947816e-18
is 1440 minutes,-3.903127820947816e-18
minutes in,-3.903127820947816e-18
24 hours but,-3.903127820947816e-18
is 1440,-3.903127820947816e-18
that there,-3.903127820947816e-18
the question and,-3.903127820947816e-18
hours but rather,-3.903127820947816e-18
hours but,-3.903127820947816e-18
that there are,-3.903127820947816e-18
around the,-3.903127820947816e-18
higher,-3.903127820947816e-18
which is 24,-3.903127820947816e-18
of minutes,-3.903127820947816e-18
and how,-3.903127820947816e-18
1440,-3.903127820947816e-18
question and the,-3.903127820947816e-18
rather how,-3.903127820947816e-18
1440 minutes,-3.903127820947816e-18
question and,-3.903127820947816e-18
so the answer,-3.903127820947816e-18
rather how many,-3.903127820947816e-18
the ability to,-4.119968255444917e-18
stringed,-4.336808689942018e-18
does not allow,-4.336808689942018e-18
predator as,-4.336808689942018e-18
paw is,-4.336808689942018e-18
capture,-4.336808689942018e-18
use its paws,-4.336808689942018e-18
broadcast concert,-4.336808689942018e-18
boggy,-4.336808689942018e-18
undergo photosynthesis,-4.336808689942018e-18
to grasp or,-4.336808689942018e-18
stringed musical,-4.336808689942018e-18
tear apart or,-4.336808689942018e-18
stringed musical instrument,-4.336808689942018e-18
to kill,-4.336808689942018e-18
tear apart,-4.336808689942018e-18
predator as it,-4.336808689942018e-18
predator does,-4.336808689942018e-18
predator does not,-4.336808689942018e-18
predator killing,-4.336808689942018e-18
predator killing prey,-4.336808689942018e-18
talons to tear,-4.336808689942018e-18
predator like,-4.336808689942018e-18
predator like hawk,-4.336808689942018e-18
predator to actually,-4.336808689942018e-18
where the,-4.336808689942018e-18
or use its,-4.336808689942018e-18
to kill prey,-4.336808689942018e-18
leave the,-4.336808689942018e-18
them to hunt,-4.336808689942018e-18
option batting,-4.336808689942018e-18
option batting with,-4.336808689942018e-18
option because,-4.336808689942018e-18
option because predator,-4.336808689942018e-18
option clasping,-4.336808689942018e-18
option clasping in,-4.336808689942018e-18
to tear,-4.336808689942018e-18
to tear apart,-4.336808689942018e-18
option for predator,-4.336808689942018e-18
leave,-4.336808689942018e-18
is released,-4.336808689942018e-18
talons is not,-4.336808689942018e-18
leave the water,-4.336808689942018e-18
paw is not,-4.336808689942018e-18
because mammals are,-4.336808689942018e-18
with paw,-4.336808689942018e-18
with paw is,-4.336808689942018e-18
into the air,-4.336808689942018e-18
or kill,-4.336808689942018e-18
or kill prey,-4.336808689942018e-18
or tear,-4.336808689942018e-18
mammals do,-4.336808689942018e-18
or use,-4.336808689942018e-18
to actually bathe,-4.336808689942018e-18
as it does,-4.336808689942018e-18
talons is,-4.336808689942018e-18
specialize in,-4.336808689942018e-18
paws to kill,-4.336808689942018e-18
context and,-4.336808689942018e-18
context and the,-4.336808689942018e-18
paws to,-4.336808689942018e-18
prey the other,-4.336808689942018e-18
the option clasping,-4.336808689942018e-18
paws,-4.336808689942018e-18
released,-4.336808689942018e-18
to actually,-4.336808689942018e-18
of predator,-4.336808689942018e-18
of predator killing,-4.336808689942018e-18
carnivorous mammal that,-4.336808689942018e-18
carnivorous mammal,-4.336808689942018e-18
carnivorous,-4.336808689942018e-18
the option batting,-4.336808689942018e-18
paw,-4.336808689942018e-18
valid option for,-4.336808689942018e-18
valid option because,-4.336808689942018e-18
patio is,-4.445228907190568e-18
plants in patio,-4.445228907190568e-18
patio can receive,-4.445228907190568e-18
where sunlight,-4.445228907190568e-18
shade provided,-4.445228907190568e-18
where sunlight can,-4.445228907190568e-18
shine,-4.445228907190568e-18
patio can,-4.445228907190568e-18
shine and plants,-4.445228907190568e-18
the shade provided,-4.445228907190568e-18
open area where,-4.445228907190568e-18
shade provided by,-4.445228907190568e-18
sunlight and can,-4.445228907190568e-18
receive,-4.445228907190568e-18
receive direct,-4.445228907190568e-18
receive direct sunlight,-4.445228907190568e-18
open area,-4.445228907190568e-18
patio is large,-4.445228907190568e-18
provided by the,-4.445228907190568e-18
open greenhouse plants,-4.445228907190568e-18
sunlight can,-4.445228907190568e-18
sunlight can shine,-4.445228907190568e-18
shine and,-4.445228907190568e-18
context of the,-4.553649124439119e-18
of the question,-4.553649124439119e-18
it could,-4.607859233063394e-18
it is likely,-4.607859233063394e-18
commonly used in,-4.7704895589362195e-18
their environment and,-4.7704895589362195e-18
to their environment,-4.7704895589362195e-18
surroundings which,-4.7704895589362195e-18
plants that do,-4.7704895589362195e-18
range,-4.7704895589362195e-18
through play exploration,-4.7704895589362195e-18
that they do,-4.7704895589362195e-18
social interactions,-4.7704895589362195e-18
through observation imitation,-4.7704895589362195e-18
play exploration and,-4.7704895589362195e-18
play exploration,-4.7704895589362195e-18
through experience,-4.7704895589362195e-18
through experience practice,-4.7704895589362195e-18
while plants and,-4.7704895589362195e-18
while plants,-4.7704895589362195e-18
specialize in walking,-4.7704895589362195e-18
through observation,-4.7704895589362195e-18
through play,-4.7704895589362195e-18
social interactions which,-4.7704895589362195e-18
which are used,-4.7704895589362195e-18
surroundings which would,-4.7704895589362195e-18
them capable of,-4.7704895589362195e-18
them capable,-4.7704895589362195e-18
which would suggest,-4.7704895589362195e-18
their surroundings which,-4.7704895589362195e-18
range of behaviors,-4.7704895589362195e-18
range of,-4.7704895589362195e-18
silver and gold,-4.7704895589362195e-18
or their,-4.7704895589362195e-18
which are acquired,-4.7704895589362195e-18
paper commonly,-4.7704895589362195e-18
renewable and wood,-4.7704895589362195e-18
practice and,-4.7704895589362195e-18
practice and conditioning,-4.7704895589362195e-18
experience,-4.7704895589362195e-18
protozoa are plants,-4.7704895589362195e-18
renewable leaves,-4.7704895589362195e-18
other or,-4.7704895589362195e-18
other or their,-4.7704895589362195e-18
not possess,-4.7704895589362195e-18
would suggest that,-4.7704895589362195e-18
would suggest,-4.7704895589362195e-18
qualm,-4.7704895589362195e-18
qualm about,-4.7704895589362195e-18
qualm about walking,-4.7704895589362195e-18
qualms,-4.7704895589362195e-18
qualms about,-4.7704895589362195e-18
renewable leaves are,-4.7704895589362195e-18
rocks are,-4.7704895589362195e-18
qualms about swimming,-4.7704895589362195e-18
rocks are non,-4.7704895589362195e-18
do not possess,-4.7704895589362195e-18
shiny metallic paper,-4.7704895589362195e-18
protozoa are,-4.7704895589362195e-18
unacquainted with each,-4.7704895589362195e-18
park dolphins aquarium,-4.7704895589362195e-18
to make silver,-4.7704895589362195e-18
silver and,-4.7704895589362195e-18
and there,-4.7704895589362195e-18
possess,-4.7704895589362195e-18
or their surroundings,-4.7704895589362195e-18
possess learned,-4.7704895589362195e-18
possess learned behaviors,-4.7704895589362195e-18
silver,-4.7704895589362195e-18
walking while plants,-4.7704895589362195e-18
to learn through,-4.7704895589362195e-18
walking while,-4.7704895589362195e-18
wood is non,-4.7704895589362195e-18
to have diverse,-4.7704895589362195e-18
suggest that they,-4.7704895589362195e-18
renewable and,-4.7704895589362195e-18
suggest that,-4.7704895589362195e-18
suggest,-4.7704895589362195e-18
unacquainted,-4.7704895589362195e-18
paper commonly used,-4.7704895589362195e-18
unacquainted with,-4.7704895589362195e-18
practice,-4.7704895589362195e-18
is pressed to,-4.87890977618477e-18
salt it,-4.87890977618477e-18
salt and when,-4.87890977618477e-18
salt it will,-4.87890977618477e-18
to salt it,-4.87890977618477e-18
become malleable,-4.87890977618477e-18
is made of,-4.87890977618477e-18
will become,-4.87890977618477e-18
will become malleable,-4.87890977618477e-18
pressed to salt,-4.87890977618477e-18
colder,-4.9873299934333204e-18
the chandelier,-5.095750210681871e-18
product that can,-5.095750210681871e-18
product,-5.095750210681871e-18
product that,-5.095750210681871e-18
the chandelier is,-5.095750210681871e-18
tree are all,-5.204170427930421e-18
tree are inanimate,-5.204170427930421e-18
plant in the,-5.204170427930421e-18
the seeds to,-5.204170427930421e-18
rays which,-5.204170427930421e-18
the plant in,-5.204170427930421e-18
the air around,-5.204170427930421e-18
is common method,-5.204170427930421e-18
are all examples,-5.204170427930421e-18
photosynthesis in contrast,-5.204170427930421e-18
of seed dispersal,-5.204170427930421e-18
rays which are,-5.204170427930421e-18
photosynthesis requires plants,-5.204170427930421e-18
fabric,-5.204170427930421e-18
die,-5.204170427930421e-18
of seed,-5.204170427930421e-18
air around,-5.204170427930421e-18
air around the,-5.204170427930421e-18
all examples,-5.204170427930421e-18
make the shiny,-5.204170427930421e-18
requires this,-5.204170427930421e-18
requires this energy,-5.204170427930421e-18
allowing the seeds,-5.204170427930421e-18
photosynthesis whereas bee,-5.204170427930421e-18
photosynthesis whereas,-5.204170427930421e-18
photosynthesis in,-5.204170427930421e-18
undergo photosynthesis whereas,-5.204170427930421e-18
sun rays which,-5.204170427930421e-18
common method,-5.204170427930421e-18
undergo photosynthesis in,-5.204170427930421e-18
requires plants,-5.204170427930421e-18
around the plants,-5.204170427930421e-18
to survive,-5.204170427930421e-18
method of seed,-5.204170427930421e-18
accurately answer the,-5.204170427930421e-18
method of,-5.204170427930421e-18
conduct,-5.204170427930421e-18
method,-5.204170427930421e-18
to light,-5.204170427930421e-18
plant requires this,-5.204170427930421e-18
plant requires,-5.204170427930421e-18
whereas bee torrential,-5.204170427930421e-18
whereas bee,-5.204170427930421e-18
of light energy,-5.204170427930421e-18
common method of,-5.204170427930421e-18
requires plants to,-5.204170427930421e-18
note,-5.204170427930421e-18
good conductors of,-5.204170427930421e-18
seeds to,-5.204170427930421e-18
to make the,-5.204170427930421e-18
which are absorbed,-5.204170427930421e-18
this energy to,-5.204170427930421e-18
this energy,-5.204170427930421e-18
good conductors,-5.204170427930421e-18
undergo photosynthesis daffodil,-5.204170427930421e-18
hand are not,-5.421010862427522e-18
organisms or organic,-5.637851296924623e-18
something living requires,-5.637851296924623e-18
rich,-5.637851296924623e-18
out nutrients through,-5.637851296924623e-18
organisms or,-5.637851296924623e-18
does not require,-5.637851296924623e-18
or organic matter,-5.637851296924623e-18
rich foods in,-5.637851296924623e-18
other options would,-5.637851296924623e-18
organic matter to,-5.637851296924623e-18
other means,-5.637851296924623e-18
whereas the,-5.637851296924623e-18
rich foods,-5.637851296924623e-18
when something living,-5.637851296924623e-18
or organic,-5.637851296924623e-18
which can provide,-5.637851296924623e-18
whereas the other,-5.637851296924623e-18
other means in,-5.637851296924623e-18
something living,-5.637851296924623e-18
to animals that,-5.637851296924623e-18
options would,-5.637851296924623e-18
would rather,-5.637851296924623e-18
which would rather,-5.637851296924623e-18
would rather consume,-5.637851296924623e-18
to animals,-5.637851296924623e-18
the necessary energy,-5.637851296924623e-18
sustenance would likely,-5.637851296924623e-18
sustenance would,-5.637851296924623e-18
sustenance which would,-5.637851296924623e-18
sustenance which,-5.637851296924623e-18
of nutrients such,-5.637851296924623e-18
rather consume energy,-5.637851296924623e-18
sustenance it will,-5.637851296924623e-18
absorb the,-5.637851296924623e-18
through other means,-5.637851296924623e-18
through other,-5.637851296924623e-18
rather consume,-5.637851296924623e-18
are absorbed,-5.637851296924623e-18
is made from,-5.637851296924623e-18
options would likely,-5.637851296924623e-18
would likely consume,-5.637851296924623e-18
solid metal,-5.637851296924623e-18
matter to,-5.637851296924623e-18
which is solid,-5.637851296924623e-18
to absorb the,-5.637851296924623e-18
require sustenance would,-5.637851296924623e-18
would likely seek,-5.637851296924623e-18
require sustenance which,-5.637851296924623e-18
sediment to,-5.719166459861036e-18
sediment to accumulate,-5.719166459861036e-18
oxygen are,-6.071532165918825e-18
some organisms such,-6.071532165918825e-18
role in the,-6.071532165918825e-18
measure,-6.071532165918825e-18
the statement carbon,-6.071532165918825e-18
photosynthesis they do,-6.071532165918825e-18
some organisms,-6.071532165918825e-18
photosynthesis they,-6.071532165918825e-18
others such as,-6.071532165918825e-18
others such,-6.071532165918825e-18
the statement,-6.071532165918825e-18
photosynthesis process,-6.071532165918825e-18
the rationale is,-6.071532165918825e-18
such as animals,-6.071532165918825e-18
oxygen are essential,-6.071532165918825e-18
photosynthesis others such,-6.071532165918825e-18
photosynthesis others,-6.071532165918825e-18
dioxide plays the,-6.071532165918825e-18
the photosynthesis process,-6.071532165918825e-18
choice is,-6.071532165918825e-18
the photosynthesis,-6.071532165918825e-18
role in animals,-6.071532165918825e-18
oxygen plays in,-6.071532165918825e-18
play the same,-6.071532165918825e-18
oxygen plays different,-6.071532165918825e-18
to absorb carbon,-6.071532165918825e-18
photosynthesis process of,-6.071532165918825e-18
others,-6.071532165918825e-18
plays the same,-6.071532165918825e-18
plants as,-6.071532165918825e-18
animals is accurate,-6.071532165918825e-18
process of plants,-6.071532165918825e-18
animals is,-6.071532165918825e-18
while both carbon,-6.071532165918825e-18
statement,-6.071532165918825e-18
while both,-6.071532165918825e-18
plants as oxygen,-6.071532165918825e-18
plays in animals,-6.071532165918825e-18
statement carbon,-6.071532165918825e-18
statement carbon dioxide,-6.071532165918825e-18
plants therefore the,-6.071532165918825e-18
plants therefore,-6.071532165918825e-18
therefore the statement,-6.071532165918825e-18
is accurate,-6.071532165918825e-18
plays the,-6.071532165918825e-18
in animals is,-6.071532165918825e-18
plants and oxygen,-6.071532165918825e-18
plays different,-6.071532165918825e-18
play the,-6.071532165918825e-18
that do not,-6.071532165918825e-18
while some organisms,-6.071532165918825e-18
plays in,-6.071532165918825e-18
while some,-6.071532165918825e-18
plays crucial role,-6.071532165918825e-18
plays crucial,-6.071532165918825e-18
plays different role,-6.071532165918825e-18
plastic rulers,-6.1663998560113065e-18
rulers,-6.1663998560113065e-18
is because renewable,-6.1663998560113065e-18
because renewable,-6.1663998560113065e-18
waterfalls,-6.5052130349130266e-18
waterfalls and,-6.5052130349130266e-18
renewable resources,-6.5052130349130266e-18
of light,-6.5052130349130266e-18
rely,-6.7220534694101275e-18
rely on,-6.7220534694101275e-18
is the most,-6.830473686658678e-18
operation because,-6.830473686658678e-18
used to convert,-6.830473686658678e-18
operation because it,-6.830473686658678e-18
to convert bitcoins,-6.830473686658678e-18
is not,-6.938893903907228e-18
organisms for,-6.938893903907228e-18
the question does,-6.938893903907228e-18
many,-6.938893903907228e-18
other organisms for,-6.938893903907228e-18
to create,-6.938893903907228e-18
up,-6.938893903907228e-18
requires oxygen to,-6.938893903907228e-18
question does not,-6.938893903907228e-18
requires oxygen,-6.938893903907228e-18
question does,-6.938893903907228e-18
rationale is,-6.938893903907228e-18
thereby,-6.938893903907228e-18
possible,-6.938893903907228e-18
that are,-6.938893903907228e-18
hours,-6.938893903907228e-18
them this,-7.047314121155779e-18
are typically made,-7.15573433840433e-18
which are common,-7.15573433840433e-18
the question intends,-7.15573433840433e-18
to ask about,-7.15573433840433e-18
waterfalls and canyons,-7.15573433840433e-18
on the context,-7.15573433840433e-18
trees which are,-7.15573433840433e-18
question intends to,-7.15573433840433e-18
which is derived,-7.15573433840433e-18
question intends,-7.15573433840433e-18
the context and,-7.15573433840433e-18
to ask,-7.15573433840433e-18
specific definition of,-7.15573433840433e-18
specific definition,-7.15573433840433e-18
the specific definition,-7.15573433840433e-18
and they,-7.26415455565288e-18
presented in,-7.37257477290143e-18
because roses,-7.37257477290143e-18
sky,-7.37257477290143e-18
presented,-7.37257477290143e-18
presented in the,-7.37257477290143e-18
grow from,-7.37257477290143e-18
roots,-7.37257477290143e-18
is because roses,-7.37257477290143e-18
from the sky,-7.37257477290143e-18
plant in,-7.37257477290143e-18
the sky,-7.37257477290143e-18
falling,-7.37257477290143e-18
structures that grow,-7.37257477290143e-18
that grow from,-7.37257477290143e-18
through them easily,-7.535205098774256e-18
them easily,-7.535205098774256e-18
cause sediment,-7.589415207398531e-18
cause sediment to,-7.589415207398531e-18
will be evenly,-7.806255641895632e-18
pulled,-7.806255641895632e-18
the nail against,-7.806255641895632e-18
choices are,-7.806255641895632e-18
24 hours in,-7.806255641895632e-18
pulled apart or,-7.806255641895632e-18
the surrounding,-7.806255641895632e-18
the surrounding area,-7.806255641895632e-18
requirements,-7.806255641895632e-18
requirements of,-7.806255641895632e-18
surrounding,-7.806255641895632e-18
there are 24,-7.806255641895632e-18
fundamental,-7.806255641895632e-18
significantly affected by,-7.806255641895632e-18
dense,-7.806255641895632e-18
there are,-7.806255641895632e-18
significantly affected,-7.806255641895632e-18
pulled apart,-7.806255641895632e-18
minutes the,-7.806255641895632e-18
day so the,-7.806255641895632e-18
day so,-7.806255641895632e-18
surrounding area making,-7.806255641895632e-18
significantly,-7.806255641895632e-18
minutes are in,-7.806255641895632e-18
the nail and,-7.806255641895632e-18
choices are not,-7.806255641895632e-18
minutes are,-7.806255641895632e-18
the nail hardness,-7.806255641895632e-18
many minutes,-7.806255641895632e-18
surrounding area,-7.806255641895632e-18
how many minutes,-7.806255641895632e-18
which would not,-7.806255641895632e-18
the salt making,-7.806255641895632e-18
salt deposit,-7.806255641895632e-18
therefore pressing the,-7.806255641895632e-18
salt making it,-7.806255641895632e-18
are in 24,-7.806255641895632e-18
salt making,-7.806255641895632e-18
breathe,-7.806255641895632e-18
hours in,-7.806255641895632e-18
salt deposit the,-7.806255641895632e-18
salt distribution,-7.806255641895632e-18
because when fingernail,-7.806255641895632e-18
or malleable,-7.806255641895632e-18
therefore they can,-7.806255641895632e-18
other organisms,-7.806255641895632e-18
salt distribution the,-7.806255641895632e-18
making,-7.806255641895632e-18
to be pulled,-7.806255641895632e-18
when fingernail is,-7.806255641895632e-18
when fingernail,-7.806255641895632e-18
in day so,-7.806255641895632e-18
other options therefore,-7.806255641895632e-18
therefore pressing,-7.806255641895632e-18
or crushed this,-7.806255641895632e-18
or crushed,-7.806255641895632e-18
wet or malleable,-7.806255641895632e-18
are 24 hours,-7.806255641895632e-18
is pressed against,-7.806255641895632e-18
fingernail is pressed,-7.806255641895632e-18
salt will be,-7.806255641895632e-18
pressed against salt,-7.806255641895632e-18
hours in day,-7.806255641895632e-18
the salt will,-7.806255641895632e-18
options therefore,-7.806255641895632e-18
options therefore pressing,-7.806255641895632e-18
are 24,-7.806255641895632e-18
affected,-7.806255641895632e-18
to pressing the,-7.806255641895632e-18
pressed against,-7.806255641895632e-18
to pressing,-7.806255641895632e-18
of salt distribution,-7.806255641895632e-18
many minutes are,-7.806255641895632e-18
is fundamental,-7.806255641895632e-18
wet or,-7.806255641895632e-18
or malleable material,-7.806255641895632e-18
of land,-8.151845084375386e-18
puppigerus lives the,-8.151845084375386e-18
the marsh,-8.151845084375386e-18
the marsh ecosystem,-8.151845084375386e-18
specific context of,-8.151845084375386e-18
specific context,-8.151845084375386e-18
the specific context,-8.151845084375386e-18
on the specific,-8.151845084375386e-18
type of land,-8.151845084375386e-18
type of cat,-8.151845084375386e-18
puppigerus lives,-8.151845084375386e-18
the question therefore,-8.151845084375386e-18
of land therefore,-8.151845084375386e-18
the cat,-8.151845084375386e-18
such as bog,-8.151845084375386e-18
where the cat,-8.151845084375386e-18
where puppigerus lives,-8.151845084375386e-18
where puppigerus,-8.151845084375386e-18
the cat lives,-8.151845084375386e-18
sun is,-8.239936510889834e-18
predisposed to migrate,-8.239936510889834e-18
predisposed to,-8.239936510889834e-18
other options solar,-8.239936510889834e-18
predisposed,-8.239936510889834e-18
the energy used,-8.239936510889834e-18
used by skunk,-8.239936510889834e-18
them however,-8.239936510889834e-18
the energy requirements,-8.239936510889834e-18
option that,-8.239936510889834e-18
option that requires,-8.239936510889834e-18
winter as survival,-8.239936510889834e-18
them however it,-8.239936510889834e-18
options solar collector,-8.239936510889834e-18
to breathe making,-8.239936510889834e-18
of skunk,-8.239936510889834e-18
of skunk the,-8.239936510889834e-18
need,-8.239936510889834e-18
to the migratory,-8.239936510889834e-18
to escape from,-8.239936510889834e-18
we can not,-8.239936510889834e-18
the only option,-8.239936510889834e-18
so the rationale,-8.239936510889834e-18
we can,-8.239936510889834e-18
use energy the,-8.239936510889834e-18
options solar,-8.239936510889834e-18
may also,-8.239936510889834e-18
while we,-8.239936510889834e-18
to measure the,-8.239936510889834e-18
skunk requires oxygen,-8.239936510889834e-18
winter as,-8.239936510889834e-18
the sun is,-8.239936510889834e-18
skunk the other,-8.239936510889834e-18
only option,-8.239936510889834e-18
skunk the question,-8.239936510889834e-18
only option that,-8.239936510889834e-18
solar collector car,-8.239936510889834e-18
to migrate so,-8.239936510889834e-18
to migrate may,-8.239936510889834e-18
some,-8.239936510889834e-18
while we can,-8.239936510889834e-18
role in migration,-8.239936510889834e-18
to measure them,-8.239936510889834e-18
use energy while,-8.239936510889834e-18
well do,-8.239936510889834e-18
well do not,-8.239936510889834e-18
oil well,-8.239936510889834e-18
requirements of skunk,-8.239936510889834e-18
the migratory birds,-8.239936510889834e-18
the migratory,-8.239936510889834e-18
oil well do,-8.239936510889834e-18
velocity this,-8.348356728138384e-18
which implies,-8.348356728138384e-18
which implies decrease,-8.348356728138384e-18
often measure,-8.348356728138384e-18
often measure of,-8.348356728138384e-18
rate of change,-8.348356728138384e-18
velocity since speed,-8.348356728138384e-18
velocity is direct,-8.348356728138384e-18
velocity is,-8.348356728138384e-18
since speed is,-8.348356728138384e-18
speed this is,-8.348356728138384e-18
speed this,-8.348356728138384e-18
speed is often,-8.348356728138384e-18
speed if,-8.348356728138384e-18
speed if something,-8.348356728138384e-18
speed is,-8.348356728138384e-18
velocity since,-8.348356728138384e-18
forms,-8.348356728138384e-18
velocity this is,-8.348356728138384e-18
of how fast,-8.348356728138384e-18
resulting in decrease,-8.348356728138384e-18
in decrease in,-8.348356728138384e-18
when something is,-8.348356728138384e-18
of its speed,-8.348356728138384e-18
would have,-8.348356728138384e-18
would have lower,-8.348356728138384e-18
stopped object would,-8.348356728138384e-18
in decrease,-8.348356728138384e-18
stopped object,-8.348356728138384e-18
since speed,-8.348356728138384e-18
prey the option,-8.673617379884035e-18
tear,-8.673617379884035e-18
device,-8.673617379884035e-18
typically,-8.673617379884035e-18
not valid option,-8.673617379884035e-18
keys,-8.673617379884035e-18
for bitcoin,-8.673617379884035e-18
valid option,-8.673617379884035e-18
kill prey,-8.673617379884035e-18
likely,-8.673617379884035e-18
the option,-8.673617379884035e-18
kill prey the,-8.673617379884035e-18
factor,-8.673617379884035e-18
temperature therefore,-8.883681550803102e-18
temperature therefore the,-8.883681550803102e-18
of the plants,-8.890457814381136e-18
shade of the,-8.890457814381136e-18
shade of,-8.890457814381136e-18
grow in the,-8.890457814381136e-18
the shade of,-8.890457814381136e-18
the area in,-8.890457814381136e-18
can grow in,-8.890457814381136e-18
photosynthesis,-8.890457814381136e-18
area in,-8.890457814381136e-18
in the shade,-8.890457814381136e-18
they would,-8.944667923005412e-18
change of,-9.107298248878237e-18
associated with,-9.107298248878237e-18
not the correct,-9.107298248878237e-18
associated,-9.107298248878237e-18
is incorrect,-9.215718466126788e-18
is incorrect because,-9.215718466126788e-18
incorrect,-9.215718466126788e-18
incorrect because,-9.215718466126788e-18
is because an,-9.324138683375338e-18
because an,-9.324138683375338e-18
because an animal,-9.432558900623889e-18
using,-9.432558900623889e-18
saltwater crocodiles are,-9.540979117872439e-18
organisms but,-9.540979117872439e-18
solar collector,-9.540979117872439e-18
poor,-9.540979117872439e-18
for cooking,-9.540979117872439e-18
sustainable,-9.540979117872439e-18
we,-9.540979117872439e-18
used for cooking,-9.540979117872439e-18
walking,-9.540979117872439e-18
crocodiles are known,-9.540979117872439e-18
and conditioning,-9.540979117872439e-18
would not be,-9.540979117872439e-18
other organisms but,-9.540979117872439e-18
natural response,-9.540979117872439e-18
to cold,-9.540979117872439e-18
crocodiles are,-9.540979117872439e-18
resources,-9.540979117872439e-18
need to,-9.540979117872439e-18
is natural response,-9.540979117872439e-18
natural response to,-9.540979117872439e-18
because when something,-9.656175598699024e-18
when something,-9.656175598699024e-18
social structures which,-9.75781955236954e-18
whereas plants and,-9.75781955236954e-18
whereas plants,-9.75781955236954e-18
to specialize on,-9.75781955236954e-18
which allow,-9.75781955236954e-18
organs that,-9.75781955236954e-18
protozoa have,-9.75781955236954e-18
which allow them,-9.75781955236954e-18
salt will,-9.75781955236954e-18
the case with,-9.75781955236954e-18
organs that allow,-9.75781955236954e-18
protozoa this,-9.75781955236954e-18
them to specialize,-9.75781955236954e-18
to specialize different,-9.75781955236954e-18
protozoa have simpler,-9.75781955236954e-18
to specialize however,-9.75781955236954e-18
the case,-9.75781955236954e-18
therefore mammals,-9.75781955236954e-18
on different,-9.75781955236954e-18
protozoa this is,-9.75781955236954e-18
various environments,-9.75781955236954e-18
structures and can,-9.75781955236954e-18
to develop complex,-9.75781955236954e-18
to develop,-9.75781955236954e-18
simpler structures and,-9.75781955236954e-18
simpler structures,-9.75781955236954e-18
of tissues,-9.75781955236954e-18
structures which allow,-9.75781955236954e-18
specialize different,-9.75781955236954e-18
making them,-9.75781955236954e-18
on different functions,-9.75781955236954e-18
structures which,-9.75781955236954e-18
with plants,-9.75781955236954e-18
of tissues and,-9.75781955236954e-18
therefore mammals are,-9.75781955236954e-18
specialize therefore mammals,-9.75781955236954e-18
thrive in various,-9.75781955236954e-18
specialize therefore,-9.75781955236954e-18
specialize on different,-9.75781955236954e-18
various environments therefore,-9.75781955236954e-18
specialize on,-9.75781955236954e-18
specialize however mammals,-9.75781955236954e-18
specialize however,-9.75781955236954e-18
specialize different parts,-9.75781955236954e-18
with plants and,-9.75781955236954e-18
verge,-9.812029660993815e-18
verge of extinction,-9.812029660993815e-18
is because species,-9.812029660993815e-18
member is,-9.812029660993815e-18
the verge of,-9.812029660993815e-18
because species,-9.812029660993815e-18
because species that,-9.812029660993815e-18
species that has,-9.812029660993815e-18
the verge,-9.812029660993815e-18
has only living,-9.812029660993815e-18
has only,-9.812029660993815e-18
species can,-9.812029660993815e-18
member,-9.812029660993815e-18
on the verge,-9.812029660993815e-18
verge of,-9.812029660993815e-18
only living member,-9.812029660993815e-18
and species,-9.812029660993815e-18
living member is,-9.812029660993815e-18
living member,-9.812029660993815e-18
that has only,-9.812029660993815e-18
only living,-9.812029660993815e-18
the process by,-9.86623976961809e-18
is the process,-9.86623976961809e-18
by which,-9.86623976961809e-18
process by which,-9.86623976961809e-18
because puppigerus,-9.974659986866641e-18
is because puppigerus,-9.974659986866641e-18
bog,-9.974659986866641e-18
puppigerus is,-9.974659986866641e-18
because puppigerus is,-9.974659986866641e-18
of tree,-9.974659986866641e-18
not be able,-1.0083080204115191e-17
situation of all,-1.0191500421363742e-17
thus the population,-1.0191500421363742e-17
zebra implying that,-1.0191500421363742e-17
over time due,-1.0191500421363742e-17
to natural mortality,-1.0191500421363742e-17
them can,-1.0191500421363742e-17
would decrease over,-1.0191500421363742e-17
situation of,-1.0191500421363742e-17
zebras are sterile,-1.0191500421363742e-17
to natural,-1.0191500421363742e-17
the situation of,-1.0191500421363742e-17
species of,-1.0191500421363742e-17
zebra are,-1.0191500421363742e-17
zebra are not,-1.0191500421363742e-17
zebra would decrease,-1.0191500421363742e-17
of zebra would,-1.0191500421363742e-17
species of animals,-1.0191500421363742e-17
opposite,-1.0191500421363742e-17
question is incorrect,-1.0191500421363742e-17
zebra implying,-1.0191500421363742e-17
overpopulation is common,-1.0191500421363742e-17
problem for many,-1.0191500421363742e-17
sterile and,-1.0191500421363742e-17
of them can,-1.0191500421363742e-17
of them,-1.0191500421363742e-17
them can reproduce,-1.0191500421363742e-17
options can,-1.0191500421363742e-17
options can be,-1.0191500421363742e-17
they are all,-1.0191500421363742e-17
sterile is incorrect,-1.0191500421363742e-17
the options can,-1.0191500421363742e-17
problem for,-1.0191500421363742e-17
reproduce thus the,-1.0191500421363742e-17
reproduce thus,-1.0191500421363742e-17
the opposite,-1.0191500421363742e-17
would decrease,-1.0191500421363742e-17
overpopulation is,-1.0191500421363742e-17
sterile and none,-1.0191500421363742e-17
sterile is,-1.0191500421363742e-17
thereby reducing,-1.0408340855860843e-17
of how,-1.0408340855860843e-17
ability,-1.0408340855860843e-17
to grow and,-1.0408340855860843e-17
while grow,-1.0408340855860843e-17
seed dispersal,-1.0408340855860843e-17
lived in,-1.0408340855860843e-17
to help indoor,-1.0408340855860843e-17
to emit artificial,-1.0408340855860843e-17
lived,-1.0408340855860843e-17
temperature and humidity,-1.0408340855860843e-17
thrive therefore,-1.0408340855860843e-17
bee torrential,-1.0408340855860843e-17
plant lights also,-1.0408340855860843e-17
thrive therefore they,-1.0408340855860843e-17
and tree,-1.0408340855860843e-17
bee torrential amount,-1.0408340855860843e-17
thereby reducing energy,-1.0408340855860843e-17
regulate temperature,-1.0408340855860843e-17
regulate temperature and,-1.0408340855860843e-17
to emit,-1.0408340855860843e-17
shark,-1.0408340855860843e-17
plants in low,-1.0408340855860843e-17
tree are,-1.0408340855860843e-17
or plants,-1.0408340855860843e-17
and tree are,-1.0408340855860843e-17
and while,-1.0408340855860843e-17
or plants in,-1.0408340855860843e-17
seed,-1.0408340855860843e-17
reducing energy,-1.0408340855860843e-17
of rainfall and,-1.0408340855860843e-17
plants or plants,-1.0408340855860843e-17
they are most,-1.0408340855860843e-17
or providing,-1.0408340855860843e-17
or providing entertainment,-1.0408340855860843e-17
reducing energy costs,-1.0408340855860843e-17
while grow lights,-1.0408340855860843e-17
rainfall and tree,-1.0408340855860843e-17
plants or,-1.0408340855860843e-17
dispersal,-1.0408340855860843e-17
used in cooking,-1.0408340855860843e-17
particularly useful,-1.0408340855860843e-17
useful in helping,-1.0408340855860843e-17
purposes,-1.0408340855860843e-17
providing entertainment they,-1.0408340855860843e-17
useful in,-1.0408340855860843e-17
purposes like,-1.0408340855860843e-17
effectively,-1.0408340855860843e-17
purposes like illuminating,-1.0408340855860843e-17
particularly useful in,-1.0408340855860843e-17
other purposes like,-1.0408340855860843e-17
can reproduce,-1.0408340855860843e-17
other purposes,-1.0408340855860843e-17
used for other,-1.0408340855860843e-17
fish and,-1.0408340855860843e-17
used to help,-1.0408340855860843e-17
providing entertainment,-1.0408340855860843e-17
use their,-1.0408340855860843e-17
shape or volume,-1.0842021724855044e-17
properties or,-1.0842021724855044e-17
solids and liquids,-1.0842021724855044e-17
solids and,-1.0842021724855044e-17
shape or,-1.0842021724855044e-17
or characteristics,-1.0842021724855044e-17
or characteristics to,-1.0842021724855044e-17
volume and can,-1.0842021724855044e-17
not play,-1.0842021724855044e-17
being plant does,-1.0842021724855044e-17
possible however,-1.0842021724855044e-17
they are given,-1.0842021724855044e-17
unlike gases,-1.0842021724855044e-17
unlike gases solids,-1.0842021724855044e-17
solids gases,-1.0842021724855044e-17
unlike liquids,-1.0842021724855044e-17
properties or characteristics,-1.0842021724855044e-17
or storage conditions,-1.0842021724855044e-17
photosynthesis daffodil,-1.0842021724855044e-17
photosynthesis daffodil being,-1.0842021724855044e-17
solids gases do,-1.0842021724855044e-17
require any special,-1.0842021724855044e-17
unlike liquids gases,-1.0842021724855044e-17
possible however it,-1.0842021724855044e-17
require any additional,-1.0842021724855044e-17
often as,-1.0842021724855044e-17
often as possible,-1.0842021724855044e-17
or storage,-1.0842021724855044e-17
to be filled,-1.0842021724855044e-17
storage conditions,-1.0842021724855044e-17
or volume,-1.0842021724855044e-17
reused,-1.0842021724855044e-17
plant does,-1.0842021724855044e-17
used and,-1.0842021724855044e-17
storage,-1.0842021724855044e-17
or volume and,-1.0842021724855044e-17
storage conditions therefore,-1.0842021724855044e-17
reused as,-1.0842021724855044e-17
reused as often,-1.0842021724855044e-17
used and reused,-1.0842021724855044e-17
that has,-1.0842021724855044e-17
plant does not,-1.0842021724855044e-17
contributing,-1.0842021724855044e-17
special handling or,-1.0842021724855044e-17
special,-1.0842021724855044e-17
special handling,-1.0842021724855044e-17
conditions therefore,-1.0842021724855044e-17
are more,-1.1058862159352145e-17
to absorb,-1.112662479513249e-17
plants in the,-1.1275702593849246e-17
while man looking,-1.1275702593849246e-17
or discard them,-1.1275702593849246e-17
is because mammals,-1.1275702593849246e-17
the flowers or,-1.1275702593849246e-17
the seeds while,-1.1275702593849246e-17
the question incorrectly,-1.1275702593849246e-17
involve,-1.1275702593849246e-17
while man,-1.1275702593849246e-17
can grow,-1.1275702593849246e-17
do not use,-1.1275702593849246e-17
the dog may,-1.1275702593849246e-17
animals that do,-1.1275702593849246e-17
therefore there,-1.1275702593849246e-17
in the area,-1.1275702593849246e-17
therefore there is,-1.1275702593849246e-17
make it,-1.1275702593849246e-17
valid answer,-1.1275702593849246e-17
other plants,-1.1275702593849246e-17
valid answer additionally,-1.1275702593849246e-17
while humans,-1.1275702593849246e-17
the shade,-1.1275702593849246e-17
physical or chemical,-1.1275702593849246e-17
to the concept,-1.1275702593849246e-17
or discard,-1.1275702593849246e-17
or air as,-1.1275702593849246e-17
ordering,-1.1275702593849246e-17
because mammals,-1.1275702593849246e-17
physical or,-1.1275702593849246e-17
process while,-1.1275702593849246e-17
steam which,-1.1275702593849246e-17
process while humans,-1.1275702593849246e-17
or air,-1.1275702593849246e-17
the flowers,-1.1275702593849246e-17
steam or air,-1.1275702593849246e-17
steam or,-1.1275702593849246e-17
their respiration process,-1.1275702593849246e-17
their respiration,-1.1275702593849246e-17
the area,-1.1275702593849246e-17
question incorrectly assumes,-1.1275702593849246e-17
use steam or,-1.1275702593849246e-17
steam which is,-1.1275702593849246e-17
use steam,-1.1275702593849246e-17
is past,-1.1275702593849246e-17
question incorrectly,-1.1275702593849246e-17
or chemical,-1.1275702593849246e-17
thereby disrupting,-1.1275702593849246e-17
thereby disrupting the,-1.1275702593849246e-17
or chemical action,-1.1275702593849246e-17
the environment or,-1.1275702593849246e-17
answer based on,-1.1275702593849246e-17
is past its,-1.1275702593849246e-17
the environment,-1.1275702593849246e-17
them thereby disrupting,-1.1275702593849246e-17
them thereby,-1.1275702593849246e-17
its prime,-1.1275702593849246e-17
answer based,-1.1275702593849246e-17
the food is,-1.1275702593849246e-17
ordering flowers,-1.1275702593849246e-17
mammals are,-1.1275702593849246e-17
they live in,-1.1275702593849246e-17
wants some,-1.1275702593849246e-17
wants,-1.1275702593849246e-17
typically does not,-1.1275702593849246e-17
typically does,-1.1275702593849246e-17
typical methods for,-1.1275702593849246e-17
typical methods,-1.1275702593849246e-17
to be dispersed,-1.1275702593849246e-17
organisms involved,-1.1275702593849246e-17
organisms involved in,-1.1275702593849246e-17
respiration process,-1.1275702593849246e-17
person ordering,-1.1275702593849246e-17
not involve,-1.1275702593849246e-17
seed dispersal where,-1.1275702593849246e-17
seed dispersal person,-1.1275702593849246e-17
nor,-1.1275702593849246e-17
wants some flowers,-1.1275702593849246e-17
correct answer based,-1.1275702593849246e-17
the swimming making,-1.1275702593849246e-17
where the dog,-1.1275702593849246e-17
seeds while man,-1.1275702593849246e-17
concept of,-1.1275702593849246e-17
ordering flowers from,-1.1275702593849246e-17
past its prime,-1.1275702593849246e-17
past its,-1.1275702593849246e-17
past,-1.1275702593849246e-17
prime,-1.1275702593849246e-17
the swimming,-1.1275702593849246e-17
seeds to be,-1.1275702593849246e-17
from the body,-1.1275702593849246e-17
swim in steam,-1.1275702593849246e-17
swimming making it,-1.1275702593849246e-17
the concept of,-1.1275702593849246e-17
the concept,-1.1275702593849246e-17
person ordering flowers,-1.1275702593849246e-17
plants and potentially,-1.1275702593849246e-17
or organisms involved,-1.1275702593849246e-17
which are not,-1.1275702593849246e-17
respiration process while,-1.1275702593849246e-17
the plants in,-1.1275702593849246e-17
the plants and,-1.1275702593849246e-17
of their respiration,-1.1275702593849246e-17
some flowers,-1.1275702593849246e-17
some flowers is,-1.1275702593849246e-17
meaning it,-1.1275702593849246e-17
shade,-1.1275702593849246e-17
or organisms,-1.1275702593849246e-17
potentially,-1.1275702593849246e-17
potentially allowing,-1.1275702593849246e-17
potentially allowing the,-1.1275702593849246e-17
oxygen and exhale,-1.1275702593849246e-17
while humans do,-1.1275702593849246e-17
plants can grow,-1.1275702593849246e-17
they live,-1.1275702593849246e-17
always,-1.1709383462843448e-17
provide artificial,-1.1709383462843448e-17
to consider other,-1.1709383462843448e-17
sources or timers,-1.1709383462843448e-17
timers in order,-1.1709383462843448e-17
timers in,-1.1709383462843448e-17
timers,-1.1709383462843448e-17
this is generally,-1.1709383462843448e-17
rely on plant,-1.1709383462843448e-17
while this is,-1.1709383462843448e-17
while this,-1.1709383462843448e-17
provide artificial light,-1.1709383462843448e-17
through their,-1.1709383462843448e-17
to consider,-1.1709383462843448e-17
on energy costs,-1.1709383462843448e-17
some plants do,-1.1709383462843448e-17
on energy,-1.1709383462843448e-17
practical to rely,-1.1709383462843448e-17
to light directly,-1.1709383462843448e-17
car,-1.1709383462843448e-17
practical to,-1.1709383462843448e-17
the light,-1.1709383462843448e-17
practical,-1.1709383462843448e-17
sources or,-1.1709383462843448e-17
reading and creating,-1.1709383462843448e-17
on plant,-1.1709383462843448e-17
spectrum required by,-1.1709383462843448e-17
required by,-1.1709383462843448e-17
on plant lights,-1.1709383462843448e-17
not specify,-1.1709383462843448e-17
outdoor,-1.1709383462843448e-17
to rely,-1.1709383462843448e-17
outdoor lighting,-1.1709383462843448e-17
the human,-1.1709383462843448e-17
the human eye,-1.1709383462843448e-17
useful for indoor,-1.1709383462843448e-17
to rely on,-1.1709383462843448e-17
spectrum required,-1.1709383462843448e-17
such as artificial,-1.1709383462843448e-17
required,-1.1709383462843448e-17
this can save,-1.1709383462843448e-17
required by the,-1.1709383462843448e-17
specify,-1.1709383462843448e-17
useful for,-1.1709383462843448e-17
does not specify,-1.1709383462843448e-17
outdoor lighting as,-1.1709383462843448e-17
reading,-1.1709383462843448e-17
some plants,-1.1709383462843448e-17
reading and,-1.1709383462843448e-17
therefore it important,-1.1709383462843448e-17
the light spectrum,-1.1709383462843448e-17
plants do not,-1.1709383462843448e-17
save,-1.1709383462843448e-17
respond to light,-1.1709383462843448e-17
organic matter,-1.1709383462843448e-17
evaporation,-1.1709383462843448e-17
plant lights for,-1.1709383462843448e-17
or timers in,-1.1709383462843448e-17
or timers,-1.1709383462843448e-17
for outdoor,-1.1709383462843448e-17
for indoor,-1.1709383462843448e-17
save on energy,-1.1709383462843448e-17
save on,-1.1709383462843448e-17
plants do,-1.1709383462843448e-17
environment this,-1.1709383462843448e-17
suffer,-1.214306433183765e-17
function,-1.214306433183765e-17
still reproduce through,-1.214306433183765e-17
carbon dioxide plays,-1.214306433183765e-17
of extinction is,-1.214306433183765e-17
various health,-1.214306433183765e-17
rather than,-1.214306433183765e-17
are not related,-1.214306433183765e-17
various sources including,-1.214306433183765e-17
omnivores that,-1.214306433183765e-17
water is,-1.214306433183765e-17
various sources,-1.214306433183765e-17
omnivores that obtain,-1.214306433183765e-17
suffer from malnutrition,-1.214306433183765e-17
suffer from,-1.214306433183765e-17
small crystals of,-1.214306433183765e-17
answers,-1.214306433183765e-17
same role,-1.214306433183765e-17
warm or,-1.214306433183765e-17
warm or fresh,-1.214306433183765e-17
size the,-1.214306433183765e-17
in animals,-1.214306433183765e-17
species that,-1.214306433183765e-17
population size the,-1.214306433183765e-17
to catch and,-1.214306433183765e-17
or fresh food,-1.214306433183765e-17
the scenario presented,-1.214306433183765e-17
or fresh,-1.214306433183765e-17
still reproduce,-1.214306433183765e-17
sufficient food,-1.214306433183765e-17
the inability to,-1.214306433183765e-17
made of small,-1.214306433183765e-17
this context additionally,-1.214306433183765e-17
to obtain adequate,-1.214306433183765e-17
to various health,-1.214306433183765e-17
to obtain sufficient,-1.214306433183765e-17
the same role,-1.214306433183765e-17
time warm,-1.214306433183765e-17
various health issues,-1.214306433183765e-17
sources including discarded,-1.214306433183765e-17
small crystals,-1.214306433183765e-17
of small crystals,-1.214306433183765e-17
of species can,-1.214306433183765e-17
valid,-1.214306433183765e-17
catch and,-1.214306433183765e-17
this is an,-1.214306433183765e-17
sufficient food it,-1.214306433183765e-17
time warm or,-1.214306433183765e-17
to the scenario,-1.214306433183765e-17
therefore if,-1.214306433183765e-17
therefore if the,-1.214306433183765e-17
same role in,-1.214306433183765e-17
waste therefore,-1.214306433183765e-17
plausible answers,-1.214306433183765e-17
reproduction this is,-1.214306433183765e-17
through limited population,-1.214306433183765e-17
through limited,-1.214306433183765e-17
crystals of salt,-1.214306433183765e-17
oxygen plays,-1.214306433183765e-17
relevant or plausible,-1.214306433183765e-17
relevant or,-1.214306433183765e-17
scavengers and,-1.214306433183765e-17
the genetic,-1.214306433183765e-17
scavengers and options,-1.214306433183765e-17
plausible answers in,-1.214306433183765e-17
plausible,-1.214306433183765e-17
over time warm,-1.214306433183765e-17
or plausible,-1.214306433183765e-17
the genetic diversity,-1.214306433183765e-17
scavengers are omnivores,-1.214306433183765e-17
can still reproduce,-1.214306433183765e-17
scavengers are,-1.214306433183765e-17
options and are,-1.214306433183765e-17
options and,-1.214306433183765e-17
option for scavengers,-1.214306433183765e-17
unable to obtain,-1.214306433183765e-17
the creature ability,-1.214306433183765e-17
the creature is,-1.214306433183765e-17
waste therefore if,-1.214306433183765e-17
not valid,-1.214306433183765e-17
viable option for,-1.214306433183765e-17
species can be,-1.214306433183765e-17
leading to,-1.214306433183765e-17
waste,-1.214306433183765e-17
crystals,-1.214306433183765e-17
become extinct,-1.214306433183765e-17
role in plants,-1.214306433183765e-17
to lack,-1.214306433183765e-17
leading,-1.214306433183765e-17
dioxide plays,-1.214306433183765e-17
crystals of,-1.214306433183765e-17
of how the,-1.214306433183765e-17
to lack of,-1.214306433183765e-17
to reproduce through,-1.214306433183765e-17
the inability,-1.214306433183765e-17
as it,-1.214306433183765e-17
or plausible answers,-1.214306433183765e-17
reproduction this,-1.214306433183765e-17
to become,-1.214306433183765e-17
to become extinct,-1.214306433183765e-17
scenario presented in,-1.214306433183765e-17
scenario presented,-1.214306433183765e-17
size the other,-1.214306433183765e-17
member is likely,-1.214306433183765e-17
television therefore the,-1.2414114874959026e-17
television therefore,-1.2414114874959026e-17
such as lute,-1.2414114874959026e-17
television,-1.2414114874959026e-17
provides rationale for,-1.2414114874959026e-17
radio,-1.2414114874959026e-17
scenario the question,-1.2414114874959026e-17
radio or,-1.2414114874959026e-17
question but rather,-1.2414114874959026e-17
piano produces sound,-1.2414114874959026e-17
of hitting,-1.2414114874959026e-17
piano produces,-1.2414114874959026e-17
then broadcasted through,-1.2414114874959026e-17
then broadcasted,-1.2414114874959026e-17
the question but,-1.2414114874959026e-17
rather it,-1.2414114874959026e-17
scenario the,-1.2414114874959026e-17
of hitting the,-1.2414114874959026e-17
through the air,-1.2414114874959026e-17
produces sound which,-1.2414114874959026e-17
piano not about,-1.2414114874959026e-17
piano not,-1.2414114874959026e-17
provides rationale,-1.2414114874959026e-17
are not the,-1.2414114874959026e-17
such as radio,-1.2414114874959026e-17
rather it provides,-1.2414114874959026e-17
radio or television,-1.2414114874959026e-17
the scenario the,-1.2414114874959026e-17
sound which is,-1.2414114874959026e-17
sound which,-1.2414114874959026e-17
for the answer,-1.2414114874959026e-17
or television,-1.2414114874959026e-17
rationale for the,-1.2414114874959026e-17
or television therefore,-1.2414114874959026e-17
question but,-1.2414114874959026e-17
of piano not,-1.2414114874959026e-17
of piano produces,-1.2414114874959026e-17
to its,-1.2576745200831851e-17
canyons are typically,-1.2576745200831851e-17
the species is,-1.2739375526704677e-17
species is extinct,-1.2739375526704677e-17
whereas,-1.3010426069826053e-17
due to its,-1.3010426069826053e-17
consume,-1.3010426069826053e-17
roses like,-1.3227266504323154e-17
and protozoa,-1.3227266504323154e-17
roots which are,-1.3227266504323154e-17
roses like other,-1.3227266504323154e-17
roots which,-1.3227266504323154e-17
to other,-1.3227266504323154e-17
grow from concrete,-1.3227266504323154e-17
like other plants,-1.3227266504323154e-17
from concrete,-1.3227266504323154e-17
protozoa,-1.3227266504323154e-17
because roses like,-1.3227266504323154e-17
fingernail,-1.3227266504323154e-17
causing the,-1.3335686721571705e-17
the lawnmower,-1.3335686721571705e-17
probably,-1.3335686721571705e-17
stop over the,-1.3335686721571705e-17
will probably,-1.3335686721571705e-17
causing the colony,-1.3335686721571705e-17
stop,-1.3335686721571705e-17
will probably stop,-1.3335686721571705e-17
to stagnate,-1.3335686721571705e-17
the lawnmower will,-1.3335686721571705e-17
stop over,-1.3335686721571705e-17
probably stop over,-1.3335686721571705e-17
the colony to,-1.3335686721571705e-17
over the anthill,-1.3335686721571705e-17
probably stop,-1.3335686721571705e-17
stagnate,-1.3335686721571705e-17
luck,-1.3444106938820255e-17
same level,-1.3444106938820255e-17
up around,-1.3444106938820255e-17
up around shed,-1.3444106938820255e-17
animals that,-1.3444106938820255e-17
can cause sediment,-1.3444106938820255e-17
the same level,-1.3444106938820255e-17
same level of,-1.3444106938820255e-17
cars,-1.3444106938820255e-17
of greeting cards,-1.3444106938820255e-17
and the,-1.3444106938820255e-17
of greeting,-1.3444106938820255e-17
environment and,-1.3660947373317356e-17
absorbs,-1.3877787807814457e-17
daffodil being plant,-1.3877787807814457e-17
decrease in the,-1.3877787807814457e-17
daffodil being,-1.3877787807814457e-17
daffodil,-1.3877787807814457e-17
amount,-1.3877787807814457e-17
being plant,-1.3877787807814457e-17
amount of,-1.3877787807814457e-17
species is,-1.3877787807814457e-17
are non renewable,-1.3877787807814457e-17
small,-1.3877787807814457e-17
play role in,-1.3877787807814457e-17
extinct because it,-1.3877787807814457e-17
extinct because,-1.3877787807814457e-17
and social,-1.3877787807814457e-17
because it,-1.3877787807814457e-17
if it is,-1.3877787807814457e-17
that do,-1.3877787807814457e-17
are not,-1.3877787807814457e-17
play role,-1.3877787807814457e-17
cells,-1.3877787807814457e-17
for example if,-1.4094628242311558e-17
if the question,-1.4094628242311558e-17
example if,-1.4094628242311558e-17
example if the,-1.4094628242311558e-17
question would depend,-1.4094628242311558e-17
transpiration is,-1.431146867680866e-17
transpiration is the,-1.431146867680866e-17
vapor,-1.431146867680866e-17
is because transpiration,-1.431146867680866e-17
is source of,-1.431146867680866e-17
of common,-1.431146867680866e-17
can contribute,-1.431146867680866e-17
of common source,-1.431146867680866e-17
forests the,-1.431146867680866e-17
can contribute to,-1.431146867680866e-17
is source,-1.431146867680866e-17
environment for,-1.431146867680866e-17
because transpiration,-1.431146867680866e-17
because transpiration is,-1.431146867680866e-17
rivers,-1.452830911130576e-17
suitable habitats,-1.452830911130576e-17
with similar,-1.452830911130576e-17
similar conditions,-1.452830911130576e-17
primarily inhabits humid,-1.452830911130576e-17
primarily,-1.452830911130576e-17
rivers or oceans,-1.452830911130576e-17
wetlands,-1.452830911130576e-17
or wetlands where,-1.452830911130576e-17
such as rivers,-1.452830911130576e-17
puppigerus lived,-1.452830911130576e-17
thrive and,-1.452830911130576e-17
similar conditions such,-1.452830911130576e-17
rivers or,-1.452830911130576e-17
wetlands where,-1.452830911130576e-17
to the lack,-1.452830911130576e-17
thrive and multiply,-1.452830911130576e-17
the bog the,-1.452830911130576e-17
wetlands where it,-1.452830911130576e-17
the bog,-1.452830911130576e-17
primarily inhabits,-1.452830911130576e-17
or wetlands,-1.452830911130576e-17
with similar conditions,-1.452830911130576e-17
suitable habitats however,-1.452830911130576e-17
possible that,-1.452830911130576e-17
puppigerus lived in,-1.452830911130576e-17
of suitable,-1.452830911130576e-17
possible that the,-1.452830911130576e-17
or oceans,-1.452830911130576e-17
or oceans where,-1.452830911130576e-17
such as forests,-1.452830911130576e-17
puppigerus is carnivorous,-1.452830911130576e-17
having,-1.452830911130576e-17
of suitable habitats,-1.452830911130576e-17
where it could,-1.452830911130576e-17
traveled 50,-1.4582519219930035e-17
hour and,-1.4582519219930035e-17
per,-1.4582519219930035e-17
traveled 50 miles,-1.4582519219930035e-17
traveling,-1.4582519219930035e-17
traveling at,-1.4582519219930035e-17
one hour is,-1.4582519219930035e-17
per hour,-1.4582519219930035e-17
per hour and,-1.4582519219930035e-17
traveling at 50,-1.4582519219930035e-17
60 minutes,-1.4582519219930035e-17
traveled,-1.4582519219930035e-17
60,-1.4582519219930035e-17
the car is,-1.4582519219930035e-17
therefore the car,-1.4582519219930035e-17
the car has,-1.4582519219930035e-17
pressed,-1.463672932855431e-17
malleable,-1.463672932855431e-17
fingernail is,-1.463672932855431e-17
but it does,-1.463672932855431e-17
day,-1.474514954580286e-17
ask,-1.474514954580286e-17
ice,-1.474514954580286e-17
is often found,-1.474514954580286e-17
result in the,-1.474514954580286e-17
certain,-1.474514954580286e-17
are marine,-1.474514954580286e-17
fish the,-1.474514954580286e-17
substance used to,-1.496198998029996e-17
have the same,-1.496198998029996e-17
unable to,-1.5070410197548512e-17
unable,-1.5070410197548512e-17
concert,-1.5178830414797062e-17
photosynthesis the,-1.5178830414797062e-17
leaves,-1.5178830414797062e-17
that grow,-1.5178830414797062e-17
out photosynthesis,-1.5178830414797062e-17
carry out photosynthesis,-1.5178830414797062e-17
photosynthesis the other,-1.5178830414797062e-17
clouds,-1.5178830414797062e-17
the heat,-1.5287250632045613e-17
the heat through,-1.5287250632045613e-17
released from,-1.5287250632045613e-17
when fluid is,-1.5287250632045613e-17
released from body,-1.5287250632045613e-17
through the blood,-1.5287250632045613e-17
carry out,-1.5287250632045613e-17
vessels,-1.5287250632045613e-17
the question for,-1.5612511283791264e-17
commonly used to,-1.5612511283791264e-17
is often associated,-1.5612511283791264e-17
to the formation,-1.5612511283791264e-17
trees,-1.5612511283791264e-17
nail to,-1.5612511283791264e-17
question for example,-1.5612511283791264e-17
formation,-1.5612511283791264e-17
is not valid,-1.5612511283791264e-17
question for,-1.5612511283791264e-17
pressing the,-1.5612511283791264e-17
physical,-1.5612511283791264e-17
for their,-1.5612511283791264e-17
pressing the nail,-1.5612511283791264e-17
against,-1.5612511283791264e-17
often associated,-1.5612511283791264e-17
often associated with,-1.5612511283791264e-17
the nail to,-1.5612511283791264e-17
the formation,-1.5612511283791264e-17
grow lights,-1.5612511283791264e-17
the salt,-1.5612511283791264e-17
and wood,-1.5829351718288365e-17
question asks where,-1.6303690168750773e-17
asks where,-1.6303690168750773e-17
cat,-1.6303690168750773e-17
asks for way,-1.6479873021779667e-17
way to measure,-1.6479873021779667e-17
during winter,-1.6479873021779667e-17
act,-1.6479873021779667e-17
migrate during winter,-1.6479873021779667e-17
the birds,-1.6479873021779667e-17
to measure,-1.6479873021779667e-17
for them,-1.6479873021779667e-17
for way,-1.6479873021779667e-17
for way to,-1.6479873021779667e-17
skunk the,-1.6479873021779667e-17
size,-1.6479873021779667e-17
concept in,-1.6696713456276768e-17
is made,-1.6696713456276768e-17
concept in physics,-1.6696713456276768e-17
no longer moving,-1.6696713456276768e-17
is stopped it,-1.6696713456276768e-17
fundamental concept in,-1.6696713456276768e-17
something is stopped,-1.6696713456276768e-17
fundamental concept,-1.6696713456276768e-17
in physics,-1.6696713456276768e-17
in physics where,-1.6696713456276768e-17
in velocity,-1.6696713456276768e-17
longer moving,-1.6696713456276768e-17
decrease in velocity,-1.6696713456276768e-17
is fundamental concept,-1.6696713456276768e-17
something is,-1.6696713456276768e-17
physics where,-1.6696713456276768e-17
this is fundamental,-1.6696713456276768e-17
stopped it is,-1.6696713456276768e-17
stopped it,-1.6696713456276768e-17
physics where the,-1.6696713456276768e-17
physics,-1.6696713456276768e-17
note that while,-1.691355389077387e-17
the plants,-1.691355389077387e-17
that while,-1.691355389077387e-17
not considered,-1.691355389077387e-17
the question asks,-1.734723475976807e-17
this context however,-1.734723475976807e-17
them fabric,-1.734723475976807e-17
them fabric being,-1.734723475976807e-17
form of energy,-1.734723475976807e-17
therefore they would,-1.734723475976807e-17
of food,-1.734723475976807e-17
does not directly,-1.734723475976807e-17
energy that,-1.734723475976807e-17
question asks,-1.734723475976807e-17
keys of,-1.734723475976807e-17
sunshine is,-1.734723475976807e-17
of heat would,-1.734723475976807e-17
through them fabric,-1.734723475976807e-17
of heat energy,-1.734723475976807e-17
enabling,-1.734723475976807e-17
sunshine is form,-1.734723475976807e-17
sunshine can,-1.734723475976807e-17
poor conductor,-1.734723475976807e-17
pass through them,-1.734723475976807e-17
is form of,-1.734723475976807e-17
poor conductor of,-1.734723475976807e-17
sunshine are all,-1.734723475976807e-17
through fabric however,-1.734723475976807e-17
through fabric making,-1.734723475976807e-17
they would not,-1.734723475976807e-17
pass through it,-1.734723475976807e-17
conductor of,-1.734723475976807e-17
of energy that,-1.734723475976807e-17
the keys of,-1.734723475976807e-17
the keys,-1.734723475976807e-17
that allow,-1.734723475976807e-17
through it,-1.734723475976807e-17
through it ice,-1.734723475976807e-17
is form,-1.734723475976807e-17
sunshine can conduct,-1.734723475976807e-17
may not be,-1.7672495411513722e-17
may not,-1.7672495411513722e-17
apart,-1.7780915628762273e-17
apart or,-1.7780915628762273e-17
while it,-1.7780915628762273e-17
would die,-1.7970651008947236e-17
the zebra would,-1.7970651008947236e-17
would die out,-1.7970651008947236e-17
would be no,-1.7970651008947236e-17
out because,-1.7970651008947236e-17
out because there,-1.7970651008947236e-17
to breed,-1.7970651008947236e-17
zebra would die,-1.7970651008947236e-17
environments,-1.7997756063259374e-17
temperatures they,-1.8214596497756474e-17
with gas,-1.8214596497756474e-17
weight and volume,-1.8214596497756474e-17
with gas and,-1.8214596497756474e-17
weight and size,-1.8214596497756474e-17
signals that,-1.8214596497756474e-17
signals that regulate,-1.8214596497756474e-17
or create,-1.8214596497756474e-17
to feel,-1.8214596497756474e-17
their primary function,-1.8214596497756474e-17
or create art,-1.8214596497756474e-17
will generally,-1.8214596497756474e-17
will generally be,-1.8214596497756474e-17
they do transmit,-1.8214596497756474e-17
to cold temperatures,-1.8214596497756474e-17
to detect and,-1.8214596497756474e-17
to detect,-1.8214596497756474e-17
nerves,-1.8214596497756474e-17
their primary,-1.8214596497756474e-17
signals enabling,-1.8214596497756474e-17
signals enabling the,-1.8214596497756474e-17
many animal,-1.8214596497756474e-17
standard weight,-1.8214596497756474e-17
temperatures they are,-1.8214596497756474e-17
standard weight and,-1.8214596497756474e-17
animal species,-1.8214596497756474e-17
the container,-1.8214596497756474e-17
the container it,-1.8214596497756474e-17
because nerves are,-1.8214596497756474e-17
because nerves,-1.8214596497756474e-17
to send,-1.8214596497756474e-17
standard,-1.8214596497756474e-17
to send electric,-1.8214596497756474e-17
not use,-1.8214596497756474e-17
many animal species,-1.8214596497756474e-17
is to,-1.8214596497756474e-17
while they,-1.8214596497756474e-17
while they do,-1.8214596497756474e-17
that is often,-1.8214596497756474e-17
to feel emotions,-1.8214596497756474e-17
chemical,-1.8214596497756474e-17
nerves are,-1.8214596497756474e-17
size meaning,-1.8214596497756474e-17
respond to cold,-1.8214596497756474e-17
regulate body temperature,-1.8214596497756474e-17
primary function,-1.8214596497756474e-17
primary function is,-1.8214596497756474e-17
used to feel,-1.8214596497756474e-17
visual information,-1.8214596497756474e-17
visual,-1.8214596497756474e-17
size meaning it,-1.8214596497756474e-17
specialized cells,-1.8214596497756474e-17
regulate body,-1.8214596497756474e-17
other liquids,-1.8214596497756474e-17
other liquids such,-1.8214596497756474e-17
emotions,-1.8214596497756474e-17
specialized cells that,-1.8214596497756474e-17
the two extremes,-1.8214596497756474e-17
the two,-1.8214596497756474e-17
is because nerves,-1.8214596497756474e-17
two,-1.8214596497756474e-17
two extremes of,-1.8214596497756474e-17
two extremes,-1.8214596497756474e-17
own weight and,-1.8214596497756474e-17
own weight,-1.8214596497756474e-17
water liquid is,-1.8214596497756474e-17
water liquid,-1.8214596497756474e-17
filled with,-1.8214596497756474e-17
feel,-1.8214596497756474e-17
in many animal,-1.8214596497756474e-17
transmit electrical,-1.8214596497756474e-17
transmit electrical signals,-1.8214596497756474e-17
send,-1.8214596497756474e-17
transmit visual,-1.8214596497756474e-17
transmit visual information,-1.8214596497756474e-17
paper which is,-1.8214596497756474e-17
volume and other,-1.8214596497756474e-17
paper which,-1.8214596497756474e-17
send electric,-1.8214596497756474e-17
send electric signals,-1.8214596497756474e-17
own,-1.8214596497756474e-17
visual information their,-1.8214596497756474e-17
liquid is,-1.8431436932253575e-17
typically supported,-1.8648277366750676e-17
typically supported by,-1.8648277366750676e-17
out photosynthesis the,-1.8648277366750676e-17
cold temperatures,-1.8648277366750676e-17
sky is,-1.8648277366750676e-17
the plant enabling,-1.8648277366750676e-17
sky is not,-1.8648277366750676e-17
structures provide support,-1.8648277366750676e-17
stability as,-1.8648277366750676e-17
typically composed of,-1.8648277366750676e-17
stability as concrete,-1.8648277366750676e-17
structures provide,-1.8648277366750676e-17
use their talons,-1.8648277366750676e-17
these structures,-1.8648277366750676e-17
these structures provide,-1.8648277366750676e-17
the sky is,-1.8648277366750676e-17
other plants are,-1.8648277366750676e-17
as it would,-1.8648277366750676e-17
stability to the,-1.8648277366750676e-17
the rose,-1.8648277366750676e-17
upright and carry,-1.8648277366750676e-17
upright and,-1.8648277366750676e-17
upright,-1.8648277366750676e-17
of support and,-1.8648277366750676e-17
of support,-1.8648277366750676e-17
the same properties,-1.8648277366750676e-17
up roses for,-1.8648277366750676e-17
up roses,-1.8648277366750676e-17
stability to,-1.8648277366750676e-17
stand upright and,-1.8648277366750676e-17
properties of,-1.8648277366750676e-17
properties of support,-1.8648277366750676e-17
of propping,-1.8648277366750676e-17
roses for,-1.8648277366750676e-17
supported,-1.8648277366750676e-17
possible as,-1.8648277366750676e-17
roses for example,-1.8648277366750676e-17
catch and hold,-1.8648277366750676e-17
provide support,-1.8648277366750676e-17
possible as it,-1.8648277366750676e-17
their talons to,-1.8648277366750676e-17
their talons,-1.8648277366750676e-17
provide support and,-1.8648277366750676e-17
their roots which,-1.8648277366750676e-17
their roots,-1.8648277366750676e-17
supported by,-1.8648277366750676e-17
and hold,-1.8648277366750676e-17
supported by their,-1.8648277366750676e-17
to the plant,-1.8648277366750676e-17
would destroy the,-1.8648277366750676e-17
would destroy,-1.8648277366750676e-17
talons to catch,-1.8648277366750676e-17
rose therefore the,-1.8648277366750676e-17
of propping up,-1.8648277366750676e-17
rose,-1.8648277366750676e-17
same properties of,-1.8648277366750676e-17
same properties,-1.8648277366750676e-17
which are typically,-1.8648277366750676e-17
plants are typically,-1.8648277366750676e-17
stand,-1.8648277366750676e-17
typically composed,-1.8648277366750676e-17
stand upright,-1.8648277366750676e-17
plants are,-1.8648277366750676e-17
propping,-1.8648277366750676e-17
to stand upright,-1.8648277366750676e-17
rose therefore,-1.8648277366750676e-17
of green structures,-1.8648277366750676e-17
propping up,-1.8648277366750676e-17
plant enabling it,-1.8648277366750676e-17
plant enabling,-1.8648277366750676e-17
propping up roses,-1.8648277366750676e-17
of green,-1.8648277366750676e-17
to stand,-1.8648277366750676e-17
the rose therefore,-1.8648277366750676e-17
behavior to,-1.8865117801247777e-17
particularly,-1.9081958235744878e-17
is natural,-1.9081958235744878e-17
of plants and,-1.9081958235744878e-17
of plants,-1.9081958235744878e-17
to use energy,-1.9081958235744878e-17
such as changes,-1.9081958235744878e-17
seeds internally,-1.9081958235744878e-17
internally,-1.9081958235744878e-17
provides specific,-1.9081958235744878e-17
provides specific example,-1.9081958235744878e-17
in this question,-1.9081958235744878e-17
seeds internally is,-1.9081958235744878e-17
specific environmental factors,-1.9081958235744878e-17
the natural,-1.9081958235744878e-17
the natural growth,-1.9081958235744878e-17
or other environmental,-1.9081958235744878e-17
tree or,-1.9081958235744878e-17
tree or the,-1.9081958235744878e-17
the new,-1.9081958235744878e-17
the new surroundings,-1.9081958235744878e-17
seeds therefore,-1.9081958235744878e-17
of food and,-1.9081958235744878e-17
of fur,-1.9081958235744878e-17
of fur is,-1.9081958235744878e-17
or shelter,-1.9081958235744878e-17
of the natural,-1.9081958235744878e-17
to the new,-1.9081958235744878e-17
or shelter which,-1.9081958235744878e-17
an object,-1.9081958235744878e-17
which make,-1.9081958235744878e-17
which make it,-1.9081958235744878e-17
shedding of fur,-1.9081958235744878e-17
renewal process in,-1.9081958235744878e-17
specific environmental,-1.9081958235744878e-17
renewal process,-1.9081958235744878e-17
renewal,-1.9081958235744878e-17
process in,-1.9081958235744878e-17
become,-1.9081958235744878e-17
of tree or,-1.9081958235744878e-17
shelter which,-1.9081958235744878e-17
shelter which make,-1.9081958235744878e-17
with stress,-1.9081958235744878e-17
with stress illness,-1.9081958235744878e-17
learned behavior,-1.9081958235744878e-17
to its changing,-1.9081958235744878e-17
and water in,-1.9081958235744878e-17
to seasonal,-1.9081958235744878e-17
to seasonal changes,-1.9081958235744878e-17
temperature or shelter,-1.9081958235744878e-17
is pressed,-1.9081958235744878e-17
species the shedding,-1.9081958235744878e-17
species the,-1.9081958235744878e-17
response to seasonal,-1.9081958235744878e-17
shedding of,-1.9081958235744878e-17
or uncomfortable to,-1.9081958235744878e-17
the shedding of,-1.9081958235744878e-17
this question the,-1.9081958235744878e-17
or uncomfortable,-1.9081958235744878e-17
surroundings in,-1.9081958235744878e-17
questioner asks,-1.9081958235744878e-17
stress,-1.9081958235744878e-17
necessary to,-1.9081958235744878e-17
questioner,-1.9081958235744878e-17
specific example pumpkin,-1.9081958235744878e-17
question the questioner,-1.9081958235744878e-17
stress illness or,-1.9081958235744878e-17
process to,-1.9081958235744878e-17
uncomfortable or,-1.9081958235744878e-17
uncomfortable or uncomfortable,-1.9081958235744878e-17
uncomfortable to,-1.9081958235744878e-17
seeds therefore the,-1.9081958235744878e-17
uncomfortable to live,-1.9081958235744878e-17
stress illness,-1.9081958235744878e-17
surroundings in this,-1.9081958235744878e-17
the questioner,-1.9081958235744878e-17
use energy,-1.9081958235744878e-17
the questioner asks,-1.9081958235744878e-17
are type of,-1.9081958235744878e-17
typically in response,-1.9081958235744878e-17
questioner asks for,-1.9081958235744878e-17
other environmental,-1.9081958235744878e-17
the shedding,-1.9081958235744878e-17
are type,-1.9081958235744878e-17
other environmental factors,-1.9081958235744878e-17
typically in,-1.9081958235744878e-17
process in many,-1.9081958235744878e-17
natural process,-1.9081958235744878e-17
or the appearance,-1.9081958235744878e-17
specific example,-1.9081958235744878e-17
process to adapt,-1.9081958235744878e-17
some fish species,-1.929879867024198e-17
selection and is,-1.929879867024198e-17
portions,-1.929879867024198e-17
some fish,-1.929879867024198e-17
selection and,-1.929879867024198e-17
the shallowest,-1.929879867024198e-17
these fish are,-1.929879867024198e-17
portions of,-1.929879867024198e-17
portions of water,-1.929879867024198e-17
rather than leaving,-1.929879867024198e-17
shallowest portions,-1.929879867024198e-17
suited to hunting,-1.929879867024198e-17
prey these,-1.929879867024198e-17
shallowest,-1.929879867024198e-17
leaving,-1.929879867024198e-17
prey these fish,-1.929879867024198e-17
suited,-1.929879867024198e-17
suited to,-1.929879867024198e-17
through generations,-1.929879867024198e-17
selection,-1.929879867024198e-17
to land,-1.929879867024198e-17
to land environments,-1.929879867024198e-17
through generations of,-1.929879867024198e-17
to capture,-1.929879867024198e-17
the shallowest portions,-1.929879867024198e-17
to hunting in,-1.929879867024198e-17
water and actually,-1.929879867024198e-17
of natural selection,-1.929879867024198e-17
will lurk,-1.929879867024198e-17
shallowest portions of,-1.929879867024198e-17
will lurk in,-1.929879867024198e-17
result of natural,-1.929879867024198e-17
of fish the,-1.929879867024198e-17
of fish,-1.929879867024198e-17
their aquatic,-1.929879867024198e-17
their aquatic environment,-1.929879867024198e-17
passed,-1.929879867024198e-17
passed down,-1.929879867024198e-17
they need,-1.929879867024198e-17
to hunting,-1.929879867024198e-17
passed down through,-1.929879867024198e-17
they need to,-1.929879867024198e-17
when hunting will,-1.929879867024198e-17
to hunt rather,-1.929879867024198e-17
water to hunt,-1.929879867024198e-17
is characteristic,-1.929879867024198e-17
characteristic,-1.929879867024198e-17
when they need,-1.929879867024198e-17
to their aquatic,-1.929879867024198e-17
to capture prey,-1.929879867024198e-17
water to capture,-1.929879867024198e-17
species when,-1.929879867024198e-17
species when hunting,-1.929879867024198e-17
when hunting,-1.929879867024198e-17
human,-1.951563910473908e-17
able to specialize,-1.951563910473908e-17
mammals are not,-1.951563910473908e-17
plants and protozoa,-1.951563910473908e-17
different functions,-1.951563910473908e-17
not able,-1.951563910473908e-17
not able to,-1.951563910473908e-17
are not able,-1.951563910473908e-17
forests,-1.9542744159051217e-17
or other chemical,-1.9949319973733282e-17
property and the,-1.9949319973733282e-17
on them this,-1.9949319973733282e-17
accurate descriptions,-1.9949319973733282e-17
this makes,-1.9949319973733282e-17
on them,-1.9949319973733282e-17
the given condition,-1.9949319973733282e-17
them colder and,-1.9949319973733282e-17
them colder,-1.9949319973733282e-17
question appears,-1.9949319973733282e-17
physical property,-1.9949319973733282e-17
question appears to,-1.9949319973733282e-17
salt and small,-1.9949319973733282e-17
property and,-1.9949319973733282e-17
to form on,-1.9949319973733282e-17
property,-1.9949319973733282e-17
of precipitation that,-1.9949319973733282e-17
raindrops,-1.9949319973733282e-17
raindrops meet,-1.9949319973733282e-17
walk,-1.9949319973733282e-17
to be asking,-1.9949319973733282e-17
other chemical,-1.9949319973733282e-17
walk or,-1.9949319973733282e-17
descriptions,-1.9949319973733282e-17
keep drinks,-1.9949319973733282e-17
sleet is type,-1.9949319973733282e-17
type of precipitation,-1.9949319973733282e-17
sleet is,-1.9949319973733282e-17
other choices are,-1.9949319973733282e-17
descriptions of the,-1.9949319973733282e-17
surfaces,-1.9949319973733282e-17
descriptions of,-1.9949319973733282e-17
slippery,-1.9949319973733282e-17
physical property and,-1.9949319973733282e-17
slippery to,-1.9949319973733282e-17
when freezing raindrops,-1.9949319973733282e-17
when freezing,-1.9949319973733282e-17
sleet,-1.9949319973733282e-17
them this makes,-1.9949319973733282e-17
to keep drinks,-1.9949319973733282e-17
slippery to walk,-1.9949319973733282e-17
other chemical the,-1.9949319973733282e-17
phosphate or other,-1.9949319973733282e-17
this makes them,-1.9949319973733282e-17
walk or drive,-1.9949319973733282e-17
of ice,-1.9949319973733282e-17
of ice to,-1.9949319973733282e-17
are not accurate,-1.9949319973733282e-17
phosphate or,-1.9949319973733282e-17
is because sleet,-1.9949319973733282e-17
the question appears,-1.9949319973733282e-17
accurate descriptions of,-1.9949319973733282e-17
used to keep,-1.9949319973733282e-17
surfaces causing,-1.9949319973733282e-17
not accurate descriptions,-1.9949319973733282e-17
precipitation that forms,-1.9949319973733282e-17
raindrops meet freezing,-1.9949319973733282e-17
not accurate,-1.9949319973733282e-17
condition,-1.9949319973733282e-17
as they,-1.9949319973733282e-17
provides description,-1.9949319973733282e-17
drinks,-1.9949319973733282e-17
surfaces causing layer,-1.9949319973733282e-17
to walk,-1.9949319973733282e-17
to walk or,-1.9949319973733282e-17
of precipitation,-1.9949319973733282e-17
because sleet,-1.9949319973733282e-17
small crystal is,-1.9949319973733282e-17
or drive on,-1.9949319973733282e-17
precipitation that,-1.9949319973733282e-17
small crystal,-1.9949319973733282e-17
because sleet is,-1.9949319973733282e-17
phosphate,-1.9949319973733282e-17
part of the,-1.9949319973733282e-17
or drive,-1.9949319973733282e-17
vegetation can,-2.0057740190981832e-17
vegetation can still,-2.0057740190981832e-17
temperate vegetation,-2.0057740190981832e-17
vegetation making,-2.0057740190981832e-17
vegetation making them,-2.0057740190981832e-17
printed,-2.0057740190981832e-17
vegetation are,-2.0057740190981832e-17
with higher,-2.0057740190981832e-17
printed on,-2.0057740190981832e-17
water and space,-2.0057740190981832e-17
temperate vegetation can,-2.0057740190981832e-17
they require more,-2.0057740190981832e-17
printed on paper,-2.0057740190981832e-17
they require,-2.0057740190981832e-17
still support greeting,-2.0057740190981832e-17
rainfall and abundant,-2.0057740190981832e-17
space to,-2.0057740190981832e-17
rainfall and less,-2.0057740190981832e-17
rainfall and more,-2.0057740190981832e-17
such as deserts,-2.0057740190981832e-17
with higher rainfall,-2.0057740190981832e-17
space to create,-2.0057740190981832e-17
to support,-2.0057740190981832e-17
to support greeting,-2.0057740190981832e-17
them suitable environment,-2.0057740190981832e-17
them suitable,-2.0057740190981832e-17
still support,-2.0057740190981832e-17
vegetation are less,-2.0057740190981832e-17
to create card,-2.0057740190981832e-17
on paper,-2.0057740190981832e-17
the canyons,-2.0057740190981832e-17
less likely to,-2.0057740190981832e-17
less likely,-2.0057740190981832e-17
with lower rainfall,-2.0057740190981832e-17
on paper which,-2.0057740190981832e-17
typically printed,-2.0057740190981832e-17
the canyons are,-2.0057740190981832e-17
require more,-2.0057740190981832e-17
typically printed on,-2.0057740190981832e-17
require more water,-2.0057740190981832e-17
suitable environment,-2.0057740190981832e-17
suitable environment for,-2.0057740190981832e-17
with lower,-2.0057740190981832e-17
in day,-2.0383000842727483e-17
respiration to use,-2.0383000842727483e-17
adopt seasonal,-2.0383000842727483e-17
might adopt seasonal,-2.0383000842727483e-17
because the sun,-2.0383000842727483e-17
sun is source,-2.0383000842727483e-17
in 24,-2.0383000842727483e-17
in 24 hours,-2.0383000842727483e-17
how many,-2.0383000842727483e-17
do not have,-2.0599841277224584e-17
strings and,-2.0816681711721685e-17
on piano therefore,-2.0816681711721685e-17
utilize the sun,-2.0816681711721685e-17
utilize the,-2.0816681711721685e-17
sound by vibrating,-2.0816681711721685e-17
produce sound but,-2.0816681711721685e-17
playing broadcast,-2.0816681711721685e-17
utilize,-2.0816681711721685e-17
answer for,-2.0816681711721685e-17
their green color,-2.0816681711721685e-17
strings,-2.0816681711721685e-17
which are made,-2.0816681711721685e-17
actions,-2.0816681711721685e-17
strings and hitting,-2.0816681711721685e-17
to obtain,-2.0816681711721685e-17
produce sound,-2.0816681711721685e-17
fertilizer,-2.0816681711721685e-17
or conditions such,-2.0816681711721685e-17
or conditions,-2.0816681711721685e-17
on piano,-2.0816681711721685e-17
therefore playing,-2.0816681711721685e-17
therefore playing the,-2.0816681711721685e-17
their green,-2.0816681711721685e-17
produces sound by,-2.0816681711721685e-17
sun energy more,-2.0816681711721685e-17
plants their green,-2.0816681711721685e-17
similarly playing broadcast,-2.0816681711721685e-17
considered,-2.0816681711721685e-17
of piano would,-2.0816681711721685e-17
in photosynthesis,-2.0816681711721685e-17
sun energy,-2.0816681711721685e-17
reduced,-2.0816681711721685e-17
chlorophyll does,-2.0816681711721685e-17
similarly playing,-2.0816681711721685e-17
song,-2.0816681711721685e-17
reduced sunlight,-2.0816681711721685e-17
sunlight availability while,-2.0816681711721685e-17
song on,-2.0816681711721685e-17
song on piano,-2.0816681711721685e-17
so it,-2.0816681711721685e-17
so it is,-2.0816681711721685e-17
particularly light from,-2.0816681711721685e-17
particularly light,-2.0816681711721685e-17
the instrument similarly,-2.0816681711721685e-17
plants their,-2.0816681711721685e-17
the instrument,-2.0816681711721685e-17
reduced sunlight availability,-2.0816681711721685e-17
converts,-2.0816681711721685e-17
red parts of,-2.0816681711721685e-17
the sun energy,-2.0816681711721685e-17
red parts,-2.0816681711721685e-17
of the given,-2.0816681711721685e-17
red,-2.0816681711721685e-17
sunlight availability,-2.0816681711721685e-17
rain and fertilizer,-2.0816681711721685e-17
chlorophyll does not,-2.0816681711721685e-17
recital would,-2.0816681711721685e-17
while chlorophyll does,-2.0816681711721685e-17
question acid rain,-2.0816681711721685e-17
it is the,-2.0816681711721685e-17
piano would,-2.0816681711721685e-17
the pigment,-2.0816681711721685e-17
rather in non,-2.0816681711721685e-17
the pigment that,-2.0816681711721685e-17
pollen it is,-2.0816681711721685e-17
piano which are,-2.0816681711721685e-17
piano which,-2.0816681711721685e-17
are made of,-2.0816681711721685e-17
piano therefore playing,-2.0816681711721685e-17
piano therefore,-2.0816681711721685e-17
process allows plants,-2.0816681711721685e-17
process allows,-2.0816681711721685e-17
spectrum and,-2.0816681711721685e-17
the electromagnetic,-2.0816681711721685e-17
piano would not,-2.0816681711721685e-17
rather in,-2.0816681711721685e-17
vibrating,-2.0816681711721685e-17
this process allows,-2.0816681711721685e-17
pigment that absorbs,-2.0816681711721685e-17
pollen,-2.0816681711721685e-17
of keys would,-2.0816681711721685e-17
would not produce,-2.0816681711721685e-17
area,-2.0816681711721685e-17
pigment that gives,-2.0816681711721685e-17
result in,-2.0816681711721685e-17
of keys,-2.0816681711721685e-17
grow lights are,-2.0816681711721685e-17
rather damage,-2.0816681711721685e-17
result in sound,-2.0816681711721685e-17
or recital would,-2.0816681711721685e-17
pollen it,-2.0816681711721685e-17
rather damage the,-2.0816681711721685e-17
the electromagnetic spectrum,-2.0816681711721685e-17
while chlorophyll,-2.0816681711721685e-17
of the electromagnetic,-2.0816681711721685e-17
damage,-2.0816681711721685e-17
spectrum and converts,-2.0816681711721685e-17
playing song on,-2.0816681711721685e-17
question acid,-2.0816681711721685e-17
with reduced,-2.0816681711721685e-17
are made,-2.0816681711721685e-17
canyons are,-2.0816681711721685e-17
photosynthesis so,-2.0816681711721685e-17
playing broadcast concert,-2.0816681711721685e-17
photosynthesis so it,-2.0816681711721685e-17
sound by,-2.0816681711721685e-17
playing song,-2.0816681711721685e-17
vibrating its strings,-2.0816681711721685e-17
recital would not,-2.0816681711721685e-17
vibrating its,-2.0816681711721685e-17
of piano which,-2.0816681711721685e-17
lights are,-2.0816681711721685e-17
physical actions or,-2.0816681711721685e-17
to absorb and,-2.0816681711721685e-17
physical actions,-2.0816681711721685e-17
photosynthesis this,-2.0816681711721685e-17
playing lute broadcast,-2.0816681711721685e-17
such as playing,-2.0816681711721685e-17
with reduced sunlight,-2.0816681711721685e-17
photosynthesis this process,-2.0816681711721685e-17
vapor into the,-2.1250362580715887e-17
rain is often,-2.1250362580715887e-17
scenario,-2.1250362580715887e-17
in the atmosphere,-2.1250362580715887e-17
rain is,-2.1250362580715887e-17
vapor into,-2.1250362580715887e-17
wind can be,-2.1250362580715887e-17
through their leaves,-2.1250362580715887e-17
release,-2.1250362580715887e-17
transporting them from,-2.1250362580715887e-17
transporting them,-2.1250362580715887e-17
transpiration by,-2.1250362580715887e-17
the water cycle,-2.1250362580715887e-17
transpiration by picking,-2.1250362580715887e-17
water and transporting,-2.1250362580715887e-17
release water,-2.1250362580715887e-17
transpiration due,-2.1250362580715887e-17
transpiration due to,-2.1250362580715887e-17
cycle and,-2.1250362580715887e-17
particles of water,-2.1250362580715887e-17
transporting,-2.1250362580715887e-17
the atmosphere,-2.1250362580715887e-17
them from,-2.1250362580715887e-17
their leaves this,-2.1250362580715887e-17
water vapor into,-2.1250362580715887e-17
picking up,-2.1250362580715887e-17
picking,-2.1250362580715887e-17
picking up loose,-2.1250362580715887e-17
process can contribute,-2.1250362580715887e-17
atmosphere,-2.1250362580715887e-17
the scenario,-2.1250362580715887e-17
to increased,-2.1250362580715887e-17
to increased evaporation,-2.1250362580715887e-17
to another this,-2.1250362580715887e-17
them from one,-2.1250362580715887e-17
water vapor,-2.1250362580715887e-17
their leaves,-2.1250362580715887e-17
release water vapor,-2.1250362580715887e-17
with increased,-2.1250362580715887e-17
plants release,-2.1250362580715887e-17
which plants release,-2.1250362580715887e-17
process is crucial,-2.1250362580715887e-17
which plants,-2.1250362580715887e-17
of the water,-2.1250362580715887e-17
plants release water,-2.1250362580715887e-17
water cycle and,-2.1250362580715887e-17
with increased transpiration,-2.1250362580715887e-17
water cycle,-2.1250362580715887e-17
speed processor these,-2.168404344971009e-17
or other device,-2.168404344971009e-17
to generate,-2.168404344971009e-17
with high speed,-2.168404344971009e-17
speed processor,-2.168404344971009e-17
wood is renewable,-2.168404344971009e-17
with high,-2.168404344971009e-17
processor,-2.168404344971009e-17
to calculate bitcoin,-2.168404344971009e-17
information,-2.168404344971009e-17
processor these,-2.168404344971009e-17
to calculate,-2.168404344971009e-17
process of mining,-2.168404344971009e-17
processor these devices,-2.168404344971009e-17
to the bitcoin,-2.168404344971009e-17
note that,-2.168404344971009e-17
computer or,-2.168404344971009e-17
type of counting,-2.168404344971009e-17
provided by computer,-2.168404344971009e-17
not require any,-2.168404344971009e-17
used to calculate,-2.168404344971009e-17
other device,-2.168404344971009e-17
used to generate,-2.168404344971009e-17
of mining,-2.168404344971009e-17
of mining metal,-2.168404344971009e-17
require any,-2.168404344971009e-17
other device with,-2.168404344971009e-17
solids,-2.168404344971009e-17
typically provided by,-2.168404344971009e-17
liquids gases,-2.168404344971009e-17
these devices,-2.168404344971009e-17
these devices are,-2.168404344971009e-17
operation abacus,-2.168404344971009e-17
operation abacus is,-2.168404344971009e-17
tool used to,-2.168404344971009e-17
operation itself,-2.168404344971009e-17
operation itself wood,-2.168404344971009e-17
to as bitcoin,-2.168404344971009e-17
power which is,-2.168404344971009e-17
bodily,-2.168404344971009e-17
to generate new,-2.168404344971009e-17
power which,-2.168404344971009e-17
at home however,-2.190088388420719e-17
home however it,-2.190088388420719e-17
home however,-2.190088388420719e-17
useful,-2.190088388420719e-17
indoor,-2.190088388420719e-17
water in,-2.211772431870429e-17
water in this,-2.211772431870429e-17
plastic is,-2.211772431870429e-17
food is,-2.211772431870429e-17
the process,-2.233456475320139e-17
cards are,-2.2551405187698492e-17
because greeting,-2.2551405187698492e-17
greeting cards are,-2.2551405187698492e-17
greeting cards in,-2.2551405187698492e-17
cards are typically,-2.2551405187698492e-17
undergo,-2.2551405187698492e-17
but it,-2.2551405187698492e-17
plants and,-2.2551405187698492e-17
keep,-2.2551405187698492e-17
because greeting cards,-2.2551405187698492e-17
cards in,-2.2551405187698492e-17
is because greeting,-2.2551405187698492e-17
to keep,-2.2551405187698492e-17
source of greeting,-2.2768245622195593e-17
teeth to,-2.2985086056692694e-17
skunk requires,-2.2985086056692694e-17
not common,-2.2985086056692694e-17
teeth,-2.2985086056692694e-17
is not common,-2.2985086056692694e-17
option for,-2.3201926491189795e-17
something,-2.3418766925686896e-17
that allow heat,-2.3418766925686896e-17
which do,-2.3418766925686896e-17
themselves to,-2.3418766925686896e-17
which do not,-2.3418766925686896e-17
allow heat to,-2.3418766925686896e-17
the growth,-2.3418766925686896e-17
because thermal conductors,-2.3418766925686896e-17
attach,-2.3418766925686896e-17
the growth of,-2.3418766925686896e-17
are materials,-2.3418766925686896e-17
are materials that,-2.3418766925686896e-17
attach themselves,-2.3418766925686896e-17
plates,-2.3418766925686896e-17
materials that allow,-2.3418766925686896e-17
materials that,-2.3418766925686896e-17
allow heat,-2.3418766925686896e-17
conductors are,-2.3418766925686896e-17
attach themselves to,-2.3418766925686896e-17
conductors are materials,-2.3418766925686896e-17
within,-2.3418766925686896e-17
thermal conductors are,-2.3418766925686896e-17
used for bitcoin,-2.3635607360183997e-17
of tool used,-2.3635607360183997e-17
requirement of being,-2.3635607360183997e-17
provided with,-2.3635607360183997e-17
transmitting bitcoins and,-2.3635607360183997e-17
operation requires the,-2.3635607360183997e-17
requirement of,-2.3635607360183997e-17
requirement,-2.3635607360183997e-17
or transmitting bitcoins,-2.3635607360183997e-17
transmitting bitcoins,-2.3635607360183997e-17
or transmitting,-2.3635607360183997e-17
transmitting,-2.3635607360183997e-17
operation metal is,-2.3635607360183997e-17
of tool,-2.3635607360183997e-17
do not meet,-2.3635607360183997e-17
typically provided with,-2.3635607360183997e-17
operation metal,-2.3635607360183997e-17
tool used for,-2.3635607360183997e-17
used for counting,-2.3635607360183997e-17
made from,-2.3635607360183997e-17
use of computer,-2.3635607360183997e-17
with an,-2.3635607360183997e-17
true,-2.3635607360183997e-17
wallets or,-2.3635607360183997e-17
the use of,-2.3635607360183997e-17
not meet the,-2.3635607360183997e-17
use of,-2.3635607360183997e-17
the requirement of,-2.3635607360183997e-17
or paper money,-2.3635607360183997e-17
wallets and,-2.3635607360183997e-17
requires the use,-2.3635607360183997e-17
wood can,-2.3635607360183997e-17
wood can be,-2.3635607360183997e-17
paper money the,-2.3635607360183997e-17
wood is not,-2.3635607360183997e-17
paper money while,-2.3635607360183997e-17
or paper,-2.3635607360183997e-17
requires the,-2.3635607360183997e-17
plastic is not,-2.3635607360183997e-17
while it is,-2.3635607360183997e-17
wallets or paper,-2.3635607360183997e-17
wallets and paper,-2.3635607360183997e-17
provided with an,-2.3635607360183997e-17
with an abacus,-2.3635607360183997e-17
the requirement,-2.3635607360183997e-17
true that,-2.3635607360183997e-17
storing,-2.3635607360183997e-17
the use,-2.3635607360183997e-17
meet the,-2.3635607360183997e-17
storing or,-2.3635607360183997e-17
storing or transmitting,-2.3635607360183997e-17
used for storing,-2.3635607360183997e-17
true that wood,-2.3635607360183997e-17
not meet,-2.3635607360183997e-17
because renewable resource,-2.3852447794681098e-17
resources however,-2.3852447794681098e-17
replenished or regenerated,-2.3852447794681098e-17
over time and,-2.3852447794681098e-17
replenished or,-2.3852447794681098e-17
often made,-2.3852447794681098e-17
resource that is,-2.3852447794681098e-17
in the same,-2.3852447794681098e-17
renewable resource that,-2.3852447794681098e-17
renewable resources however,-2.3852447794681098e-17
often made from,-2.3852447794681098e-17
resource is natural,-2.3852447794681098e-17
resource that can,-2.3852447794681098e-17
resources as they,-2.3852447794681098e-17
resources as,-2.3852447794681098e-17
replenished within,-2.3852447794681098e-17
resources however notebook,-2.3852447794681098e-17
regenerated over time,-2.3852447794681098e-17
regenerated,-2.3852447794681098e-17
very long time,-2.3852447794681098e-17
take very long,-2.3852447794681098e-17
time to,-2.3852447794681098e-17
through sustainable,-2.3852447794681098e-17
sustainable forestry practices,-2.3852447794681098e-17
styrofoam,-2.3852447794681098e-17
sustainable forestry,-2.3852447794681098e-17
paper due,-2.3852447794681098e-17
paper due to,-2.3852447794681098e-17
very,-2.3852447794681098e-17
very long,-2.3852447794681098e-17
paper is,-2.3852447794681098e-17
or regenerated over,-2.3852447794681098e-17
paper is non,-2.3852447794681098e-17
petroleum,-2.3852447794681098e-17
time and,-2.3852447794681098e-17
trees petroleum plastic,-2.3852447794681098e-17
trees petroleum,-2.3852447794681098e-17
replenished within human,-2.3852447794681098e-17
notebook paper is,-2.3852447794681098e-17
to form and,-2.3852447794681098e-17
practices making,-2.3852447794681098e-17
practices,-2.3852447794681098e-17
or regenerated,-2.3852447794681098e-17
time to form,-2.3852447794681098e-17
plates are all,-2.3852447794681098e-17
regenerated over,-2.3852447794681098e-17
they take,-2.3852447794681098e-17
to its abundance,-2.3852447794681098e-17
replenished over time,-2.3852447794681098e-17
over time through,-2.3852447794681098e-17
within human,-2.3852447794681098e-17
within human lifespan,-2.3852447794681098e-17
they take very,-2.3852447794681098e-17
replenished over,-2.3852447794681098e-17
time through,-2.3852447794681098e-17
time through sustainable,-2.3852447794681098e-17
through sustainable forestry,-2.3852447794681098e-17
take very,-2.3852447794681098e-17
time and notebook,-2.3852447794681098e-17
plays,-2.42861286636753e-17
species that is,-2.42861286636753e-17
through the,-2.42861286636753e-17
recital,-2.42861286636753e-17
lives,-2.439454888092385e-17
because there,-2.45029690981724e-17
it may,-2.47198095326695e-17
moving,-2.47198095326695e-17
no rationale,-2.47198095326695e-17
zebra would,-2.47198095326695e-17
conditions such,-2.47198095326695e-17
no rationale for,-2.47198095326695e-17
conditions such as,-2.47198095326695e-17
velocity,-2.47198095326695e-17
is no rationale,-2.47198095326695e-17
there is no,-2.47198095326695e-17
provides,-2.4774019641293776e-17
rulers and,-2.4936649967166602e-17
petroleum plastic rulers,-2.4936649967166602e-17
petroleum plastic,-2.4936649967166602e-17
not be replenished,-2.4936649967166602e-17
styrofoam plates,-2.4936649967166602e-17
styrofoam plates are,-2.4936649967166602e-17
plastic rulers and,-2.4936649967166602e-17
rationale is that,-2.4936649967166602e-17
plates are,-2.4936649967166602e-17
and styrofoam plates,-2.4936649967166602e-17
can not be,-2.4936649967166602e-17
and styrofoam,-2.4936649967166602e-17
rulers and styrofoam,-2.4936649967166602e-17
thermal conductors,-2.5045070184415152e-17
heat to,-2.5045070184415152e-17
of salt and,-2.5153490401663703e-17
salt and,-2.5153490401663703e-17
pressing,-2.5153490401663703e-17
cooking,-2.5587171270657905e-17
actually,-2.5587171270657905e-17
person,-2.585822181377928e-17
to simulate,-2.5912431922403556e-17
of light and,-2.5912431922403556e-17
used to simulate,-2.5912431922403556e-17
simulate,-2.5912431922403556e-17
simulate the,-2.5912431922403556e-17
to simulate the,-2.5912431922403556e-17
the plant lights,-2.5912431922403556e-17
simulate the sun,-2.5912431922403556e-17
energy to,-2.6020852139652106e-17
because gas is,-2.6020852139652106e-17
filled,-2.6020852139652106e-17
plants to absorb,-2.6020852139652106e-17
be filled,-2.6020852139652106e-17
asexual reproduction,-2.6020852139652106e-17
should,-2.6020852139652106e-17
should be,-2.6020852139652106e-17
primary,-2.6020852139652106e-17
volume and,-2.6020852139652106e-17
create,-2.6020852139652106e-17
play,-2.6020852139652106e-17
asexual,-2.6020852139652106e-17
through asexual reproduction,-2.6020852139652106e-17
reproduce through,-2.6020852139652106e-17
is type of,-2.6020852139652106e-17
this question should,-2.6020852139652106e-17
is type,-2.6020852139652106e-17
through asexual,-2.6020852139652106e-17
question should be,-2.6020852139652106e-17
reproduce through asexual,-2.6020852139652106e-17
might,-2.6020852139652106e-17
question should,-2.6020852139652106e-17
gas is liquid,-2.6020852139652106e-17
gas is,-2.6020852139652106e-17
and notebook paper,-2.6237692574149207e-17
and notebook,-2.6237692574149207e-17
concept,-2.6454533008646308e-17
options such,-2.656295322589486e-17
options such as,-2.656295322589486e-17
other options such,-2.656295322589486e-17
because remora,-2.688821387764051e-17
is because remora,-2.688821387764051e-17
because remora fish,-2.688821387764051e-17
is correct,-2.688821387764051e-17
choice is correct,-2.688821387764051e-17
which would,-2.721347452938616e-17
puppigerus,-2.7321894746634712e-17
to specialize,-2.7321894746634712e-17
of salt,-2.7538735181131813e-17
are in,-2.7755575615628914e-17
because gas can,-2.7755575615628914e-17
opposite of,-2.7755575615628914e-17
are,-2.7755575615628914e-17
hunt in,-2.7755575615628914e-17
helps them,-2.7755575615628914e-17
variable,-2.7755575615628914e-17
from trees,-2.7755575615628914e-17
if it,-2.7755575615628914e-17
crucial for,-2.7755575615628914e-17
the water to,-2.7755575615628914e-17
opposite of variable,-2.7755575615628914e-17
24 hours,-2.7755575615628914e-17
of variable,-2.7755575615628914e-17
the opposite of,-2.7755575615628914e-17
to hunt in,-2.7755575615628914e-17
is crucial for,-2.7755575615628914e-17
helps,-2.7755575615628914e-17
or showing,-2.7972416050126014e-17
the word,-2.7972416050126014e-17
showing skill in,-2.7972416050126014e-17
skill,-2.7972416050126014e-17
skill in,-2.7972416050126014e-17
skill in doing,-2.7972416050126014e-17
or showing skill,-2.7972416050126014e-17
word bureaucracy means,-2.7972416050126014e-17
word bureaucracy,-2.7972416050126014e-17
word,-2.7972416050126014e-17
showing skill,-2.7972416050126014e-17
showing,-2.7972416050126014e-17
the word bureaucracy,-2.7972416050126014e-17
be able to,-2.8189256484623115e-17
plant and the,-2.8189256484623115e-17
be able,-2.8189256484623115e-17
be used for,-2.8189256484623115e-17
plant and,-2.8189256484623115e-17
is renewable resource,-2.8514517136368767e-17
is renewable,-2.8514517136368767e-17
to adapt to,-2.862293735361732e-17
provided by,-2.862293735361732e-17
adapt,-2.862293735361732e-17
adapt to,-2.862293735361732e-17
generally,-2.862293735361732e-17
changes,-2.862293735361732e-17
concrete,-2.862293735361732e-17
common source of,-2.862293735361732e-17
meaning they,-2.862293735361732e-17
to adapt,-2.862293735361732e-17
important to,-2.862293735361732e-17
common source,-2.862293735361732e-17
asking,-2.905661822261152e-17
animal lived in,-2.905661822261152e-17
the animal lived,-2.905661822261152e-17
animal lived,-2.905661822261152e-17
that the animal,-2.905661822261152e-17
hitting the keys,-2.905661822261152e-17
hitting the,-2.905661822261152e-17
hitting,-2.905661822261152e-17
not directly related,-2.905661822261152e-17
directly related to,-2.905661822261152e-17
likely that,-2.905661822261152e-17
directly related,-2.905661822261152e-17
one hour,-2.916503843986007e-17
the car,-2.916503843986007e-17
50 miles,-2.916503843986007e-17
miles,-2.916503843986007e-17
50,-2.916503843986007e-17
important,-2.927345865710862e-17
liquids,-2.949029909160572e-17
this behavior is,-2.959871930885427e-17
as plants,-2.992397996059992e-17
respond to external,-3.0357660829594124e-17
anthill population,-3.0357660829594124e-17
population anthills,-3.0357660829594124e-17
stimuli,-3.0357660829594124e-17
population anthills are,-3.0357660829594124e-17
stimuli such as,-3.0357660829594124e-17
the injury of,-3.0357660829594124e-17
stimuli such,-3.0357660829594124e-17
population does,-3.0357660829594124e-17
of lawnmower,-3.0357660829594124e-17
the injury,-3.0357660829594124e-17
such as lawnmower,-3.0357660829594124e-17
the food chain,-3.0357660829594124e-17
weight,-3.0357660829594124e-17
size anthills,-3.0357660829594124e-17
the anthill population,-3.0357660829594124e-17
of lawnmower can,-3.0357660829594124e-17
population size anthills,-3.0357660829594124e-17
the increase,-3.0357660829594124e-17
the increase in,-3.0357660829594124e-17
population growth by,-3.0357660829594124e-17
of the food,-3.0357660829594124e-17
population growth,-3.0357660829594124e-17
therefore the increase,-3.0357660829594124e-17
or injuring,-3.0357660829594124e-17
to external stimuli,-3.0357660829594124e-17
population does not,-3.0357660829594124e-17
they are disturbed,-3.0357660829594124e-17
component of,-3.0357660829594124e-17
to external,-3.0357660829594124e-17
the entire food,-3.0357660829594124e-17
or injuring the,-3.0357660829594124e-17
size anthills do,-3.0357660829594124e-17
plants and when,-3.0357660829594124e-17
of plant and,-3.0357660829594124e-17
when they are,-3.0357660829594124e-17
other organisms therefore,-3.0574501264091225e-17
organisms therefore,-3.0574501264091225e-17
by the body,-3.0574501264091225e-17
renewable resource is,-3.0574501264091225e-17
resource is,-3.0574501264091225e-17
oxygen from,-3.0791341698588326e-17
oxygen from the,-3.0791341698588326e-17
contains,-3.1008182133085427e-17
storm can,-3.122502256758253e-17
when storm moves,-3.122502256758253e-17
parts of,-3.122502256758253e-17
when storm,-3.122502256758253e-17
building,-3.122502256758253e-17
parts of the,-3.122502256758253e-17
or cars which,-3.122502256758253e-17
matter of,-3.122502256758253e-17
can indicate,-3.122502256758253e-17
shed additionally tornado,-3.122502256758253e-17
shed additionally,-3.122502256758253e-17
through an,-3.122502256758253e-17
on the amount,-3.122502256758253e-17
sediment built,-3.122502256758253e-17
storm moves,-3.122502256758253e-17
storm moves through,-3.122502256758253e-17
of matter of,-3.122502256758253e-17
soil leading to,-3.122502256758253e-17
different,-3.122502256758253e-17
of sediment built,-3.122502256758253e-17
soil leading,-3.122502256758253e-17
shed this is,-3.122502256758253e-17
shed this,-3.122502256758253e-17
is common adaptation,-3.122502256758253e-17
sediment built up,-3.122502256758253e-17
through an area,-3.122502256758253e-17
matter of an,-3.122502256758253e-17
they can be,-3.122502256758253e-17
common adaptation,-3.122502256758253e-17
of soil leading,-3.122502256758253e-17
up and,-3.122502256758253e-17
sediment this is,-3.122502256758253e-17
up and move,-3.122502256758253e-17
regulate,-3.122502256758253e-17
parts,-3.122502256758253e-17
pick up and,-3.122502256758253e-17
indicate,-3.122502256758253e-17
leading to the,-3.122502256758253e-17
or cars,-3.122502256758253e-17
significant impact,-3.122502256758253e-17
storm can cause,-3.122502256758253e-17
such as shed,-3.122502256758253e-17
storm is,-3.122502256758253e-17
storm is not,-3.122502256758253e-17
significant impact on,-3.122502256758253e-17
greeting cards as,-3.165870343657673e-17
cards as,-3.165870343657673e-17
cards as they,-3.165870343657673e-17
part of,-3.209238430557093e-17
necessary for bitcoin,-3.209238430557093e-17
part,-3.209238430557093e-17
cycle,-3.252606517456513e-17
the seeds,-3.2959746043559335e-17
killing,-3.2959746043559335e-17
water and,-3.2959746043559335e-17
therefore the answer,-3.2959746043559335e-17
system,-3.2959746043559335e-17
shark reproduction cycle,-3.2959746043559335e-17
shark reproduction,-3.2959746043559335e-17
as support system,-3.2959746043559335e-17
as support,-3.2959746043559335e-17
support system,-3.2959746043559335e-17
the correct answer,-3.2959746043559335e-17
reproduction cycle,-3.2959746043559335e-17
pick,-3.2959746043559335e-17
artificial,-3.3285006695304986e-17
artificial light,-3.3285006695304986e-17
commonly used,-3.3411214604445877e-17
spectrum,-3.382710778154774e-17
and other,-3.382710778154774e-17
water or,-3.382710778154774e-17
bitcoin operation,-3.382710778154774e-17
may be,-3.382710778154774e-17
may be able,-3.382710778154774e-17
operation,-3.382710778154774e-17
allowing the,-3.415236843329339e-17
still,-3.426078865054194e-17
depend on,-3.426078865054194e-17
depend,-3.426078865054194e-17
can still,-3.426078865054194e-17
the air through,-3.426078865054194e-17
air through,-3.426078865054194e-17
and wood is,-3.426078865054194e-17
specialize,-3.4423418976414766e-17
not allow energy,-3.469446951953614e-17
food and,-3.469446951953614e-17
if the,-3.469446951953614e-17
would not allow,-3.469446951953614e-17
allow energy to,-3.469446951953614e-17
allow energy,-3.469446951953614e-17
through fabric,-3.469446951953614e-17
able,-3.469446951953614e-17
able to,-3.469446951953614e-17
energy to pass,-3.469446951953614e-17
pass through fabric,-3.469446951953614e-17
given unlike,-3.491130995403324e-17
fixed,-3.491130995403324e-17
of variable the,-3.5128150388530344e-17
of gas the,-3.5128150388530344e-17
gas and,-3.5128150388530344e-17
of liquid,-3.5128150388530344e-17
of liquid and,-3.5128150388530344e-17
smaller amount of,-3.5128150388530344e-17
smaller amount,-3.5128150388530344e-17
smaller container can,-3.5128150388530344e-17
weight gas,-3.5128150388530344e-17
weight gas can,-3.5128150388530344e-17
unlike liquid,-3.5128150388530344e-17
take up,-3.5128150388530344e-17
up the,-3.5128150388530344e-17
which has fixed,-3.5128150388530344e-17
which has,-3.5128150388530344e-17
up the entire,-3.5128150388530344e-17
specific container or,-3.5128150388530344e-17
size and weight,-3.5128150388530344e-17
specific container,-3.5128150388530344e-17
unlike liquid which,-3.5128150388530344e-17
take up the,-3.5128150388530344e-17
smaller container,-3.5128150388530344e-17
specify specific,-3.5128150388530344e-17
wood is,-3.5128150388530344e-17
specify specific container,-3.5128150388530344e-17
variable the,-3.5128150388530344e-17
sense in this,-3.5128150388530344e-17
they have,-3.5128150388530344e-17
will expand,-3.5128150388530344e-17
this context large,-3.5128150388530344e-17
variable the other,-3.5128150388530344e-17
of gas and,-3.5128150388530344e-17
will expand and,-3.5128150388530344e-17
the entire volume,-3.5128150388530344e-17
volume making,-3.5128150388530344e-17
volume making it,-3.5128150388530344e-17
produces,-3.5561831257524545e-17
to note that,-3.5561831257524545e-17
which is typically,-3.5561831257524545e-17
to note,-3.5561831257524545e-17
lute broadcast,-3.5561831257524545e-17
extinct,-3.5561831257524545e-17
they can,-3.5561831257524545e-17
produces sound,-3.5561831257524545e-17
or other,-3.5561831257524545e-17
important to note,-3.5561831257524545e-17
in its natural,-3.599551212651875e-17
fill,-3.599551212651875e-17
its natural,-3.599551212651875e-17
fill any container,-3.599551212651875e-17
are all,-3.599551212651875e-17
fill any,-3.599551212651875e-17
any container it,-3.599551212651875e-17
meet,-3.599551212651875e-17
skunk requires respiration,-3.604972223514302e-17
the skunk requires,-3.604972223514302e-17
fish species,-3.63207727782644e-17
and do,-3.642919299551295e-17
and do not,-3.642919299551295e-17
transmit,-3.642919299551295e-17
and can not,-3.642919299551295e-17
signals,-3.642919299551295e-17
not result,-3.642919299551295e-17
not result in,-3.642919299551295e-17
sunshine,-3.642919299551295e-17
to hunt,-3.642919299551295e-17
container that,-3.642919299551295e-17
remora fish,-3.642919299551295e-17
that contains,-3.642919299551295e-17
would not result,-3.642919299551295e-17
that contains liquid,-3.642919299551295e-17
aquatic,-3.642919299551295e-17
hunt,-3.642919299551295e-17
remora,-3.642919299551295e-17
weight and,-3.642919299551295e-17
is an example,-3.642919299551295e-17
contains liquid,-3.642919299551295e-17
container that contains,-3.642919299551295e-17
may,-3.686287386450715e-17
fish do,-3.686287386450715e-17
type of plant,-3.686287386450715e-17
of plant,-3.686287386450715e-17
behavior is,-3.686287386450715e-17
fish do not,-3.686287386450715e-17
is an,-3.686287386450715e-17
change that furry,-3.729655473350135e-17
not allow,-3.729655473350135e-17
stability,-3.729655473350135e-17
change that,-3.729655473350135e-17
nutrients for,-3.729655473350135e-17
animal might,-3.729655473350135e-17
that furry animal,-3.729655473350135e-17
furry animal might,-3.729655473350135e-17
the formation of,-3.729655473350135e-17
support and,-3.729655473350135e-17
related to the,-3.729655473350135e-17
formation of,-3.729655473350135e-17
is non renewable,-3.729655473350135e-17
that furry,-3.729655473350135e-17
is non,-3.729655473350135e-17
animal might adopt,-3.729655473350135e-17
and can,-3.729655473350135e-17
seasonal change that,-3.729655473350135e-17
support and stability,-3.729655473350135e-17
and stability,-3.729655473350135e-17
suction,-3.8163916471489756e-17
suction disk on,-3.8163916471489756e-17
pick their food,-3.8163916471489756e-17
pick their,-3.8163916471489756e-17
the food,-3.8163916471489756e-17
are not suitable,-3.8163916471489756e-17
them hitchhike and,-3.8163916471489756e-17
suction disk,-3.8163916471489756e-17
them hitchhike,-3.8163916471489756e-17
reproduction cycle additionally,-3.8163916471489756e-17
themselves to other,-3.8163916471489756e-17
suitable for,-3.8163916471489756e-17
suitable for their,-3.8163916471489756e-17
their food and,-3.8163916471489756e-17
on their heads,-3.8163916471489756e-17
to pick their,-3.8163916471489756e-17
to pick,-3.8163916471489756e-17
to other objects,-3.8163916471489756e-17
they are not,-3.8163916471489756e-17
their heads this,-3.8163916471489756e-17
their heads,-3.8163916471489756e-17
their food,-3.8163916471489756e-17
broadcast,-3.8163916471489756e-17
pumpkin growing,-3.8163916471489756e-17
this disk,-3.8163916471489756e-17
structures such as,-3.8163916471489756e-17
growing,-3.8163916471489756e-17
using specialized,-3.8163916471489756e-17
growing seeds,-3.8163916471489756e-17
systems therefore they,-3.8163916471489756e-17
systems therefore,-3.8163916471489756e-17
systems,-3.8163916471489756e-17
pumpkin growing seeds,-3.8163916471489756e-17
this disk helps,-3.8163916471489756e-17
uncomfortable,-3.8163916471489756e-17
their digestive,-3.8163916471489756e-17
unlike barnacles,-3.8163916471489756e-17
specialized suction disk,-3.8163916471489756e-17
not suitable,-3.8163916471489756e-17
system for shark,-3.8163916471489756e-17
system for,-3.8163916471489756e-17
specialized suction,-3.8163916471489756e-17
other objects or,-3.8163916471489756e-17
support system for,-3.8163916471489756e-17
other objects,-3.8163916471489756e-17
structures such,-3.8163916471489756e-17
using specialized suction,-3.8163916471489756e-17
or structures,-3.8163916471489756e-17
example of seasonal,-3.8163916471489756e-17
24,-3.8163916471489756e-17
teeth to pick,-3.8163916471489756e-17
or structures such,-3.8163916471489756e-17
of seasonal change,-3.8163916471489756e-17
such as barnacles,-3.8163916471489756e-17
of seasonal,-3.8163916471489756e-17
various marine,-3.8163916471489756e-17
their digestive systems,-3.8163916471489756e-17
unlike barnacles remora,-3.8163916471489756e-17
various marine environments,-3.8163916471489756e-17
remora fish are,-3.8163916471489756e-17
remora fish do,-3.8163916471489756e-17
to form,-3.848917712323541e-17
environments this,-3.859759734048396e-17
land environments this,-3.859759734048396e-17
land environments,-3.859759734048396e-17
which can carry,-3.881443777498106e-17
seeds on,-3.881443777498106e-17
to seeds while,-3.881443777498106e-17
this similarly,-3.881443777498106e-17
this similarly man,-3.881443777498106e-17
bodies,-3.881443777498106e-17
seeds on their,-3.881443777498106e-17
to seeds,-3.881443777498106e-17
of flowers does,-3.881443777498106e-17
on their bodies,-3.881443777498106e-17
do not apply,-3.881443777498106e-17
order flowers from,-3.881443777498106e-17
order flowers,-3.881443777498106e-17
this dogs,-3.881443777498106e-17
such as wind,-3.881443777498106e-17
while person,-3.881443777498106e-17
this dogs do,-3.881443777498106e-17
while person can,-3.881443777498106e-17
of flowers,-3.881443777498106e-17
similarly man,-3.881443777498106e-17
person can,-3.881443777498106e-17
such as dogs,-3.881443777498106e-17
their bodies other,-3.881443777498106e-17
ways like and,-3.881443777498106e-17
ways like,-3.881443777498106e-17
ways,-3.881443777498106e-17
apply,-3.881443777498106e-17
seeds while person,-3.881443777498106e-17
similarly man looking,-3.881443777498106e-17
their bodies,-3.881443777498106e-17
other creative ways,-3.881443777498106e-17
not apply,-3.881443777498106e-17
other creative,-3.881443777498106e-17
person can order,-3.881443777498106e-17
canyons,-3.903127820947816e-17
between the,-3.903127820947816e-17
color,-3.903127820947816e-17
transpiration,-3.903127820947816e-17
however it is,-3.90583832637903e-17
produced,-3.946495907847236e-17
different from,-3.9898639947466563e-17
freezing,-3.9898639947466563e-17
is different from,-3.9898639947466563e-17
are used,-3.9898639947466563e-17
will,-3.9898639947466563e-17
is different,-3.9898639947466563e-17
this is different,-3.9898639947466563e-17
precipitation,-3.9898639947466563e-17
deserts with,-4.0115480381963664e-17
support greeting cards,-4.0115480381963664e-17
support greeting,-4.0115480381963664e-17
to store or,-4.0332320816460765e-17
changes such,-4.0332320816460765e-17
to store more,-4.0332320816460765e-17
changes such as,-4.0332320816460765e-17
smell these factors,-4.0332320816460765e-17
store more,-4.0332320816460765e-17
or emit heat,-4.0332320816460765e-17
or emit,-4.0332320816460765e-17
other factors additionally,-4.0332320816460765e-17
or smell,-4.0332320816460765e-17
these factors are,-4.0332320816460765e-17
these factors,-4.0332320816460765e-17
or smell these,-4.0332320816460765e-17
other factors,-4.0332320816460765e-17
smell these,-4.0332320816460765e-17
store more heat,-4.0332320816460765e-17
temperature or smell,-4.0332320816460765e-17
therefore the choice,-4.0332320816460765e-17
the choice is,-4.0332320816460765e-17
environmental factors,-4.0332320816460765e-17
on other,-4.0332320816460765e-17
seasonal changes such,-4.0332320816460765e-17
seasonal changes,-4.0332320816460765e-17
the choice,-4.0332320816460765e-17
in turn can,-4.0332320816460765e-17
turn can,-4.0332320816460765e-17
or have hotter,-4.0332320816460765e-17
on other factors,-4.0332320816460765e-17
turn can affect,-4.0332320816460765e-17
or have,-4.0332320816460765e-17
store or emit,-4.0332320816460765e-17
environmental,-4.0332320816460765e-17
such as the,-4.0332320816460765e-17
store or,-4.0332320816460765e-17
and they do,-4.0440741033709315e-17
capable of,-4.0766001685454967e-17
capable,-4.0766001685454967e-17
live,-4.0766001685454967e-17
the anthill,-4.119968255444917e-17
made of,-4.119968255444917e-17
anthill,-4.119968255444917e-17
pigment that,-4.163336342344337e-17
omnivores and opportunistic,-4.163336342344337e-17
to malnutrition,-4.163336342344337e-17
to malnutrition and,-4.163336342344337e-17
prime as it,-4.163336342344337e-17
scavengers like,-4.163336342344337e-17
omnivores and,-4.163336342344337e-17
other health problems,-4.163336342344337e-17
as it may,-4.163336342344337e-17
of food sources,-4.163336342344337e-17
to obtain the,-4.163336342344337e-17
of water and,-4.163336342344337e-17
keys of piano,-4.163336342344337e-17
of piano,-4.163336342344337e-17
as opossums and,-4.163336342344337e-17
that is,-4.163336342344337e-17
the creature health,-4.163336342344337e-17
other health,-4.163336342344337e-17
prime as,-4.163336342344337e-17
wide variety of,-4.163336342344337e-17
wide variety,-4.163336342344337e-17
wide,-4.163336342344337e-17
as opossums,-4.163336342344337e-17
scavengers like opossums,-4.163336342344337e-17
they consume,-4.163336342344337e-17
optimal,-4.163336342344337e-17
opportunistic eaters meaning,-4.163336342344337e-17
negatively,-4.163336342344337e-17
their natural,-4.163336342344337e-17
raccoons are,-4.163336342344337e-17
raccoons are omnivores,-4.163336342344337e-17
the necessary nutrients,-4.163336342344337e-17
or recital,-4.163336342344337e-17
problems,-4.163336342344337e-17
optimal health,-4.163336342344337e-17
of their natural,-4.163336342344337e-17
optimal health this,-4.163336342344337e-17
this can negatively,-4.163336342344337e-17
sound but,-4.163336342344337e-17
sound but rather,-4.163336342344337e-17
or if,-4.163336342344337e-17
small animals as,-4.163336342344337e-17
small animals,-4.163336342344337e-17
or if it,-4.163336342344337e-17
impact the,-4.163336342344337e-17
their natural diet,-4.163336342344337e-17
opportunistic eaters,-4.163336342344337e-17
problems in,-4.163336342344337e-17
sources including fruits,-4.163336342344337e-17
they consume wide,-4.163336342344337e-17
impact the creature,-4.163336342344337e-17
such as opossums,-4.163336342344337e-17
variety of food,-4.163336342344337e-17
is because the,-4.163336342344337e-17
creature health,-4.163336342344337e-17
it will,-4.163336342344337e-17
opportunistic,-4.163336342344337e-17
it may not,-4.163336342344337e-17
problems in contrast,-4.163336342344337e-17
adapted,-4.206704429243757e-17
adapted to,-4.206704429243757e-17
might adopt,-4.206704429243757e-17
complex,-4.2717565595928875e-17
through various,-4.2934406030425976e-17
non renewable,-4.2934406030425976e-17
the bitcoin,-4.336808689942018e-17
or animals,-4.336808689942018e-17
or animals such,-4.336808689942018e-17
the bitcoin operation,-4.336808689942018e-17
dispersed through various,-4.336808689942018e-17
wind water or,-4.336808689942018e-17
because seeds can,-4.336808689942018e-17
wind water,-4.336808689942018e-17
population size,-4.336808689942018e-17
animals such,-4.336808689942018e-17
animals such as,-4.336808689942018e-17
dispersed through,-4.336808689942018e-17
water or animals,-4.336808689942018e-17
is because seeds,-4.336808689942018e-17
gases,-4.336808689942018e-17
seeds can be,-4.336808689942018e-17
can be dispersed,-4.336808689942018e-17
seeds can,-4.336808689942018e-17
land,-4.336808689942018e-17
be dispersed through,-4.336808689942018e-17
because seeds,-4.336808689942018e-17
to survive and,-4.380176776841438e-17
survive and,-4.380176776841438e-17
their new,-4.380176776841438e-17
can lead,-4.403216073006755e-17
can lead to,-4.403216073006755e-17
and more,-4.423544863740858e-17
substance,-4.423544863740858e-17
other fish,-4.423544863740858e-17
species are,-4.423544863740858e-17
fish species are,-4.423544863740858e-17
volume,-4.466912950640278e-17
answer provides,-4.5102810375396984e-17
in turn,-4.5102810375396984e-17
they are,-4.5102810375396984e-17
which in turn,-4.5102810375396984e-17
which in,-4.5102810375396984e-17
and the answer,-4.5102810375396984e-17
in aquatic environments,-4.5102810375396984e-17
the answer provides,-4.5102810375396984e-17
aquatic environments,-4.5102810375396984e-17
in aquatic,-4.5102810375396984e-17
its,-4.5102810375396984e-17
turn,-4.5102810375396984e-17
any container,-4.5102810375396984e-17
of being,-4.5102810375396984e-17
making it,-4.5536491244391186e-17
organisms trees do,-4.575333167888829e-17
organisms but it,-4.575333167888829e-17
organisms blood is,-4.575333167888829e-17
substance that,-4.575333167888829e-17
organisms blood,-4.575333167888829e-17
other organisms blood,-4.575333167888829e-17
substance that eats,-4.575333167888829e-17
requires respiration to,-4.575333167888829e-17
organisms and water,-4.575333167888829e-17
organisms and none,-4.575333167888829e-17
trees do,-4.575333167888829e-17
trees do not,-4.575333167888829e-17
produced by,-4.575333167888829e-17
plants consume other,-4.575333167888829e-17
plants consume,-4.575333167888829e-17
of what eats,-4.575333167888829e-17
produced by the,-4.575333167888829e-17
of what,-4.575333167888829e-17
organisms for food,-4.575333167888829e-17
organisms trees,-4.575333167888829e-17
other organisms trees,-4.575333167888829e-17
question asks what,-4.575333167888829e-17
organisms therefore the,-4.575333167888829e-17
water is not,-4.575333167888829e-17
to carry nutrients,-4.575333167888829e-17
requires respiration,-4.575333167888829e-17
while,-4.597017211338539e-17
emit,-4.597017211338539e-17
and water,-4.640385298237959e-17
thrive in,-4.683753385137379e-17
pumpkin,-4.683753385137379e-17
marine,-4.683753385137379e-17
man,-4.683753385137379e-17
structures,-4.683753385137379e-17
the same,-4.683753385137379e-17
be dispersed,-4.683753385137379e-17
role,-4.683753385137379e-17
would likely,-4.683753385137379e-17
same,-4.683753385137379e-17
role in,-4.683753385137379e-17
for making,-4.7271214720367993e-17
paper money,-4.7271214720367993e-17
used for making,-4.7271214720367993e-17
for making wallets,-4.7271214720367993e-17
money,-4.7271214720367993e-17
making wallets,-4.7271214720367993e-17
wallets,-4.7271214720367993e-17
looking at,-4.7704895589362195e-17
florist,-4.7704895589362195e-17
flowers from,-4.7704895589362195e-17
looking at bed,-4.7704895589362195e-17
bed of,-4.7704895589362195e-17
flowers from florist,-4.7704895589362195e-17
resource that,-4.7704895589362195e-17
at bed of,-4.7704895589362195e-17
seeds while,-4.7704895589362195e-17
at bed,-4.7704895589362195e-17
looking,-4.7704895589362195e-17
from florist,-4.7704895589362195e-17
man looking at,-4.7704895589362195e-17
live in,-4.7704895589362195e-17
bed,-4.7704895589362195e-17
man looking,-4.7704895589362195e-17
to carry,-4.8138576458356397e-17
survive and thrive,-4.846383711010205e-17
sense in,-4.85722573273506e-17
liquid and,-4.85722573273506e-17
do not make,-4.85722573273506e-17
not make,-4.85722573273506e-17
not make sense,-4.85722573273506e-17
make sense,-4.85722573273506e-17
storm,-4.85722573273506e-17
make sense in,-4.85722573273506e-17
sense,-4.85722573273506e-17
not directly,-4.9439619065339e-17
but rather,-4.9439619065339e-17
rainfall,-4.9439619065339e-17
with the,-4.971066960846038e-17
such as plants,-4.9873299934333204e-17
the fish,-4.9873299934333204e-17
blood,-4.9873299934333204e-17
can be replenished,-4.9873299934333204e-17
hour,-5.0090140368830305e-17
asks,-5.0306980803327406e-17
affect,-5.0306980803327406e-17
amounts,-5.0306980803327406e-17
any,-5.0306980803327406e-17
obtain,-5.0306980803327406e-17
object,-5.074066167232161e-17
notebook paper,-5.117434254131581e-17
various means such,-5.117434254131581e-17
various means,-5.117434254131581e-17
notebook,-5.117434254131581e-17
means such,-5.117434254131581e-17
through various means,-5.117434254131581e-17
means such as,-5.117434254131581e-17
for many,-5.204170427930421e-17
outerwear to celebrate,-5.220433460517704e-17
seasons allowing,-5.220433460517704e-17
seasons such as,-5.220433460517704e-17
out heavy outerwear,-5.220433460517704e-17
this behavior change,-5.220433460517704e-17
out heavy,-5.220433460517704e-17
seasonal change this,-5.220433460517704e-17
the furry,-5.220433460517704e-17
to the changing,-5.220433460517704e-17
similar behavior,-5.220433460517704e-17
to celebrate,-5.220433460517704e-17
to celebrate seasonal,-5.220433460517704e-17
seasons such,-5.220433460517704e-17
thrive in its,-5.220433460517704e-17
seasons making it,-5.220433460517704e-17
seasons making,-5.220433460517704e-17
similar behavior to,-5.220433460517704e-17
seasons this,-5.220433460517704e-17
change in,-5.220433460517704e-17
outerwear is an,-5.220433460517704e-17
outerwear to,-5.220433460517704e-17
seasons this behavior,-5.220433460517704e-17
pulling out heavy,-5.220433460517704e-17
pulling out its,-5.220433460517704e-17
out its,-5.220433460517704e-17
seasonal change in,-5.220433460517704e-17
would likely adopt,-5.220433460517704e-17
out its heavy,-5.220433460517704e-17
the furry animal,-5.220433460517704e-17
response to the,-5.220433460517704e-17
seasons allowing the,-5.220433460517704e-17
outerwear is,-5.220433460517704e-17
deserts,-5.2258544713801314e-17
typically provided,-5.2909066017292616e-17
mining,-5.2909066017292616e-17
is typically provided,-5.2909066017292616e-17
computer,-5.2909066017292616e-17
counting,-5.2909066017292616e-17
example of,-5.2909066017292616e-17
natural,-5.312590645178972e-17
meaning,-5.377642775528102e-17
not typically,-5.377642775528102e-17
adaptation,-5.377642775528102e-17
barnacles,-5.377642775528102e-17
and thrive,-5.421010862427522e-17
speed,-5.421010862427522e-17
are not used,-5.421010862427522e-17
other organisms and,-5.5077470362263625e-17
making it an,-5.5294310796760726e-17
it an,-5.5294310796760726e-17
minutes,-5.551115123125783e-17
therefore they are,-5.551115123125783e-17
fish are,-5.594483210025203e-17
is because gas,-5.610746242612485e-17
container it,-5.610746242612485e-17
container it is,-5.610746242612485e-17
is given,-5.610746242612485e-17
because gas,-5.610746242612485e-17
it is given,-5.610746242612485e-17
not be,-5.637851296924623e-17
provided,-5.702903427273753e-17
is crucial,-5.724587470723463e-17
and none of,-5.811323644522304e-17
and none,-5.811323644522304e-17
similar,-5.811323644522304e-17
take,-5.811323644522304e-17
when they,-5.898059818321144e-17
thrive,-5.898059818321144e-17
with,-5.898059818321144e-17
dispersed,-5.919743861770854e-17
temperature or,-5.941427905220564e-17
is because scavengers,-5.941427905220564e-17
because scavengers,-5.941427905220564e-17
sources including,-5.941427905220564e-17
omnivores,-5.941427905220564e-17
malnutrition,-5.941427905220564e-17
are omnivores,-5.941427905220564e-17
food is not,-5.941427905220564e-17
entire,-5.984795992119984e-17
similarly,-5.984795992119984e-17
suitable,-6.006480035569695e-17
chain,-6.071532165918825e-17
anthills are,-6.071532165918825e-17
in the colony,-6.071532165918825e-17
this is because,-6.071532165918825e-17
to pass,-6.071532165918825e-17
are typically,-6.071532165918825e-17
to pass through,-6.071532165918825e-17
food chain,-6.071532165918825e-17
time this,-6.071532165918825e-17
time this is,-6.071532165918825e-17
use,-6.071532165918825e-17
bitcoins,-6.093216209368535e-17
have been,-6.114900252818245e-17
been,-6.114900252818245e-17
they have been,-6.114900252818245e-17
years,-6.114900252818245e-17
vegetation,-6.158268339717665e-17
and small,-6.158268339717665e-17
the description of,-6.245004513516506e-17
tornado during,-6.245004513516506e-17
tornado during storm,-6.245004513516506e-17
fit the description,-6.245004513516506e-17
smaller,-6.245004513516506e-17
the description,-6.245004513516506e-17
sound,-6.245004513516506e-17
eating,-6.245004513516506e-17
during storm,-6.245004513516506e-17
description of,-6.245004513516506e-17
allow,-6.245004513516506e-17
its ability to,-6.331740687315346e-17
its ability,-6.331740687315346e-17
case,-6.375108774214766e-17
in this case,-6.418476861114186e-17
this case,-6.418476861114186e-17
additionally the,-6.440160904563896e-17
impact,-6.461844948013606e-17
larger,-6.461844948013606e-17
gas can,-6.505213034913027e-17
the water hunting,-6.570265165262157e-17
species are adapted,-6.570265165262157e-17
of years,-6.570265165262157e-17
other fish for,-6.570265165262157e-17
thousands,-6.570265165262157e-17
thousands of,-6.570265165262157e-17
thousands of years,-6.570265165262157e-17
over time this,-6.570265165262157e-17
the fish species,-6.570265165262157e-17
their new environment,-6.570265165262157e-17
to their new,-6.570265165262157e-17
water hunting and,-6.570265165262157e-17
water hunting,-6.570265165262157e-17
the entire,-6.591949208711867e-17
choices,-6.591949208711867e-17
the water,-6.765421556309548e-17
is not used,-6.852157730108388e-17
of an,-6.938893903907228e-17
dogs,-6.938893903907228e-17
pass through,-6.938893903907228e-17
pass,-6.938893903907228e-17
rather,-6.938893903907228e-17
case the,-6.982261990806649e-17
large,-6.982261990806649e-17
this case the,-6.982261990806649e-17
specialized,-7.014788055981214e-17
of gas,-7.025630077706069e-17
amount of gas,-7.025630077706069e-17
can hold,-7.025630077706069e-17
container can,-7.025630077706069e-17
expand,-7.025630077706069e-17
container can hold,-7.025630077706069e-17
expand and,-7.025630077706069e-17
heavy,-7.112366251504909e-17
not fit the,-7.112366251504909e-17
however it important,-7.112366251504909e-17
do not fit,-7.112366251504909e-17
not fit,-7.112366251504909e-17
fit the,-7.112366251504909e-17
fit,-7.112366251504909e-17
this can lead,-7.28583859910259e-17
the animal,-7.32920668600201e-17
bitcoin,-7.37257477290143e-17
of an object,-7.37257477290143e-17
this can,-7.37257477290143e-17
ability to,-7.45931094670027e-17
for example,-7.45931094670027e-17
rainfall and,-7.546047120499111e-17
food,-7.578573185673676e-17
other choices,-7.632783294297951e-17
would not,-7.632783294297951e-17
disk,-7.632783294297951e-17
the other choices,-7.632783294297951e-17
eat other organisms,-7.697835424647081e-17
eat other,-7.697835424647081e-17
are adapted,-7.719519468096792e-17
are adapted to,-7.719519468096792e-17
adapted to their,-7.719519468096792e-17
the creature,-7.719519468096792e-17
creature,-7.719519468096792e-17
scavengers,-7.719519468096792e-17
be replenished,-7.719519468096792e-17
replenished,-7.719519468096792e-17
do not typically,-7.762887554996212e-17
through creative means,-7.762887554996212e-17
like this,-7.762887554996212e-17
creative means,-7.762887554996212e-17
creative means like,-7.762887554996212e-17
means like,-7.762887554996212e-17
means like this,-7.762887554996212e-17
an example,-7.779150587583494e-17
an example of,-7.779150587583494e-17
respond to,-7.784571598445922e-17
respond,-7.784571598445922e-17
lawnmower,-7.806255641895632e-17
salt,-7.806255641895632e-17
given,-7.806255641895632e-17
on their,-7.892991815694472e-17
nail,-7.979727989493313e-17
the nail,-7.979727989493313e-17
hold,-8.066464163292153e-17
to store,-8.066464163292153e-17
volume of,-8.066464163292153e-17
volume of an,-8.066464163292153e-17
object can,-8.066464163292153e-17
an object can,-8.066464163292153e-17
the volume,-8.066464163292153e-17
the volume of,-8.066464163292153e-17
affect its,-8.066464163292153e-17
description,-8.153200337090993e-17
raccoons,-8.326672684688674e-17
because the,-8.326672684688674e-17
opossums,-8.326672684688674e-17
opossums and raccoons,-8.326672684688674e-17
opossums and,-8.326672684688674e-17
and raccoons,-8.326672684688674e-17
renewable resource,-8.435092901937224e-17
they do not,-8.500145032286355e-17
it important,-8.586881206085195e-17
it important to,-8.586881206085195e-17
liquid,-8.586881206085195e-17
adopt,-8.630249292984615e-17
do not eat,-8.673617379884035e-17
this behavior,-8.673617379884035e-17
specific,-8.760353553682876e-17
in its,-8.847089727481716e-17
support,-8.868773770931426e-17
store,-8.933825901280557e-17
furry,-8.977193988179977e-17
furry animal,-8.977193988179977e-17
new,-9.020562075079397e-17
not eat other,-9.150666335777657e-17
what eats other,-9.150666335777657e-17
what eats,-9.150666335777657e-17
however it,-9.194034422677078e-17
crucial,-9.280770596475918e-17
other choices do,-9.367506770274758e-17
choices do not,-9.367506770274758e-17
choices do,-9.367506770274758e-17
anthills,-9.540979117872439e-17
the colony population,-9.540979117872439e-17
colony population,-9.540979117872439e-17
hunting,-9.540979117872439e-17
fish,-9.71445146547012e-17
pulling out,-9.80118763926896e-17
pulling,-9.80118763926896e-17
paper,-9.8879238130678e-17
behavior,-9.8879238130678e-17
carry,-9.8879238130678e-17
therefore they,-1.0061396160665481e-16
out,-1.0061396160665481e-16
heavy outerwear,-1.0061396160665481e-16
flowers,-1.0061396160665481e-16
seasonal,-1.0061396160665481e-16
outerwear,-1.0061396160665481e-16
health,-1.0321604682062002e-16
greeting cards,-1.0364972768961422e-16
cards,-1.0364972768961422e-16
greeting,-1.0364972768961422e-16
not used for,-1.0408340855860843e-16
adaptation to cope,-1.0440866921035408e-16
adaptation to,-1.0440866921035408e-16
as pulling out,-1.0440866921035408e-16
as pulling,-1.0440866921035408e-16
such as pulling,-1.0440866921035408e-16
typically disperse seeds,-1.0581813203458523e-16
seeds through creative,-1.0581813203458523e-16
typically disperse,-1.0581813203458523e-16
disperse seeds through,-1.0581813203458523e-16
disperse,-1.0581813203458523e-16
not typically disperse,-1.0581813203458523e-16
disperse seeds,-1.0581813203458523e-16
seeds through,-1.0581813203458523e-16
through creative,-1.0581813203458523e-16
resource,-1.0733601507606494e-16
additionally,-1.0755285551056204e-16
means,-1.0755285551056204e-16
environment,-1.0928757898653885e-16
renewable,-1.0972125985553305e-16
factors,-1.1188966420050406e-16
the body to,-1.1275702593849246e-16
body to,-1.1275702593849246e-16
they do,-1.1752751549742868e-16
do,-1.1796119636642288e-16
the colony,-1.1796119636642288e-16
colony,-1.1796119636642288e-16
eat,-1.196959198423997e-16
not used,-1.20346441145891e-16
animal,-1.231653667943533e-16
seasonal change,-1.2663481374630692e-16
over,-1.2663481374630692e-16
over time,-1.2750217548429532e-16
not eat,-1.3487475025719675e-16
eats,-1.3704315460216776e-16
eats other,-1.3704315460216776e-16
eats other organisms,-1.3704315460216776e-16
time,-1.4051260155412137e-16
used for,-1.5178830414797062e-16
gas,-1.5352302762394743e-16
creative,-1.5525775109992423e-16
with the changing,-1.5590827240341554e-16
cope,-1.5590827240341554e-16
cope with the,-1.5590827240341554e-16
cope with,-1.5590827240341554e-16
to cope with,-1.5590827240341554e-16
to cope,-1.5590827240341554e-16
example,-1.6219664500383146e-16
such as,-1.8041124150158794e-16
on,-1.8041124150158794e-16
such,-1.8041124150158794e-16
through,-1.846396299742814e-16
container,-1.9081958235744878e-16
change,-1.97758476261356e-16
do not,-2.0122792321330962e-16
the changing seasons,-2.0881733842070815e-16
the changing,-2.0881733842070815e-16
seasons,-2.0881733842070815e-16
changing seasons,-2.0881733842070815e-16
or,-2.1163626406917047e-16
changing,-2.246466901389965e-16
they,-2.3245294578089215e-16
not,-2.498001805406602e-16
seeds,-2.8536201179818477e-16
