feature,importance
despite,6.38378239159465e-16
horror,6.314393452555578e-16
has,6.175615574477433e-16
the story,5.204170427930421e-16
emotional,5.065392549852277e-16
as well,4.891920202254596e-16
as,4.718447854656915e-16
the movie,4.718447854656915e-16
some reviewers,4.371503159461554e-16
strong,4.128641872824801e-16
but the,4.0245584642661925e-16
it,4.0072112295064244e-16
is not,3.86843335142828e-16
story,3.8163916471489756e-16
style,3.7470027081099033e-16
generally,3.677613769070831e-16
described,3.5388358909926865e-16
directed,3.469446951953614e-16
not,3.365363543395006e-16
by,3.2612801348363973e-16
as well as,3.2612801348363973e-16
well as,3.2612801348363973e-16
the film,3.191891195797325e-16
praised,3.191891195797325e-16
some critics,3.191891195797325e-16
depth,3.122502256758253e-16
and emotional,3.0878077872387166e-16
find,3.0531133177191805e-16
lacking in,3.0184188481996443e-16
while some,2.9891453895425357e-16
of the film,2.914335439641036e-16
is criticized,2.8406096919120216e-16
history,2.7755575615628914e-16
the movie is,2.740863092043355e-16
movie is,2.740863092043355e-16
titled,2.706168622523819e-16
movie,2.636779683484747e-16
criticize it,2.636779683484747e-16
and lacking in,2.5326962749261384e-16
american,2.498001805406602e-16
one of,2.498001805406602e-16
themes of,2.498001805406602e-16
follows the,2.463307335887066e-16
including,2.42861286636753e-16
complex,2.3592239273284576e-16
slightly,2.3592239273284576e-16
powerful,2.237793284010081e-16
opinions,2.220446049250313e-16
use of,2.220446049250313e-16
this the film,2.220446049250313e-16
but,2.220446049250313e-16
mixed,2.220446049250313e-16
characters,2.211772431870429e-16
who,2.185751579730777e-16
balance,2.1510571102112408e-16
lack,2.1510571102112408e-16
some reviewers appreciate,2.1423834928313568e-16
praise the,2.1163626406917047e-16
thriller and,2.1163626406917047e-16
featuring,2.0990154059319366e-16
lack of,2.0816681711721685e-16
explores the,2.0816681711721685e-16
be,2.0816681711721685e-16
despite its,2.0469737016526324e-16
renowned,2.0469737016526324e-16
the story of,2.0469737016526324e-16
and it,2.0469737016526324e-16
reviews and opinions,2.0122792321330962e-16
weak,2.0122792321330962e-16
performance the,1.968911145233676e-16
viewers,1.942890293094024e-16
tribute to the,1.942890293094024e-16
can be,1.942890293094024e-16
entertaining,1.942890293094024e-16
characters are,1.9212062496443139e-16
from,1.9081958235744878e-16
has received,1.8735013540549517e-16
the challenges,1.8735013540549517e-16
documentary that,1.8214596497756474e-16
feel that,1.8041124150158794e-16
have been,1.8041124150158794e-16
or,1.8041124150158794e-16
criticized the film,1.7867651802561113e-16
message,1.7694179454963432e-16
is generally,1.7694179454963432e-16
despite its flaws,1.7694179454963432e-16
features,1.7520707107365752e-16
film is also,1.734723475976807e-16
from critics,1.734723475976807e-16
attempts,1.734723475976807e-16
film for,1.734723475976807e-16
sense of,1.717376241217039e-16
moments,1.708702623837155e-16
line,1.700029006457271e-16
can,1.700029006457271e-16
however many,1.6978606021123e-16
provocative,1.682681771697503e-16
imagery,1.682681771697503e-16
some reviewers note,1.682681771697503e-16
the text describes,1.6653345369377348e-16
war,1.6653345369377348e-16
describes,1.6653345369377348e-16
awkwardly,1.6653345369377348e-16
text describes,1.6653345369377348e-16
and its,1.6653345369377348e-16
good,1.6566609195578508e-16
the characters are,1.6479873021779667e-16
like,1.6479873021779667e-16
acted and,1.6393136847980827e-16
explores themes of,1.6306400674181987e-16
explores themes,1.6306400674181987e-16
blume,1.6306400674181987e-16
game,1.6111244283134596e-16
is noted,1.6002824065886045e-16
criticized,1.5959455978986625e-16
romantic,1.5959455978986625e-16
praise the film,1.5959455978986625e-16
is disappointing,1.5785983631388945e-16
and engaging,1.5785983631388945e-16
young,1.5785983631388945e-16
the film explores,1.5612511283791264e-16
film explores,1.5612511283791264e-16
while it has,1.5612511283791264e-16
top,1.5612511283791264e-16
reviewers appreciate,1.5395670849294163e-16
influence,1.5265566588595902e-16
three,1.5265566588595902e-16
reviews about the,1.5265566588595902e-16
as its,1.5265566588595902e-16
feel,1.5265566588595902e-16
making it,1.5265566588595902e-16
themes,1.5265566588595902e-16
critics praise the,1.5146304349622497e-16
see for fans,1.5092094240998222e-16
it standout,1.5092094240998222e-16
costner,1.491862189340054e-16
however some,1.457167719820518e-16
are criticized for,1.446325698095663e-16
emotional depth,1.43982048506075e-16
thriller,1.43982048506075e-16
plays,1.4224732503009818e-16
but its,1.4224732503009818e-16
of the genre,1.4224732503009818e-16
fully,1.4051260155412137e-16
of the lives,1.4051260155412137e-16
strong performances,1.4007892068512717e-16
fall,1.3877787807814457e-16
which,1.3877787807814457e-16
received mixed reviews,1.3877787807814457e-16
received mixed,1.3877787807814457e-16
portrayal,1.3877787807814457e-16
others find,1.3877787807814457e-16
the film for,1.3877787807814457e-16
chantal,1.3877787807814457e-16
chantal akerman,1.3877787807814457e-16
culture,1.3877787807814457e-16
the complexities of,1.3704315460216776e-16
the film portrayal,1.3704315460216776e-16
film portrayal of,1.3704315460216776e-16
film portrayal,1.3704315460216776e-16
structure,1.3617579286417936e-16
flaws the,1.3530843112619095e-16
information,1.3530843112619095e-16
brings,1.3530843112619095e-16
action and,1.3530843112619095e-16
easy,1.3530843112619095e-16
critics found the,1.3444106938820255e-16
dour,1.3444106938820255e-16
effects the,1.3400738851920835e-16
well,1.3183898417423734e-16
to be,1.3183898417423734e-16
community,1.3183898417423734e-16
and lacking,1.3183898417423734e-16
opinions and,1.3183898417423734e-16
john,1.3183898417423734e-16
particularly from,1.3010426069826053e-16
unimpressive,1.3010426069826053e-16
the film themes,1.2988742026376343e-16
film themes,1.2988742026376343e-16
african american,1.2923689896027213e-16
critics also,1.2923689896027213e-16
beauty and,1.2923689896027213e-16
seen as,1.2858637765678083e-16
to the,1.2836953722228372e-16
disappointing,1.2836953722228372e-16
its unique,1.2836953722228372e-16
narrative,1.2836953722228372e-16
disappointment,1.2836953722228372e-16
as reminder,1.2576745200831851e-16
the text contains,1.249000902703301e-16
text contains,1.249000902703301e-16
violence the film,1.249000902703301e-16
is generally considered,1.24683249835833e-16
that it is,1.240327285323417e-16
adults,1.231653667943533e-16
some critics also,1.231653667943533e-16
psychology,1.2231155758352097e-16
human,1.214306433183765e-16
scares,1.214306433183765e-16
and entertaining,1.214306433183765e-16
group,1.214306433183765e-16
of brown,1.214306433183765e-16
describe the film,1.214306433183765e-16
is often described,1.209969624493823e-16
struggles to,1.196959198423997e-16
it is more,1.196959198423997e-16
performances of the,1.196959198423997e-16
well as its,1.1796119636642288e-16
about the movie,1.1796119636642288e-16
criticized as,1.1796119636642288e-16
overwhelmingly positive,1.1796119636642288e-16
akerman,1.1796119636642288e-16
simplistic,1.1796119636642288e-16
overly familiar,1.1752751549742868e-16
orridge,1.1709383462843448e-16
movie attempt to,1.1709383462843448e-16
it feel like,1.1709383462843448e-16
movie attempt,1.1709383462843448e-16
the movie attempt,1.1709383462843448e-16
realistic,1.1666015375944028e-16
and powerful,1.1622647289044608e-16
directed by john,1.1622647289044608e-16
message about the,1.1622647289044608e-16
is seen as,1.1590121223870042e-16
reviewers find it,1.1579279202145187e-16
well as the,1.1557595158695477e-16
and visual,1.1449174941446927e-16
compelling,1.1449174941446927e-16
boys,1.1449174941446927e-16
the film attempts,1.1449174941446927e-16
sense,1.1449174941446927e-16
film attempts,1.1449174941446927e-16
find the movie,1.1362438767648086e-16
is worth watching,1.1275702593849246e-16
both,1.1275702593849246e-16
visual,1.1275702593849246e-16
while some critics,1.1275702593849246e-16
criticize the film,1.1232334506949826e-16
developed,1.1188966420050406e-16
short,1.1188966420050406e-16
this the,1.1102230246251565e-16
to classic,1.1102230246251565e-16
film that,1.1102230246251565e-16
resulting in,1.1102230246251565e-16
criticize the,1.1102230246251565e-16
received,1.1102230246251565e-16
resulting,1.1102230246251565e-16
it is noted,1.1058862159352145e-16
save,1.1015494072452725e-16
the reviewers also,1.1015494072452725e-16
save it,1.1015494072452725e-16
film message,1.0928757898653885e-16
the film message,1.0928757898653885e-16
they appreciate,1.0842021724855044e-16
acceptance,1.0755285551056204e-16
the cast,1.0755285551056204e-16
young woman,1.0755285551056204e-16
media,1.0755285551056204e-16
is engaging,1.0755285551056204e-16
criticized the,1.0755285551056204e-16
historical,1.0755285551056204e-16
reviews critics,1.0755285551056204e-16
blends,1.0755285551056204e-16
with standout performances,1.0668549377257364e-16
they appreciate the,1.0668549377257364e-16
men,1.0603497246908233e-16
and often,1.0581813203458523e-16
filled,1.0581813203458523e-16
navigating,1.0581813203458523e-16
contributions to,1.0581813203458523e-16
of young,1.0581813203458523e-16
being overly,1.0581813203458523e-16
spirit of,1.0538445116559103e-16
underrated,1.0495077029659683e-16
is captivating,1.0451708942760263e-16
film the,1.0408340855860843e-16
at,1.0408340855860843e-16
attempt to balance,1.0408340855860843e-16
tone,1.0408340855860843e-16
appreciate the,1.0408340855860843e-16
is tribute to,1.0408340855860843e-16
is tribute,1.0408340855860843e-16
film and,1.0408340855860843e-16
critics describe it,1.0321604682062002e-16
various reviews,1.0299920638612292e-16
for its intimate,1.0278236595162582e-16
but it,1.0278236595162582e-16
its intimate,1.0278236595162582e-16
period,1.0278236595162582e-16
story of,1.0234868508263162e-16
and nuance,1.0148132334464322e-16
in war,1.0061396160665481e-16
some critics note,1.0061396160665481e-16
issues,1.0061396160665481e-16
of age drama,1.0061396160665481e-16
age drama,1.0061396160665481e-16
features strong,1.0061396160665481e-16
comedy film,1.0018028073766061e-16
science,9.974659986866641e-17
are not,9.8879238130678e-17
lost,9.8879238130678e-17
from lead,9.8879238130678e-17
be overly,9.8879238130678e-17
two,9.8879238130678e-17
often described as,9.84455572616838e-17
often described,9.84455572616838e-17
criticisms,9.80118763926896e-17
lives of,9.71445146547012e-17
performance,9.71445146547012e-17
crime thriller,9.71445146547012e-17
and disappointing,9.71445146547012e-17
fails to deliver,9.71445146547012e-17
critics describe the,9.71445146547012e-17
positive praising,9.71445146547012e-17
scares and,9.71445146547012e-17
who is,9.71445146547012e-17
reviewers also mention,9.6710833785707e-17
of time,9.627715291671279e-17
justice,9.584347204771859e-17
david,9.540979117872439e-17
writing,9.540979117872439e-17
yet,9.540979117872439e-17
the dark,9.540979117872439e-17
industry,9.540979117872439e-17
stylish,9.497611030973019e-17
paul,9.454242944073599e-17
through the,9.367506770274758e-17
it for being,9.367506770274758e-17
white heat,9.367506770274758e-17
describes documentary,9.367506770274758e-17
describes documentary titled,9.367506770274758e-17
is film that,9.367506770274758e-17
that subverts,9.367506770274758e-17
text describes documentary,9.367506770274758e-17
personal,9.367506770274758e-17
unique style,9.324138683375338e-17
tells,9.280770596475918e-17
critics praise,9.280770596475918e-17
mad,9.280770596475918e-17
has been criticized,9.280770596475918e-17
many others,9.194034422677078e-17
special effects,9.194034422677078e-17
making it standout,9.194034422677078e-17
potential,9.194034422677078e-17
unique,9.020562075079397e-17
follows,9.020562075079397e-17
biographical,9.020562075079397e-17
the characters,9.020562075079397e-17
its ability to,9.020562075079397e-17
1970s,9.020562075079397e-17
hilarious,9.020562075079397e-17
its flaws,9.020562075079397e-17
is documentary,9.020562075079397e-17
as the,9.020562075079397e-17
is biographical,9.020562075079397e-17
passion,9.020562075079397e-17
actor,8.933825901280557e-17
overall the movie,8.933825901280557e-17
and adults,8.847089727481716e-17
fight,8.847089727481716e-17
and struggles,8.847089727481716e-17
fall flat and,8.847089727481716e-17
and moving,8.847089727481716e-17
gags,8.847089727481716e-17
performance of,8.847089727481716e-17
thriller that,8.847089727481716e-17
becomes,8.847089727481716e-17
aspect,8.760353553682876e-17
while others find,8.760353553682876e-17
growing up,8.760353553682876e-17
and social,8.716985466783456e-17
clear,8.695301423333746e-17
stereotypes,8.673617379884035e-17
find it,8.673617379884035e-17
argue that,8.673617379884035e-17
of war,8.673617379884035e-17
is praised,8.673617379884035e-17
by kevin,8.673617379884035e-17
despite some,8.673617379884035e-17
dark,8.673617379884035e-17
has received mixed,8.673617379884035e-17
film potential,8.630249292984615e-17
1970,8.630249292984615e-17
the film potential,8.630249292984615e-17
of two,8.630249292984615e-17
are mixed,8.586881206085195e-17
film is noted,8.543513119185775e-17
stylish and,8.521829075736065e-17
film that may,8.500145032286355e-17
of black,8.500145032286355e-17
the importance of,8.500145032286355e-17
appreciate the film,8.500145032286355e-17
the importance,8.500145032286355e-17
chaotic,8.500145032286355e-17
it features,8.500145032286355e-17
importance of,8.500145032286355e-17
divided,8.4893030105615e-17
music the,8.413408858487514e-17
political,8.413408858487514e-17
hard,8.326672684688674e-17
find the,8.326672684688674e-17
despite this the,8.326672684688674e-17
effects of,8.326672684688674e-17
energetic,8.326672684688674e-17
some find it,8.326672684688674e-17
family,8.326672684688674e-17
also criticized for,8.326672684688674e-17
complex and,8.326672684688674e-17
dated,8.326672684688674e-17
and starring,8.326672684688674e-17
tribute and,8.326672684688674e-17
strong performances and,8.326672684688674e-17
its flaws the,8.326672684688674e-17
and is,8.326672684688674e-17
that is,8.326672684688674e-17
co,8.326672684688674e-17
cohesive,8.326672684688674e-17
noted for,8.326672684688674e-17
coming,8.326672684688674e-17
friends,8.326672684688674e-17
and lack,8.286015103220468e-17
culture and its,8.283304597789254e-17
but most,8.261620554339544e-17
living,8.239936510889834e-17
novel,8.153200337090993e-17
and it is,8.153200337090993e-17
revenge,8.153200337090993e-17
beauty,8.153200337090993e-17
value,8.153200337090993e-17
energetic and,8.153200337090993e-17
capturing the,8.153200337090993e-17
story the,8.153200337090993e-17
concludes,8.153200337090993e-17
not fully,8.088148206741863e-17
snow,8.066464163292153e-17
for its lack,8.055622141567298e-17
is survival,7.979727989493313e-17
each other,7.979727989493313e-17
masterpiece,7.979727989493313e-17
gay,7.979727989493313e-17
cast,7.979727989493313e-17
horror film,7.979727989493313e-17
dead,7.979727989493313e-17
feels,7.979727989493313e-17
loss,7.979727989493313e-17
drama with,7.979727989493313e-17
attempts to,7.979727989493313e-17
it explores,7.979727989493313e-17
girls,7.958043946043603e-17
which follows,7.936359902593892e-17
on familiar,7.936359902593892e-17
find it too,7.914675859144182e-17
also criticized with,7.892991815694472e-17
viewers may find,7.892991815694472e-17
film style,7.892991815694472e-17
that are,7.849623728795052e-17
noted,7.806255641895632e-17
is likely,7.806255641895632e-17
concert,7.806255641895632e-17
the movie pacing,7.806255641895632e-17
movie pacing,7.806255641895632e-17
woman,7.806255641895632e-17
the andromeda,7.760177049564998e-17
the andromeda strain,7.760177049564998e-17
andromeda strain,7.760177049564998e-17
andromeda,7.760177049564998e-17
film showcases the,7.719519468096792e-17
is personal,7.676151381197371e-17
has its,7.632783294297951e-17
and her,7.632783294297951e-17
covers,7.632783294297951e-17
as he,7.632783294297951e-17
the plot,7.632783294297951e-17
mediocre,7.632783294297951e-17
various reviews and,7.632783294297951e-17
themes but,7.632783294297951e-17
world war,7.589415207398531e-17
adherence to,7.546047120499111e-17
adherence,7.546047120499111e-17
the film dialogue,7.45931094670027e-17
film dialogue,7.45931094670027e-17
challenges of growing,7.45931094670027e-17
is poignant and,7.45931094670027e-17
an,7.45931094670027e-17
killer,7.45931094670027e-17
souza,7.45931094670027e-17
the film is,7.45931094670027e-17
during world,7.45931094670027e-17
its narrative,7.45931094670027e-17
during world war,7.45931094670027e-17
and lack of,7.420686244305474e-17
with unique,7.37257477290143e-17
hold,7.37257477290143e-17
which follows the,7.32920668600201e-17
they face,7.32920668600201e-17
thoughtful exploration,7.32920668600201e-17
thoughtful exploration of,7.32920668600201e-17
for its emotional,7.28583859910259e-17
capitalism,7.28583859910259e-17
is both,7.28583859910259e-17
thesis,7.28583859910259e-17
is classic,7.28583859910259e-17
presenting,7.28583859910259e-17
under,7.28583859910259e-17
richard,7.28583859910259e-17
middle,7.28583859910259e-17
role,7.28583859910259e-17
that is not,7.28583859910259e-17
that it,7.28583859910259e-17
are also criticized,7.26415455565288e-17
movie directed,7.19910242530375e-17
let it snow,7.19910242530375e-17
seattle,7.19910242530375e-17
with few,7.19910242530375e-17
movie directed by,7.19910242530375e-17
it snow,7.19910242530375e-17
follows the lives,7.19910242530375e-17
let it,7.19910242530375e-17
lead actor,7.177418381854039e-17
compelling story,7.155734338404329e-17
comic,7.155734338404329e-17
pacing and,7.112366251504909e-17
unpleasant,7.112366251504909e-17
this the movie,7.112366251504909e-17
others criticize the,7.112366251504909e-17
subject,7.112366251504909e-17
harmon,7.112366251504909e-17
and co,7.112366251504909e-17
revealing,7.047314121155779e-17
police,7.047314121155779e-17
lead actress,7.025630077706069e-17
due,7.025630077706069e-17
coherence,7.025630077706069e-17
which stars,7.025630077706069e-17
standout performances,6.993104012531504e-17
muslim,6.982261990806649e-17
human condition,6.982261990806649e-17
the human condition,6.982261990806649e-17
strain,6.971419969081794e-17
science fiction,6.955156936494511e-17
intriguing,6.938893903907228e-17
inventiveness,6.938893903907228e-17
original the,6.938893903907228e-17
its low,6.938893903907228e-17
for its,6.938893903907228e-17
praise,6.938893903907228e-17
appreciate,6.938893903907228e-17
cast particularly,6.938893903907228e-17
music,6.938893903907228e-17
wonder,6.938893903907228e-17
it is not,6.938893903907228e-17
its potential the,6.938893903907228e-17
however,6.938893903907228e-17
flaws,6.938893903907228e-17
resonance,6.917209860457518e-17
bill,6.895525817007808e-17
realistic portrayal of,6.895525817007808e-17
well developed,6.895525817007808e-17
realistic portrayal,6.895525817007808e-17
and character,6.852157730108388e-17
ambition,6.852157730108388e-17
the city,6.852157730108388e-17
the film title,6.852157730108388e-17
film title,6.852157730108388e-17
the beauty and,6.808789643208968e-17
and the characters,6.808789643208968e-17
and formulaic,6.787105599759258e-17
complete,6.765421556309548e-17
slow,6.765421556309548e-17
the spirit,6.765421556309548e-17
text reviews,6.765421556309548e-17
of originality,6.765421556309548e-17
storytelling the,6.765421556309548e-17
the text reviews,6.765421556309548e-17
irving,6.765421556309548e-17
to fans of,6.765421556309548e-17
bloody,6.765421556309548e-17
most,6.765421556309548e-17
mixed some critics,6.765421556309548e-17
devito,6.743737512859838e-17
sons,6.722053469410127e-17
the american,6.722053469410127e-17
disappointing comedy,6.722053469410127e-17
mostly negative,6.700369425960417e-17
self congratulatory and,6.678685382510707e-17
its subject,6.678685382510707e-17
its subject matter,6.678685382510707e-17
congratulatory and,6.678685382510707e-17
peace,6.678685382510707e-17
make it,6.678685382510707e-17
relationship between,6.657001339060997e-17
makes,6.648869822767356e-17
writing and,6.591949208711867e-17
tackle,6.591949208711867e-17
teenager,6.591949208711867e-17
flaws including,6.591949208711867e-17
into the,6.591949208711867e-17
performance from,6.591949208711867e-17
bad,6.591949208711867e-17
spirit of the,6.591949208711867e-17
could,6.591949208711867e-17
the life,6.591949208711867e-17
sun,6.591949208711867e-17
particularly in,6.591949208711867e-17
showcasing the,6.591949208711867e-17
its powerful and,6.591949208711867e-17
is film,6.591949208711867e-17
low budget,6.591949208711867e-17
being overly sentimental,6.570265165262157e-17
unconventional,6.548581121812447e-17
laughs,6.526897078362737e-17
its exploration,6.505213034913027e-17
action film,6.505213034913027e-17
its exploration of,6.505213034913027e-17
is noted for,6.505213034913027e-17
era,6.483528991463317e-17
artistic,6.461844948013606e-17
by paul,6.461844948013606e-17
story about,6.418476861114186e-17
film use of,6.418476861114186e-17
originality the,6.418476861114186e-17
movie follows the,6.418476861114186e-17
film is praised,6.418476861114186e-17
similar to,6.418476861114186e-17
film direction,6.418476861114186e-17
the film direction,6.418476861114186e-17
includes,6.418476861114186e-17
toole and,6.418476861114186e-17
watch overall,6.396792817664476e-17
is also seen,6.375108774214766e-17
by john carpenter,6.375108774214766e-17
heartwarming and,6.375108774214766e-17
but ultimately,6.364266752489911e-17
format,6.331740687315346e-17
film based on,6.331740687315346e-17
film based,6.331740687315346e-17
filmmaker,6.331740687315346e-17
likable,6.331740687315346e-17
enough to,6.331740687315346e-17
entertaining film,6.29514886399396e-17
is romantic,6.266688556966216e-17
films of,6.245004513516506e-17
its emotional,6.245004513516506e-17
text describes film,6.245004513516506e-17
film for being,6.245004513516506e-17
and the story,6.245004513516506e-17
the impact,6.245004513516506e-17
describes film,6.245004513516506e-17
exploring,6.245004513516506e-17
describes film titled,6.245004513516506e-17
descriptions,6.245004513516506e-17
directed by,6.245004513516506e-17
film attempts at,6.245004513516506e-17
discussion,6.245004513516506e-17
discussion and,6.245004513516506e-17
largely negative,6.245004513516506e-17
production values,6.245004513516506e-17
polar,6.245004513516506e-17
discusses the movie,6.245004513516506e-17
leave,6.245004513516506e-17
if,6.245004513516506e-17
no,6.245004513516506e-17
and not,6.245004513516506e-17
cold,6.223320470066795e-17
highly commended the,6.201636426617085e-17
also feel,6.201636426617085e-17
also feel that,6.201636426617085e-17
is highly,6.158268339717665e-17
the reviews of,6.158268339717665e-17
it the,6.158268339717665e-17
its strong,6.136584296267955e-17
to its subject,6.136584296267955e-17
of horror,6.117610758249459e-17
presence,6.114900252818245e-17
film themes of,6.114900252818245e-17
and creativity,6.071532165918825e-17
by miklos,6.071532165918825e-17
directed by miklos,6.071532165918825e-17
and that the,6.071532165918825e-17
lead,6.071532165918825e-17
and the importance,6.071532165918825e-17
the red,6.071532165918825e-17
the red and,6.071532165918825e-17
describing it as,6.071532165918825e-17
describing it,6.071532165918825e-17
beautifully,6.071532165918825e-17
village,6.071532165918825e-17
wrote the,6.071532165918825e-17
the role,6.071532165918825e-17
depiction of,6.071532165918825e-17
depiction,6.071532165918825e-17
white directed,6.071532165918825e-17
noted for its,6.071532165918825e-17
white directed by,6.071532165918825e-17
by miklos jancso,6.071532165918825e-17
make,6.071532165918825e-17
wrote,6.071532165918825e-17
strong cast,6.071532165918825e-17
feature,6.071532165918825e-17
and the white,6.071532165918825e-17
navigate,6.071532165918825e-17
london,6.071532165918825e-17
cronenberg,6.071532165918825e-17
the film unique,6.028164079019405e-17
performances and,6.028164079019405e-17
film unique,6.028164079019405e-17
are mixed with,5.984795992119984e-17
and its ability,5.984795992119984e-17
main character,5.984795992119984e-17
mixed with,5.984795992119984e-17
and heartwarming,5.984795992119984e-17
is more,5.984795992119984e-17
it from,5.984795992119984e-17
action,5.941427905220564e-17
tropes and,5.941427905220564e-17
death and,5.941427905220564e-17
praised and,5.919743861770854e-17
has some,5.898059818321144e-17
it overly,5.898059818321144e-17
loyalty,5.898059818321144e-17
others find it,5.898059818321144e-17
but criticized for,5.898059818321144e-17
the animation,5.898059818321144e-17
the cinematography,5.898059818321144e-17
main,5.898059818321144e-17
standout in,5.898059818321144e-17
story and,5.898059818321144e-17
to convey,5.898059818321144e-17
muddled,5.898059818321144e-17
watch for,5.898059818321144e-17
lange,5.898059818321144e-17
but criticized,5.898059818321144e-17
boy,5.898059818321144e-17
jungle,5.898059818321144e-17
the lives,5.898059818321144e-17
each,5.898059818321144e-17
victim,5.811323644522304e-17
throughout,5.811323644522304e-17
despite some criticisms,5.811323644522304e-17
which includes,5.811323644522304e-17
of emotional depth,5.767955557622884e-17
road movie,5.724587470723463e-17
the reviews for,5.724587470723463e-17
approach to storytelling,5.724587470723463e-17
photography and,5.724587470723463e-17
the film while,5.724587470723463e-17
men and,5.724587470723463e-17
industry the,5.724587470723463e-17
their experiences,5.724587470723463e-17
to maintain,5.724587470723463e-17
tells the story,5.724587470723463e-17
to storytelling,5.724587470723463e-17
tells the,5.724587470723463e-17
addressing,5.724587470723463e-17
relationship,5.724587470723463e-17
of friendship,5.724587470723463e-17
relies,5.702903427273753e-17
its potential,5.702903427273753e-17
and funny,5.681219383824043e-17
younger,5.681219383824043e-17
rhythms,5.681219383824043e-17
expectations,5.681219383824043e-17
nuanced portrayal of,5.681219383824043e-17
cliched,5.637851296924623e-17
comedy film titled,5.637851296924623e-17
and provides,5.637851296924623e-17
of action and,5.637851296924623e-17
bette,5.637851296924623e-17
performances particularly from,5.637851296924623e-17
is unique,5.594483210025203e-17
china,5.594483210025203e-17
and thrilling,5.567378155713065e-17
its own,5.551115123125783e-17
they,5.551115123125783e-17
reviews from,5.551115123125783e-17
reviews critics have,5.551115123125783e-17
it disappointing,5.551115123125783e-17
notable,5.551115123125783e-17
the film has,5.551115123125783e-17
mixed reviews from,5.551115123125783e-17
serving,5.551115123125783e-17
horror the,5.551115123125783e-17
film is generally,5.551115123125783e-17
the film directed,5.551115123125783e-17
basketball,5.551115123125783e-17
narrative the,5.551115123125783e-17
skateboarding,5.551115123125783e-17
narrative and,5.551115123125783e-17
film has,5.551115123125783e-17
midler,5.551115123125783e-17
humor the movie,5.551115123125783e-17
takes,5.551115123125783e-17
formula,5.551115123125783e-17
mamet,5.551115123125783e-17
movie pacing and,5.551115123125783e-17
reviews from critics,5.551115123125783e-17
captivating,5.551115123125783e-17
romantic comedy film,5.5185890579512176e-17
emotional resonance,5.5077470362263625e-17
and plot are,5.4643789493269423e-17
the writing,5.4643789493269423e-17
plot are,5.4643789493269423e-17
coen,5.4643789493269423e-17
melodrama,5.4643789493269423e-17
does,5.4643789493269423e-17
coen brothers,5.4643789493269423e-17
character is,5.4643789493269423e-17
me,5.4643789493269423e-17
found it,5.44811591673966e-17
frank,5.442694905877232e-17
direction and performances,5.421010862427522e-17
critics also feel,5.421010862427522e-17
praised and the,5.421010862427522e-17
question,5.421010862427522e-17
adherence to the,5.421010862427522e-17
the tone,5.4155898515650946e-17
of other,5.399326818977812e-17
to everyone,5.399326818977812e-17
strange,5.3830637863905295e-17
the performance of,5.377642775528102e-17
slow pace,5.377642775528102e-17
back,5.377642775528102e-17
tennant,5.377642775528102e-17
of lead,5.377642775528102e-17
formulaic,5.377642775528102e-17
tom cruise,5.377642775528102e-17
davis,5.377642775528102e-17
absorbing,5.377642775528102e-17
and satire,5.377642775528102e-17
as disappointing,5.377642775528102e-17
is comedy drama,5.377642775528102e-17
others found it,5.355958732078392e-17
magnificent,5.312590645178972e-17
is romantic comedy,5.3017486234541167e-17
competition,5.2909066017292616e-17
visually stunning and,5.2909066017292616e-17
cliches,5.2909066017292616e-17
reviews praise,5.2909066017292616e-17
forced humor,5.2909066017292616e-17
generally praise the,5.250249020261055e-17
aspects of the,5.2475385148298415e-17
the line between,5.204170427930421e-17
dimensional,5.204170427930421e-17
the line,5.204170427930421e-17
criticized some reviewers,5.204170427930421e-17
wilderness,5.204170427930421e-17
is modern,5.204170427930421e-17
given,5.204170427930421e-17
comedy that,5.204170427930421e-17
vincent,5.204170427930421e-17
the people,5.204170427930421e-17
unique perspective,5.204170427930421e-17
documentary titled,5.204170427930421e-17
tension,5.204170427930421e-17
charming cast,5.204170427930421e-17
also noted for,5.204170427930421e-17
actress,5.204170427930421e-17
line between,5.204170427930421e-17
commended,5.204170427930421e-17
is criticized as,5.204170427930421e-17
it tells,5.204170427930421e-17
praised but,5.204170427930421e-17
complexities of,5.204170427930421e-17
place in,5.204170427930421e-17
substance some,5.187907395343139e-17
schwarzenegger and,5.182486384480711e-17
features standout performance,5.160802341031001e-17
nuanced portrayal,5.160802341031001e-17
and realistic portrayal,5.160802341031001e-17
focused,5.160802341031001e-17
genre the film,5.160802341031001e-17
ellen,5.160802341031001e-17
features standout,5.160802341031001e-17
successful,5.128276275856436e-17
rich,5.117434254131581e-17
fitting,5.117434254131581e-17
story of young,5.117434254131581e-17
graphic,5.117434254131581e-17
others find the,5.117434254131581e-17
the complexities,5.117434254131581e-17
context and,5.117434254131581e-17
anthology,5.117434254131581e-17
and feel,5.063224145507306e-17
generally praised,5.0306980803327406e-17
march,5.0306980803327406e-17
final,5.0306980803327406e-17
drug,5.0306980803327406e-17
own,5.0306980803327406e-17
performance the film,5.0306980803327406e-17
satire of,5.0306980803327406e-17
performances are,5.0306980803327406e-17
dicaprio,5.0306980803327406e-17
formal,5.0306980803327406e-17
its charming,5.0306980803327406e-17
shortcomings,5.0306980803327406e-17
it from its,5.0306980803327406e-17
save it from,5.0306980803327406e-17
the classic,5.0306980803327406e-17
it ultimately,5.0306980803327406e-17
chaplin,5.0306980803327406e-17
compassion,5.0306980803327406e-17
she,5.0306980803327406e-17
that effectively,5.0306980803327406e-17
scenes,5.0306980803327406e-17
that blends,5.0306980803327406e-17
of faith,5.0306980803327406e-17
schwarzenegger,5.0090140368830305e-17
adolescence,4.9859747407177135e-17
its plot,4.96564594998361e-17
is documentary that,4.9439619065339e-17
of narrative,4.9439619065339e-17
creature,4.9439619065339e-17
marx brothers,4.9439619065339e-17
the marx brothers,4.9439619065339e-17
be forgettable,4.9439619065339e-17
casting,4.9439619065339e-17
the marx,4.9439619065339e-17
jonathan,4.9439619065339e-17
many critics praise,4.9439619065339e-17
max,4.9439619065339e-17
however others,4.9439619065339e-17
flat and,4.9439619065339e-17
clever and,4.9060148304969076e-17
heroism and,4.903304325065694e-17
and effective,4.90059381963448e-17
contribution,4.90059381963448e-17
performances it is,4.90059381963448e-17
audience and,4.90059381963448e-17
criticize the movie,4.90059381963448e-17
film is engaging,4.90059381963448e-17
contribution to,4.90059381963448e-17
complexities of the,4.889751797909625e-17
manus,4.87890977618477e-17
of divided,4.87890977618477e-17
max manus,4.87890977618477e-17
and culture,4.868067754459915e-17
criticized for,4.85722573273506e-17
upper class,4.85722573273506e-17
and clunky,4.85722573273506e-17
holds,4.85722573273506e-17
and dark,4.85722573273506e-17
also criticized,4.85722573273506e-17
stephen,4.85722573273506e-17
and human,4.85722573273506e-17
the human,4.85722573273506e-17
worth,4.85722573273506e-17
depth with,4.85722573273506e-17
upper,4.85722573273506e-17
the strong,4.85722573273506e-17
negative,4.85722573273506e-17
the war,4.85722573273506e-17
have praised,4.85722573273506e-17
argue,4.85722573273506e-17
faces,4.85722573273506e-17
the film use,4.85722573273506e-17
black,4.85722573273506e-17
one dimensional,4.85722573273506e-17
contains various reviews,4.85722573273506e-17
critics praised,4.85722573273506e-17
burning,4.85722573273506e-17
film use,4.85722573273506e-17
out,4.85722573273506e-17
not be,4.85722573273506e-17
conflict,4.85722573273506e-17
screwball,4.85722573273506e-17
value and its,4.85722573273506e-17
psychological,4.85722573273506e-17
clash,4.8518047218726323e-17
of youssou,4.83554168928535e-17
fiction film,4.83554168928535e-17
noir drama,4.83554168928535e-17
science fiction film,4.83554168928535e-17
of youssou dour,4.83554168928535e-17
characters and,4.824699667560495e-17
fluid,4.819278656698067e-17
and humor,4.8138576458356397e-17
abstract,4.8138576458356397e-17
it good,4.7969169868905537e-17
woman played,4.786752591523502e-17
it has some,4.786752591523502e-17
woman played by,4.786752591523502e-17
superficial and,4.7704895589362195e-17
and trauma,4.7704895589362195e-17
depth some,4.7704895589362195e-17
vardalos,4.7704895589362195e-17
lightweight,4.7704895589362195e-17
culture and,4.7704895589362195e-17
his life and,4.7704895589362195e-17
impact and,4.7704895589362195e-17
originality some,4.754226526348937e-17
complex themes,4.7379634937616544e-17
its unique take,4.7271214720367993e-17
and beautiful,4.7271214720367993e-17
important,4.7271214720367993e-17
loses,4.7271214720367993e-17
cassel,4.694595406862234e-17
vincent cassel,4.694595406862234e-17
film attempt,4.683753385137379e-17
unique approach,4.683753385137379e-17
musical comedy,4.683753385137379e-17
war and,4.683753385137379e-17
film features,4.683753385137379e-17
the film attempt,4.683753385137379e-17
directed by the,4.683753385137379e-17
war the,4.683753385137379e-17
consists of various,4.683753385137379e-17
urban,4.683753385137379e-17
reliance,4.683753385137379e-17
reliance on,4.683753385137379e-17
dimensional and,4.662069341687669e-17
its moments,4.640385298237959e-17
and relationships,4.640385298237959e-17
letter,4.640385298237959e-17
has its moments,4.640385298237959e-17
tackle complex,4.618701254788249e-17
to tackle complex,4.618701254788249e-17
on style,4.607859233063394e-17
particularly from the,4.597017211338539e-17
film about,4.597017211338539e-17
been more,4.597017211338539e-17
that follows,4.597017211338539e-17
british,4.597017211338539e-17
have been more,4.597017211338539e-17
nasty,4.597017211338539e-17
survival,4.575333167888829e-17
developed and,4.5536491244391186e-17
plot that,4.5536491244391186e-17
empathy and,4.5536491244391186e-17
explore the,4.5536491244391186e-17
hidden,4.5536491244391186e-17
energy,4.5536491244391186e-17
bizarre,4.5428071027142636e-17
disjointed,4.5319650809894085e-17
originality some reviewers,4.5197678065489466e-17
also find,4.5102810375396984e-17
for its effective,4.5102810375396984e-17
east,4.5102810375396984e-17
subjects,4.5102810375396984e-17
for those,4.5102810375396984e-17
also seen,4.5102810375396984e-17
although some,4.5102810375396984e-17
film style and,4.5102810375396984e-17
that is both,4.5102810375396984e-17
misguided,4.5102810375396984e-17
felt that,4.5102810375396984e-17
also seen as,4.5102810375396984e-17
treatment,4.5102810375396984e-17
compared to other,4.5102810375396984e-17
as mix of,4.5102810375396984e-17
noted but,4.5102810375396984e-17
1987,4.5102810375396984e-17
particularly those,4.5102810375396984e-17
highlight,4.5102810375396984e-17
approach to,4.5102810375396984e-17
suburb,4.5102810375396984e-17
works,4.5102810375396984e-17
north,4.5102810375396984e-17
been praised,4.5102810375396984e-17
clown,4.5102810375396984e-17
generally positive,4.5102810375396984e-17
well acted and,4.5102810375396984e-17
story the film,4.5102810375396984e-17
dialogue and the,4.5102810375396984e-17
an original,4.5102810375396984e-17
film can,4.5102810375396984e-17
scene,4.5102810375396984e-17
is generally praised,4.5102810375396984e-17
the 1987,4.5102810375396984e-17
film titled,4.5102810375396984e-17
the film can,4.5102810375396984e-17
fighting,4.4885969940899884e-17
sentimental and lacking,4.466912950640278e-17
cold war,4.466912950640278e-17
stereotypical,4.466912950640278e-17
watch the,4.423544863740858e-17
and realistic,4.423544863740858e-17
images,4.423544863740858e-17
curiosity,4.423544863740858e-17
creepy,4.423544863740858e-17
is visually,4.423544863740858e-17
praised its,4.423544863740858e-17
some find,4.423544863740858e-17
could have been,4.423544863740858e-17
the industry,4.423544863740858e-17
its leads,4.423544863740858e-17
complex relationship,4.423544863740858e-17
his family,4.423544863740858e-17
thin and,4.423544863740858e-17
engaging portrayal of,4.423544863740858e-17
subverts,4.423544863740858e-17
engaging portrayal,4.423544863740858e-17
tropes the,4.423544863740858e-17
critics agree that,4.401860820291148e-17
critics agree,4.401860820291148e-17
comedy,4.380176776841438e-17
camp,4.380176776841438e-17
thrills,4.358492733391728e-17
praising its,4.336808689942018e-17
the intersection,4.336808689942018e-17
while some reviewers,4.336808689942018e-17
the film strengths,4.336808689942018e-17
will,4.336808689942018e-17
of the challenges,4.336808689942018e-17
film strengths,4.336808689942018e-17
the intersection of,4.336808689942018e-17
of the story,4.336808689942018e-17
reviews and quotes,4.336808689942018e-17
present,4.336808689942018e-17
hearts,4.336808689942018e-17
bit,4.336808689942018e-17
considered disappointing and,4.336808689942018e-17
intersection of,4.336808689942018e-17
intersection,4.336808689942018e-17
and quotes,4.336808689942018e-17
film is directed,4.336808689942018e-17
and quotes about,4.336808689942018e-17
of age story,4.336808689942018e-17
quotes about,4.336808689942018e-17
watch for fans,4.336808689942018e-17
anthony hopkins,4.336808689942018e-17
madonna,4.336808689942018e-17
resistance,4.336808689942018e-17
come,4.336808689942018e-17
age story,4.336808689942018e-17
pathos,4.336808689942018e-17
pieces,4.336808689942018e-17
story however,4.336808689942018e-17
in depth,4.336808689942018e-17
that may appeal,4.336808689942018e-17
executed,4.336808689942018e-17
set pieces,4.336808689942018e-17
aims to,4.336808689942018e-17
the romance,4.3259666682171627e-17
the viewer,4.3151246464923076e-17
focused on,4.30970363562988e-17
criticized for not,4.2934406030425976e-17
david tennant,4.2934406030425976e-17
sicilian,4.279888075886529e-17
performance by ellen,4.2717565595928875e-17
condition the,4.2609145378680324e-17
character the film,4.2500725161431774e-17
rural,4.2500725161431774e-17
andrew scott,4.2500725161431774e-17
this beautiful,4.2500725161431774e-17
this beautiful fantastic,4.2500725161431774e-17
inspired,4.2500725161431774e-17
lacking in depth,4.2500725161431774e-17
production and,4.2500725161431774e-17
the president,4.2500725161431774e-17
and depth,4.2500725161431774e-17
president,4.2500725161431774e-17
feels like,4.2500725161431774e-17
but the movie,4.2500725161431774e-17
cerebral palsy,4.2500725161431774e-17
palsy,4.2500725161431774e-17
violence and lack,4.2500725161431774e-17
fantastic,4.2500725161431774e-17
of the cast,4.2500725161431774e-17
andrew,4.2500725161431774e-17
beautiful fantastic,4.2500725161431774e-17
movie explores themes,4.228388472693467e-17
classics,4.228388472693467e-17
friend,4.228388472693467e-17
film visual,4.206704429243757e-17
and nostalgic,4.206704429243757e-17
premise and,4.206704429243757e-17
taiwan,4.206704429243757e-17
the film visual,4.206704429243757e-17
its thoughtful exploration,4.195862407518902e-17
american history,4.195862407518902e-17
its emotional depth,4.185020385794047e-17
propaganda,4.185020385794047e-17
the original while,4.185020385794047e-17
original while,4.185020385794047e-17
ability to convey,4.163336342344337e-17
opinions and reviews,4.163336342344337e-17
overstuffed,4.163336342344337e-17
film can be,4.163336342344337e-17
plotlines,4.163336342344337e-17
misfire,4.163336342344337e-17
business,4.163336342344337e-17
my,4.163336342344337e-17
and plot,4.163336342344337e-17
reviews of,4.163336342344337e-17
katie,4.163336342344337e-17
lives the film,4.163336342344337e-17
lives the,4.163336342344337e-17
have praised the,4.163336342344337e-17
character,4.163336342344337e-17
structure and,4.163336342344337e-17
brown,4.163336342344337e-17
the history of,4.163336342344337e-17
the only,4.163336342344337e-17
reviews,4.163336342344337e-17
dialogue,4.163336342344337e-17
and unsettling,4.163336342344337e-17
challenges and,4.163336342344337e-17
trying,4.163336342344337e-17
drama starring,4.163336342344337e-17
critics have praised,4.163336342344337e-17
mixed but mostly,4.163336342344337e-17
the portrayal of,4.163336342344337e-17
suspenseful and,4.163336342344337e-17
to take,4.163336342344337e-17
and performances are,4.163336342344337e-17
note,4.163336342344337e-17
but mostly negative,4.163336342344337e-17
however others criticize,4.163336342344337e-17
several,4.163336342344337e-17
tim,4.163336342344337e-17
about man,4.163336342344337e-17
contains various opinions,4.163336342344337e-17
young man,4.163336342344337e-17
but mostly,4.163336342344337e-17
lavish,4.163336342344337e-17
its strong performances,4.141652298894627e-17
developed characters and,4.130810277169772e-17
special effects and,4.119968255444917e-17
of sesame,4.119968255444917e-17
unfunny,4.119968255444917e-17
moments the movie,4.119968255444917e-17
reviewers appreciate the,4.119968255444917e-17
rom,4.119968255444917e-17
of sesame street,4.119968255444917e-17
by martin,4.109126233720062e-17
martin,4.109126233720062e-17
weather for,4.0766001685454967e-17
be bit,4.0766001685454967e-17
is noted but,4.0766001685454967e-17
weather for the,4.0766001685454967e-17
commended the,4.0766001685454967e-17
beautiful costumes,4.0766001685454967e-17
1939,4.0766001685454967e-17
and character development,4.0766001685454967e-17
violence,4.0766001685454967e-17
the environment,4.0766001685454967e-17
depth and nuance,4.0766001685454967e-17
of the relationship,4.0766001685454967e-17
weather,4.0766001685454967e-17
black comedy,4.0766001685454967e-17
it tedious,4.0766001685454967e-17
commended the film,4.0766001685454967e-17
and nuanced portrayal,4.0766001685454967e-17
in modern,4.0766001685454967e-17
marine,4.0766001685454967e-17
follow,4.0766001685454967e-17
of group,4.0766001685454967e-17
premise,4.0766001685454967e-17
of group of,4.0766001685454967e-17
gritty and realistic,4.060337135958214e-17
while the documentary,4.0549161250957866e-17
and waste of,4.0440741033709315e-17
and waste,4.0440741033709315e-17
those who,4.0332320816460765e-17
musician,4.0332320816460765e-17
memphis,4.0332320816460765e-17
and witty,4.0223900599212215e-17
some have also,4.0223900599212215e-17
wertmuller,4.0223900599212215e-17
repetitive and,4.0115480381963664e-17
timely and,4.0115480381963664e-17
film is visually,4.006127027333939e-17
moody,3.9898639947466563e-17
those who are,3.9898639947466563e-17
faith,3.9898639947466563e-17
its well,3.9898639947466563e-17
film is often,3.9898639947466563e-17
and having,3.9898639947466563e-17
generations,3.9898639947466563e-17
western film,3.9898639947466563e-17
paced and,3.9898639947466563e-17
figure,3.9898639947466563e-17
humanity,3.9898639947466563e-17
history the,3.9898639947466563e-17
the central,3.9898639947466563e-17
the family,3.9898639947466563e-17
creativity and the,3.9898639947466563e-17
endearing,3.9898639947466563e-17
characters as,3.9898639947466563e-17
dark themes,3.9898639947466563e-17
challenges,3.9898639947466563e-17
consciousness,3.9898639947466563e-17
sex in the,3.9898639947466563e-17
sex in,3.9898639947466563e-17
gay sex,3.9898639947466563e-17
enough,3.9898639947466563e-17
school musical,3.9898639947466563e-17
well intentioned and,3.9898639947466563e-17
capture the essence,3.9898639947466563e-17
high school musical,3.9898639947466563e-17
gay sex in,3.9898639947466563e-17
intentioned and,3.9898639947466563e-17
waste of,3.9898639947466563e-17
humor some,3.9898639947466563e-17
with unique blend,3.9898639947466563e-17
gothic,3.9898639947466563e-17
numerous,3.9898639947466563e-17
meandering,3.9898639947466563e-17
with strong,3.9898639947466563e-17
chris,3.9898639947466563e-17
consensus is that,3.9898639947466563e-17
feel that the,3.9898639947466563e-17
many reviewers praise,3.979021973021801e-17
and uncomfortable,3.968179951296946e-17
is well acted,3.968179951296946e-17
visual effects,3.946495907847236e-17
others found,3.946495907847236e-17
portrayal of woman,3.946495907847236e-17
described as charming,3.946495907847236e-17
the nature,3.924811864397526e-17
the nature of,3.924811864397526e-17
dig,3.924811864397526e-17
gorgeously,3.913969842672671e-17
it fails,3.903127820947816e-17
it fails to,3.903127820947816e-17
its overall,3.903127820947816e-17
and narrative,3.903127820947816e-17
story with,3.903127820947816e-17
version of,3.903127820947816e-17
the retrieval,3.903127820947816e-17
that the characters,3.903127820947816e-17
class and,3.903127820947816e-17
and sentimental,3.903127820947816e-17
educational,3.903127820947816e-17
from its overall,3.903127820947816e-17
post,3.903127820947816e-17
music and,3.903127820947816e-17
to find,3.903127820947816e-17
performances it,3.892285799222961e-17
and must,3.8868647883605334e-17
reliance on cliches,3.881443777498106e-17
face,3.859759734048396e-17
portrayal of love,3.859759734048396e-17
movie is described,3.859759734048396e-17
challenges they face,3.859759734048396e-17
potential the film,3.859759734048396e-17
challenges they,3.859759734048396e-17
the film predictable,3.859759734048396e-17
film predictable,3.859759734048396e-17
the challenges they,3.859759734048396e-17
1982 film,3.8516282177547545e-17
1981,3.843496701461113e-17
but not,3.8163916471489756e-17
wild bill,3.8163916471489756e-17
comes,3.8163916471489756e-17
widely,3.8163916471489756e-17
drama the,3.8163916471489756e-17
drama about young,3.8163916471489756e-17
american men,3.8163916471489756e-17
film is charming,3.8163916471489756e-17
not well,3.8163916471489756e-17
walken,3.8163916471489756e-17
direction,3.8163916471489756e-17
balance action,3.8163916471489756e-17
dangers,3.8163916471489756e-17
dangers of,3.8163916471489756e-17
realities,3.8163916471489756e-17
of sex,3.8163916471489756e-17
originality with,3.8163916471489756e-17
female,3.8163916471489756e-17
to the life,3.8163916471489756e-17
tedious,3.8163916471489756e-17
balance action and,3.8163916471489756e-17
photography,3.8163916471489756e-17
mockumentary,3.8163916471489756e-17
to balance action,3.8163916471489756e-17
is low,3.8163916471489756e-17
amateurish and,3.8163916471489756e-17
and fails,3.8163916471489756e-17
unengaging,3.8163916471489756e-17
and may,3.8163916471489756e-17
action and drama,3.8163916471489756e-17
its execution is,3.8163916471489756e-17
romantic comedy,3.8163916471489756e-17
an average,3.8163916471489756e-17
slow and,3.8163916471489756e-17
of ambition,3.8163916471489756e-17
poor pacing,3.8163916471489756e-17
and the plot,3.8163916471489756e-17
however many reviewers,3.8163916471489756e-17
atmospheric,3.8163916471489756e-17
impressive,3.8163916471489756e-17
and fails to,3.8163916471489756e-17
it has also,3.8163916471489756e-17
descriptions of the,3.8163916471489756e-17
kate,3.813681141717762e-17
reed the,3.7960628564148724e-17
guilty pleasure,3.7947076036992655e-17
pleasure,3.7947076036992655e-17
polished,3.7947076036992655e-17
guilty,3.7947076036992655e-17
premise is,3.7947076036992655e-17
the rwandan genocide,3.7730235602495554e-17
the role of,3.7730235602495554e-17
the rwandan,3.7730235602495554e-17
keating,3.7730235602495554e-17
classic horror,3.7730235602495554e-17
of color,3.7730235602495554e-17
rwandan genocide,3.7730235602495554e-17
debut feature,3.7730235602495554e-17
role of,3.7730235602495554e-17
kinyarwanda,3.7730235602495554e-17
others feel that,3.767602549387128e-17
others feel,3.767602549387128e-17
is known for,3.7621815385247004e-17
is known,3.7621815385247004e-17
anne,3.74049749507499e-17
delivering,3.729655473350135e-17
1976,3.729655473350135e-17
panned the,3.729655473350135e-17
views,3.729655473350135e-17
critics some,3.729655473350135e-17
themes of love,3.729655473350135e-17
of grief,3.729655473350135e-17
to her,3.729655473350135e-17
however many others,3.729655473350135e-17
clash of,3.686287386450715e-17
condition,3.686287386450715e-17
some have,3.686287386450715e-17
engrossing,3.686287386450715e-17
not well executed,3.67544536472586e-17
anything,3.67544536472586e-17
heroism,3.664603343001005e-17
spike,3.664603343001005e-17
spike lee,3.664603343001005e-17
the film could,3.642919299551295e-17
and weakness some,3.642919299551295e-17
pelican dreams,3.642919299551295e-17
weakness some,3.642919299551295e-17
and its unique,3.642919299551295e-17
plot to,3.642919299551295e-17
emotional impact and,3.642919299551295e-17
time,3.642919299551295e-17
plot to be,3.642919299551295e-17
effects particularly the,3.642919299551295e-17
film could,3.642919299551295e-17
and immersive,3.642919299551295e-17
film titled the,3.642919299551295e-17
genocide,3.642919299551295e-17
instead,3.642919299551295e-17
saint,3.642919299551295e-17
similar,3.642919299551295e-17
reviewers find,3.642919299551295e-17
significant,3.642919299551295e-17
reviewers criticize the,3.642919299551295e-17
wife,3.642919299551295e-17
remarkable,3.642919299551295e-17
with her,3.642919299551295e-17
resilience,3.642919299551295e-17
suspenseful,3.642919299551295e-17
the performance,3.642919299551295e-17
toole,3.642919299551295e-17
victims,3.642919299551295e-17
forgiveness,3.642919299551295e-17
writer,3.642919299551295e-17
quiet,3.642919299551295e-17
of gay,3.642919299551295e-17
milarepa,3.642919299551295e-17
overblown,3.622505805522466e-17
uncomfortable,3.621235256101585e-17
the sicilian,3.618524750670371e-17
be charming,3.6117484870923366e-17
sharp script,3.61039323437673e-17
difficult to follow,3.599551212651875e-17
to follow,3.599551212651875e-17
and awkward,3.599551212651875e-17
and artistic,3.599551212651875e-17
true,3.599551212651875e-17
of death,3.599551212651875e-17
criticisms of,3.5900644436426266e-17
personal life and,3.5887091909270197e-17
mafia,3.585998685495806e-17
performances but,3.5778671692021646e-17
and art,3.564314642046096e-17
the young,3.5561831257524545e-17
character the,3.5561831257524545e-17
the energy,3.5561831257524545e-17
soulful,3.5561831257524545e-17
that it may,3.5561831257524545e-17
terrific,3.5561831257524545e-17
most agree,3.5561831257524545e-17
the 70s,3.5561831257524545e-17
many criticized the,3.5561831257524545e-17
is highly praised,3.5561831257524545e-17
tone is often,3.5561831257524545e-17
officer,3.5561831257524545e-17
cast the film,3.5561831257524545e-17
most agree that,3.5561831257524545e-17
of originality overall,3.5561831257524545e-17
farley,3.550762114890027e-17
the quiet earth,3.5344990823027445e-17
and being,3.5344990823027445e-17
the israeli,3.5297556977981204e-17
rim of the,3.5128150388530344e-17
rim,3.5128150388530344e-17
hush,3.5128150388530344e-17
rim of,3.5128150388530344e-17
poetry,3.5128150388530344e-17
confusing,3.5128150388530344e-17
awkward,3.5128150388530344e-17
the relationship,3.5128150388530344e-17
the relationship between,3.5128150388530344e-17
superficial,3.5128150388530344e-17
made the,3.491130995403324e-17
irreverent,3.491130995403324e-17
it as,3.491130995403324e-17
uplifting,3.491130995403324e-17
loose,3.491130995403324e-17
disjointed and,3.482999479109683e-17
comedy the film,3.480288973678469e-17
johnson,3.469446951953614e-17
document,3.469446951953614e-17
white,3.469446951953614e-17
archival footage,3.469446951953614e-17
of sports,3.469446951953614e-17
the parents,3.469446951953614e-17
often,3.469446951953614e-17
carrie pilby,3.469446951953614e-17
bel powley,3.469446951953614e-17
inconsistent and,3.469446951953614e-17
film is described,3.469446951953614e-17
bel,3.469446951953614e-17
off of the,3.469446951953614e-17
more of,3.469446951953614e-17
been criticized,3.469446951953614e-17
is often,3.469446951953614e-17
haunting and,3.469446951953614e-17
by ellen,3.469446951953614e-17
filled with,3.469446951953614e-17
it worthwhile,3.469446951953614e-17
ideas,3.469446951953614e-17
superficial and lacking,3.469446951953614e-17
worthwhile watch,3.469446951953614e-17
the main character,3.469446951953614e-17
film is powerful,3.469446951953614e-17
it worthwhile watch,3.469446951953614e-17
off of,3.469446951953614e-17
for being overly,3.469446951953614e-17
up in,3.469446951953614e-17
both entertaining,3.469446951953614e-17
unoriginal,3.469446951953614e-17
film explores themes,3.469446951953614e-17
pilby,3.469446951953614e-17
and opinions about,3.469446951953614e-17
are not fully,3.469446951953614e-17
the film does,3.469446951953614e-17
and visual style,3.469446951953614e-17
both entertaining and,3.469446951953614e-17
footage horror film,3.469446951953614e-17
of the parents,3.469446951953614e-17
set,3.469446951953614e-17
sequence,3.469446951953614e-17
affecting,3.469446951953614e-17
film does,3.469446951953614e-17
of the conflict,3.469446951953614e-17
pelican,3.469446951953614e-17
crime and,3.469446951953614e-17
explores the lives,3.469446951953614e-17
peace and,3.469446951953614e-17
focuses on the,3.469446951953614e-17
mixed but most,3.447762908503904e-17
momentum,3.436920886779049e-17
walk of shame,3.426078865054194e-17
that focuses,3.426078865054194e-17
other works like,3.426078865054194e-17
and bette,3.426078865054194e-17
of film,3.426078865054194e-17
walk,3.426078865054194e-17
that focuses on,3.426078865054194e-17
of shame,3.426078865054194e-17
elizabeth,3.426078865054194e-17
note the film,3.426078865054194e-17
note the,3.426078865054194e-17
walk of,3.426078865054194e-17
film gritty,3.415236843329339e-17
the film gritty,3.415236843329339e-17
film gritty and,3.415236843329339e-17
its influence on,3.415236843329339e-17
and compelling,3.404394821604484e-17
slow paced,3.404394821604484e-17
developed characters,3.404394821604484e-17
well developed characters,3.404394821604484e-17
few reviewers criticize,3.404394821604484e-17
and experimental,3.382710778154774e-17
women in,3.382710778154774e-17
praised making,3.382710778154774e-17
of the complexities,3.382710778154774e-17
the film plot,3.382710778154774e-17
praised making it,3.382710778154774e-17
woody allen,3.382710778154774e-17
features mix,3.382710778154774e-17
heads,3.382710778154774e-17
hitchcock,3.382710778154774e-17
sense of unease,3.382710778154774e-17
of unease,3.382710778154774e-17
entertaining but,3.382710778154774e-17
ice,3.382710778154774e-17
its energy,3.382710778154774e-17
minor,3.382710778154774e-17
the lack,3.382710778154774e-17
movie pacing is,3.382710778154774e-17
features mix of,3.382710778154774e-17
performances however,3.382710778154774e-17
neo,3.382710778154774e-17
unfulfilling,3.382710778154774e-17
flawed,3.382710778154774e-17
the lack of,3.382710778154774e-17
thoughtful,3.382710778154774e-17
film plot,3.382710778154774e-17
is praised and,3.382710778154774e-17
film atmospheric,3.371868756429919e-17
sentimental or,3.371868756429919e-17
the film atmospheric,3.371868756429919e-17
be dull,3.361026734705064e-17
military,3.361026734705064e-17
movie direction,3.361026734705064e-17
elgort,3.361026734705064e-17
jewison,3.361026734705064e-17
the movie direction,3.361026734705064e-17
arnold,3.35831622927385e-17
movie tone is,3.3393426912553537e-17
and naturalistic,3.3393426912553537e-17
motherhood,3.3393426912553537e-17
and the consequences,3.3393426912553537e-17
comedies and is,3.3393426912553537e-17
and good,3.3393426912553537e-17
peter toole,3.3068166260807885e-17
film witty,3.3068166260807885e-17
the film witty,3.3068166260807885e-17
to save it,3.2959746043559335e-17
its inventiveness,3.2959746043559335e-17
to save,3.2959746043559335e-17
history and,3.2959746043559335e-17
film the film,3.2959746043559335e-17
film technical,3.2959746043559335e-17
touches and,3.2959746043559335e-17
cinema,3.2959746043559335e-17
are praised however,3.2959746043559335e-17
for its inventiveness,3.2959746043559335e-17
the film technical,3.2959746043559335e-17
the film focuses,3.2959746043559335e-17
from critics while,3.2959746043559335e-17
critics while,3.2959746043559335e-17
cusack,3.2959746043559335e-17
performance it is,3.2959746043559335e-17
performance it,3.2959746043559335e-17
walter,3.2959746043559335e-17
enough to save,3.2959746043559335e-17
defined,3.2959746043559335e-17
journey as,3.2959746043559335e-17
however some critics,3.2959746043559335e-17
pacing lack,3.2959746043559335e-17
pacing lack of,3.2959746043559335e-17
panned with some,3.2959746043559335e-17
nostalgic,3.2959746043559335e-17
lacking the,3.2959746043559335e-17
actors and,3.2959746043559335e-17
love with,3.2959746043559335e-17
the portrayal,3.2959746043559335e-17
of tension,3.2959746043559335e-17
african,3.2959746043559335e-17
enjoy,3.2959746043559335e-17
alice,3.2959746043559335e-17
effects are,3.2959746043559335e-17
bold,3.2959746043559335e-17
as its ability,3.2959746043559335e-17
special effects are,3.2959746043559335e-17
film focuses,3.2959746043559335e-17
its slow,3.2959746043559335e-17
is based on,3.2959746043559335e-17
gives,3.2959746043559335e-17
is based,3.2959746043559335e-17
fall flat,3.2959746043559335e-17
trauma,3.2959746043559335e-17
and hilarious,3.278356319053044e-17
its forced,3.27564581362183e-17
must watch,3.2634485391813683e-17
psyche,3.258027528318941e-17
the 24th,3.252606517456513e-17
the making of,3.252606517456513e-17
making of,3.252606517456513e-17
seven,3.252606517456513e-17
directed by lina,3.252606517456513e-17
making of the,3.252606517456513e-17
movie features strong,3.252606517456513e-17
many have criticized,3.252606517456513e-17
however many have,3.252606517456513e-17
by lina,3.252606517456513e-17
by lina wertmuller,3.252606517456513e-17
beauties,3.252606517456513e-17
the making,3.252606517456513e-17
24th,3.252606517456513e-17
of both,3.252606517456513e-17
confusing and,3.252606517456513e-17
apart,3.252606517456513e-17
experimental,3.252606517456513e-17
lina,3.252606517456513e-17
lina wertmuller,3.252606517456513e-17
its well developed,3.252606517456513e-17
of originality some,3.247185506594086e-17
worthy,3.244475001162872e-17
as funny,3.230922474006803e-17
written,3.230922474006803e-17
blood,3.220080452281948e-17
and lacking depth,3.220080452281948e-17
and disturbing,3.209238430557093e-17
spin,3.209238430557093e-17
and passion,3.209238430557093e-17
performances from its,3.209238430557093e-17
feature length,3.209238430557093e-17
by liz,3.209238430557093e-17
complexities,3.209238430557093e-17
and its exploration,3.209238430557093e-17
against,3.209238430557093e-17
directed by liz,3.209238430557093e-17
gender,3.209238430557093e-17
of young woman,3.209238430557093e-17
reviewers have praised,3.209238430557093e-17
be more,3.209238430557093e-17
liz,3.209238430557093e-17
film is polarizing,3.209238430557093e-17
target,3.209238430557093e-17
its complex,3.198396408832238e-17
be as,3.187554387107383e-17
not be as,3.187554387107383e-17
the main,3.165870343657673e-17
the film relies,3.165870343657673e-17
overall they,3.165870343657673e-17
the action,3.165870343657673e-17
but overall they,3.165870343657673e-17
film relies,3.165870343657673e-17
clichéd and lacking,3.165870343657673e-17
overall consensus,3.165870343657673e-17
jeannie,3.165870343657673e-17
overall consensus is,3.165870343657673e-17
john ford,3.165870343657673e-17
movie is criticized,3.165870343657673e-17
the overall consensus,3.165870343657673e-17
of american,3.165870343657673e-17
at humor and,3.165870343657673e-17
for its strong,3.155028321932818e-17
and ambitious,3.155028321932818e-17
the found,3.144186300207963e-17
the found footage,3.144186300207963e-17
almost,3.144186300207963e-17
society and,3.144186300207963e-17
film premise is,3.144186300207963e-17
and atmospheric,3.144186300207963e-17
emile,3.133344278483108e-17
emile zola,3.133344278483108e-17
zola,3.133344278483108e-17
the film also,3.122502256758253e-17
text appears,3.122502256758253e-17
production values and,3.122502256758253e-17
drama that,3.122502256758253e-17
by mickey keating,3.122502256758253e-17
roth,3.122502256758253e-17
sincerity,3.122502256758253e-17
by mickey,3.122502256758253e-17
dynamics,3.122502256758253e-17
burn,3.122502256758253e-17
is also praised,3.122502256758253e-17
standout performance by,3.122502256758253e-17
create tension,3.122502256758253e-17
film that showcases,3.122502256758253e-17
text appears to,3.122502256758253e-17
of women,3.122502256758253e-17
darling,3.122502256758253e-17
the film pacing,3.122502256758253e-17
some critics praising,3.122502256758253e-17
film pacing,3.122502256758253e-17
celebrity,3.122502256758253e-17
still considered,3.122502256758253e-17
makes the,3.122502256758253e-17
comedy that explores,3.122502256758253e-17
viewers finding,3.122502256758253e-17
moments the,3.122502256758253e-17
slow the,3.122502256758253e-17
directed by mickey,3.122502256758253e-17
narrative drive,3.122502256758253e-17
narrative drive and,3.122502256758253e-17
slow burn,3.122502256758253e-17
be collection,3.122502256758253e-17
members,3.122502256758253e-17
be collection of,3.122502256758253e-17
watch the film,3.122502256758253e-17
viewers finding it,3.122502256758253e-17
that it fails,3.122502256758253e-17
disney animated,3.122502256758253e-17
the lives of,3.122502256758253e-17
disney animated film,3.122502256758253e-17
true story,3.122502256758253e-17
tropes,3.122502256758253e-17
control,3.122502256758253e-17
critique,3.122502256758253e-17
superhero,3.122502256758253e-17
have criticized,3.122502256758253e-17
is still considered,3.122502256758253e-17
is visually stunning,3.122502256758253e-17
to be collection,3.122502256758253e-17
pace and,3.122502256758253e-17
to create tension,3.122502256758253e-17
poignant and,3.122502256758253e-17
film also,3.122502256758253e-17
pacino,3.122502256758253e-17
with some viewers,3.122502256758253e-17
appears to,3.122502256758253e-17
appears to be,3.122502256758253e-17
excellent,3.122502256758253e-17
teen,3.122502256758253e-17
are praised,3.122502256758253e-17
its humor,3.122502256758253e-17
emotional depth and,3.122502256758253e-17
overly simplistic,3.122502256758253e-17
but lacking,3.111660235033398e-17
but lacking in,3.111660235033398e-17
and thoughtful,3.1008182133085427e-17
which explores,3.1008182133085427e-17
repetition,3.0791341698588326e-17
cheerful,3.0791341698588326e-17
low key,3.0791341698588326e-17
originality the movie,3.0791341698588326e-17
portrayal of dysfunctional,3.06287113727155e-17
film action,3.0574501264091225e-17
the film action,3.0574501264091225e-17
matter,3.0574501264091225e-17
overall lack,3.05101267600999e-17
overall lack of,3.05101267600999e-17
characters and its,3.0466081046842675e-17
controversial,3.0357660829594124e-17
imaginative,3.0357660829594124e-17
man of war,3.0357660829594124e-17
man of,3.0357660829594124e-17
manus man of,3.0357660829594124e-17
form,3.0357660829594124e-17
manus man,3.0357660829594124e-17
max manus man,3.0357660829594124e-17
the lead actress,3.0357660829594124e-17
panned the film,3.0357660829594124e-17
feminist,3.0357660829594124e-17
melodramatic,3.0357660829594124e-17
mention the film,3.0357660829594124e-17
michael,3.0357660829594124e-17
gritty,3.0357660829594124e-17
banks,3.0357660829594124e-17
comedy horror,3.0357660829594124e-17
of characters,3.0357660829594124e-17
the cult,3.0357660829594124e-17
the political,3.0357660829594124e-17
dull,3.0357660829594124e-17
of filmmaking,3.0357660829594124e-17
singer,3.0357660829594124e-17
sitcom,3.0357660829594124e-17
some critics praise,3.0357660829594124e-17
film pacing and,3.0357660829594124e-17
chinese,3.0357660829594124e-17
its unconvincing,3.0357660829594124e-17
unrealistic,3.0357660829594124e-17
lives and,3.0357660829594124e-17
is inconsistent and,3.0330555775281987e-17
comedic,3.0261099073607134e-17
neten chokling,3.0249240612345574e-17
neten,3.0249240612345574e-17
characters some,3.0249240612345574e-17
chokling,3.0249240612345574e-17
famous,3.0140820395097023e-17
are generally negative,3.0140820395097023e-17
generally negative,3.0140820395097023e-17
maudlin,3.0140820395097023e-17
jon,3.0140820395097023e-17
film is still,3.0140820395097023e-17
that tells,3.003240017784847e-17
ii,2.992397996059992e-17
find it emotionally,2.992397996059992e-17
film plot is,2.992397996059992e-17
seen as shallow,2.992397996059992e-17
their struggle,2.992397996059992e-17
many others criticize,2.992397996059992e-17
1916,2.992397996059992e-17
although some critics,2.992397996059992e-17
significance and,2.986976985197565e-17
action the,2.984266479766351e-17
garbo,2.970713952610282e-17
themes of family,2.970713952610282e-17
1964,2.970713952610282e-17
uneven with,2.959871930885427e-17
sophistication,2.949029909160572e-17
events,2.949029909160572e-17
star,2.949029909160572e-17
comedy the,2.949029909160572e-17
nature the,2.949029909160572e-17
refn,2.949029909160572e-17
performance is,2.949029909160572e-17
some reviewers have,2.949029909160572e-17
generally praised for,2.949029909160572e-17
night at,2.949029909160572e-17
night at the,2.949029909160572e-17
babylon,2.949029909160572e-17
nostalgic value,2.949029909160572e-17
praised for its,2.949029909160572e-17
powerful and emotional,2.949029909160572e-17
of small,2.949029909160572e-17
too heavily,2.949029909160572e-17
too heavily on,2.949029909160572e-17
enjoyed,2.949029909160572e-17
multiple,2.949029909160572e-17
is both entertaining,2.949029909160572e-17
club,2.949029909160572e-17
behind,2.949029909160572e-17
also find the,2.949029909160572e-17
in love,2.949029909160572e-17
classic and,2.949029909160572e-17
design are,2.949029909160572e-17
jean,2.949029909160572e-17
legacy,2.949029909160572e-17
sides,2.949029909160572e-17
however they,2.949029909160572e-17
both sides,2.949029909160572e-17
however it is,2.949029909160572e-17
the movie directed,2.949029909160572e-17
but also criticized,2.949029909160572e-17
highlighting his,2.949029909160572e-17
based,2.949029909160572e-17
is beautifully,2.949029909160572e-17
intimate and,2.949029909160572e-17
in the genre,2.949029909160572e-17
and its thoughtful,2.9327668765732895e-17
by anne,2.927345865710862e-17
melodrama and,2.927345865710862e-17
points and,2.905661822261152e-17
thought provoking themes,2.905661822261152e-17
and dialogue,2.905661822261152e-17
weakness some reviewers,2.905661822261152e-17
provoking themes,2.905661822261152e-17
religion and,2.905661822261152e-17
it can,2.905661822261152e-17
wit and,2.905661822261152e-17
brother,2.905661822261152e-17
appreciate the movie,2.905661822261152e-17
historical significance and,2.905661822261152e-17
process the film,2.905661822261152e-17
plot points and,2.905661822261152e-17
is road,2.905661822261152e-17
unique and engaging,2.905661822261152e-17
which some,2.905661822261152e-17
art design,2.9014266575248804e-17
reviewers also appreciate,2.898546745504216e-17
marion,2.894819800536297e-17
1978,2.883977778811442e-17
the 1978,2.883977778811442e-17
directed by nicolas,2.883977778811442e-17
also appreciate the,2.873135757086587e-17
romance is,2.873135757086587e-17
risks,2.873135757086587e-17
also appreciate,2.873135757086587e-17
in originality,2.862293735361732e-17
of dysfunctional,2.862293735361732e-17
soul,2.862293735361732e-17
gentle,2.862293735361732e-17
directed by robert,2.862293735361732e-17
torn,2.862293735361732e-17
experience despite,2.862293735361732e-17
catchy songs and,2.862293735361732e-17
bruce willis,2.862293735361732e-17
the british,2.862293735361732e-17
characters is also,2.862293735361732e-17
lacking in originality,2.862293735361732e-17
industry and,2.862293735361732e-17
is musical,2.862293735361732e-17
franchise,2.862293735361732e-17
as an entertaining,2.862293735361732e-17
negative while,2.862293735361732e-17
it provides,2.862293735361732e-17
its overall lack,2.837899186480808e-17
tackle complex themes,2.835188681049594e-17
of african american,2.8297676701871666e-17
of african,2.8297676701871666e-17
for being superficial,2.8189256484623115e-17
criticized overall,2.8189256484623115e-17
being superficial,2.8189256484623115e-17
of dark,2.8189256484623115e-17
with plot,2.8189256484623115e-17
and exploitation,2.8189256484623115e-17
and poignant,2.8189256484623115e-17
conservative,2.8189256484623115e-17
financial,2.8189256484623115e-17
film girls,2.8080836267374565e-17
girls ca swim,2.8080836267374565e-17
girls ca,2.8080836267374565e-17
awkward structure,2.8080836267374565e-17
film girls ca,2.8080836267374565e-17
been criticized as,2.8080836267374565e-17
film tone can,2.802662615875029e-17
are timely,2.799105077496561e-17
are timely and,2.799105077496561e-17
consequences,2.7972416050126014e-17
arnold schwarzenegger,2.7972416050126014e-17
humor and its,2.7863995832877464e-17
as identity,2.7863995832877464e-17
occasionally,2.7863995832877464e-17
judy,2.7755575615628914e-17
is poignant,2.7755575615628914e-17
and direction are,2.7755575615628914e-17
timely,2.7755575615628914e-17
tight,2.7755575615628914e-17
is set in,2.7755575615628914e-17
ivey,2.7755575615628914e-17
signature,2.7755575615628914e-17
70s,2.7755575615628914e-17
criticized for being,2.7755575615628914e-17
performances but the,2.7755575615628914e-17
lack of depth,2.7755575615628914e-17
of the characters,2.7755575615628914e-17
segments,2.7755575615628914e-17
delivers standout,2.7755575615628914e-17
of depth,2.7755575615628914e-17
of children,2.7755575615628914e-17
and opinions,2.7755575615628914e-17
in film,2.7755575615628914e-17
treatment of,2.7755575615628914e-17
distasteful,2.7755575615628914e-17
carla gugino,2.7755575615628914e-17
storyline,2.7755575615628914e-17
carla,2.7755575615628914e-17
reviews and descriptions,2.7755575615628914e-17
reviews about,2.7755575615628914e-17
horror film that,2.7755575615628914e-17
hopkins,2.7755575615628914e-17
discusses the,2.7755575615628914e-17
gugino,2.7755575615628914e-17
disappointing and unimpressive,2.7755575615628914e-17
direction are,2.7755575615628914e-17
torture,2.7755575615628914e-17
for those who,2.7755575615628914e-17
attempt at,2.7755575615628914e-17
and reviews about,2.7755575615628914e-17
search for,2.7755575615628914e-17
while the,2.7755575615628914e-17
and emotional impact,2.7755575615628914e-17
supernatural,2.7755575615628914e-17
and themes,2.7755575615628914e-17
and reviews,2.7755575615628914e-17
as being,2.7647155398380363e-17
trite,2.7647155398380363e-17
is classic of,2.7647155398380363e-17
is filled with,2.7592945289756088e-17
is filled,2.7592945289756088e-17
take on,2.7538735181131813e-17
visuals and,2.7538735181131813e-17
and john,2.7538735181131813e-17
film influence,2.7321894746634712e-17
unimaginative,2.7321894746634712e-17
its low budget,2.7321894746634712e-17
the film emotional,2.7321894746634712e-17
another,2.7321894746634712e-17
turns,2.7321894746634712e-17
woman and,2.7321894746634712e-17
spanish,2.7321894746634712e-17
the film influence,2.7321894746634712e-17
film emotional,2.7321894746634712e-17
are praised and,2.721347452938616e-17
emotional intensity,2.7152488157183852e-17
blending,2.710505431213761e-17
comedies and,2.7050844203513336e-17
lyrical,2.699663409488906e-17
and bad,2.699663409488906e-17
authenticity and,2.688821387764051e-17
as an,2.688821387764051e-17
the film lack,2.688821387764051e-17
the coen brothers,2.688821387764051e-17
critics praised the,2.688821387764051e-17
benigni,2.688821387764051e-17
the coen,2.688821387764051e-17
film lack,2.688821387764051e-17
war ii,2.688821387764051e-17
often criticized,2.688821387764051e-17
intense and,2.688821387764051e-17
opera,2.688821387764051e-17
film features talented,2.688821387764051e-17
is also commended,2.688821387764051e-17
is better,2.688821387764051e-17
style which,2.688821387764051e-17
anthology film,2.688821387764051e-17
of humor,2.688821387764051e-17
often criticized for,2.688821387764051e-17
it also,2.688821387764051e-17
appeal to,2.688821387764051e-17
former,2.688821387764051e-17
work that,2.688821387764051e-17
world war ii,2.688821387764051e-17
its nuanced,2.688821387764051e-17
film lack of,2.688821387764051e-17
it is described,2.688821387764051e-17
russell the,2.6725583551767684e-17
lacking in emotional,2.667137344314341e-17
clear and,2.667137344314341e-17
power of,2.667137344314341e-17
in emotional,2.667137344314341e-17
the power of,2.667137344314341e-17
the power,2.667137344314341e-17
hearted,2.656295322589486e-17
sophisticated,2.656295322589486e-17
audience overall,2.6529071908004687e-17
gun,2.6454533008646308e-17
finney,2.6454533008646308e-17
way,2.6454533008646308e-17
are well developed,2.6454533008646308e-17
this many,2.6454533008646308e-17
characters are well,2.6454533008646308e-17
the cast including,2.6454533008646308e-17
3d,2.6454533008646308e-17
smart,2.6454533008646308e-17
teenage girls,2.6454533008646308e-17
characters some reviewers,2.6346112791397758e-17
of real,2.6237692574149207e-17
horror movie that,2.6237692574149207e-17
on the life,2.6237692574149207e-17
intentions,2.6237692574149207e-17
ludicrous,2.6183482465524932e-17
and influential,2.6183482465524932e-17
it is classic,2.6129272356900657e-17
complexity and,2.6129272356900657e-17
undertow,2.6061509721120313e-17
directed by and,2.6020852139652106e-17
strong performances particularly,2.6020852139652106e-17
has some flaws,2.6020852139652106e-17
hawk,2.6020852139652106e-17
world of,2.6020852139652106e-17
mixed many critics,2.6020852139652106e-17
mixed many,2.6020852139652106e-17
human relationships,2.6020852139652106e-17
also includes,2.6020852139652106e-17
stuntwomen,2.6020852139652106e-17
acted,2.6020852139652106e-17
lange and,2.6020852139652106e-17
career the,2.6020852139652106e-17
is considered unique,2.6020852139652106e-17
visual style and,2.6020852139652106e-17
wedding,2.6020852139652106e-17
individuality,2.6020852139652106e-17
faced,2.6020852139652106e-17
tony hawk,2.6020852139652106e-17
tiresome,2.6020852139652106e-17
of her,2.6020852139652106e-17
family the,2.6020852139652106e-17
twists,2.6020852139652106e-17
garbus,2.6020852139652106e-17
genuine scares,2.6020852139652106e-17
family the film,2.6020852139652106e-17
by and,2.6020852139652106e-17
are mixed many,2.6020852139652106e-17
by and starring,2.6020852139652106e-17
specifically,2.6020852139652106e-17
and well made,2.6020852139652106e-17
does not,2.6020852139652106e-17
quest,2.6020852139652106e-17
scientific,2.585822181377928e-17
messages,2.5804011705155006e-17
to the film,2.5804011705155006e-17
the focus,2.5804011705155006e-17
the focus on,2.5804011705155006e-17
starring steve,2.5804011705155006e-17
midler and,2.5804011705155006e-17
and messages,2.5804011705155006e-17
power and,2.5804011705155006e-17
film raw,2.5695591487906455e-17
the film raw,2.5695591487906455e-17
music industry,2.5587171270657905e-17
the girls,2.5587171270657905e-17
praise it,2.5587171270657905e-17
harryhausen,2.5587171270657905e-17
ray harryhausen,2.5587171270657905e-17
as highlight,2.5478751053409354e-17
well written,2.5370330836160804e-17
personality and the,2.5370330836160804e-17
insights,2.5370330836160804e-17
and sense,2.5370330836160804e-17
boring and,2.5370330836160804e-17
lacking in coherence,2.5261910618912253e-17
in coherence,2.5261910618912253e-17
the phantom,2.5153490401663703e-17
phantom,2.5153490401663703e-17
basmati,2.5153490401663703e-17
criticized with some,2.5153490401663703e-17
play the,2.5153490401663703e-17
bond,2.5153490401663703e-17
mixed but generally,2.5153490401663703e-17
and muddled,2.5153490401663703e-17
this boy,2.5153490401663703e-17
this boy life,2.5153490401663703e-17
is that the,2.5153490401663703e-17
generally positive many,2.5153490401663703e-17
angels,2.5153490401663703e-17
at humor,2.5153490401663703e-17
positive many,2.5153490401663703e-17
basmati blues,2.5153490401663703e-17
seems,2.5153490401663703e-17
leonardo,2.5153490401663703e-17
touch,2.5153490401663703e-17
leonardo dicaprio,2.5153490401663703e-17
dicaprio performance,2.5153490401663703e-17
positive many critics,2.5153490401663703e-17
food,2.5153490401663703e-17
decade,2.5153490401663703e-17
engaged,2.5153490401663703e-17
as it,2.5153490401663703e-17
due to,2.5153490401663703e-17
allegory,2.5153490401663703e-17
beauty of,2.5153490401663703e-17
and sharp,2.5153490401663703e-17
opening,2.5153490401663703e-17
richter,2.5153490401663703e-17
special,2.5153490401663703e-17
costume,2.5153490401663703e-17
but generally,2.5153490401663703e-17
but generally positive,2.5153490401663703e-17
loving,2.5028129525470066e-17
peter toole and,2.4936649967166602e-17
the subject,2.4936649967166602e-17
movie is compared,2.4936649967166602e-17
characters as well,2.4936649967166602e-17
style some reviewers,2.4936649967166602e-17
style some,2.4936649967166602e-17
flat and that,2.4936649967166602e-17
carpenter,2.47198095326695e-17
in the industry,2.47198095326695e-17
bette midler,2.47198095326695e-17
embarrassing,2.47198095326695e-17
keep the,2.47198095326695e-17
keaton,2.47198095326695e-17
john carpenter,2.47198095326695e-17
compelling and,2.47198095326695e-17
keep,2.47198095326695e-17
women in the,2.47198095326695e-17
punk,2.47198095326695e-17
racism,2.47198095326695e-17
unique tone,2.47198095326695e-17
of woman,2.4665599424045226e-17
the movie tone,2.461138931542095e-17
movie tone,2.461138931542095e-17
waste of time,2.461138931542095e-17
labor of love,2.4557179206796675e-17
labor of,2.4557179206796675e-17
the film intimate,2.45029690981724e-17
film intimate,2.45029690981724e-17
paolo,2.45029690981724e-17
film intimate and,2.45029690981724e-17
transsexual,2.4421653935235987e-17
wise,2.4340338772299575e-17
film is emotionally,2.42861286636753e-17
many criticized,2.42861286636753e-17
film is beautifully,2.42861286636753e-17
camera,2.42861286636753e-17
russell,2.42861286636753e-17
sci fi drama,2.42861286636753e-17
critique of the,2.42861286636753e-17
and the pacing,2.42861286636753e-17
goofy,2.42861286636753e-17
sixth,2.42861286636753e-17
oscar,2.42861286636753e-17
miss,2.42861286636753e-17
hyams,2.42861286636753e-17
for its self,2.42861286636753e-17
his ability,2.42861286636753e-17
his ability to,2.42861286636753e-17
and colorful,2.42861286636753e-17
gags and,2.42861286636753e-17
fresh,2.42861286636753e-17
and nostalgic value,2.42861286636753e-17
up,2.42861286636753e-17
untold story,2.42861286636753e-17
and religious,2.42861286636753e-17
untold,2.42861286636753e-17
for its formulaic,2.42861286636753e-17
has strong,2.42861286636753e-17
the final,2.42861286636753e-17
of mozart,2.42861286636753e-17
however many criticized,2.42861286636753e-17
tries,2.42861286636753e-17
tries to,2.42861286636753e-17
gospel,2.42861286636753e-17
descriptions of,2.42861286636753e-17
peter hyams,2.42861286636753e-17
during,2.42861286636753e-17
praising the performances,2.42861286636753e-17
predictable the,2.42861286636753e-17
gore,2.42861286636753e-17
as shallow and,2.42861286636753e-17
acting particularly by,2.42861286636753e-17
lacking,2.42861286636753e-17
the story is,2.42861286636753e-17
landscapes,2.42861286636753e-17
poor direction,2.42861286636753e-17
just,2.42861286636753e-17
raw,2.42861286636753e-17
lead actresses,2.42861286636753e-17
it for its,2.42861286636753e-17
but some find,2.42861286636753e-17
year old,2.42861286636753e-17
overwhelmingly negative critics,2.42861286636753e-17
film action sequences,2.42861286636753e-17
slow and the,2.42861286636753e-17
its intimate and,2.42861286636753e-17
fi drama,2.42861286636753e-17
think,2.42861286636753e-17
is charming and,2.42861286636753e-17
road,2.42861286636753e-17
the movie this,2.42861286636753e-17
conflict the,2.42861286636753e-17
justice system,2.42861286636753e-17
and cliches,2.4045571306655078e-17
issues such,2.4015078120553923e-17
issues such as,2.4015078120553923e-17
its willingness,2.3852447794681098e-17
some criticize it,2.3852447794681098e-17
be inconsistent,2.3852447794681098e-17
its willingness to,2.3852447794681098e-17
up to,2.3852447794681098e-17
corps,2.3852447794681098e-17
and weak,2.3852447794681098e-17
style but,2.3852447794681098e-17
care,2.3852447794681098e-17
family and,2.3852447794681098e-17
by nicolas,2.3852447794681098e-17
marine corps,2.3852447794681098e-17
ansel elgort,2.3798237686056822e-17
ansel,2.3798237686056822e-17
canadian,2.371692252312041e-17
and john wayne,2.3635607360183997e-17
emotional impact,2.3635607360183997e-17
darkness,2.3635607360183997e-17
adults the film,2.3635607360183997e-17
captain,2.3635607360183997e-17
story that,2.3527187142935446e-17
blige,2.350008208862331e-17
find it lacking,2.3418766925686896e-17
the strong performances,2.3418766925686896e-17
russians,2.3418766925686896e-17
desire,2.3418766925686896e-17
down,2.3418766925686896e-17
becket,2.3418766925686896e-17
palestinian,2.3418766925686896e-17
good acting,2.3418766925686896e-17
of subtlety,2.3418766925686896e-17
be mix of,2.3418766925686896e-17
aselton,2.3418766925686896e-17
of teenagers,2.3418766925686896e-17
be mix,2.3418766925686896e-17
segment,2.3418766925686896e-17
israeli,2.3418766925686896e-17
church,2.3418766925686896e-17
about two,2.3418766925686896e-17
who also,2.3418766925686896e-17
include,2.3418766925686896e-17
lengthy,2.3418766925686896e-17
it lacking,2.3418766925686896e-17
valuable,2.3418766925686896e-17
katie aselton,2.3418766925686896e-17
its social,2.3418766925686896e-17
break,2.3418766925686896e-17
horror and drama,2.3201926491189795e-17
is debut feature,2.3201926491189795e-17
is debut,2.3201926491189795e-17
with movie,2.3201926491189795e-17
barbara,2.3201926491189795e-17
shame,2.3201926491189795e-17
it is compared,2.3174821436877657e-17
lou,2.303929616531697e-17
lou reed,2.303929616531697e-17
the brooklyn,2.303929616531697e-17
the brooklyn youth,2.303929616531697e-17
masterpiece and,2.2985086056692694e-17
film it,2.2985086056692694e-17
its historical,2.2985086056692694e-17
praise for its,2.2985086056692694e-17
elements however,2.2985086056692694e-17
film set,2.2985086056692694e-17
so,2.2985086056692694e-17
praises,2.2985086056692694e-17
many have,2.2985086056692694e-17
horror tropes,2.291732342091235e-17
change from,2.290377089375628e-17
refreshing change from,2.290377089375628e-17
refreshing change,2.290377089375628e-17
always,2.2876665839444144e-17
value however,2.2768245622195593e-17
jaws,2.2768245622195593e-17
aftermath,2.2714035513571318e-17
the aftermath of,2.2714035513571318e-17
the aftermath,2.2714035513571318e-17
pathos and,2.2714035513571318e-17
group of,2.2551405187698492e-17
features stunning,2.2551405187698492e-17
pacino the,2.2551405187698492e-17
intriguing but,2.2551405187698492e-17
based on,2.2551405187698492e-17
aspects of,2.2551405187698492e-17
congratulatory,2.2551405187698492e-17
the challenges of,2.2551405187698492e-17
land,2.2551405187698492e-17
knight,2.2551405187698492e-17
winding refn the,2.2551405187698492e-17
emotion,2.2551405187698492e-17
considering,2.2551405187698492e-17
allegiance,2.2551405187698492e-17
laing,2.2551405187698492e-17
but it fails,2.2551405187698492e-17
personality,2.2551405187698492e-17
polarizing,2.2551405187698492e-17
is film about,2.2551405187698492e-17
plot some,2.2551405187698492e-17
is emotionally,2.2551405187698492e-17
project,2.2551405187698492e-17
personality and,2.2551405187698492e-17
time and,2.2551405187698492e-17
brothers the,2.2551405187698492e-17
the film lacks,2.2551405187698492e-17
for not being,2.2551405187698492e-17
treatment of the,2.2551405187698492e-17
meditative,2.2551405187698492e-17
finding it too,2.2551405187698492e-17
of depth and,2.2551405187698492e-17
of depth in,2.2551405187698492e-17
version of the,2.2551405187698492e-17
story to,2.2551405187698492e-17
style the,2.2551405187698492e-17
by peter,2.2551405187698492e-17
classic in the,2.2551405187698492e-17
self congratulatory,2.2551405187698492e-17
not being,2.2551405187698492e-17
humor are,2.2551405187698492e-17
analysis,2.2551405187698492e-17
making the film,2.2551405187698492e-17
weeks,2.2551405187698492e-17
dare,2.2551405187698492e-17
inspirational,2.2551405187698492e-17
others appreciate the,2.2551405187698492e-17
film lacks,2.2551405187698492e-17
the way,2.233456475320139e-17
musical numbers and,2.233456475320139e-17
numbers and,2.233456475320139e-17
characters are not,2.233456475320139e-17
paltrow,2.233456475320139e-17
music and the,2.233456475320139e-17
and sense of,2.222614453595284e-17
its over the,2.2185486954484634e-17
its over,2.2185486954484634e-17
polarizing and,2.2171934427328566e-17
with clever,2.211772431870429e-17
quotes and,2.211772431870429e-17
quotes and reviews,2.211772431870429e-17
and well researched,2.211772431870429e-17
of quotes and,2.211772431870429e-17
1974,2.211772431870429e-17
violence and,2.211772431870429e-17
allen and,2.211772431870429e-17
who have,2.211772431870429e-17
to showcase,2.211772431870429e-17
antarctica,2.211772431870429e-17
well researched,2.211772431870429e-17
which explores the,2.211772431870429e-17
is considered significant,2.211772431870429e-17
complexities of human,2.211772431870429e-17
are also panned,2.211772431870429e-17
legendary,2.211772431870429e-17
film memphis,2.211772431870429e-17
cliches the,2.211772431870429e-17
and surreal,2.211772431870429e-17
reviews are generally,2.200930410145574e-17
and barbara hershey,2.190088388420719e-17
bette midler and,2.190088388420719e-17
which focuses,2.190088388420719e-17
hershey,2.190088388420719e-17
midler and barbara,2.190088388420719e-17
which focuses on,2.190088388420719e-17
film visuals,2.190088388420719e-17
barbara hershey,2.190088388420719e-17
and barbara,2.190088388420719e-17
the film visuals,2.190088388420719e-17
film unique style,2.190088388420719e-17
valentine,2.190088388420719e-17
of chaplin best,2.179246366695864e-17
chaplin best,2.179246366695864e-17
one of chaplin,2.179246366695864e-17
chaplin best works,2.179246366695864e-17
neo realist,2.168404344971009e-17
the story to,2.168404344971009e-17
originality overall,2.168404344971009e-17
lack of narrative,2.168404344971009e-17
corny,2.168404344971009e-17
in american,2.168404344971009e-17
origins,2.168404344971009e-17
cam,2.168404344971009e-17
the mind,2.168404344971009e-17
as strengths,2.168404344971009e-17
the community,2.168404344971009e-17
praised for creating,2.168404344971009e-17
considering it,2.168404344971009e-17
psychological thriller,2.168404344971009e-17
of love,2.168404344971009e-17
process the,2.168404344971009e-17
characters is,2.168404344971009e-17
the review,2.168404344971009e-17
for its slow,2.168404344971009e-17
powley,2.168404344971009e-17
ideas and,2.168404344971009e-17
to blend,2.168404344971009e-17
chaotic and,2.168404344971009e-17
black humor,2.168404344971009e-17
creative,2.168404344971009e-17
the film with,2.168404344971009e-17
with memorable,2.1358782797964437e-17
subtlety,2.1358782797964437e-17
of western,2.1304572689340162e-17
and complex,2.1250362580715887e-17
the film trick,2.1250362580715887e-17
stunt,2.1250362580715887e-17
directorial style,2.1250362580715887e-17
and impressive,2.1250362580715887e-17
increasingly,2.1250362580715887e-17
effectively,2.1250362580715887e-17
film trick,2.1250362580715887e-17
soundtrack and,2.1067403464108958e-17
himself,2.1033522146218786e-17
clever script,2.1033522146218786e-17
beale,2.1033522146218786e-17
intelligence and,2.1033522146218786e-17
magical realism,2.1026745882640752e-17
it lacks,2.0816681711721685e-17
leaf,2.0816681711721685e-17
clichéd and,2.0816681711721685e-17
creativity and,2.0816681711721685e-17
forgettable,2.0816681711721685e-17
overall while,2.0816681711721685e-17
of violence,2.0816681711721685e-17
storytelling the film,2.0816681711721685e-17
animation is,2.0816681711721685e-17
its visual appeal,2.0816681711721685e-17
quirky,2.0816681711721685e-17
as having,2.0816681711721685e-17
visual appeal,2.0816681711721685e-17
marx,2.0816681711721685e-17
new leaf,2.0816681711721685e-17
the film script,2.0816681711721685e-17
film that has,2.0816681711721685e-17
the era,2.0816681711721685e-17
charisma,2.0816681711721685e-17
is that,2.0816681711721685e-17
seed,2.0816681711721685e-17
message is,2.0816681711721685e-17
message about,2.0816681711721685e-17
led,2.0816681711721685e-17
critics criticize the,2.0816681711721685e-17
his work,2.0816681711721685e-17
must watch for,2.0816681711721685e-17
film script,2.0816681711721685e-17
deeper,2.0816681711721685e-17
as its exploration,2.0816681711721685e-17
to provoke,2.0816681711721685e-17
the holiday,2.0816681711721685e-17
and angels,2.0816681711721685e-17
scares the,2.0816681711721685e-17
with many,2.0816681711721685e-17
ability to make,2.0816681711721685e-17
many praising its,2.0816681711721685e-17
truth,2.0816681711721685e-17
satire,2.0816681711721685e-17
blend of horror,2.0816681711721685e-17
tv,2.0816681711721685e-17
the themes of,2.0816681711721685e-17
the themes,2.0816681711721685e-17
eden,2.0816681711721685e-17
intelligence,2.0816681711721685e-17
of horror and,2.0816681711721685e-17
follows group,2.0816681711721685e-17
trump,2.0816681711721685e-17
critics have pointed,2.0816681711721685e-17
intentioned,2.0816681711721685e-17
that pays,2.0816681711721685e-17
agree that it,2.0816681711721685e-17
have pointed,2.0816681711721685e-17
follows group of,2.0816681711721685e-17
outlaws,2.0816681711721685e-17
that pays homage,2.0816681711721685e-17
outlaws and,2.0816681711721685e-17
the animation is,2.0816681711721685e-17
have pointed out,2.0816681711721685e-17
are praised the,2.0816681711721685e-17
performances but overall,2.0816681711721685e-17
technical,2.0816681711721685e-17
outlaws and angels,2.0816681711721685e-17
boxers,2.0816681711721685e-17
scenery,2.0816681711721685e-17
addition to the,2.0816681711721685e-17
the lead actresses,2.0816681711721685e-17
to balance,2.0816681711721685e-17
examination of the,2.0816681711721685e-17
is generally well,2.0816681711721685e-17
odd,2.0816681711721685e-17
eyed,2.0708261494473135e-17
clear eyed,2.0708261494473135e-17
film thoughtful and,2.0491421059976034e-17
while others consider,2.043721095135176e-17
to deliver laughs,2.0383000842727483e-17
overuse of,2.0383000842727483e-17
overuse,2.0383000842727483e-17
deliver laughs,2.0383000842727483e-17
beautifully crafted,2.0383000842727483e-17
deliver laughs and,2.0383000842727483e-17
and visuals,2.0383000842727483e-17
disappointment and,2.0383000842727483e-17
and tension,2.0383000842727483e-17
shadow,2.0383000842727483e-17
designs,2.0383000842727483e-17
and intriguing,2.0383000842727483e-17
sad,2.0383000842727483e-17
necessary,2.0383000842727483e-17
however many critics,2.0383000842727483e-17
historical drama,2.0383000842727483e-17
and the way,2.0383000842727483e-17
well executed,2.0166160408230382e-17
and unsatisfying,2.0166160408230382e-17
gimmicks,2.0057740190981832e-17
jude,2.0057740190981832e-17
is polarizing,1.9949319973733282e-17
others criticizing its,1.9949319973733282e-17
is not as,1.9949319973733282e-17
richard burton,1.9949319973733282e-17
reviews some,1.9949319973733282e-17
film emotional impact,1.9949319973733282e-17
faced by,1.9949319973733282e-17
criticizing its,1.9949319973733282e-17
period detail and,1.9949319973733282e-17
anthony,1.9949319973733282e-17
their personal,1.9949319973733282e-17
anarchic,1.9949319973733282e-17
struggling with,1.9949319973733282e-17
jazz,1.9949319973733282e-17
sex,1.9949319973733282e-17
an entertaining and,1.9949319973733282e-17
others criticizing,1.9949319973733282e-17
reviewer,1.9949319973733282e-17
its subjects,1.9949319973733282e-17
ability to create,1.9949319973733282e-17
grindhouse,1.9949319973733282e-17
and others criticizing,1.9949319973733282e-17
bring,1.9949319973733282e-17
with some considering,1.9949319973733282e-17
originality the film,1.9949319973733282e-17
movie is also,1.9949319973733282e-17
understanding,1.9949319973733282e-17
to the genre,1.9949319973733282e-17
of the world,1.9949319973733282e-17
have been criticized,1.9949319973733282e-17
film which,1.9949319973733282e-17
film with some,1.9949319973733282e-17
based on the,1.9949319973733282e-17
its low key,1.9949319973733282e-17
and is criticized,1.9949319973733282e-17
the film which,1.9949319973733282e-17
many reviewers feel,1.984089975648473e-17
gigi,1.9752808329970284e-17
film has some,1.973247953923618e-17
adopted,1.973247953923618e-17
that will,1.957662547694139e-17
the relic,1.951563910473908e-17
musical is,1.951563910473908e-17
pressures,1.951563910473908e-17
and melodramatic,1.951563910473908e-17
family dynamics,1.951563910473908e-17
relic,1.951563910473908e-17
and adherence,1.951563910473908e-17
and adherence to,1.951563910473908e-17
falls flat and,1.951563910473908e-17
consider it one,1.951563910473908e-17
performances from,1.951563910473908e-17
it predictable and,1.951563910473908e-17
the pressures,1.951563910473908e-17
handling of,1.940721888749053e-17
handling,1.940721888749053e-17
baby,1.940721888749053e-17
movie adaptation,1.940721888749053e-17
movie adaptation of,1.940721888749053e-17
the mafia,1.9353008778866254e-17
and silly,1.929879867024198e-17
some criticize its,1.929879867024198e-17
issue of,1.9081958235744878e-17
watching for its,1.9081958235744878e-17
with convoluted,1.9081958235744878e-17
humor and satire,1.9081958235744878e-17
indian,1.9081958235744878e-17
acting and,1.9081958235744878e-17
film energetic,1.9081958235744878e-17
familiar coming of,1.9081958235744878e-17
familiar coming,1.9081958235744878e-17
film energetic and,1.9081958235744878e-17
incoherence,1.9081958235744878e-17
pictures,1.9081958235744878e-17
underground,1.9081958235744878e-17
struggle,1.9081958235744878e-17
of skateboarding,1.9081958235744878e-17
king,1.9081958235744878e-17
directed by michael,1.9081958235744878e-17
barriers,1.9081958235744878e-17
intelligent,1.9081958235744878e-17
undermined,1.9081958235744878e-17
funny moments,1.9081958235744878e-17
the film energetic,1.9081958235744878e-17
is enjoyable,1.9081958235744878e-17
heartfelt,1.9081958235744878e-17
distracting,1.9081958235744878e-17
and some critics,1.9081958235744878e-17
of age tropes,1.9081958235744878e-17
romantic comedy that,1.9081958235744878e-17
action packed,1.9081958235744878e-17
the film depiction,1.9081958235744878e-17
poor script and,1.9081958235744878e-17
age tropes,1.9081958235744878e-17
reviews praise the,1.9081958235744878e-17
comedy horror film,1.9081958235744878e-17
source material,1.9081958235744878e-17
and unimpressive,1.9081958235744878e-17
when,1.9081958235744878e-17
aids,1.9081958235744878e-17
and coming,1.9081958235744878e-17
the dangers of,1.9081958235744878e-17
heavy,1.9081958235744878e-17
witty,1.9081958235744878e-17
feel and,1.9081958235744878e-17
setting and,1.9081958235744878e-17
direction and acting,1.9081958235744878e-17
negative critics praise,1.9081958235744878e-17
the issue of,1.9081958235744878e-17
and gore,1.9081958235744878e-17
tale that,1.9081958235744878e-17
film depiction of,1.9081958235744878e-17
the dangers,1.9081958235744878e-17
film depiction,1.9081958235744878e-17
art and,1.9081958235744878e-17
trial,1.9027748127120603e-17
key,1.9014195599964534e-17
and uplifting,1.8973538018496328e-17
film my,1.8919327909872052e-17
chris farley,1.8865117801247777e-17
to the spirit,1.8865117801247777e-17
nicolas,1.8865117801247777e-17
comedic talent,1.883801274693564e-17
cast however,1.8756697583999227e-17
loud,1.870248747537495e-17
mature,1.870248747537495e-17
the second half,1.8648277366750676e-17
by nicolas winding,1.8648277366750676e-17
coherent,1.8648277366750676e-17
twisted,1.8648277366750676e-17
film becket,1.8648277366750676e-17
winding,1.8648277366750676e-17
portrayal of characters,1.8648277366750676e-17
winding refn,1.8648277366750676e-17
of the year,1.8648277366750676e-17
of new,1.8648277366750676e-17
is not enough,1.8648277366750676e-17
fun watch,1.8648277366750676e-17
the year,1.8648277366750676e-17
watch despite,1.8648277366750676e-17
nicolas winding,1.8648277366750676e-17
nicolas winding refn,1.8648277366750676e-17
cinematography the,1.8648277366750676e-17
henry ii,1.8648277366750676e-17
some flaws such,1.8648277366750676e-17
desert,1.849919956803392e-17
and dark humor,1.848564704087785e-17
hope and,1.848564704087785e-17
its thoughtful and,1.8431436932253575e-17
and nuanced approach,1.8431436932253575e-17
reviewers praise,1.8431436932253575e-17
efforts,1.8431436932253575e-17
comedy drama that,1.8431436932253575e-17
new york city,1.8431436932253575e-17
york city,1.8431436932253575e-17
film pacing slow,1.8214596497756474e-17
not enough on,1.8214596497756474e-17
personalities of,1.8214596497756474e-17
of depth the,1.8214596497756474e-17
uses,1.8214596497756474e-17
by robert,1.8214596497756474e-17
bell,1.8214596497756474e-17
commended however,1.8214596497756474e-17
comedy that is,1.8214596497756474e-17
let,1.8214596497756474e-17
find it tedious,1.8214596497756474e-17
community and,1.8214596497756474e-17
is also noted,1.8214596497756474e-17
the cast particularly,1.8214596497756474e-17
there,1.8214596497756474e-17
enough on,1.8214596497756474e-17
moving and,1.8214596497756474e-17
mixed but overall,1.8214596497756474e-17
captures the essence,1.8214596497756474e-17
too,1.8214596497756474e-17
film as well,1.8214596497756474e-17
pacing slow,1.8214596497756474e-17
make it worthwhile,1.8214596497756474e-17
schmaltzy,1.8214596497756474e-17
the personalities of,1.8214596497756474e-17
the protagonist,1.8214596497756474e-17
some calling it,1.8214596497756474e-17
is unique blend,1.8214596497756474e-17
about the life,1.8214596497756474e-17
sexist,1.8214596497756474e-17
rehashing,1.8214596497756474e-17
crichton novel,1.81603863891322e-17
trying to,1.8106176280507924e-17
argue that it,1.8106176280507924e-17
well defined,1.8106176280507924e-17
absurd,1.8106176280507924e-17
his subjects,1.805196617188365e-17
but many,1.7997756063259374e-17
an action,1.7997756063259374e-17
with good,1.7970651008947236e-17
the reviewers appreciate,1.7889335846010823e-17
love for,1.7889335846010823e-17
of 3d,1.7835125737386548e-17
kimberly,1.7835125737386548e-17
use of 3d,1.7835125737386548e-17
kimberly reed,1.7835125737386548e-17
on the music,1.780802068307441e-17
film that fails,1.7780915628762273e-17
the special effects,1.7780915628762273e-17
performance in,1.7780915628762273e-17
skillfully,1.7780915628762273e-17
station,1.7780915628762273e-17
oddly,1.7780915628762273e-17
effects and the,1.7780915628762273e-17
plot overall the,1.7780915628762273e-17
plot overall,1.7780915628762273e-17
alcott,1.7780915628762273e-17
beloved,1.7780915628762273e-17
crime drama,1.7672495411513722e-17
and forgettable,1.7672495411513722e-17
with great cast,1.7672495411513722e-17
great cast,1.7672495411513722e-17
of the genocide,1.7618285302889447e-17
the genocide,1.7618285302889447e-17
of friendship and,1.7564075194265172e-17
works like,1.7564075194265172e-17
holes and,1.7564075194265172e-17
tribute,1.7564075194265172e-17
and failure to,1.745565497701662e-17
and failure,1.745565497701662e-17
funny and,1.734723475976807e-17
generally well received,1.734723475976807e-17
poignant,1.734723475976807e-17
bob,1.734723475976807e-17
as unique,1.734723475976807e-17
visuals,1.734723475976807e-17
the 1958,1.734723475976807e-17
filmed,1.734723475976807e-17
better,1.734723475976807e-17
full,1.734723475976807e-17
physical and,1.734723475976807e-17
its blend,1.734723475976807e-17
fails to provide,1.734723475976807e-17
find the film,1.734723475976807e-17
to wider,1.734723475976807e-17
of the buttons,1.734723475976807e-17
to wider audience,1.734723475976807e-17
ways,1.734723475976807e-17
confusing plot,1.734723475976807e-17
its blend of,1.734723475976807e-17
before,1.734723475976807e-17
buttons,1.734723475976807e-17
thematic,1.734723475976807e-17
scott,1.734723475976807e-17
heavily,1.734723475976807e-17
on the poor,1.734723475976807e-17
compared unfavorably to,1.734723475976807e-17
compared unfavorably,1.734723475976807e-17
brendan,1.734723475976807e-17
structure is,1.734723475976807e-17
movie and,1.734723475976807e-17
and excessive,1.734723475976807e-17
role in,1.734723475976807e-17
receive,1.734723475976807e-17
harrison,1.734723475976807e-17
harrison ford,1.734723475976807e-17
universal,1.734723475976807e-17
its unique blend,1.734723475976807e-17
romantic comedies,1.734723475976807e-17
unknown,1.734723475976807e-17
the poor,1.734723475976807e-17
departure from,1.734723475976807e-17
it may not,1.734723475976807e-17
direction some reviewers,1.734723475976807e-17
primarily reviews,1.734723475976807e-17
relies too heavily,1.734723475976807e-17
self,1.734723475976807e-17
relies too,1.734723475976807e-17
its sensitive,1.734723475976807e-17
car,1.734723475976807e-17
direction some,1.734723475976807e-17
its slow pace,1.734723475976807e-17
mix,1.734723475976807e-17
it is often,1.734723475976807e-17
to make,1.734723475976807e-17
road trip,1.734723475976807e-17
the buttons,1.734723475976807e-17
done,1.734723475976807e-17
and the pressures,1.734723475976807e-17
highlights the,1.734723475976807e-17
house,1.734723475976807e-17
and engaging portrayal,1.734723475976807e-17
is compared unfavorably,1.734723475976807e-17
of life and,1.734723475976807e-17
for its sensitive,1.734723475976807e-17
stereotypes the,1.734723475976807e-17
the river,1.734723475976807e-17
the sport and,1.734723475976807e-17
elsa,1.734723475976807e-17
comedy however,1.734723475976807e-17
text primarily reviews,1.734723475976807e-17
and poor,1.734723475976807e-17
by julian,1.7211709488207383e-17
by richard,1.7211709488207383e-17
directed by julian,1.7211709488207383e-17
julian,1.7211709488207383e-17
and unexpected,1.719265124689416e-17
atmospheric setting,1.7184604433895245e-17
of creative,1.713039432527097e-17
relatable,1.713039432527097e-17
and unflinching,1.713039432527097e-17
activist,1.713039432527097e-17
song,1.713039432527097e-17
years,1.713039432527097e-17
the 1981 film,1.7035526635178488e-17
its flaws it,1.702197410802242e-17
flaws it,1.702197410802242e-17
the early,1.702197410802242e-17
the humor,1.6967763999398144e-17
due to the,1.691355389077387e-17
they find,1.691355389077387e-17
jones the,1.691355389077387e-17
blend of comedy,1.691355389077387e-17
nick cassavetes,1.691355389077387e-17
tone however,1.691355389077387e-17
review of the,1.691355389077387e-17
directors,1.691355389077387e-17
black comedy and,1.691355389077387e-17
strong and,1.691355389077387e-17
superb,1.691355389077387e-17
of science,1.680513367352532e-17
body cam,1.680513367352532e-17
parody of,1.680513367352532e-17
critics find it,1.680513367352532e-17
film man,1.6750923564901044e-17
are often forced,1.6696713456276768e-17
combine,1.6696713456276768e-17
memorable performance by,1.6696713456276768e-17
many others find,1.6696713456276768e-17
autism,1.6696713456276768e-17
is widely,1.6696713456276768e-17
evil,1.6696713456276768e-17
lesser,1.6656055874808562e-17
challenges of being,1.6601845766184287e-17
film themes and,1.6588293239028218e-17
whisky,1.6588293239028218e-17
and strong performances,1.6588293239028218e-17
uninteresting,1.6588293239028218e-17
found footage horror,1.6479873021779667e-17
short of,1.6479873021779667e-17
simon,1.6479873021779667e-17
illness,1.6479873021779667e-17
and poignant portrayal,1.6479873021779667e-17
childish,1.6479873021779667e-17
but engaging,1.6479873021779667e-17
been criticized with,1.6479873021779667e-17
lack of clarity,1.6479873021779667e-17
falls short of,1.6479873021779667e-17
families,1.6479873021779667e-17
poor script,1.6479873021779667e-17
some criticisms,1.6479873021779667e-17
ones,1.6479873021779667e-17
depth some reviewers,1.6479873021779667e-17
mental illness,1.6479873021779667e-17
potential to,1.6479873021779667e-17
jack,1.6479873021779667e-17
heavy handed and,1.6479873021779667e-17
commercial,1.6479873021779667e-17
mismatched,1.6479873021779667e-17
casting of,1.6479873021779667e-17
appeal the,1.6479873021779667e-17
it can be,1.6479873021779667e-17
footage horror,1.6479873021779667e-17
are also,1.6479873021779667e-17
handed and,1.6479873021779667e-17
may find it,1.6479873021779667e-17
of clarity,1.6479873021779667e-17
riveting,1.6479873021779667e-17
lacking with,1.6479873021779667e-17
loss of,1.6479873021779667e-17
tone some,1.6371452804531117e-17
of familiar,1.6371452804531117e-17
tone some reviewers,1.6371452804531117e-17
david russell,1.6263032587282567e-17
mayor,1.6263032587282567e-17
gore and,1.6263032587282567e-17
flirting,1.6263032587282567e-17
flirting with disaster,1.6263032587282567e-17
sincerity and,1.6263032587282567e-17
with disaster,1.6263032587282567e-17
flirting with,1.6263032587282567e-17
empathy,1.623592753297043e-17
interviews with celebrities,1.6154612370034016e-17
with celebrities,1.6154612370034016e-17
film narrative,1.6073297207097603e-17
the film narrative,1.6073297207097603e-17
film follows,1.6046192152785466e-17
its sharp,1.6046192152785466e-17
pasolini,1.6046192152785466e-17
the film follows,1.6046192152785466e-17
suffering,1.6046192152785466e-17
performance the movie,1.6046192152785466e-17
arc,1.6046192152785466e-17
do right,1.6046192152785466e-17
jones,1.6046192152785466e-17
commentary the,1.6046192152785466e-17
despite the,1.6046192152785466e-17
of plot,1.6046192152785466e-17
the horrors of,1.6046192152785466e-17
gillian,1.6046192152785466e-17
bollywood,1.6046192152785466e-17
with strong performances,1.5937771935536915e-17
is commended for,1.5937771935536915e-17
raw and,1.5829351718288365e-17
the soundtrack,1.5829351718288365e-17
disappointing and forgettable,1.5829351718288365e-17
nick,1.5829351718288365e-17
beautiful cinematography and,1.5815799191132296e-17
unusual,1.5720931501039814e-17
on gore,1.5720931501039814e-17
direction script,1.5612511283791264e-17
and campy,1.5612511283791264e-17
witty dialogue and,1.5612511283791264e-17
slow pace and,1.5612511283791264e-17
forced,1.5612511283791264e-17
direction script and,1.5612511283791264e-17
the world of,1.5612511283791264e-17
and his ability,1.5612511283791264e-17
negative reviews critics,1.5612511283791264e-17
status,1.5612511283791264e-17
that of,1.5612511283791264e-17
commended for its,1.5612511283791264e-17
charisma and,1.5612511283791264e-17
also has,1.5612511283791264e-17
few critics,1.5612511283791264e-17
memorable moments,1.5612511283791264e-17
perspective and,1.5612511283791264e-17
it lacking in,1.5612511283791264e-17
classic,1.5612511283791264e-17
the experiences,1.5612511283791264e-17
enthusiasm,1.5612511283791264e-17
with dark,1.5612511283791264e-17
direction and,1.5612511283791264e-17
human nature,1.5612511283791264e-17
about the importance,1.5612511283791264e-17
consists,1.5612511283791264e-17
conventional and,1.5612511283791264e-17
the film attention,1.5612511283791264e-17
war the film,1.5612511283791264e-17
talented cast,1.5612511283791264e-17
confusing narrative,1.5612511283791264e-17
bart,1.5612511283791264e-17
issues the,1.5612511283791264e-17
is drama about,1.5612511283791264e-17
their struggles,1.5612511283791264e-17
film attention,1.5612511283791264e-17
monster,1.5612511283791264e-17
detail,1.5612511283791264e-17
artificial and,1.5612511283791264e-17
comedy is,1.5612511283791264e-17
consists of,1.5612511283791264e-17
the experiences of,1.5612511283791264e-17
showcases the,1.5612511283791264e-17
racial,1.5612511283791264e-17
picture,1.5612511283791264e-17
amish,1.5612511283791264e-17
entertaining adaptation,1.5612511283791264e-17
cheesy,1.5612511283791264e-17
entertaining adaptation of,1.5612511283791264e-17
criticism,1.5612511283791264e-17
movie is seen,1.5504091066542713e-17
makes it,1.5504091066542713e-17
directed by nick,1.5504091066542713e-17
flick,1.5395670849294163e-17
convey complex,1.5395670849294163e-17
and the focus,1.5395670849294163e-17
film relies too,1.5341460740669888e-17
unique style and,1.5334684477091853e-17
mrs,1.5287250632045613e-17
on crude,1.5178830414797062e-17
queen,1.5178830414797062e-17
noted but the,1.5178830414797062e-17
male,1.5178830414797062e-17
directed by paul,1.5178830414797062e-17
overwrought and,1.5178830414797062e-17
choices,1.5178830414797062e-17
some criticize,1.5178830414797062e-17
and captivating,1.5178830414797062e-17
1979,1.5178830414797062e-17
not enough to,1.5178830414797062e-17
including its,1.5138172833328856e-17
of science fiction,1.508396272470458e-17
film visuals and,1.5070410197548512e-17
gibson,1.5070410197548512e-17
striking,1.5070410197548512e-17
in tension,1.5016200088924236e-17
lacking in tension,1.5016200088924236e-17
heroes,1.496198998029996e-17
the movie reliance,1.496198998029996e-17
movie reliance,1.496198998029996e-17
amityville horror,1.496198998029996e-17
experiences of,1.496198998029996e-17
movie reliance on,1.496198998029996e-17
for being formulaic,1.4907779871675686e-17
being formulaic,1.4907779871675686e-17
between two men,1.485356976305141e-17
adams,1.4799359654427136e-17
to evoke,1.474514954580286e-17
story is predictable,1.474514954580286e-17
commented,1.474514954580286e-17
commented on,1.474514954580286e-17
well intentioned,1.474514954580286e-17
that works,1.474514954580286e-17
true story of,1.474514954580286e-17
standout performance the,1.474514954580286e-17
amusing,1.474514954580286e-17
the true story,1.474514954580286e-17
notes that,1.474514954580286e-17
compelling narrative,1.474514954580286e-17
ability to evoke,1.474514954580286e-17
fresh take on,1.474514954580286e-17
and those,1.474514954580286e-17
plot holes,1.474514954580286e-17
its powerful,1.474514954580286e-17
criticized the script,1.474514954580286e-17
contemporary,1.474514954580286e-17
renee,1.474514954580286e-17
to convey the,1.474514954580286e-17
is considered must,1.474514954580286e-17
notes,1.474514954580286e-17
fresh take,1.474514954580286e-17
the conflict,1.474514954580286e-17
viewer,1.474514954580286e-17
john wayne,1.474514954580286e-17
of the war,1.474514954580286e-17
given text primarily,1.474514954580286e-17
evoke,1.474514954580286e-17
original the film,1.474514954580286e-17
charismatic,1.474514954580286e-17
strength,1.474514954580286e-17
all the,1.474514954580286e-17
reviewers agree,1.474514954580286e-17
many reviewers agree,1.474514954580286e-17
carrie,1.474514954580286e-17
friendship and,1.474514954580286e-17
eerie,1.474514954580286e-17
workplace,1.474514954580286e-17
grassroots,1.474514954580286e-17
tales,1.474514954580286e-17
deliver compelling narrative,1.474514954580286e-17
the true,1.474514954580286e-17
as quiet,1.474514954580286e-17
however some reviewers,1.474514954580286e-17
mentions,1.474514954580286e-17
the 1974,1.4718044491490723e-17
slow and that,1.463672932855431e-17
adaptation of michael,1.452830911130576e-17
folklore and,1.452830911130576e-17
unique concept,1.452830911130576e-17
to subvert,1.452830911130576e-17
the film allure,1.452830911130576e-17
of theater,1.452830911130576e-17
film allure,1.452830911130576e-17
of the iraq,1.441988889405721e-17
training,1.431146867680866e-17
of the era,1.431146867680866e-17
the march,1.431146867680866e-17
themes are,1.431146867680866e-17
powerful message,1.431146867680866e-17
performances while others,1.431146867680866e-17
cheap,1.431146867680866e-17
and the beast,1.431146867680866e-17
that while,1.431146867680866e-17
the beast,1.431146867680866e-17
and unfunny,1.431146867680866e-17
western that,1.431146867680866e-17
it is considered,1.431146867680866e-17
beauty and the,1.431146867680866e-17
and performances while,1.431146867680866e-17
beast,1.431146867680866e-17
to be inconsistent,1.4203048459560108e-17
relationships the,1.4094628242311558e-17
plot is criticized,1.4094628242311558e-17
public,1.406752318799942e-17
of the subject,1.3986208025063007e-17
ultimately falls,1.3986208025063007e-17
ultimately falls short,1.3986208025063007e-17
welles,1.3986208025063007e-17
irish,1.3986208025063007e-17
labor,1.3931997916438732e-17
are overwhelmingly,1.3877787807814457e-17
original and,1.3877787807814457e-17
film is not,1.3877787807814457e-17
film feels,1.3877787807814457e-17
the documentary has,1.3877787807814457e-17
unique blend of,1.3877787807814457e-17
of the first,1.3877787807814457e-17
the pacing,1.3877787807814457e-17
health,1.3877787807814457e-17
mixed reviews with,1.3877787807814457e-17
towards,1.3877787807814457e-17
values,1.3877787807814457e-17
needs,1.3877787807814457e-17
good as,1.3877787807814457e-17
context,1.3877787807814457e-17
struggles,1.3877787807814457e-17
good as the,1.3877787807814457e-17
gripping and,1.3877787807814457e-17
tale of,1.3877787807814457e-17
various,1.3877787807814457e-17
charming,1.3877787807814457e-17
pacing dialogue,1.3877787807814457e-17
pacing dialogue and,1.3877787807814457e-17
pet,1.3877787807814457e-17
darkly,1.3877787807814457e-17
clever,1.3877787807814457e-17
pet sematary,1.3877787807814457e-17
german,1.3877787807814457e-17
standout in the,1.3877787807814457e-17
as good as,1.3877787807814457e-17
genre while,1.3877787807814457e-17
on the true,1.3877787807814457e-17
unique blend,1.3877787807814457e-17
them the,1.3877787807814457e-17
for movie,1.3877787807814457e-17
adaptation that,1.3877787807814457e-17
the film feels,1.3877787807814457e-17
due to its,1.3877787807814457e-17
documentary has,1.3877787807814457e-17
packed,1.3877787807814457e-17
whimsical,1.3877787807814457e-17
cheesy and,1.3877787807814457e-17
humor the,1.3877787807814457e-17
gabrielle,1.3864235280658388e-17
of genres,1.381341330382313e-17
blend of genres,1.381341330382313e-17
its campy,1.3715157481941631e-17
the reviewers note,1.3660947373317356e-17
film as classic,1.3660947373317356e-17
moving experience,1.3660947373317356e-17
the black,1.3660947373317356e-17
entertaining and informative,1.3660947373317356e-17
genre and its,1.3660947373317356e-17
and cynical,1.360673726469308e-17
watch despite its,1.3552527156068805e-17
new perspective,1.3552527156068805e-17
sword,1.3552527156068805e-17
nancy drew,1.3444106938820255e-17
nancy,1.3444106938820255e-17
my life directed,1.3444106938820255e-17
reed,1.3444106938820255e-17
unflinching,1.3444106938820255e-17
music some reviewers,1.3444106938820255e-17
music some,1.3444106938820255e-17
god forgives,1.3444106938820255e-17
film only god,1.3444106938820255e-17
comedy but,1.3444106938820255e-17
film only,1.3444106938820255e-17
only god forgives,1.3444106938820255e-17
only god,1.3444106938820255e-17
noting that,1.3444106938820255e-17
heart and,1.3444106938820255e-17
william,1.3444106938820255e-17
lack of focus,1.3444106938820255e-17
homage to,1.3444106938820255e-17
drew,1.3444106938820255e-17
life directed by,1.3444106938820255e-17
historical drama that,1.3444106938820255e-17
jinn,1.3444106938820255e-17
themes is,1.3444106938820255e-17
while others found,1.3444106938820255e-17
drama about,1.3444106938820255e-17
issues with the,1.3444106938820255e-17
implausible,1.3444106938820255e-17
life directed,1.3444106938820255e-17
the film only,1.3444106938820255e-17
madness,1.3444106938820255e-17
double,1.3444106938820255e-17
parts,1.3444106938820255e-17
have also been,1.3335686721571705e-17
orson welles,1.328147661294743e-17
orson,1.328147661294743e-17
of emotional,1.3227266504323154e-17
line and,1.3227266504323154e-17
but feel,1.3227266504323154e-17
the science,1.3173056395698879e-17
crichton,1.3118846287074604e-17
its charm,1.3118846287074604e-17
by robert towne,1.3064636178450328e-17
are also highlighted,1.3064636178450328e-17
common,1.3064636178450328e-17
towne,1.3064636178450328e-17
its unique style,1.3037531124138191e-17
bit too,1.3010426069826053e-17
the club,1.3010426069826053e-17
rape,1.3010426069826053e-17
drive,1.3010426069826053e-17
substance the,1.3010426069826053e-17
coherence the,1.3010426069826053e-17
the screenplay,1.3010426069826053e-17
resolution,1.3010426069826053e-17
is biographical drama,1.3010426069826053e-17
game story,1.3010426069826053e-17
predictable and,1.3010426069826053e-17
tone is inconsistent,1.3010426069826053e-17
hawk video,1.3010426069826053e-17
lives of these,1.3010426069826053e-17
lives of two,1.3010426069826053e-17
is still,1.3010426069826053e-17
the film style,1.3010426069826053e-17
funny moments and,1.3010426069826053e-17
biographical drama,1.3010426069826053e-17
overwrought,1.3010426069826053e-17
weiwei,1.3010426069826053e-17
hawk video game,1.3010426069826053e-17
film starring,1.3010426069826053e-17
tony hawk video,1.3010426069826053e-17
unique take,1.3010426069826053e-17
negative some,1.3010426069826053e-17
movie for its,1.3010426069826053e-17
negative some critics,1.3010426069826053e-17
movie for,1.3010426069826053e-17
orridge and,1.3010426069826053e-17
youssou dour,1.3010426069826053e-17
youssou,1.3010426069826053e-17
horror movie,1.3010426069826053e-17
boy life,1.3010426069826053e-17
mcqueen,1.3010426069826053e-17
to deliver compelling,1.3010426069826053e-17
unique take on,1.3010426069826053e-17
mostly negative some,1.3010426069826053e-17
documentary that explores,1.3010426069826053e-17
the movie portrayal,1.3010426069826053e-17
movie portrayal of,1.3010426069826053e-17
the movie for,1.3010426069826053e-17
praised with,1.3010426069826053e-17
open,1.3010426069826053e-17
forgettable and,1.3010426069826053e-17
of the struggles,1.3010426069826053e-17
movie portrayal,1.3010426069826053e-17
video game story,1.3010426069826053e-17
film visual style,1.3010426069826053e-17
for its style,1.2956215961201778e-17
drama with focus,1.2902005852577503e-17
film atmosphere performances,1.2902005852577503e-17
by nick cassavetes,1.2902005852577503e-17
of original,1.2861348271109296e-17
motivations,1.282069068964109e-17
appeal while,1.2793585635328952e-17
film the reviews,1.2793585635328952e-17
lack of subtlety,1.2793585635328952e-17
beautiful cinematography,1.2793585635328952e-17
and vincent,1.2793585635328952e-17
its stylish,1.2576745200831851e-17
system,1.2576745200831851e-17
pahokee,1.2576745200831851e-17
struggles is,1.2576745200831851e-17
landmark,1.2576745200831851e-17
1950s,1.2576745200831851e-17
the search,1.2576745200831851e-17
cultural,1.2576745200831851e-17
nuanced approach,1.2576745200831851e-17
are highly commended,1.2576745200831851e-17
opportunity to,1.2576745200831851e-17
particularly those of,1.2576745200831851e-17
the search for,1.2576745200831851e-17
bravery,1.2576745200831851e-17
and overly focused,1.252931135578561e-17
drama about the,1.2468324983583301e-17
tone as well,1.2387009820646888e-17
tone as,1.2387009820646888e-17
and based,1.2387009820646888e-17
and based on,1.2387009820646888e-17
its characters,1.2380233557068854e-17
it explores the,1.235990476633475e-17
fiction,1.235990476633475e-17
canon,1.235990476633475e-17
of the greatest,1.235990476633475e-17
the film thoughtful,1.235990476633475e-17
film thoughtful,1.235990476633475e-17
town life,1.2332799712022613e-17
small town life,1.2332799712022613e-17
the songs,1.214306433183765e-17
postman,1.214306433183765e-17
for some viewers,1.214306433183765e-17
postman starring,1.214306433183765e-17
souls,1.214306433183765e-17
and historical significance,1.214306433183765e-17
postman starring kevin,1.214306433183765e-17
trilogy,1.214306433183765e-17
and unimaginative,1.214306433183765e-17
edge is,1.214306433183765e-17
lumbering,1.214306433183765e-17
adaptation of,1.214306433183765e-17
the film however,1.214306433183765e-17
but criticize,1.214306433183765e-17
insightful and,1.214306433183765e-17
is review of,1.214306433183765e-17
is review,1.214306433183765e-17
of the worst,1.214306433183765e-17
ii and,1.214306433183765e-17
social commentary,1.214306433183765e-17
the sport,1.214306433183765e-17
drew and the,1.214306433183765e-17
drew and,1.214306433183765e-17
vulgar,1.214306433183765e-17
lewis,1.214306433183765e-17
ensemble,1.214306433183765e-17
the edge is,1.214306433183765e-17
critics finding,1.214306433183765e-17
review of,1.214306433183765e-17
critics finding it,1.214306433183765e-17
and interviews with,1.214306433183765e-17
attempts at,1.214306433183765e-17
its cinematography,1.214306433183765e-17
text is review,1.214306433183765e-17
joy and,1.214306433183765e-17
engagement,1.214306433183765e-17
with family,1.214306433183765e-17
the casting,1.214306433183765e-17
the film nostalgic,1.214306433183765e-17
and the hidden,1.214306433183765e-17
nancy drew and,1.214306433183765e-17
haunted house,1.214306433183765e-17
the hidden staircase,1.214306433183765e-17
parallels,1.214306433183765e-17
with lack of,1.214306433183765e-17
danny,1.214306433183765e-17
the postman starring,1.214306433183765e-17
variety,1.214306433183765e-17
neal,1.214306433183765e-17
the postman,1.214306433183765e-17
musical numbers,1.214306433183765e-17
film however,1.214306433183765e-17
haunted,1.214306433183765e-17
hidden staircase,1.214306433183765e-17
criticized some,1.214306433183765e-17
and coherence,1.214306433183765e-17
feel that it,1.214306433183765e-17
and drama,1.214306433183765e-17
time it,1.214306433183765e-17
hall,1.214306433183765e-17
film nostalgic,1.214306433183765e-17
talents,1.214306433183765e-17
staircase,1.214306433183765e-17
film nostalgic value,1.214306433183765e-17
girl who,1.214306433183765e-17
and failing,1.214306433183765e-17
other works,1.214306433183765e-17
thriller that explores,1.214306433183765e-17
and failing to,1.214306433183765e-17
score by,1.214306433183765e-17
with lack,1.214306433183765e-17
the harvest,1.2088854223213374e-17
harvest,1.2088854223213374e-17
conventions and,1.2088854223213374e-17
mccartney,1.2088854223213374e-17
evan rachel,1.2034644114589099e-17
evan rachel wood,1.2034644114589099e-17
evan,1.2034644114589099e-17
parents,1.2034644114589099e-17
fails,1.2034644114589099e-17
rachel wood,1.2034644114589099e-17
personal lives,1.1993986533120893e-17
overly focused on,1.1966881478808755e-17
overly focused,1.1966881478808755e-17
some critics describe,1.1926223897340549e-17
two troubled teenage,1.1926223897340549e-17
girlhood,1.1926223897340549e-17
restraint,1.1926223897340549e-17
storyline lack,1.1926223897340549e-17
storyline lack of,1.1926223897340549e-17
in wit,1.1926223897340549e-17
voice,1.1926223897340549e-17
two troubled,1.1926223897340549e-17
troubled teenage girls,1.1926223897340549e-17
lacking in wit,1.1926223897340549e-17
adolescence and,1.1926223897340549e-17
troubled teenage,1.1926223897340549e-17
chainsaw massacre,1.1899118843028411e-17
chainsaw,1.1899118843028411e-17
massacre,1.1899118843028411e-17
texas chainsaw,1.1899118843028411e-17
texas chainsaw massacre,1.1899118843028411e-17
role in the,1.1872013788716274e-17
film message is,1.1817803680091998e-17
charming and,1.1763593571467723e-17
the iconic,1.1763593571467723e-17
jack ryan,1.1763593571467723e-17
the jungle,1.1709383462843448e-17
jungle book,1.1709383462843448e-17
novel with,1.1709383462843448e-17
sensationalism,1.1709383462843448e-17
winton,1.1709383462843448e-17
on politics,1.1709383462843448e-17
visuals including,1.1709383462843448e-17
the lead actor,1.1709383462843448e-17
its thoughtful,1.1709383462843448e-17
the jungle book,1.1709383462843448e-17
house of,1.1709383462843448e-17
gritty and,1.1709383462843448e-17
to be self,1.1655173354219173e-17
tendency,1.1655173354219173e-17
tendency to,1.1655173354219173e-17
be self,1.1655173354219173e-17
many reviewers noting,1.1600963245594897e-17
too many,1.1594186982016863e-17
its gritty,1.1546753136970622e-17
personal and,1.1492543028346347e-17
of michael,1.1492543028346347e-17
toll,1.1492543028346347e-17
chef,1.1492543028346347e-17
penn,1.1275702593849246e-17
ability to provoke,1.1275702593849246e-17
to appeal to,1.1275702593849246e-17
is well intentioned,1.1275702593849246e-17
master,1.1275702593849246e-17
to appeal,1.1275702593849246e-17
for its exploration,1.1275702593849246e-17
al pacino,1.1275702593849246e-17
locations,1.1275702593849246e-17
mixed with some,1.1275702593849246e-17
clunky,1.1275702593849246e-17
mark,1.1275702593849246e-17
al,1.1275702593849246e-17
and offers,1.1275702593849246e-17
tricks,1.1275702593849246e-17
unsuccessful,1.1275702593849246e-17
laughs and,1.1275702593849246e-17
bland and,1.1275702593849246e-17
organized,1.1275702593849246e-17
named,1.1275702593849246e-17
not as,1.1275702593849246e-17
that attempts to,1.1275702593849246e-17
ryan,1.1275702593849246e-17
film has its,1.1275702593849246e-17
budget,1.1275702593849246e-17
its awkward,1.1275702593849246e-17
semi,1.1275702593849246e-17
the movie may,1.1275702593849246e-17
vault,1.1275702593849246e-17
be uneven with,1.1275702593849246e-17
that attempts,1.1275702593849246e-17
praised as,1.1275702593849246e-17
unexpected,1.1275702593849246e-17
catchy songs,1.1275702593849246e-17
conventions,1.1275702593849246e-17
the women,1.1275702593849246e-17
technical aspects,1.1275702593849246e-17
movie may,1.1275702593849246e-17
its tendency to,1.1221492485224971e-17
nagila,1.1221492485224971e-17
its tendency,1.1221492485224971e-17
hava nagila,1.1221492485224971e-17
hava,1.1221492485224971e-17
its lighthearted,1.1167282376600696e-17
its lighthearted and,1.1167282376600696e-17
is polarizing and,1.1167282376600696e-17
intimate portrayal of,1.1058862159352145e-17
but it falls,1.1058862159352145e-17
intimate portrayal,1.1058862159352145e-17
restraint and,1.1058862159352145e-17
corruption,1.1058862159352145e-17
of blood,1.1058862159352145e-17
nicholson,1.1058862159352145e-17
iraq,1.100465205072787e-17
plotting,1.0977546996415732e-17
many praise the,1.0950441942103595e-17
zinn,1.0842021724855044e-17
unique visual,1.0842021724855044e-17
as its use,1.0842021724855044e-17
film calling,1.0842021724855044e-17
gripping,1.0842021724855044e-17
which are,1.0842021724855044e-17
was also,1.0842021724855044e-17
his acting,1.0842021724855044e-17
film calling it,1.0842021724855044e-17
of wit,1.0842021724855044e-17
lack of wit,1.0842021724855044e-17
the film calling,1.0842021724855044e-17
villain,1.0842021724855044e-17
familiar and,1.0733601507606494e-17
reviewers have criticized,1.0625181290357943e-17
crooked arrows,1.0625181290357943e-17
crooked,1.0625181290357943e-17
arrows,1.0625181290357943e-17
entertaining with,1.0516761073109393e-17
the modern,1.0516761073109393e-17
and tiresome,1.0448998437329049e-17
nature and the,1.0408340855860843e-17
his unique,1.0408340855860843e-17
and has been,1.0408340855860843e-17
life and music,1.0408340855860843e-17
seeking,1.0408340855860843e-17
is fascinating,1.0408340855860843e-17
viewers to,1.0408340855860843e-17
is fascinating and,1.0408340855860843e-17
is sequel,1.0408340855860843e-17
and entertaining film,1.0408340855860843e-17
scary,1.0408340855860843e-17
impact,1.0408340855860843e-17
is engaging and,1.0408340855860843e-17
making,1.0408340855860843e-17
handed direction,1.0408340855860843e-17
teenage,1.0408340855860843e-17
its beautiful,1.0408340855860843e-17
movie follows,1.0408340855860843e-17
tackles,1.0408340855860843e-17
also commended however,1.0408340855860843e-17
fun,1.0408340855860843e-17
heavy handed direction,1.0408340855860843e-17
occasional,1.0408340855860843e-17
series of,1.0408340855860843e-17
adventure,1.0408340855860843e-17
anarchic comedy,1.0408340855860843e-17
reviewers note,1.0408340855860843e-17
finest,1.0408340855860843e-17
are highlighted,1.0408340855860843e-17
appreciated the film,1.0408340855860843e-17
the cast is,1.0408340855860843e-17
red,1.0408340855860843e-17
and some,1.0408340855860843e-17
and slow,1.0408340855860843e-17
describing,1.0408340855860843e-17
performances however some,1.0408340855860843e-17
portrayal of its,1.0408340855860843e-17
sam,1.0408340855860843e-17
film as masterpiece,1.0408340855860843e-17
some critics argue,1.0408340855860843e-17
attempt to,1.0408340855860843e-17
film the movie,1.0408340855860843e-17
depression,1.0408340855860843e-17
paced,1.0408340855860843e-17
the series,1.0408340855860843e-17
the text consists,1.0408340855860843e-17
exploring themes of,1.0408340855860843e-17
exploring themes,1.0408340855860843e-17
the same,1.0408340855860843e-17
of originality and,1.0408340855860843e-17
fascinating,1.0408340855860843e-17
of young man,1.0408340855860843e-17
they criticize,1.0408340855860843e-17
third,1.0408340855860843e-17
and resolution,1.0408340855860843e-17
band,1.0408340855860843e-17
the movie follows,1.0408340855860843e-17
thin premise,1.0408340855860843e-17
tone and,1.0408340855860843e-17
deal,1.0408340855860843e-17
lot of,1.0366836241445382e-17
lot,1.0366836241445382e-17
overly sentimental tone,1.0299920638612292e-17
beaches,1.0299920638612292e-17
substance and,1.0299920638612292e-17
man with,1.0259263057144086e-17
familiar horror,1.0191500421363742e-17
always faithful,1.0191500421363742e-17
leads some,1.0191500421363742e-17
marine corps veteran,1.0191500421363742e-17
formulaic plot,1.0191500421363742e-17
moments and,1.0191500421363742e-17
parental,1.0191500421363742e-17
vibe,1.0191500421363742e-17
include its,1.0191500421363742e-17
corps veteran,1.0191500421363742e-17
to keep,1.0191500421363742e-17
creator,1.0191500421363742e-17
to keep the,1.0191500421363742e-17
veteran,1.0191500421363742e-17
leads some reviewers,1.0191500421363742e-17
body,1.0191500421363742e-17
wayne performance,1.0137290312739466e-17
love of,1.0137290312739466e-17
mel,1.0137290312739466e-17
balances humor and,1.0110185258427329e-17
elderly,1.0083080204115191e-17
but feel that,1.0028870095490916e-17
century,9.974659986866641e-18
film animation,9.974659986866641e-18
mostly,9.974659986866641e-18
lead performance by,9.974659986866641e-18
explores the relationship,9.974659986866641e-18
thoughtful and,9.974659986866641e-18
action scenes,9.974659986866641e-18
up to its,9.974659986866641e-18
and context,9.974659986866641e-18
on the classic,9.974659986866641e-18
that follows the,9.974659986866641e-18
overall tone,9.974659986866641e-18
paul schrader,9.974659986866641e-18
the overall tone,9.974659986866641e-18
silent film,9.974659986866641e-18
entertaining watch,9.974659986866641e-18
about young,9.974659986866641e-18
schrader,9.974659986866641e-18
and turns,9.974659986866641e-18
as an action,9.974659986866641e-18
twists and turns,9.974659986866641e-18
british film,9.974659986866641e-18
poor writing and,9.974659986866641e-18
relationship the,9.974659986866641e-18
have found it,9.974659986866641e-18
the film animation,9.974659986866641e-18
musical genre,9.893344823930228e-18
classic of the,9.86623976961809e-18
nolte,9.86623976961809e-18
the legendary,9.86623976961809e-18
storytelling and its,9.75781955236954e-18
protagonist,9.75781955236954e-18
comparing it to,9.703609443745265e-18
reviews generally praise,9.64939933512099e-18
and editing,9.64939933512099e-18
setting and the,9.540979117872439e-18
and the struggle,9.540979117872439e-18
performance while others,9.540979117872439e-18
performance while,9.540979117872439e-18
and unoriginal,9.540979117872439e-18
family in,9.540979117872439e-18
however the movie,9.540979117872439e-18
train,9.540979117872439e-18
the movie relies,9.540979117872439e-18
for its powerful,9.540979117872439e-18
louise,9.540979117872439e-18
struggles and,9.540979117872439e-18
evident,9.540979117872439e-18
the 1955,9.540979117872439e-18
and relying,9.540979117872439e-18
its macabre,9.540979117872439e-18
reviewers also felt,9.540979117872439e-18
rewarding,9.540979117872439e-18
the struggle,9.540979117872439e-18
much on,9.540979117872439e-18
too much on,9.540979117872439e-18
children,9.540979117872439e-18
powerful exploration of,9.540979117872439e-18
audiences,9.540979117872439e-18
powerful exploration,9.540979117872439e-18
and work of,9.540979117872439e-18
weak and the,9.540979117872439e-18
venice,9.540979117872439e-18
of paul,9.540979117872439e-18
of love and,9.540979117872439e-18
film fails,9.540979117872439e-18
cast but,9.540979117872439e-18
the film fails,9.540979117872439e-18
cast are,9.540979117872439e-18
film fails to,9.540979117872439e-18
period drama,9.540979117872439e-18
joseph,9.540979117872439e-18
some praise the,9.540979117872439e-18
professional,9.540979117872439e-18
complex plot,9.540979117872439e-18
lies in its,9.540979117872439e-18
but lacks,9.540979117872439e-18
praised with many,9.432558900623889e-18
of substance and,9.432558900623889e-18
hamm,9.430017801782126e-18
quinto,9.430017801782126e-18
quinto and,9.430017801782126e-18
john hamm,9.430017801782126e-18
jenny slate zachary,9.430017801782126e-18
slate,9.430017801782126e-18
jenny slate,9.430017801782126e-18
aardvark,9.430017801782126e-18
jenny,9.430017801782126e-18
willis,9.324138683375338e-18
times the film,9.324138683375338e-18
of man,9.324138683375338e-18
its stars,9.313974288008287e-18
its self,9.242823520438925e-18
campy humor,9.215718466126788e-18
friends and,9.215718466126788e-18
its style,9.107298248878237e-18
provoking nature,9.107298248878237e-18
uneven tone,9.107298248878237e-18
film la petite,9.107298248878237e-18
is particularly,9.107298248878237e-18
writer and,9.107298248878237e-18
and the script,9.107298248878237e-18
film la,9.107298248878237e-18
and honest,9.107298248878237e-18
and too,9.107298248878237e-18
baldwin,9.107298248878237e-18
of mental illness,9.107298248878237e-18
alec baldwin,9.107298248878237e-18
known for their,9.107298248878237e-18
to tackle,9.107298248878237e-18
thought provoking nature,9.107298248878237e-18
alec,9.107298248878237e-18
novel the,9.107298248878237e-18
politics,9.107298248878237e-18
narrative some,9.107298248878237e-18
fred is,9.107298248878237e-18
is beautifully shot,9.107298248878237e-18
such as its,9.107298248878237e-18
narrative some reviewers,9.107298248878237e-18
the film la,9.107298248878237e-18
of power,9.107298248878237e-18
balances humor,8.890457814381136e-18
to fully,8.890457814381136e-18
great performances,8.890457814381136e-18
and white photography,8.890457814381136e-18
white photography,8.890457814381136e-18
the film blend,8.836247705756861e-18
film blend,8.836247705756861e-18
danger,8.836247705756861e-18
film blend of,8.836247705756861e-18
film some reviewers,8.782037597132586e-18
flair,8.782037597132586e-18
is particularly highlighted,8.68039364346207e-18
value and,8.673617379884035e-18
memorable characters,8.673617379884035e-18
to other horror,8.673617379884035e-18
vibrant,8.673617379884035e-18
film stars,8.673617379884035e-18
historical significance,8.673617379884035e-18
and the impact,8.673617379884035e-18
mundane,8.673617379884035e-18
scottish,8.673617379884035e-18
use of visual,8.673617379884035e-18
times but,8.673617379884035e-18
on his,8.673617379884035e-18
harsh,8.673617379884035e-18
harsh realities,8.673617379884035e-18
on familiar tropes,8.673617379884035e-18
rodman,8.673617379884035e-18
and uninspired,8.673617379884035e-18
and classic,8.673617379884035e-18
nature and,8.673617379884035e-18
thriller with,8.673617379884035e-18
other horror,8.673617379884035e-18
to present,8.673617379884035e-18
of tension and,8.673617379884035e-18
suspense the,8.673617379884035e-18
been described as,8.673617379884035e-18
cinematography and,8.673617379884035e-18
footage the,8.673617379884035e-18
been described,8.673617379884035e-18
and nonsensical,8.673617379884035e-18
nostalgic value and,8.673617379884035e-18
the consensus,8.673617379884035e-18
pointed out,8.673617379884035e-18
at times but,8.673617379884035e-18
action comedy,8.673617379884035e-18
lacking clear,8.673617379884035e-18
the film stars,8.673617379884035e-18
some praising the,8.673617379884035e-18
showcasing,8.673617379884035e-18
child,8.673617379884035e-18
touches on,8.673617379884035e-18
stephen king,8.673617379884035e-18
woody,8.673617379884035e-18
travel,8.673617379884035e-18
songs and,8.673617379884035e-18
of romance,8.673617379884035e-18
slasher genre,8.673617379884035e-18
of cinematic,8.673617379884035e-18
and special effects,8.673617379884035e-18
of focus,8.673617379884035e-18
detail and,8.673617379884035e-18
the original the,8.673617379884035e-18
features strong performances,8.673617379884035e-18
and special,8.673617379884035e-18
sadness,8.673617379884035e-18
familiar tropes,8.673617379884035e-18
with script that,8.673617379884035e-18
are often,8.673617379884035e-18
with script,8.673617379884035e-18
wall,8.673617379884035e-18
james,8.673617379884035e-18
jeanne,8.673617379884035e-18
is the,8.673617379884035e-18
in sports,8.673617379884035e-18
cause,8.673617379884035e-18
that has received,8.646512325571898e-18
horror films of,8.565197162635485e-18
praised for their,8.456776945386935e-18
some reviewers feel,8.456776945386935e-18
art of,8.456776945386935e-18
the art of,8.456776945386935e-18
as romantic comedy,8.456776945386935e-18
as romantic,8.456776945386935e-18
highlight of,8.443224418230866e-18
highlight of the,8.443224418230866e-18
film minimalist,8.348356728138384e-18
audience the,8.348356728138384e-18
the film minimalist,8.348356728138384e-18
value many reviewers,8.33565123392957e-18
the psychological,8.239936510889834e-18
falls flat,8.239936510889834e-18
subversive,8.239936510889834e-18
and energy,8.239936510889834e-18
for the 1982,8.239936510889834e-18
historical context,8.239936510889834e-18
spoof of,8.239936510889834e-18
to explore the,8.239936510889834e-18
thomas,8.239936510889834e-18
the furies,8.239936510889834e-18
erotic,8.239936510889834e-18
ben,8.239936510889834e-18
furies,8.239936510889834e-18
spoof,8.239936510889834e-18
using,8.239936510889834e-18
memorable and,8.239936510889834e-18
regarded,8.239936510889834e-18
poorly written,8.239936510889834e-18
willingness,8.239936510889834e-18
garbo the,8.239936510889834e-18
and most,8.239936510889834e-18
trek,8.239936510889834e-18
willingness to,8.239936510889834e-18
figures,8.185726402265558e-18
awakens,8.158621347953421e-18
by dexter fletcher,8.1349044254303e-18
directed by dexter,8.1349044254303e-18
by dexter,8.1349044254303e-18
of schizophrenia,8.131516293641283e-18
characterizations,8.077306185017008e-18
mccormick,8.05020113070487e-18
be fun,8.023096076392733e-18
melodramatic and,8.023096076392733e-18
direction by,8.023096076392733e-18
opportunity,8.023096076392733e-18
to be fun,8.023096076392733e-18
anderson,8.023096076392733e-18
not particularly original,8.023096076392733e-18
particularly original,8.023096076392733e-18
the story the,7.968885967768458e-18
is neo noir,7.914675859144182e-18
entertain,7.914675859144182e-18
the story however,7.874018277675976e-18
deaf,7.860465750519907e-18
particularly highlighted,7.8198081690517e-18
effort,7.806255641895632e-18
out that the,7.806255641895632e-18
low,7.806255641895632e-18
can be uneven,7.806255641895632e-18
with grief,7.806255641895632e-18
also praise the,7.806255641895632e-18
character and,7.806255641895632e-18
explores the world,7.806255641895632e-18
master and,7.806255641895632e-18
and not enough,7.806255641895632e-18
is must watch,7.806255641895632e-18
campy,7.806255641895632e-18
especially,7.806255641895632e-18
average,7.806255641895632e-18
landscape,7.806255641895632e-18
period piece,7.806255641895632e-18
been criticized for,7.806255641895632e-18
the italian,7.806255641895632e-18
create tension and,7.806255641895632e-18
and energetic,7.806255641895632e-18
for its performances,7.806255641895632e-18
deficiencies,7.806255641895632e-18
wolves,7.806255641895632e-18
of cliches,7.806255641895632e-18
also felt that,7.806255641895632e-18
also felt,7.806255641895632e-18
have also,7.806255641895632e-18
starring michael,7.806255641895632e-18
and serves as,7.806255641895632e-18
life in,7.806255641895632e-18
have appreciated,7.806255641895632e-18
predictable storyline,7.806255641895632e-18
larry,7.752045533271357e-18
and predictable the,7.724940478959219e-18
amityville,7.697835424647081e-18
making it unique,7.697835424647081e-18
overly familiar and,7.643625316022806e-18
critics praising its,7.589415207398531e-18
dealing,7.589415207398531e-18
experience while,7.589415207398531e-18
and acting are,7.589415207398531e-18
overly sentimental or,7.589415207398531e-18
ability to keep,7.589415207398531e-18
acting are,7.589415207398531e-18
entertainment,7.535205098774256e-18
the clapper,7.48099499014998e-18
clapper,7.48099499014998e-18
conveyed,7.48099499014998e-18
performances the film,7.37257477290143e-18
world is,7.37257477290143e-18
with slow,7.37257477290143e-18
to be dull,7.37257477290143e-18
storytelling lack of,7.37257477290143e-18
go,7.37257477290143e-18
american gun,7.37257477290143e-18
film from,7.37257477290143e-18
the 1990s,7.37257477290143e-18
and serves,7.37257477290143e-18
honest and,7.37257477290143e-18
there are,7.37257477290143e-18
after,7.37257477290143e-18
dance,7.37257477290143e-18
the film overall,7.37257477290143e-18
descent,7.37257477290143e-18
storytelling lack,7.37257477290143e-18
its heartfelt,7.37257477290143e-18
saying,7.37257477290143e-18
loneliness,7.37257477290143e-18
french film,7.37257477290143e-18
and amusing,7.37257477290143e-18
others consider,7.318364664277155e-18
others consider it,7.318364664277155e-18
angela bassett,7.26415455565288e-18
arquette and felicity,7.26415455565288e-18
angela,7.26415455565288e-18
arquette,7.26415455565288e-18
felicity,7.26415455565288e-18
arquette and,7.26415455565288e-18
bassett,7.26415455565288e-18
bassett patricia,7.26415455565288e-18
bassett patricia arquette,7.26415455565288e-18
angela bassett patricia,7.26415455565288e-18
patricia arquette and,7.26415455565288e-18
patricia,7.26415455565288e-18
patricia arquette,7.26415455565288e-18
political insight,7.26415455565288e-18
men who,7.26415455565288e-18
crises,7.26415455565288e-18
otherhood,7.26415455565288e-18
horror and comedy,7.209944447028604e-18
all time,7.15573433840433e-18
as masterpiece,7.15573433840433e-18
unique and entertaining,7.15573433840433e-18
of all time,7.15573433840433e-18
film strong,7.15573433840433e-18
the film strong,7.15573433840433e-18
girl,7.15573433840433e-18
of all,7.15573433840433e-18
the hidden,7.15573433840433e-18
art house,7.047314121155779e-18
courage,7.047314121155779e-18
bloated,7.003427226576165e-18
constructed,6.938893903907228e-18
deemed,6.938893903907228e-18
the essence of,6.938893903907228e-18
film they,6.938893903907228e-18
however few reviewers,6.938893903907228e-18
critical,6.938893903907228e-18
is praised as,6.938893903907228e-18
get,6.938893903907228e-18
particularly that,6.938893903907228e-18
directionless,6.938893903907228e-18
being dull,6.938893903907228e-18
comedy drama about,6.938893903907228e-18
setting,6.938893903907228e-18
seedy,6.938893903907228e-18
and overuse of,6.938893903907228e-18
classic novel,6.938893903907228e-18
who was,6.938893903907228e-18
its atmospheric,6.938893903907228e-18
performances particularly that,6.938893903907228e-18
reality,6.938893903907228e-18
tension and,6.938893903907228e-18
lackluster,6.938893903907228e-18
direction and lack,6.938893903907228e-18
and overuse,6.938893903907228e-18
are not well,6.938893903907228e-18
perfect,6.938893903907228e-18
street is,6.938893903907228e-18
offensive,6.938893903907228e-18
minds,6.938893903907228e-18
contains various,6.938893903907228e-18
piece of,6.938893903907228e-18
particularly that of,6.938893903907228e-18
essence of,6.938893903907228e-18
praised it,6.938893903907228e-18
still,6.938893903907228e-18
blume novel,6.938893903907228e-18
politics the film,6.938893903907228e-18
politics and,6.938893903907228e-18
harrowing,6.938893903907228e-18
catholic,6.938893903907228e-18
unsettling,6.938893903907228e-18
reviewers criticize,6.938893903907228e-18
film is entertaining,6.938893903907228e-18
others finding it,6.938893903907228e-18
and violence,6.938893903907228e-18
1966,6.938893903907228e-18
canadian film,6.938893903907228e-18
loneliness and,6.938893903907228e-18
best works,6.938893903907228e-18
considered an,6.938893903907228e-18
sentimentality,6.938893903907228e-18
satisfying,6.938893903907228e-18
young girls,6.938893903907228e-18
compared to the,6.938893903907228e-18
text contains various,6.938893903907228e-18
execution the,6.938893903907228e-18
more engaging,6.938893903907228e-18
considered classic,6.938893903907228e-18
others have found,6.938893903907228e-18
reviewers finding,6.938893903907228e-18
made and,6.938893903907228e-18
innocence,6.938893903907228e-18
muppets,6.938893903907228e-18
insight,6.938893903907228e-18
critics describe,6.938893903907228e-18
some reviewers finding,6.938893903907228e-18
lapses,6.938893903907228e-18
earnest,6.938893903907228e-18
and script that,6.911788849595091e-18
louisa,6.8575787409708155e-18
documentary unfit the,6.830473686658678e-18
tackle the,6.830473686658678e-18
unfit the,6.830473686658678e-18
the documentary unfit,6.830473686658678e-18
the psychology,6.830473686658678e-18
unfit the psychology,6.830473686658678e-18
of donald trump,6.830473686658678e-18
to tackle the,6.830473686658678e-18
the psychology of,6.830473686658678e-18
documentary unfit,6.830473686658678e-18
unfit,6.830473686658678e-18
that it lacks,6.810144895924575e-18
joke,6.762711050878334e-18
shirin in,6.749158523722265e-18
shirin in love,6.749158523722265e-18
shirin,6.749158523722265e-18
jews,6.7220534694101275e-18
flaws such,6.7220534694101275e-18
the original novel,6.7220534694101275e-18
lively,6.7220534694101275e-18
film lighthearted,6.7220534694101275e-18
the film lighthearted,6.7220534694101275e-18
resonant,6.7220534694101275e-18
man is,6.7220534694101275e-18
wilson the,6.7220534694101275e-18
pokemon,6.7220534694101275e-18
of genres including,6.7220534694101275e-18
flaws such as,6.7220534694101275e-18
the 1981,6.6542908336297835e-18
elevated,6.613633252161577e-18
is elevated by,6.613633252161577e-18
elevated by,6.613633252161577e-18
1962,6.613633252161577e-18
is elevated,6.613633252161577e-18
while others feel,6.596692593216491e-18
adaptation of thomas,6.5187655620690954e-18
kate winslet,6.5187655620690954e-18
hardy,6.5187655620690954e-18
hardy novel,6.5187655620690954e-18
thomas hardy,6.5187655620690954e-18
winslet,6.5187655620690954e-18
thomas hardy novel,6.5187655620690954e-18
of thomas hardy,6.5187655620690954e-18
enjoyed the,6.5052130349130266e-18
feel good,6.5052130349130266e-18
often one dimensional,6.5052130349130266e-18
oil,6.5052130349130266e-18
léa seydoux and,6.5052130349130266e-18
léa seydoux,6.5052130349130266e-18
for its entertaining,6.5052130349130266e-18
are often one,6.5052130349130266e-18
of movie,6.5052130349130266e-18
imagery and,6.5052130349130266e-18
campy and,6.5052130349130266e-18
enjoyed the film,6.5052130349130266e-18
and the challenges,6.5052130349130266e-18
léa,6.5052130349130266e-18
period detail,6.5052130349130266e-18
by scott,6.5052130349130266e-18
genuine,6.5052130349130266e-18
often one,6.5052130349130266e-18
notable for its,6.5052130349130266e-18
is notable,6.5052130349130266e-18
is notable for,6.5052130349130266e-18
notable for,6.5052130349130266e-18
predictable and lacking,6.5052130349130266e-18
film little,6.451002926288751e-18
film of,6.423897871976614e-18
reviewers praising its,6.396792817664476e-18
honesty,6.396792817664476e-18
subvert,6.396792817664476e-18
horror films,6.288372600415926e-18
many critics find,6.288372600415926e-18
its thin,6.288372600415926e-18
large,6.288372600415926e-18
film mrs,6.288372600415926e-18
undermined by,6.288372600415926e-18
film overall,6.288372600415926e-18
complex emotions,6.288372600415926e-18
fails to,6.2341624917916505e-18
approach to the,6.179952383167375e-18
characters have,6.179952383167375e-18
araki,6.179952383167375e-18
name,6.0986372202309624e-18
playing,6.071532165918825e-18
documentary in search,6.071532165918825e-18
the numbers,6.071532165918825e-18
as the original,6.071532165918825e-18
the documentary in,6.071532165918825e-18
sharknado,6.071532165918825e-18
powerful and,6.071532165918825e-18
those of,6.071532165918825e-18
see it,6.071532165918825e-18
if not particularly,6.071532165918825e-18
or political,6.071532165918825e-18
originality overall the,6.071532165918825e-18
of loneliness,6.071532165918825e-18
david cronenberg,6.071532165918825e-18
pokemon 4ever,6.071532165918825e-18
photographer,6.071532165918825e-18
points,6.071532165918825e-18
and overall,6.071532165918825e-18
film making,6.071532165918825e-18
and unrealistic,6.071532165918825e-18
alike,6.071532165918825e-18
and great,6.071532165918825e-18
australian film,6.071532165918825e-18
personal stories,6.071532165918825e-18
have mixed,6.071532165918825e-18
nimoy,6.071532165918825e-18
documentary in,6.071532165918825e-18
of bad,6.071532165918825e-18
ray,6.071532165918825e-18
themes of loneliness,6.071532165918825e-18
be inconsistent and,6.071532165918825e-18
brian,6.071532165918825e-18
ability to be,6.071532165918825e-18
may appeal to,6.071532165918825e-18
of personal,6.071532165918825e-18
therapeutic,6.071532165918825e-18
drama that follows,6.071532165918825e-18
themes and style,6.003769530138481e-18
style with,5.936006894358137e-18
is road trip,5.868244258577793e-18
and overly familiar,5.854691731421724e-18
death and the,5.854691731421724e-18
the fake,5.854691731421724e-18
approach and,5.854691731421724e-18
giuliani time,5.854691731421724e-18
the 1982 film,5.854691731421724e-18
the fake case,5.854691731421724e-18
the 1982,5.854691731421724e-18
army,5.7462715141731735e-18
being predictable,5.7462715141731735e-18
as standout,5.707307998599476e-18
highlighted as standout,5.707307998599476e-18
as cult,5.692061405548898e-18
as cult classic,5.692061405548898e-18
fails to capture,5.637851296924623e-18
critics also note,5.637851296924623e-18
its nuanced exploration,5.637851296924623e-18
girl journey,5.637851296924623e-18
critics find fault,5.637851296924623e-18
final act,5.637851296924623e-18
predictable clichéd and,5.637851296924623e-18
underdeveloped characters,5.637851296924623e-18
plot points,5.637851296924623e-18
delves,5.637851296924623e-18
cult,5.637851296924623e-18
delves into,5.637851296924623e-18
be overly sentimental,5.637851296924623e-18
predictable clichéd,5.637851296924623e-18
the slasher,5.637851296924623e-18
pays homage,5.637851296924623e-18
pays,5.637851296924623e-18
pays homage to,5.637851296924623e-18
and original,5.637851296924623e-18
poor production,5.637851296924623e-18
the slasher genre,5.637851296924623e-18
ability to tackle,5.5294310796760726e-18
of art,5.5294310796760726e-18
wooden,5.421010862427522e-18
music of,5.421010862427522e-18
miyazaki,5.421010862427522e-18
documentary titled the,5.421010862427522e-18
with critics praising,5.421010862427522e-18
gore the,5.421010862427522e-18
and music of,5.421010862427522e-18
unoriginal and,5.3939058081153846e-18
loss and,5.312590645178972e-18
commentary are also,5.312590645178972e-18
the lead character,5.312590645178972e-18
of authenticity,5.2583805365546965e-18
orgasm,5.2583805365546965e-18
dimensional characters,5.2583805365546965e-18
orgasm inc,5.2583805365546965e-18
one dimensional characters,5.2583805365546965e-18
is intriguing but,5.204170427930421e-18
is intriguing,5.204170427930421e-18
with his,5.204170427930421e-18
being slow and,5.204170427930421e-18
examination,5.204170427930421e-18
children and adults,5.204170427930421e-18
documentary the,5.204170427930421e-18
is quirky,5.204170427930421e-18
performance as,5.204170427930421e-18
cruise performance,5.204170427930421e-18
powell,5.204170427930421e-18
praising its unique,5.204170427930421e-18
powell and,5.204170427930421e-18
commentary and,5.204170427930421e-18
quotes about the,5.204170427930421e-18
moments but,5.204170427930421e-18
film risky,5.204170427930421e-18
film risky business,5.204170427930421e-18
risky,5.204170427930421e-18
friendly,5.204170427930421e-18
they criticized the,5.204170427930421e-18
storytelling,5.204170427930421e-18
overall while the,5.204170427930421e-18
considered classic and,5.204170427930421e-18
of elements,5.204170427930421e-18
fantasy,5.204170427930421e-18
hero,5.204170427930421e-18
korean,5.204170427930421e-18
later,5.204170427930421e-18
to the works,5.204170427930421e-18
south,5.204170427930421e-18
little women,5.204170427930421e-18
and the direction,5.204170427930421e-18
is heartwarming and,5.204170427930421e-18
the horrors,5.204170427930421e-18
forgiveness and,5.204170427930421e-18
it entertaining,5.204170427930421e-18
source,5.204170427930421e-18
film strengths include,5.204170427930421e-18
america,5.204170427930421e-18
audience,5.204170427930421e-18
and haunting,5.204170427930421e-18
1958,5.204170427930421e-18
essential,5.204170427930421e-18
charlie,5.204170427930421e-18
stories and,5.204170427930421e-18
intolerance,5.204170427930421e-18
hate,5.204170427930421e-18
and predictable,5.204170427930421e-18
critics compare,5.204170427930421e-18
is fun,5.204170427930421e-18
homage,5.204170427930421e-18
social commentary and,5.204170427930421e-18
serious themes,5.204170427930421e-18
film is masterpiece,5.095750210681871e-18
is masterpiece,5.095750210681871e-18
colorful visuals,5.095750210681871e-18
generally praise,5.095750210681871e-18
genre however some,5.041540102057596e-18
and reliance,5.027987574901527e-18
and reliance on,5.027987574901527e-18
be superficial,5.014435047745458e-18
gentle and,5.000882520589389e-18
lack of cinematic,4.998341421747626e-18
film focus on,4.9873299934333204e-18
essence,4.9873299934333204e-18
your,4.9873299934333204e-18
the film focus,4.9873299934333204e-18
script that,4.9873299934333204e-18
the essence,4.9873299934333204e-18
the romantic,4.9873299934333204e-18
directed by kevin,4.9873299934333204e-18
film focus,4.9873299934333204e-18
also praise,4.87890977618477e-18
howard stern,4.831475931138529e-18
indulgent and,4.824699667560495e-18
emotional portrayal of,4.824699667560495e-18
homage to the,4.824699667560495e-18
emotional portrayal,4.824699667560495e-18
and emotional portrayal,4.824699667560495e-18
and james,4.7704895589362195e-18
adventures,4.7704895589362195e-18
left,4.7704895589362195e-18
political and,4.7704895589362195e-18
griffith,4.7704895589362195e-18
life as,4.7704895589362195e-18
release,4.7704895589362195e-18
it as shallow,4.7704895589362195e-18
that lacks,4.7704895589362195e-18
michael keaton,4.7704895589362195e-18
feelings,4.7704895589362195e-18
performances that,4.7704895589362195e-18
its predictability,4.7704895589362195e-18
their own,4.7704895589362195e-18
its unique concept,4.7704895589362195e-18
ability to humanize,4.7704895589362195e-18
exploration of complex,4.7704895589362195e-18
independent,4.7704895589362195e-18
city,4.716279450311944e-18
effectively captures the,4.716279450311944e-18
effectively captures,4.716279450311944e-18
its realistic,4.662069341687669e-18
for its realistic,4.662069341687669e-18
as charming,4.662069341687669e-18
japanese horror,4.662069341687669e-18
is romantic drama,4.662069341687669e-18
despite talented,4.662069341687669e-18
chase,4.553649124439119e-18
film that attempts,4.553649124439119e-18
1992,4.512991542970912e-18
maclaine,4.472333961502706e-18
maclaine and,4.472333961502706e-18
omid,4.445228907190568e-18
omid djalili,4.445228907190568e-18
the infidel,4.445228907190568e-18
djalili,4.445228907190568e-18
the country,4.391018798566293e-18
of the country,4.391018798566293e-18
also highlighted,4.391018798566293e-18
the movie seems,4.377466271410224e-18
development the,4.336808689942018e-18
movie is generally,4.336808689942018e-18
madison,4.336808689942018e-18
aesthetic,4.336808689942018e-18
family friendly,4.336808689942018e-18
americans,4.336808689942018e-18
genres including,4.336808689942018e-18
the road,4.336808689942018e-18
complexity of,4.336808689942018e-18
and music,4.336808689942018e-18
however others have,4.336808689942018e-18
wit the,4.336808689942018e-18
the song,4.336808689942018e-18
drake,4.336808689942018e-18
gimmick,4.336808689942018e-18
acting the,4.336808689942018e-18
of tom,4.336808689942018e-18
empathetic,4.336808689942018e-18
positive with critics,4.336808689942018e-18
romance the,4.336808689942018e-18
taylor,4.336808689942018e-18
alien,4.336808689942018e-18
intimacy,4.336808689942018e-18
delivery,4.336808689942018e-18
weak script,4.336808689942018e-18
is well,4.336808689942018e-18
boundaries,4.336808689942018e-18
reviews also,4.336808689942018e-18
way it,4.336808689942018e-18
the way it,4.336808689942018e-18
is nuanced,4.336808689942018e-18
considered must,4.336808689942018e-18
the source,4.2825985813177425e-18
the source material,4.2825985813177425e-18
family journey,4.174178364069192e-18
morton,4.174178364069192e-18
by mohammad,4.119968255444917e-18
gwyneth paltrow,4.119968255444917e-18
gwyneth,4.119968255444917e-18
viewing experience,4.119968255444917e-18
iron,4.119968255444917e-18
iron island,4.119968255444917e-18
directed by mohammad,4.119968255444917e-18
sincere,4.119968255444917e-18
by mohammad rasoulof,4.119968255444917e-18
and community,4.0115480381963664e-18
fletcher,4.0115480381963664e-18
the work,3.957337929572091e-18
the work of,3.957337929572091e-18
of coherence some,3.9302328752599536e-18
coherence some reviewers,3.9302328752599536e-18
coherence some,3.9302328752599536e-18
dan harmon comedy,3.903127820947816e-18
and the director,3.903127820947816e-18
dan harmon,3.903127820947816e-18
valentine day,3.903127820947816e-18
hate valentine,3.903127820947816e-18
singer and,3.903127820947816e-18
by nia vardalos,3.903127820947816e-18
nia vardalos,3.903127820947816e-18
the movie hate,3.903127820947816e-18
march sisters,3.903127820947816e-18
directed by nia,3.903127820947816e-18
inspiration,3.903127820947816e-18
of comedy and,3.903127820947816e-18
by nia,3.903127820947816e-18
the march sisters,3.903127820947816e-18
for its gritty,3.903127820947816e-18
hate valentine day,3.903127820947816e-18
or lacking,3.903127820947816e-18
nia,3.903127820947816e-18
nothing,3.903127820947816e-18
for its engaging,3.903127820947816e-18
harmon comedy,3.903127820947816e-18
or lacking in,3.903127820947816e-18
harmon comedy writer,3.903127820947816e-18
morality,3.903127820947816e-18
bruce,3.903127820947816e-18
harmontown,3.903127820947816e-18
my amityville,3.848917712323541e-18
the amityville,3.848917712323541e-18
my amityville horror,3.848917712323541e-18
the reviewer,3.808260130855334e-18
tone has,3.7947076036992655e-18
film tone has,3.7947076036992655e-18
tone deaf,3.713392440762853e-18
and christopher plummer,3.713392440762853e-18
maclaine and christopher,3.713392440762853e-18
experiences with,3.686287386450715e-18
critics have found,3.686287386450715e-18
on later,3.686287386450715e-18
acting of,3.686287386450715e-18
head,3.686287386450715e-18
two dimensional,3.686287386450715e-18
of beauty,3.63207727782644e-18
many consider,3.5914196963582334e-18
many consider it,3.5914196963582334e-18
car chase,3.577867169202165e-18
tone while,3.577867169202165e-18
the western,3.550762114890027e-18
emotions and,3.469446951953614e-18
praised the film,3.469446951953614e-18
describes the,3.469446951953614e-18
predictable plot,3.469446951953614e-18
is neo,3.469446951953614e-18
praise its,3.469446951953614e-18
at times,3.469446951953614e-18
found footage,3.469446951953614e-18
of actors,3.469446951953614e-18
is must see,3.469446951953614e-18
but its execution,3.469446951953614e-18
flaws the movie,3.469446951953614e-18
kid,3.469446951953614e-18
film features mix,3.469446951953614e-18
times,3.469446951953614e-18
individuals,3.469446951953614e-18
major,3.469446951953614e-18
creepy and,3.469446951953614e-18
to humanize,3.469446951953614e-18
person,3.469446951953614e-18
man who,3.469446951953614e-18
critique of,3.469446951953614e-18
script the,3.469446951953614e-18
humorous and,3.469446951953614e-18
change,3.469446951953614e-18
redemption,3.469446951953614e-18
its memorable,3.469446951953614e-18
off,3.469446951953614e-18
subjects and,3.469446951953614e-18
humanize,3.469446951953614e-18
world the film,3.469446951953614e-18
however others find,3.469446951953614e-18
bandit,3.469446951953614e-18
soundtrack,3.469446951953614e-18
value while,3.469446951953614e-18
value while others,3.469446951953614e-18
are commended,3.469446951953614e-18
it relies too,3.469446951953614e-18
features talented,3.469446951953614e-18
relationship with,3.469446951953614e-18
it relies,3.469446951953614e-18
it must see,3.469446951953614e-18
the case,3.469446951953614e-18
and forced,3.469446951953614e-18
uncertain,3.469446951953614e-18
film is set,3.469446951953614e-18
has also,3.469446951953614e-18
described as entertaining,3.469446951953614e-18
by its,3.469446951953614e-18
flashbacks,3.469446951953614e-18
has also been,3.469446951953614e-18
is slow,3.469446951953614e-18
introduction,3.469446951953614e-18
the acting particularly,3.469446951953614e-18
and the supporting,3.469446951953614e-18
absorption,3.469446951953614e-18
again,3.469446951953614e-18
loved,3.469446951953614e-18
as entertaining,3.469446951953614e-18
some reviewers also,3.469446951953614e-18
days,3.469446951953614e-18
quirky and,3.469446951953614e-18
than the,3.469446951953614e-18
for its graphic,3.469446951953614e-18
some positive,3.469446951953614e-18
for its low,3.469446951953614e-18
portrayed,3.469446951953614e-18
live up,3.415236843329339e-18
live up to,3.415236843329339e-18
enduring,3.40168431617327e-18
awareness about the,3.347474207548995e-18
awareness about,3.347474207548995e-18
sabrina,3.3068166260807885e-18
are impressive,3.2526065174565133e-18
for adults,3.2526065174565133e-18
critically,3.2526065174565133e-18
ability to raise,3.2526065174565133e-18
its limited,3.1916201452542037e-18
by matt,3.1712913545201005e-18
matt,3.1712913545201005e-18
it is well,3.144186300207963e-18
lawrence,3.144186300207963e-18
unsettling atmosphere,3.144186300207963e-18
and technical,3.0899761915836876e-18
to raise,3.0357660829594124e-18
film from the,3.0357660829594124e-18
hans,3.0357660829594124e-18
have found the,3.0357660829594124e-18
dangerous,3.0357660829594124e-18
tone can be,3.0357660829594124e-18
predictable plot twists,3.0357660829594124e-18
raise,3.0357660829594124e-18
swing,3.0357660829594124e-18
by nick,3.0357660829594124e-18
with thin,3.0357660829594124e-18
tone can,3.0357660829594124e-18
seems to,3.0357660829594124e-18
cinematography,3.0357660829594124e-18
is horror,3.0357660829594124e-18
place and,3.0357660829594124e-18
elements with,3.0357660829594124e-18
humor and political,3.0357660829594124e-18
some also,3.0357660829594124e-18
for creating,3.0357660829594124e-18
nourry,3.028989819381378e-18
colorful visuals and,2.9815559743351372e-18
the film gentle,2.9544509200229996e-18
film gentle,2.9544509200229996e-18
and their unique,2.927345865710862e-18
and timely,2.8189256484623115e-18
of donald,2.8189256484623115e-18
directorial style and,2.710505431213761e-18
lifeless,2.710505431213761e-18
senior,2.710505431213761e-18
generic,2.656295322589486e-18
by the,2.6020852139652106e-18
its graphic,2.6020852139652106e-18
cristi,2.6020852139652106e-18
puiu,2.6020852139652106e-18
it forgettable,2.6020852139652106e-18
of growing up,2.6020852139652106e-18
ability to balance,2.6020852139652106e-18
it difficult,2.6020852139652106e-18
aurora,2.6020852139652106e-18
jane and,2.6020852139652106e-18
directed by tim,2.6020852139652106e-18
translate,2.6020852139652106e-18
champs,2.6020852139652106e-18
it difficult to,2.6020852139652106e-18
it as an,2.6020852139652106e-18
the resilience,2.6020852139652106e-18
cristi puiu,2.6020852139652106e-18
not appeal,2.6020852139652106e-18
margie,2.6020852139652106e-18
the film low,2.6020852139652106e-18
glib,2.6020852139652106e-18
mess,2.6020852139652106e-18
first knight,2.6020852139652106e-18
police brutality,2.6020852139652106e-18
gimmicky,2.6020852139652106e-18
victoria,2.6020852139652106e-18
in the film,2.6020852139652106e-18
in its execution,2.6020852139652106e-18
actors however,2.6020852139652106e-18
the consequences of,2.6020852139652106e-18
may not appeal,2.6020852139652106e-18
choreography,2.6020852139652106e-18
subjects the,2.6020852139652106e-18
concept,2.6020852139652106e-18
margie chizek,2.6020852139652106e-18
poor quality,2.6020852139652106e-18
brown is,2.6020852139652106e-18
consequences of,2.6020852139652106e-18
pointed out the,2.6020852139652106e-18
the consequences,2.6020852139652106e-18
hackneyed,2.6020852139652106e-18
harry,2.6020852139652106e-18
praise its unique,2.6020852139652106e-18
film low budget,2.6020852139652106e-18
and confusing,2.6020852139652106e-18
reviews it,2.6020852139652106e-18
compassionate,2.6020852139652106e-18
government,2.6020852139652106e-18
mixed reviews it,2.6020852139652106e-18
not appeal to,2.6020852139652106e-18
overwhelming,2.6020852139652106e-18
film low,2.6020852139652106e-18
disappointing and,2.4936649967166602e-18
guildenstern are,2.4936649967166602e-18
as thought,2.4936649967166602e-18
as thought provoking,2.4936649967166602e-18
carolina,2.4801124695605914e-18
not fully developed,2.2768245622195593e-18
fully developed,2.2768245622195593e-18
listless,2.2768245622195593e-18
they have,2.222614453595284e-18
stilted,2.168404344971009e-18
of the 1950s,2.168404344971009e-18
grey gardens,2.168404344971009e-18
moment,2.168404344971009e-18
gore effects,2.168404344971009e-18
thoughtful and nuanced,2.168404344971009e-18
come across,2.168404344971009e-18
being predictable and,2.168404344971009e-18
by cristi puiu,2.168404344971009e-18
about the horror,2.168404344971009e-18
an entertaining,2.168404344971009e-18
by cristi,2.168404344971009e-18
holes,2.168404344971009e-18
divisive,2.168404344971009e-18
come across as,2.168404344971009e-18
particularly the lead,2.168404344971009e-18
with the film,2.168404344971009e-18
for children,2.168404344971009e-18
gardens,2.168404344971009e-18
murphy and,2.168404344971009e-18
of his life,2.168404344971009e-18
promising debut,2.168404344971009e-18
as character,2.168404344971009e-18
engage,2.168404344971009e-18
across as forced,2.168404344971009e-18
as forced,2.168404344971009e-18
adulthood,2.168404344971009e-18
western genre,2.0599841277224584e-18
weak and,2.0057740190981832e-18
cult classic and,1.9989977555201488e-18
and enduring,1.951563910473908e-18
for young,1.951563910473908e-18
humor and performances,1.951563910473908e-18
controversy,1.951563910473908e-18
desperation,1.951563910473908e-18
tone are,1.951563910473908e-18
the presence,1.8600843521704435e-18
the presence of,1.8600843521704435e-18
film energy humor,1.851402264461087e-18
costumes,1.8431436932253575e-18
visually stunning with,1.8431436932253575e-18
style as,1.8431436932253575e-18
daniel,1.751664134921893e-18
silly,1.734723475976807e-18
these criticisms the,1.734723475976807e-18
however other,1.734723475976807e-18
of family,1.734723475976807e-18
from the lead,1.734723475976807e-18
flat and the,1.734723475976807e-18
criticisms the film,1.734723475976807e-18
production design,1.734723475976807e-18
wit,1.734723475976807e-18
of toxic,1.734723475976807e-18
show,1.734723475976807e-18
of music and,1.734723475976807e-18
henry,1.734723475976807e-18
observational,1.734723475976807e-18
target audience,1.734723475976807e-18
lame,1.734723475976807e-18
it predictable,1.734723475976807e-18
greatness,1.734723475976807e-18
unsatisfying,1.734723475976807e-18
uneven and,1.734723475976807e-18
underwater,1.734723475976807e-18
panned,1.734723475976807e-18
of war and,1.734723475976807e-18
toxic,1.734723475976807e-18
adds to,1.734723475976807e-18
have been praised,1.734723475976807e-18
honest portrayal,1.734723475976807e-18
of thomas,1.734723475976807e-18
honest portrayal of,1.734723475976807e-18
they also appreciate,1.734723475976807e-18
humor with,1.734723475976807e-18
psychology and,1.734723475976807e-18
of greatness,1.734723475976807e-18
well crafted,1.734723475976807e-18
intensity,1.734723475976807e-18
la,1.734723475976807e-18
as abuse,1.734723475976807e-18
reviewers noting,1.734723475976807e-18
find it predictable,1.734723475976807e-18
predictable plot and,1.734723475976807e-18
observations,1.734723475976807e-18
stand,1.734723475976807e-18
gruesome,1.734723475976807e-18
and richard,1.734723475976807e-18
logic and,1.734723475976807e-18
death,1.734723475976807e-18
flat,1.734723475976807e-18
man are,1.734723475976807e-18
importance,1.734723475976807e-18
many praise,1.734723475976807e-18
idea,1.734723475976807e-18
and relatable,1.6805133673525319e-18
of the family,1.6805133673525319e-18
fresh and,1.6805133673525319e-18
anton chekhov,1.5720931501039814e-18
anton,1.5720931501039814e-18
chekhov,1.5720931501039814e-18
the queen,1.5449880957918438e-18
and alien,1.5178830414797062e-18
movie has its,1.5178830414797062e-18
and cheesy,1.5178830414797062e-18
the writing is,1.5178830414797062e-18
paranoia,1.5178830414797062e-18
broad,1.5178830414797062e-18
parody,1.5178830414797062e-18
as the film,1.5178830414797062e-18
iranian,1.5178830414797062e-18
movie has been,1.497554250745603e-18
ups,1.463672932855431e-18
close ups,1.463672932855431e-18
temple,1.4094628242311558e-18
the film nuanced,1.4094628242311558e-18
make it standout,1.4094628242311558e-18
film nuanced,1.4094628242311558e-18
and characters,1.4094628242311558e-18
pegg,1.4094628242311558e-18
lacking and,1.3823577699190182e-18
flawed but entertaining,1.3755815063409838e-18
but entertaining,1.3755815063409838e-18
tongue,1.3552527156068805e-18
and romantic,1.3010426069826053e-18
clarity,1.3010426069826053e-18
louis,1.3010426069826053e-18
the movie harlem,1.3010426069826053e-18
its dark humor,1.3010426069826053e-18
real life,1.3010426069826053e-18
commended some reviewers,1.3010426069826053e-18
its action sequences,1.3010426069826053e-18
its action,1.3010426069826053e-18
the summer,1.3010426069826053e-18
behind the,1.3010426069826053e-18
reliant,1.3010426069826053e-18
movie that,1.3010426069826053e-18
rachel,1.3010426069826053e-18
for its action,1.3010426069826053e-18
reliant on,1.3010426069826053e-18
commended some,1.3010426069826053e-18
of the club,1.3010426069826053e-18
climax,1.3010426069826053e-18
laugh,1.3010426069826053e-18
the narrative,1.3010426069826053e-18
beautifully shot,1.3010426069826053e-18
of the series,1.3010426069826053e-18
for its reliance,1.3010426069826053e-18
genre however,1.3010426069826053e-18
in originality some,1.2468324983583301e-18
memorable performance,1.1926223897340549e-18
absurdity,1.1384122811097797e-18
but that,1.1248597539537109e-18
nuanced approach to,1.0842021724855044e-18
and questionable,1.0842021724855044e-18
with many praising,1.0842021724855044e-18
value many,1.0842021724855044e-18
film story is,1.0842021724855044e-18
suited,1.0842021724855044e-18
passionate and,1.0842021724855044e-18
horror thriller,1.0842021724855044e-18
the 1949,1.0842021724855044e-18
offbeat,1.0842021724855044e-18
many praising,1.0842021724855044e-18
to be poorly,9.75781955236954e-19
long and,9.75781955236954e-19
be poorly,9.75781955236954e-19
graphic violence,9.75781955236954e-19
on 34th street,9.605353621863766e-19
on 34th,9.605353621863766e-19
34th street,9.605353621863766e-19
the movie miracle,9.605353621863766e-19
34th,9.605353621863766e-19
miracle,9.605353621863766e-19
miracle on,9.605353621863766e-19
miracle on 34th,9.605353621863766e-19
macabre,8.673617379884035e-19
the plate,8.673617379884035e-19
plate,8.673617379884035e-19
of small town,8.673617379884035e-19
weak plot,8.673617379884035e-19
some critics criticize,8.673617379884035e-19
its special effects,8.673617379884035e-19
to the plate,8.673617379884035e-19
series and,8.673617379884035e-19
10 year,8.673617379884035e-19
thin,8.673617379884035e-19
on american,8.673617379884035e-19
its special,8.673617379884035e-19
the film satire,8.673617379884035e-19
of complex,8.673617379884035e-19
to life,8.673617379884035e-19
of aging,8.673617379884035e-19
10,8.673617379884035e-19
english,8.673617379884035e-19
film tone and,8.673617379884035e-19
as return to,8.673617379884035e-19
as return,8.673617379884035e-19
film follows the,8.673617379884035e-19
it enjoyable,8.673617379884035e-19
he is,8.673617379884035e-19
and comedy,8.673617379884035e-19
also known,8.673617379884035e-19
harry benson,8.673617379884035e-19
challenge,8.673617379884035e-19
consider,8.673617379884035e-19
is disappointing and,8.673617379884035e-19
frankenstein,8.673617379884035e-19
film satire,8.673617379884035e-19
and others,8.673617379884035e-19
leaden,7.589415207398531e-19
overrated,7.148958074826295e-19
and coming of,7.047314121155779e-19
of sci fi,6.505213034913027e-19
of sci,6.505213034913027e-19
his subjects and,6.505213034913027e-19
the reviews praise,6.505213034913027e-19
predictable plot the,6.505213034913027e-19
cancer,6.505213034913027e-19
its characters and,6.505213034913027e-19
is suitable for,6.505213034913027e-19
have praised its,4.87890977618477e-19
larry drake,4.336808689942018e-19
is sometimes,4.336808689942018e-19
john cusack,4.336808689942018e-19
who becomes,4.336808689942018e-19
the numbers station,4.336808689942018e-19
nature the film,4.336808689942018e-19
and derivative,4.336808689942018e-19
giggles is,4.336808689942018e-19
to the arctic,4.336808689942018e-19
it falls short,4.336808689942018e-19
giggles,4.336808689942018e-19
however the script,4.336808689942018e-19
often forced,4.336808689942018e-19
highlight the,4.336808689942018e-19
it falls,4.336808689942018e-19
dr,4.336808689942018e-19
during the,4.336808689942018e-19
often forced and,4.336808689942018e-19
sport,4.336808689942018e-19
while the movie,4.336808689942018e-19
dr giggles,4.336808689942018e-19
his father,3.9302328752599536e-19
reviewers noting its,3.2526065174565133e-19
noting its,3.2526065174565133e-19
blade,3.2526065174565133e-19
iraq war,3.1170812458958252e-19
the iraq,3.1170812458958252e-19
the iraq war,3.1170812458958252e-19
decadence,2.710505431213761e-19
direction many,2.710505431213761e-19
by tim,2.168404344971009e-19
deeper into,2.168404344971009e-19
uneven with some,2.168404344971009e-19
use of music,2.168404344971009e-19
the haunting,1.6263032587282567e-19
characters have been,1.3552527156068805e-19
artists,1.3552527156068805e-19
on character,1.0842021724855044e-19
on character development,1.0842021724855044e-19
is faithful,1.0842021724855044e-19
film is faithful,1.0842021724855044e-19
falling,6.776263578034403e-20
themes however,2.710505431213761e-20
of his,0.0
below average,0.0
the film thought,0.0
is highlighted,0.0
any,0.0
water,0.0
williams,0.0
touches,0.0
substance,0.0
campbell,0.0
is film adaptation,0.0
all the wilderness,0.0
below,0.0
film is moving,0.0
may not,0.0
the acting and,0.0
film,0.0
many reviewers criticize,0.0
is noted as,0.0
and performances,0.0
shepard,0.0
cathartic,0.0
film cavalcade,0.0
brutality,0.0
lack of originality,0.0
however some criticisms,0.0
brutal,0.0
jewish,0.0
cavalcade,0.0
journey and,0.0
some criticisms include,0.0
of their,0.0
central,0.0
contributions,0.0
strengths,0.0
film thought provoking,0.0
criticisms include,0.0
film thought,0.0
characters are often,0.0
tibetan,0.0
bruce campbell,0.0
four rooms,0.0
in their,0.0
and intelligent,0.0
the movie features,0.0
deliver compelling,0.0
without,0.0
and nuanced,0.0
payoff,0.0
has some enjoyable,0.0
groundbreaking,0.0
aged,0.0
which can,0.0
it too,0.0
balancing,0.0
it lacks the,0.0
it to be,0.0
the opera,0.0
movie features,0.0
narration,0.0
rooms,0.0
return to,0.0
its direction,0.0
poignant portrayal of,0.0
its emotional impact,0.0
while some praise,0.0
providing,0.0
interested in,0.0
poignant portrayal,0.0
poor acting,0.0
1933,-3.3881317890172014e-20
film gentle and,-1.0842021724855044e-19
is remake,-1.0842021724855044e-19
blend of sci,-1.0842021724855044e-19
is remake of,-1.0842021724855044e-19
kafka,-1.3552527156068805e-19
kafka novel,-1.3552527156068805e-19
of the human,-1.6263032587282567e-19
values are,-2.168404344971009e-19
values are also,-2.168404344971009e-19
are highlighted as,-2.168404344971009e-19
trauma and,-2.710505431213761e-19
thriller film,-3.1848438816761693e-19
the stories,-3.2526065174565133e-19
classic of,-3.2526065174565133e-19
phantasm,-3.3796614595446584e-19
elegant,-3.7947076036992655e-19
blend of humor,-4.336808689942018e-19
is family friendly,-4.336808689942018e-19
thorough,-4.336808689942018e-19
good performances,-4.336808689942018e-19
in rural,-4.336808689942018e-19
argent,-4.336808689942018e-19
and the lack,-4.336808689942018e-19
impact the,-4.336808689942018e-19
film captures,-4.336808689942018e-19
teenage girl,-4.336808689942018e-19
the animated film,-4.336808689942018e-19
the animated,-4.336808689942018e-19
the wall,-4.336808689942018e-19
the friendship between,-4.336808689942018e-19
the film captures,-4.336808689942018e-19
of the sport,-4.336808689942018e-19
plot the movie,-4.336808689942018e-19
faithful adaptation of,-4.336808689942018e-19
film argent,-4.336808689942018e-19
are considered,-5.014435047745458e-19
way it explores,-5.421010862427522e-19
how,-5.912289971835016e-19
the movie zipper,-6.505213034913027e-19
between comedy and,-6.505213034913027e-19
between comedy,-6.505213034913027e-19
key and,-6.505213034913027e-19
neurotic,-6.505213034913027e-19
craft,-6.505213034913027e-19
low key and,-6.505213034913027e-19
highlighted with,-7.589415207398531e-19
an elderly,-8.199278929421627e-19
on their,-8.673617379884035e-19
its witty,-8.673617379884035e-19
comedy that follows,-8.673617379884035e-19
is likely to,-8.673617379884035e-19
but is,-8.673617379884035e-19
lack of tension,-8.673617379884035e-19
the film setting,-8.673617379884035e-19
structured,-8.673617379884035e-19
film also touches,-8.673617379884035e-19
of the life,-8.673617379884035e-19
his own,-8.673617379884035e-19
thriller directed by,-8.673617379884035e-19
lack of humor,-8.673617379884035e-19
script the film,-8.673617379884035e-19
particularly in its,-8.673617379884035e-19
fun to,-8.673617379884035e-19
and unique,-8.673617379884035e-19
the humor and,-8.673617379884035e-19
film setting,-8.673617379884035e-19
movie to be,-8.673617379884035e-19
are both,-8.673617379884035e-19
children and,-8.673617379884035e-19
film charm,-8.673617379884035e-19
particularly for,-8.673617379884035e-19
showcase,-8.673617379884035e-19
playful and,-8.673617379884035e-19
acting and the,-8.673617379884035e-19
as some,-8.673617379884035e-19
reviewers agree that,-8.673617379884035e-19
heartfelt and,-8.673617379884035e-19
costumes and,-8.673617379884035e-19
is drama directed,-8.673617379884035e-19
video game,-8.673617379884035e-19
thriller directed,-8.673617379884035e-19
as strong,-8.673617379884035e-19
highlighted as,-8.673617379884035e-19
uncomfortable and,-8.673617379884035e-19
the film charm,-8.673617379884035e-19
homage to classic,-9.215718466126788e-19
of howard,-9.75781955236954e-19
the use of,-9.75781955236954e-19
the use,-9.75781955236954e-19
transmissions,-1.009663273127126e-18
schizophrenia,-1.009663273127126e-18
pegg and,-1.009663273127126e-18
juno temple,-1.009663273127126e-18
juno,-1.009663273127126e-18
lost transmissions,-1.009663273127126e-18
hammer,-1.0299920638612292e-18
the groomsmen,-1.0842021724855044e-18
groomsmen,-1.0842021724855044e-18
overall quality,-1.0842021724855044e-18
and christopher,-1.0842021724855044e-18
lively and,-1.111307226797642e-18
movie little,-1.1926223897340549e-18
overly melodramatic,-1.1926223897340549e-18
movies the,-1.1926223897340549e-18
the movie little,-1.1926223897340549e-18
and unpleasant,-1.1926223897340549e-18
whisky galore,-1.2417503006748043e-18
galore,-1.2417503006748043e-18
but also as,-1.3010426069826053e-18
poor writing,-1.3010426069826053e-18
the disney,-1.3010426069826053e-18
hit,-1.3010426069826053e-18
religion,-1.3010426069826053e-18
however some criticize,-1.3010426069826053e-18
slick,-1.3010426069826053e-18
overly reliant,-1.3010426069826053e-18
overly reliant on,-1.3010426069826053e-18
some flaws,-1.3010426069826053e-18
its length,-1.3010426069826053e-18
predictable with,-1.3010426069826053e-18
that features,-1.3010426069826053e-18
overly sentimental and,-1.4094628242311558e-18
warm,-1.4094628242311558e-18
days and,-1.4094628242311558e-18
clouds,-1.4094628242311558e-18
and clouds,-1.4094628242311558e-18
days and clouds,-1.4094628242311558e-18
style and the,-1.463672932855431e-18
and action,-1.5178830414797062e-18
disappointing and unfunny,-1.5178830414797062e-18
poor storytelling,-1.5178830414797062e-18
making it timeless,-1.5178830414797062e-18
device,-1.5178830414797062e-18
to live up,-1.5720931501039814e-18
themes and messages,-1.6195269951502222e-18
worthwhile,-1.6263032587282567e-18
film that features,-1.6263032587282567e-18
eric,-1.6805133673525319e-18
has been described,-1.734723475976807e-18
the movie what,-1.734723475976807e-18
and an,-1.734723475976807e-18
spirituality,-1.734723475976807e-18
canopy,-1.734723475976807e-18
clarity and,-1.734723475976807e-18
about group,-1.734723475976807e-18
is comedy,-1.734723475976807e-18
are criticized as,-1.734723475976807e-18
the first film,-1.734723475976807e-18
on the story,-1.734723475976807e-18
topic of,-1.734723475976807e-18
find it entertaining,-1.734723475976807e-18
to form,-1.734723475976807e-18
first film,-1.734723475976807e-18
return to form,-1.734723475976807e-18
performances are praised,-1.734723475976807e-18
explores the themes,-1.734723475976807e-18
the boy,-1.734723475976807e-18
the plot to,-1.734723475976807e-18
also mention that,-1.734723475976807e-18
which they,-1.734723475976807e-18
country,-1.734723475976807e-18
failure,-1.734723475976807e-18
is entertaining,-1.734723475976807e-18
on stereotypes and,-1.734723475976807e-18
others have,-1.734723475976807e-18
it is generally,-1.734723475976807e-18
the time,-1.734723475976807e-18
close,-1.734723475976807e-18
deep,-1.734723475976807e-18
movie what,-1.734723475976807e-18
mental health,-1.734723475976807e-18
about group of,-1.734723475976807e-18
titled the,-1.734723475976807e-18
elements while,-1.734723475976807e-18
struggles with,-1.734723475976807e-18
not enough,-1.734723475976807e-18
the genre the,-1.734723475976807e-18
is poorly,-1.734723475976807e-18
film with,-1.734723475976807e-18
life and the,-1.734723475976807e-18
numbers,-1.734723475976807e-18
dream,-1.734723475976807e-18
cruise,-1.734723475976807e-18
11,-1.734723475976807e-18
the gospel,-1.734723475976807e-18
choppy,-1.734723475976807e-18
the military,-1.8228149024912543e-18
plummer,-1.8295911660692887e-18
autobiographical,-1.8431436932253575e-18
film as lay,-1.8431436932253575e-18
with predictable,-1.8431436932253575e-18
use of the,-1.8431436932253575e-18
film is flawed,-1.883801274693564e-18
the film adaptation,-1.951563910473908e-18
gimmickry,-1.951563910473908e-18
and mean,-1.951563910473908e-18
the actors particularly,-1.951563910473908e-18
transfer,-1.951563910473908e-18
non,-2.0599841277224584e-18
warm and,-2.0599841277224584e-18
stunning with,-2.0599841277224584e-18
and meandering,-2.100641709190665e-18
reliance on clichés,-2.1141942363467336e-18
living with,-2.1141942363467336e-18
is found,-2.15485181781494e-18
is found footage,-2.15485181781494e-18
over reliance,-2.168404344971009e-18
over reliance on,-2.168404344971009e-18
for not fully,-2.168404344971009e-18
you,-2.168404344971009e-18
devil,-2.168404344971009e-18
victor,-2.168404344971009e-18
and comedic,-2.168404344971009e-18
directed by victor,-2.168404344971009e-18
the devil,-2.168404344971009e-18
the movie let,-2.168404344971009e-18
with convoluted plot,-2.168404344971009e-18
ip man,-2.168404344971009e-18
call it one,-2.168404344971009e-18
executed and,-2.168404344971009e-18
but still,-2.168404344971009e-18
and while,-2.168404344971009e-18
are praised for,-2.168404344971009e-18
performances the,-2.168404344971009e-18
documentary is compared,-2.168404344971009e-18
ip,-2.168404344971009e-18
petite,-2.168404344971009e-18
la petite,-2.168404344971009e-18
is highlighted as,-2.168404344971009e-18
presence of,-2.222614453595284e-18
father the,-2.222614453595284e-18
story of the,-2.2768245622195593e-18
euthanasia,-2.2768245622195593e-18
boxer,-2.354751593366955e-18
documentary is considered,-2.3852447794681098e-18
it confusing,-2.3852447794681098e-18
performances some,-2.3852447794681098e-18
take,-2.3852447794681098e-18
performances some reviewers,-2.3852447794681098e-18
film however some,-2.3852447794681098e-18
suitable for,-2.3852447794681098e-18
unfunny with,-2.3852447794681098e-18
outdated,-2.3852447794681098e-18
1982,-2.439454888092385e-18
of parody,-2.4936649967166602e-18
value as,-2.4936649967166602e-18
humorous take on,-2.4936649967166602e-18
humorous take,-2.4936649967166602e-18
and humorous take,-2.4936649967166602e-18
unflinching portrayal,-2.5343225781848666e-18
unflinching portrayal of,-2.5343225781848666e-18
for its technical,-2.5478751053409354e-18
transgender,-2.5478751053409354e-18
nostalgia,-2.5478751053409354e-18
1977,-2.574980159653073e-18
translation,-2.597003016281685e-18
with sharp,-2.6020852139652106e-18
adapted from,-2.6020852139652106e-18
locations and,-2.6020852139652106e-18
potential the movie,-2.6020852139652106e-18
theme,-2.6020852139652106e-18
grunge,-2.6020852139652106e-18
familial,-2.6020852139652106e-18
and engaging film,-2.6020852139652106e-18
music however,-2.6020852139652106e-18
who appreciate,-2.6020852139652106e-18
adapted,-2.6020852139652106e-18
lyricism,-2.6020852139652106e-18
performances however it,-2.6020852139652106e-18
news,-2.6020852139652106e-18
depth in,-2.6020852139652106e-18
life the,-2.6020852139652106e-18
problematic,-2.6020852139652106e-18
pretentious,-2.6020852139652106e-18
the supporting,-2.6020852139652106e-18
process of,-2.6020852139652106e-18
noah,-2.6020852139652106e-18
meaning,-2.6020852139652106e-18
the golem,-2.6020852139652106e-18
cast and,-2.6020852139652106e-18
convoluted and,-2.6020852139652106e-18
be uneven,-2.6020852139652106e-18
some of,-2.6020852139652106e-18
of channing,-2.6020852139652106e-18
burton,-2.6020852139652106e-18
complexity,-2.6020852139652106e-18
thriller that fails,-2.6020852139652106e-18
lacrosse,-2.6020852139652106e-18
for its humor,-2.6020852139652106e-18
compelling and thought,-2.710505431213761e-18
early,-2.710505431213761e-18
lighthearted and humorous,-2.7647155398380363e-18
as compelling,-2.7647155398380363e-18
standout performances from,-2.791820594150174e-18
of an,-2.8189256484623115e-18
from his,-2.8189256484623115e-18
film protagonist,-2.8189256484623115e-18
james van der,-2.8189256484623115e-18
beek and,-2.8189256484623115e-18
james van,-2.8189256484623115e-18
the film protagonist,-2.8189256484623115e-18
themed,-2.8731357570865868e-18
disappointing and unoriginal,-2.927345865710862e-18
katharine hepburn,-3.0357660829594124e-18
on cliches,-3.0357660829594124e-18
dinesh souza,-3.0357660829594124e-18
performances and the,-3.0357660829594124e-18
commended however some,-3.0357660829594124e-18
has become,-3.0357660829594124e-18
katharine,-3.0357660829594124e-18
action sequences and,-3.0357660829594124e-18
on its potential,-3.0357660829594124e-18
by dinesh,-3.0357660829594124e-18
and stereotypes,-3.0357660829594124e-18
as they navigate,-3.0357660829594124e-18
as mess,-3.0357660829594124e-18
dinesh,-3.0357660829594124e-18
by dinesh souza,-3.0357660829594124e-18
performance and the,-3.0357660829594124e-18
is convoluted,-3.0357660829594124e-18
they navigate,-3.0357660829594124e-18
effects and,-3.0357660829594124e-18
america imagine the,-3.0357660829594124e-18
odyssey,-3.0357660829594124e-18
america imagine,-3.0357660829594124e-18
and its reliance,-3.0357660829594124e-18
light,-3.0357660829594124e-18
of humor the,-3.2526065174565133e-18
magic,-3.2526065174565133e-18
criticisms the,-3.2526065174565133e-18
but the characters,-3.2526065174565133e-18
its well acted,-3.3610267347050637e-18
look into,-3.3610267347050637e-18
impact of the,-3.3610267347050637e-18
the works,-3.469446951953614e-18
1996 starring,-3.469446951953614e-18
testament to,-3.469446951953614e-18
elements and,-3.469446951953614e-18
movie is an,-3.469446951953614e-18
and execution,-3.469446951953614e-18
the works of,-3.469446951953614e-18
to other works,-3.469446951953614e-18
and unengaging,-3.469446951953614e-18
to be uneven,-3.469446951953614e-18
influential,-3.469446951953614e-18
jump,-3.469446951953614e-18
comment,-3.469446951953614e-18
jump scares,-3.469446951953614e-18
only,-3.469446951953614e-18
elaine may,-3.469446951953614e-18
elaine,-3.469446951953614e-18
cassavetes,-3.469446951953614e-18
magician,-3.469446951953614e-18
premise of,-3.469446951953614e-18
to explore,-3.469446951953614e-18
strong performance,-3.469446951953614e-18
magician murderer,-3.469446951953614e-18
dynamic,-3.469446951953614e-18
character study,-3.469446951953614e-18
magician murderer saint,-3.469446951953614e-18
praised it for,-3.469446951953614e-18
murderer,-3.469446951953614e-18
plot twists,-3.469446951953614e-18
80s,-3.469446951953614e-18
opinions and descriptions,-3.469446951953614e-18
the movie milarepa,-3.469446951953614e-18
the overall,-3.469446951953614e-18
white photography and,-3.469446951953614e-18
murderer saint,-3.469446951953614e-18
book,-3.469446951953614e-18
mixed reviews critics,-3.469446951953614e-18
likely to,-3.469446951953614e-18
the film provides,-3.469446951953614e-18
the movie the,-3.469446951953614e-18
describe,-3.469446951953614e-18
simplicity and,-3.469446951953614e-18
4ever,-3.469446951953614e-18
isolation,-3.469446951953614e-18
left foot,-3.469446951953614e-18
passion for,-3.469446951953614e-18
screenplay is,-3.469446951953614e-18
moments the film,-3.469446951953614e-18
the media,-3.469446951953614e-18
satire and social,-3.469446951953614e-18
wider,-3.469446951953614e-18
didactic,-3.469446951953614e-18
singing,-3.469446951953614e-18
my left foot,-3.469446951953614e-18
and informative,-3.469446951953614e-18
its message,-3.469446951953614e-18
of robert,-3.469446951953614e-18
of mental,-3.469446951953614e-18
at satire and,-3.469446951953614e-18
content,-3.469446951953614e-18
while others describe,-3.469446951953614e-18
others describe,-3.469446951953614e-18
gory,-3.469446951953614e-18
my left,-3.469446951953614e-18
works of,-3.469446951953614e-18
wider audience,-3.469446951953614e-18
in his,-3.469446951953614e-18
others describe it,-3.469446951953614e-18
acting particularly,-3.469446951953614e-18
thomas jane,-3.469446951953614e-18
brooklyn,-3.469446951953614e-18
sentimental and,-3.4762232155316486e-18
is political thriller,-3.577867169202165e-18
may be too,-3.577867169202165e-18
humor while,-3.577867169202165e-18
movie while others,-3.577867169202165e-18
political thriller,-3.577867169202165e-18
who are both,-3.577867169202165e-18
and plodding,-3.577867169202165e-18
movie while,-3.577867169202165e-18
with particular,-3.63207727782644e-18
which features,-3.686287386450715e-18
its failure,-3.686287386450715e-18
its failure to,-3.686287386450715e-18
texas,-3.686287386450715e-18
iraqi,-3.686287386450715e-18
orca,-3.781155076543197e-18
hayao,-3.7947076036992655e-18
the kingdom,-3.7947076036992655e-18
the kingdom of,-3.7947076036992655e-18
kingdom,-3.7947076036992655e-18
kingdom of,-3.7947076036992655e-18
of dreams and,-3.7947076036992655e-18
kingdom of dreams,-3.7947076036992655e-18
audiences the,-3.7947076036992655e-18
story it,-3.7947076036992655e-18
hayao miyazaki,-3.7947076036992655e-18
life focusing,-3.903127820947816e-18
life focusing on,-3.903127820947816e-18
of the play,-3.903127820947816e-18
the movie multiplicity,-3.903127820947816e-18
ghibli,-3.903127820947816e-18
balances,-3.903127820947816e-18
authenticity the film,-3.903127820947816e-18
have praised it,-3.903127820947816e-18
the writing and,-3.903127820947816e-18
sex and,-3.903127820947816e-18
the studio,-3.903127820947816e-18
that offers an,-3.903127820947816e-18
issues with,-3.903127820947816e-18
snow is,-3.903127820947816e-18
by peter hyams,-3.903127820947816e-18
and style,-3.903127820947816e-18
eastwood,-3.903127820947816e-18
antarctica ice,-3.903127820947816e-18
is highly regarded,-3.903127820947816e-18
its poor execution,-3.957337929572091e-18
plot clichéd,-3.9641141931501256e-18
broadway,-4.0115480381963664e-18
as strength,-4.0115480381963664e-18
of adolescence,-4.0793106739767104e-18
than others,-4.119968255444917e-18
heartfelt portrayal,-4.119968255444917e-18
is standout,-4.119968255444917e-18
behind the scenes,-4.119968255444917e-18
for their performances,-4.119968255444917e-18
scenes look,-4.119968255444917e-18
scenes look at,-4.119968255444917e-18
fans the,-4.119968255444917e-18
heartfelt portrayal of,-4.119968255444917e-18
the scenes look,-4.119968255444917e-18
their performances,-4.119968255444917e-18
the scenes,-4.119968255444917e-18
zipper,-4.119968255444917e-18
unique premise,-4.119968255444917e-18
the reviewers find,-4.119968255444917e-18
and heartfelt portrayal,-4.119968255444917e-18
fonda,-4.174178364069192e-18
coherent narrative,-4.177566495858209e-18
others thought,-4.191119023014278e-18
others thought it,-4.191119023014278e-18
while others thought,-4.191119023014278e-18
it was,-4.191119023014278e-18
from other,-4.228388472693467e-18
donald,-4.228388472693467e-18
historian,-4.228388472693467e-18
howard zinn,-4.228388472693467e-18
flawed but,-4.2825985813177425e-18
tone while others,-4.30970363562988e-18
of action,-4.336808689942018e-18
best,-4.336808689942018e-18
including the,-4.336808689942018e-18
plot that is,-4.336808689942018e-18
obsession and,-4.336808689942018e-18
women and,-4.336808689942018e-18
are also commended,-4.336808689942018e-18
space,-4.336808689942018e-18
bear,-4.336808689942018e-18
abuse,-4.336808689942018e-18
of fryar,-4.336808689942018e-18
evoke sense of,-4.336808689942018e-18
dysfunctional family,-4.336808689942018e-18
the film cinematography,-4.336808689942018e-18
horrors,-4.336808689942018e-18
evoke sense,-4.336808689942018e-18
to watch,-4.336808689942018e-18
museum,-4.336808689942018e-18
of human,-4.336808689942018e-18
its unique perspective,-4.336808689942018e-18
film cinematography,-4.336808689942018e-18
boldness,-4.336808689942018e-18
same,-4.336808689942018e-18
to evoke sense,-4.336808689942018e-18
discusses the documentary,-4.336808689942018e-18
practical,-4.336808689942018e-18
the titanic,-4.336808689942018e-18
the novel,-4.336808689942018e-18
with themes of,-4.336808689942018e-18
reviewers also find,-4.336808689942018e-18
1989,-4.336808689942018e-18
and underdeveloped,-4.336808689942018e-18
portrait,-4.336808689942018e-18
the bear,-4.336808689942018e-18
of originality the,-4.336808689942018e-18
with themes,-4.336808689942018e-18
developed the,-4.336808689942018e-18
realist,-4.336808689942018e-18
him,-4.336808689942018e-18
tyson,-4.336808689942018e-18
music the film,-4.336808689942018e-18
bart the,-4.336808689942018e-18
film powerful and,-4.336808689942018e-18
bart the bear,-4.336808689942018e-18
movie attempts at,-4.336808689942018e-18
poor execution,-4.336808689942018e-18
story overall,-4.336808689942018e-18
the culture,-4.336808689942018e-18
race,-4.336808689942018e-18
running,-4.336808689942018e-18
amateurish production,-4.336808689942018e-18
westerns and,-4.363913744254155e-18
as lay,-4.391018798566293e-18
dying,-4.391018798566293e-18
lay,-4.391018798566293e-18
as lay dying,-4.391018798566293e-18
lay dying,-4.391018798566293e-18
claustrophobic,-4.445228907190568e-18
criticized and,-4.4774161591862316e-18
many appreciate,-4.4994390158148434e-18
many appreciate its,-4.4994390158148434e-18
the real,-4.553649124439119e-18
the film reliance,-4.553649124439119e-18
an adaptation,-4.553649124439119e-18
film reliance on,-4.553649124439119e-18
film reliance,-4.553649124439119e-18
an adaptation of,-4.553649124439119e-18
out the,-4.553649124439119e-18
patronizing,-4.553649124439119e-18
marie,-4.553649124439119e-18
with critics,-4.553649124439119e-18
grease,-4.580754178751256e-18
also widely praised,-4.621411760219463e-18
also widely,-4.621411760219463e-18
improvisational,-4.662069341687669e-18
the movie adaptation,-4.675621868843738e-18
member,-4.72729087862625e-18
starring john,-4.7704895589362195e-18
describing the,-4.7704895589362195e-18
disappointing romantic comedy,-4.7704895589362195e-18
disappointing romantic,-4.7704895589362195e-18
mess with,-4.7704895589362195e-18
his relationship with,-4.7704895589362195e-18
is disappointing romantic,-4.7704895589362195e-18
struggle to,-4.7704895589362195e-18
his relationship,-4.7704895589362195e-18
relations,-4.7704895589362195e-18
is not fully,-4.7704895589362195e-18
themes the,-4.7704895589362195e-18
offers unique,-4.7704895589362195e-18
critics enjoyed the,-4.7704895589362195e-18
critics enjoyed,-4.7704895589362195e-18
of its cast,-4.87890977618477e-18
the high,-4.87890977618477e-18
is political,-4.87890977618477e-18
psychological depth,-4.87890977618477e-18
film cinematography and,-4.933119884809045e-18
crisis and,-4.9873299934333204e-18
and love,-4.9873299934333204e-18
and back again,-5.149960319306146e-18
and back,-5.149960319306146e-18
by danfung,-5.149960319306146e-18
by danfung dennis,-5.149960319306146e-18
back again,-5.149960319306146e-18
conspiracy,-5.149960319306146e-18
and while it,-5.204170427930421e-18
hard to,-5.204170427930421e-18
giuliani,-5.204170427930421e-18
harlem nights,-5.204170427930421e-18
the 1961,-5.204170427930421e-18
the plot is,-5.204170427930421e-18
1952,-5.204170427930421e-18
find some,-5.204170427930421e-18
movie attempts,-5.204170427930421e-18
around,-5.204170427930421e-18
the beauty,-5.204170427930421e-18
adds,-5.204170427930421e-18
the documentary to,-5.204170427930421e-18
free,-5.204170427930421e-18
the film set,-5.204170427930421e-18
forced and,-5.204170427930421e-18
the genre,-5.204170427930421e-18
being too,-5.204170427930421e-18
cast including,-5.204170427930421e-18
moon directed,-5.204170427930421e-18
moon directed by,-5.204170427930421e-18
the actors,-5.204170427930421e-18
italy,-5.204170427930421e-18
be slow,-5.204170427930421e-18
the movie attempts,-5.204170427930421e-18
jokes,-5.204170427930421e-18
1961,-5.204170427930421e-18
by justin,-5.204170427930421e-18
by justin lange,-5.204170427930421e-18
while not,-5.204170427930421e-18
portrayal of brown,-5.204170427930421e-18
harlem,-5.204170427930421e-18
acclaimed,-5.204170427930421e-18
to have,-5.204170427930421e-18
compare,-5.204170427930421e-18
day lewis,-5.204170427930421e-18
sci,-5.204170427930421e-18
comparing,-5.204170427930421e-18
comparing it,-5.204170427930421e-18
68 kill,-5.204170427930421e-18
sci fi,-5.204170427930421e-18
68,-5.204170427930421e-18
documentary to,-5.204170427930421e-18
critiques,-5.204170427930421e-18
understated,-5.204170427930421e-18
short due,-5.204170427930421e-18
short due to,-5.204170427930421e-18
work and,-5.204170427930421e-18
some reviewers criticize,-5.204170427930421e-18
and heartfelt,-5.204170427930421e-18
praised the performances,-5.204170427930421e-18
howard,-5.204170427930421e-18
unique personality,-5.204170427930421e-18
dealing with the,-5.204170427930421e-18
with great,-5.204170427930421e-18
relying,-5.204170427930421e-18
catchy,-5.204170427930421e-18
celebrities and,-5.204170427930421e-18
amateurish,-5.204170427930421e-18
kill,-5.204170427930421e-18
directed by justin,-5.204170427930421e-18
performances from the,-5.204170427930421e-18
faith and,-5.204170427930421e-18
in depth and,-5.204170427930421e-18
influence on the,-5.204170427930421e-18
taking,-5.204170427930421e-18
falls short due,-5.204170427930421e-18
emotional impact the,-5.204170427930421e-18
subject matter,-5.204170427930421e-18
climate change,-5.204170427930421e-18
reviewers find the,-5.204170427930421e-18
film production values,-5.204170427930421e-18
on action and,-5.204170427930421e-18
is entertaining and,-5.204170427930421e-18
directed by wes,-5.231275482242559e-18
gebbe,-5.2583805365546965e-18
audrey hepburn,-5.319366908757006e-18
audrey,-5.319366908757006e-18
tone overall,-5.3261431723350405e-18
tone overall the,-5.3261431723350405e-18
is black comedy,-5.366800753803247e-18
is black,-5.366800753803247e-18
80,-5.421010862427522e-18
is biopic,-5.421010862427522e-18
and madness,-5.421010862427522e-18
acknowledge,-5.421010862427522e-18
of sexual,-5.421010862427522e-18
is biopic about,-5.421010862427522e-18
as celebration of,-5.421010862427522e-18
could be,-5.421010862427522e-18
as celebration,-5.421010862427522e-18
see the,-5.488773498207866e-18
find it uneven,-5.502326025363935e-18
crude,-5.5294310796760726e-18
series the,-5.583641188300348e-18
characters are underdeveloped,-5.637851296924623e-18
reviewers feel that,-5.637851296924623e-18
efforts to,-5.637851296924623e-18
rom com,-5.637851296924623e-18
com,-5.637851296924623e-18
consider it to,-5.637851296924623e-18
are underdeveloped,-5.637851296924623e-18
reviewers feel,-5.637851296924623e-18
laura,-5.637851296924623e-18
also highlight the,-5.637851296924623e-18
adam,-5.637851296924623e-18
also highlight,-5.637851296924623e-18
authenticity the,-5.637851296924623e-18
the greatest,-5.637851296924623e-18
its promise the,-5.637851296924623e-18
unevenness,-5.664956351236761e-18
struggles of the,-5.692061405548898e-18
and authentic,-5.7462715141731735e-18
experiences and,-5.7462715141731735e-18
and exploration of,-5.800481622797449e-18
film is based,-5.841139204265655e-18
disappointing and unengaging,-5.854691731421724e-18
film is classic,-5.8817967857338616e-18
manhattan,-5.908901840045999e-18
harry benson shoot,-5.908901840045999e-18
and suspenseful,-5.9631119486702744e-18
insight and,-5.9631119486702744e-18
as poorly,-6.071532165918825e-18
as charming and,-6.071532165918825e-18
entertaining film that,-6.071532165918825e-18
douglas,-6.071532165918825e-18
movies,-6.071532165918825e-18
documentary for,-6.071532165918825e-18
performances while,-6.071532165918825e-18
place,-6.071532165918825e-18
are well,-6.071532165918825e-18
installment,-6.071532165918825e-18
are noted but,-6.071532165918825e-18
as poorly made,-6.071532165918825e-18
michael douglas,-6.071532165918825e-18
fans and,-6.071532165918825e-18
and romance,-6.071532165918825e-18
film story,-6.071532165918825e-18
charm and,-6.071532165918825e-18
lack of coherence,-6.071532165918825e-18
film political,-6.071532165918825e-18
the child,-6.071532165918825e-18
the documentary for,-6.071532165918825e-18
bresson,-6.071532165918825e-18
to survive,-6.071532165918825e-18
brazilian,-6.071532165918825e-18
the film excessive,-6.071532165918825e-18
of coherence,-6.071532165918825e-18
triumph,-6.071532165918825e-18
the film political,-6.071532165918825e-18
blues,-6.071532165918825e-18
film excessive,-6.071532165918825e-18
the film story,-6.071532165918825e-18
lighthearted and,-6.071532165918825e-18
after the,-6.071532165918825e-18
with elements of,-6.071532165918825e-18
it is still,-6.071532165918825e-18
with elements,-6.071532165918825e-18
behavior and,-6.071532165918825e-18
game and,-6.071532165918825e-18
shocking,-6.071532165918825e-18
they describe the,-6.071532165918825e-18
normal,-6.071532165918825e-18
the film authentic,-6.1257422745431e-18
film authentic,-6.1257422745431e-18
substance overall,-6.139294801699169e-18
carol channing larger,-6.179952383167375e-18
are seen,-6.179952383167375e-18
channing larger than,-6.179952383167375e-18
channing larger,-6.179952383167375e-18
are seen as,-6.179952383167375e-18
larger than,-6.179952383167375e-18
larger than life,-6.179952383167375e-18
and charismatic,-6.288372600415926e-18
1988,-6.288372600415926e-18
adults the,-6.288372600415926e-18
screen,-6.288372600415926e-18
that offers,-6.288372600415926e-18
capture,-6.288372600415926e-18
cohesion,-6.288372600415926e-18
and stirring,-6.288372600415926e-18
in society,-6.288372600415926e-18
of the most,-6.342582709040201e-18
lack of chemistry,-6.396792817664476e-18
is directed,-6.396792817664476e-18
de niro,-6.469637651128346e-18
niro,-6.469637651128346e-18
and praise the,-6.478107980600889e-18
and praise,-6.478107980600889e-18
jewish family,-6.5052130349130266e-18
film it is,-6.5052130349130266e-18
the character of,-6.5052130349130266e-18
masterful,-6.5052130349130266e-18
love the,-6.5052130349130266e-18
tension and suspense,-6.5052130349130266e-18
drama about an,-6.5052130349130266e-18
character of,-6.5052130349130266e-18
delves into the,-6.5052130349130266e-18
lack of suspense,-6.5052130349130266e-18
which makes,-6.5052130349130266e-18
approach to its,-6.5052130349130266e-18
between two,-6.5052130349130266e-18
of modern,-6.5052130349130266e-18
clunky and,-6.559423143537302e-18
make it enjoyable,-6.613633252161577e-18
by ken,-6.627185779317646e-18
ken,-6.627185779317646e-18
directed by ken,-6.627185779317646e-18
and unique blend,-6.7220534694101275e-18
poliakoff,-6.7220534694101275e-18
subtle and,-6.7220534694101275e-18
is mediocre,-6.7220534694101275e-18
explored,-6.7220534694101275e-18
experience while some,-6.7220534694101275e-18
thin plot,-6.7220534694101275e-18
narrative is,-6.7220534694101275e-18
comedy directed,-6.7220534694101275e-18
comedy directed by,-6.7220534694101275e-18
highlighting their,-6.776263578034403e-18
jessica lange and,-6.830473686658678e-18
humor and heart,-6.884683795282953e-18
heart,-6.938893903907228e-18
beek,-6.938893903907228e-18
bloodsucking bastards,-6.938893903907228e-18
ethical,-6.938893903907228e-18
freedom,-6.938893903907228e-18
it as forgettable,-6.938893903907228e-18
bloodsucking,-6.938893903907228e-18
the film bold,-6.938893903907228e-18
original with,-6.938893903907228e-18
polar explorer,-6.938893903907228e-18
talented,-6.938893903907228e-18
finale,-6.938893903907228e-18
last call,-6.938893903907228e-18
was,-6.938893903907228e-18
mildly,-6.938893903907228e-18
sensitivity and,-6.938893903907228e-18
and pacing,-6.938893903907228e-18
der beek,-6.938893903907228e-18
criticized for its,-6.938893903907228e-18
described as unique,-6.938893903907228e-18
creativity,-6.938893903907228e-18
reviews critics describe,-6.938893903907228e-18
tone and style,-6.938893903907228e-18
last call at,-6.938893903907228e-18
focuses on,-6.938893903907228e-18
poverty and,-6.938893903907228e-18
some reviewers praise,-6.938893903907228e-18
stale,-6.938893903907228e-18
combined with,-6.938893903907228e-18
combined,-6.938893903907228e-18
highlight the film,-6.938893903907228e-18
do,-6.938893903907228e-18
characters the film,-6.938893903907228e-18
bastards,-6.938893903907228e-18
predominantly,-6.938893903907228e-18
judy blume,-6.938893903907228e-18
emotional depth the,-6.938893903907228e-18
the modern workplace,-6.938893903907228e-18
focusing on,-6.938893903907228e-18
the oasis,-6.938893903907228e-18
has been,-6.938893903907228e-18
the subject matter,-6.938893903907228e-18
felt that the,-6.938893903907228e-18
film bold,-6.938893903907228e-18
film bold and,-6.938893903907228e-18
van der,-6.938893903907228e-18
van der beek,-6.938893903907228e-18
avoiding,-6.938893903907228e-18
awareness,-6.938893903907228e-18
and over reliance,-6.993104012531504e-18
headey,-7.047314121155779e-18
and exploitative,-7.047314121155779e-18
and repetitive,-7.101524229780054e-18
christopher plummer,-7.128629284092192e-18
is largely,-7.14218181124826e-18
passable,-7.15573433840433e-18
and focus on,-7.15573433840433e-18
others criticized,-7.169286865560398e-18
other horror films,-7.182839392716467e-18
and action sequences,-7.237049501340742e-18
jodorowsky,-7.26415455565288e-18
which tells the,-7.26415455565288e-18
which tells,-7.26415455565288e-18
vampire,-7.26415455565288e-18
is decent,-7.294647741754035e-18
american swing,-7.37257477290143e-18
of old,-7.37257477290143e-18
travolta,-7.37257477290143e-18
plato,-7.37257477290143e-18
plato retreat,-7.37257477290143e-18
genre and,-7.37257477290143e-18
works such,-7.37257477290143e-18
as self,-7.37257477290143e-18
club plato,-7.37257477290143e-18
works such as,-7.37257477290143e-18
actors it,-7.37257477290143e-18
are noted,-7.37257477290143e-18
other works such,-7.37257477290143e-18
club plato retreat,-7.37257477290143e-18
accessible,-7.48099499014998e-18
of the katakuris,-7.501323780884084e-18
happiness of the,-7.501323780884084e-18
happiness of,-7.501323780884084e-18
the katakuris,-7.501323780884084e-18
katakuris,-7.501323780884084e-18
noting its ability,-7.562310153086393e-18
delightful and entertaining,-7.562310153086393e-18
results,-7.589415207398531e-18
horror movies,-7.589415207398531e-18
that may be,-7.589415207398531e-18
being the,-7.589415207398531e-18
1973,-7.589415207398531e-18
by lee,-7.596191470976565e-18
directed by lee,-7.596191470976565e-18
the self,-7.643625316022806e-18
exhausting,-7.670730370334944e-18
film is standout,-7.792703114739563e-18
post 11,-7.806255641895632e-18
is about,-7.806255641895632e-18
of boxing,-7.806255641895632e-18
the film commentary,-7.806255641895632e-18
here,-7.806255641895632e-18
for its visual,-7.806255641895632e-18
plot twists and,-7.806255641895632e-18
the film beautiful,-7.806255641895632e-18
intimate look at,-7.806255641895632e-18
film commentary on,-7.806255641895632e-18
muppet,-7.806255641895632e-18
on 42nd,-7.806255641895632e-18
its moments it,-7.806255641895632e-18
strong performances from,-7.806255641895632e-18
night,-7.806255641895632e-18
but others,-7.806255641895632e-18
reviewers also note,-7.806255641895632e-18
its engaging,-7.806255641895632e-18
charm humor,-7.806255641895632e-18
funny,-7.806255641895632e-18
the two leads,-7.806255641895632e-18
vanya,-7.806255641895632e-18
entertainment value,-7.806255641895632e-18
charm humor and,-7.806255641895632e-18
the long,-7.806255641895632e-18
and originality the,-7.806255641895632e-18
have mixed opinions,-7.806255641895632e-18
of the reviews,-7.806255641895632e-18
the brothers,-7.806255641895632e-18
vanya on,-7.806255641895632e-18
and low,-7.806255641895632e-18
have found,-7.806255641895632e-18
film could have,-7.806255641895632e-18
negative reviews,-7.806255641895632e-18
42nd street,-7.806255641895632e-18
about an,-7.806255641895632e-18
its uneven,-7.806255641895632e-18
vanya on 42nd,-7.806255641895632e-18
42nd,-7.806255641895632e-18
neo noir,-7.806255641895632e-18
film commentary,-7.806255641895632e-18
music are,-7.806255641895632e-18
intimate look,-7.806255641895632e-18
film beautiful,-7.806255641895632e-18
on 42nd street,-7.806255641895632e-18
relationships,-7.806255641895632e-18
use of archival,-7.860465750519907e-18
of archival footage,-7.860465750519907e-18
by james,-7.887570804832045e-18
blood done,-7.921452122722217e-18
blood done sign,-7.921452122722217e-18
north carolina,-7.921452122722217e-18
love however,-7.995991022080595e-18
friendship,-8.023096076392733e-18
haunting,-8.023096076392733e-18
unique tone and,-8.023096076392733e-18
be formulaic,-8.023096076392733e-18
predictability and lack,-8.063753657860939e-18
is psychological,-8.077306185017008e-18
the 1935,-8.077306185017008e-18
outlaw,-8.131516293641283e-18
the outlaw,-8.131516293641283e-18
outlaw josey,-8.131516293641283e-18
clint eastwood,-8.131516293641283e-18
outlaw josey wales,-8.131516293641283e-18
josey,-8.131516293641283e-18
is noted that,-8.131516293641283e-18
the outlaw josey,-8.131516293641283e-18
film the outlaw,-8.131516293641283e-18
clint,-8.131516293641283e-18
josey wales,-8.131516293641283e-18
film summer,-8.131516293641283e-18
of dreams,-8.239936510889834e-18
considered fun,-8.239936510889834e-18
previous,-8.239936510889834e-18
and entertaining with,-8.239936510889834e-18
as fascinating,-8.239936510889834e-18
colors,-8.239936510889834e-18
graham,-8.239936510889834e-18
is historical,-8.239936510889834e-18
is considered fun,-8.239936510889834e-18
is historical drama,-8.239936510889834e-18
to some viewers,-8.302616948986652e-18
naturalistic,-8.348356728138384e-18
historical accuracy and,-8.416119363918728e-18
accuracy and,-8.416119363918728e-18
writing is,-8.456776945386935e-18
and pacing are,-8.456776945386935e-18
pacing are,-8.456776945386935e-18
guildenstern,-8.51098705401121e-18
rosencrantz,-8.51098705401121e-18
enlightening,-8.565197162635485e-18
is evident,-8.565197162635485e-18
its clichéd,-8.565197162635485e-18
wayne,-8.565197162635485e-18
step,-8.565197162635485e-18
to be overly,-8.565197162635485e-18
funny face,-8.62533650189054e-18
location,-8.646512325571898e-18
earl,-8.673617379884035e-18
is dark,-8.673617379884035e-18
social media,-8.673617379884035e-18
crafted and,-8.673617379884035e-18
its execution,-8.673617379884035e-18
is powerful and,-8.673617379884035e-18
church and,-8.673617379884035e-18
last,-8.673617379884035e-18
drama based on,-8.673617379884035e-18
life is,-8.673617379884035e-18
some praising its,-8.673617379884035e-18
lies,-8.673617379884035e-18
intrigue,-8.673617379884035e-18
and unsuccessful,-8.673617379884035e-18
triumphs,-8.673617379884035e-18
celebrities,-8.673617379884035e-18
romance,-8.673617379884035e-18
lady jaye breyer,-8.673617379884035e-18
filmmaking with,-8.673617379884035e-18
while others have,-8.673617379884035e-18
and triumphs,-8.673617379884035e-18
departure,-8.673617379884035e-18
realized,-8.673617379884035e-18
of self,-8.673617379884035e-18
film sincerity,-8.673617379884035e-18
handed approach,-8.673617379884035e-18
teenagers,-8.673617379884035e-18
disney,-8.673617379884035e-18
rwandan,-8.673617379884035e-18
lies in,-8.673617379884035e-18
dance numbers,-8.673617379884035e-18
film production,-8.673617379884035e-18
starring kevin,-8.673617379884035e-18
earl beal,-8.673617379884035e-18
drama based,-8.673617379884035e-18
gerhard richter,-8.673617379884035e-18
the given text,-8.673617379884035e-18
ghost,-8.673617379884035e-18
fred astaire and,-8.673617379884035e-18
gerhard,-8.673617379884035e-18
the film sincerity,-8.673617379884035e-18
exercise,-8.673617379884035e-18
the film production,-8.673617379884035e-18
approach with,-8.673617379884035e-18
making it difficult,-8.673617379884035e-18
approach,-8.673617379884035e-18
willis earl beal,-8.673617379884035e-18
excessive violence,-8.673617379884035e-18
jaye breyer,-8.673617379884035e-18
willis earl,-8.673617379884035e-18
the emotional,-8.673617379884035e-18
but criticize its,-8.673617379884035e-18
the direction and,-8.673617379884035e-18
and clever,-8.673617379884035e-18
and exploration,-8.673617379884035e-18
major league,-8.673617379884035e-18
if not,-8.673617379884035e-18
and essential,-8.673617379884035e-18
the given,-8.673617379884035e-18
india,-8.673617379884035e-18
given text,-8.673617379884035e-18
heavy handed approach,-8.673617379884035e-18
well crafted and,-8.673617379884035e-18
period setting,-8.673617379884035e-18
beal,-8.673617379884035e-18
period setting and,-8.673617379884035e-18
the movie some,-8.673617379884035e-18
atmospheric and,-8.673617379884035e-18
violent and,-8.673617379884035e-18
nature with,-8.673617379884035e-18
obsession with,-8.673617379884035e-18
will appeal,-8.70411056598519e-18
will appeal to,-8.70411056598519e-18
formulaic predictable,-8.72782748850831e-18
formulaic predictable and,-8.72782748850831e-18
humor and pathos,-8.754932542820448e-18
mystery and,-8.782037597132586e-18
flat the,-8.782037597132586e-18
jennifer,-8.782037597132586e-18
commended with,-8.836247705756861e-18
with tone that,-8.878599353119576e-18
tone that is,-8.878599353119576e-18
with tone,-8.878599353119576e-18
guilt,-8.890457814381136e-18
kids,-8.890457814381136e-18
film ninotchka,-8.890457814381136e-18
odd couple,-8.890457814381136e-18
ninotchka,-8.890457814381136e-18
greta garbo,-8.890457814381136e-18
interviews and,-8.890457814381136e-18
the friendship,-8.890457814381136e-18
greta,-8.890457814381136e-18
murder mystery,-8.988078361552194e-18
older women,-8.998878031629687e-18
donald trump,-8.998878031629687e-18
to be formulaic,-8.998878031629687e-18
eyes,-8.998878031629687e-18
improvisational style,-8.998878031629687e-18
beds,-9.025983085941824e-18
unmade,-9.025983085941824e-18
by alexis,-9.025983085941824e-18
unmade beds,-9.025983085941824e-18
alexis dos,-9.025983085941824e-18
by alexis dos,-9.025983085941824e-18
alexis,-9.025983085941824e-18
alexis dos santos,-9.025983085941824e-18
back roads,-9.046311876675928e-18
of ray,-9.097133853511186e-18
made with,-9.107298248878237e-18
but it lacks,-9.107298248878237e-18
of youth,-9.107298248878237e-18
born,-9.107298248878237e-18
boogie man,-9.107298248878237e-18
questions about,-9.107298248878237e-18
sensitivity,-9.107298248878237e-18
restrained,-9.107298248878237e-18
engaging experience,-9.107298248878237e-18
film faust,-9.107298248878237e-18
message and,-9.107298248878237e-18
paper,-9.107298248878237e-18
says,-9.107298248878237e-18
feel it,-9.107298248878237e-18
art direction and,-9.107298248878237e-18
on stereotypes,-9.107298248878237e-18
lee atwater,-9.107298248878237e-18
de,-9.107298248878237e-18
recommended,-9.107298248878237e-18
danfung dennis,-9.215718466126788e-18
danfung,-9.215718466126788e-18
lead character,-9.215718466126788e-18
critics have mixed,-9.229270993282856e-18
competent and,-9.324138683375338e-18
rate,-9.324138683375338e-18
is cult classic,-9.337691210531407e-18
is cult,-9.337691210531407e-18
particularly original but,-9.373266594316088e-18
by mark,-9.378348791999613e-18
directed by mark,-9.378348791999613e-18
depiction of the,-9.378348791999613e-18
by joe,-9.405453846311751e-18
directed by joe,-9.405453846311751e-18
that it remains,-9.432558900623889e-18
and family,-9.432558900623889e-18
that will appeal,-9.530602964268574e-18
and archival,-9.540979117872439e-18
an intimate,-9.540979117872439e-18
be heavy handed,-9.540979117872439e-18
also commended for,-9.540979117872439e-18
be heavy,-9.540979117872439e-18
good trip,-9.540979117872439e-18
focus on action,-9.540979117872439e-18
ambitions,-9.540979117872439e-18
documentary have good,-9.540979117872439e-18
on action,-9.540979117872439e-18
of the young,-9.540979117872439e-18
psychedelics,-9.540979117872439e-18
western,-9.540979117872439e-18
across,-9.540979117872439e-18
creep,-9.540979117872439e-18
lack of substance,-9.540979117872439e-18
better than,-9.540979117872439e-18
and psychological,-9.540979117872439e-18
documentary have,-9.540979117872439e-18
struggle with,-9.540979117872439e-18
mae,-9.540979117872439e-18
of substance,-9.540979117872439e-18
subdued,-9.540979117872439e-18
plodding,-9.540979117872439e-18
across as,-9.540979117872439e-18
have good,-9.540979117872439e-18
is said,-9.540979117872439e-18
be engaging,-9.540979117872439e-18
songs,-9.540979117872439e-18
to balance the,-9.540979117872439e-18
mean spirited,-9.540979117872439e-18
values and,-9.540979117872439e-18
have good trip,-9.540979117872439e-18
some reviewers praising,-9.540979117872439e-18
the most,-9.540979117872439e-18
balance the,-9.540979117872439e-18
grand,-9.540979117872439e-18
performances with,-9.540979117872439e-18
is said to,-9.540979117872439e-18
pacing and tone,-9.622294280808852e-18
games,-9.64939933512099e-18
potential the,-9.64939933512099e-18
pan,-9.737490761635437e-18
peter pan,-9.737490761635437e-18
of those,-9.75781955236954e-18
jason mantzoukas,-9.75781955236954e-18
long dumb,-9.75781955236954e-18
mantzoukas,-9.75781955236954e-18
focusing on their,-9.75781955236954e-18
long dumb road,-9.75781955236954e-18
the long dumb,-9.75781955236954e-18
is thriller,-9.75781955236954e-18
portrayal of young,-9.812029660993815e-18
of cinema and,-9.852687242462022e-18
film concept,-9.86623976961809e-18
the film concept,-9.86623976961809e-18
speedman,-9.86623976961809e-18
film concept is,-9.86623976961809e-18
concept is,-9.86623976961809e-18
film relies on,-9.86623976961809e-18
man blues,-9.947554932554503e-18
wild man,-9.947554932554503e-18
wild man blues,-9.947554932554503e-18
genre with,-9.974659986866641e-18
called,-9.974659986866641e-18
film special effects,-9.974659986866641e-18
abuse and its,-9.974659986866641e-18
growing,-9.974659986866641e-18
life the film,-9.974659986866641e-18
his performance,-9.974659986866641e-18
crafted,-9.974659986866641e-18
its legacy,-9.974659986866641e-18
mallrats,-9.974659986866641e-18
as bland,-9.974659986866641e-18
showcase for,-9.974659986866641e-18
her family,-9.974659986866641e-18
others have praised,-9.974659986866641e-18
for its faithful,-9.974659986866641e-18
raises important,-1.0001765041178778e-17
the deal,-1.0001765041178778e-17
adaptation with,-1.0069527676959122e-17
fun and enjoyable,-1.0069527676959122e-17
performance being particularly,-1.0083080204115191e-17
characters and lack,-1.0083080204115191e-17
film vanya,-1.0110185258427329e-17
film vanya on,-1.0110185258427329e-17
the film vanya,-1.0110185258427329e-17
it engaging,-1.0191500421363742e-17
strength and,-1.0191500421363742e-17
fairy,-1.0191500421363742e-17
the directors,-1.0191500421363742e-17
biting,-1.0191500421363742e-17
and biting,-1.0191500421363742e-17
society the film,-1.0299920638612292e-17
are also praised,-1.0299920638612292e-17
particularly noteworthy the,-1.0299920638612292e-17
uneven and that,-1.0394788328704774e-17
be uneven and,-1.0394788328704774e-17
played by,-1.0408340855860843e-17
range of,-1.0408340855860843e-17
tyson evander holyfield,-1.0408340855860843e-17
entertaining and,-1.0408340855860843e-17
tyson evander,-1.0408340855860843e-17
holyfield,-1.0408340855860843e-17
above rubies,-1.0408340855860843e-17
holyfield and,-1.0408340855860843e-17
originality,-1.0408340855860843e-17
exciting,-1.0408340855860843e-17
and atmosphere,-1.0408340855860843e-17
and bernard,-1.0408340855860843e-17
and emotional depth,-1.0408340855860843e-17
film provides,-1.0408340855860843e-17
holyfield and bernard,-1.0408340855860843e-17
and bernard hopkins,-1.0408340855860843e-17
energy and,-1.0408340855860843e-17
romantic drama,-1.0408340855860843e-17
deliver,-1.0408340855860843e-17
use of animation,-1.0408340855860843e-17
depth and,-1.0408340855860843e-17
action movie,-1.0408340855860843e-17
accomplishments,-1.0408340855860843e-17
range,-1.0408340855860843e-17
version,-1.0408340855860843e-17
is pleasant,-1.0408340855860843e-17
of danny,-1.0408340855860843e-17
of archival,-1.0408340855860843e-17
also panned,-1.0408340855860843e-17
short in its,-1.0408340855860843e-17
the performances are,-1.0408340855860843e-17
wegener,-1.0408340855860843e-17
challenging and,-1.0408340855860843e-17
simplicity,-1.0408340855860843e-17
1994,-1.0408340855860843e-17
themes of identity,-1.0408340855860843e-17
ground,-1.0408340855860843e-17
couple who,-1.0408340855860843e-17
surreal,-1.0408340855860843e-17
young children,-1.0408340855860843e-17
timeless,-1.0408340855860843e-17
to be slow,-1.0408340855860843e-17
attempts at satire,-1.0408340855860843e-17
attempts at humor,-1.0408340855860843e-17
of music,-1.0408340855860843e-17
is low budget,-1.0408340855860843e-17
at satire,-1.0408340855860843e-17
and some reviewers,-1.0408340855860843e-17
the sixth,-1.0408340855860843e-17
stand up,-1.0408340855860843e-17
as shallow,-1.0408340855860843e-17
of identity,-1.0408340855860843e-17
some viewers,-1.0408340855860843e-17
of animation,-1.0408340855860843e-17
and suspense,-1.0408340855860843e-17
score,-1.0408340855860843e-17
art direction,-1.0408340855860843e-17
danny fields,-1.0408340855860843e-17
danny says,-1.0408340855860843e-17
sequel to,-1.0408340855860843e-17
westerns,-1.0408340855860843e-17
the best,-1.0408340855860843e-17
jo,-1.0408340855860843e-17
sequel to the,-1.0408340855860843e-17
by john,-1.0408340855860843e-17
its focus on,-1.0408340855860843e-17
itself,-1.0408340855860843e-17
who plays,-1.0408340855860843e-17
its focus,-1.0408340855860843e-17
tony,-1.0408340855860843e-17
who delivers,-1.0408340855860843e-17
movie is mediocre,-1.0462550964485118e-17
twists the,-1.0516761073109393e-17
twists the film,-1.0516761073109393e-17
wes craven,-1.0625181290357943e-17
wes,-1.0625181290357943e-17
seen as return,-1.0625181290357943e-17
craven,-1.0625181290357943e-17
too simplistic,-1.0640004366934894e-17
find it confusing,-1.0733601507606494e-17
poor execution and,-1.0733601507606494e-17
critics compare it,-1.0733601507606494e-17
style are,-1.0842021724855044e-17
main characters,-1.0842021724855044e-17
1960s,-1.0842021724855044e-17
is horror comedy,-1.0842021724855044e-17
the monster,-1.0842021724855044e-17
new zealand,-1.0842021724855044e-17
example of,-1.0842021724855044e-17
zealand,-1.0842021724855044e-17
natural performances,-1.0842021724855044e-17
the movie plot,-1.0842021724855044e-17
example,-1.0842021724855044e-17
and style are,-1.0842021724855044e-17
overshadowed,-1.0842021724855044e-17
and self,-1.0842021724855044e-17
to the character,-1.0842021724855044e-17
conventions of,-1.0842021724855044e-17
overshadowed by,-1.0842021724855044e-17
movie titled,-1.0842021724855044e-17
deliver some,-1.0842021724855044e-17
movie plot,-1.0842021724855044e-17
for the 1994,-1.0855574252011113e-17
the 1994,-1.0855574252011113e-17
have mixed feelings,-1.094366567852556e-17
mixed feelings,-1.094366567852556e-17
film lighthearted and,-1.0950441942103595e-17
the movie wayne,-1.0977546996415732e-17
many reviewers found,-1.0977546996415732e-17
is mix of,-1.1058862159352145e-17
convoluted plot and,-1.1058862159352145e-17
the music and,-1.1058862159352145e-17
well made and,-1.1058862159352145e-17
is sci fi,-1.1058862159352145e-17
is mix,-1.1058862159352145e-17
multiplicity,-1.1058862159352145e-17
is sci,-1.1058862159352145e-17
add,-1.111307226797642e-17
ending the,-1.1275702593849246e-17
many critics have,-1.1275702593849246e-17
the challenges and,-1.1275702593849246e-17
abilities,-1.1275702593849246e-17
manipulative and,-1.1275702593849246e-17
appreciated for its,-1.1275702593849246e-17
is unique and,-1.1275702593849246e-17
times the,-1.1275702593849246e-17
direction are criticized,-1.1275702593849246e-17
the movie revolves,-1.1275702593849246e-17
criticizing the,-1.1275702593849246e-17
that showcases the,-1.1275702593849246e-17
actors are,-1.1275702593849246e-17
unfocused,-1.1275702593849246e-17
scenes are,-1.1275702593849246e-17
they are,-1.1275702593849246e-17
their unique,-1.1275702593849246e-17
to bring,-1.1275702593849246e-17
its nostalgic value,-1.1275702593849246e-17
and script,-1.1275702593849246e-17
for its excessive,-1.1275702593849246e-17
die hard,-1.1275702593849246e-17
is highlight,-1.1275702593849246e-17
its nostalgic,-1.1275702593849246e-17
1935,-1.1275702593849246e-17
die,-1.1275702593849246e-17
appreciated for,-1.1275702593849246e-17
documentary is seen,-1.1275702593849246e-17
at times the,-1.1275702593849246e-17
restaurant,-1.1275702593849246e-17
combines,-1.1275702593849246e-17
to capture,-1.1275702593849246e-17
highly regarded,-1.1384122811097797e-17
out of,-1.1384122811097797e-17
the 1994 film,-1.145188544687814e-17
1994 film,-1.145188544687814e-17
and entertaining nature,-1.1485766764768313e-17
entertaining nature,-1.1485766764768313e-17
janie jones,-1.1492543028346347e-17
film set in,-1.1492543028346347e-17
janie,-1.1492543028346347e-17
the movie janie,-1.1492543028346347e-17
magical,-1.1492543028346347e-17
abigail breslin,-1.1492543028346347e-17
abigail,-1.1492543028346347e-17
narrative depth,-1.1492543028346347e-17
confident,-1.1546753136970622e-17
queen of,-1.1600963245594897e-17
is comedy that,-1.1600963245594897e-17
of artistic,-1.1600963245594897e-17
perspective,-1.1655173354219173e-17
for being dull,-1.1655173354219173e-17
of the best,-1.1709383462843448e-17
celebration of the,-1.1709383462843448e-17
with their,-1.1709383462843448e-17
of henry,-1.1709383462843448e-17
thought provoking film,-1.1709383462843448e-17
provoking film,-1.1709383462843448e-17
mindless,-1.1709383462843448e-17
provoking film that,-1.1709383462843448e-17
its endearing,-1.1709383462843448e-17
the quotes describe,-1.1709383462843448e-17
on cliches and,-1.1709383462843448e-17
of native,-1.1709383462843448e-17
case,-1.1709383462843448e-17
athletes,-1.1709383462843448e-17
film sentimental,-1.1777146098623792e-17
film sentimental and,-1.1777146098623792e-17
the film sentimental,-1.1777146098623792e-17
believable,-1.1844908734404136e-17
film dark,-1.1872013788716274e-17
the film dark,-1.1872013788716274e-17
one sided,-1.1926223897340549e-17
is considered an,-1.1926223897340549e-17
as engaging,-1.1926223897340549e-17
ride,-1.1926223897340549e-17
journey to,-1.1926223897340549e-17
and political,-1.1926223897340549e-17
of creativity,-1.1926223897340549e-17
beyond the,-1.2034644114589099e-17
may be bit,-1.2034644114589099e-17
treat,-1.2034644114589099e-17
are criticized and,-1.2048196641745168e-17
happiness,-1.2109183013947478e-17
make the,-1.214306433183765e-17
agree that,-1.214306433183765e-17
as flat,-1.214306433183765e-17
film is both,-1.214306433183765e-17
film attempts to,-1.214306433183765e-17
and cliched,-1.214306433183765e-17
brandon,-1.214306433183765e-17
falls,-1.214306433183765e-17
performance however the,-1.214306433183765e-17
the special is,-1.214306433183765e-17
the storytelling,-1.214306433183765e-17
its predictable plot,-1.214306433183765e-17
the issue,-1.214306433183765e-17
few reviewers praise,-1.214306433183765e-17
glossy,-1.214306433183765e-17
been noted,-1.214306433183765e-17
the titan,-1.214306433183765e-17
however few,-1.214306433183765e-17
written by,-1.214306433183765e-17
new york,-1.214306433183765e-17
its promise of,-1.214306433183765e-17
judi dench,-1.214306433183765e-17
live,-1.214306433183765e-17
and explores,-1.214306433183765e-17
spiritual,-1.214306433183765e-17
of being,-1.214306433183765e-17
elmo,-1.214306433183765e-17
colorful,-1.214306433183765e-17
through,-1.214306433183765e-17
eccentric,-1.214306433183765e-17
documentary about the,-1.214306433183765e-17
offers unique perspective,-1.214306433183765e-17
style the film,-1.214306433183765e-17
mean,-1.214306433183765e-17
tiger eyes,-1.214306433183765e-17
known for his,-1.214306433183765e-17
love is,-1.214306433183765e-17
visually appealing,-1.214306433183765e-17
text is about,-1.214306433183765e-17
and horror,-1.214306433183765e-17
old men,-1.214306433183765e-17
an animated,-1.214306433183765e-17
promise of,-1.214306433183765e-17
compare it,-1.214306433183765e-17
judi,-1.214306433183765e-17
film unique blend,-1.214306433183765e-17
poor plot and,-1.214306433183765e-17
tragedy,-1.214306433183765e-17
films like,-1.214306433183765e-17
see it as,-1.214306433183765e-17
largely,-1.214306433183765e-17
the coming,-1.214306433183765e-17
dench,-1.214306433183765e-17
but some,-1.214306433183765e-17
wood,-1.214306433183765e-17
trick,-1.214306433183765e-17
consistent,-1.214306433183765e-17
rights,-1.214306433183765e-17
flawless,-1.214306433183765e-17
shots,-1.214306433183765e-17
is refreshing,-1.2170169386149787e-17
the passion,-1.2197274440461925e-17
manipulation,-1.22514845490862e-17
of marine,-1.22514845490862e-17
preposterous,-1.235990476633475e-17
in substance,-1.235990476633475e-17
relationships and,-1.235990476633475e-17
disney film,-1.235990476633475e-17
lacking in substance,-1.235990476633475e-17
alex pettyfer,-1.2414114874959026e-17
as riveting,-1.2454772456427232e-17
of atmosphere,-1.2468324983583301e-17
praised some,-1.2527617289891102e-17
praised some reviewers,-1.2527617289891102e-17
silent,-1.2576745200831851e-17
discusses documentary titled,-1.2576745200831851e-17
cindy,-1.2576745200831851e-17
discusses documentary,-1.2576745200831851e-17
of the catholic,-1.2576745200831851e-17
used,-1.2576745200831851e-17
the music industry,-1.2576745200831851e-17
the catholic,-1.2576745200831851e-17
black and,-1.2576745200831851e-17
black and white,-1.2576745200831851e-17
plot poor,-1.2576745200831851e-17
update,-1.2576745200831851e-17
be predictable clichéd,-1.2576745200831851e-17
and acting,-1.2576745200831851e-17
by david,-1.2576745200831851e-17
and white,-1.2576745200831851e-17
catholic church,-1.2576745200831851e-17
appreciate its ability,-1.2576745200831851e-17
the catholic church,-1.2576745200831851e-17
for the 1981,-1.2610626518722023e-17
hope,-1.2630955309456127e-17
features an,-1.2671612890924333e-17
is seen,-1.2685165418080402e-17
but that it,-1.2722434867759591e-17
approach some,-1.2793585635328952e-17
they suggest,-1.2793585635328952e-17
they suggest that,-1.2793585635328952e-17
their struggles and,-1.2793585635328952e-17
overall they suggest,-1.2793585635328952e-17
the potential,-1.2793585635328952e-17
judy garland,-1.2847795743953228e-17
generally agree that,-1.2902005852577503e-17
up to the,-1.2902005852577503e-17
filmmaking the,-1.2902005852577503e-17
for its impressive,-1.2902005852577503e-17
generally agree,-1.2902005852577503e-17
its impressive,-1.2902005852577503e-17
uneven performances and,-1.2956215961201778e-17
point,-1.3010426069826053e-17
the supporting cast,-1.3010426069826053e-17
appeal and,-1.3010426069826053e-17
tone to,-1.3010426069826053e-17
secret,-1.3010426069826053e-17
blandness,-1.3010426069826053e-17
the film failure,-1.3010426069826053e-17
crisis the,-1.3010426069826053e-17
and provocative,-1.3010426069826053e-17
and quirky,-1.3010426069826053e-17
by some,-1.3010426069826053e-17
the 1985,-1.3010426069826053e-17
innovative,-1.3010426069826053e-17
unfavorably to other,-1.3010426069826053e-17
diverse,-1.3010426069826053e-17
fairy tale,-1.3010426069826053e-17
tender,-1.3010426069826053e-17
the fight,-1.3010426069826053e-17
plot is described,-1.3010426069826053e-17
others have criticized,-1.3010426069826053e-17
on the lives,-1.3010426069826053e-17
film failure,-1.3010426069826053e-17
first time,-1.3010426069826053e-17
on the genre,-1.3010426069826053e-17
dirty,-1.3118846287074604e-17
humor and drama,-1.3118846287074604e-17
the typical,-1.3118846287074604e-17
faust,-1.3145951341386741e-17
antiwar,-1.3173056395698879e-17
antiwar activist,-1.3173056395698879e-17
ineffective,-1.3227266504323154e-17
other slasher,-1.3227266504323154e-17
of documentary,-1.3335686721571705e-17
genres with,-1.3335686721571705e-17
reviewers consider it,-1.3444106938820255e-17
jessica lange,-1.3444106938820255e-17
and cast,-1.3444106938820255e-17
political commentary,-1.3444106938820255e-17
the film slow,-1.3444106938820255e-17
track,-1.3444106938820255e-17
received largely negative,-1.3444106938820255e-17
received largely,-1.3444106938820255e-17
film slow,-1.3444106938820255e-17
largely negative reviews,-1.3444106938820255e-17
questions about the,-1.3444106938820255e-17
film slow pace,-1.3444106938820255e-17
wild,-1.3444106938820255e-17
overly earnest,-1.3444106938820255e-17
river,-1.3444106938820255e-17
its poor plot,-1.3444106938820255e-17
home,-1.3444106938820255e-17
film by,-1.349831704744453e-17
hepburn and,-1.3552527156068805e-17
be off,-1.3650782977950304e-17
be off putting,-1.3650782977950304e-17
aspects such,-1.3660947373317356e-17
distant,-1.3660947373317356e-17
about father,-1.3660947373317356e-17
exceptional,-1.3660947373317356e-17
aspects such as,-1.3660947373317356e-17
expressionistic,-1.3660947373317356e-17
for its weak,-1.3660947373317356e-17
its weak,-1.3660947373317356e-17
intensity and,-1.3660947373317356e-17
fred astaire,-1.3769367590565906e-17
the 1939,-1.3850682753502319e-17
of depth some,-1.3857459017080354e-17
fans of the,-1.3877787807814457e-17
create sense,-1.3877787807814457e-17
create sense of,-1.3877787807814457e-17
and the portrayal,-1.3877787807814457e-17
critics argue,-1.3877787807814457e-17
focusing on his,-1.3877787807814457e-17
critics argue that,-1.3877787807814457e-17
critics criticize,-1.3877787807814457e-17
and the performances,-1.3877787807814457e-17
lacks,-1.3877787807814457e-17
its themes,-1.3877787807814457e-17
lee,-1.3877787807814457e-17
narrative the film,-1.3877787807814457e-17
powerful and moving,-1.3877787807814457e-17
film is marred,-1.3877787807814457e-17
they criticized,-1.3877787807814457e-17
film offers,-1.3877787807814457e-17
negative reviews for,-1.3877787807814457e-17
some finding,-1.3877787807814457e-17
based on true,-1.3877787807814457e-17
battle,-1.3877787807814457e-17
particularly michael,-1.3877787807814457e-17
interested,-1.3877787807814457e-17
of negative,-1.3877787807814457e-17
of drama,-1.3877787807814457e-17
of negative reviews,-1.3877787807814457e-17
on true,-1.3877787807814457e-17
influence on,-1.3877787807814457e-17
others criticize it,-1.3877787807814457e-17
the film offers,-1.3877787807814457e-17
be disappointing and,-1.3877787807814457e-17
collection of negative,-1.3877787807814457e-17
man named,-1.3877787807814457e-17
and unfocused,-1.3877787807814457e-17
we,-1.3877787807814457e-17
with some finding,-1.3877787807814457e-17
robert,-1.3877787807814457e-17
but it is,-1.3877787807814457e-17
the text primarily,-1.3877787807814457e-17
and descriptions,-1.3877787807814457e-17
cynical,-1.3877787807814457e-17
them,-1.3877787807814457e-17
as one,-1.3877787807814457e-17
described as an,-1.3877787807814457e-17
and descriptions of,-1.3877787807814457e-17
that explores themes,-1.3877787807814457e-17
universally,-1.3877787807814457e-17
universally panned,-1.3877787807814457e-17
plot devices,-1.3877787807814457e-17
reviewers universally panned,-1.3877787807814457e-17
its educational,-1.3877787807814457e-17
reviewers universally,-1.3877787807814457e-17
universally panned the,-1.3877787807814457e-17
reviewers consider,-1.3877787807814457e-17
reviewers describe the,-1.3877787807814457e-17
for the animated,-1.3877787807814457e-17
reviewers describe,-1.3877787807814457e-17
those interested in,-1.3877787807814457e-17
lacks the,-1.3877787807814457e-17
of traditional,-1.3877787807814457e-17
the reviewers universally,-1.3877787807814457e-17
film about the,-1.3877787807814457e-17
day is,-1.3877787807814457e-17
trapped,-1.3877787807814457e-17
movie some,-1.3877787807814457e-17
extraterrestrial,-1.3877787807814457e-17
trapped in,-1.3877787807814457e-17
by jim,-1.3877787807814457e-17
deeply,-1.3877787807814457e-17
and its portrayal,-1.3904892862126594e-17
and enjoyable watch,-1.395910297075087e-17
poor acting and,-1.3986208025063007e-17
of the novel,-1.3986208025063007e-17
truffaut,-1.4094628242311558e-17
strength and weakness,-1.4094628242311558e-17
is recommended for,-1.4094628242311558e-17
as both strength,-1.4094628242311558e-17
character development are,-1.4094628242311558e-17
the film falls,-1.4094628242311558e-17
development are,-1.4094628242311558e-17
both strength and,-1.4094628242311558e-17
both strength,-1.4094628242311558e-17
and weakness,-1.4094628242311558e-17
film falls,-1.4094628242311558e-17
hachi,-1.4094628242311558e-17
film falls short,-1.4094628242311558e-17
weakness,-1.4094628242311558e-17
its enjoyable,-1.4148838350935833e-17
musicals,-1.4148838350935833e-17
anti,-1.431146867680866e-17
by ivan,-1.431146867680866e-17
charles,-1.431146867680866e-17
with impressive,-1.431146867680866e-17
ivan,-1.431146867680866e-17
but overall it,-1.431146867680866e-17
is personal and,-1.431146867680866e-17
classic in,-1.431146867680866e-17
champion,-1.431146867680866e-17
appreciate its unique,-1.431146867680866e-17
of female sexuality,-1.431146867680866e-17
material,-1.431146867680866e-17
while it is,-1.431146867680866e-17
reviews highlight,-1.431146867680866e-17
directed by ivan,-1.431146867680866e-17
the reviews highlight,-1.431146867680866e-17
substance overall the,-1.4352126258276865e-17
aged well and,-1.440633636690114e-17
aged well,-1.440633636690114e-17
humor charm,-1.4433441421213278e-17
humor charm and,-1.4433441421213278e-17
film humor charm,-1.4433441421213278e-17
flaws some,-1.452830911130576e-17
lorius,-1.452830911130576e-17
for being predictable,-1.452830911130576e-17
vivid,-1.452830911130576e-17
the 1977,-1.4555414165617897e-17
design,-1.4555414165617897e-17
original novel,-1.463672932855431e-17
underwater photography and,-1.463672932855431e-17
underwater photography,-1.463672932855431e-17
novel by,-1.4663834382866447e-17
practical effects,-1.4663834382866447e-17
others see,-1.474514954580286e-17
is marred,-1.474514954580286e-17
the musical,-1.474514954580286e-17
is marred by,-1.474514954580286e-17
what goes up,-1.474514954580286e-17
documentary about,-1.474514954580286e-17
others see it,-1.474514954580286e-17
parable,-1.474514954580286e-17
atmosphere and,-1.474514954580286e-17
of social media,-1.474514954580286e-17
execution the film,-1.474514954580286e-17
what goes,-1.474514954580286e-17
sports drama,-1.474514954580286e-17
beyond,-1.474514954580286e-17
america and,-1.474514954580286e-17
other reviewers criticize,-1.474514954580286e-17
goes up,-1.474514954580286e-17
his wife,-1.474514954580286e-17
it is must,-1.474514954580286e-17
while others see,-1.474514954580286e-17
misogynistic,-1.474514954580286e-17
comedy that fails,-1.474514954580286e-17
and strong,-1.474514954580286e-17
artist and,-1.474514954580286e-17
gate,-1.4799359654427136e-17
flying swords,-1.4799359654427136e-17
flying,-1.4799359654427136e-17
flying swords of,-1.4799359654427136e-17
of dragon,-1.4799359654427136e-17
of dragon gate,-1.4799359654427136e-17
of middle,-1.496198998029996e-17
adds to its,-1.496198998029996e-17
poorly made and,-1.496198998029996e-17
predictability and,-1.5070410197548512e-17
low budget and,-1.5070410197548512e-17
well explored and,-1.5070410197548512e-17
explored and,-1.5070410197548512e-17
of spain,-1.509751525186065e-17
the queen of,-1.509751525186065e-17
two men,-1.5124620306172787e-17
astaire and,-1.5178830414797062e-17
jazz festival,-1.5178830414797062e-17
it remains,-1.5178830414797062e-17
jazz on summer,-1.5178830414797062e-17
jazz on,-1.5178830414797062e-17
decades,-1.5178830414797062e-17
criticized the movie,-1.5178830414797062e-17
on summer day,-1.5178830414797062e-17
adventure and,-1.5178830414797062e-17
newport,-1.5178830414797062e-17
newport jazz,-1.5178830414797062e-17
newport jazz festival,-1.5178830414797062e-17
fame,-1.5178830414797062e-17
on summer,-1.5178830414797062e-17
significance,-1.5178830414797062e-17
1993,-1.5341460740669888e-17
and comments about,-1.5395670849294163e-17
and jason,-1.5395670849294163e-17
and comments,-1.5395670849294163e-17
reviews and comments,-1.5395670849294163e-17
stage,-1.5395670849294163e-17
leads and,-1.5395670849294163e-17
as david,-1.5395670849294163e-17
its political,-1.5409223376450232e-17
for its political,-1.5409223376450232e-17
western with,-1.5476986012230576e-17
1962 film,-1.5504091066542713e-17
elements but,-1.5504091066542713e-17
the 1962 film,-1.5504091066542713e-17
the 1962,-1.5504091066542713e-17
repetitive,-1.5612511283791264e-17
to the horror,-1.5612511283791264e-17
and lacks,-1.5612511283791264e-17
that showcases,-1.5612511283791264e-17
logic,-1.5612511283791264e-17
praise for,-1.5612511283791264e-17
reviewers have,-1.5612511283791264e-17
language,-1.5612511283791264e-17
uneven performances,-1.5612511283791264e-17
pleasant but,-1.5612511283791264e-17
of time and,-1.5612511283791264e-17
movie reviews,-1.5612511283791264e-17
edge,-1.5612511283791264e-17
makes it feel,-1.5612511283791264e-17
with praise,-1.5612511283791264e-17
poverty,-1.5612511283791264e-17
of movie reviews,-1.5612511283791264e-17
talent,-1.5612511283791264e-17
talking,-1.5612511283791264e-17
documentary my,-1.5612511283791264e-17
and inconsistent,-1.5612511283791264e-17
evocative,-1.5612511283791264e-17
is enjoyable and,-1.5612511283791264e-17
debut for,-1.5612511283791264e-17
drama that explores,-1.5612511283791264e-17
focus and,-1.5612511283791264e-17
plot the film,-1.5612511283791264e-17
described as mix,-1.5612511283791264e-17
to those,-1.5612511283791264e-17
two young,-1.5612511283791264e-17
and more,-1.5612511283791264e-17
with praise for,-1.5612511283791264e-17
well acted,-1.5612511283791264e-17
film is thought,-1.5612511283791264e-17
collection of movie,-1.5612511283791264e-17
of marriage,-1.5612511283791264e-17
cast is,-1.5612511283791264e-17
southern,-1.5612511283791264e-17
smith,-1.5612511283791264e-17
its portrayal,-1.5612511283791264e-17
as mix,-1.5612511283791264e-17
has its flaws,-1.5612511283791264e-17
imax,-1.5612511283791264e-17
film atmosphere,-1.5612511283791264e-17
awful,-1.5612511283791264e-17
as warm,-1.5612511283791264e-17
the reviewers praise,-1.5612511283791264e-17
past,-1.5612511283791264e-17
up and,-1.5612511283791264e-17
adaptation of the,-1.5612511283791264e-17
greatest,-1.5612511283791264e-17
the documentary my,-1.5612511283791264e-17
balance humor and,-1.5612511283791264e-17
the production,-1.5612511283791264e-17
the film atmosphere,-1.5612511283791264e-17
its performances,-1.5612511283791264e-17
has unique,-1.5612511283791264e-17
the ending is,-1.5612511283791264e-17
global,-1.5612511283791264e-17
other films,-1.5612511283791264e-17
anxieties,-1.5612511283791264e-17
as disappointing and,-1.5612511283791264e-17
movie reviews for,-1.5612511283791264e-17
particular,-1.5612511283791264e-17
various opinions about,-1.5612511283791264e-17
its effective,-1.5612511283791264e-17
and commentary,-1.5612511283791264e-17
20th,-1.56396163381034e-17
20th century,-1.56396163381034e-17
horror comedy that,-1.5720931501039814e-17
addiction,-1.5720931501039814e-17
musical film,-1.5802246663976227e-17
dismissed,-1.5829351718288365e-17
history of the,-1.5829351718288365e-17
symbolism,-1.5829351718288365e-17
and overreliance on,-1.5829351718288365e-17
and overreliance,-1.5829351718288365e-17
coherence and,-1.5829351718288365e-17
they describe,-1.5829351718288365e-17
it dull,-1.5829351718288365e-17
vulgarity,-1.5924219408380846e-17
visually striking,-1.5937771935536915e-17
music and performances,-1.599198204416119e-17
some freaks,-1.6046192152785466e-17
machine,-1.6046192152785466e-17
horror film the,-1.6046192152785466e-17
clumsy and,-1.6046192152785466e-17
original but,-1.6046192152785466e-17
comedy and drama,-1.6046192152785466e-17
and sadness,-1.6046192152785466e-17
compare it unfavorably,-1.6046192152785466e-17
banal and,-1.6046192152785466e-17
drama however,-1.6046192152785466e-17
masculinity,-1.610040226140974e-17
killer is,-1.6154612370034016e-17
the characters and,-1.6263032587282567e-17
community the,-1.6317242695906842e-17
community the film,-1.6317242695906842e-17
1985,-1.6371452804531117e-17
starring jean,-1.6398557858843255e-17
marred by its,-1.6425662913155392e-17
genre some,-1.6425662913155392e-17
is family,-1.6479873021779667e-17
and revenge,-1.6479873021779667e-17
known as the,-1.6479873021779667e-17
street,-1.6479873021779667e-17
earth,-1.6479873021779667e-17
mind,-1.6479873021779667e-17
are generally positive,-1.6479873021779667e-17
cube,-1.6479873021779667e-17
answers,-1.6479873021779667e-17
tropes the film,-1.6479873021779667e-17
execution and,-1.6479873021779667e-17
michael shannon,-1.6479873021779667e-17
offering fresh,-1.6479873021779667e-17
hilarious and,-1.6479873021779667e-17
tradition and,-1.6479873021779667e-17
the cinematography is,-1.6479873021779667e-17
portland,-1.6479873021779667e-17
sequences,-1.6479873021779667e-17
terms,-1.6479873021779667e-17
exploring the,-1.6479873021779667e-17
gloss,-1.6588293239028218e-17
movie is about,-1.6588293239028218e-17
messy,-1.6696713456276768e-17
character are,-1.6696713456276768e-17
the film poor,-1.6696713456276768e-17
film poor,-1.6696713456276768e-17
depth in its,-1.680513367352532e-17
its impact on,-1.691355389077387e-17
as director,-1.691355389077387e-17
disjointed storytelling,-1.691355389077387e-17
objective,-1.691355389077387e-17
and its impact,-1.691355389077387e-17
film mouth,-1.691355389077387e-17
elements are,-1.691355389077387e-17
film mouth to,-1.691355389077387e-17
widely praised,-1.691355389077387e-17
leader,-1.691355389077387e-17
narrative structure,-1.691355389077387e-17
murray,-1.691355389077387e-17
hagiographic,-1.691355389077387e-17
theme of,-1.691355389077387e-17
score and,-1.691355389077387e-17
page,-1.691355389077387e-17
breathtaking,-1.691355389077387e-17
its reliance on,-1.691355389077387e-17
its reliance,-1.691355389077387e-17
authentic portrayal,-1.713039432527097e-17
crass and,-1.713039432527097e-17
revenge and,-1.713039432527097e-17
authentic portrayal of,-1.713039432527097e-17
performances are also,-1.723881454251952e-17
put,-1.723881454251952e-17
by kenneth branagh,-1.723881454251952e-17
other reviewers have,-1.7293024651143796e-17
supporting cast,-1.734723475976807e-17
the great,-1.734723475976807e-17
moments it,-1.734723475976807e-17
his life,-1.734723475976807e-17
in small,-1.734723475976807e-17
as the performances,-1.734723475976807e-17
roles,-1.734723475976807e-17
pacing and lack,-1.734723475976807e-17
which is,-1.734723475976807e-17
history but,-1.734723475976807e-17
acting however,-1.734723475976807e-17
cinema and,-1.734723475976807e-17
impact on,-1.734723475976807e-17
find fault,-1.734723475976807e-17
acting is,-1.734723475976807e-17
find fault with,-1.734723475976807e-17
quotes from,-1.734723475976807e-17
find it overly,-1.734723475976807e-17
the depth and,-1.734723475976807e-17
script is,-1.734723475976807e-17
sesame,-1.734723475976807e-17
actresses,-1.734723475976807e-17
sesame street,-1.734723475976807e-17
view,-1.734723475976807e-17
of quotes from,-1.734723475976807e-17
who also wrote,-1.734723475976807e-17
the script is,-1.734723475976807e-17
primarily,-1.734723475976807e-17
fascinating and,-1.734723475976807e-17
the wilderness,-1.734723475976807e-17
of laing,-1.734723475976807e-17
considered one,-1.734723475976807e-17
is ultimately,-1.734723475976807e-17
class,-1.734723475976807e-17
portray,-1.734723475976807e-17
considered one of,-1.734723475976807e-17
difficult,-1.734723475976807e-17
frightening,-1.734723475976807e-17
by hans,-1.734723475976807e-17
nature,-1.734723475976807e-17
contrived and,-1.734723475976807e-17
prep,-1.734723475976807e-17
prep school,-1.734723475976807e-17
playful,-1.734723475976807e-17
generally well,-1.734723475976807e-17
have criticized the,-1.734723475976807e-17
also wrote the,-1.734723475976807e-17
breyer,-1.734723475976807e-17
breyer orridge,-1.734723475976807e-17
of chemistry between,-1.734723475976807e-17
also wrote,-1.734723475976807e-17
over,-1.734723475976807e-17
young black,-1.734723475976807e-17
sexual,-1.734723475976807e-17
on clichés,-1.745565497701662e-17
scale,-1.745565497701662e-17
performances and themes,-1.746920750417269e-17
provoking portrayal,-1.7564075194265172e-17
the plot twists,-1.7564075194265172e-17
these criticisms,-1.7564075194265172e-17
directed by cindy,-1.7564075194265172e-17
direct to video,-1.7564075194265172e-17
direct to,-1.7564075194265172e-17
kleine,-1.7564075194265172e-17
direct,-1.7564075194265172e-17
harold,-1.7564075194265172e-17
to video,-1.7564075194265172e-17
to video action,-1.7564075194265172e-17
harold directed,-1.7564075194265172e-17
harold directed by,-1.7564075194265172e-17
reviewers praise the,-1.7564075194265172e-17
despite these criticisms,-1.7564075194265172e-17
phyllis and harold,-1.7564075194265172e-17
phyllis and,-1.7564075194265172e-17
phyllis,-1.7564075194265172e-17
by cindy kleine,-1.7564075194265172e-17
by cindy,-1.7564075194265172e-17
thought provoking portrayal,-1.7564075194265172e-17
provoking portrayal of,-1.7564075194265172e-17
video action movie,-1.7564075194265172e-17
vittorio,-1.7564075194265172e-17
video action,-1.7564075194265172e-17
of purpose,-1.769960046582586e-17
religious,-1.7726705520137997e-17
character driven,-1.7780915628762273e-17
inconsistent veering wildly,-1.7780915628762273e-17
vampires,-1.7780915628762273e-17
leads is,-1.7780915628762273e-17
bitter,-1.7780915628762273e-17
breslin,-1.7780915628762273e-17
the dialogue is,-1.7780915628762273e-17
adaptation of shakespeare,-1.7780915628762273e-17
its faithful adaptation,-1.7997756063259374e-17
its faithful,-1.7997756063259374e-17
birth,-1.7997756063259374e-17
is suitable,-1.7997756063259374e-17
pacing is slow,-1.7997756063259374e-17
and fun,-1.8106176280507924e-17
entertaining comedy,-1.8133281334820062e-17
and entertaining comedy,-1.8133281334820062e-17
film some,-1.8214596497756474e-17
horror comedy,-1.8214596497756474e-17
1990s,-1.8214596497756474e-17
history the film,-1.8214596497756474e-17
of oz,-1.8214596497756474e-17
harmless,-1.8214596497756474e-17
also note,-1.8214596497756474e-17
of three,-1.8214596497756474e-17
is drama that,-1.8214596497756474e-17
unique approach to,-1.8214596497756474e-17
as classic,-1.8214596497756474e-17
of teen,-1.8214596497756474e-17
and one of,-1.8214596497756474e-17
it unfavorably to,-1.8214596497756474e-17
creation,-1.8214596497756474e-17
is well crafted,-1.8214596497756474e-17
it unfavorably,-1.8214596497756474e-17
for their,-1.8214596497756474e-17
grey,-1.8214596497756474e-17
relies on,-1.8214596497756474e-17
generally positive with,-1.8214596497756474e-17
performance and,-1.8214596497756474e-17
editing,-1.8214596497756474e-17
pacing is,-1.8214596497756474e-17
scenes and,-1.8214596497756474e-17
play and,-1.8214596497756474e-17
private,-1.8323016715005025e-17
acting some,-1.8431436932253575e-17
and their struggles,-1.8431436932253575e-17
plot may,-1.8431436932253575e-17
tone to be,-1.8431436932253575e-17
is poorly made,-1.8431436932253575e-17
science fiction thriller,-1.848564704087785e-17
fiction thriller,-1.848564704087785e-17
am,-1.8539857149502126e-17
film entertainment value,-1.854832747897467e-17
the film entertainment,-1.854832747897467e-17
film entertainment,-1.854832747897467e-17
documentary film the,-1.862117231243854e-17
period the,-1.8648277366750676e-17
on horror,-1.8648277366750676e-17
film performances particularly,-1.8648277366750676e-17
tense,-1.8648277366750676e-17
relies heavily,-1.8648277366750676e-17
favorably to,-1.8648277366750676e-17
favorably,-1.8648277366750676e-17
is considered disappointing,-1.8648277366750676e-17
relies heavily on,-1.8648277366750676e-17
standout performance from,-1.8648277366750676e-17
dog,-1.865505363032871e-17
horror while,-1.870248747537495e-17
that combines,-1.870248747537495e-17
horror while others,-1.870248747537495e-17
chan,-1.870248747537495e-17
they agree,-1.8865117801247777e-17
humor the film,-1.8865117801247777e-17
they agree that,-1.8865117801247777e-17
the comedy,-1.8865117801247777e-17
competent,-1.8973538018496328e-17
some praise its,-1.9081958235744878e-17
others finding,-1.9081958235744878e-17
title,-1.9081958235744878e-17
quality,-1.9081958235744878e-17
that fails to,-1.9081958235744878e-17
twists and,-1.9081958235744878e-17
attempts to explore,-1.9081958235744878e-17
might,-1.9081958235744878e-17
its formulaic,-1.9081958235744878e-17
for being too,-1.9081958235744878e-17
who deliver,-1.9081958235744878e-17
compared to its,-1.9081958235744878e-17
poor production values,-1.9081958235744878e-17
subtle,-1.9081958235744878e-17
of the given,-1.9081958235744878e-17
nuance and,-1.9081958235744878e-17
suspense and,-1.9081958235744878e-17
popularity,-1.9081958235744878e-17
and others finding,-1.9081958235744878e-17
the summary,-1.9081958235744878e-17
movie is known,-1.9081958235744878e-17
the summary of,-1.9081958235744878e-17
to create sense,-1.9081958235744878e-17
movie with,-1.9081958235744878e-17
young actors,-1.9081958235744878e-17
film in the,-1.9081958235744878e-17
and clichéd,-1.9081958235744878e-17
its raw,-1.9081958235744878e-17
summary of the,-1.9081958235744878e-17
of money,-1.9081958235744878e-17
kim,-1.9081958235744878e-17
length,-1.9081958235744878e-17
waste,-1.9081958235744878e-17
to capture the,-1.9081958235744878e-17
action movie with,-1.9081958235744878e-17
animated film,-1.9081958235744878e-17
summary of,-1.9081958235744878e-17
its cast,-1.9081958235744878e-17
summary,-1.9081958235744878e-17
of female,-1.9081958235744878e-17
features talented cast,-1.9081958235744878e-17
and the chemistry,-1.9081958235744878e-17
unfunny and,-1.9081958235744878e-17
it explores themes,-1.9081958235744878e-17
and directed,-1.9081958235744878e-17
dragon,-1.9081958235744878e-17
text is that,-1.9081958235744878e-17
genesis,-1.9136168344369153e-17
of genesis,-1.9136168344369153e-17
lady jaye,-1.9136168344369153e-17
jaye,-1.9136168344369153e-17
oliver,-1.9158191200997765e-17
competent but,-1.919037845299343e-17
overly long,-1.929879867024198e-17
clichés and,-1.929879867024198e-17
footage and,-1.929879867024198e-17
originality and ability,-1.951563910473908e-17
potential despite,-1.951563910473908e-17
lack of imagination,-1.951563910473908e-17
honest,-1.951563910473908e-17
of imagination,-1.951563910473908e-17
and unconvincing,-1.951563910473908e-17
business of,-1.951563910473908e-17
and the film,-1.951563910473908e-17
sided,-1.973247953923618e-17
cynicism,-1.973247953923618e-17
it must watch,-1.973247953923618e-17
direction is praised,-1.973247953923618e-17
stern,-1.973247953923618e-17
unremarkable,-1.973247953923618e-17
corporate america,-1.9786689647860456e-17
for revolution,-1.9786689647860456e-17
acting skills,-1.984089975648473e-17
catholic church and,-1.9949319973733282e-17
ellipses,-1.9949319973733282e-17
uninspired,-1.9949319973733282e-17
informative and,-1.9949319973733282e-17
performance however,-1.9949319973733282e-17
filmmaking and,-1.9949319973733282e-17
and intense,-1.9949319973733282e-17
love and,-1.9949319973733282e-17
and affecting,-1.9949319973733282e-17
detailed,-1.9949319973733282e-17
insightful,-1.9949319973733282e-17
modest,-1.9949319973733282e-17
use of sets,-1.9949319973733282e-17
become,-1.9949319973733282e-17
heavily on,-1.9949319973733282e-17
considered cult,-1.9949319973733282e-17
the film energy,-1.9949319973733282e-17
narrative ellipses,-1.9949319973733282e-17
middle aged,-1.9949319973733282e-17
skill,-1.9949319973733282e-17
film energy,-1.9949319973733282e-17
and use,-1.9949319973733282e-17
is considered cult,-1.9949319973733282e-17
middle class,-1.9949319973733282e-17
and use of,-1.9949319973733282e-17
of sets,-1.9949319973733282e-17
but some reviewers,-1.9949319973733282e-17
be entertaining,-2.0052657993298306e-17
to be entertaining,-2.0052657993298306e-17
and must see,-2.0111950299606107e-17
be confusing,-2.0166160408230382e-17
and self indulgent,-2.0166160408230382e-17
film dark and,-2.019326546254252e-17
is directed by,-2.0220370516854658e-17
for failing,-2.0274580625478933e-17
criticized for failing,-2.0274580625478933e-17
as both,-2.0274580625478933e-17
for failing to,-2.0274580625478933e-17
the movie as,-2.0328790734103208e-17
movie as,-2.0328790734103208e-17
storyline and lack,-2.036267205199338e-17
tension the,-2.0383000842727483e-17
god,-2.0383000842727483e-17
its performances particularly,-2.0383000842727483e-17
van damme and,-2.0383000842727483e-17
speed kills,-2.0383000842727483e-17
to connect with,-2.0383000842727483e-17
to connect,-2.0383000842727483e-17
connect with,-2.0383000842727483e-17
an intriguing,-2.0383000842727483e-17
damme and,-2.0383000842727483e-17
kills,-2.0383000842727483e-17
festival,-2.0396553369883552e-17
and poetic,-2.0491421059976034e-17
joe,-2.054563116860031e-17
end,-2.0599841277224584e-17
literary,-2.0599841277224584e-17
for film titled,-2.0599841277224584e-17
color,-2.0599841277224584e-17
provoke,-2.0708261494473135e-17
mention the,-2.0816681711721685e-17
it is criticized,-2.0816681711721685e-17
also criticize the,-2.0816681711721685e-17
ambition and,-2.0816681711721685e-17
return,-2.0816681711721685e-17
school,-2.0816681711721685e-17
of comedy,-2.0816681711721685e-17
culture and the,-2.0816681711721685e-17
the 1995,-2.0816681711721685e-17
also mention the,-2.0816681711721685e-17
known as,-2.0816681711721685e-17
cinematic,-2.0816681711721685e-17
short in,-2.0816681711721685e-17
the two main,-2.0816681711721685e-17
tale,-2.0816681711721685e-17
is predictable and,-2.0816681711721685e-17
ford,-2.0816681711721685e-17
george,-2.0816681711721685e-17
character development and,-2.0816681711721685e-17
work,-2.0816681711721685e-17
criticized with,-2.0816681711721685e-17
of the time,-2.0816681711721685e-17
describe the,-2.0816681711721685e-17
is shot,-2.0816681711721685e-17
and remains,-2.0816681711721685e-17
lighthearted,-2.0816681711721685e-17
jancso,-2.0816681711721685e-17
the horror film,-2.0816681711721685e-17
stunning visuals,-2.0816681711721685e-17
is horror film,-2.0816681711721685e-17
its intelligent,-2.0816681711721685e-17
movie is praised,-2.0816681711721685e-17
also described as,-2.0816681711721685e-17
focus,-2.0816681711721685e-17
and its thought,-2.0816681711721685e-17
collective,-2.0816681711721685e-17
style that,-2.0816681711721685e-17
to other,-2.0816681711721685e-17
also described,-2.0816681711721685e-17
veering between,-2.0816681711721685e-17
plot some reviewers,-2.0816681711721685e-17
excitement,-2.0816681711721685e-17
praised the,-2.0816681711721685e-17
ever made,-2.0816681711721685e-17
violent,-2.0816681711721685e-17
part of the,-2.0816681711721685e-17
unease,-2.0816681711721685e-17
is also described,-2.0816681711721685e-17
purpose,-2.0816681711721685e-17
film but,-2.0816681711721685e-17
and archival footage,-2.0816681711721685e-17
fi,-2.0816681711721685e-17
two main,-2.0816681711721685e-17
falls short in,-2.0816681711721685e-17
others appreciate its,-2.0816681711721685e-17
myers,-2.0925101928970236e-17
benson,-2.0925101928970236e-17
kenneth branagh,-2.1033522146218786e-17
different,-2.1141942363467336e-17
insecurity,-2.1169047417779474e-17
adrien brody,-2.1250362580715887e-17
pointless,-2.1250362580715887e-17
school football,-2.1250362580715887e-17
adrien,-2.1250362580715887e-17
of hollywood,-2.1250362580715887e-17
working,-2.1250362580715887e-17
search,-2.1250362580715887e-17
also mention,-2.1250362580715887e-17
humor but,-2.1250362580715887e-17
father,-2.1250362580715887e-17
they also mention,-2.1250362580715887e-17
wrecked,-2.1250362580715887e-17
performances particularly those,-2.1250362580715887e-17
high school football,-2.1250362580715887e-17
film storytelling,-2.1358782797964437e-17
the film storytelling,-2.1358782797964437e-17
the three,-2.1409604774799695e-17
of cinema,-2.1467203015212988e-17
and underdeveloped characters,-2.1467203015212988e-17
to be lacking,-2.1467203015212988e-17
be lacking,-2.1467203015212988e-17
focused on the,-2.1467203015212988e-17
composer,-2.1639997736452865e-17
bleak and,-2.165693839539795e-17
to be mess,-2.168404344971009e-17
cerebral,-2.168404344971009e-17
insightful portrayal of,-2.168404344971009e-17
be mess with,-2.168404344971009e-17
nekrotronic,-2.168404344971009e-17
admirable,-2.168404344971009e-17
overall the consensus,-2.168404344971009e-17
and visually,-2.168404344971009e-17
insightful portrayal,-2.168404344971009e-17
is highly commended,-2.168404344971009e-17
be suitable,-2.168404344971009e-17
supporting,-2.168404344971009e-17
of the character,-2.168404344971009e-17
visuals and performances,-2.168404344971009e-17
be mess,-2.168404344971009e-17
be suitable for,-2.168404344971009e-17
its originality,-2.168404344971009e-17
jessica,-2.168404344971009e-17
stirring,-2.168404344971009e-17
carol channing,-2.168404344971009e-17
relevant,-2.168404344971009e-17
and insightful portrayal,-2.168404344971009e-17
of police,-2.168404344971009e-17
shallow and,-2.168404344971009e-17
performance as the,-2.168404344971009e-17
themes overall,-2.17653586126465e-17
themes overall the,-2.17653586126465e-17
is praised for,-2.179246366695864e-17
fast paced,-2.190088388420719e-17
fast,-2.190088388420719e-17
lead actors particularly,-2.190088388420719e-17
in depth the,-2.190088388420719e-17
quiet and,-2.190088388420719e-17
resilience of,-2.190088388420719e-17
on clichés and,-2.200930410145574e-17
unique and thought,-2.2036409155767878e-17
island directed by,-2.211772431870429e-17
timeless classic,-2.211772431870429e-17
attention to,-2.211772431870429e-17
fails to live,-2.211772431870429e-17
island directed,-2.211772431870429e-17
budget and,-2.211772431870429e-17
of psychological,-2.211772431870429e-17
1995 film,-2.211772431870429e-17
the freebie,-2.211772431870429e-17
production with,-2.211772431870429e-17
approach is,-2.211772431870429e-17
the 1995 film,-2.211772431870429e-17
remains,-2.211772431870429e-17
for its use,-2.2171934427328566e-17
runtime,-2.222614453595284e-17
as powerful,-2.2280354644577116e-17
portrayal of teenage,-2.233456475320139e-17
that the documentary,-2.233456475320139e-17
performances are generally,-2.233456475320139e-17
of poverty,-2.2375222334669598e-17
kopple,-2.2415879916137804e-17
the quiet,-2.2442984970449942e-17
work of,-2.2442984970449942e-17
and critiques,-2.2551405187698492e-17
and critiques of,-2.2551405187698492e-17
exhilarating,-2.2551405187698492e-17
heart the,-2.2551405187698492e-17
and inspiring,-2.2551405187698492e-17
emotional and,-2.2551405187698492e-17
career of,-2.2551405187698492e-17
flaws the film,-2.2551405187698492e-17
storytelling and,-2.2551405187698492e-17
traditional,-2.2551405187698492e-17
to become,-2.2551405187698492e-17
action adventure,-2.2551405187698492e-17
blend of action,-2.2551405187698492e-17
maintain,-2.2551405187698492e-17
critiques of,-2.2551405187698492e-17
talented cast including,-2.2551405187698492e-17
everyone,-2.2551405187698492e-17
sensitive and,-2.2551405187698492e-17
viewers may,-2.2551405187698492e-17
also been criticized,-2.2551405187698492e-17
of the documentary,-2.2551405187698492e-17
some viewers may,-2.2551405187698492e-17
is powerful,-2.2551405187698492e-17
cast of,-2.2551405187698492e-17
sets,-2.2551405187698492e-17
conventional approach,-2.2551405187698492e-17
the 1970s,-2.2551405187698492e-17
of satirical,-2.2551405187698492e-17
falls short,-2.2551405187698492e-17
it tells the,-2.2551405187698492e-17
reviewers also,-2.2551405187698492e-17
with some reviewers,-2.2551405187698492e-17
reviews and critiques,-2.2551405187698492e-17
overreliance on,-2.2551405187698492e-17
1980,-2.2551405187698492e-17
film special,-2.2551405187698492e-17
being more,-2.2551405187698492e-17
issues and,-2.2551405187698492e-17
overreliance,-2.2551405187698492e-17
the film special,-2.2551405187698492e-17
reviews with some,-2.2551405187698492e-17
it showcases,-2.2551405187698492e-17
manipulative,-2.2551405187698492e-17
with low,-2.2659825404947043e-17
are generally,-2.268269529452291e-17
also praised however,-2.2768245622195593e-17
the french new,-2.2768245622195593e-17
unique and captivating,-2.2768245622195593e-17
movie is often,-2.2768245622195593e-17
new wave,-2.2768245622195593e-17
legend,-2.2985086056692694e-17
twist,-2.2985086056692694e-17
struggle for,-2.2985086056692694e-17
commercialization of female,-2.2985086056692694e-17
commercialization of,-2.2985086056692694e-17
commercialization,-2.2985086056692694e-17
deliver compelling story,-2.2985086056692694e-17
plot lack of,-2.3093506273941244e-17
lean,-2.3093506273941244e-17
plot lack,-2.3093506273941244e-17
storytelling is,-2.3093506273941244e-17
uneven but,-2.316126890972159e-17
is overly,-2.3201926491189795e-17
of the lead,-2.3201926491189795e-17
intellectually,-2.3201926491189795e-17
stoppard,-2.3201926491189795e-17
civil,-2.3229031545501932e-17
peoples,-2.3337451762750483e-17
debate,-2.3418766925686896e-17
conflicts,-2.3418766925686896e-17
the past,-2.3418766925686896e-17
of politics,-2.3418766925686896e-17
to engage,-2.3418766925686896e-17
budget is,-2.3418766925686896e-17
donnie yen,-2.3418766925686896e-17
resilience and,-2.3418766925686896e-17
patrick,-2.3418766925686896e-17
identity,-2.3418766925686896e-17
1983,-2.3418766925686896e-17
quotes also,-2.3418766925686896e-17
its impact,-2.3418766925686896e-17
steve,-2.3418766925686896e-17
highlighted as strengths,-2.3418766925686896e-17
its acting,-2.3418766925686896e-17
it memorable,-2.3418766925686896e-17
strengths however,-2.3418766925686896e-17
questions,-2.3418766925686896e-17
it is powerful,-2.3418766925686896e-17
by david lean,-2.3418766925686896e-17
bag with,-2.3418766925686896e-17
it memorable and,-2.3418766925686896e-17
and death,-2.3418766925686896e-17
the struggles,-2.3418766925686896e-17
david lean,-2.3418766925686896e-17
for its acting,-2.3418766925686896e-17
themes and its,-2.3418766925686896e-17
donnie,-2.3418766925686896e-17
the quotes also,-2.3418766925686896e-17
commended for their,-2.3418766925686896e-17
candid,-2.3418766925686896e-17
captivating and,-2.3418766925686896e-17
effects particularly,-2.3418766925686896e-17
as strengths however,-2.3418766925686896e-17
is flawed,-2.3418766925686896e-17
style while,-2.3418766925686896e-17
grief and,-2.3418766925686896e-17
clichéd plot,-2.3527187142935446e-17
authentic and,-2.3527187142935446e-17
review notes,-2.3635607360183997e-17
review notes that,-2.3635607360183997e-17
the review notes,-2.3635607360183997e-17
and moral,-2.3635607360183997e-17
music but,-2.3635607360183997e-17
is moving and,-2.3635607360183997e-17
plot however,-2.3635607360183997e-17
notes that the,-2.3635607360183997e-17
and associates,-2.3689817468808272e-17
marriage and,-2.3689817468808272e-17
polanski,-2.3852447794681098e-17
who brings depth,-2.3852447794681098e-17
also known as,-2.3852447794681098e-17
comedy drama,-2.3852447794681098e-17
act the,-2.3852447794681098e-17
boring,-2.3852447794681098e-17
appeal to some,-2.3967644275507682e-17
often considered,-2.4015078120553923e-17
performances many,-2.4069288229178198e-17
the film campy,-2.4069288229178198e-17
and unease,-2.4069288229178198e-17
performances many reviewers,-2.4069288229178198e-17
film campy,-2.4069288229178198e-17
fun and entertaining,-2.4069288229178198e-17
with too much,-2.4123498337802474e-17
are still,-2.417770844642675e-17
delve,-2.417770844642675e-17
money,-2.4204813500738886e-17
well and,-2.4231918555051024e-17
predominantly negative,-2.42861286636753e-17
together,-2.42861286636753e-17
second half,-2.42861286636753e-17
standoff,-2.42861286636753e-17
also note that,-2.42861286636753e-17
unfortunate,-2.42861286636753e-17
some critics appreciate,-2.42861286636753e-17
has received predominantly,-2.42861286636753e-17
predominantly negative reviews,-2.42861286636753e-17
and pathos,-2.42861286636753e-17
sports,-2.42861286636753e-17
to storytelling the,-2.42861286636753e-17
uneven pacing,-2.42861286636753e-17
film ending,-2.42861286636753e-17
focusing on the,-2.42861286636753e-17
vision and,-2.42861286636753e-17
showcasing their,-2.42861286636753e-17
somewhat,-2.42861286636753e-17
fine,-2.42861286636753e-17
provides,-2.42861286636753e-17
shot,-2.42861286636753e-17
work the film,-2.42861286636753e-17
moviemaking,-2.42861286636753e-17
matthau,-2.42861286636753e-17
horror film directed,-2.42861286636753e-17
with some critics,-2.42861286636753e-17
his role,-2.42861286636753e-17
dead fred,-2.42861286636753e-17
disappointing watch,-2.42861286636753e-17
development,-2.42861286636753e-17
often compared,-2.42861286636753e-17
debut the,-2.42861286636753e-17
positive aspects,-2.42861286636753e-17
it for lacking,-2.42861286636753e-17
decent,-2.42861286636753e-17
film exploration,-2.42861286636753e-17
film exploration of,-2.42861286636753e-17
thriller the,-2.42861286636753e-17
which is considered,-2.42861286636753e-17
player,-2.42861286636753e-17
reviews of the,-2.42861286636753e-17
familiar,-2.42861286636753e-17
account,-2.42861286636753e-17
film featuring,-2.42861286636753e-17
account of,-2.42861286636753e-17
brad,-2.42861286636753e-17
boxing,-2.42861286636753e-17
depth the,-2.42861286636753e-17
the film exploration,-2.42861286636753e-17
received predominantly,-2.42861286636753e-17
received predominantly negative,-2.42861286636753e-17
fear,-2.42861286636753e-17
it has been,-2.42861286636753e-17
the movie drop,-2.42861286636753e-17
often compared to,-2.42861286636753e-17
for its ability,-2.42861286636753e-17
tradition,-2.42861286636753e-17
field,-2.42861286636753e-17
the pacing is,-2.42861286636753e-17
violence the,-2.42861286636753e-17
musicians,-2.42861286636753e-17
documentary is described,-2.42861286636753e-17
is often compared,-2.42861286636753e-17
mystery,-2.42861286636753e-17
while it lacks,-2.4340338772299575e-17
considered masterpiece,-2.45029690981724e-17
powerful and poignant,-2.45029690981724e-17
meandering and,-2.45029690981724e-17
is considered masterpiece,-2.45029690981724e-17
but the direction,-2.45029690981724e-17
tv movie,-2.45029690981724e-17
underwhelming,-2.4557179206796675e-17
lacking in subtlety,-2.4597836788264882e-17
relationships some reviewers,-2.4652046896889157e-17
relationships some,-2.4652046896889157e-17
film is unique,-2.47198095326695e-17
david oyelowo,-2.47198095326695e-17
and honest portrayal,-2.47198095326695e-17
invasion,-2.47198095326695e-17
elements including,-2.47198095326695e-17
the documentary also,-2.47198095326695e-17
ability to bring,-2.47198095326695e-17
documentary also,-2.47198095326695e-17
family struggles,-2.47198095326695e-17
is quirky and,-2.47198095326695e-17
experience of,-2.47198095326695e-17
by kenneth,-2.482822974991805e-17
directed by kenneth,-2.482822974991805e-17
the film performances,-2.4936649967166602e-17
its entertaining,-2.4936649967166602e-17
film performances,-2.4936649967166602e-17
australian,-2.5153490401663703e-17
leads particularly,-2.5153490401663703e-17
horror genre,-2.5153490401663703e-17
study of,-2.5153490401663703e-17
my life,-2.5153490401663703e-17
as good,-2.5153490401663703e-17
harlan ellison,-2.5153490401663703e-17
imagination,-2.5153490401663703e-17
cleverness,-2.5153490401663703e-17
with sharp teeth,-2.5153490401663703e-17
be normal,-2.5153490401663703e-17
tone but,-2.5153490401663703e-17
mad to,-2.5153490401663703e-17
convincing,-2.5153490401663703e-17
its originality and,-2.5153490401663703e-17
mad to be,-2.5153490401663703e-17
narrative progression,-2.5153490401663703e-17
harlan,-2.5153490401663703e-17
unconvincing and,-2.5153490401663703e-17
life on the,-2.5153490401663703e-17
criticizing,-2.5153490401663703e-17
disaster,-2.5153490401663703e-17
life on,-2.5153490401663703e-17
witty dialogue,-2.5153490401663703e-17
of jewish,-2.5167042928819772e-17
film length,-2.5370330836160804e-17
the film length,-2.5370330836160804e-17
enjoyable watch,-2.5478751053409354e-17
class family,-2.553296116203363e-17
and poorly made,-2.5587171270657905e-17
film paper,-2.5587171270657905e-17
plot is predictable,-2.5587171270657905e-17
bounty,-2.5587171270657905e-17
fi thriller,-2.5587171270657905e-17
by peter bogdanovich,-2.5587171270657905e-17
sci fi thriller,-2.5587171270657905e-17
engaging film,-2.5587171270657905e-17
paper moon,-2.5587171270657905e-17
paper moon directed,-2.5587171270657905e-17
film paper moon,-2.5587171270657905e-17
comedian,-2.5587171270657905e-17
peter bogdanovich,-2.5587171270657905e-17
fact,-2.5587171270657905e-17
overall it is,-2.5587171270657905e-17
murky,-2.5587171270657905e-17
the famous,-2.5587171270657905e-17
billy,-2.5587171270657905e-17
the vault,-2.5587171270657905e-17
gooding,-2.564138137928218e-17
gooding jr,-2.564138137928218e-17
introspective,-2.5695591487906455e-17
yen,-2.5695591487906455e-17
claude,-2.5695591487906455e-17
also note the,-2.5729472805796627e-17
success,-2.5759965991897782e-17
the execution is,-2.5804011705155006e-17
impactful,-2.5804011705155006e-17
old man,-2.5804011705155006e-17
masterpiece of,-2.5804011705155006e-17
working class,-2.585822181377928e-17
content and,-2.585822181377928e-17
storytelling some reviewers,-2.5912431922403556e-17
and intimate portrayal,-2.5912431922403556e-17
storytelling some,-2.5912431922403556e-17
the two,-2.6020852139652106e-17
grumpy old,-2.6020852139652106e-17
conflict and,-2.6020852139652106e-17
is reminiscent,-2.6020852139652106e-17
and authenticity,-2.6020852139652106e-17
for relying on,-2.6020852139652106e-17
viewers but overall,-2.6020852139652106e-17
the film structure,-2.6020852139652106e-17
golem,-2.6020852139652106e-17
grumpy old men,-2.6020852139652106e-17
is reminiscent of,-2.6020852139652106e-17
french,-2.6020852139652106e-17
grumpy,-2.6020852139652106e-17
thriller about,-2.6020852139652106e-17
being particularly,-2.6020852139652106e-17
generally considered,-2.6020852139652106e-17
film structure,-2.6020852139652106e-17
viewers but,-2.6020852139652106e-17
talky,-2.6020852139652106e-17
ai weiwei,-2.6020852139652106e-17
and personal,-2.6020852139652106e-17
realities of,-2.6020852139652106e-17
the majority,-2.6020852139652106e-17
sharp teeth,-2.6020852139652106e-17
teeth,-2.6020852139652106e-17
side,-2.6020852139652106e-17
majority,-2.6020852139652106e-17
1996,-2.6020852139652106e-17
surprise,-2.6020852139652106e-17
seen as both,-2.6020852139652106e-17
peep,-2.6020852139652106e-17
peep world,-2.6020852139652106e-17
christopher,-2.6020852139652106e-17
provides an,-2.6020852139652106e-17
of social,-2.6020852139652106e-17
the south,-2.6020852139652106e-17
side of,-2.6020852139652106e-17
psychological drama,-2.6020852139652106e-17
critics appreciate the,-2.6020852139652106e-17
tone the,-2.6020852139652106e-17
praise the movie,-2.6020852139652106e-17
and underwhelming,-2.6183482465524932e-17
all american,-2.6352889054975792e-17
the stage,-2.6400322900022033e-17
wiest,-2.6454533008646308e-17
positive praising its,-2.6454533008646308e-17
matthew,-2.6454533008646308e-17
five nights,-2.6454533008646308e-17
and lady,-2.6454533008646308e-17
love letter,-2.6454533008646308e-17
iconic,-2.6454533008646308e-17
and dianne,-2.6454533008646308e-17
and dianne wiest,-2.6454533008646308e-17
nights in,-2.6454533008646308e-17
documentary directed,-2.6454533008646308e-17
dianne,-2.6454533008646308e-17
dianne wiest,-2.6454533008646308e-17
the love letter,-2.6454533008646308e-17
dull and,-2.6454533008646308e-17
oyelowo and,-2.6454533008646308e-17
engaging characters,-2.6454533008646308e-17
struggling to,-2.6454533008646308e-17
david oyelowo and,-2.6454533008646308e-17
maine,-2.6454533008646308e-17
oyelowo and dianne,-2.6454533008646308e-17
documentary directed by,-2.6454533008646308e-17
nights in maine,-2.6454533008646308e-17
is documentary directed,-2.6454533008646308e-17
and lady jaye,-2.6454533008646308e-17
plot development,-2.6454533008646308e-17
five nights in,-2.6454533008646308e-17
studio,-2.6454533008646308e-17
directed by steven,-2.656295322589486e-17
by steven,-2.656295322589486e-17
thought provoking exploration,-2.6617163334519134e-17
provoking exploration,-2.6617163334519134e-17
provoking exploration of,-2.6617163334519134e-17
is flawed but,-2.667137344314341e-17
the creative process,-2.667137344314341e-17
also praised with,-2.667137344314341e-17
personal life,-2.667137344314341e-17
and challenges,-2.6725583551767684e-17
the movie use,-2.677979366039196e-17
spectacle,-2.677979366039196e-17
handed approach to,-2.6834003769016235e-17
with some calling,-2.688821387764051e-17
of violence and,-2.688821387764051e-17
the film ability,-2.688821387764051e-17
failed,-2.688821387764051e-17
of these,-2.688821387764051e-17
eddie murphy,-2.688821387764051e-17
the film ending,-2.688821387764051e-17
beautifully shot and,-2.688821387764051e-17
the film powerful,-2.688821387764051e-17
genres,-2.688821387764051e-17
praised however some,-2.688821387764051e-17
missed opportunity,-2.688821387764051e-17
its unique and,-2.688821387764051e-17
written and,-2.688821387764051e-17
precious,-2.688821387764051e-17
the characters actions,-2.688821387764051e-17
movie that explores,-2.688821387764051e-17
film powerful,-2.688821387764051e-17
actions are,-2.688821387764051e-17
remain,-2.688821387764051e-17
old and new,-2.688821387764051e-17
shot and,-2.688821387764051e-17
the edge,-2.688821387764051e-17
character development the,-2.688821387764051e-17
film ability to,-2.688821387764051e-17
film ability,-2.688821387764051e-17
some calling,-2.688821387764051e-17
old and,-2.688821387764051e-17
and big,-2.688821387764051e-17
emotions,-2.688821387764051e-17
film for lacking,-2.688821387764051e-17
characters actions,-2.688821387764051e-17
characters actions are,-2.688821387764051e-17
pettyfer,-2.699663409488906e-17
of atmosphere and,-2.699663409488906e-17
lack of social,-2.710505431213761e-17
on group of,-2.710505431213761e-17
sound design,-2.710505431213761e-17
on group,-2.710505431213761e-17
director the,-2.721347452938616e-17
japanese,-2.7294789692322574e-17
league,-2.7321894746634712e-17
hawks,-2.7321894746634712e-17
aberdeen,-2.7321894746634712e-17
crass,-2.7321894746634712e-17
it favorably,-2.7321894746634712e-17
it favorably to,-2.7321894746634712e-17
stories of,-2.7321894746634712e-17
to his,-2.7321894746634712e-17
tough,-2.7321894746634712e-17
clumsy,-2.7321894746634712e-17
is lighthearted,-2.7538735181131813e-17
eye opening,-2.7538735181131813e-17
wasted,-2.7592945289756088e-17
to some,-2.7606497816912157e-17
act is,-2.7620050344068225e-17
of classic,-2.7755575615628914e-17
channing,-2.7755575615628914e-17
text,-2.7755575615628914e-17
viewing,-2.7755575615628914e-17
commentary are,-2.7755575615628914e-17
staging,-2.7755575615628914e-17
unique perspective on,-2.7755575615628914e-17
who brings,-2.7755575615628914e-17
climate,-2.7755575615628914e-17
received with,-2.7755575615628914e-17
starring,-2.7755575615628914e-17
alien invasion,-2.7755575615628914e-17
thrilling,-2.7755575615628914e-17
well explored,-2.7755575615628914e-17
well received with,-2.7755575615628914e-17
offer,-2.7755575615628914e-17
play by,-2.7755575615628914e-17
undead,-2.7755575615628914e-17
film has received,-2.7755575615628914e-17
dan,-2.7755575615628914e-17
the chemistry between,-2.7755575615628914e-17
for fans,-2.7755575615628914e-17
made by,-2.7755575615628914e-17
the documentary the,-2.7755575615628914e-17
spirited,-2.7755575615628914e-17
praised but the,-2.7755575615628914e-17
live in,-2.7755575615628914e-17
prodigal,-2.7755575615628914e-17
reminiscent of the,-2.7755575615628914e-17
directorial,-2.7755575615628914e-17
predictable,-2.7755575615628914e-17
beautiful,-2.7755575615628914e-17
panned with,-2.7755575615628914e-17
cooper,-2.7755575615628914e-17
shock value,-2.7755575615628914e-17
are also seen,-2.7755575615628914e-17
provides unique perspective,-2.7755575615628914e-17
are well explored,-2.7755575615628914e-17
slack,-2.7755575615628914e-17
tone is overwhelmingly,-2.7755575615628914e-17
inventiveness and,-2.7755575615628914e-17
connect,-2.7755575615628914e-17
overall tone is,-2.7755575615628914e-17
slasher,-2.7755575615628914e-17
its dark,-2.7755575615628914e-17
have criticized it,-2.7755575615628914e-17
series,-2.7755575615628914e-17
values the,-2.7755575615628914e-17
the history,-2.7755575615628914e-17
crime,-2.7755575615628914e-17
price,-2.7755575615628914e-17
driven,-2.7755575615628914e-17
also panned with,-2.7755575615628914e-17
garland,-2.7863995832877464e-17
film entertaining and,-2.7863995832877464e-17
king and,-2.7972416050126014e-17
the direction,-2.8189256484623115e-17
have also pointed,-2.8189256484623115e-17
female sexuality,-2.8189256484623115e-17
that combines elements,-2.8189256484623115e-17
sets and,-2.8189256484623115e-17
fitzgerald,-2.8189256484623115e-17
of dark humor,-2.8189256484623115e-17
great gatsby,-2.8189256484623115e-17
combines elements of,-2.8189256484623115e-17
combines elements,-2.8189256484623115e-17
gatsby,-2.8189256484623115e-17
named pearl,-2.8189256484623115e-17
james franco,-2.8189256484623115e-17
and that,-2.8189256484623115e-17
the great gatsby,-2.8189256484623115e-17
pearl fryar,-2.8189256484623115e-17
man named pearl,-2.8189256484623115e-17
its execution the,-2.8189256484623115e-17
watch while,-2.862293735361732e-17
its moments the,-2.862293735361732e-17
others think it,-2.862293735361732e-17
shannon,-2.862293735361732e-17
for not,-2.862293735361732e-17
it is known,-2.862293735361732e-17
appears,-2.862293735361732e-17
the movie madison,-2.862293735361732e-17
speed,-2.862293735361732e-17
direction and cinematography,-2.862293735361732e-17
fascinating look at,-2.862293735361732e-17
fascinating look,-2.862293735361732e-17
animated,-2.862293735361732e-17
but the plot,-2.862293735361732e-17
and entertainment,-2.862293735361732e-17
and entertainment value,-2.862293735361732e-17
holiday,-2.862293735361732e-17
and horror elements,-2.862293735361732e-17
think it,-2.862293735361732e-17
with some scenes,-2.862293735361732e-17
film is fun,-2.862293735361732e-17
others think,-2.862293735361732e-17
atm,-2.862293735361732e-17
eddie,-2.862293735361732e-17
love in,-2.862293735361732e-17
some scenes,-2.862293735361732e-17
and overly reliant,-2.862293735361732e-17
its potential despite,-2.8650042407929455e-17
they note,-2.873135757086587e-17
island,-2.873135757086587e-17
they note that,-2.873135757086587e-17
nobody,-2.883977778811442e-17
nobody else,-2.883977778811442e-17
but you,-2.883977778811442e-17
nobody else but,-2.883977778811442e-17
found the movie,-2.883977778811442e-17
biased,-2.905661822261152e-17
biopic about,-2.905661822261152e-17
despite these flaws,-2.905661822261152e-17
of suspense,-2.905661822261152e-17
overwhelmingly positive praising,-2.905661822261152e-17
football,-2.905661822261152e-17
these flaws the,-2.905661822261152e-17
these flaws,-2.905661822261152e-17
of male,-2.905661822261152e-17
film that captures,-2.905661822261152e-17
italian,-2.916503843986007e-17
intellectual,-2.9219248548484344e-17
raises,-2.927345865710862e-17
ballad,-2.927345865710862e-17
the ballad of,-2.927345865710862e-17
the ballad,-2.927345865710862e-17
roman polanski,-2.927345865710862e-17
ballad of,-2.927345865710862e-17
the surrogate,-2.93683263472011e-17
physical,-2.949029909160572e-17
noted as,-2.949029909160572e-17
many reviewers note,-2.949029909160572e-17
also touches,-2.949029909160572e-17
the special,-2.949029909160572e-17
also touches on,-2.949029909160572e-17
aspects,-2.949029909160572e-17
wide,-2.949029909160572e-17
unique and fascinating,-2.949029909160572e-17
engaging the,-2.949029909160572e-17
the rise,-2.949029909160572e-17
dedication,-2.949029909160572e-17
execution is,-2.949029909160572e-17
woman who,-2.949029909160572e-17
derivative,-2.949029909160572e-17
ordinary,-2.949029909160572e-17
movie themes,-2.949029909160572e-17
its subtle,-2.949029909160572e-17
movie to,-2.949029909160572e-17
wide range of,-2.949029909160572e-17
some positive aspects,-2.949029909160572e-17
to live,-2.949029909160572e-17
and poorly executed,-2.949029909160572e-17
bravery and,-2.949029909160572e-17
genius,-2.949029909160572e-17
its excessive,-2.949029909160572e-17
informative,-2.949029909160572e-17
the movie themes,-2.949029909160572e-17
the movie to,-2.949029909160572e-17
balanced,-2.949029909160572e-17
critiques of the,-2.949029909160572e-17
tragic,-2.949029909160572e-17
wide range,-2.949029909160572e-17
gaps,-2.949029909160572e-17
drawback,-2.949029909160572e-17
creative process,-2.949029909160572e-17
the 1984 film,-2.959871930885427e-17
1984 film,-2.959871930885427e-17
of genesis and,-2.959871930885427e-17
the 1984,-2.959871930885427e-17
genesis and,-2.959871930885427e-17
genesis and lady,-2.959871930885427e-17
ballad of genesis,-2.959871930885427e-17
anecdotes,-2.9680034471790684e-17
fred,-2.992397996059992e-17
to make the,-2.992397996059992e-17
and charming,-2.992397996059992e-17
reviewers also comment,-2.992397996059992e-17
also comment on,-2.992397996059992e-17
but falls short,-2.992397996059992e-17
but falls,-2.992397996059992e-17
too long,-2.992397996059992e-17
refreshing,-2.992397996059992e-17
is compelling,-2.992397996059992e-17
are noted as,-2.992397996059992e-17
clips,-2.992397996059992e-17
directed by peter,-2.992397996059992e-17
also comment,-2.992397996059992e-17
the last,-3.0140820395097023e-17
film is known,-3.0140820395097023e-17
and focus,-3.0140820395097023e-17
the film originality,-3.0301333138601713e-17
film originality,-3.0301333138601713e-17
allen,-3.0357660829594124e-17
of various,-3.0357660829594124e-17
1981 film,-3.0357660829594124e-17
of the actors,-3.0357660829594124e-17
reviewers call,-3.0357660829594124e-17
some reviewers call,-3.0357660829594124e-17
the movement,-3.0357660829594124e-17
struggling,-3.0357660829594124e-17
is inconsistent,-3.0357660829594124e-17
and resilience,-3.0357660829594124e-17
horror elements,-3.0357660829594124e-17
reviewers call it,-3.0357660829594124e-17
garden,-3.0357660829594124e-17
outstanding,-3.0357660829594124e-17
the horror genre,-3.0357660829594124e-17
performance is praised,-3.0357660829594124e-17
enjoyable the,-3.0357660829594124e-17
call it,-3.0357660829594124e-17
tone which,-3.043897599253054e-17
depth and originality,-3.054739620977909e-17
the struggles of,-3.0574501264091225e-17
struggles of,-3.0574501264091225e-17
plot may be,-3.0574501264091225e-17
directed by tsui,-3.060795906550777e-17
tsui hark,-3.060795906550777e-17
tsui,-3.060795906550777e-17
also pointed out,-3.0791341698588326e-17
of corporate,-3.0791341698588326e-17
is slow and,-3.0791341698588326e-17
painting,-3.0791341698588326e-17
also pointed,-3.0791341698588326e-17
the ending,-3.0791341698588326e-17
scope,-3.08455518072126e-17
for the 1995,-3.0865880597946704e-17
boogie,-3.1008182133085427e-17
is successful adaptation,-3.1008182133085427e-17
is successful,-3.1008182133085427e-17
and those interested,-3.1008182133085427e-17
example of the,-3.111660235033398e-17
the direction is,-3.122502256758253e-17
and unremarkable,-3.122502256758253e-17
film while,-3.122502256758253e-17
film aims to,-3.122502256758253e-17
film aims,-3.122502256758253e-17
full of,-3.122502256758253e-17
reviews with,-3.122502256758253e-17
are generally praised,-3.122502256758253e-17
the first,-3.122502256758253e-17
movie explores,-3.122502256758253e-17
performances of its,-3.122502256758253e-17
the life and,-3.122502256758253e-17
ii the,-3.122502256758253e-17
of character development,-3.122502256758253e-17
overwhelmingly,-3.122502256758253e-17
thought provoking experience,-3.122502256758253e-17
rogers,-3.122502256758253e-17
the film aims,-3.122502256758253e-17
are praised with,-3.122502256758253e-17
scattered,-3.122502256758253e-17
the movie explores,-3.122502256758253e-17
features interviews,-3.122502256758253e-17
features interviews with,-3.122502256758253e-17
burstyn,-3.122502256758253e-17
humor and the,-3.122502256758253e-17
the chemistry,-3.122502256758253e-17
provoking experience,-3.122502256758253e-17
simple and,-3.122502256758253e-17
about the documentary,-3.122502256758253e-17
with powerful,-3.122502256758253e-17
highlighting,-3.122502256758253e-17
critics note,-3.122502256758253e-17
scorsese,-3.122502256758253e-17
environment,-3.122502256758253e-17
lacking depth,-3.122502256758253e-17
for its unique,-3.122502256758253e-17
on crude humor,-3.1265680149050734e-17
film is an,-3.12792326762068e-17
involved in,-3.133344278483108e-17
of wilson and,-3.133344278483108e-17
wilson and,-3.133344278483108e-17
corruption and,-3.144186300207963e-17
many reviewers praising,-3.144186300207963e-17
society the,-3.144186300207963e-17
struggles the,-3.144186300207963e-17
of high school,-3.155028321932818e-17
great,-3.165870343657673e-17
on the characters,-3.165870343657673e-17
and innovative,-3.165870343657673e-17
between the lead,-3.165870343657673e-17
to be predictable,-3.165870343657673e-17
the personalities,-3.165870343657673e-17
movie themes of,-3.165870343657673e-17
the reviewers describe,-3.165870343657673e-17
sean,-3.165870343657673e-17
romantic comedy with,-3.165870343657673e-17
actors particularly,-3.168580849088887e-17
crude humor,-3.172207208894319e-17
touching,-3.187554387107383e-17
drama film,-3.198396408832238e-17
cop movie,-3.209238430557093e-17
it is seen,-3.209238430557093e-17
putting,-3.209238430557093e-17
and is praised,-3.209238430557093e-17
lethal,-3.209238430557093e-17
los angeles,-3.209238430557093e-17
overall it,-3.209238430557093e-17
marriage,-3.209238430557093e-17
preservation,-3.209238430557093e-17
about documentary,-3.209238430557093e-17
positive praising the,-3.209238430557093e-17
the beales and,-3.209238430557093e-17
off putting,-3.209238430557093e-17
suffers,-3.209238430557093e-17
the film some,-3.209238430557093e-17
los,-3.209238430557093e-17
beales and their,-3.209238430557093e-17
praise the performances,-3.209238430557093e-17
beales and,-3.209238430557093e-17
the artist,-3.209238430557093e-17
angeles,-3.209238430557093e-17
suffers from,-3.209238430557093e-17
the 1953 expedition,-3.220080452281948e-17
beyond the edge,-3.220080452281948e-17
the expedition,-3.220080452281948e-17
reviewers noted that,-3.228889594933393e-17
reviewers noted,-3.228889594933393e-17
few reviewers noted,-3.228889594933393e-17
and redemption,-3.230922474006803e-17
the pursuit of,-3.230922474006803e-17
the pursuit,-3.230922474006803e-17
and the pursuit,-3.230922474006803e-17
many praising the,-3.230922474006803e-17
of sound,-3.230922474006803e-17
death is,-3.241764495731658e-17
the complexities and,-3.247185506594086e-17
by fritz,-3.252606517456513e-17
its storytelling,-3.252606517456513e-17
lack of emotional,-3.252606517456513e-17
angst,-3.252606517456513e-17
the performances by,-3.252606517456513e-17
intelligent and,-3.252606517456513e-17
economic,-3.252606517456513e-17
martial arts,-3.252606517456513e-17
directed by fritz,-3.252606517456513e-17
some praising,-3.252606517456513e-17
on its promise,-3.252606517456513e-17
stark,-3.252606517456513e-17
its promise,-3.252606517456513e-17
with some praising,-3.252606517456513e-17
simple,-3.252606517456513e-17
commendable,-3.2742905609062234e-17
limitations,-3.2742905609062234e-17
who were,-3.2742905609062234e-17
cross,-3.2959746043559335e-17
nonsensical,-3.2959746043559335e-17
sentimental,-3.2959746043559335e-17
never,-3.2959746043559335e-17
native americans,-3.2959746043559335e-17
but most agree,-3.2959746043559335e-17
reviewers criticize it,-3.2959746043559335e-17
so called disaster,-3.2959746043559335e-17
point of,-3.2959746043559335e-17
called disaster,-3.2959746043559335e-17
technology,-3.2959746043559335e-17
so called,-3.2959746043559335e-17
its poor,-3.2959746043559335e-17
call,-3.2959746043559335e-17
would,-3.2959746043559335e-17
and the human,-3.2959746043559335e-17
and modern,-3.2959746043559335e-17
the worst,-3.2959746043559335e-17
becoming,-3.2959746043559335e-17
conclusion,-3.2959746043559335e-17
are commended for,-3.2959746043559335e-17
reviewers also criticize,-3.2959746043559335e-17
design and,-3.2959746043559335e-17
this so,-3.2959746043559335e-17
the execution,-3.2959746043559335e-17
and one,-3.2959746043559335e-17
the human experience,-3.2959746043559335e-17
that fails,-3.2959746043559335e-17
this so called,-3.2959746043559335e-17
human experience,-3.2959746043559335e-17
that has been,-3.2959746043559335e-17
walter matthau,-3.2959746043559335e-17
promising,-3.2959746043559335e-17
and drama and,-3.323079658668071e-17
effectively conveys the,-3.3393426912553537e-17
essence of the,-3.3393426912553537e-17
kenneth,-3.3393426912553537e-17
twin,-3.3393426912553537e-17
overly ambitious,-3.3393426912553537e-17
russian,-3.3393426912553537e-17
film is well,-3.3393426912553537e-17
underdeveloped and the,-3.3393426912553537e-17
an indie,-3.3393426912553537e-17
black coal,-3.361026734705064e-17
black coal thin,-3.361026734705064e-17
coal thin,-3.361026734705064e-17
coal thin ice,-3.361026734705064e-17
thin ice,-3.361026734705064e-17
sally field,-3.382710778154774e-17
the unique,-3.382710778154774e-17
leading,-3.382710778154774e-17
comment on the,-3.382710778154774e-17
for some,-3.382710778154774e-17
sally,-3.382710778154774e-17
lack of plot,-3.382710778154774e-17
construction,-3.382710778154774e-17
predictable and lacks,-3.382710778154774e-17
of human relationships,-3.382710778154774e-17
script direction and,-3.382710778154774e-17
where,-3.382710778154774e-17
jane,-3.382710778154774e-17
script direction,-3.382710778154774e-17
comment on,-3.382710778154774e-17
aging,-3.382710778154774e-17
sexuality,-3.382710778154774e-17
mouth,-3.382710778154774e-17
baseball,-3.382710778154774e-17
of the civil,-3.3881317890172014e-17
film beverly hills,-3.404394821604484e-17
experience the film,-3.404394821604484e-17
film beverly,-3.404394821604484e-17
its lack,-3.426078865054194e-17
also highlighted as,-3.436920886779049e-17
and the complexities,-3.4423418976414766e-17
is delightful and,-3.447762908503904e-17
effective,-3.463687127912285e-17
build,-3.469446951953614e-17
described as,-3.469446951953614e-17
nerds ii,-3.469446951953614e-17
damme,-3.469446951953614e-17
jean claude,-3.469446951953614e-17
film noir,-3.469446951953614e-17
described as having,-3.469446951953614e-17
despite this,-3.469446951953614e-17
other,-3.469446951953614e-17
jean claude van,-3.469446951953614e-17
however it has,-3.469446951953614e-17
and convoluted,-3.469446951953614e-17
critics note that,-3.469446951953614e-17
aims,-3.469446951953614e-17
moore,-3.469446951953614e-17
performance being,-3.469446951953614e-17
need,-3.469446951953614e-17
likely,-3.469446951953614e-17
film features strong,-3.469446951953614e-17
elements the film,-3.469446951953614e-17
devices,-3.469446951953614e-17
value the,-3.469446951953614e-17
felt,-3.469446951953614e-17
her,-3.469446951953614e-17
captivating performance,-3.469446951953614e-17
pop,-3.469446951953614e-17
van damme,-3.469446951953614e-17
its lack of,-3.469446951953614e-17
the script and,-3.469446951953614e-17
challenges of,-3.469446951953614e-17
film is compared,-3.469446951953614e-17
obvious,-3.469446951953614e-17
pointed,-3.469446951953614e-17
claude van damme,-3.469446951953614e-17
theater and,-3.469446951953614e-17
is charming,-3.469446951953614e-17
underdeveloped,-3.469446951953614e-17
relevance,-3.469446951953614e-17
claude van,-3.469446951953614e-17
soldiers,-3.469446951953614e-17
film heart,-3.469446951953614e-17
the film heart,-3.469446951953614e-17
history of,-3.469446951953614e-17
and themes while,-3.470802204669221e-17
documentary is recommended,-3.480288973678469e-17
the sugarland express,-3.491130995403324e-17
the sugarland,-3.491130995403324e-17
such as love,-3.491130995403324e-17
mix of humor,-3.5128150388530344e-17
appeal to fans,-3.5128150388530344e-17
vice is,-3.5128150388530344e-17
particularly his,-3.5128150388530344e-17
predictable overall,-3.515525544284248e-17
its structure,-3.518236049715462e-17
and chemistry,-3.5236570605778894e-17
may not offer,-3.529078071440317e-17
hark,-3.531788576871531e-17
ali family,-3.5344990823027445e-17
the creative,-3.5344990823027445e-17
dolan,-3.5344990823027445e-17
themes and,-3.5453411040275995e-17
folklore,-3.5453411040275995e-17
artful,-3.5453411040275995e-17
overall the documentary,-3.5561831257524545e-17
is recommended,-3.5561831257524545e-17
making it must,-3.5561831257524545e-17
overly simplistic and,-3.5561831257524545e-17
between the leads,-3.5561831257524545e-17
for anyone,-3.5561831257524545e-17
film music,-3.5561831257524545e-17
is about the,-3.5561831257524545e-17
and cultural,-3.5561831257524545e-17
ensemble cast,-3.5561831257524545e-17
pursuit of,-3.5561831257524545e-17
lesbian,-3.5561831257524545e-17
the film music,-3.5561831257524545e-17
anyone,-3.5561831257524545e-17
set in the,-3.5561831257524545e-17
and avant,-3.5697356529085233e-17
and avant garde,-3.5697356529085233e-17
garde,-3.5697356529085233e-17
avant,-3.5697356529085233e-17
avant garde,-3.5697356529085233e-17
allowing,-3.5778671692021646e-17
its visual style,-3.596840707220661e-17
novel directed by,-3.599551212651875e-17
novel directed,-3.599551212651875e-17
steven,-3.599551212651875e-17
appreciate its,-3.599551212651875e-17
and message,-3.599551212651875e-17
as love,-3.599551212651875e-17
indulgent,-3.621235256101585e-17
fisher,-3.6374982886888674e-17
thought provoking and,-3.642919299551295e-17
characters however,-3.642919299551295e-17
provoking and,-3.642919299551295e-17
tone the film,-3.642919299551295e-17
clichés,-3.642919299551295e-17
of originality poor,-3.642919299551295e-17
wrenching,-3.642919299551295e-17
video,-3.642919299551295e-17
sweet,-3.642919299551295e-17
also noted,-3.642919299551295e-17
enthusiasts,-3.642919299551295e-17
documentaries,-3.642919299551295e-17
highlighted,-3.642919299551295e-17
film influence on,-3.642919299551295e-17
people and,-3.642919299551295e-17
originality poor,-3.642919299551295e-17
the challenges faced,-3.642919299551295e-17
stories the,-3.642919299551295e-17
classic that,-3.642919299551295e-17
authentic,-3.642919299551295e-17
for its focus,-3.642919299551295e-17
examination of,-3.642919299551295e-17
challenges faced by,-3.642919299551295e-17
challenges faced,-3.642919299551295e-17
oz,-3.642919299551295e-17
topic,-3.642919299551295e-17
moments particularly,-3.642919299551295e-17
performance is highly,-3.642919299551295e-17
shows,-3.642919299551295e-17
civil rights movement,-3.65376132127615e-17
the civil rights,-3.65376132127615e-17
civil rights,-3.65376132127615e-17
reviewers find some,-3.65376132127615e-17
few reviewers find,-3.65376132127615e-17
genre the,-3.686287386450715e-17
they also,-3.686287386450715e-17
film execution,-3.686287386450715e-17
the documentary film,-3.686287386450715e-17
underdeveloped and,-3.686287386450715e-17
impact on the,-3.686287386450715e-17
documentary film,-3.686287386450715e-17
the film execution,-3.686287386450715e-17
the left,-3.707971429900425e-17
last house,-3.707971429900425e-17
on the left,-3.707971429900425e-17
last house on,-3.707971429900425e-17
archival footage and,-3.71881345162528e-17
troubled,-3.729655473350135e-17
is appreciated,-3.729655473350135e-17
and non,-3.729655473350135e-17
and is considered,-3.729655473350135e-17
particularly noteworthy,-3.729655473350135e-17
visually stunning but,-3.729655473350135e-17
noteworthy,-3.729655473350135e-17
drama set,-3.7513395167998453e-17
is somewhat,-3.7513395167998453e-17
recommended for,-3.7513395167998453e-17
attention,-3.7513395167998453e-17
drama set in,-3.7513395167998453e-17
roman,-3.7513395167998453e-17
jr,-3.7513395167998453e-17
and lacking the,-3.7730235602495554e-17
conveys the,-3.7730235602495554e-17
but the execution,-3.7730235602495554e-17
genre but,-3.7730235602495554e-17
despite these,-3.7730235602495554e-17
the spirit of,-3.7730235602495554e-17
myth of,-3.7730235602495554e-17
involved,-3.7947076036992655e-17
coal,-3.7947076036992655e-17
noted that the,-3.8055496254241206e-17
the film entertaining,-3.810970636286548e-17
film entertaining,-3.810970636286548e-17
footloose,-3.8163916471489756e-17
heartwarming,-3.8163916471489756e-17
visually,-3.8163916471489756e-17
cliches and,-3.8163916471489756e-17
appreciated the,-3.8163916471489756e-17
playground,-3.8163916471489756e-17
nuanced,-3.8163916471489756e-17
sensitive,-3.8163916471489756e-17
the world,-3.8163916471489756e-17
the arctic,-3.8163916471489756e-17
cast the,-3.8163916471489756e-17
delivers,-3.8163916471489756e-17
with an,-3.8163916471489756e-17
discusses the film,-3.8163916471489756e-17
arctic,-3.8163916471489756e-17
perspectives,-3.8163916471489756e-17
individual,-3.8163916471489756e-17
underdog,-3.8163916471489756e-17
pace and lack,-3.8163916471489756e-17
heist,-3.8163916471489756e-17
naturalistic and,-3.8163916471489756e-17
portrait of,-3.8163916471489756e-17
attempt,-3.8163916471489756e-17
actions,-3.8163916471489756e-17
summer love,-3.8163916471489756e-17
reminder of,-3.8163916471489756e-17
that the plot,-3.8163916471489756e-17
portrait of the,-3.8163916471489756e-17
are criticized,-3.8163916471489756e-17
domestic,-3.8163916471489756e-17
nature of the,-3.8163916471489756e-17
stallone,-3.8163916471489756e-17
gross,-3.8357039983463737e-17
the french,-3.838075690598686e-17
delight,-3.838075690598686e-17
inconsistent veering between,-3.859759734048396e-17
disturbing,-3.859759734048396e-17
for film,-3.859759734048396e-17
films while,-3.859759734048396e-17
noting,-3.859759734048396e-17
and work the,-3.859759734048396e-17
ai,-3.8695853162365457e-17
creating,-3.892285799222961e-17
could have,-3.892285799222961e-17
lacks depth and,-3.903127820947816e-17
harsh realities of,-3.903127820947816e-17
astaire,-3.903127820947816e-17
moon,-3.903127820947816e-17
lacks depth,-3.903127820947816e-17
hepburn,-3.903127820947816e-17
of chaplin,-3.903127820947816e-17
unnecessary,-3.903127820947816e-17
the harsh,-3.903127820947816e-17
the harsh realities,-3.903127820947816e-17
two leads,-3.903127820947816e-17
for its thought,-3.9085488318102435e-17
its final,-3.924811864397526e-17
critics feel that,-3.946495907847236e-17
re,-3.946495907847236e-17
but may not,-3.946495907847236e-17
buddy,-3.957337929572091e-17
for its dark,-3.957337929572091e-17
genre with some,-3.968179951296946e-17
artificial,-3.973600962159374e-17
challenging,-3.9898639947466563e-17
der,-3.9898639947466563e-17
its heavy,-3.9898639947466563e-17
coogan,-3.9898639947466563e-17
praised however the,-3.9898639947466563e-17
describe it,-3.9898639947466563e-17
humor and,-3.9898639947466563e-17
commentary,-3.9898639947466563e-17
with weak,-3.9898639947466563e-17
screwball comedy,-3.9898639947466563e-17
the overall sentiment,-3.9898639947466563e-17
account of the,-3.9898639947466563e-17
state,-3.9898639947466563e-17
describe it as,-3.9898639947466563e-17
praised for his,-3.9898639947466563e-17
of shakespeare,-3.9898639947466563e-17
overall sentiment,-3.9898639947466563e-17
but the script,-3.9898639947466563e-17
hot,-3.9898639947466563e-17
reviews for film,-3.9898639947466563e-17
sophie,-3.9898639947466563e-17
strong performance from,-3.9898639947466563e-17
sentiment is,-3.9898639947466563e-17
overall sentiment is,-3.9898639947466563e-17
the hot,-3.9898639947466563e-17
worth watching for,-3.9898639947466563e-17
watching for,-3.9898639947466563e-17
the hot flashes,-3.9898639947466563e-17
as forgettable,-3.9898639947466563e-17
who are,-3.9898639947466563e-17
film ambition and,-3.9898639947466563e-17
martial,-3.9898639947466563e-17
seem,-3.9898639947466563e-17
plot the,-3.9898639947466563e-17
also been,-3.9898639947466563e-17
and is described,-3.9898639947466563e-17
its heavy handed,-3.9898639947466563e-17
sunshine,-3.9898639947466563e-17
flashes,-3.9898639947466563e-17
1995,-3.9898639947466563e-17
story while,-4.018324301774401e-17
dinner,-4.0332320816460765e-17
comedy about,-4.0332320816460765e-17
work in,-4.0332320816460765e-17
comedy that has,-4.0332320816460765e-17
as fun,-4.0332320816460765e-17
tone that,-4.052205619664573e-17
certain,-4.0657581468206416e-17
mental,-4.0766001685454967e-17
the civil,-4.0766001685454967e-17
survivors,-4.0766001685454967e-17
and society,-4.0766001685454967e-17
today,-4.0766001685454967e-17
their passion,-4.0766001685454967e-17
to create,-4.0766001685454967e-17
bring the,-4.0766001685454967e-17
witty script,-4.0766001685454967e-17
its pacing,-4.098284211995207e-17
films and is,-4.098284211995207e-17
the reviews also,-4.119968255444917e-17
california,-4.119968255444917e-17
of elmo in,-4.119968255444917e-17
of elmo,-4.119968255444917e-17
the adventures of,-4.119968255444917e-17
the adventures,-4.119968255444917e-17
grouchland,-4.119968255444917e-17
new life,-4.119968255444917e-17
and predictable plot,-4.119968255444917e-17
the new,-4.119968255444917e-17
presents,-4.119968255444917e-17
muhammad,-4.119968255444917e-17
and the emotional,-4.141652298894627e-17
is commended,-4.141652298894627e-17
sheds,-4.163336342344337e-17
drama,-4.163336342344337e-17
of teenage,-4.163336342344337e-17
for being slow,-4.163336342344337e-17
sheds light,-4.163336342344337e-17
film covers,-4.163336342344337e-17
pace lack of,-4.163336342344337e-17
are praised but,-4.163336342344337e-17
sheds light on,-4.163336342344337e-17
enjoyable and,-4.163336342344337e-17
attention to detail,-4.163336342344337e-17
execution some reviewers,-4.163336342344337e-17
film in,-4.163336342344337e-17
to be disappointing,-4.163336342344337e-17
musicians and,-4.163336342344337e-17
to detail,-4.163336342344337e-17
love,-4.163336342344337e-17
pace lack,-4.163336342344337e-17
execution some,-4.163336342344337e-17
is film directed,-4.163336342344337e-17
some finding it,-4.163336342344337e-17
the play,-4.163336342344337e-17
jokes and,-4.163336342344337e-17
be disappointing,-4.163336342344337e-17
consider it,-4.163336342344337e-17
films with,-4.163336342344337e-17
questionable,-4.163336342344337e-17
film while not,-4.163336342344337e-17
offering,-4.163336342344337e-17
light on,-4.163336342344337e-17
its use,-4.163336342344337e-17
and mediocre,-4.163336342344337e-17
the film covers,-4.163336342344337e-17
being slow,-4.163336342344337e-17
disturbing and,-4.163336342344337e-17
topics,-4.163336342344337e-17
its use of,-4.163336342344337e-17
others criticize,-4.163336342344337e-17
film humor and,-4.1809546276472265e-17
beverly,-4.185020385794047e-17
theatrical,-4.194507154803295e-17
and cinematic,-4.206704429243757e-17
lesbian twin,-4.206704429243757e-17
dialogue is,-4.206704429243757e-17
untouchable girls,-4.206704429243757e-17
untouchable,-4.206704429243757e-17
comedy with,-4.217546450968612e-17
stunning and,-4.217546450968612e-17
capture the,-4.228388472693467e-17
attempt to tackle,-4.2392304944183223e-17
1984,-4.2473620107119636e-17
to balance humor,-4.2500725161431774e-17
with too,-4.2500725161431774e-17
in its portrayal,-4.2500725161431774e-17
having weak,-4.2500725161431774e-17
features strong performance,-4.2500725161431774e-17
pooley,-4.2500725161431774e-17
philosophical,-4.2500725161431774e-17
to bring the,-4.2500725161431774e-17
is particularly praised,-4.2500725161431774e-17
leanne pooley,-4.2500725161431774e-17
limited,-4.2500725161431774e-17
leanne,-4.2500725161431774e-17
and complexity,-4.2500725161431774e-17
the french film,-4.2500725161431774e-17
balance humor,-4.2500725161431774e-17
found it to,-4.2500725161431774e-17
festival the,-4.2500725161431774e-17
biopic about the,-4.2500725161431774e-17
humor is,-4.2500725161431774e-17
festival the film,-4.2500725161431774e-17
right,-4.2500725161431774e-17
of expressionistic,-4.255493527005605e-17
audacious,-4.269046054161674e-17
described as engaging,-4.2717565595928875e-17
inc,-4.2825985813177425e-17
some critics feel,-4.2934406030425976e-17
skills,-4.2934406030425976e-17
critics feel,-4.2934406030425976e-17
vietnam,-4.2934406030425976e-17
all,-4.2934406030425976e-17
cinematography and performances,-4.3151246464923076e-17
having,-4.3259666682171627e-17
beautiful animation,-4.336808689942018e-17
commended and,-4.336808689942018e-17
and walter,-4.336808689942018e-17
traditions,-4.336808689942018e-17
commended and the,-4.336808689942018e-17
about the film,-4.336808689942018e-17
jack lemmon and,-4.336808689942018e-17
lazy,-4.336808689942018e-17
lemmon and walter,-4.336808689942018e-17
of chemistry,-4.336808689942018e-17
and walter matthau,-4.336808689942018e-17
the twins,-4.336808689942018e-17
is blend,-4.336808689942018e-17
overwhelmingly positive with,-4.336808689942018e-17
and friendship,-4.336808689942018e-17
jack lemmon,-4.336808689942018e-17
his struggles,-4.336808689942018e-17
lemmon,-4.336808689942018e-17
look at,-4.336808689942018e-17
is blend of,-4.336808689942018e-17
laurence,-4.336808689942018e-17
overall while some,-4.336808689942018e-17
acting is generally,-4.336808689942018e-17
lemmon and,-4.336808689942018e-17
ultimately,-4.336808689942018e-17
and incoherent,-4.336808689942018e-17
commentary on the,-4.336808689942018e-17
as they,-4.336808689942018e-17
passionate,-4.336808689942018e-17
worst,-4.336808689942018e-17
find the plot,-4.336808689942018e-17
highlighting its,-4.336808689942018e-17
ability to capture,-4.3530717225293e-17
unique and intimate,-4.358492733391728e-17
performances particularly,-4.380176776841438e-17
and violent,-4.380176776841438e-17
topp twins,-4.380176776841438e-17
the topp twins,-4.380176776841438e-17
the topp,-4.380176776841438e-17
misogyny,-4.391018798566293e-17
originality and,-4.395762183070917e-17
and engaging experience,-4.401860820291148e-17
fritz lang,-4.412702842016003e-17
positive with many,-4.423544863740858e-17
pleasing,-4.423544863740858e-17
oyelowo,-4.423544863740858e-17
its technical,-4.423544863740858e-17
friendship between,-4.423544863740858e-17
their lives,-4.423544863740858e-17
its tone,-4.423544863740858e-17
mixed reviews some,-4.423544863740858e-17
indie,-4.423544863740858e-17
reviews some critics,-4.423544863740858e-17
ability to deliver,-4.445228907190568e-17
comedy while others,-4.463524818851261e-17
much,-4.466912950640278e-17
primarily reviews film,-4.466912950640278e-17
the 1980s,-4.466912950640278e-17
quotes praising the,-4.466912950640278e-17
find some redeeming,-4.466912950640278e-17
is too,-4.466912950640278e-17
unfavorably to,-4.466912950640278e-17
unfavorably,-4.466912950640278e-17
of quotes praising,-4.466912950640278e-17
quotes praising,-4.466912950640278e-17
accuracy,-4.504860026677271e-17
offering unique perspective,-4.5102810375396984e-17
in,-4.5102810375396984e-17
promise,-4.5102810375396984e-17
excessive use,-4.5102810375396984e-17
1955,-4.5102810375396984e-17
relying on,-4.5102810375396984e-17
also praised,-4.5102810375396984e-17
joy,-4.5102810375396984e-17
crisis,-4.5102810375396984e-17
memorable,-4.5102810375396984e-17
fans of,-4.5102810375396984e-17
it is also,-4.5102810375396984e-17
fish,-4.5102810375396984e-17
spirit,-4.5102810375396984e-17
style and,-4.5102810375396984e-17
the lead,-4.5102810375396984e-17
frustrating,-4.5102810375396984e-17
of the leads,-4.5102810375396984e-17
the film premise,-4.5102810375396984e-17
chilling,-4.5102810375396984e-17
film premise,-4.5102810375396984e-17
excessive use of,-4.5102810375396984e-17
tom,-4.5102810375396984e-17
work the,-4.5102810375396984e-17
historical accuracy,-4.523833564695767e-17
reviews generally,-4.5319650809894085e-17
the reviews generally,-4.5319650809894085e-17
the 1953,-4.5428071027142636e-17
film features interviews,-4.5536491244391186e-17
plot and,-4.5536491244391186e-17
some reviewers mention,-4.560425388017153e-17
its lead,-4.5672016515951874e-17
and interviews,-4.575333167888829e-17
is uneven,-4.586175189613684e-17
of high,-4.586175189613684e-17
us,-4.597017211338539e-17
fly on the,-4.597017211338539e-17
fly on,-4.597017211338539e-17
fly,-4.597017211338539e-17
and uneven,-4.597017211338539e-17
and overly,-4.597017211338539e-17
on the wall,-4.597017211338539e-17
storyline the,-4.597017211338539e-17
dialogue and lack,-4.597017211338539e-17
is thought,-4.597017211338539e-17
is thought provoking,-4.597017211338539e-17
references,-4.597017211338539e-17
predictable and the,-4.597017211338539e-17
and contrived,-4.629543276513104e-17
mike,-4.640385298237959e-17
banal,-4.640385298237959e-17
shakespeare,-4.640385298237959e-17
which is both,-4.640385298237959e-17
art world,-4.651227319962814e-17
the art world,-4.651227319962814e-17
of the movie,-4.683753385137379e-17
film attempt to,-4.683753385137379e-17
adolescent,-4.683753385137379e-17
make it memorable,-4.683753385137379e-17
disappointing attempt,-4.683753385137379e-17
stories,-4.683753385137379e-17
films the,-4.683753385137379e-17
and memorable,-4.683753385137379e-17
some reviewers find,-4.683753385137379e-17
reminder,-4.683753385137379e-17
pointed out that,-4.683753385137379e-17
failure to,-4.683753385137379e-17
direction the,-4.683753385137379e-17
explore,-4.683753385137379e-17
out that,-4.683753385137379e-17
and historical,-4.683753385137379e-17
the dialogue,-4.683753385137379e-17
overlong,-4.683753385137379e-17
minimalist,-4.694595406862234e-17
film black,-4.7111972526284185e-17
the film black,-4.7111972526284185e-17
and the struggles,-4.7271214720367993e-17
of the united,-4.7271214720367993e-17
routines,-4.7271214720367993e-17
cat,-4.7271214720367993e-17
consider it classic,-4.732542482899227e-17
lighthearted and entertaining,-4.7488055154865094e-17
remake of the,-4.7704895589362195e-17
is often criticized,-4.7704895589362195e-17
it could,-4.7704895589362195e-17
of eden,-4.7704895589362195e-17
poetic and,-4.7704895589362195e-17
brothers,-4.7704895589362195e-17
and chemistry between,-4.7704895589362195e-17
the fish,-4.7704895589362195e-17
film is must,-4.7704895589362195e-17
art,-4.7704895589362195e-17
alex,-4.7704895589362195e-17
lifestyle,-4.7704895589362195e-17
of the fish,-4.7704895589362195e-17
blend of,-4.7704895589362195e-17
that is worth,-4.7704895589362195e-17
performances and its,-4.7704895589362195e-17
it classic,-4.7921736023859296e-17
cute,-4.7921736023859296e-17
storyline and,-4.8030156241107846e-17
heart wrenching,-4.8138576458356397e-17
film adaptation of,-4.83554168928535e-17
film adaptation,-4.83554168928535e-17
criticize,-4.85722573273506e-17
experience the movie,-4.85722573273506e-17
qualities such as,-4.85722573273506e-17
fault with the,-4.85722573273506e-17
the young actors,-4.85722573273506e-17
the consensus is,-4.85722573273506e-17
the complex,-4.85722573273506e-17
and directed by,-4.85722573273506e-17
fault,-4.85722573273506e-17
sexuality and,-4.85722573273506e-17
the text appears,-4.85722573273506e-17
goes,-4.85722573273506e-17
reynolds,-4.85722573273506e-17
lacks originality,-4.85722573273506e-17
with moments,-4.85722573273506e-17
first,-4.85722573273506e-17
fault with,-4.85722573273506e-17
with moments of,-4.85722573273506e-17
qualities such,-4.85722573273506e-17
and over the,-4.85722573273506e-17
are mixed some,-4.85722573273506e-17
mixed some,-4.85722573273506e-17
screenplay,-4.85722573273506e-17
intimate,-4.85722573273506e-17
redeeming qualities such,-4.85722573273506e-17
the acting is,-4.85722573273506e-17
pace,-4.85722573273506e-17
difficult to,-4.85722573273506e-17
delightful and enjoyable,-4.85925861180847e-17
of wilson,-4.87890977618477e-17
of the music,-4.90059381963448e-17
generally praised but,-4.90059381963448e-17
handed dialogue,-4.92227786308419e-17
worst films,-4.9439619065339e-17
bittersweet,-4.9439619065339e-17
many critics,-4.9439619065339e-17
moralizing,-4.9439619065339e-17
mix of,-4.9439619065339e-17
visually stunning,-4.9439619065339e-17
script and direction,-4.9439619065339e-17
scheme,-4.9439619065339e-17
for its poor,-4.9439619065339e-17
also commended,-4.9439619065339e-17
to the original,-4.9439619065339e-17
jerry,-4.9439619065339e-17
authenticity,-4.9439619065339e-17
the screenplay is,-4.9439619065339e-17
scheme birds,-4.9439619065339e-17
celebration of,-4.949382917396328e-17
celebration,-4.949382917396328e-17
power,-4.96564594998361e-17
comedy genre,-4.9764879717084654e-17
comedians,-4.9873299934333204e-17
convey the,-4.9873299934333204e-17
themes such,-4.9981720151581754e-17
themes such as,-4.9981720151581754e-17
and charm,-4.9981720151581754e-17
awkwardness,-5.0198560586078855e-17
reminiscent of,-5.0306980803327406e-17
is beautiful,-5.0306980803327406e-17
explores the history,-5.0306980803327406e-17
serves as,-5.0306980803327406e-17
that is suitable,-5.0306980803327406e-17
above,-5.0306980803327406e-17
reminiscent,-5.0306980803327406e-17
small,-5.0306980803327406e-17
future,-5.0306980803327406e-17
the love,-5.0306980803327406e-17
is predictable,-5.0306980803327406e-17
insight into,-5.0306980803327406e-17
development and,-5.0306980803327406e-17
film pacing is,-5.0306980803327406e-17
beverly hills cop,-5.0523821237824507e-17
beverly hills,-5.0523821237824507e-17
hills,-5.0523821237824507e-17
hills cop,-5.0523821237824507e-17
life,-5.074066167232161e-17
environmental,-5.074066167232161e-17
sisters,-5.074066167232161e-17
larger,-5.074066167232161e-17
elements the,-5.084908188957016e-17
uneven,-5.095750210681871e-17
lead performance,-5.117434254131581e-17
and well,-5.117434254131581e-17
with focus,-5.117434254131581e-17
1980s,-5.117434254131581e-17
of religious,-5.117434254131581e-17
are highly praised,-5.117434254131581e-17
for his,-5.117434254131581e-17
they praise the,-5.117434254131581e-17
is satirical,-5.160802341031001e-17
spain,-5.160802341031001e-17
reviews film,-5.160802341031001e-17
fritz,-5.171644362755856e-17
big,-5.182486384480711e-17
and over,-5.204170427930421e-17
appealing,-5.204170427930421e-17
and sometimes,-5.204170427930421e-17
agree that the,-5.204170427930421e-17
tiger,-5.204170427930421e-17
1975,-5.204170427930421e-17
two characters,-5.204170427930421e-17
also praised for,-5.204170427930421e-17
and direction,-5.204170427930421e-17
despite some flaws,-5.204170427930421e-17
argue that the,-5.204170427930421e-17
tedious and,-5.204170427930421e-17
is overwhelmingly positive,-5.204170427930421e-17
at the,-5.204170427930421e-17
is overwhelmingly,-5.204170427930421e-17
starring james,-5.204170427930421e-17
comedies,-5.204170427930421e-17
such as,-5.204170427930421e-17
heavy handed,-5.204170427930421e-17
journey of,-5.204170427930421e-17
be simplistic,-5.204170427930421e-17
horror and,-5.204170427930421e-17
buffs,-5.204170427930421e-17
brody,-5.204170427930421e-17
humanism,-5.204170427930421e-17
the film director,-5.204170427930421e-17
film director,-5.204170427930421e-17
film explores the,-5.204170427930421e-17
its predictable,-5.204170427930421e-17
its flaws including,-5.204170427930421e-17
silly and,-5.204170427930421e-17
remake of,-5.2475385148298415e-17
dark humor and,-5.252959525692269e-17
is delightful,-5.2800645800044066e-17
laurence fishburne,-5.2909066017292616e-17
fishburne,-5.2909066017292616e-17
film humor,-5.2909066017292616e-17
specific,-5.2909066017292616e-17
identity and,-5.2909066017292616e-17
the film humor,-5.2909066017292616e-17
jane and laurence,-5.2909066017292616e-17
serves,-5.2909066017292616e-17
and well acted,-5.334274688628682e-17
connection,-5.334274688628682e-17
santa,-5.334274688628682e-17
tone is described,-5.334274688628682e-17
comedy while,-5.3478272157847506e-17
york,-5.377642775528102e-17
into,-5.377642775528102e-17
recovery,-5.377642775528102e-17
and score,-5.377642775528102e-17
mystery that,-5.377642775528102e-17
some critics find,-5.377642775528102e-17
captures the,-5.377642775528102e-17
style is,-5.377642775528102e-17
its portrayal of,-5.377642775528102e-17
praise its ability,-5.377642775528102e-17
film may not,-5.377642775528102e-17
situations,-5.377642775528102e-17
wildly,-5.399326818977812e-17
wildly between,-5.399326818977812e-17
veering wildly,-5.399326818977812e-17
veering wildly between,-5.399326818977812e-17
murphy,-5.421010862427522e-17
documentary is praised,-5.4643789493269423e-17
the documentary american,-5.4643789493269423e-17
documentary american,-5.4643789493269423e-17
conveys,-5.4643789493269423e-17
editing and,-5.4643789493269423e-17
titan,-5.4860629927766524e-17
the art,-5.494194509070294e-17
generally positive praising,-5.5077470362263625e-17
rebirth,-5.5077470362263625e-17
reviews film titled,-5.5294310796760726e-17
over the top,-5.551115123125783e-17
appeal,-5.551115123125783e-17
and overly sentimental,-5.551115123125783e-17
thrilling and,-5.551115123125783e-17
and the movie,-5.551115123125783e-17
ending,-5.551115123125783e-17
education,-5.551115123125783e-17
praising,-5.551115123125783e-17
and fascinating,-5.551115123125783e-17
poorly,-5.551115123125783e-17
drama the film,-5.551115123125783e-17
transformation,-5.551115123125783e-17
is moving,-5.551115123125783e-17
plot and lack,-5.551115123125783e-17
and tedious,-5.551115123125783e-17
particularly in the,-5.551115123125783e-17
follows the story,-5.551115123125783e-17
made film,-5.551115123125783e-17
overall the film,-5.551115123125783e-17
characters the,-5.551115123125783e-17
some even calling,-5.551115123125783e-17
sound,-5.551115123125783e-17
the top,-5.551115123125783e-17
elements,-5.551115123125783e-17
particularly praised,-5.551115123125783e-17
cinematography is,-5.551115123125783e-17
and old,-5.57822017743792e-17
but emotionally,-5.594483210025203e-17
and the ending,-5.616167253474913e-17
politics the,-5.637851296924623e-17
sharp,-5.637851296924623e-17
pearl,-5.637851296924623e-17
exploitation,-5.637851296924623e-17
is about documentary,-5.637851296924623e-17
about documentary titled,-5.637851296924623e-17
films of the,-5.637851296924623e-17
of the classic,-5.637851296924623e-17
satire and,-5.637851296924623e-17
birds,-5.637851296924623e-17
criticize its lack,-5.681219383824043e-17
and career,-5.681219383824043e-17
lady,-5.681219383824043e-17
praised for,-5.724587470723463e-17
make it feel,-5.724587470723463e-17
for its predictable,-5.724587470723463e-17
addition to,-5.724587470723463e-17
addition,-5.724587470723463e-17
its authenticity,-5.724587470723463e-17
mother,-5.724587470723463e-17
text consists,-5.724587470723463e-17
text consists of,-5.724587470723463e-17
love story,-5.724587470723463e-17
to provide,-5.724587470723463e-17
life with,-5.724587470723463e-17
insight into the,-5.724587470723463e-17
epic,-5.724587470723463e-17
author,-5.724587470723463e-17
bag,-5.751692525035601e-17
mixed bag,-5.751692525035601e-17
family drama,-5.811323644522304e-17
while others appreciate,-5.811323644522304e-17
the 1950s,-5.811323644522304e-17
with mix,-5.811323644522304e-17
the 11,-5.811323644522304e-17
level,-5.811323644522304e-17
the film features,-5.811323644522304e-17
slapstick,-5.824876171678373e-17
moral,-5.833007687972014e-17
old fashioned comedy,-5.838428698834441e-17
imagination and,-5.841139204265655e-17
the beauty of,-5.854691731421724e-17
such as the,-5.854691731421724e-17
surrogate,-5.87366526944022e-17
of humor and,-5.876375774871434e-17
and nuanced exploration,-5.881796785733862e-17
consensus,-5.898059818321144e-17
effective use of,-5.898059818321144e-17
techniques,-5.898059818321144e-17
depth the film,-5.898059818321144e-17
incoherent,-5.898059818321144e-17
diversity,-5.898059818321144e-17
its ability,-5.898059818321144e-17
undeniable,-5.898059818321144e-17
filmmaking,-5.898059818321144e-17
preachy,-5.898059818321144e-17
effective use,-5.898059818321144e-17
the music,-5.898059818321144e-17
nights,-5.898059818321144e-17
effects,-5.898059818321144e-17
heartbreaking,-5.898059818321144e-17
that takes,-5.898059818321144e-17
film focuses on,-5.898059818321144e-17
shock,-5.898059818321144e-17
the depth,-5.898059818321144e-17
older,-5.898059818321144e-17
one of the,-5.898059818321144e-17
appreciated,-5.898059818321144e-17
played,-5.898059818321144e-17
clichés the,-5.919743861770854e-17
in search,-5.941427905220564e-17
in search of,-5.941427905220564e-17
search of,-5.941427905220564e-17
of the french,-5.941427905220564e-17
formulaic and,-5.963111948670274e-17
is drama,-5.984795992119984e-17
bogdanovich,-5.984795992119984e-17
and celebratory,-5.984795992119984e-17
inspiring,-5.994960387487036e-17
and uncompromising,-6.028164079019405e-17
and its lack,-6.028164079019405e-17
on tired,-6.028164079019405e-17
artistry,-6.028164079019405e-17
uncompromising,-6.028164079019405e-17
its visual,-6.028164079019405e-17
lang,-6.06069014419397e-17
is coming of,-6.071532165918825e-17
tired,-6.071532165918825e-17
engaging,-6.071532165918825e-17
is coming,-6.071532165918825e-17
offers,-6.071532165918825e-17
fryar,-6.071532165918825e-17
script and,-6.071532165918825e-17
exploration of themes,-6.071532165918825e-17
performance but,-6.071532165918825e-17
jason,-6.071532165918825e-17
vice,-6.071532165918825e-17
dysfunctional,-6.071532165918825e-17
is considered classic,-6.071532165918825e-17
blend,-6.071532165918825e-17
four,-6.071532165918825e-17
take on the,-6.071532165918825e-17
immersive,-6.071532165918825e-17
for its authenticity,-6.071532165918825e-17
in the 1970s,-6.071532165918825e-17
and originality,-6.071532165918825e-17
noted that,-6.08237418764368e-17
find the documentary,-6.158268339717665e-17
real,-6.158268339717665e-17
united,-6.158268339717665e-17
offers an,-6.158268339717665e-17
suggest that the,-6.158268339717665e-17
the russian,-6.158268339717665e-17
realism,-6.158268339717665e-17
1953,-6.158268339717665e-17
look at the,-6.158268339717665e-17
for its poetic,-6.201636426617085e-17
and social commentary,-6.201636426617085e-17
unease and,-6.201636426617085e-17
of unease and,-6.201636426617085e-17
its poetic,-6.201636426617085e-17
performances particularly by,-6.201636426617085e-17
and career of,-6.245004513516506e-17
given text is,-6.245004513516506e-17
while the film,-6.245004513516506e-17
other reviewers,-6.245004513516506e-17
fashioned,-6.245004513516506e-17
faithful adaptation,-6.245004513516506e-17
moments it is,-6.245004513516506e-17
with its,-6.245004513516506e-17
issue,-6.245004513516506e-17
the film to,-6.245004513516506e-17
he,-6.245004513516506e-17
plot is,-6.245004513516506e-17
set in,-6.245004513516506e-17
provides unique,-6.245004513516506e-17
age,-6.245004513516506e-17
ellison,-6.245004513516506e-17
sentiment,-6.245004513516506e-17
however other reviewers,-6.245004513516506e-17
and has,-6.245004513516506e-17
or overly,-6.245004513516506e-17
testament,-6.245004513516506e-17
is fun and,-6.245004513516506e-17
also criticize,-6.245004513516506e-17
watch,-6.245004513516506e-17
story of two,-6.245004513516506e-17
old fashioned,-6.245004513516506e-17
dumb,-6.266688556966216e-17
kurosawa,-6.277530578691071e-17
many reviewers appreciate,-6.288372600415926e-17
bland,-6.288372600415926e-17
peter,-6.288372600415926e-17
others praise,-6.288372600415926e-17
marital,-6.331740687315346e-17
van,-6.331740687315346e-17
sequences and,-6.331740687315346e-17
found,-6.331740687315346e-17
and ability,-6.331740687315346e-17
performances by,-6.331740687315346e-17
and ability to,-6.331740687315346e-17
missed,-6.331740687315346e-17
elements of,-6.353424730765056e-17
greek,-6.353424730765056e-17
and boring,-6.375108774214766e-17
film has been,-6.375108774214766e-17
sentiment is overwhelmingly,-6.407634839389331e-17
extraordinary,-6.418476861114186e-17
style however,-6.418476861114186e-17
erratic,-6.418476861114186e-17
of reviews and,-6.418476861114186e-17
ever,-6.418476861114186e-17
but overall the,-6.418476861114186e-17
and enjoyable,-6.418476861114186e-17
are highly,-6.418476861114186e-17
between the two,-6.418476861114186e-17
negative critics,-6.418476861114186e-17
musical,-6.418476861114186e-17
its influence,-6.418476861114186e-17
expedition,-6.440160904563896e-17
women who,-6.461844948013606e-17
and cinematography,-6.461844948013606e-17
is well made,-6.461844948013606e-17
myth,-6.505213034913027e-17
and features,-6.505213034913027e-17
the united states,-6.505213034913027e-17
and tone,-6.505213034913027e-17
the united,-6.505213034913027e-17
states,-6.505213034913027e-17
united states,-6.505213034913027e-17
superior,-6.505213034913027e-17
with standout performance,-6.505213034913027e-17
the big,-6.526897078362737e-17
dexter fletcher,-6.536045034193083e-17
dexter,-6.536045034193083e-17
play,-6.548581121812447e-17
of age,-6.591949208711867e-17
inconsistent,-6.591949208711867e-17
poorly executed,-6.591949208711867e-17
of its characters,-6.591949208711867e-17
were,-6.591949208711867e-17
typical,-6.591949208711867e-17
for the film,-6.591949208711867e-17
text discusses the,-6.591949208711867e-17
may find,-6.591949208711867e-17
with some even,-6.591949208711867e-17
gary,-6.591949208711867e-17
coming of,-6.591949208711867e-17
character development,-6.591949208711867e-17
coming of age,-6.591949208711867e-17
some even,-6.591949208711867e-17
carol,-6.591949208711867e-17
some reviews,-6.591949208711867e-17
and sweet,-6.591949208711867e-17
is not for,-6.591949208711867e-17
themes while,-6.591949208711867e-17
themes while others,-6.591949208711867e-17
cinematography are,-6.624475273886432e-17
and cinematography are,-6.624475273886432e-17
film unique and,-6.635317295611287e-17
for its cinematography,-6.635317295611287e-17
of growing,-6.678685382510707e-17
nuanced exploration,-6.678685382510707e-17
unconvincing,-6.678685382510707e-17
review,-6.678685382510707e-17
burt reynolds,-6.678685382510707e-17
movies and,-6.678685382510707e-17
burt,-6.678685382510707e-17
is french,-6.678685382510707e-17
many reviewers consider,-6.678685382510707e-17
production values are,-6.722053469410127e-17
poor plot,-6.743737512859838e-17
and his,-6.765421556309548e-17
for its portrayal,-6.765421556309548e-17
interesting,-6.765421556309548e-17
dark and,-6.765421556309548e-17
overall they praise,-6.765421556309548e-17
resonate,-6.765421556309548e-17
film tone is,-6.765421556309548e-17
but with,-6.765421556309548e-17
freaks,-6.765421556309548e-17
form for,-6.765421556309548e-17
simplistic and,-6.765421556309548e-17
which is described,-6.765421556309548e-17
directorial debut,-6.765421556309548e-17
to form for,-6.765421556309548e-17
revolution,-6.765421556309548e-17
highlights,-6.765421556309548e-17
it has its,-6.765421556309548e-17
exploitative,-6.765421556309548e-17
of various reviews,-6.765421556309548e-17
killing,-6.765421556309548e-17
delightful and,-6.808789643208968e-17
time the,-6.852157730108388e-17
film tone to,-6.852157730108388e-17
time the film,-6.852157730108388e-17
with the,-6.852157730108388e-17
provide,-6.873841773558098e-17
criticize it for,-6.938893903907228e-17
direction is,-6.938893903907228e-17
mood,-6.938893903907228e-17
agree,-6.938893903907228e-17
the film ambition,-6.938893903907228e-17
action sequences,-6.938893903907228e-17
is considered one,-6.938893903907228e-17
career,-6.938893903907228e-17
pursuit,-6.938893903907228e-17
nuance,-6.938893903907228e-17
nuanced and,-6.938893903907228e-17
some praise,-6.938893903907228e-17
film that explores,-6.938893903907228e-17
representation,-6.938893903907228e-17
cult classic,-6.938893903907228e-17
half,-6.938893903907228e-17
film ambition,-6.938893903907228e-17
and heavy,-6.971419969081794e-17
sudden,-6.982261990806649e-17
spielberg,-6.982261990806649e-17
rise,-6.982261990806649e-17
gary cooper,-6.982261990806649e-17
journey,-7.025630077706069e-17
others appreciate,-7.025630077706069e-17
self indulgent,-7.025630077706069e-17
many,-7.068998164605489e-17
the us,-7.112366251504909e-17
predictability,-7.112366251504909e-17
its thought,-7.112366251504909e-17
justin lange,-7.112366251504909e-17
justin,-7.112366251504909e-17
having an,-7.112366251504909e-17
halloween,-7.112366251504909e-17
for relying,-7.112366251504909e-17
while it may,-7.112366251504909e-17
its thought provoking,-7.112366251504909e-17
town,-7.112366251504909e-17
son,-7.112366251504909e-17
and insightful,-7.19910242530375e-17
arts,-7.19910242530375e-17
animation and,-7.19910242530375e-17
serious,-7.19910242530375e-17
film may be,-7.274996577377735e-17
love do cross,-7.28583859910259e-17
standout performance,-7.28583859910259e-17
cross that,-7.28583859910259e-17
cross that river,-7.28583859910259e-17
love do,-7.28583859910259e-17
twins,-7.28583859910259e-17
part of,-7.28583859910259e-17
its unique approach,-7.28583859910259e-17
do cross,-7.28583859910259e-17
it feel,-7.28583859910259e-17
do cross that,-7.28583859910259e-17
year,-7.28583859910259e-17
my love do,-7.28583859910259e-17
my love,-7.28583859910259e-17
by michael,-7.28583859910259e-17
to its,-7.28583859910259e-17
the film the,-7.28583859910259e-17
stars,-7.28583859910259e-17
five,-7.28583859910259e-17
sergeant,-7.37257477290143e-17
ending is,-7.37257477290143e-17
with mix of,-7.37257477290143e-17
their relationship,-7.37257477290143e-17
rights movement,-7.388837805488713e-17
and for its,-7.405100838075995e-17
corporate,-7.405100838075995e-17
are largely,-7.45931094670027e-17
is worth,-7.45931094670027e-17
are largely negative,-7.45931094670027e-17
highly commended,-7.45931094670027e-17
humorous,-7.45931094670027e-17
biopic,-7.45931094670027e-17
of visual,-7.45931094670027e-17
film structure is,-7.45931094670027e-17
negative critics describe,-7.45931094670027e-17
comments about,-7.48099499014998e-17
comments,-7.48099499014998e-17
comments about the,-7.48099499014998e-17
are overwhelmingly positive,-7.502679033599691e-17
and humorous,-7.546047120499111e-17
and faithfulness to,-7.546047120499111e-17
and faithfulness,-7.546047120499111e-17
criticized it for,-7.632783294297951e-17
production,-7.632783294297951e-17
criticized it,-7.632783294297951e-17
are overwhelmingly negative,-7.632783294297951e-17
dry,-7.632783294297951e-17
particularly by,-7.632783294297951e-17
find it to,-7.632783294297951e-17
and their,-7.632783294297951e-17
primarily discusses,-7.632783294297951e-17
watchable,-7.632783294297951e-17
effectively conveys,-7.632783294297951e-17
the filmmakers,-7.632783294297951e-17
trip,-7.632783294297951e-17
footage,-7.632783294297951e-17
popular,-7.632783294297951e-17
text primarily discusses,-7.632783294297951e-17
what,-7.632783294297951e-17
the acting,-7.632783294297951e-17
the audience,-7.632783294297951e-17
is inconsistent veering,-7.676151381197371e-17
others praise its,-7.676151381197371e-17
perspective on the,-7.719519468096792e-17
branagh,-7.719519468096792e-17
has some redeeming,-7.719519468096792e-17
the original story,-7.719519468096792e-17
original story,-7.719519468096792e-17
light on the,-7.719519468096792e-17
express,-7.719519468096792e-17
faithfulness,-7.762887554996212e-17
inventive,-7.762887554996212e-17
faithfulness to,-7.762887554996212e-17
faithfulness to the,-7.762887554996212e-17
creates,-7.773729576721067e-17
solid,-7.806255641895632e-17
story is,-7.806255641895632e-17
highly praised,-7.806255641895632e-17
of one,-7.806255641895632e-17
consensus is,-7.806255641895632e-17
suburban,-7.806255641895632e-17
mention,-7.871307772244762e-17
archival,-7.892991815694472e-17
team,-7.892991815694472e-17
that captures,-7.892991815694472e-17
dealing with,-7.892991815694472e-17
dennis,-7.892991815694472e-17
that captures the,-7.892991815694472e-17
dreams,-7.936359902593892e-17
remake,-7.936359902593892e-17
others appreciated its,-7.955333440612389e-17
others appreciated,-7.955333440612389e-17
their love,-7.979727989493313e-17
of the original,-7.979727989493313e-17
calling,-7.979727989493313e-17
enjoyable,-7.979727989493313e-17
lack of character,-7.979727989493313e-17
reviewers finding it,-7.979727989493313e-17
offering unique,-7.979727989493313e-17
the life of,-7.979727989493313e-17
handed,-7.979727989493313e-17
suggesting,-7.979727989493313e-17
franco,-7.979727989493313e-17
hellions,-7.979727989493313e-17
debut,-7.979727989493313e-17
highlighting the,-7.979727989493313e-17
sometimes,-7.979727989493313e-17
poetic,-8.066464163292153e-17
such,-8.153200337090993e-17
be predictable,-8.153200337090993e-17
to the classic,-8.153200337090993e-17
process,-8.153200337090993e-17
revolves around,-8.153200337090993e-17
revolves,-8.153200337090993e-17
entertainment value and,-8.153200337090993e-17
abuse and,-8.153200337090993e-17
with standout,-8.153200337090993e-17
like the,-8.153200337090993e-17
animation,-8.153200337090993e-17
directed by david,-8.153200337090993e-17
moments of,-8.153200337090993e-17
sequel,-8.239936510889834e-17
critics found,-8.239936510889834e-17
appreciated its,-8.24439666875272e-17
drama and,-8.261620554339544e-17
drama directed,-8.326672684688674e-17
to fans,-8.326672684688674e-17
experience the,-8.326672684688674e-17
deliver on,-8.326672684688674e-17
drama directed by,-8.326672684688674e-17
filmmakers,-8.326672684688674e-17
summer,-8.326672684688674e-17
mozart,-8.326672684688674e-17
rock,-8.326672684688674e-17
to deliver on,-8.326672684688674e-17
well received,-8.326672684688674e-17
kevin,-8.326672684688674e-17
praised however,-8.326672684688674e-17
critics,-8.326672684688674e-17
opinions about the,-8.326672684688674e-17
deliver on its,-8.326672684688674e-17
however the film,-8.326672684688674e-17
but may,-8.370040771588094e-17
the 11 attacks,-8.413408858487514e-17
piece,-8.413408858487514e-17
has been praised,-8.413408858487514e-17
execution,-8.413408858487514e-17
entertaining and thought,-8.413408858487514e-17
movie is considered,-8.46761896711179e-17
may appeal,-8.500145032286355e-17
are described,-8.500145032286355e-17
the show,-8.500145032286355e-17
too similar to,-8.500145032286355e-17
too similar,-8.500145032286355e-17
faithful,-8.500145032286355e-17
are described as,-8.500145032286355e-17
interviews with,-8.500145032286355e-17
it is praised,-8.500145032286355e-17
few reviewers note,-8.51098705401121e-17
bleak,-8.586881206085195e-17
its,-8.586881206085195e-17
the leads,-8.586881206085195e-17
feel like,-8.586881206085195e-17
society,-8.586881206085195e-17
is also criticized,-8.630249292984615e-17
not particularly,-8.673617379884035e-17
grief,-8.673617379884035e-17
script is criticized,-8.673617379884035e-17
of acting,-8.673617379884035e-17
found the film,-8.673617379884035e-17
jim,-8.673617379884035e-17
for lacking,-8.673617379884035e-17
those interested,-8.673617379884035e-17
explores the life,-8.673617379884035e-17
and thought provoking,-8.673617379884035e-17
of its,-8.673617379884035e-17
comedy and,-8.695301423333746e-17
focus on the,-8.716985466783456e-17
reviewers praising the,-8.716985466783456e-17
capturing,-8.716985466783456e-17
create,-8.777463619217413e-17
genre,-8.836247705756861e-17
the film showcases,-8.847089727481716e-17
calling it one,-8.847089727481716e-17
film showcases,-8.847089727481716e-17
nature of,-8.847089727481716e-17
film is seen,-8.847089727481716e-17
jeremy,-8.847089727481716e-17
satirical,-8.847089727481716e-17
the subjects,-8.847089727481716e-17
dark humor,-8.847089727481716e-17
highly,-8.847089727481716e-17
these,-8.847089727481716e-17
ambitious,-8.847089727481716e-17
modern day,-8.933825901280557e-17
that the movie,-8.977193988179977e-17
on its,-9.020562075079397e-17
finding it,-9.020562075079397e-17
nuanced exploration of,-9.020562075079397e-17
film for its,-9.020562075079397e-17
about the,-9.020562075079397e-17
the lead actors,-9.020562075079397e-17
for being,-9.020562075079397e-17
people,-9.020562075079397e-17
daughter,-9.020562075079397e-17
and convoluted plot,-9.020562075079397e-17
convoluted plot,-9.020562075079397e-17
fans,-9.020562075079397e-17
critics praising the,-9.020562075079397e-17
the story and,-9.020562075079397e-17
life and,-9.020562075079397e-17
day,-9.020562075079397e-17
1949,-9.020562075079397e-17
life and career,-9.042246118529107e-17
convey,-9.150666335777657e-17
engaging and,-9.150666335777657e-17
behavior,-9.194034422677078e-17
and heart,-9.204876444401933e-17
experiences,-9.237402509576498e-17
life and work,-9.280770596475918e-17
of the beales,-9.280770596475918e-17
be too,-9.280770596475918e-17
and work,-9.324138683375338e-17
exploration of the,-9.367506770274758e-17
of life,-9.367506770274758e-17
world the,-9.367506770274758e-17
romance and,-9.367506770274758e-17
excessive,-9.367506770274758e-17
exorcist,-9.367506770274758e-17
can be seen,-9.367506770274758e-17
be seen,-9.367506770274758e-17
and occasional,-9.367506770274758e-17
but also,-9.367506770274758e-17
eye,-9.367506770274758e-17
worth watching,-9.367506770274758e-17
the character,-9.378348791999613e-17
of themes,-9.454242944073599e-17
natural,-9.454242944073599e-17
convoluted,-9.454242944073599e-17
of themes such,-9.454242944073599e-17
and heavy handed,-9.519295074422729e-17
small town,-9.540979117872439e-17
acting,-9.540979117872439e-17
and performances particularly,-9.540979117872439e-17
obsession,-9.540979117872439e-17
celebratory,-9.540979117872439e-17
but some critics,-9.584347204771859e-17
commentary on,-9.627715291671279e-17
the other,-9.627715291671279e-17
positive with,-9.627715291671279e-17
hollywood,-9.6710833785707e-17
is not particularly,-9.71445146547012e-17
film is considered,-9.71445146547012e-17
showcasing his,-9.71445146547012e-17
farce,-9.71445146547012e-17
seen,-9.71445146547012e-17
marred by,-9.71445146547012e-17
marred,-9.71445146547012e-17
noir,-9.71445146547012e-17
act,-9.71445146547012e-17
considered disappointing,-9.71445146547012e-17
involving,-9.75781955236954e-17
fun and,-9.80118763926896e-17
found the,-9.80118763926896e-17
and intimate,-9.80118763926896e-17
the talents of,-9.80118763926896e-17
moving portrayal,-9.8879238130678e-17
movie has some,-9.8879238130678e-17
achievement,-9.8879238130678e-17
women,-9.8879238130678e-17
and moving portrayal,-9.8879238130678e-17
moving portrayal of,-9.8879238130678e-17
mention that,-9.8879238130678e-17
while others appreciated,-9.919094625526759e-17
native,-9.921805130957972e-17
watching,-9.93129189996722e-17
rather than,-9.974659986866641e-17
script,-1.0061396160665481e-16
even calling it,-1.0061396160665481e-16
discovery,-1.0061396160665481e-16
is described as,-1.0061396160665481e-16
quotes,-1.0061396160665481e-16
even calling,-1.0061396160665481e-16
self discovery,-1.0061396160665481e-16
to be too,-1.0104764247564901e-16
general,-1.0104764247564901e-16
it one of,-1.0148132334464322e-16
panning the film,-1.0191500421363742e-16
achievements,-1.0234868508263162e-16
high,-1.0234868508263162e-16
from the,-1.0234868508263162e-16
it may,-1.0321604682062002e-16
few reviewers mention,-1.0354130747236567e-16
general consensus,-1.0364972768961422e-16
the general,-1.0364972768961422e-16
general consensus is,-1.0364972768961422e-16
the general consensus,-1.0364972768961422e-16
action thriller,-1.0408340855860843e-16
film as,-1.0408340855860843e-16
youth,-1.0408340855860843e-16
losing,-1.0408340855860843e-16
the second,-1.0408340855860843e-16
and emotionally,-1.0408340855860843e-16
failing to,-1.0408340855860843e-16
atwater,-1.0408340855860843e-16
finding it to,-1.0408340855860843e-16
failing,-1.0408340855860843e-16
some redeeming qualities,-1.0495077029659683e-16
poorly made,-1.0495077029659683e-16
some redeeming,-1.0495077029659683e-16
high school,-1.0581813203458523e-16
on the film,-1.0581813203458523e-16
simplistic and lacking,-1.0625181290357943e-16
exploration,-1.0625181290357943e-16
particularly the,-1.0663128366394936e-16
veering,-1.0755285551056204e-16
it is ultimately,-1.0755285551056204e-16
affected,-1.0755285551056204e-16
for the documentary,-1.0755285551056204e-16
chemistry,-1.0755285551056204e-16
the documentary is,-1.0755285551056204e-16
some reviewers found,-1.0755285551056204e-16
perspective on,-1.0755285551056204e-16
of energy,-1.0755285551056204e-16
unique and,-1.0755285551056204e-16
little,-1.0755285551056204e-16
atmosphere,-1.0755285551056204e-16
dialogue and,-1.0755285551056204e-16
bold and,-1.0755285551056204e-16
special is,-1.0755285551056204e-16
making the,-1.0755285551056204e-16
intense,-1.0842021724855044e-16
even,-1.0842021724855044e-16
topp,-1.0928757898653885e-16
contrived,-1.0928757898653885e-16
although,-1.0928757898653885e-16
and for,-1.0928757898653885e-16
reviewers note that,-1.0928757898653885e-16
tribute to,-1.0928757898653885e-16
is documentary about,-1.1015494072452725e-16
theater,-1.1015494072452725e-16
with many critics,-1.1058862159352145e-16
artist,-1.1102230246251565e-16
have,-1.1102230246251565e-16
cagney,-1.1102230246251565e-16
overly,-1.1102230246251565e-16
is heartwarming,-1.1102230246251565e-16
collection,-1.1102230246251565e-16
commended for,-1.1102230246251565e-16
made,-1.1102230246251565e-16
single,-1.1102230246251565e-16
opinions about,-1.1102230246251565e-16
collection of,-1.1102230246251565e-16
however it,-1.1102230246251565e-16
world,-1.1102230246251565e-16
critics appreciate,-1.1102230246251565e-16
the horror,-1.1145598333150986e-16
that has,-1.1188966420050406e-16
overly sentimental,-1.1275702593849246e-16
captures,-1.1275702593849246e-16
from its,-1.1302807648161384e-16
long,-1.1319070680748666e-16
less,-1.1449174941446927e-16
delightful,-1.1449174941446927e-16
some critics have,-1.1449174941446927e-16
explores the impact,-1.1449174941446927e-16
may not be,-1.1449174941446927e-16
dean,-1.1449174941446927e-16
second,-1.1449174941446927e-16
calling it,-1.1449174941446927e-16
the film as,-1.1449174941446927e-16
clichéd,-1.1449174941446927e-16
overall the,-1.1449174941446927e-16
their,-1.1492543028346347e-16
reviewers found,-1.1535911115245767e-16
dramatic,-1.1622647289044608e-16
part,-1.1622647289044608e-16
many reviewers,-1.1622647289044608e-16
many critics panning,-1.1709383462843448e-16
overwhelmingly negative with,-1.1709383462843448e-16
contains reviews,-1.1796119636642288e-16
it must,-1.1796119636642288e-16
text contains reviews,-1.1796119636642288e-16
the performances particularly,-1.1796119636642288e-16
plot,-1.1796119636642288e-16
critics panning the,-1.1882855810441129e-16
critics panning,-1.1882855810441129e-16
panning,-1.1882855810441129e-16
panning the,-1.1882855810441129e-16
of water,-1.196959198423997e-16
adaptation,-1.196959198423997e-16
nerds,-1.196959198423997e-16
the script,-1.205632815803881e-16
the beales,-1.214306433183765e-16
more like,-1.214306433183765e-16
and thought,-1.214306433183765e-16
ability to,-1.214306433183765e-16
is described,-1.214306433183765e-16
negative with,-1.214306433183765e-16
but the film,-1.214306433183765e-16
beales,-1.214306433183765e-16
male psychology,-1.231653667943533e-16
while others criticize,-1.231653667943533e-16
tone is,-1.231653667943533e-16
male psychology and,-1.231653667943533e-16
worthington,-1.240327285323417e-16
negative with many,-1.240327285323417e-16
movement,-1.240327285323417e-16
inconsistent veering,-1.249000902703301e-16
is must,-1.249000902703301e-16
pleasant,-1.249000902703301e-16
study,-1.249000902703301e-16
focuses,-1.249000902703301e-16
also,-1.249000902703301e-16
that explores,-1.249000902703301e-16
various opinions,-1.249000902703301e-16
critics have criticized,-1.249000902703301e-16
over the,-1.249000902703301e-16
one,-1.249000902703301e-16
old,-1.2663481374630692e-16
redeeming qualities,-1.2750217548429532e-16
look,-1.2836953722228372e-16
pacing,-1.2836953722228372e-16
some,-1.2836953722228372e-16
that explores the,-1.2836953722228372e-16
too much,-1.2836953722228372e-16
is an,-1.2923689896027213e-16
focus on,-1.3183898417423734e-16
visual style,-1.3183898417423734e-16
finding,-1.3183898417423734e-16
murder,-1.3183898417423734e-16
discusses,-1.3183898417423734e-16
note that,-1.3183898417423734e-16
reviewers mention that,-1.3197450944579803e-16
film is criticized,-1.32164244825983e-16
they praise,-1.3270634591222574e-16
lead actors,-1.3270634591222574e-16
conventional,-1.3270634591222574e-16
and that it,-1.3357370765021415e-16
and poorly,-1.3357370765021415e-16
beautiful and,-1.3357370765021415e-16
the original,-1.3530843112619095e-16
moving,-1.3530843112619095e-16
suspense,-1.3530843112619095e-16
redeeming,-1.3530843112619095e-16
films and,-1.3530843112619095e-16
see,-1.3530843112619095e-16
more,-1.3530843112619095e-16
with focus on,-1.3704315460216776e-16
exploration of,-1.3704315460216776e-16
may be,-1.3747683547116196e-16
new,-1.3877787807814457e-16
reviews and,-1.3877787807814457e-16
being,-1.3877787807814457e-16
the text discusses,-1.3877787807814457e-16
text discusses,-1.3877787807814457e-16
suitable,-1.3942839938163587e-16
personalities,-1.3964523981613297e-16
social,-1.4051260155412137e-16
is criticized for,-1.4224732503009818e-16
reviewers mention,-1.43196001931023e-16
couple,-1.43982048506075e-16
wilson,-1.43982048506075e-16
been,-1.457167719820518e-16
critics have,-1.457167719820518e-16
may,-1.474514954580286e-16
movie the,-1.474514954580286e-16
christmas,-1.474514954580286e-16
with many reviewers,-1.48318857196017e-16
however the,-1.491862189340054e-16
reviewers praising,-1.491862189340054e-16
the impact of,-1.491862189340054e-16
heat,-1.491862189340054e-16
healing,-1.491862189340054e-16
that may,-1.491862189340054e-16
impact of,-1.491862189340054e-16
it one,-1.5005358067199381e-16
are mixed but,-1.5092094240998222e-16
leads,-1.5092094240998222e-16
mixed but,-1.5092094240998222e-16
dated and,-1.5265566588595902e-16
the film may,-1.5265566588595902e-16
use,-1.5265566588595902e-16
film may,-1.5265566588595902e-16
charm,-1.5265566588595902e-16
gangster,-1.5265566588595902e-16
performance by,-1.5265566588595902e-16
shallow,-1.5265566588595902e-16
reviews are mixed,-1.5352302762394743e-16
the quotes,-1.5439038936193583e-16
reviews are overwhelmingly,-1.5612511283791264e-16
interviews,-1.5612511283791264e-16
qualities,-1.5785983631388945e-16
well made,-1.5894403848637495e-16
reviewers found the,-1.5916087892087205e-16
text primarily,-1.5959455978986625e-16
while others,-1.5959455978986625e-16
to deliver,-1.5959455978986625e-16
it for,-1.5959455978986625e-16
primarily discusses the,-1.5959455978986625e-16
incomplete,-1.5959455978986625e-16
praising the,-1.5959455978986625e-16
poor,-1.5959455978986625e-16
reviews suggest that,-1.6132928326584306e-16
the film tone,-1.6306400674181987e-16
for fans of,-1.6306400674181987e-16
note that the,-1.6306400674181987e-16
film tone,-1.6306400674181987e-16
those,-1.6479873021779667e-16
portrayal of the,-1.6653345369377348e-16
critics find the,-1.6653345369377348e-16
others criticize its,-1.6653345369377348e-16
in the,-1.700029006457271e-16
ali,-1.700029006457271e-16
of character,-1.700029006457271e-16
emotionally,-1.717376241217039e-16
movie has,-1.717376241217039e-16
criticize its,-1.717376241217039e-16
the movie has,-1.717376241217039e-16
standout,-1.734723475976807e-16
modern,-1.734723475976807e-16
been praised for,-1.734723475976807e-16
to,-1.7520707107365752e-16
chemistry between,-1.7694179454963432e-16
compared,-1.7824283715661693e-16
focusing,-1.8041124150158794e-16
than,-1.8041124150158794e-16
showcases,-1.8041124150158794e-16
overall,-1.8388068845354155e-16
fields,-1.8388068845354155e-16
mention that the,-1.8561541192951836e-16
humor,-1.8735013540549517e-16
mixed reviews,-1.8735013540549517e-16
film to be,-1.8735013540549517e-16
the director,-1.8735013540549517e-16
is praised but,-1.9081958235744878e-16
critics find,-1.9081958235744878e-16
cop,-1.9081958235744878e-16
critics praising,-1.9081958235744878e-16
the performances of,-1.9081958235744878e-16
overall the reviews,-1.9233746539892849e-16
explores,-1.942890293094024e-16
overwhelmingly negative,-1.942890293094024e-16
that,-1.942890293094024e-16
contains reviews and,-1.942890293094024e-16
contains,-1.942890293094024e-16
various opinions and,-1.942890293094024e-16
stereotypes and,-1.960237527853792e-16
film to,-1.97758476261356e-16
few,-1.9873425821659296e-16
is considered,-2.0036056147532122e-16
in its,-2.0122792321330962e-16
feeling,-2.0122792321330962e-16
performances of,-2.0122792321330962e-16
documentary is,-2.0122792321330962e-16
it to,-2.0122792321330962e-16
must see,-2.0469737016526324e-16
performances,-2.0816681711721685e-16
known for its,-2.0816681711721685e-16
the performances,-2.0816681711721685e-16
documentary,-2.0816681711721685e-16
about,-2.0816681711721685e-16
are,-2.0903417885520525e-16
positive,-2.0990154059319366e-16
suggest that,-2.1163626406917047e-16
praising the film,-2.1423834928313568e-16
it has,-2.1445518971763278e-16
lives,-2.1510571102112408e-16
must,-2.1510571102112408e-16
ability,-2.1510571102112408e-16
kevin costner,-2.1510571102112408e-16
between the,-2.181414771040835e-16
original,-2.185751579730777e-16
others,-2.203098814490545e-16
collection of quotes,-2.203098814490545e-16
of quotes,-2.203098814490545e-16
the reviews suggest,-2.203098814490545e-16
for the movie,-2.220446049250313e-16
known for,-2.255140518769849e-16
vision,-2.255140518769849e-16
is compared,-2.2681509448396753e-16
but overall,-2.2724877535296173e-16
provoking,-2.2898349882893854e-16
thought provoking,-2.2898349882893854e-16
few reviewers,-2.3071822230491534e-16
rather,-2.3505503099485736e-16
his,-2.3592239273284576e-16
film that is,-2.42861286636753e-16
experience,-2.42861286636753e-16
reviews suggest,-2.445960101127298e-16
known,-2.463307335887066e-16
chemistry between the,-2.463307335887066e-16
is set,-2.498001805406602e-16
reviews for the,-2.5673907444456745e-16
is also,-2.5673907444456745e-16
of reviews,-2.5673907444456745e-16
particularly,-2.706168622523819e-16
that the,-2.740863092043355e-16
suggest,-2.7582103268031233e-16
is compared to,-2.7972416050126014e-16
the text is,-2.8449465006019636e-16
life of,-2.8796409701215e-16
this,-2.8796409701215e-16
while it,-2.914335439641036e-16
film directed,-2.949029909160572e-16
film directed by,-2.949029909160572e-16
compared to,-3.0205872525446154e-16
director,-3.0531133177191805e-16
and,-3.1582809284502744e-16
film is,-3.2612801348363973e-16
films,-3.365363543395006e-16
portrayal of,-3.469446951953614e-16
with some,-3.5388358909926865e-16
must see for,-3.5735303605122226e-16
see for,-3.5735303605122226e-16
stunning,-3.642919299551295e-16
text is,-3.677613769070831e-16
of reviews for,-3.677613769070831e-16
man,-3.7470027081099033e-16
the reviewers,-3.8163916471489756e-16
thought,-3.9898639947466563e-16
for the,-4.0158848468863084e-16
actors,-4.0245584642661925e-16
the reviews are,-4.102621020685149e-16
reviews are,-4.102621020685149e-16
on the,-4.198030811863873e-16
the reviews,-4.478026022908255e-16
and the,-4.564491146163974e-16
on,-4.649058915617843e-16
that the film,-4.753142324176451e-16
the documentary,-4.926614671774132e-16
of,-4.961309141293668e-16
text is collection,-5.273559366969494e-16
between,-5.412337245047638e-16
the text,-5.412337245047638e-16
collection of reviews,-5.620504062164855e-16
considered,-5.689893001203927e-16
it is,-6.106226635438361e-16
reviews for,-6.175615574477433e-16
with,-6.314393452555578e-16
reviewers,-6.591949208711867e-16
of the,-6.730727086790012e-16
for,-7.494005416219807e-16
while,-7.632783294297951e-16
is collection of,-7.632783294297951e-16
is collection,-7.632783294297951e-16
is,-1.582067810090848e-15
the,-1.691355389077387e-15
